Variable Source,dev1,dev2,dev3,dev4,dev5,dev6,dev7,dev8,dev9,dev10,dev11,dev12,dev13,dev14,dev15,dev16,dev17,Dev 18,Dev 19,Dev 20
"-0,49998722875999979100","0,00000023737763576896","0,00000161646094827198","0,00000126396270201621","0,00000127353107665901","0,00000001176705388301","0,00000059697324431806","0,00000039154482119449","0,00000177639836473652","0,00000300258385213400","0,00000018094897360374","0,00000001213158365208","0,00000297373935611565","0,00000256782164729976","0,00000001086634789614","0,00000145427558170130","0,00000112234235084239","0,00000117374810802897","0,00000038276492440607","0,00000269897006444501","0,00000131139669217494"
"-0,49798330325792361500","0,00000023729313245058","0,00000161371302353894","0,00000126124704275958","0,00000127102032893104","0,00000001173070426130","0,00000059552165932442","0,00000039066348295432","0,00000177344732193744","0,00000299897819868419","0,00000018069628999857","0,00000001205241109036","0,00000296793475062032","0,00000256344581423429","0,00000001085320271864","0,00000145299830995049","0,00000112513440677758","0,00000117090154579462","0,00000038181197560013","0,00000269448070204172","0,00000130916193381618"
"-0,49597937775584749500","0,00000023719061400580","0,00000161093115713656","0,00000125851475677351","0,00000126849006868656","0,00000001169654646982","0,00000059407125025093","0,00000038977842039808","0,00000177045606783608","0,00000299531973289529","0,00000018042907361099","0,00000001197724498570","0,00000296213430875046","0,00000255903130419328","0,00000001084243196052","0,00000145166258655546","0,00000112785082232981","0,00000116804794616499","0,00000038087307908126","0,00000268992280962876","0,00000130688457596238"
"-0,49397545225377131900","0,00000023707008043461","0,00000160811534906485","0,00000125576584405802","0,00000126594029592559","0,00000001166458050857","0,00000059262201709760","0,00000038888963352576","0,00000176742460243244","0,00000299160845476729","0,00000018014732444101","0,00000001190608533810","0,00000295633803050607","0,00000255457811717672","0,00000001083403562177","0,00000145026841151622","0,00000113049159749906","0,00000116518730914006","0,00000037994823484944","0,00000268529638720613","0,00000130456461861353"
"-0,49197152675169519800","0,00000023693153173702","0,00000160526559932380","0,00000125300030461310","0,00000126337101064811","0,00000001163480637755","0,00000059117395986443","0,00000038799712233737","0,00000176435292572651","0,00000298784436430020","0,00000017985104248863","0,00000001183893214754","0,00000295054591588714","0,00000255008625318462","0,00000001082801370240","0,00000144881578483275","0,00000113305673228534","0,00000116231963471984","0,00000037903744290467","0,00000268060143477383","0,00000130220206176964"
"-0,48996760124961902200","0,00000023677496791303","0,00000160238190791341","0,00000125021813843875","0,00000126078221285414","0,00000001160722407675","0,00000058972707855142","0,00000038710088683291","0,00000176124103771831","0,00000298402746149400","0,00000017954022775384","0,00000001177578541404","0,00000294475796489369","0,00000254555571221698","0,00000001082436620240","0,00000144730470650507","0,00000113554622668865","0,00000115944492290433","0,00000037814070324697","0,00000267583795233187","0,00000129979690543072"
"-0,48796367574754284600","0,00000023660038896263","0,00000159946427483369","0,00000124741934553498","0,00000125817390254366","0,00000001158183360618","0,00000058828137315857","0,00000038620092701237","0,00000175808893840782","0,00000298015774634872","0,00000017921488023665","0,00000001171664513759","0,00000293897417752570","0,00000254098649427379","0,00000001082309312178","0,00000144573517653317","0,00000113796008070899","0,00000115656317369353","0,00000037725801587633","0,00000267100593988023","0,00000129734914959675"
"-0,48595975024546672600","0,00000023640779488583","0,00000159651270008463","0,00000124460392590177","0,00000125554607971669","0,00000001155863496584","0,00000058683684368588","0,00000038529724287576","0,00000175489662779505","0,00000297623521886433","0,00000017887499993706","0,00000001166151131819","0,00000293319455378318","0,00000253637859935506","0,00000001082419446053","0,00000144410719491705","0,00000114029829434636","0,00000115367438708745","0,00000037638938079274","0,00000266610539741893","0,00000129485879426773"
"-0,48395582474339055000","0,00000023619718568263","0,00000159352718366623","0,00000124177187953914","0,00000125289874437321","0,00000001153762815573","0,00000058539349013335","0,00000038438983442307","0,00000175166410587999","0,00000297225987904085","0,00000017852058685506","0,00000001161038395584","0,00000292741909366612","0,00000253173202746079","0,00000001082767021865","0,00000144242076165671","0,00000114256086760076","0,00000115077856308607","0,00000037553479799621","0,00000266113632494795","0,00000129232583944368"
"-0,48195189924131443000","0,00000023596856135302","0,00000159050772557850","0,00000123892320644708","0,00000125023189651323","0,00000001151881317584","0,00000058395131250098","0,00000038347870165431","0,00000174839137266266","0,00000296823172687827","0,00000017815164099067","0,00000001156326305055","0,00000292164779717454","0,00000252704677859097","0,00000001083352039615","0,00000144067587675215","0,00000114474780047218","0,00000114787570168940","0,00000037469426748674","0,00000265609872246731","0,00000128975028512459"
"-0,47994797373923825400","0,00000023572192189701","0,00000158745432582144","0,00000123605790662559","0,00000124754553613675","0,00000001150219002618","0,00000058251031078876","0,00000038256384456948","0,00000174507842814304","0,00000296415076237660","0,00000017776816234387","0,00000001152014860230","0,00000291588066430842","0,00000252232285274561","0,00000001084174499302","0,00000143887254020337","0,00000114685909296064","0,00000114496580289743","0,00000037386778926433","0,00000265099258997700","0,00000128713213131045"
"-0,47794404823716213300","0,00000023545726731459","0,00000158436698439503","0,00000123317598007467","0,00000124483966324377","0,00000001148775870675","0,00000058107048499671","0,00000038164526316857","0,00000174172527232113","0,00000296001698553583","0,00000017737015091466","0,00000001148104061111","0,00000291011769506777","0,00000251756024992470","0,00000001085234400927","0,00000143701075201037","0,00000114889474506612","0,00000114204886671018","0,00000037305536332897","0,00000264581792747702","0,00000128447137800127"
"-0,47594012273508595700","0,00000023517459760577","0,00000158124570129929","0,00000123027742679432","0,00000124211427783429","0,00000001147551921755","0,00000057963183512482","0,00000038072295745159","0,00000173833190519695","0,00000295583039635597","0,00000017695760670306","0,00000001144593907698","0,00000290435888945258","0,00000251275897012825","0,00000001086531744489","0,00000143509051217316","0,00000115085475678864","0,00000113912489312764","0,00000037225698968068","0,00000264057473496737","0,00000128176802519705"
"-0,47393619723300978200","0,00000023487391277055","0,00000157809047653421","0,00000122736224678455","0,00000123936937990831","0,00000001146547155858","0,00000057819436117308","0,00000037979692741853","0,00000173489832677048","0,00000295159099483700","0,00000017653052970905","0,00000001141484399989","0,00000289860424746287","0,00000250791901335626","0,00000001088066529989","0,00000143311182069172","0,00000115273912812818","0,00000113619388214981","0,00000037147266831944","0,00000263526301244805","0,00000127902207289779"
"-0,47193227173093366100","0,00000023455521280892","0,00000157490131009980","0,00000122443044004535","0,00000123660496946583","0,00000001145761572983","0,00000057675806314151","0,00000037886717306940","0,00000173142453704173","0,00000294729878097894","0,00000017608891993263","0,00000001138775537986","0,00000289285376909862","0,00000250304037960872","0,00000001089838757426","0,00000143107467756607","0,00000115454785908475","0,00000113325583377668","0,00000037070239924526","0,00000262988275991906","0,00000127623352110349"
"-0,46992834622885748500","0,00000023421849772089","0,00000157167820199605","0,00000122148200657672","0,00000123382104650684","0,00000001145195173131","0,00000057532294103010","0,00000037793369440419","0,00000172791053601070","0,00000294295375478179","0,00000017563277737382","0,00000001136467321687","0,00000288710745435984","0,00000249812306888564","0,00000001091848426801","0,00000142897908279620","0,00000115628094965835","0,00000113031074800827","0,00000036994618245814","0,00000262443397738041","0,00000127340236981415"
"-0,46792442072678136500","0,00000023386376750645","0,00000156842115222297","0,00000121851694637866","0,00000123101761103136","0,00000001144847956302","0,00000057388899483884","0,00000037699649142291","0,00000172435632367738","0,00000293855591624554","0,00000017516210203260","0,00000001134559751094","0,00000288136530324653","0,00000249316708118702","0,00000001094095538112","0,00000142682503638211","0,00000115793839984898","0,00000112735862484456","0,00000036920401795808","0,00000261891666483208","0,00000127052861902976"
"-0,46592049522470518900","0,00000023349102216562","0,00000156513016078054","0,00000121553525945117","0,00000122819466303937","0,00000001144719922495","0,00000057245622456775","0,00000037605556412556","0,00000172076190004179","0,00000293410526537019","0,00000017467689390898","0,00000001133052826206","0,00000287562731575868","0,00000248817241651285","0,00000001096580091362","0,00000142461253832380","0,00000115952020965664","0,00000112439946428557","0,00000036847590574507","0,00000261333082227409","0,00000126761226875033"
"-0,46391656972262901300","0,00000023310026169837","0,00000156180522766879","0,00000121253694579426","0,00000122535220253089","0,00000001144811071712","0,00000057102463021681","0,00000037511091251213","0,00000171712726510391","0,00000292960180215575","0,00000017417715300296","0,00000001131946547024","0,00000286989349189631","0,00000248313907486314","0,00000001099302086549","0,00000142234158862127","0,00000116102637908133","0,00000112143326633128","0,00000036776184581913","0,00000260767644970643","0,00000126465331897587"
"-0,46191264422055289300","0,00000023269148610473","0,00000155844635288769","0,00000120952200540791","0,00000122249022950590","0,00000001145121403951","0,00000056959421178603","0,00000037416253658262","0,00000171345241886374","0,00000292504552660220","0,00000017366287931453","0,00000001131240913547","0,00000286416383165940","0,00000247806705623788","0,00000001102261523673","0,00000142001218727452","0,00000116245690812305","0,00000111846003098171","0,00000036706183818024","0,00000260195354712910","0,00000126165176970636"
"-0,45990871871847671700","0,00000023226469538468","0,00000155505353643726","0,00000120649043829214","0,00000121960874396442","0,00000001145650919213","0,00000056816496927542","0,00000037321043633705","0,00000170973736132130","0,00000292043643870957","0,00000017313407284370","0,00000001130935925774","0,00000285843833504796","0,00000247295636063708","0,00000001105458402734","0,00000141762433428356","0,00000116381179678180","0,00000111547975823684","0,00000036637588282841","0,00000259616211454209","0,00000125860762094180"
"-0,45790479321640059600","0,00000023181988953823","0,00000155162677831750","0,00000120344224444694","0,00000121670774590643","0,00000001146399617497","0,00000056673690268496","0,00000037225461177539","0,00000170598209247657","0,00000291577453847784","0,00000017259073359047","0,00000001131031583707","0,00000285271700206198","0,00000246780698806074","0,00000001108892723734","0,00000141517802964837","0,00000116509104505757","0,00000111249244809668","0,00000036570397976364","0,00000259030215194543","0,00000125552087268221"
"-0,45590086771432442000","0,00000023135706856537","0,00000154816607852839","0,00000120037742387231","0,00000121378723533194","0,00000001147367498805","0,00000056531001201466","0,00000037129506289767","0,00000170218661232956","0,00000291105982590701","0,00000017203286155483","0,00000001131527887346","0,00000284699983270148","0,00000246261893850885","0,00000001112564486670","0,00000141267327336897","0,00000116629465295038","0,00000110949810056123","0,00000036504612898592","0,00000258437365933909","0,00000125239152492758"
"-0,45389694221224824400","0,00000023087623246611","0,00000154467143706995","0,00000119729597656826","0,00000121084721224095","0,00000001148554563135","0,00000056388429726452","0,00000037033178970387","0,00000169835092088027","0,00000290629230099708","0,00000017146045673679","0,00000001132424836689","0,00000284128682696644","0,00000245739221198142","0,00000001116473691544","0,00000141011006544535","0,00000116742262046021","0,00000110649671563049","0,00000036440233049527","0,00000257837663672308","0,00000124921957767790"
"-0,45189301671017212400","0,00000023037738124044","0,00000154114285394218","0,00000119419790253477","0,00000120788767663346","0,00000001149960810488","0,00000056245975843455","0,00000036936479219399","0,00000169447501812869","0,00000290147196374806","0,00000017087351913635","0,00000001133722431738","0,00000283557798485687","0,00000245212680847844","0,00000001120620338355","0,00000140748840587751","0,00000116847494758707","0,00000110348829330446","0,00000036377258429167","0,00000257231108409740","0,00000124600503093319"
"-0,44988909120809594800","0,00000022987049703870","0,00000153759458945781","0,00000119108433528226","0,00000120491671617384","0,00000001151433393787","0,00000056103258046815","0,00000036839400307566","0,00000169057092475930","0,00000289661003626286","0,00000017027938005465","0,00000001135177994946","0,00000282983470910914","0,00000244682544017066","0,00000001124704269560","0,00000140483175199384","0,00000116948464722713","0,00000110047221896127","0,00000036314262642309","0,00000256619750666503","0,00000124276601342174"
"-0,44788516570601982800","0,00000022936556201121","0,00000153404090392961","0,00000118795640832112","0,00000120194241852644","0,00000001152819465955","0,00000055959894830878","0,00000036741935505649","0,00000168665066145655","0,00000289171774064439","0,00000016968537079284","0,00000001136548848767","0,00000282401840245962","0,00000244149081922882","0,00000001128425327615","0,00000140216356112272","0,00000117048473227657","0,00000109744787797905","0,00000036249819293747","0,00000256005640962891","0,00000123952065387190"
"-0,44588124020394365200","0,00000022886257615797","0,00000153048179735756","0,00000118481412165134","0,00000119896478369128","0,00000001154119026991","0,00000055815886195642","0,00000036644084813649","0,00000168271422822045","0,00000288679507689266","0,00000016909149135092","0,00000001137834993201","0,00000281812906490832","0,00000243612294565291","0,00000001131783512519","0,00000139948383326416","0,00000117147520273537","0,00000109441527035780","0,00000036183928383483","0,00000255388779298906","0,00000123626895228364"
"-0,44387731470186753100","0,00000022836153947897","0,00000152691726974167","0,00000118165747527293","0,00000119598381166835","0,00000001155332076897","0,00000055671232141108","0,00000036545848231564","0,00000167876162505100","0,00000288184204500767","0,00000016849774172888","0,00000001139036428248","0,00000281216669645523","0,00000243072181944293","0,00000001134778824273","0,00000139679256841816","0,00000117245605860354","0,00000109137439609752","0,00000036116589911516","0,00000254769165674548","0,00000123301090865699"
"-0,44187338919979135500","0,00000022786245197423","0,00000152334732108194","0,00000117848646918589","0,00000119299950245765","0,00000001156458615672","0,00000055525932667276","0,00000036447225759395","0,00000167479285194819","0,00000287685864498942","0,00000016790412192674","0,00000001140153153909","0,00000280613129710035","0,00000242528744059888","0,00000001137411262876","0,00000139408976658472","0,00000117342729988108","0,00000108832525519822","0,00000036047803877846","0,00000254146800089816","0,00000122974652299192"
"-0,43986946369771517900","0,00000022736531364373","0,00000151977195137837","0,00000117530110339022","0,00000119001185605917","0,00000001157498643315","0,00000055379987774145","0,00000036348217397143","0,00000167080790891203","0,00000287184487683790","0,00000016731063194448","0,00000001141185170182","0,00000280002286684369","0,00000241981980912077","0,00000001139680828329","0,00000139137542776383","0,00000117438892656799","0,00000108526784765988","0,00000035977570282473","0,00000253521682544710","0,00000122647579528845"
"-0,43786553819563905900","0,00000022687012448748","0,00000151619116063096","0,00000117210137788592","0,00000118702087247293","0,00000001158452159828","0,00000055233397461715","0,00000036248823144806","0,00000166680679594252","0,00000286680074055312","0,00000016671727178210","0,00000001142132477069","0,00000279384140568525","0,00000241431892500860","0,00000001141587520631","0,00000138864955195550","0,00000117534093866426","0,00000108220217348251","0,00000035905889125397","0,00000252893813039231","0,00000122319872554657"
"-0,43586161269356288300","0,00000022637688450548","0,00000151260494883970","0,00000116888729267299","0,00000118402655169892","0,00000001159319165209","0,00000055086161729988","0,00000036149043002386","0,00000166278951303966","0,00000286172623613508","0,00000016612404143962","0,00000001142995074569","0,00000278758691362501","0,00000240878478826236","0,00000001143131339783","0,00000138591213915972","0,00000117628333616991","0,00000107912823266611","0,00000035832760406619","0,00000252263191573378","0,00000121991531376629"
"-0,43385768719148676300","0,00000022588559369773","0,00000150901331600461","0,00000116565884775142","0,00000118102889373714","0,00000001160099659459","0,00000054938280578962","0,00000036048876969882","0,00000165875606020344","0,00000285662136358378","0,00000016553094091702","0,00000001143772962682","0,00000278125939066299","0,00000240321739888205","0,00000001144312285785","0,00000138316318937651","0,00000117721611908493","0,00000107604602521068","0,00000035758184126137","0,00000251629818147152","0,00000121662555994760"
"-0,43185376168941058700","0,00000022539625206423","0,00000150541626212567","0,00000116241604312122","0,00000117802789858759","0,00000001160793642579","0,00000054789754008637","0,00000035948325047294","0,00000165470643743386","0,00000285148612289921","0,00000016493797021431","0,00000001144466141409","0,00000277485883679919","0,00000239761675686768","0,00000001145130358636","0,00000138040270260584","0,00000117813928740931","0,00000107295555111623","0,00000035682160283952","0,00000250993692760552","0,00000121332946409051"
"-0,42984983618733441100","0,00000022490885960498","0,00000150181378720289","0,00000115915887878240","0,00000117502356625027","0,00000001161401114567","0,00000054640582019015","0,00000035847387234622","0,00000165064064473094","0,00000284632051408138","0,00000016434512933149","0,00000001145074610748","0,00000276838525203360","0,00000239198286221924","0,00000001145585558337","0,00000137763067884774","0,00000117905284114307","0,00000106985681038274","0,00000035604688880064","0,00000250354815413579","0,00000121002702619501"
"-0,42784591068525829000","0,00000022442341631998","0,00000149820589123627","0,00000115588735473494","0,00000117201589672518","0,00000001161922075424","0,00000054490764610094","0,00000035746063531866","0,00000164655868209466","0,00000284112453713029","0,00000016375241826855","0,00000001145598370701","0,00000276183863636622","0,00000238631571493673","0,00000001145677884887","0,00000137484711810219","0,00000117995678028619","0,00000106674980301022","0,00000035525769914474","0,00000249713186106232","0,00000120671824626110"
"-0,42584198518318211400","0,00000022393992220923","0,00000149459257422581","0,00000115260147097885","0,00000116900489001232","0,00000001162356525151","0,00000054340301781874","0,00000035644353939026","0,00000164246054952502","0,00000283589819204593","0,00000016315983702551","0,00000001146037421267","0,00000275521898979706","0,00000238061531502016","0,00000001145407338287","0,00000137205202036920","0,00000118085110483869","0,00000106363452899868","0,00000035445403387180","0,00000249068804838511","0,00000120340312428879"
"-0,42383805968110599400","0,00000022345837727272","0,00000149097383617151","0,00000114930122751413","0,00000116599054611169","0,00000001162704463746","0,00000054189193534356","0,00000035542258456103","0,00000163834624702204","0,00000283064147882831","0,00000016256738560235","0,00000001146391762446","0,00000274852631232611","0,00000237488166246953","0,00000001144773918537","0,00000136924538564877","0,00000118173581480055","0,00000106051098834810","0,00000035363589298184","0,00000248421671610417","0,00000120008166027807"
"-0,42183413417902981800","0,00000022297878151047","0,00000148734967707336","0,00000114598662434077","0,00000116297286502330","0,00000001162965891210","0,00000054037439867540","0,00000035439777083095","0,00000163421577458570","0,00000282535439747743","0,00000016197506399908","0,00000001146661394238","0,00000274176060395338","0,00000236911475728483","0,00000001143777625636","0,00000136642721394089","0,00000118261091017178","0,00000105737918105849","0,00000035280327647485","0,00000247771786421950","0,00000119675385422894"
"-0,41983020867695369800","0,00000022250113492246","0,00000148372009693138","0,00000114265766145879","0,00000115995184674713","0,00000001163140807543","0,00000053885040781425","0,00000035336909820004","0,00000163006913221601","0,00000282003694799328","0,00000016138287221569","0,00000001146846316643","0,00000273492186467885","0,00000236331459946606","0,00000001142418459585","0,00000136359750524557","0,00000118347639095239","0,00000105423910712986","0,00000035195618435082","0,00000247119149273109","0,00000119341970614141"
"-0,41782628317487752200","0,00000022202543750871","0,00000148008509574555","0,00000113931433886817","0,00000115692749128319","0,00000001163229212745","0,00000053731996276012","0,00000035233656666829","0,00000162590631991296","0,00000281468913037587","0,00000016079081025220","0,00000001146946529662","0,00000272801009450255","0,00000235748118901322","0,00000001140696420383","0,00000136075625956280","0,00000118433225714236","0,00000105109076656219","0,00000035109461660977","0,00000246463760163894","0,00000119007921601547"
"-0,41582235767280134600","0,00000022155168926920","0,00000147644467351588","0,00000113595665656892","0,00000115389979863149","0,00000001163231106816","0,00000053578306351301","0,00000035130017623570","0,00000162172733767656","0,00000280931094462520","0,00000016019887810859","0,00000001146962033293","0,00000272102529342445","0,00000235161452592632","0,00000001138611508031","0,00000135790347689259","0,00000118517850874170","0,00000104793415935550","0,00000035021857325169","0,00000245805619094306","0,00000118673238385113"
"-0,41381843217072522500","0,00000022107989020394","0,00000147279883024237","0,00000113258461456105","0,00000115086876879201","0,00000001163146489756","0,00000053423971007291","0,00000035025992690227","0,00000161753218550681","0,00000280390239074127","0,00000015960707578487","0,00000001146892827538","0,00000271396746144458","0,00000234571461020536","0,00000001136163722529","0,00000135503915723494","0,00000118601514575041","0,00000104476928550977","0,00000034932805427658","0,00000245144726064344","0,00000118337920964838"
"-0,41181450666864905000","0,00000022061004031293","0,00000146914756592502","0,00000112919821284454","0,00000114783440176477","0,00000001162975361565","0,00000053268990243983","0,00000034921581866800","0,00000161332086340371","0,00000279846346872407","0,00000015901540328103","0,00000001146738912396","0,00000270683659856291","0,00000233978144185033","0,00000001133353063876","0,00000135216330058985","0,00000118684216816849","0,00000104159614502502","0,00000034842305968444","0,00000244481081074009","0,00000118001969340723"
"-0,40981058116657292900","0,00000022014213959617","0,00000146549088056383","0,00000112579745141939","0,00000114479669754975","0,00000001162717722242","0,00000053113364061377","0,00000034816785153289","0,00000160909337136725","0,00000279299417857361","0,00000015842386059709","0,00000001146500287867","0,00000269963270477946","0,00000233381502086123","0,00000001130179532073","0,00000134927590695731","0,00000118765957599594","0,00000103841473790124","0,00000034750358947527","0,00000243814684123300","0,00000117665383512767"
"-0,40780665566449675300","0,00000021967618805366","0,00000146182877415879","0,00000112238233028562","0,00000114175565614697","0,00000001162373571789","0,00000052957092459472","0,00000034711602549695","0,00000160484970939744","0,00000278749452028989","0,00000015783244773303","0,00000001146176953951","0,00000269235578009422","0,00000232781534723806","0,00000001126643127119","0,00000134637697633733","0,00000118846736923275","0,00000103522506413842","0,00000034656964364907","0,00000243145535212218","0,00000117328163480970"
"-0,40580273016242057700","0,00000021921218568539","0,00000145816124670991","0,00000111895284944322","0,00000113871127755642","0,00000001161942910205","0,00000052800175438269","0,00000034606034056016","0,00000160058987749427","0,00000278196449387291","0,00000015724116468886","0,00000001145768910649","0,00000268500582450720","0,00000232178242098083","0,00000001122743849015","0,00000134346650872991","0,00000118926554787894","0,00000103202712373658","0,00000034562122220584","0,00000242473634340762","0,00000116990309245333"
"-0,40379880466034445700","0,00000021875013249138","0,00000145448829821720","0,00000111550900889218","0,00000113566356177809","0,00000001161425737489","0,00000052642612997768","0,00000034500079672254","0,00000159631387565775","0,00000277640409932266","0,00000015665001146458","0,00000001145276157959","0,00000267758283801839","0,00000231571624208954","0,00000001118481697760","0,00000134054450413504","0,00000119005411193450","0,00000102882091669571","0,00000034465832514558","0,00000241798981508932","0,00000116651820805855"
"-0,40179487915826828100","0,00000021829002847162","0,00000145080992868064","0,00000111205080863251","0,00000113261250881200","0,00000001160822053643","0,00000052484405137968","0,00000034393739398407","0,00000159202170388788","0,00000277081333663915","0,00000015605898806018","0,00000001144698695883","0,00000267008682062779","0,00000230961681056418","0,00000001113856673355","0,00000133761096255273","0,00000119083306139943","0,00000102560644301580","0,00000034368095246829","0,00000241121576716729","0,00000116312698162536"
"-0,39979095365619216100","0,00000021782978219646","0,00000144712361249052","0,00000110858656248001","0,00000112955204723063","0,00000001160177775867","0,00000052326046580987","0,00000034287254737596","0,00000158771843723902","0,00000276519150082849","0,00000015546716651488","0,00000001144081074636","0,00000266255464355084","0,00000230349598560934","0,00000001109287284366","0,00000133466179960356","0,00000119159759723694","0,00000102238573382640","0,00000034269974112856","0,00000240442080640197","0,00000115972528703991"
"-0,39778702815411598500","0,00000021736730223627","0,00000144342682403712","0,00000110512458425045","0,00000112647610560649","0,00000001159538821364","0,00000052168032048944","0,00000034180867192937","0,00000158340915076555","0,00000275953788689681","0,00000015487361886789","0,00000001143467844432","0,00000265502317800296","0,00000229736562642961","0,00000001105192039357","0,00000133169293090813","0,00000119234292041026","0,00000101916082025703","0,00000034172532808097","0,00000239761153955379","0,00000115630899818831"
"-0,39578310265203980900","0,00000021690258859105","0,00000143971956332043","0,00000110166487394384","0,00000112338468393957","0,00000001158905190132","0,00000052010361541837","0,00000034074576764432","0,00000157909384446746","0,00000275385249484410","0,00000015427834511919","0,00000001142859005273","0,00000264749242398415","0,00000229122573302500","0,00000001101570938330","0,00000132870435646644","0,00000119306903091940","0,00000101593170230770","0,00000034075771332551","0,00000239078796662276","0,00000115287811507059"
"-0,39377917714996368800","0,00000021643564126079","0,00000143600183034047","0,00000109820743156017","0,00000112027778222987","0,00000001158276882173","0,00000051853035059668","0,00000033968383452080","0,00000157477251834475","0,00000274813532467036","0,00000015368134526880","0,00000001142254557157","0,00000263996238149441","0,00000228507630539551","0,00000001098423981283","0,00000132569607627848","0,00000119377592876434","0,00000101269837997839","0,00000033979689686220","0,00000238395008760887","0,00000114943263768672"
"-0,39177525164788751200","0,00000021596646024550","0,00000143227362509723","0,00000109475225709946","0,00000111715540047740","0,00000001157653897486","0,00000051696052602435","0,00000033862287255881","0,00000157044517239743","0,00000274238637637559","0,00000015308261931672","0,00000001141654500086","0,00000263243305053375","0,00000227891734354112","0,00000001095751168218","0,00000132266809034426","0,00000119446361394508","0,00000100946085326911","0,00000033884287869102","0,00000237709790251214","0,00000114597256603672"
"-0,38977132614581139200","0,00000021549504554518","0,00000142853494759070","0,00000109129935056169","0,00000111401753868214","0,00000001157036236071","0,00000051539414170140","0,00000033756288175835","0,00000156611180662549","0,00000273660564995979","0,00000015248216726293","0,00000001141058834059","0,00000262490443110215","0,00000227274884746185","0,00000001093552499134","0,00000131962039866378","0,00000119513208646164","0,00000100621912217987","0,00000033789565881199","0,00000237023141133255","0,00000114249790012059"
"-0,38776740064373521600","0,00000021502139715983","0,00000142478579782089","0,00000108784871194688","0,00000111086419684411","0,00000001156423897929","0,00000051383119762782","0,00000033650386211942","0,00000156177242102893","0,00000273079314542297","0,00000015187998910745","0,00000001140467559076","0,00000261737652319963","0,00000226657081715769","0,00000001091827974030","0,00000131655300123703","0,00000119578134631401","0,00000100297318671066","0,00000033695523722509","0,00000236335061407011","0,00000113900863993832"
"-0,38576347514165909600","0,00000021454551508944","0,00000142102617578781","0,00000108440034125501","0,00000110769537496330","0,00000001155816883058","0,00000051227169380361","0,00000033544581364202","0,00000155742701560776","0,00000272494886276511","0,00000015127608485028","0,00000001139880675137","0,00000260984932682617","0,00000226038325262864","0,00000001090577592908","0,00000131346589806401","0,00000119641139350218","0,00000099972304686148","0,00000033602161393033","0,00000235645551072481","0,00000113550478548991"
"-0,38375954963958292000","0,00000021406739933402","0,00000141725608149144","0,00000108095423848609","0,00000110451107303972","0,00000001155215191460","0,00000051071563022876","0,00000033438873632615","0,00000155307559036197","0,00000271907280198623","0,00000015067045449140","0,00000001139298182242","0,00000260232284198179","0,00000225418615387471","0,00000001089801355767","0,00000131035908914473","0,00000119702222802617","0,00000099646870263233","0,00000033509478892771","0,00000234954610129667","0,00000113198633677536"
"-0,38175562413750674400","0,00000021358704989357","0,00000141347551493179","0,00000107751040364012","0,00000110131129107336","0,00000001154618823134","0,00000050916300690329","0,00000033333263017182","0,00000154871814529156","0,00000271316496308632","0,00000015006309803083","0,00000001138720080391","0,00000259479706866648","0,00000224797952089589","0,00000001089499262607","0,00000130723257447919","0,00000119761384988596","0,00000099321015402322","0,00000033417476221723","0,00000234262238578567","0,00000112845329379468"
"-0,37975169863543062300","0,00000021310446676808","0,00000140968447610886","0,00000107406883671710","0,00000109809602906421","0,00000001154027778080","0,00000050761382382719","0,00000033227749517902","0,00000154435468039653","0,00000270722534606539","0,00000014945401546857","0,00000001138146369584","0,00000258727200688024","0,00000224176335369219","0,00000001089671313428","0,00000130408635406738","0,00000119818625908156","0,00000098994740103413","0,00000033326153379889","0,00000233568436419181","0,00000112490565654787"
"-0,37774777313335444700","0,00000021261964995757","0,00000140588296502264","0,00000107062953771703","0,00000109486528701230","0,00000001153442056299","0,00000050606808100046","0,00000033122333134774","0,00000153998519567689","0,00000270125395092342","0,00000014884320680460","0,00000001137577049822","0,00000257974765662308","0,00000223553765226359","0,00000001090317508230","0,00000130092042790931","0,00000119873945561296","0,00000098668044366508","0,00000033235510367269","0,00000232873203651511","0,00000112134342503492"
"-0,37574384763127832700","0,00000021213259946201","0,00000140207098167315","0,00000106719250663990","0,00000109161906491760","0,00000001152861657789","0,00000050452577842310","0,00000033017013867800","0,00000153560969113263","0,00000269525077766043","0,00000014823067203894","0,00000001137012121103","0,00000257222401789498","0,00000222930241661011","0,00000001091437847013","0,00000129773479600497","0,00000119927343948018","0,00000098340928191606","0,00000033145547183862","0,00000232176540275555","0,00000111776659925583"
"-0,37373992212920215100","0,00000021164331528143","0,00000139824852606038","0,00000106375774348573","0,00000108835736278013","0,00000001152286582552","0,00000050298691609511","0,00000032911791716979","0,00000153122816676376","0,00000268921582627641","0,00000014761641117158","0,00000001136451583428","0,00000256470109069596","0,00000222305764673175","0,00000001093032329777","0,00000129452945835437","0,00000119978821068321","0,00000098013391578707","0,00000033056263829670","0,00000231478446291314","0,00000111417517921060"
"-0,37173599662712597500","0,00000021115179741581","0,00000139441559818432","0,00000106032524825450","0,00000108508018059988","0,00000001151716830587","0,00000050145149401649","0,00000032806666682312","0,00000152684062257027","0,00000268314909677136","0,00000014700042420253","0,00000001135895436798","0,00000255717887502600","0,00000221680334262849","0,00000001095100956522","0,00000129130441495751","0,00000120028376922204","0,00000097685434527811","0,00000032967660304691","0,00000230778921698787","0,00000111056916489924"
"-0,36973207112504985500","0,00000021065804586516","0,00000139057219804498","0,00000105689502094622","0,00000108178751837685","0,00000001151152401894","0,00000049991951218725","0,00000032701638763797","0,00000152244705855216","0,00000267705058914528","0,00000014638271113178","0,00000001135343681212","0,00000254965737088512","0,00000221053950430035","0,00000001097643727249","0,00000128805966581438","0,00000120076011509668","0,00000097357057038918","0,00000032879736608927","0,00000230077966497976","0,00000110694855632175"
"-0,36772814562297367900","0,00000021016206062948","0,00000138671832564237","0,00000105346706156089","0,00000107847937611105","0,00000001150593296474","0,00000049839097060737","0,00000032596707961435","0,00000151804747470943","0,00000267092030339817","0,00000014576327195933","0,00000001134796316669","0,00000254213657827331","0,00000220426613174732","0,00000001100660641956","0,00000128479521092499","0,00000120121724830713","0,00000097028259112029","0,00000032792492742376","0,00000229375580688879","0,00000110331335347812"
"-0,36572422012089755800","0,00000020966384170876","0,00000138285398097647","0,00000105004137009851","0,00000107515575380246","0,00000001150039514325","0,00000049686586927686","0,00000032491874275227","0,00000151364187104209","0,00000266475823953004","0,00000014514210668518","0,00000001134253343171","0,00000253461649719057","0,00000219798322496941","0,00000001104151700644","0,00000128151105028933","0,00000120165516885339","0,00000096699040747143","0,00000032705928705039","0,00000228671764271496","0,00000109966355636835"
"-0,36372029461882138200","0,00000020916338910301","0,00000137897916404729","0,00000104661794655908","0,00000107181665145110","0,00000001149491055449","0,00000049534420819572","0,00000032387137705172","0,00000150923024755013","0,00000265856439754088","0,00000014451921530934","0,00000001133714760717","0,00000252709712763690","0,00000219169078396661","0,00000001108116903314","0,00000127820718390741","0,00000120207387673546","0,00000096369401944260","0,00000032620044496916","0,00000227966517245829","0,00000109599916499245"
"-0,36171636911674520700","0,00000020866070281223","0,00000137509387485483","0,00000104319679094260","0,00000106846206905696","0,00000001148947919845","0,00000049382598736396","0,00000032282498251269","0,00000150481260423356","0,00000265233877743069","0,00000014389459783180","0,00000001133180569307","0,00000251957846961231","0,00000218538880873892","0,00000001112556249964","0,00000127488361177922","0,00000120247337195333","0,00000096039342703380","0,00000032534840118007","0,00000227259839611876","0,00000109232017935041"
"-0,35971244361466908600","0,00000020815578283642","0,00000137119811339909","0,00000103977790324906","0,00000106509200662005","0,00000001148410107513","0,00000049231120678156","0,00000032177955913520","0,00000150038894109236","0,00000264608137919947","0,00000014326825425257","0,00000001132650768941","0,00000251206052311678","0,00000217907729928635","0,00000001117469740595","0,00000127154033390477","0,00000120285365450702","0,00000095708863024503","0,00000032450315568312","0,00000226551731369638","0,00000108862659944223"
"-0,35770851811259291000","0,00000020764862917557","0,00000136729187968006","0,00000103636128347847","0,00000106170646414036","0,00000001147877618454","0,00000049079986644854","0,00000032073510691925","0,00000149595925812655","0,00000263979220284722","0,00000014264018457163","0,00000001132125359619","0,00000250454328815033","0,00000217275625560888","0,00000001122857375208","0,00000126817735028406","0,00000120321472439651","0,00000095377962907630","0,00000032366470847831","0,00000225842192519114","0,00000108491842526792"
"-0,35570459261051679000","0,00000020713924182969","0,00000136337517369776","0,00000103294693163084","0,00000105830544161789","0,00000001147350452666","0,00000048929196636488","0,00000031969162586482","0,00000149152355533613","0,00000263347124837395","0,00000014201038878901","0,00000001131604341341","0,00000249702676471295","0,00000216642567770653","0,00000001128719153802","0,00000126479466091708","0,00000120355658162181","0,00000095046642352759","0,00000032283305956564","0,00000225131223060306","0,00000108119565682747"
"-0,35370066710844061400","0,00000020662762079878","0,00000135944799545218","0,00000102953484770615","0,00000105488893905264","0,00000001146828610151","0,00000048778750653060","0,00000031864911597192","0,00000148708183272108","0,00000262711851577965","0,00000014137886690468","0,00000001131087714108","0,00000248951095280464","0,00000216008556557930","0,00000001135055076376","0,00000126139226580384","0,00000120387922618292","0,00000094714901359892","0,00000032200820894511","0,00000224418822993212","0,00000107745829412089"
"-0,35169674160636449400","0,00000020611376608283","0,00000135551034494331","0,00000102612503170441","0,00000105145695644462","0,00000001146312090908","0,00000048628648694568","0,00000031760757724056","0,00000148263409028142","0,00000262073400506432","0,00000014074561891866","0,00000001130575477918","0,00000248199585242540","0,00000215373591922718","0,00000001141865142932","0,00000125797016494433","0,00000120418265807984","0,00000094382739929028","0,00000032119015661671","0,00000223704992317833","0,00000107370633714817"
"-0,34969281610428831800","0,00000020559536148902","0,00000135156207272766","0,00000102271323177643","0,00000104801907725807","0,00000001145828888483","0,00000048478326080842","0,00000031656559624164","0,00000147818626147071","0,00000261432615603588","0,00000014011856205924","0,00000001130050945689","0,00000247446840445933","0,00000214736678943134","0,00000001148661486452","0,00000125453921753515","0,00000120447190242833","0,00000094050097116831","0,00000032037150316415","0,00000222990076865763","0,00000106994962881168"
"-0,34768889060221214200","0,00000020507009082452","0,00000134760302936171","0,00000101929519607301","0,00000104458488495725","0,00000001145406996420","0,00000048327218131708","0,00000031552175954611","0,00000147374427974249","0,00000260790340850226","0,00000013950561355475","0,00000001129497430336","0,00000246691554979051","0,00000214096822697297","0,00000001154956239921","0,00000125111028277287","0,00000120475198434416","0,00000093716911979965","0,00000031954484917110","0,00000222274422468599","0,00000106619801201378"
"-0,34568496510013602100","0,00000020453795408932","0,00000134363321484547","0,00000101587092459417","0,00000104115437954217","0,00000001145046414720","0,00000048175324847168","0,00000031447606715395","0,00000146930814509678","0,00000260146576246345","0,00000013890677340517","0,00000001128914931860","0,00000245933728841895","0,00000213454023185206","0,00000001160749403338","0,00000124768336065750","0,00000120502290382733","0,00000093383184518430","0,00000031871019463758","0,00000221558029126340","0,00000106245148675449"
"-0,34368103959805984500","0,00000020399895128344","0,00000133965262917893","0,00000101244041733989","0,00000103772756101282","0,00000001144747143383","0,00000048022646227220","0,00000031342851906516","0,00000146487785753356","0,00000259501321791946","0,00000013832204161051","0,00000001128303450260","0,00000245173362034466","0,00000212808280406862","0,00000001166040976703","0,00000124425845118904","0,00000120528466087783","0,00000093048914732225","0,00000031786753956358","0,00000220840896838986","0,00000105871005303379"
"-0,34167711409598372500","0,00000020345308240686","0,00000133566127236210","0,00000100900367431018","0,00000103430442936920","0,00000001144509182408","0,00000047869182271865","0,00000031237911527975","0,00000146045341705285","0,00000258854577487029","0,00000013775141817077","0,00000001127662985537","0,00000244410454556762","0,00000212159594362263","0,00000001170830960016","0,00000124083555436749","0,00000120553725549567","0,00000092714102621352","0,00000031701688394910","0,00000220123025606536","0,00000105497371085168"
"-0,33967318859390754900","0,00000020290034745958","0,00000133165914439498","0,00000100556069550503","0,00000103088498461132","0,00000001144332531796","0,00000047714932981103","0,00000031132785579771","0,00000145603482365464","0,00000258206343331593","0,00000013719490308594","0,00000001126993537690","0,00000243645006408784","0,00000211507965051411","0,00000001175119353278","0,00000123741467019284","0,00000120578068768085","0,00000092378748185810","0,00000031615822779414","0,00000219404415428992","0,00000105124246020817"
"-0,33766926309183137300","0,00000020234074644162","0,00000132764624527757","0,00000100211148092446","0,00000102746922673916","0,00000001144217191547","0,00000047559898354933","0,00000031027474061905","0,00000145162207733893","0,00000257556619325638","0,00000013665249635603","0,00000001126295106720","0,00000242877017590532","0,00000210853392474306","0,00000001178906156488","0,00000123399579866510","0,00000120601495743337","0,00000092042851425598","0,00000031529157109870","0,00000218685066306353","0,00000104751630110326"
"-0,33566533758975525300","0,00000020177427935296","0,00000132362257500986","0,00000099865603056845","0,00000102405715575274","0,00000001144163161661","0,00000047404078393357","0,00000030921976974376","0,00000144721517810572","0,00000256905405469165","0,00000013612419798104","0,00000001125567692626","0,00000242106488102005","0,00000210195876630946","0,00000001182191369646","0,00000123057893978428","0,00000120624006475322","0,00000091706412340718","0,00000031441691386278","0,00000217964978238619","0,00000104379523353695"
"-0,33366141208767907700","0,00000020120094619361","0,00000131958813359185","0,00000099519434443701","0,00000102064877165206","0,00000001144170442137","0,00000047247473096373","0,00000030816294317185","0,00000144281412595501","0,00000256252701762173","0,00000013561000796097","0,00000001124811295409","0,00000241333417943205","0,00000209535417521333","0,00000001184974992753","0,00000122716409355035","0,00000120645600964041","0,00000091369430931168","0,00000031353425608638","0,00000217244151225790","0,00000104007925750923"
"-0,33165748658560295600","0,00000020062074696357","0,00000131554292102355","0,00000099172642253014","0,00000101724407443710","0,00000001144239032977","0,00000047090082463983","0,00000030710426090331","0,00000143841892088680","0,00000255598508204663","0,00000013510992629581","0,00000001124025915068","0,00000240557807114130","0,00000208872015145466","0,00000001187257025807","0,00000122375125996334","0,00000120666279209494","0,00000091031907196950","0,00000031264359776950","0,00000216522585267866","0,00000103636837302011"
"-0,32965356108352678000","0,00000020003368166283","0,00000131148693730496","0,00000098825226484783","0,00000101384306410788","0,00000001144368934179","0,00000046931906496185","0,00000030604372293815","0,00000143402956290110","0,00000254942824796634","0,00000013462395298557","0,00000001123211551604","0,00000239779655614782","0,00000208205669503346","0,00000001189037468810","0,00000122034043902324","0,00000120686041211681","0,00000090693841138062","0,00000031174493891214","0,00000215800280364847","0,00000103266258006958"
"-0,32764963558145066000","0,00000019943975029140","0,00000130742018243608","0,00000098477187139010","0,00000101044574066439","0,00000001144560145743","0,00000046772945192980","0,00000030498132927636","0,00000142964605199790","0,00000254285651538087","0,00000013415208803025","0,00000001122368205016","0,00000238998963445159","0,00000207536380594972","0,00000001190316321762","0,00000121693163073004","0,00000120704886970601","0,00000090355232754505","0,00000031083827951430","0,00000215077236516734","0,00000102896187865765"
"-0,32564571007937448400","0,00000019883895284928","0,00000130334265641690","0,00000098128524215693","0,00000100705210410663","0,00000001144812667671","0,00000046613198554367","0,00000030391707991795","0,00000142526838817719","0,00000253626988429022","0,00000013369433142985","0,00000001121495875305","0,00000238215730605262","0,00000206864148420344","0,00000001191093584661","0,00000121352483508375","0,00000120722816486255","0,00000090016082046280","0,00000030992361957599","0,00000214353453723525","0,00000102526626878432"
"-0,32364178457729830800","0,00000019823128933647","0,00000129925435924743","0,00000097779237714833","0,00000100366215443460","0,00000001145126499961","0,00000046452666580348","0,00000030285097486291","0,00000142089657143899","0,00000252966835469438","0,00000013325068318436","0,00000001120594562470","0,00000237429957095091","0,00000206188972979462","0,00000001191369257509","0,00000121012005208437","0,00000120739829758643","0,00000089676389013385","0,00000030900095909719","0,00000213628931985221","0,00000102157575044959"
"-0,32163785907522218800","0,00000019761675975296","0,00000129515529092766","0,00000097429327636429","0,00000100027589164831","0,00000001145501642614","0,00000046291349270922","0,00000030178301411125","0,00000141653060178329","0,00000252305192659335","0,00000013282114329379","0,00000001119664266512","0,00000236641642914646","0,00000205510854272326","0,00000001191143340305","0,00000120671728173189","0,00000120755926787765","0,00000089336153655821","0,00000030807029807792","0,00000212903671301823","0,00000101789032365345"
"-0,31963393357314601200","0,00000019699536409876","0,00000129104545145760","0,00000097078793980483","0,00000099689331574775","0,00000001145938095629","0,00000046129246626088","0,00000030071319766296","0,00000141217047921009","0,00000251642059998714","0,00000013240571175813","0,00000001118704987430","0,00000235850788063927","0,00000204829792298937","0,00000001190415833049","0,00000120331652402633","0,00000120771107573620","0,00000088995375973588","0,00000030713163651817","0,00000212177671673329","0,00000101420998839590"
"-0,31763000807106989100","0,00000019636710237387","0,00000128692484083725","0,00000096727636746993","0,00000099351442673292","0,00000001146435859008","0,00000045966358645847","0,00000029964152551805","0,00000140781620371940","0,00000250977437487575","0,00000013200438857740","0,00000001117716725225","0,00000235057392542933","0,00000204145787059295","0,00000001189186735742","0,00000119991777896767","0,00000120785372116209","0,00000088654055966686","0,00000030618497441793","0,00000211450933099740","0,00000101053474467696"
"-0,31562608256899371500","0,00000019573197457828","0,00000128279345906660","0,00000096375855935960","0,00000099013922460382","0,00000001146994932749","0,00000045802685330199","0,00000029856799767651","0,00000140346777531120","0,00000250311325125917","0,00000013161717375158","0,00000001116699479896","0,00000234261456351666","0,00000203458838553398","0,00000001187456048383","0,00000119652104655592","0,00000120798720415532","0,00000088312193635114","0,00000030523031177722","0,00000210723455581057","0,00000100686459249661"
"-0,31362215706691754000","0,00000019508998071200","0,00000127865130614566","0,00000096023451547384","0,00000098676770936046","0,00000001147615316853","0,00000045638226679144","0,00000029749261413835","0,00000139912519398550","0,00000249643722913740","0,00000013124406728068","0,00000001115653251444","0,00000233462979490124","0,00000202768946781248","0,00000001185223770972","0,00000119312632679108","0,00000120811152471589","0,00000087969788978874","0,00000030426764859603","0,00000209995239117278","0,00000100319953185485"
"-0,31161823156484141900","0,00000019444112077503","0,00000127449838207442","0,00000095670423581265","0,00000098339988100283","0,00000001148297011319","0,00000045472982692682","0,00000029641537490356","0,00000139478845974231","0,00000248974630851045","0,00000013088506916470","0,00000001114578039868","0,00000232661961958308","0,00000202076111742844","0,00000001182489903509","0,00000118973361967315","0,00000120822668284379","0,00000087626841997965","0,00000030329698487436","0,00000209266283708405","0,00000099953956275169"
"-0,30961430606276524300","0,00000019378539476737","0,00000127033468685289","0,00000095316772037602","0,00000098003573953093","0,00000001149040016148","0,00000045306953370813","0,00000029533627997215","0,00000139045757258162","0,00000248304048937831","0,00000013054017940363","0,00000001113473845169","0,00000231858403756218","0,00000201380333438186","0,00000001179254445995","0,00000118634292520212","0,00000120833267853903","0,00000087283352692387","0,00000030231832061221","0,00000208536589354437","0,00000099588468518713"
"-0,30761038056068912300","0,00000019312280268902","0,00000126616022048107","0,00000094962496916396","0,00000097667528494476","0,00000001149844331341","0,00000045140138713536","0,00000029425532934411","0,00000138613253250343","0,00000247631977174099","0,00000013020939799748","0,00000001112340667346","0,00000231052304883854","0,00000200681611867275","0,00000001175517398428","0,00000118295424337800","0,00000120842951180161","0,00000086939321062139","0,00000030133165580958","0,00000207806156055373","0,00000099223489916117"
"-0,30560645505861294700","0,00000019245334453997","0,00000126197498295895","0,00000094607598217647","0,00000097331851724433","0,00000001150709956895","0,00000044972538720853","0,00000029317252301945","0,00000138181333950774","0,00000246958415559849","0,00000012989272494625","0,00000001111178506400","0,00000230243665341216","0,00000199979947030110","0,00000001171278760811","0,00000117956757420079","0,00000120851718263152","0,00000086594747107223","0,00000030033699046647","0,00000207074983811215","0,00000098859020467380"
"-0,30360252955653677100","0,00000019177702032023","0,00000125777897428654","0,00000094252075941355","0,00000096996543642963","0,00000001151636892813","0,00000044804153392762","0,00000029208786099816","0,00000137749999359455","0,00000246283364095080","0,00000012959016024994","0,00000001109987362331","0,00000229432485128304","0,00000199275338926691","0,00000001166538533141","0,00000117618291767049","0,00000120859569102878","0,00000086249630827637","0,00000029933432458288","0,00000206343072621962","0,00000098495060172503"
"-0,30159860405446065000","0,00000019109383002979","0,00000125357219446384","0,00000093895930087519","0,00000096661604250066","0,00000001152625139093","0,00000044634982729264","0,00000029100134328025","0,00000137319249476386","0,00000245606822779792","0,00000012930170390854","0,00000001108767235137","0,00000228618764245117","0,00000198567787557018","0,00000001161296715420","0,00000117280027378710","0,00000120866503699337","0,00000085903972223382","0,00000029832365815881","0,00000205610422487614","0,00000098131609031485"
"-0,29959467855238447500","0,00000019041093242589","0,00000124935432492336","0,00000093539103441989","0,00000096326523228638","0,00000001153647449300","0,00000044465695599593","0,00000028991665529957","0,00000136887908879618","0,00000244927884311149","0,00000012901145684361","0,00000001107663953430","0,00000227803851442622","0,00000197857998698488","0,00000001155994437200","0,00000116941487863594","0,00000120872520488928","0,00000085557729178287","0,00000029731096110744","0,00000204877535411936","0,00000097768147556268"
"-0,29759075305030835400","0,00000018973548626573","0,00000124512504709762","0,00000093181538790614","0,00000095990790261577","0,00000001154676576997","0,00000044296960872982","0,00000028883748248997","0,00000136454802147201","0,00000244245641386310","0,00000012870351997670","0,00000001106823345819","0,00000226989095471785","0,00000197146678128496","0,00000001151072828034","0,00000116602196830232","0,00000120877617908051","0,00000085210859576179","0,00000029630220334192","0,00000204144913398695","0,00000097404156258791"
"-0,29558682754823217800","0,00000018906749154932","0,00000124088436098662","0,00000092823236133393","0,00000095654405348882","0,00000001155712522185","0,00000044128778549432","0,00000028776382485146","0,00000136019929279135","0,00000243560094005278","0,00000012837789330782","0,00000001106245412303","0,00000226174496332605","0,00000196433825847042","0,00000001146531887922","0,00000116262154278627","0,00000120881795956704","0,00000084863363417059","0,00000029529738486227","0,00000203412556447889","0,00000097039635139055"
"-0,29358290204615605800","0,00000018840694827665","0,00000123663226659036","0,00000092464195470327","0,00000095317368490553","0,00000001156755284862","0,00000043961148628942","0,00000028669568238404","0,00000135583290275420","0,00000242871242168051","0,00000012803457683695","0,00000001105930152883","0,00000225360054025082","0,00000195719441854126","0,00000001142371616864","0,00000115921360208776","0,00000120885054634888","0,00000084515240700927","0,00000029429650566849","0,00000202680464559520","0,00000096674584197059"
"-0,29157897654407988200","0,00000018775385644773","0,00000123236876390885","0,00000092104416801415","0,00000094979679686590","0,00000001157804865030","0,00000043794071111513","0,00000028563305508771","0,00000135144885136056","0,00000242179085874630","0,00000012767357056411","0,00000001105877567559","0,00000224545768549217","0,00000195003526149749","0,00000001138592014861","0,00000115579814620681","0,00000120887393942603","0,00000084166491427783","0,00000029329956576056","0,00000201948637733587","0,00000096309003432803"
"-0,28957505104200370600","0,00000018710821606257","0,00000122809385294207","0,00000091743900126658","0,00000094641338936993","0,00000001158861262689","0,00000043627545997144","0,00000028457594296247","0,00000134704713861044","0,00000241483625125015","0,00000012729487448929","0,00000001106087656330","0,00000223731639905009","0,00000194286078733909","0,00000001135193081911","0,00000115237517514340","0,00000120888813879850","0,00000083817115597626","0,00000029230656513850","0,00000201217075970090","0,00000095942892846289"
"-0,28757112553992758600","0,00000018647002712114","0,00000122380753369004","0,00000091382645446055","0,00000094302346241762","0,00000001159924477837","0,00000043461573285836","0,00000028352434600831","0,00000134262776450382","0,00000240784859919205","0,00000012689848861248","0,00000001106560419197","0,00000222917668092458","0,00000193567099606608","0,00000001132174818016","0,00000114894468889755","0,00000120889314446627","0,00000083467113210457","0,00000029131750380230","0,00000200485779269029","0,00000095576252437515"
"-0,28556720003785141000","0,00000018583928962347","0,00000121950980615275","0,00000091020652759607","0,00000093962701600897","0,00000001160994510476","0,00000043296152977588","0,00000028247826422524","0,00000133819072904071","0,00000240082790257201","0,00000012648441293370","0,00000001107295856159","0,00000222103853111565","0,00000192846588767845","0,00000001129537223175","0,00000114550668746926","0,00000120888895642935","0,00000083116484266275","0,00000029033238175197","0,00000199754747630405","0,00000095209082206481"
"-0,28356327453577528900","0,00000018521600356954","0,00000121520067033020","0,00000090657922067314","0,00000093622405014398","0,00000001162071360605","0,00000043131285072401","0,00000028143769761326","0,00000133373603222112","0,00000239377416139003","0,00000012605264745294","0,00000001108293967217","0,00000221290194962329","0,00000192124546217620","0,00000001127280297388","0,00000114206117085851","0,00000120887557468774","0,00000082765228765081","0,00000028935119898750","0,00000199023981054216","0,00000094841382153188"
"-0,28155934903369911300","0,00000018460016895936","0,00000121088012622239","0,00000090294453369175","0,00000093281456482265","0,00000001163155028225","0,00000042966969570275","0,00000028040264617236","0,00000132926367404504","0,00000238668737564610","0,00000012560319217020","0,00000001109554752371","0,00000220476693644751","0,00000191400971955933","0,00000001125404040655","0,00000113860813906532","0,00000120885299924144","0,00000082413346706875","0,00000028837395550889","0,00000198293479540464","0,00000094473152277635"
"-0,27955542353162293700","0,00000018399178579293","0,00000120654817382933","0,00000089930246665190","0,00000092939856004498","0,00000001164245513334","0,00000042803206471209","0,00000027937310990255","0,00000132477365451246","0,00000237956754534023","0,00000012513604708548","0,00000001111078211621","0,00000219663349158830","0,00000190675865982785","0,00000001123908452977","0,00000113514759208968","0,00000120882123009045","0,00000082060838091657","0,00000028740065131614","0,00000197563243089148","0,00000094104392579823"
"-0,27755149802954681700","0,00000018339085407025","0,00000120220481315100","0,00000089565301955360","0,00000092597603581097","0,00000001165342815935","0,00000042639995775203","0,00000027834908880383","0,00000132026597362340","0,00000237241467047242","0,00000012465121219878","0,00000001112864344966","0,00000218850161504566","0,00000189949228298174","0,00000001122793534353","0,00000113167952993159","0,00000120878026723477","0,00000081707702919426","0,00000028643128640926","0,00000196833271700268","0,00000093735103059752"
"-0,27554757252747064100","0,00000018279737379131","0,00000119785004418742","0,00000089199619239685","0,00000092254699212063","0,00000001166446936025","0,00000042477337482258","0,00000027733058287620","0,00000131574063137785","0,00000236522875104267","0,00000012414868751011","0,00000001114913152406","0,00000218037130681959","0,00000189221058902102","0,00000001122059284782","0,00000112820395259106","0,00000120873011067440","0,00000081353941190183","0,00000028546586078824","0,00000196103565373824","0,00000093365283717421"
"-0,27354364702539452100","0,00000018221134495612","0,00000119348386693857","0,00000088833198518164","0,00000091911142897394","0,00000001167557873606","0,00000042315231592374","0,00000027631759211966","0,00000131119762777581","0,00000235800978705097","0,00000012362847301945","0,00000001117224633943","0,00000217224256691010","0,00000188491357794568","0,00000001121705704266","0,00000112472086006808","0,00000120867076040934","0,00000080999552903928","0,00000028450437445308","0,00000195374124109816","0,00000092994934552831"
"-0,27153972152331834500","0,00000018163276756468","0,00000118910628140447","0,00000088466039790798","0,00000091566934637091","0,00000001168675628676","0,00000042153678105550","0,00000027531011653420","0,00000130663696281728","0,00000235075777849733","0,00000012309056872682","0,00000001119798789575","0,00000216411539531719","0,00000187760124975572","0,00000001121732792804","0,00000112123025236265","0,00000120860221643959","0,00000080644538060660","0,00000028354682740379","0,00000194644947908244","0,00000092624055565981"
"-0,26953579602124216900","0,00000018106164161698","0,00000118471728758511","0,00000088098143057586","0,00000091222074431155","0,00000001169800201238","0,00000041992677021786","0,00000027430815611983","0,00000130205863650227","0,00000234347272538174","0,00000012253497463220","0,00000001122635619302","0,00000215598979204084","0,00000187027360445114","0,00000001122140550397","0,00000111773212947477","0,00000120852447876515","0,00000080288896660380","0,00000028259321964036","0,00000193916036769109","0,00000092252646756871"
"-0,26753187051916604800","0,00000018049796711304","0,00000118031688548049","0,00000087729508318529","0,00000090876562279584","0,00000001170931591289","0,00000041832228341083","0,00000027331171087654","0,00000129746264883076","0,00000233615462770422","0,00000012196169073561","0,00000001125735123126","0,00000214786575708107","0,00000186293064203195","0,00000001122928977043","0,00000111422649140444","0,00000120843754738601","0,00000079932628703088","0,00000028164355116279","0,00000193187390692409","0,00000091880708125503"
"-0,26552794501708987200","0,00000017994174405284","0,00000117590507509062","0,00000087360135573626","0,00000090530398182379","0,00000001172069798831","0,00000041672332063441","0,00000027232078080435","0,00000129284899980276","0,00000232880348546475","0,00000012137071703704","0,00000001129097301045","0,00000213974329043788","0,00000185557236249813","0,00000001124098072744","0,00000111071333815167","0,00000120834142230219","0,00000079575734188783","0,00000028069782197108","0,00000192459009678146","0,00000091508239671874"
"-0,26352401951501375200","0,00000017939297243639","0,00000117148185641548","0,00000086990024822878","0,00000090183582139541","0,00000001173214823863","0,00000041512988188859","0,00000027133536590324","0,00000128821768941828","0,00000232141929866334","0,00000012076205353649","0,00000001132722153059","0,00000213162239211126","0,00000184819876584970","0,00000001125647837498","0,00000110719266971645","0,00000120823610351368","0,00000079218213117466","0,00000027975603206524","0,00000191730893726319","0,00000091135241395987"
"-0,26152009401293757600","0,00000017885165226368","0,00000116704722945509","0,00000086619176066285","0,00000089836114151069","0,00000001174366666386","0,00000041354196717338","0,00000027035546617322","0,00000128356871767730","0,00000231400206729998","0,00000012013570023396","0,00000001136609679169","0,00000212350306210121","0,00000184080985208665","0,00000001127578271307","0,00000110366448609878","0,00000120812159102047","0,00000078860065489137","0,00000027881818144526","0,00000191003042836928","0,00000090761713297840"
"-0,25951616851086145600","0,00000017831778353472","0,00000116260119420943","0,00000086247589303846","0,00000089487994216962","0,00000001175525326398","0,00000041195957648877","0,00000026938108161428","0,00000127890208457984","0,00000230655179137468","0,00000011949165712945","0,00000001140759879375","0,00000211538530040773","0,00000183340562120898","0,00000001129889374170","0,00000110012878729866","0,00000120799788482258","0,00000078501291303796","0,00000027788427011114","0,00000190275457009973","0,00000090387655377433"
"-0,25751224300878528000","0,00000017779136624951","0,00000115814375067852","0,00000085875264535561","0,00000089139222337222","0,00000001176690803901","0,00000041038270983476","0,00000026841221222643","0,00000127421779012589","0,00000229906847088744","0,00000011882992422296","0,00000001145172753677","0,00000210726910703083","0,00000182598607321669","0,00000001132581146088","0,00000109658557331610","0,00000120786498492000","0,00000078141890561442","0,00000027695429806289","0,00000189548136245454","0,00000090013067634767"
"-0,25550831750670910400","0,00000017727240040805","0,00000115367489886235","0,00000085502201761431","0,00000088789798511847","0,00000001177863098895","0,00000040881136721137","0,00000026744885800968","0,00000126951583431545","0,00000229155210583826","0,00000011815050151449","0,00000001149848302074","0,00000209915448197050","0,00000181855120810979","0,00000001135653587059","0,00000109303484415109","0,00000120772289131272","0,00000077781863262076","0,00000027602826530050","0,00000188821080543372","0,00000089637950069842"
"-0,25350439200463298300","0,00000017676088601034","0,00000114919463876092","0,00000085128400981456","0,00000088439722740839","0,00000001179042211378","0,00000040724554861857","0,00000026649101896400","0,00000126479621714852","0,00000228400269622713","0,00000011745338900404","0,00000001154786524567","0,00000209104142522675","0,00000181110102588826","0,00000001139106697084","0,00000108947659980363","0,00000120757160400076","0,00000077421209405697","0,00000027510617182397","0,00000188094289903725","0,00000089262302682657"
"-0,25150046650255680800","0,00000017625682305637","0,00000114470297037423","0,00000084753862195635","0,00000088088995024197","0,00000001180228141352","0,00000040568525405638","0,00000026553869508942","0,00000126005893862510","0,00000227642024205406","0,00000011673858669162","0,00000001159987421155","0,00000208292993679957","0,00000180363552655212","0,00000001142940476164","0,00000108591084027372","0,00000120741112298410","0,00000077059928992307","0,00000027418801763331","0,00000187367764326515","0,00000088886125473212"
"-0,24949654100048065900","0,00000017575522737983","0,00000114020300800960","0,00000084379022256467","0,00000087738166837763","0,00000001181315235502","0,00000040412407871727","0,00000026458835361652","0,00000125530942225148","0,00000226881261615747","0,00000011602309468890","0,00000001165061982330","0,00000207481225900388","0,00000179615868962157","0,00000001146799395831","0,00000108234541745463","0,00000120724608381669","0,00000076698218863415","0,00000027326897157184","0,00000186640886088698","0,00000088510292784440"
"-0,24749261549840451100","0,00000017525111481439","0,00000113569786597435","0,00000084004318016450","0,00000087387789657379","0,00000001182197840514","0,00000040255561779369","0,00000026363646177589","0,00000125055309153395","0,00000226118769137580","0,00000011532391310757","0,00000001169621198581","0,00000206668063415459","0,00000178867449461682","0,00000001150327927620","0,00000107878818323960","0,00000120708112205246","0,00000076336275860532","0,00000027234420248292","0,00000185913037467230","0,00000088135678959270"
"-0,24548868999632836300","0,00000017474448536006","0,00000113118754426848","0,00000083629749475585","0,00000087037863483044","0,00000001182875956387","0,00000040097987128564","0,00000026268301956753","0,00000124578994647251","0,00000225354546770903","0,00000011464104194764","0,00000001173665069908","0,00000205853506225170","0,00000178118294153786","0,00000001153526071529","0,00000107523913762865","0,00000120691623769140","0,00000075974099983660","0,00000027141371036654","0,00000185184218462113","0,00000087762283997703"
"-0,24348476449425221500","0,00000017423533901683","0,00000112667204289199","0,00000083255316633870","0,00000086688388314760","0,00000001183349583121","0,00000039939683919314","0,00000026172802699145","0,00000124101998706716","0,00000224588594515718","0,00000011397448120910","0,00000001177193596311","0,00000205037554329521","0,00000177368403038470","0,00000001156393827560","0,00000107169828062177","0,00000120675143073353","0,00000075611691232797","0,00000027047749522270","0,00000184454429073345","0,00000087390107899739"
"-0,24148083899217606700","0,00000017372367578470","0,00000112215136184487","0,00000082881019491306","0,00000086339364152526","0,00000001183618720718","0,00000039780652151617","0,00000026077148404765","0,00000123624321331791","0,00000223820912372024","0,00000011332423089196","0,00000001180206777790","0,00000204220207728512","0,00000176617776115735","0,00000001158931195712","0,00000106816561221895","0,00000120658670117883","0,00000075249049607944","0,00000026953555705139","0,00000183723669300927","0,00000087019150665378"
"-0,23947691349009989100","0,00000017320949566368","0,00000111762550112713","0,00000082506858047894","0,00000085990790996342","0,00000001183683369176","0,00000039620891825474","0,00000025981339073611","0,00000123145962522474","0,00000223051500339821","0,00000011269029099620","0,00000001182704614346","0,00000203401466422144","0,00000175866413385579","0,00000001161138175985","0,00000106464113242021","0,00000120642204902731","0,00000074886175109101","0,00000026858789585263","0,00000182991939144859","0,00000086649412294619"
"-0,23747298798802374300","0,00000017269279865376","0,00000111309446073877","0,00000082132832303633","0,00000085642668846207","0,00000001183543528495","0,00000039460402940884","0,00000025885374705686","0,00000122666922278766","0,00000222280358419109","0,00000011207266152184","0,00000001184687105978","0,00000202581330410416","0,00000175114314848003","0,00000001163014768379","0,00000106112484122554","0,00000120625747427897","0,00000074523067736268","0,00000026763451162641","0,00000182259238605141","0,00000086280892787464"
"-0,23546906248594759400","0,00000017217358475495","0,00000110855824067979","0,00000081758942258523","0,00000085294997702123","0,00000001183199198677","0,00000039299185497848","0,00000025789255300988","0,00000122187200600668","0,00000221507486609888","0,00000011147134246888","0,00000001186154252687","0,00000201759799693328","0,00000174361480503006","0,00000001164560972894","0,00000105761673863494","0,00000120609297693381","0,00000074159727489444","0,00000026667540437273","0,00000181525567681772","0,00000085913592143911"
"-0,23346513698387144600","0,00000017165185396724","0,00000110401684095019","0,00000081385187912564","0,00000084947777564089","0,00000001182650379720","0,00000039137239496366","0,00000025692980859517","0,00000121706797488178","0,00000220732884912159","0,00000011088633383731","0,00000001187106054471","0,00000200936874270880","0,00000173607910350590","0,00000001165776789530","0,00000105411682464841","0,00000120592855699183","0,00000073796154368630","0,00000026571057409158","0,00000180790926374754","0,00000085547510363961"
"-0,23146121148179529800","0,00000017112760629064","0,00000109947026154996","0,00000081011569265756","0,00000084601008432104","0,00000001181897071624","0,00000038974564936437","0,00000025596551381273","0,00000121225712941298","0,00000219956553325920","0,00000011031763562713","0,00000001187542511332","0,00000200112554143072","0,00000172853604390753","0,00000001166662218287","0,00000105062509926595","0,00000120576421445303","0,00000073432348373826","0,00000026474002078298","0,00000180055314684085","0,00000085182647447615"
"-0,22945728597971912200","0,00000017060084172514","0,00000109491850247911","0,00000080638086318099","0,00000084254690306170","0,00000001180939274390","0,00000038811161818062","0,00000025499966866258","0,00000120743946960026","0,00000219178491851173","0,00000010976524783834","0,00000001187463623269","0,00000199286839309905","0,00000172098562623496","0,00000001167217259166","0,00000104714156248756","0,00000120559994931740","0,00000073068309505032","0,00000026376374444692","0,00000179318732609767","0,00000084819003394871"
"-0,22745336047764297400","0,00000017007156027074","0,00000109036156373765","0,00000080264739069594","0,00000083908823186286","0,00000001179776988018","0,00000038647030141241","0,00000025403227314469","0,00000120261499544364","0,00000218398700487917","0,00000010922917047095","0,00000001186869390283","0,00000198459729771377","0,00000171342785048820","0,00000001167441912165","0,00000104366621431324","0,00000120543576158496","0,00000072704037762247","0,00000026278174508340","0,00000178581180151798","0,00000084456578205729"
"-0,22544943497556682600","0,00000016953976192745","0,00000108579944532555","0,00000079891527520239","0,00000083563407072451","0,00000001178410212507","0,00000038482169905973","0,00000025306332725908","0,00000119778370694311","0,00000217617179236152","0,00000010870940352495","0,00000001185759812372","0,00000197631225527490","0,00000170586271666722","0,00000001167336177286","0,00000104019905474300","0,00000120527165125569","0,00000072339533145473","0,00000026179402269241","0,00000177842657310179","0,00000084095371880191"
"-0,22344550947349067800","0,00000016900544669526","0,00000108123214724284","0,00000079518451670036","0,00000083218441964667","0,00000001176838947859","0,00000038316581112259","0,00000025209283100574","0,00000119294560409866","0,00000216833928095878","0,00000010820594700034","0,00000001184134889538","0,00000196801326578243","0,00000169829022477205","0,00000001166900054527","0,00000103674008377682","0,00000120510761832960","0,00000071974795654708","0,00000026080057727397","0,00000177103164084909","0,00000083735384418256"
"-0,22144158397141453000","0,00000016846861457418","0,00000107665966948950","0,00000079145511518984","0,00000082873927862933","0,00000001175063194071","0,00000038150263760099","0,00000025112078438468","0,00000118810068691031","0,00000216048947067095","0,00000010771880089713","0,00000001181994621780","0,00000195970032923636","0,00000169071037480268","0,00000001166133543890","0,00000103328930141471","0,00000120494366280669","0,00000071609825289952","0,00000025980140882807","0,00000176362700475990","0,00000083376615819923"
"-0,21943765846933838100","0,00000016792926556420","0,00000107208201206555","0,00000078772707067082","0,00000082529864767248","0,00000001173082951146","0,00000037983217849493","0,00000025014718739590","0,00000118324895537805","0,00000215262236149803","0,00000010724796521531","0,00000001179339009099","0,00000195137344563670","0,00000168312316675910","0,00000001165036645374","0,00000102984670765668","0,00000120477978468696","0,00000071244622051207","0,00000025879651735471","0,00000175621266483420","0,00000083019066085194"
"-0,21743373296726220500","0,00000016738739966532","0,00000106749917497097","0,00000078400038314332","0,00000082186252677614","0,00000001170898219081","0,00000037815443380440","0,00000024917204003938","0,00000117839040950188","0,00000214473795344002","0,00000010679343995488","0,00000001176168051494","0,00000194303261498343","0,00000167552860064133","0,00000001163609358979","0,00000102641230250271","0,00000120461598397041","0,00000070879185938471","0,00000025778590285389","0,00000174878862107201","0,00000082662735214067"
"-0,21542980746518605700","0,00000016684301687755","0,00000106291115820577","0,00000078027505260734","0,00000081843091594029","0,00000001168508997879","0,00000037646940352941","0,00000024819534231515","0,00000117352504928180","0,00000213683624649693","0,00000010635522511585","0,00000001172481748965","0,00000193467783727657","0,00000166792667644935","0,00000001161851684705","0,00000102298608595282","0,00000120445226065704","0,00000070513516951745","0,00000025676956532561","0,00000174135487347331","0,00000082307623206543"
"-0,21342588196310990900","0,00000016629611720088","0,00000105831796176994","0,00000077655107906286","0,00000081500381516495","0,00000001165915287538","0,00000037477708766995","0,00000024721709422318","0,00000116865287471781","0,00000212891724066874","0,00000010593332069821","0,00000001168280101512","0,00000192630911251611","0,00000166031739418317","0,00000001159763622552","0,00000101956805800700","0,00000120428861474684","0,00000070147615091029","0,00000025574750476986","0,00000173391142203811","0,00000081953730062622"
"-0,21142195646103376100","0,00000016574670063532","0,00000105371958566350","0,00000077282846250989","0,00000081158122445011","0,00000001163117088059","0,00000037307748622603","0,00000024623729576350","0,00000116377388580991","0,00000212098093595547","0,00000010552772670196","0,00000001163563109135","0,00000191792644070205","0,00000165270075384279","0,00000001157345172521","0,00000101615821866524","0,00000120412504623983","0,00000069781480356323","0,00000025471972118666","0,00000172645826676641","0,00000081601055782304"
"-0,20941803095895761300","0,00000016519476718086","0,00000104911602988643","0,00000076910720294844","0,00000080816314379576","0,00000001160114399442","0,00000037137059919765","0,00000024525594693608","0,00000115888808255810","0,00000211302733235711","0,00000010513844312711","0,00000001158330771835","0,00000190952982183439","0,00000164507675542820","0,00000001154596334610","0,00000101275656792756","0,00000120396155513599","0,00000069415112747626","0,00000025368621457600","0,00000171899540765821","0,00000081249600365589"
"-0,20741410545688146500","0,00000016464031683750","0,00000104450729443874","0,00000076538730037849","0,00000080474957320192","0,00000001156907221686","0,00000036965642658481","0,00000024427304774094","0,00000115399546496238","0,00000210505642987366","0,00000010476546997365","0,00000001152583089611","0,00000190111925591313","0,00000163744539893942","0,00000001151517108821","0,00000100936310579395","0,00000120379814143533","0,00000069048512264939","0,00000025264698493788","0,00000171152284471350","0,00000080899363812476"
"-0,20541017995480528900","0,00000016408334960525","0,00000103989337932043","0,00000076166875480006","0,00000080134051266857","0,00000001153495554791","0,00000036793496838750","0,00000024328859817808","0,00000114909603302275","0,00000209706822850512","0,00000010440880724158","0,00000001146320062464","0,00000189269474293828","0,00000162980668437643","0,00000001148107495152","0,00000100597783226441","0,00000120363480513785","0,00000068681678908262","0,00000025160203227230","0,00000170404057793230","0,00000080550346122967"
"-0,20340625445272914000","0,00000016352386548411","0,00000103527428453150","0,00000075795156621314","0,00000079793596219573","0,00000001149879398759","0,00000036620622460573","0,00000024230259824748","0,00000114418978673922","0,00000208906272825149","0,00000010406845493091","0,00000001139541690392","0,00000188425628290983","0,00000162216061173924","0,00000001144367493605","0,00000100260074733894","0,00000120347154624355","0,00000068314612677595","0,00000025055135657926","0,00000169654860731459","0,00000080202547297060"
"-0,20140232895065299200","0,00000016296186447406","0,00000103065001007194","0,00000075423573461773","0,00000079453592178338","0,00000001146058753588","0,00000036447019523949","0,00000024131504794917","0,00000113927672611177","0,00000208103992911278","0,00000010374441304162","0,00000001132247973397","0,00000187580387582778","0,00000161450718102785","0,00000001140297104179","0,00000099923185101754","0,00000120330836475243","0,00000067947313572938","0,00000024949495785876","0,00000168904693286038","0,00000079855967334756"
"-0,19939840344857684400","0,00000016240015344265","0,00000102601885209821","0,00000075051759712302","0,00000079114123721295","0,00000001142296957935","0,00000036273212880441","0,00000024032793305335","0,00000113435540916528","0,00000207300302536854","0,00000010342623301612","0,00000001125059620143","0,00000186733811503831","0,00000160684726322555","0,00000001136192989692","0,00000099585943104556","0,00000120313847121878","0,00000067580242580609","0,00000024843729038341","0,00000168153647038433","0,00000079509859860983"
"-0,19739447794650069600","0,00000016184153925738","0,00000102137910676675","0,00000074679349083819","0,00000078775275426583","0,00000001138857350459","0,00000036099727381610","0,00000023934323933027","0,00000112942439392461","0,00000206495521129833","0,00000010310346629677","0,00000001118597339294","0,00000185885959388760","0,00000159918172931564","0,00000001132351812964","0,00000099247177516837","0,00000120295507619689","0,00000067213860686930","0,00000024738280842582","0,00000167401813570111","0,00000079163478500668"
"-0,19539055244442452000","0,00000016128602191826","0,00000101673077407757","0,00000074306341576325","0,00000078437047294204","0,00000001135739931159","0,00000035926563027455","0,00000023836096677992","0,00000112448368038975","0,00000205689648690215","0,00000010277611288358","0,00000001112861130851","0,00000185036831237565","0,00000159151057929810","0,00000001128773573994","0,00000098906888338595","0,00000120275817968677","0,00000066848167891899","0,00000024633151198599","0,00000166649192881070","0,00000078816823253811"
"-0,19338662694234837200","0,00000016073360142529","0,00000101207385403066","0,00000073932737189819","0,00000078099439324156","0,00000001132944700035","0,00000035753719817978","0,00000023738111540231","0,00000111953326856072","0,00000204882685218001","0,00000010244417277654","0,00000001107850994814","0,00000184186427050247","0,00000158383381317295","0,00000001125458272783","0,00000098565075569831","0,00000120254778168841","0,00000066483164195518","0,00000024528340106392","0,00000165895784971311","0,00000078469894120412"
"-0,19138270144027222400","0,00000016018427777847","0,00000100740834662602","0,00000073558535924301","0,00000077762451516441","0,00000001130471657086","0,00000035581197753177","0,00000023640368519742","0,00000111457315843751","0,00000204074630713191","0,00000010210764597567","0,00000001103566931182","0,00000183334746826805","0,00000157615143094017","0,00000001122405909330","0,00000098221739210546","0,00000120232388220182","0,00000066118849597785","0,00000024423847565961","0,00000165141589840835","0,00000078122691100471"
"-0,18937877593819607600","0,00000015963805097780","0,00000100273425186366","0,00000073183737779772","0,00000077426083871058","0,00000001128320802314","0,00000035408996833054","0,00000023542867616527","0,00000110960335002011","0,00000203265485175784","0,00000010176653248095","0,00000001100008939956","0,00000182481790567239","0,00000156846343259978","0,00000001119616483635","0,00000097876879260738","0,00000120208648122700","0,00000065755224098701","0,00000024319673577306","0,00000164386607489640","0,00000077775214193988"
"-0,18737485043611992700","0,00000015909492102328","0,00000099805156974356","0,00000072808342756231","0,00000077090336388006","0,00000001126492135717","0,00000035237117057607","0,00000023445608830585","0,00000110462384330854","0,00000202455248605781","0,00000010142083229238","0,00000001097177021135","0,00000181627558271549","0,00000156076981815177","0,00000001117089995699","0,00000097530495720408","0,00000120183557876394","0,00000065392287698265","0,00000024215818140427","0,00000163630837917728","0,00000077427463400964"
"-0,18537092493404377900","0,00000015855488791491","0,00000099336030026575","0,00000072432350853679","0,00000076755209067287","0,00000001124985657297","0,00000035065558426837","0,00000023348592161916","0,00000109963463830278","0,00000201643921003181","0,00000010107054540998","0,00000001095071174720","0,00000180772049939735","0,00000155307058759614","0,00000001114826445521","0,00000097182588589556","0,00000120157117481264","0,00000065030040396479","0,00000024112281255324","0,00000162874281125097","0,00000077079438721397"
"-0,18336699943196760300","0,00000015801795165268","0,00000098866044343020","0,00000072055762072115","0,00000076420701908900","0,00000001123801367052","0,00000034894320940744","0,00000023251817610520","0,00000109463573500285","0,00000200831502367984","0,00000010071567183373","0,00000001093691400710","0,00000179915265571797","0,00000154536574093290","0,00000001112825833101","0,00000096833157868182","0,00000120129326937311","0,00000064668482193341","0,00000024009062921997","0,00000162116937111749","0,00000076731140155289"
"-0,18136307392989145500","0,00000015748411223661","0,00000098395199923693","0,00000071678576411540","0,00000076086814912844","0,00000001122939264984","0,00000034723404599328","0,00000023155285176397","0,00000108962713340873","0,00000200017992700191","0,00000010035621156364","0,00000001093037699106","0,00000179057205167736","0,00000153765527816203","0,00000001111088158439","0,00000096482203556286","0,00000120100186244535","0,00000064307613088852","0,00000023906163140446","0,00000161358805877683","0,00000076382567702639"
"-0,17935914842781530700","0,00000015695336966668","0,00000097923496768593","0,00000071300793871952","0,00000075753548079121","0,00000001122399351091","0,00000034552809402589","0,00000023058994859548","0,00000108460883352044","0,00000199203391999801","0,00000009999216459970","0,00000001093110069908","0,00000178197868727551","0,00000152993919928355","0,00000001109613421536","0,00000096129725653868","0,00000120069695402935","0,00000063947433083012","0,00000023803581910671","0,00000160599887422899","0,00000076033721363446"
"-0,17735522292573915900","0,00000015642572394291","0,00000097450934877720","0,00000070922414453354","0,00000075420901407730","0,00000001122181625375","0,00000034382535350527","0,00000022962946659972","0,00000107958083533796","0,00000198387700266815","0,00000009962353094192","0,00000001093908513115","0,00000177337256251242","0,00000152221750429745","0,00000001108401622391","0,00000095775724160928","0,00000120037854412511","0,00000063587942175821","0,00000023701319232673","0,00000159840181747397","0,00000075684601137712"
"-0,17535129742366301100","0,00000015590117506528","0,00000096977514251074","0,00000070543438155744","0,00000075088874898670","0,00000001122286087834","0,00000034212582443141","0,00000022867140577669","0,00000107454313886130","0,00000197570917501233","0,00000009925031059030","0,00000001095433028728","0,00000176475367738809","0,00000151449019320373","0,00000001107452761005","0,00000095420199077466","0,00000120004663273264","0,00000063229140367279","0,00000023599375106450","0,00000159079688851177","0,00000075335207025436"
"-0,17334737192158686200","0,00000015537972303380","0,00000096503234888656","0,00000070163864979122","0,00000074757468551943","0,00000001122712738469","0,00000034042950680433","0,00000022771576612639","0,00000106949574409046","0,00000196753043703053","0,00000009887250354484","0,00000001097683616746","0,00000175612203190252","0,00000150675726600239","0,00000001106766837377","0,00000095063150403482","0,00000119970121985193","0,00000062871027657385","0,00000023497749532003","0,00000158318408734239","0,00000074985539026619"
"-0,17134344641951068700","0,00000015486136784847","0,00000096028096790465","0,00000069783694923488","0,00000074426682367548","0,00000001123461577280","0,00000033873640062401","0,00000022676254764882","0,00000106443865102545","0,00000195934078872278","0,00000009849010980553","0,00000001100660277170","0,00000174747762605571","0,00000149901872269343","0,00000001106343851507","0,00000094704578138975","0,00000119934230548299","0,00000062513604046140","0,00000023396442509332","0,00000157556341396583","0,00000074635597141259"
"-0,16933952091743453800","0,00000015434610950929","0,00000095552099956502","0,00000069402927988843","0,00000074096516345485","0,00000001124532604268","0,00000033704650589047","0,00000022581175034399","0,00000105937185966625","0,00000195114023008906","0,00000009810312937238","0,00000001104363010000","0,00000173882045984767","0,00000149127456327686","0,00000001106183803395","0,00000094344482283947","0,00000119896988962582","0,00000062156869533545","0,00000023295454038437","0,00000156793486838209","0,00000074285381369357"
"-0,16733559541535839000","0,00000015383394801626","0,00000095075244386766","0,00000069021564175187","0,00000073766970485754","0,00000001125925819431","0,00000033535982260369","0,00000022486337421189","0,00000105429537001287","0,00000194292876112937","0,00000009771156224539","0,00000001108791815235","0,00000173015053327838","0,00000148352478775266","0,00000001106286693042","0,00000093982862838396","0,00000119858397228041","0,00000061800824119597","0,00000023194784119319","0,00000156029845059117","0,00000073934891710914"
"-0,16533166991328224200","0,00000015332488336937","0,00000094597530081257","0,00000068639603482519","0,00000073438044788355","0,00000001127641222770","0,00000033367635076368","0,00000022391741925252","0,00000104920918206531","0,00000193470638184372","0,00000009731540842455","0,00000001113946692875","0,00000172146784634786","0,00000147576939612085","0,00000001106652520448","0,00000093619719802324","0,00000119818455344676","0,00000061445467804299","0,00000023094432751976","0,00000155265416059308","0,00000073584128165928"
"-0,16332774441120609400","0,00000015281891556864","0,00000094118957039975","0,00000068257045910839","0,00000073109739253288","0,00000001129678814285","0,00000033199609037044","0,00000022297388546588","0,00000104411329582357","0,00000192647309223210","0,00000009691466790988","0,00000001119827642922","0,00000171277239905610","0,00000146800838838142","0,00000001107281285611","0,00000093255053175729","0,00000119777163312488","0,00000061090800587650","0,00000022994399936409","0,00000154500199838780","0,00000073233090734401"
"-0,16132381890912994600","0,00000015231604461406","0,00000093639525262920","0,00000067873891460147","0,00000072782053880552","0,00000001132038593976","0,00000033031904142398","0,00000022203277285197","0,00000103900771128765","0,00000191822889229451","0,00000009650934070135","0,00000001126434665373","0,00000170406419140310","0,00000146024176453437","0,00000001108172988533","0,00000092888862958613","0,00000119734521131477","0,00000060736822469649","0,00000022894685672619","0,00000153734196397535","0,00000072881779416332"
"-0,15931989340705377000","0,00000015181627050562","0,00000093159234750093","0,00000067490140130444","0,00000072454988670149","0,00000001134720561843","0,00000032864520392427","0,00000022109408141080","0,00000103389242845755","0,00000190997378203097","0,00000009609942679899","0,00000001133767760231","0,00000169534322338887","0,00000145246952457971","0,00000001109327629213","0,00000092521149150974","0,00000119690528801642","0,00000060383533450297","0,00000022795289960604","0,00000152967405735571","0,00000072530194211721"
"-0,15731596790497762200","0,00000015131959324333","0,00000092678085501494","0,00000067105791921730","0,00000072128543622078","0,00000001137724717886","0,00000032697457787134","0,00000022015781114235","0,00000102876744733327","0,00000190170776144145","0,00000009568492620278","0,00000001141826927494","0,00000168660949501339","0,00000144469166851742","0,00000001110745207652","0,00000092151911752813","0,00000119645186322983","0,00000060030933529594","0,00000022696212800366","0,00000152199827852890","0,00000072178335120568"
"-0,15531204240290147300","0,00000015082601282720","0,00000092196077517121","0,00000066720846834004","0,00000071802718736339","0,00000001141051062105","0,00000032530716326518","0,00000021922396204664","0,00000102363276791481","0,00000189343083052597","0,00000009526583891273","0,00000001150612167162","0,00000167786300627668","0,00000143690819634752","0,00000001112425723849","0,00000091781150764131","0,00000119598493695501","0,00000059679022707540","0,00000022597454191903","0,00000151431462749490","0,00000071826202142873"
"-0,15330811690082532500","0,00000015033552925721","0,00000091713210796976","0,00000066335304867266","0,00000071477514012932","0,00000001144699594500","0,00000032364296010579","0,00000021829253412367","0,00000101848839020217","0,00000188514298928453","0,00000009484216492884","0,00000001160123479237","0,00000166910375717873","0,00000142911910806999","0,00000001114369177804","0,00000091408866184926","0,00000119550450919196","0,00000059327800984135","0,00000022499014135216","0,00000150662310425373","0,00000071473795278637"
"-0,15130419139874917700","0,00000014984814253337","0,00000091229485341058","0,00000065949166021517","0,00000071152929451857","0,00000001148670315071","0,00000032198196839316","0,00000021736352737342","0,00000101333431419535","0,00000187684423771712","0,00000009441390425110","0,00000001170360863716","0,00000166033174771954","0,00000142132440368485","0,00000001116575569517","0,00000091035058015199","0,00000119501057994067","0,00000058977268359378","0,00000022400892630306","0,00000149892370880538","0,00000071121114527858"
"-0,14930026589667300100","0,00000014936253681341","0,00000090745636247958","0,00000065562784747026","0,00000070828073173674","0,00000001152581007063","0,00000032032068488647","0,00000021643266296053","0,00000100817314568955","0,00000186853700039110","0,00000009398194907609","0,00000001180467397846","0,00000165155395651216","0,00000141352922074538","0,00000001118913598775","0,00000090660278962877","0,00000119450863830720","0,00000058627046339090","0,00000022302633036962","0,00000149122279068278","0,00000070768812621193"
"-0,14729634039459685300","0,00000014887739625506","0,00000090262398616267","0,00000065176515494063","0,00000070502053298943","0,00000001156049453720","0,00000031865560634488","0,00000021549566204963","0,00000100300749047998","0,00000186022370187383","0,00000009354719160035","0,00000001189586158870","0,00000164277736216966","0,00000140573869680485","0,00000001121251965362","0,00000090285081735887","0,00000119400417339761","0,00000058276756429089","0,00000022203778714977","0,00000148352669941888","0,00000070417542289298"
"-0,14529241489252070500","0,00000014839272085833","0,00000089779772445984","0,00000064790358262628","0,00000070174869827664","0,00000001159075655044","0,00000031698673276838","0,00000021455252464071","0,00000099783734856664","0,00000185190434216530","0,00000009310963182391","0,00000001197717146789","0,00000163400196469203","0,00000139795283186328","0,00000001123590669278","0,00000089909466334229","0,00000119349718521190","0,00000057926398629375","0,00000022104329664349","0,00000147583543501366","0,00000070067303532173"
"-0,14328848939044455700","0,00000014790851062320","0,00000089297757737110","0,00000064404313052721","0,00000069846522759836","0,00000001161659611033","0,00000031531406415698","0,00000021360325073379","0,00000099266271994954","0,00000184357892126553","0,00000009266926974674","0,00000001204860361603","0,00000162522776407927","0,00000139017162592065","0,00000001125929710524","0,00000089533432757902","0,00000119298767375008","0,00000057575972939949","0,00000022004285885080","0,00000146814899746714","0,00000069718096349818"
"-0,14128456388836840800","0,00000014742476554969","0,00000088816354489645","0,00000064018379864342","0,00000069517012095460","0,00000001163801321688","0,00000031363760051068","0,00000021264784032884","0,00000098748360462866","0,00000183524743917449","0,00000009222610536886","0,00000001211015803310","0,00000161645476033139","0,00000138239507897697","0,00000001128269089100","0,00000089156981006908","0,00000119247563901213","0,00000057225479360810","0,00000021903647377168","0,00000146046738677930","0,00000069369920742233"
"-0,13928063838629226000","0,00000014694148563779","0,00000088335562703588","0,00000063632558697491","0,00000069186337834536","0,00000001165500787009","0,00000031195734182948","0,00000021168629342589","0,00000098230000260401","0,00000182690989589221","0,00000009178013869026","0,00000001216183471913","0,00000160768295344837","0,00000137462319103225","0,00000001130608805005","0,00000088780111081246","0,00000119196108099807","0,00000056874917891958","0,00000021802414140614","0,00000145279060295015","0,00000069022776709417"
"-0,13727671288421608400","0,00000014645867088751","0,00000087855382378940","0,00000063246849552168","0,00000068854499977064","0,00000001166758006995","0,00000031027328811337","0,00000021071861002491","0,00000097711191387559","0,00000181856629141867","0,00000009133136971095","0,00000001220363367410","0,00000159891234343023","0,00000136685596208647","0,00000001132948858240","0,00000088402822980915","0,00000119144399970788","0,00000056524288533394","0,00000021700586175419","0,00000144511864597970","0,00000068676664251371"
"-0,13527278738213993600","0,00000014597632129883","0,00000087375813515700","0,00000062861252428373","0,00000068521498523043","0,00000001167572981648","0,00000030858543936236","0,00000020974479012593","0,00000097191933844340","0,00000181021662575388","0,00000009087979843091","0,00000001223555489801","0,00000159014293027696","0,00000135909339213964","0,00000001135289248804","0,00000088025116705916","0,00000119092439514157","0,00000056173591285118","0,00000021598163481581","0,00000143745151586793","0,00000068331583368095"
"-0,13326886188006378800","0,00000014549443687177","0,00000086896856113870","0,00000062475767326107","0,00000068187333472475","0,00000001167945710966","0,00000030689379557645","0,00000020876483372893","0,00000096672227630745","0,00000180186089889784","0,00000009042542485017","0,00000001225759839087","0,00000158137471398856","0,00000135133548119176","0,00000001137629976698","0,00000087646992256249","0,00000119040226729915","0,00000055822826147129","0,00000021495146059102","0,00000142978921261485","0,00000067987534059588"
"-0,13126493637798764000","0,00000014501301760632","0,00000086418510173447","0,00000062090394245368","0,00000067852004825358","0,00000001167876194950","0,00000030519835675564","0,00000020777874083392","0,00000096152072746772","0,00000179349911085054","0,00000008996824896870","0,00000001226976415267","0,00000157260769456503","0,00000134358222924283","0,00000001139971041922","0,00000087268449631914","0,00000118987761618061","0,00000055471993119427","0,00000021391533907980","0,00000142213173622046","0,00000067644516325852"
"-0,12926101087591149200","0,00000014453206350248","0,00000085940775694434","0,00000061705133186157","0,00000067515512581693","0,00000001167364433600","0,00000030349912289993","0,00000020678651144089","0,00000095631469192422","0,00000178513126161199","0,00000008950827078652","0,00000001227205218342","0,00000156384187200637","0,00000133583363629285","0,00000001142312444475","0,00000086889488832911","0,00000118935044178594","0,00000055121092202012","0,00000021287327028217","0,00000141447908668477","0,00000067302530166885"
"-0,12725708537383534400","0,00000014405157456025","0,00000085463652676829","0,00000061319984148475","0,00000067177856741480","0,00000001166410426916","0,00000030179609400931","0,00000020578814554985","0,00000095110416967695","0,00000177675735118219","0,00000008904549030362","0,00000001226446248312","0,00000155507724631259","0,00000132808970234182","0,00000001144654184357","0,00000086510109859240","0,00000118882074411516","0,00000054770123394885","0,00000021182525419811","0,00000140683126400776","0,00000066961575582688"
"-0,12525315987175916800","0,00000014357155077963","0,00000084987141120633","0,00000060934947132320","0,00000066839037304718","0,00000001165014174897","0,00000030008927008379","0,00000020478364316080","0,00000094588916072591","0,00000176837737956113","0,00000008857990752001","0,00000001224699505176","0,00000154631381748367","0,00000132035042738974","0,00000001146996261569","0,00000086130312710901","0,00000118828852316825","0,00000054419086698046","0,00000021077129082763","0,00000139918826818944","0,00000066621652573260"
"-0,12324923436968301900","0,00000014309199216063","0,00000084511241025845","0,00000060550022137694","0,00000066499054271409","0,00000001163175677545","0,00000029837865112337","0,00000020377300427373","0,00000094066966507111","0,00000175999134674883","0,00000008811152243568","0,00000001221964988934","0,00000153755158551963","0,00000131261581143661","0,00000001149338676111","0,00000085750097387893","0,00000118775377894523","0,00000054067982111494","0,00000020971138017074","0,00000139155009922982","0,00000066282761138603"
"-0,12124530886760687100","0,00000014261289870324","0,00000084035952392466","0,00000060165209164595","0,00000066157907641551","0,00000001160894934858","0,00000029666423712804","0,00000020275622888865","0,00000093544568271253","0,00000175159925274526","0,00000008764033505063","0,00000001218242699587","0,00000152879055042046","0,00000130488585448242","0,00000001151681427982","0,00000085369463890218","0,00000118721651144609","0,00000053716809635229","0,00000020864552222742","0,00000138391675712888","0,00000065944901278715"
"-0,11924138336553072300","0,00000014213427040746","0,00000083561275220496","0,00000059780508213025","0,00000065815597415145","0,00000001158171946837","0,00000029494602809781","0,00000020173331700555","0,00000093021721365018","0,00000174320109755045","0,00000008716634536487","0,00000001213532637134","0,00000152003071218616","0,00000129716055652719","0,00000001154024517183","0,00000084988412217874","0,00000118667672067082","0,00000053365569269251","0,00000020757371699768","0,00000137628824188663","0,00000065608072993597"
"-0,11723745786345456100","0,00000014165610727329","0,00000083087209509935","0,00000059395919282982","0,00000065472123592191","0,00000001155006713482","0,00000029322402403268","0,00000020070426862444","0,00000092498425788406","0,00000173479688116438","0,00000008668955337839","0,00000001207834801576","0,00000151127207081674","0,00000128943991757091","0,00000001156367943713","0,00000084606942370862","0,00000118613440661944","0,00000053014261013561","0,00000020649596448153","0,00000136866455350307","0,00000065272276283249"
"-0,11523353236137841300","0,00000014117840930073","0,00000082613755260782","0,00000059011442374468","0,00000065127486172689","0,00000001151399234792","0,00000029149822493265","0,00000019966908374532","0,00000091974681541417","0,00000172638660358706","0,00000008620995909119","0,00000001201149192913","0,00000150251462631218","0,00000128172393761357","0,00000001158711707573","0,00000084225054349182","0,00000118558956929194","0,00000052662884868159","0,00000020541226467895","0,00000136104569197821","0,00000064937511147670"
"-0,11322960685930226500","0,00000014070117648979","0,00000082140912473037","0,00000058627077487481","0,00000064781685156638","0,00000001147349510769","0,00000028976863079772","0,00000019862776236818","0,00000091450488624051","0,00000171797026481849","0,00000008572756250328","0,00000001193475811144","0,00000149375837867250","0,00000127401261665519","0,00000001161055808762","0,00000083842748152834","0,00000118504220868832","0,00000052311440833044","0,00000020432261758995","0,00000135343165731203","0,00000064603777586862"
"-0,11122568135722610300","0,00000014022440884046","0,00000081668681146702","0,00000058242824622023","0,00000064434720544039","0,00000001142857541411","0,00000028803524162788","0,00000019758030449303","0,00000090925847036308","0,00000170954786485866","0,00000008524236361465","0,00000001184814656270","0,00000148500332789768","0,00000126630595469576","0,00000001163400247281","0,00000083460023781818","0,00000118449232480858","0,00000051959928908216","0,00000020322702321454","0,00000134582244950454","0,00000064271075600823"
"-0,10922175585514995500","0,00000013974810635273","0,00000081197061281775","0,00000057858683778093","0,00000064086592334892","0,00000001137923326719","0,00000028629805742314","0,00000019652671011986","0,00000090400756778188","0,00000170111940370758","0,00000008475436242531","0,00000001175165728290","0,00000147624947398774","0,00000125860395173527","0,00000001165745023130","0,00000083076881236134","0,00000118393991765272","0,00000051608349093676","0,00000020212548155270","0,00000133821806855574","0,00000063939405189554"
"-0,10721783035307380600","0,00000013927226902663","0,00000080726052878256","0,00000057474654955691","0,00000063737300529197","0,00000001132546866693","0,00000028455707818350","0,00000019546697924869","0,00000089875217849691","0,00000169268488136524","0,00000008426355893524","0,00000001164529027204","0,00000146749681694268","0,00000125090660777373","0,00000001168090136308","0,00000082693320515781","0,00000118338498722073","0,00000051256701389423","0,00000020101799260444","0,00000133061851446564","0,00000063608766353054"
"-0,10521390485099764400","0,00000013879689686213","0,00000080255655936147","0,00000057090738154816","0,00000063386845126954","0,00000001126728161333","0,00000028281230390895","0,00000019440111187949","0,00000089349230250818","0,00000168424429783166","0,00000008376995314447","0,00000001152904553013","0,00000145874535676248","0,00000124321392281115","0,00000001170435586815","0,00000082309341620761","0,00000118282753351263","0,00000050904985795457","0,00000019990455636977","0,00000132302378723422","0,00000063279159091325"
"-0,10320997934892149600","0,00000013832198985924","0,00000079785870455446","0,00000056706933375470","0,00000063035226128162","0,00000001120467210638","0,00000028106373459951","0,00000019332910801229","0,00000088822793981567","0,00000167579765310682","0,00000008327354505297","0,00000001140292305717","0,00000144999509344715","0,00000123552589684751","0,00000001172781374652","0,00000081924944551072","0,00000118226755652841","0,00000050553202311779","0,00000019878517284867","0,00000131543388686149","0,00000062950583404365"
"-0,10120605384684534800","0,00000013784754801797","0,00000079316696436153","0,00000056323240617652","0,00000062682443532823","0,00000001113764014609","0,00000027931137025516","0,00000019225096764706","0,00000088295909041939","0,00000166734494719072","0,00000008277433466076","0,00000001126692285315","0,00000144124602699670","0,00000122784252988282","0,00000001175127499819","0,00000081540129306716","0,00000118170505626807","0,00000050201350938388","0,00000019765984204115","0,00000130784881334745","0,00000062623039292175"
"-0,09920212834476918600","0,00000013737075286989","0,00000078847449362800","0,00000055940524548402","0,00000062329345238204","0,00000001107163548672","0,00000027755818609606","0,00000019117248403406","0,00000087768446474066","0,00000165888012952114","0,00000008227577991151","0,00000001113167380573","0,00000143250472643354","0,00000122016047488572","0,00000001177318797336","0,00000081154263389164","0,00000118114116569746","0,00000049850449972307","0,00000019653347745303","0,00000130026863729091","0,00000062296227120155"
"-0,09719820284269303780","0,00000013688878594658","0,00000078377444719915","0,00000055559649834760","0,00000061976779141575","0,00000001101210788253","0,00000027580715734235","0,00000019009945042350","0,00000087240277320082","0,00000165039714953583","0,00000008178133874891","0,00000001100780480257","0,00000142377776078011","0,00000121247638482484","0,00000001179200102223","0,00000080766714299890","0,00000118057701778242","0,00000049501517710558","0,00000019541099259012","0,00000129269342929066","0,00000061969847253705"
"-0,09519427734061688960","0,00000013640164724805","0,00000077906682507501","0,00000055180616476725","0,00000061624745242936","0,00000001095905733351","0,00000027405828399404","0,00000018903186681537","0,00000086711401579986","0,00000164189600723480","0,00000008129101117296","0,00000001089531584367","0,00000141506513003641","0,00000120479025970017","0,00000001180771414480","0,00000080377482038893","0,00000118001261252295","0,00000049154554153141","0,00000019429238745243","0,00000128512318934672","0,00000061643899692825"
"-0,09319035183854072760","0,00000013590933677428","0,00000077435162725555","0,00000054803424474298","0,00000061273243542287","0,00000001091248383967","0,00000027231156605113","0,00000018796973320970","0,00000086181819253778","0,00000163337670261803","0,00000008080479718366","0,00000001079420692903","0,00000140636683420243","0,00000119710209951173","0,00000001182032734107","0,00000079986566606175","0,00000117944794991906","0,00000048809559300056","0,00000019317766203994","0,00000127755791745907","0,00000061318384437516"
"-0,09118642633646457940","0,00000013541185452529","0,00000076962885374079","0,00000054428073827479","0,00000060922274039628","0,00000001087238740100","0,00000027056700351362","0,00000018691304960646","0,00000085651530341458","0,00000162483923568554","0,00000008032269678101","0,00000001070447805865","0,00000139768287327818","0,00000118941190425950","0,00000001182984061105","0,00000079593968001734","0,00000117888302997074","0,00000048466533151303","0,00000019206681635267","0,00000126999761362772","0,00000060993301487776"
"-0,08918250083438843120","0,00000013490920050107","0,00000076489850453072","0,00000054054564536267","0,00000060571836734959","0,00000001083876801751","0,00000026882459638150","0,00000018586181600567","0,00000085120534843027","0,00000161628360643733","0,00000007984470996500","0,00000001062612923253","0,00000138901324726365","0,00000118171967394349","0,00000001183625395473","0,00000079199686225570","0,00000117831785267799","0,00000048125475706882","0,00000019095985039061","0,00000126244227785267","0,00000060668650843607"
"-0,08717857533231226920","0,00000013440137470163","0,00000076016057962534","0,00000053682896600663","0,00000060221931628280","0,00000001081162568919","0,00000026708434465478","0,00000018481603240732","0,00000084588832758483","0,00000160770981487338","0,00000007937083673564","0,00000001055916045066","0,00000138035795615885","0,00000117402540856370","0,00000001183956737211","0,00000078803721277685","0,00000117775241804082","0,00000047786386966793","0,00000018985676415377","0,00000125489191013392","0,00000060344432505008"
"-0,08517464983023612100","0,00000013388837712695","0,00000075541507902466","0,00000053313070020667","0,00000059872558719591","0,00000001079096041605","0,00000026534624833346","0,00000018377569881141","0,00000084056424087828","0,00000159911786099371","0,00000007890107709293","0,00000001050357171305","0,00000137171699996378","0,00000116632910812013","0,00000001183978086320","0,00000078406073158077","0,00000117718672605921","0,00000047449266931035","0,00000018875755764213","0,00000124734651047147","0,00000060020646471979"
"-0,08317072432815995900","0,00000013337020777705","0,00000075066200272867","0,00000052945084796279","0,00000059523718008891","0,00000001077677219809","0,00000026361030741753","0,00000018274081521795","0,00000083523308831061","0,00000159050774479832","0,00000007843543103686","0,00000001045936301971","0,00000136309037867843","0,00000115863077261278","0,00000001183689442799","0,00000078006741866747","0,00000117662077673318","0,00000047114115599610","0,00000018766223085571","0,00000123980607886532","0,00000059697292744520"
"-0,08116679882608381080","0,00000013284686665192","0,00000074590135073737","0,00000052578940927498","0,00000059175409496182","0,00000001076906103530","0,00000026187652190700","0,00000018171138162693","0,00000082989486988182","0,00000158187946628719","0,00000007797389856744","0,00000001042653437062","0,00000135447809230280","0,00000115093040204165","0,00000001183090806648","0,00000077605727403695","0,00000117605457006273","0,00000046780932972517","0,00000018657078379450","0,00000123227061531546","0,00000059374371322631"
"-0,07916287332400766260","0,00000013231835375157","0,00000074113312305077","0,00000052214638414326","0,00000058827633181463","0,00000001076782692769","0,00000026014489180187","0,00000018068739803835","0,00000082454958559191","0,00000157323302546034","0,00000007751647968468","0,00000001040508576579","0,00000134588014083690","0,00000114322799640673","0,00000001182182177867","0,00000077203029768921","0,00000117548810604784","0,00000046449719049756","0,00000018548321645851","0,00000122474011982191","0,00000059051882206313"
"-0,07715894782193150060","0,00000013178466907598","0,00000073635731966886","0,00000051852177256760","0,00000058480389064734","0,00000001077306987525","0,00000025841541710214","0,00000017966886445221","0,00000081919723544088","0,00000156456842231776","0,00000007706317438855","0,00000001039501720521","0,00000133729652428073","0,00000113552355570804","0,00000001180963556457","0,00000076798648962424","0,00000117492138468853","0,00000046120473831327","0,00000018439952884772","0,00000121721459238465","0,00000058729825395564"
"-0,07515502231985535240","0,00000013124581262517","0,00000073157394059164","0,00000051491557454803","0,00000058133677145994","0,00000001078478987799","0,00000025668809780780","0,00000017865578086852","0,00000081383781942873","0,00000155588565685946","0,00000007661398267908","0,00000001039632868890","0,00000132872724263428","0,00000112781707994556","0,00000001179434942417","0,00000076392584984205","0,00000117435440598480","0,00000045793197317230","0,00000018331972096215","0,00000120969403300369","0,00000058408200890386"
"-0,07315109681777920430","0,00000013070178439913","0,00000072678298581911","0,00000051132779008454","0,00000057787497425245","0,00000001080298693590","0,00000025496293391886","0,00000017764814728727","0,00000080847133755547","0,00000154718472908543","0,00000007616890455626","0,00000001040902021684","0,00000132017229589756","0,00000112010856911931","0,00000001177596335747","0,00000075984837834263","0,00000117378716993663","0,00000045467889507465","0,00000018224379280179","0,00000120217844167903","0,00000058087008690778"
"-0,07114717131570304220","0,00000013015258439787","0,00000072198445535128","0,00000050775841917712","0,00000057441849902486","0,00000001082766104899","0,00000025323992543531","0,00000017664596370846","0,00000080309778982108","0,00000153846563899567","0,00000007572794002008","0,00000001043309178905","0,00000131163168407057","0,00000111239802322927","0,00000001175447736447","0,00000075575407512600","0,00000117321967654404","0,00000045144550402032","0,00000018117174436664","0,00000119466781841067","0,00000057766248796740"
"-0,06914324581362689400","0,00000012959821262137","0,00000071717834918814","0,00000050420746182578","0,00000057096734577716","0,00000001085881221726","0,00000025151907235717","0,00000017564923013210","0,00000079771717622558","0,00000152972838659019","0,00000007529108907055","0,00000001046854340551","0,00000130310540715330","0,00000110468544227545","0,00000001172989144518","0,00000075164294019214","0,00000117265192580702","0,00000044823180000931","0,00000018010357565671","0,00000118716216319861","0,00000057445921208272"
"-0,06713932031155074590","0,00000012903866906965","0,00000071236466732969","0,00000050067491803051","0,00000056752151450937","0,00000001089644044070","0,00000024980037468442","0,00000017465794655818","0,00000079232949676896","0,00000152097297186898","0,00000007485835170766","0,00000001051537506623","0,00000129459346514575","0,00000109697082625785","0,00000001170220559959","0,00000074751497354106","0,00000117208391772558","0,00000044503778304161","0,00000017903928667199","0,00000117966147604285","0,00000057126025925374"
"-0,06513539480947458380","0,00000012847395374270","0,00000070754340977594","0,00000049716078779133","0,00000056408100522147","0,00000001094054571932","0,00000024808383241706","0,00000017367211298670","0,00000078693475145122","0,00000151219939483204","0,00000007442972793143","0,00000001057358677121","0,00000128609585804793","0,00000108925417517647","0,00000001167141982770","0,00000074337017517276","0,00000117151565229970","0,00000044186345311724","0,00000017797887741248","0,00000117216575694339","0,00000056806562948047"
"-0,06313146930739843570","0,00000012790406664052","0,00000070271457652688","0,00000049366507110822","0,00000056064581791348","0,00000001099112805311","0,00000024636944555511","0,00000017269172941766","0,00000078153294027237","0,00000150340765547938","0,00000007400521774184","0,00000001064317852045","0,00000127761258585984","0,00000108153548903131","0,00000001163753412952","0,00000073920854508723","0,00000117094712952941","0,00000043870881023619","0,00000017692234787818","0,00000116467500590022","0,00000056487532276290"
"-0,06112754380532228060","0,00000012732900776312","0,00000069787816758251","0,00000049018776798118","0,00000055721595258538","0,00000001104818744208","0,00000024465721409855","0,00000017171679585107","0,00000077612406323239","0,00000149459775381098","0,00000007358482113890","0,00000001072415031395","0,00000126914364858147","0,00000107381476782237","0,00000001160054850504","0,00000073503008328448","0,00000117037834941468","0,00000043557385439846","0,00000017586969806909","0,00000115718922291335","0,00000056168933910102"
"-0,05912361830324613240","0,00000012674877711049","0,00000069303418294284","0,00000048672887841023","0,00000055379140923718","0,00000001111172388622","0,00000024294713804738","0,00000017074731228692","0,00000077070812033130","0,00000148576968982687","0,00000007316853812261","0,00000001081650215170","0,00000126068904621283","0,00000106609201154964","0,00000001156046295426","0,00000073083478976451","0,00000116980931195553","0,00000043245858560405","0,00000017482092798522","0,00000114970840798279","0,00000055850767849485"
"-0,05711969280116997730","0,00000012616337468263","0,00000068818262260786","0,00000048328840239535","0,00000055037218786889","0,00000001118173738554","0,00000024123921740162","0,00000016978327872521","0,00000076528511156908","0,00000147692346352702","0,00000007275636869297","0,00000001092023403372","0,00000125224877875391","0,00000105836722021314","0,00000001151727747718","0,00000072662266452732","0,00000116924001715194","0,00000042936300385296","0,00000017377603762656","0,00000114223256110852","0,00000055533034094438"
"-0,05511576729909382220","0,00000012557280047954","0,00000068332348657757","0,00000047986633993655","0,00000054695828848049","0,00000001125822794004","0,00000023953345216125","0,00000016882469516594","0,00000075985503694575","0,00000146805907491145","0,00000007234831284997","0,00000001103534595999","0,00000124382284620472","0,00000105064039381285","0,00000001147099207381","0,00000072239370757290","0,00000116867046500394","0,00000042628710914518","0,00000017273502699311","0,00000113476168229055","0,00000055215732644962"
"-0,05311184179701766710","0,00000012497705450123","0,00000067845677485197","0,00000047646269103383","0,00000054354971107199","0,00000001134119554971","0,00000023782984232628","0,00000016787156160912","0,00000075441789646130","0,00000145917652398015","0,00000007194437059362","0,00000001116183793052","0,00000123541124856526","0,00000104291153234878","0,00000001142160674414","0,00000071814791890126","0,00000116810065551150","0,00000042323090148073","0,00000017169789608488","0,00000112729577152888","0,00000054898863501055"
"-0,05110791629494151890","0,00000012437613674768","0,00000067358248743107","0,00000047307745568719","0,00000054014645564339","0,00000001143064021456","0,00000023612838789670","0,00000016692387805474","0,00000074897369011573","0,00000145027581073313","0,00000007154454192392","0,00000001129970994531","0,00000122701398583552","0,00000103518063582094","0,00000001136912148817","0,00000071388529851240","0,00000116753058867464","0,00000042019438085960","0,00000017066464490186","0,00000111983482882351","0,00000054582426662719"
"-0,04910399079286536380","0,00000012377535668591","0,00000066871154149655","0,00000046971045092024","0,00000053674560876006","0,00000001152008040770","0,00000023443370765951","0,00000016597972497320","0,00000074353649366626","0,00000144137294350602","0,00000007114591927203","0,00000001143802234792","0,00000121864499922550","0,00000102746505649715","0,00000001131752288694","0,00000070961534432461","0,00000116696004581497","0,00000041717249195619","0,00000016962776622768","0,00000111240425193003","0,00000054267921968364"
"-0,04710006529078920870","0,00000012318002378290","0,00000066385485423011","0,00000046636149375660","0,00000053334425698737","0,00000001160303460227","0,00000023275042040170","0,00000016503718283490","0,00000073812038287010","0,00000143248393063449","0,00000007074559506911","0,00000001156583548189","0,00000121031822994519","0,00000101978214664527","0,00000001127079752149","0,00000070534755425620","0,00000116638880825410","0,00000041416017944492","0,00000016857975284599","0,00000110502943860404","0,00000053956849256404"
"-0,04509613978871306050","0,00000012259013803866","0,00000065901242563173","0,00000046303058419627","0,00000052994240032531","0,00000001167950279826","0,00000023107852612325","0,00000016409625163983","0,00000073272535772725","0,00000142360877211853","0,00000007034356931516","0,00000001168314934723","0,00000120203367799459","0,00000101213190626531","0,00000001122894539181","0,00000070108192830715","0,00000116581687599204","0,00000041115744332578","0,00000016752060475678","0,00000109771038884555","0,00000053649208526838"
"-0,04309221428663690540","0,00000012200569945318","0,00000065418425570143","0,00000045971772223925","0,00000052654003877389","0,00000001174948499568","0,00000022941802482418","0,00000016315693138800","0,00000072735141823772","0,00000141474746795814","0,00000006993984201018","0,00000001178996394394","0,00000119379134337371","0,00000100451433535724","0,00000001119196649790","0,00000069681846647748","0,00000116524424902878","0,00000040816428359876","0,00000016645032196005","0,00000109044710265454","0,00000053344999779665"
"-0,04108828878456075030","0,00000012142670802646","0,00000064937034443920","0,00000045642290788554","0,00000052313717233311","0,00000001181298119451","0,00000022776891650448","0,00000016221922207941","0,00000072199856440149","0,00000140590001815332","0,00000006953441315418","0,00000001188627927202","0,00000118559122608254","0,00000099692943392109","0,00000001115986083977","0,00000069255716876718","0,00000116467092736432","0,00000040518070026388","0,00000016536890445580","0,00000108323958003102","0,00000053044223014887"
"-0,03908436328248460210","0,00000012085316375851","0,00000064457069184504","0,00000045314614113514","0,00000051973380100296","0,00000001186999139477","0,00000022613120116415","0,00000016128312371405","0,00000071666679621858","0,00000139706642270408","0,00000006912728274714","0,00000001197209533147","0,00000117743332612108","0,00000098937720195684","0,00000001113262841742","0,00000068829803517625","0,00000116409691099867","0,00000040220669332113","0,00000016427635224403","0,00000107608782097500","0,00000052746878232503"
"-0,03708043778040844700","0,00000012028506664933","0,00000063978529791896","0,00000044988742198805","0,00000051632992478345","0,00000001192051559645","0,00000022450487880320","0,00000016034863629193","0,00000071135611368898","0,00000138824668161040","0,00000006871845078908","0,00000001204741212228","0,00000116931764348933","0,00000098185763946451","0,00000001111026923084","0,00000068404106570469","0,00000116352219993182","0,00000039924226277052","0,00000016317266532475","0,00000106899182548646","0,00000052452965432513"
"-0,03507651227833229190","0,00000011972241669891","0,00000063501416266095","0,00000044664675044427","0,00000051292554367457","0,00000001196455379955","0,00000022288994942161","0,00000015941575981304","0,00000070606651681269","0,00000137944079487230","0,00000006830791727998","0,00000001211222964447","0,00000116124417818730","0,00000097437074644407","0,00000001109278328003","0,00000067978626035250","0,00000116294679416378","0,00000039628740861203","0,00000016205784369794","0,00000106195159356542","0,00000052162484614917"
"-0,03307258677625614370","0,00000011916521390726","0,00000063025728607101","0,00000044342412650381","0,00000050952065767634","0,00000001200210600407","0,00000022128641301940","0,00000015848449427739","0,00000070079800558971","0,00000137064876248977","0,00000006789568221986","0,00000001216654789802","0,00000115321293021498","0,00000096691652289555","0,00000001108017056500","0,00000067553361911969","0,00000116237069369454","0,00000039334213084568","0,00000016093188736362","0,00000105496712521187","0,00000051875435779715"
"-0,03106866127417998860","0,00000011861345827437","0,00000062551466814914","0,00000044021955016665","0,00000050611526678874","0,00000001203317221002","0,00000021969426959657","0,00000015755483968498","0,00000069555058002005","0,00000136187058446281","0,00000006748174560871","0,00000001221036688294","0,00000114522389957237","0,00000095949496881894","0,00000001107243108575","0,00000067128314200625","0,00000116179389852411","0,00000039040642947145","0,00000015979479632178","0,00000104803842042580","0,00000051591818926906"
"-0,02906473577210383350","0,00000011806714980024","0,00000062078630889535","0,00000043703302143280","0,00000050270937101177","0,00000001205775241739","0,00000021811351915310","0,00000015662679603580","0,00000069032424010369","0,00000135310626079142","0,00000006706610744653","0,00000001224368659923","0,00000113727708625947","0,00000095210608421423","0,00000001106956484227","0,00000066703482901217","0,00000116121640865248","0,00000038748030448936","0,00000015864657057242","0,00000104116547920723","0,00000051311634056492"
"-0,02706081027002768190","0,00000011752628848488","0,00000061607220830963","0,00000043386454030227","0,00000049930297034544","0,00000001207584662618","0,00000021654416168901","0,00000015570036332986","0,00000068511898584065","0,00000134435579147560","0,00000006664876773332","0,00000001226650704689","0,00000112937249027629","0,00000094474986908143","0,00000001107157183456","0,00000066278868013747","0,00000116063822407966","0,00000038456375589940","0,00000015748721011555","0,00000103434830155615","0,00000051034881168472"
"-0,02505688476795152680","0,00000011699087432829","0,00000061137236639198","0,00000043071410677504","0,00000049589606478975","0,00000001208745483639","0,00000021498619720429","0,00000015477554156716","0,00000067993481723092","0,00000133561917651535","0,00000006622972646909","0,00000001227882822592","0,00000112151011162282","0,00000093742632342054","0,00000001107845206263","0,00000065854469538215","0,00000116005934480564","0,00000038165678370157","0,00000015631671495115","0,00000102758688747256","0,00000050761560262846"
"-0,02305295926587537510","0,00000011646090733046","0,00000060668678314240","0,00000042758172085112","0,00000049248865434470","0,00000001209257704803","0,00000021343962569894","0,00000015385233074769","0,00000067477173427450","0,00000132689641591068","0,00000006580898365382","0,00000001228065013632","0,00000111368995029906","0,00000093013544723155","0,00000001109020552648","0,00000065430287474619","0,00000115947977083042","0,00000037875938789587","0,00000015513508507924","0,00000102088123695646","0,00000050491671339614"
"-0,02104903376379922350","0,00000011593638749140","0,00000060201545856090","0,00000042446738253052","0,00000048908073901028","0,00000001209121326108","0,00000021190444717297","0,00000015293073087146","0,00000066962973697140","0,00000131818750966157","0,00000006538653928753","0,00000001227197277809","0,00000110591200630502","0,00000092287724051447","0,00000001110683222610","0,00000065006321822960","0,00000115889950215401","0,00000037587156848231","0,00000015394232049981","0,00000101423135000785","0,00000050225214398776"
"-0,01904510826172306840","0,00000011541731481110","0,00000059735839264747","0,00000042137109181322","0,00000048567231878650","0,00000001208336347556","0,00000021038066162637","0,00000015201074193847","0,00000066450882532160","0,00000130949245776804","0,00000006496239337020","0,00000001225279615122","0,00000109817627964068","0,00000091565170326930","0,00000001112833216149","0,00000064582572583239","0,00000115831853877641","0,00000037299332546087","0,00000015273842121286","0,00000100763722662673","0,00000049962189440333"
"-0,01704118275964691680","0,00000011490368928956","0,00000059271558540211","0,00000041829284869924","0,00000048226339367335","0,00000001206902769146","0,00000020886826905914","0,00000015109236394871","0,00000065940899932512","0,00000130081126023008","0,00000006453654590185","0,00000001222312025572","0,00000109048277030606","0,00000090845883549604","0,00000001115470533266","0,00000064159039755455","0,00000115773688069760","0,00000037012465883157","0,00000015152338721840","0,00000100109886681310","0,00000049702596464283"
"-0,01503725725757076340","0,00000011439551092679","0,00000058808703682482","0,00000041523265318857","0,00000047885396367084","0,00000001204820590879","0,00000020736726947128","0,00000015017559690219","0,00000065433025898195","0,00000129214391704769","0,00000006410899688247","0,00000001218294509160","0,00000108283147830115","0,00000090129863719469","0,00000001118595173960","0,00000063735723339607","0,00000115715452791761","0,00000036726556859440","0,00000015029721851641","0,00000099461627056696","0,00000049446435470627"
"-0,01303333175549461000","0,00000011389277972279","0,00000058347274691561","0,00000041219050528120","0,00000047544402877897","0,00000001202089812754","0,00000020587766286279","0,00000014926044079890","0,00000064927260429209","0,00000128349042822087","0,00000006367974631206","0,00000001213227065884","0,00000107522240362596","0,00000089417110836524","0,00000001122207138232","0,00000063312623335698","0,00000115657148043641","0,00000036441605474936","0,00000014905991510691","0,00000098818943788831","0,00000049193706459365"
"-0,01102940625341845660","0,00000011339549567755","0,00000057887271567447","0,00000040916640497715","0,00000047203358899774","0,00000001198710434770","0,00000020439944923368","0,00000014834689563886","0,00000064423603525554","0,00000127485079374962","0,00000006324879419062","0,00000001207109695745","0,00000106765554628047","0,00000088707624900770","0,00000001126306426082","0,00000062889739743725","0,00000115598773825402","0,00000036157611729645","0,00000014781147698989","0,00000098181836877716","0,00000048944409430497"
"-0,00902548075134230500","0,00000011290365879107","0,00000057428694310140","0,00000040616035227641","0,00000046862264432714","0,00000001194682456929","0,00000020293262858394","0,00000014743496142204","0,00000063922055187231","0,00000126622501363395","0,00000006281614051816","0,00000001199942398743","0,00000106013090626470","0,00000088001405912207","0,00000001130893037508","0,00000062467072563689","0,00000115540330137044","0,00000035874575623567","0,00000014655190416535","0,00000097550306323349","0,00000048698544384023"
"-0,00702155524926615163","0,00000011241726906336","0,00000056971542919641","0,00000040317234717898","0,00000046521119476718","0,00000001190005879231","0,00000020147720091358","0,00000014652463814847","0,00000063422615414238","0,00000125761308787384","0,00000006238178529466","0,00000001191725174877","0,00000105264848357864","0,00000087298453870835","0,00000001135966972513","0,00000062044621795591","0,00000115481816978566","0,00000035592497156702","0,00000014528119663329","0,00000096924352125731","0,00000048456111319944"
"-0,00501762974718999826","0,00000011193632649442","0,00000056515817395948","0,00000040020238968485","0,00000046179924031785","0,00000001184680701674","0,00000020003316622258","0,00000014561592581813","0,00000062925284206577","0,00000124901501646931","0,00000006194572852014","0,00000001182458024149","0,00000104520827822229","0,00000086598768776653","0,00000001141528231095","0,00000061622387439429","0,00000115423234349968","0,00000035311376329051","0,00000014399935439371","0,00000096303974284863","0,00000048217110238258"
"-0,00301370424511384532","0,00000011146083108424","0,00000056061517739063","0,00000039725047979404","0,00000045838678097916","0,00000001178706924260","0,00000019860052451096","0,00000014470882443103","0,00000062430061564247","0,00000124043079942035","0,00000006150797019458","0,00000001172140946557","0,00000103781029019566","0,00000085902350629662","0,00000001147576813254","0,00000061200369495205","0,00000115364582251251","0,00000035031213140612","0,00000014270637744662","0,00000095689172800743","0,00000047981541138966"
"-0,00100977874303769216","0,00000011099078283282","0,00000055608643948985","0,00000039431661750654","0,00000045497381675111","0,00000001172084546988","0,00000019717927577871","0,00000014380333398716","0,00000061936947487248","0,00000123186043672695","0,00000006106851031800","0,00000001160773942103","0,00000103045451949874","0,00000085209199429862","0,00000001154112718991","0,00000060778567962918","0,00000115305860682415","0,00000034752007591387","0,00000014140226579200","0,00000095079947673373","0,00000047749404022069"
"0,00099414675903846078","0,00000011051983851779","0,00000055158100044775","0,00000039140334573485","0,00000045156820510050","0,00000001165400780952","0,00000019576992723771","0,00000014289688185372","0,00000061446287266975","0,00000122331717102202","0,00000006063367919855","0,00000001149310651632","0,00000102316091371333","0,00000084520192425843","0,00000001160613006939","0,00000060358418093521","0,00000115247358708998","0,00000034475257909849","0,00000014009832744885","0,00000094476306347169","0,00000047520003750400"
"0,00299807226111461394","0,00000011004165491677","0,00000054710790045492","0,00000038851320739145","0,00000044817780349414","0,00000001159242837245","0,00000019437298609986","0,00000014198689539791","0,00000060958426194822","0,00000121481424493843","0,00000006020980714439","0,00000001138704715992","0,00000101594942042125","0,00000083836206866195","0,00000001166554735731","0,00000059941355137967","0,00000115189365396540","0,00000034202462324470","0,00000013880587043613","0,00000093878256266551","0,00000047292645186795"
"0,00500199776319076688","0,00000010955623202976","0,00000054266713951136","0,00000038564620247636","0,00000044480261193202","0,00000001153610715867","0,00000019298845236514","0,00000014107337461972","0,00000060473364270790","0,00000120635165847618","0,00000005979689415551","0,00000001128956135182","0,00000100882003962250","0,00000083157242750918","0,00000001171937905368","0,00000059527379096256","0,00000115131880745042","0,00000033933620835252","0,00000013752489475384","0,00000093285797431518","0,00000047067328331255"
"0,00700592326526692025","0,00000010906356985675","0,00000053825871761707","0,00000038280233098957","0,00000044144263041416","0,00000001148504416819","0,00000019161632603355","0,00000014015631951915","0,00000059991101494879","0,00000119792941163526","0,00000005939494023192","0,00000001120064909204","0,00000100177277131706","0,00000082483300080011","0,00000001176762515849","0,00000059116489968388","0,00000115074904754502","0,00000033668733442194","0,00000013625540040199","0,00000092698929842071","0,00000046844053183778"
"0,00900984876734307362","0,00000010856366839775","0,00000053388263477205","0,00000037998159293109","0,00000043809785894054","0,00000001143923940100","0,00000019025660710511","0,00000013923573009621","0,00000059511637867087","0,00000118954750441569","0,00000005900394537362","0,00000001112031038056","0,00000099480761550495","0,00000081814378853476","0,00000001181028567175","0,00000058708687754362","0,00000115018437424922","0,00000033407800145297","0,00000013499738738057","0,00000092117653498208","0,00000046622819744366"
"0,01101377426941922530","0,00000010805652765275","0,00000052953889097631","0,00000037718398830090","0,00000043476829751117","0,00000001139869285710","0,00000018890929557980","0,00000013831160635089","0,00000059034973387416","0,00000118120593681747","0,00000005862390958061","0,00000001104854521739","0,00000098792457218616","0,00000081150479071312","0,00000001184736059346","0,00000058303972454180","0,00000114962478756301","0,00000033150820944559","0,00000013375085568959","0,00000091541968399931","0,00000046403628013017"
"0,01301769977149537860","0,00000010754214762177","0,00000052522748622984","0,00000037440951709902","0,00000043145394612605","0,00000001136340453650","0,00000018757439145762","0,00000013738394828319","0,00000058561108055866","0,00000117290470884058","0,00000005825483285288","0,00000001098535360253","0,00000098112364136070","0,00000080491600733519","0,00000001187884992361","0,00000057902344067841","0,00000114907028748640","0,00000032897795839982","0,00000013251580532904","0,00000090971874547239","0,00000046186477989733"
"0,01502162527357153200","0,00000010702052830479","0,00000052094842053265","0,00000037165817932543","0,00000042815480478518","0,00000001133337443919","0,00000018625189473859","0,00000013645275589312","0,00000058090041872436","0,00000116464382048503","0,00000005789671519045","0,00000001093073553597","0,00000097440482302856","0,00000079837743840097","0,00000001190475366221","0,00000057503802595344","0,00000114852087401937","0,00000032648724831564","0,00000013129223629893","0,00000090407371940132","0,00000045971369674513"
"0,01702555077564768540","0,00000010649166970182","0,00000051670169388473","0,00000036892997498015","0,00000042487087348856","0,00000001130860256517","0,00000018494180542269","0,00000013551802918067","0,00000057621774837126","0,00000115642327175083","0,00000005754955659330","0,00000001088469101773","0,00000096776811718974","0,00000079188908391046","0,00000001192507180925","0,00000057108348036691","0,00000114797654716194","0,00000032403607919307","0,00000013008014859925","0,00000089848460578611","0,00000045758303067356"
"0,01902947627772383700","0,00000010595557181285","0,00000051248730628607","0,00000036622490406318","0,00000042160215223618","0,00000001128908891444","0,00000018364412350993","0,00000013457976814585","0,00000057156306949937","0,00000114824306263796","0,00000005721335706144","0,00000001084722004779","0,00000096121352384425","0,00000078545094386365","0,00000001193980436474","0,00000056715980391880","0,00000114743730691410","0,00000032162445103210","0,00000012887954223000","0,00000089295140462675","0,00000045547278168264"
"0,02103340177979999210","0,00000010541223463789","0,00000050830525773670","0,00000036354296657450","0,00000041834864102806","0,00000001127483348701","0,00000018235884900030","0,00000013363797278864","0,00000056693638210869","0,00000114010319314644","0,00000005688811659487","0,00000001081832262615","0,00000095474104299207","0,00000077906301826056","0,00000001194895132867","0,00000056326699660912","0,00000114690315327585","0,00000031925236383274","0,00000012769041719119","0,00000088747411592324","0,00000045338294977236"
"0,02303732728187614380","0,00000010486165817694","0,00000050415554823659","0,00000036088416251413","0,00000041511033986418","0,00000001126583628288","0,00000018108598189381","0,00000013269264310907","0,00000056233768619920","0,00000113200366327626","0,00000005657383519358","0,00000001079799875283","0,00000094835067463323","0,00000077272530710118","0,00000001195251270105","0,00000055940505843788","0,00000114637408624719","0,00000031691981759497","0,00000012651277348281","0,00000088205273967558","0,00000045131353494272"
"0,02504125278395229540","0,00000010430384243000","0,00000050003817778576","0,00000035824849188205","0,00000041188724874455","0,00000001126209730203","0,00000017982552219046","0,00000013174377910711","0,00000055776698177093","0,00000112394447302742","0,00000005627051285759","0,00000001078624842781","0,00000094204241876770","0,00000076643781038551","0,00000001195048848187","0,00000055557398940506","0,00000114585010582812","0,00000031462681231881","0,00000012534661110487","0,00000087668727588378","0,00000044926453719371"
"0,02704517828602845050","0,00000010373878739706","0,00000049595314638420","0,00000035563595467828","0,00000040867936766917","0,00000001126361654448","0,00000017857746989025","0,00000013079138078278","0,00000055322426882385","0,00000111592562239992","0,00000005597814958688","0,00000001078307165111","0,00000093581627539550","0,00000076020052811355","0,00000001194287867114","0,00000055177378951067","0,00000114533121201865","0,00000031237334800425","0,00000012419193005736","0,00000087137772454782","0,00000044723595652535"
"0,02904910378810460210","0,00000010316649307813","0,00000049190045403191","0,00000035304655090281","0,00000040548669663803","0,00000001127039401022","0,00000017734182499317","0,00000012983544813607","0,00000054870954735798","0,00000110794711139377","0,00000005569674538146","0,00000001078846842271","0,00000092967224451662","0,00000075401346028530","0,00000001192968326885","0,00000054800445875471","0,00000114481740481877","0,00000031015942465129","0,00000012304873034029","0,00000086612408566772","0,00000044522779293763"
"0,03105302929018075730","0,00000010258695947321","0,00000048788010072890","0,00000035048028055565","0,00000040230923565115","0,00000001128242969926","0,00000017611858749923","0,00000012887598116698","0,00000054422281737332","0,00000110000894000895","0,00000005542630024133","0,00000001080243874261","0,00000092361032613107","0,00000074787660690076","0,00000001191090227501","0,00000054426599713718","0,00000114430868422848","0,00000030798504225993","0,00000012191701195365","0,00000086092635924347","0,00000044324004643055"
"0,03305695479225691240","0,00000010200018658229","0,00000048389208647516","0,00000034793714363678","0,00000039914698470851","0,00000001129972361159","0,00000017490775740843","0,00000012791297987552","0,00000053976407886986","0,00000109211110824547","0,00000005516681416648","0,00000001082498261083","0,00000091763052023884","0,00000074178996795993","0,00000001188653568962","0,00000054055840465808","0,00000114380505024778","0,00000030585020083018","0,00000012079677489744","0,00000085578454527508","0,00000044127271700411"
"0,03506088029433306050","0,00000010140617440538","0,00000047993641127069","0,00000034541714014622","0,00000039599994381012","0,00000001132227574721","0,00000017370933472076","0,00000012694644426168","0,00000053533333184760","0,00000108425361610334","0,00000005491828715693","0,00000001085610002735","0,00000091173282683993","0,00000073575354346280","0,00000001185658351267","0,00000053688168131741","0,00000114330650287667","0,00000030375490036203","0,00000011968801917167","0,00000085069864376254","0,00000043932580465831"
"0,03706480579640921560","0,00000010080492294248","0,00000047601307511549","0,00000034292027008396","0,00000039286811295599","0,00000001135008610612","0,00000017252331943624","0,00000012597637432547","0,00000053093057630655","0,00000107643646358255","0,00000005468071921266","0,00000001089579099218","0,00000090591724593434","0,00000072976733340939","0,00000001182104574416","0,00000053323582711517","0,00000114281304211516","0,00000030169914085548","0,00000011859074477633","0,00000084566865470584","0,00000043739930939315"
"0,03906873129848537070","0,00000010019643219359","0,00000047212207800957","0,00000034044653345000","0,00000038975149214609","0,00000001138315468833","0,00000017134971155484","0,00000012500277006688","0,00000052655581224670","0,00000106865965068310","0,00000005445411033368","0,00000001094405550532","0,00000090018377752208","0,00000072383133779969","0,00000001177992238411","0,00000052962084205135","0,00000114232466796323","0,00000029968292231053","0,00000011750495171143","0,00000084069457810501","0,00000043549323120863"
"0,04107265680056151890","0,00000009958070215870","0,00000046826341995292","0,00000033799593024434","0,00000038665008138045","0,00000001142148149383","0,00000017018851107659","0,00000012402563148591","0,00000052220903966806","0,00000106092317740499","0,00000005423846051999","0,00000001100089356676","0,00000089453242160314","0,00000071794555663370","0,00000001173321343249","0,00000052603672612597","0,00000114184138042090","0,00000029770624472718","0,00000011643063997696","0,00000083577641396002","0,00000043360757010475"
"0,04307658230263767400","0,00000009895773283782","0,00000046443710094554","0,00000033556846046698","0,00000038356388065906","0,00000001146506652262","0,00000016903971800147","0,00000012304495858257","0,00000051789025857062","0,00000105322704374822","0,00000005403376977158","0,00000001106630517651","0,00000088896317817753","0,00000071210998991142","0,00000001168091888933","0,00000052248347933902","0,00000114136317948816","0,00000029576910810543","0,00000011536780957293","0,00000083091416227089","0,00000043174232608151"
"0,04508050780471382910","0,00000009832752423095","0,00000046064312098744","0,00000033316412411793","0,00000038049288998191","0,00000001151390977471","0,00000016790333232949","0,00000012206075135684","0,00000051359946895438","0,00000104557124971279","0,00000005384003808847","0,00000001114029033457","0,00000088347604724524","0,00000070632463763285","0,00000001162303875460","0,00000051896110169049","0,00000114089006516502","0,00000029387151244529","0,00000011431646049933","0,00000082610782303760","0,00000042989749913891"
"0,04708443330678997730","0,00000009769007633808","0,00000045688148007861","0,00000033078292119718","0,00000037743710934901","0,00000001156801125009","0,00000016677935406065","0,00000012107300980875","0,00000050933667081935","0,00000103795579529870","0,00000005365726547064","0,00000001122284904094","0,00000087807102880627","0,00000070058949979799","0,00000001155957302833","0,00000051546959318040","0,00000114042203745146","0,00000029201345774675","0,00000011327659275616","0,00000082135739626018","0,00000042807308927695"
"0,04908835880886613240","0,00000009704538915923","0,00000045315217821905","0,00000032842485170472","0,00000037439653876036","0,00000001162737094877","0,00000016566778319494","0,00000012008173393827","0,00000050510186416553","0,00000103038068050596","0,00000005348545191810","0,00000001131398129562","0,00000087274812286062","0,00000069490457640684","0,00000001149052171050","0,00000051200895380873","0,00000113995909634750","0,00000029019494400981","0,00000011224820634343","0,00000081666288193860","0,00000042626909649564"
"0,05109228431094228750","0,00000009640345179451","0,00000044948094996007","0,00000032609329643884","0,00000037137196238507","0,00000001168702632776","0,00000016457566189921","0,00000011909587668298","0,00000050092551148393","0,00000102284983761242","0,00000005331802819385","0,00000001140617319926","0,00000086752527581701","0,00000068930433840538","0,00000001142158332100","0,00000050859784060558","0,00000113949047013123","0,00000028841948488039","0,00000011123011305218","0,00000081205785556383","0,00000042450677290945"
"0,05309620981301843570","0,00000009577425334406","0,00000044589352985299","0,00000032379163619777","0,00000036836416439224","0,00000001174201484409","0,00000016351003234028","0,00000011812439098043","0,00000049683807526559","0,00000101536719889597","0,00000005314842506089","0,00000001149191085254","0,00000086242043408415","0,00000068382325673961","0,00000001135845637973","0,00000050525491060104","0,00000113900538708074","0,00000028669059400441","0,00000011022112467345","0,00000080757589262681","0,00000042280737063287"
"0,05510013531509459080","0,00000009515779380789","0,00000044238991789780","0,00000032151987098152","0,00000036537314478187","0,00000001179233649776","0,00000016247089451817","0,00000011716727683061","0,00000049283955551051","0,00000100793276435660","0,00000005297664251923","0,00000001157119425545","0,00000085743359766204","0,00000067846133140953","0,00000001130114088670","0,00000050198016379511","0,00000113850384719605","0,00000028500827138187","0,00000010922124120725","0,00000080321699312755","0,00000042117088966591"
"0,05710406081717074590","0,00000009455407318600","0,00000043897011409450","0,00000031927800079010","0,00000036239890355397","0,00000001183799128877","0,00000016145824843287","0,00000011622453423354","0,00000048892995221869","0,00000100054653399432","0,00000005280268056886","0,00000001164402340799","0,00000085256476655068","0,00000067321856241513","0,00000001124963684189","0,00000049877360018778","0,00000113798585047715","0,00000028337251701277","0,00000010823046265357","0,00000079898115706605","0,00000041959733000857"
"0,05910798631924690100","0,00000009396309147838","0,00000043563411844310","0,00000031706602562350","0,00000035944144070853","0,00000001187897921712","0,00000016047209408437","0,00000011529616318921","0,00000048510926539012","0,00000099320850780911","0,00000005262653920978","0,00000001171039831015","0,00000084781394075007","0,00000066809494975641","0,00000001120394424530","0,00000049563521977906","0,00000113745139692404","0,00000028178333089710","0,00000010724878901241","0,00000079486838444230","0,00000041808669166084"
"0,06111191182132304920","0,00000009338484868503","0,00000043238193094359","0,00000031488394548172","0,00000035650075624555","0,00000001191530028282","0,00000015951243147269","0,00000011438216369761","0,00000048137749502481","0,00000098591868580099","0,00000005244821844200","0,00000001177031896196","0,00000084318112026021","0,00000066309049343338","0,00000001116406309695","0,00000049256502256894","0,00000113690048653671","0,00000028024071303488","0,00000010627622028378","0,00000079087867525631","0,00000041663897462272"
"0,06311583732339920430","0,00000009281934480595","0,00000042921355159598","0,00000031273176036476","0,00000035357685016504","0,00000001194695448585","0,00000015857926059782","0,00000011348253575876","0,00000047773464112276","0,00000097867706796995","0,00000005226771826551","0,00000001182378536339","0,00000083866630508110","0,00000065820519344603","0,00000001112999339682","0,00000048956300855743","0,00000113633311931518","0,00000027874466342610","0,00000010531275646768","0,00000078701202950807","0,00000041525417889422"
"0,06511976282547535240","0,00000009226657984115","0,00000042612898040025","0,00000031060947027262","0,00000035066972246699","0,00000001197394182623","0,00000015767258145975","0,00000011259727937264","0,00000047418070368396","0,00000097148365431599","0,00000005208503868032","0,00000001187079751445","0,00000083426949521273","0,00000065343904979437","0,00000001110173514493","0,00000048662917774453","0,00000113574929525943","0,00000027729518207076","0,00000010435839756410","0,00000078326844719759","0,00000041393230447534"
"0,06712368832755151450","0,00000009172655379063","0,00000042312821735642","0,00000030851707520530","0,00000034777937315140","0,00000001199626230394","0,00000015679239405850","0,00000011172639453927","0,00000047071568270842","0,00000096433844483912","0,00000005190017968641","0,00000001191135541514","0,00000082999069065512","0,00000064879206247839","0,00000001107928834126","0,00000048376353013024","0,00000113514901436948","0,00000027589226896885","0,00000010341314357304","0,00000077964792832487","0,00000041267335136607"
"0,06912761382962766270","0,00000009119926665438","0,00000042021126246449","0,00000030645457516281","0,00000034490580221828","0,00000001201391591900","0,00000015593869839405","0,00000011086988125863","0,00000046733957819614","0,00000095724143953932","0,00000005171314128381","0,00000001194545906546","0,00000082582989140825","0,00000064426423149809","0,00000001106265298582","0,00000048096606571455","0,00000113453227664532","0,00000027453592412039","0,00000010247699449451","0,00000077615047288990","0,00000041147731956642"
"0,07113153933170381080","0,00000009068471843240","0,00000041737811572445","0,00000030442197014513","0,00000034204900966762","0,00000001202690267140","0,00000015511149446642","0,00000011002773953074","0,00000046405239014712","0,00000095019263841661","0,00000005152392347249","0,00000001197310846542","0,00000082178709747214","0,00000063985555685348","0,00000001105182907860","0,00000047823678449747","0,00000113389908208694","0,00000027322614752537","0,00000010154995032850","0,00000077277608089269","0,00000041034420907638"
"0,07313546483377997290","0,00000009018290912470","0,00000041462877713630","0,00000030241926015228","0,00000033920899549942","0,00000001203522256114","0,00000015431078227559","0,00000010919996935558","0,00000046085411856135","0,00000094319204147099","0,00000005133252625247","0,00000001199430361501","0,00000081786230884677","0,00000063556603854456","0,00000001104681661962","0,00000047557568647899","0,00000113324943069436","0,00000027196293918378","0,00000010063201107501","0,00000076952475233324","0,00000040927401989596"
"0,07513939033585612100","0,00000008969383873127","0,00000041196324670004","0,00000030044644518425","0,00000033638575971369","0,00000001203887558822","0,00000015353656182158","0,00000010838657073317","0,00000045774476343884","0,00000093623964870244","0,00000005113894962374","0,00000001200904451422","0,00000081405552553216","0,00000063139567657131","0,00000001104761560886","0,00000047298277165912","0,00000113258332246756","0,00000027074629909564","0,00000009972317673405","0,00000076639648721154","0,00000040826675202515"
"0,07714331583793226920","0,00000008921750725211","0,00000040938152441568","0,00000029850352524104","0,00000033357930231042","0,00000001203786175263","0,00000015278883310437","0,00000010758754366349","0,00000045472432477958","0,00000092933546011098","0,00000005094319358630","0,00000001201733116307","0,00000081036674752829","0,00000062734447093376","0,00000001105422604633","0,00000047045804003786","0,00000113190075740656","0,00000026957622726093","0,00000009882344730562","0,00000076339128552760","0,00000040732240546396"
"0,07914724134000843130","0,00000008875391468723","0,00000040688361028321","0,00000029659050032266","0,00000033078962328962","0,00000001203218105439","0,00000015206759612397","0,00000010680288814656","0,00000045179280258359","0,00000092247947569660","0,00000005074525814016","0,00000001201916356155","0,00000080679597483517","0,00000062341242163188","0,00000001106664793203","0,00000046800149161521","0,00000113120173551134","0,00000026845272367966","0,00000009793282278971","0,00000076050914728141","0,00000040644098021238"
"0,08115116684208457940","0,00000008830306103662","0,00000040446950430263","0,00000029470737042909","0,00000032801672265127","0,00000001202183349350","0,00000015137285088039","0,00000010603260418236","0,00000044895019685085","0,00000091567169545930","0,00000005054514328531","0,00000001201454170966","0,00000080334320745281","0,00000061959952866569","0,00000001108488126596","0,00000046561312639116","0,00000113048625678192","0,00000026737578835184","0,00000009705130318632","0,00000075775007247298","0,00000040562247627042"
"0,08315509234416072760","0,00000008786494630029","0,00000040213920647395","0,00000029285413556035","0,00000032526060039539","0,00000001200681906994","0,00000015070459737361","0,00000010527669177090","0,00000044619650758136","0,00000090891211939908","0,00000005034284902176","0,00000001200346560740","0,00000080000844538119","0,00000061590579203519","0,00000001110892604811","0,00000046329294436572","0,00000112975432121828","0,00000026634542127745","0,00000009617888849546","0,00000075511406110231","0,00000040486689363807"
"0,08515901784623688960","0,00000008743957047823","0,00000039989271679716","0,00000029103079571643","0,00000032252125652198","0,00000001198713778372","0,00000015006283560365","0,00000010453515091219","0,00000044353173477514","0,00000090220074751595","0,00000005013837534950","0,00000001198593525477","0,00000079679168862032","0,00000061233121174037","0,00000001113878227850","0,00000046104094553888","0,00000112900592882044","0,00000026536162245650","0,00000009531557871712","0,00000075260111316939","0,00000040417423231534"
"0,08716294334831303780","0,00000008702693357044","0,00000039773003527227","0,00000028923735089733","0,00000031979869103103","0,00000001196278963484","0,00000014944756557049","0,00000010380798160621","0,00000044095587843217","0,00000089553757980989","0,00000004993172226853","0,00000001196195065177","0,00000079369293717020","0,00000060887578778123","0,00000001117444995711","0,00000045885712991065","0,00000112824107958838","0,00000026442439188900","0,00000009446137385131","0,00000075021122867423","0,00000040354449230222"
"0,08916686885038919990","0,00000008662703557693","0,00000039565116189927","0,00000028747380110305","0,00000031709290392254","0,00000001193377462330","0,00000014885878727414","0,00000010309518385297","0,00000043846893855246","0,00000088892261628092","0,00000004972288977885","0,00000001193151179841","0,00000079071219103083","0,00000060553952015778","0,00000001121592908395","0,00000045674149748103","0,00000112745977352212","0,00000026353372957493","0,00000009361627389802","0,00000074794440761682","0,00000040297767359872"
"0,09117079435246534800","0,00000008623987649769","0,00000039365609667816","0,00000028574014633359","0,00000031440389519651","0,00000001190009274911","0,00000014829650071461","0,00000010239675765248","0,00000043607091513600","0,00000088235585692904","0,00000004951187788047","0,00000001189461869467","0,00000078784945020221","0,00000060232240887001","0,00000001126321965902","0,00000045469404825001","0,00000112666201062164","0,00000026268963551430","0,00000009278027885725","0,00000074580064999717","0,00000040247377620483"
"0,09317471985454149620","0,00000008586545633273","0,00000039174483960894","0,00000028403638658895","0,00000031173166485295","0,00000001186174401225","0,00000014776070589188","0,00000010171270300472","0,00000043376180818281","0,00000087583730175423","0,00000004929868657339","0,00000001185127134057","0,00000078510471468434","0,00000059922445391793","0,00000001131632168231","0,00000045271478221760","0,00000112584779088696","0,00000026189210970711","0,00000009195338872901","0,00000074377995581528","0,00000040203280012056"
"0,09517864535661765820","0,00000008550377508204","0,00000038991739069162","0,00000028236252186914","0,00000030907621289185","0,00000001181872841274","0,00000014725140280596","0,00000010104301990970","0,00000043154161769286","0,00000086936695075651","0,00000004908331585759","0,00000001180146973609","0,00000078247798447722","0,00000059624565530153","0,00000001137523515384","0,00000045080369938380","0,00000112501711431806","0,00000026114115215336","0,00000009113560351329","0,00000074188232507114","0,00000040165474534590"
"0,09718257085869380640","0,00000008515483274563","0,00000038817374992619","0,00000028071855217415","0,00000030643753931322","0,00000001177104595056","0,00000014676859145685","0,00000010038770836742","0,00000042941034366618","0,00000086294480393587","0,00000004886576573309","0,00000001174521388125","0,00000077996925958084","0,00000059338601302082","0,00000001143996007359","0,00000044896079974861","0,00000112416998091495","0,00000026043676285305","0,00000009032692321010","0,00000074010775776476","0,00000040133961188086"
"0,09918649636076995460","0,00000008481862932349","0,00000038651391731266","0,00000027910447750397","0,00000030381564411705","0,00000001171869662573","0,00000014631227184456","0,00000009974676837788","0,00000042736798610275","0,00000085657086129231","0,00000004864603619988","0,00000001168250377604","0,00000077757853999522","0,00000059064552707579","0,00000001151049644157","0,00000044718608331202","0,00000112330639067764","0,00000025977894180618","0,00000008952734781943","0,00000073845625389614","0,00000040108739972544"
"0,10119042186284611700","0,00000008449219513045","0,00000038495114578005","0,00000027753938649700","0,00000030123987307401","0,00000001166581330921","0,00000014588336468410","0,00000009911842305040","0,00000042542294866330","0,00000085028266644679","0,00000004843133299073","0,00000001161907113047","0,00000077534103654562","0,00000058803606981045","0,00000001158089772168","0,00000044548363890551","0,00000112243909646098","0,00000025918894423867","0,00000008874410880303","0,00000073694493406123","0,00000040090405895905"
"0,10319434736492226500","0,00000008417256048134","0,00000038349868825741","0,00000027604236779159","0,00000029873957195477","0,00000001161652887198","0,00000014548279069051","0,00000009850089549428","0,00000042358363500854","0,00000084411776302028","0,00000004822886183840","0,00000001156064765455","0,00000077329196005730","0,00000058556951356881","0,00000001164521737782","0,00000044385755536057","0,00000112158085111987","0,00000025868802537647","0,00000008798443762264","0,00000073559091885600","0,00000040079553966112"
"0,10519827286699841300","0,00000008385972537616","0,00000038215654474473","0,00000027461342138776","0,00000029631474075934","0,00000001157084331402","0,00000014511054986379","0,00000009789418570953","0,00000042185004513848","0,00000083807615101276","0,00000004803862274289","0,00000001150723334829","0,00000077143131053027","0,00000058324585835088","0,00000001170345540999","0,00000044230783267719","0,00000112073165465430","0,00000025827618521957","0,00000008724833427825","0,00000073439420828044","0,00000040076184183166"
"0,10720219836907457500","0,00000008355368981492","0,00000038092471524202","0,00000027325254728549","0,00000029396537948771","0,00000001152875663536","0,00000014476664220394","0,00000009729829369615","0,00000042022217905311","0,00000083215783042424","0,00000004786061570420","0,00000001145882821167","0,00000076975908796453","0,00000058106510415665","0,00000001175561181818","0,00000044083447085538","0,00000111989150706427","0,00000025795342376797","0,00000008653579876988","0,00000073335480233456","0,00000040080296547065"
"0,10920612387115072300","0,00000008325445379761","0,00000037980319974927","0,00000027195974548480","0,00000029169148813988","0,00000001149026883598","0,00000014445106771095","0,00000009671321945414","0,00000041870003675243","0,00000082636280125472","0,00000004769484072233","0,00000001141543224471","0,00000076827529236008","0,00000057902725098612","0,00000001180168660241","0,00000043943746989512","0,00000111906040834978","0,00000025771974102166","0,00000008584683109751","0,00000073247270101836","0,00000040091891057810"
"0,11121004937322687100","0,00000008296201732423","0,00000037879199826648","0,00000027073501598568","0,00000028949306671585","0,00000001145537991588","0,00000014416382638484","0,00000009613896298350","0,00000041728361823644","0,00000082069106350420","0,00000004754129779729","0,00000001137704544741","0,00000076697992371692","0,00000057713229883929","0,00000001184167976267","0,00000043811682979643","0,00000111823835851083","0,00000025757513698066","0,00000008518143126114","0,00000073174790433183","0,00000040110967715402"
"0,11321397487530303300","0,00000008267638039478","0,00000037789111079366","0,00000026957835878812","0,00000028737011521563","0,00000001142408987507","0,00000014390491822560","0,00000009557552428422","0,00000041597292350515","0,00000081514261717268","0,00000004739998692906","0,00000001134366781975","0,00000076587298203505","0,00000057538024771616","0,00000001187559129896","0,00000043687255055930","0,00000111742535754743","0,00000025751961164495","0,00000008453959926079","0,00000073118041227498","0,00000040137526519839"
"0,11521790037737918200","0,00000008239754300926","0,00000037710053733081","0,00000026848977389214","0,00000028532263363921","0,00000001139639871354","0,00000014367434323322","0,00000009502290335632","0,00000041476795255856","0,00000080971746226016","0,00000004727090811765","0,00000001131529936175","0,00000076495446731446","0,00000057377109761674","0,00000001190342121128","0,00000043570463218374","0,00000111662140545956","0,00000025755316501455","0,00000008392133509644","0,00000073077022484780","0,00000040171567471123"
"0,11722182587945533000","0,00000008212550516767","0,00000037642027787792","0,00000026746926129772","0,00000028335062198659","0,00000001137230643130","0,00000014347210140771","0,00000009448110019978","0,00000041366870539665","0,00000080441559876664","0,00000004715406136307","0,00000001129194007340","0,00000076422437955516","0,00000057230484854102","0,00000001192516949962","0,00000043461307466973","0,00000111582650224723","0,00000025767579708944","0,00000008332663876811","0,00000073051734205030","0,00000040213090569252"
"0,11922575138153149200","0,00000008186026687001","0,00000037585033243499","0,00000026651682100488","0,00000028145408025777","0,00000001135181302834","0,00000014329819274907","0,00000009395011481461","0,00000041267518201944","0,00000079923702669212","0,00000004704944666530","0,00000001127358995470","0,00000076368271875716","0,00000057098150048900","0,00000001194083616400","0,00000043359787801729","0,00000111504064791044","0,00000025788750786964","0,00000008275551027578","0,00000073042176388248","0,00000040262095814228"
"0,12122967688360764000","0,00000008160182811629","0,00000037539070100203","0,00000026563245301361","0,00000027963300845276","0,00000001133491850467","0,00000014315261725730","0,00000009342994720081","0,00000041178738242692","0,00000079418174603660","0,00000004695706402435","0,00000001126024900565","0,00000076332948492044","0,00000056980105346068","0,00000001195042120441","0,00000043265904222642","0,00000111426384244920","0,00000025818829735513","0,00000008220794961945","0,00000073048349034433","0,00000040318583206049"
"0,12323360238568378800","0,00000008135018890650","0,00000037504138357903","0,00000026481615732390","0,00000027788740657155","0,00000001132162286028","0,00000014303537493240","0,00000009292059735838","0,00000041100530661909","0,00000078924975680008","0,00000004687691344023","0,00000001125191722626","0,00000076316467804500","0,00000056876350745606","0,00000001195392462084","0,00000043179656729710","0,00000111349608586349","0,00000025857816554592","0,00000008168395679914","0,00000073070252143586","0,00000040382552744717"
"0,12523752788775993600","0,00000008110534924064","0,00000037480238016600","0,00000026406793393577","0,00000027621727461414","0,00000001131192609518","0,00000014294646577437","0,00000009242206528731","0,00000041032895459596","0,00000078444105898256","0,00000004680899491292","0,00000001124859461652","0,00000076318829813086","0,00000056786886247515","0,00000001195134641331","0,00000043101045322935","0,00000111273737815332","0,00000025905711244201","0,00000008118353181483","0,00000073107885715706","0,00000040454004430231"
"0,12724145338983611200","0,00000008086730911871","0,00000037467369076293","0,00000026338778284921","0,00000027462261258053","0,00000001130582820936","0,00000014288588978321","0,00000009193435098762","0,00000040975832635752","0,00000077975565258404","0,00000004675330844244","0,00000001125028117643","0,00000076340034517800","0,00000056711711851793","0,00000001194268658181","0,00000043030070002316","0,00000111198771931870","0,00000025962513804340","0,00000008070667466654","0,00000073161249750794","0,00000040532938262591"
"0,12924537889191226000","0,00000008063606854071","0,00000037465531536983","0,00000026277570406422","0,00000027310342047073","0,00000001130332920283","0,00000014285364695891","0,00000009145745445929","0,00000040929342190378","0,00000077519353760452","0,00000004670985402878","0,00000001125697690600","0,00000076380081918644","0,00000056650827558442","0,00000001192794512633","0,00000042966730767853","0,00000111124710935961","0,00000026028224235009","0,00000008025338535425","0,00000073230344248850","0,00000040619354241796"
"0,13124930439398840900","0,00000008041162750664","0,00000037474725398669","0,00000026223169758079","0,00000027165969828473","0,00000001130442907558","0,00000014284973730149","0,00000009099137570233","0,00000040893424123473","0,00000077075471404399","0,00000004667863167194","0,00000001126868180522","0,00000076438972015616","0,00000056604233367461","0,00000001190712204689","0,00000042911027619547","0,00000111051554827607","0,00000026102842536208","0,00000007982366387796","0,00000073315169209873","0,00000040713252367848"
"0,13325322989606455700","0,00000008019398601650","0,00000037494950661351","0,00000026175576339894","0,00000027029144602253","0,00000001130912782762","0,00000014287416081093","0,00000009053611471674","0,00000040868078435037","0,00000076643918190247","0,00000004665964137191","0,00000001128539587409","0,00000076516704808717","0,00000056571929278851","0,00000001188021734347","0,00000042862960557397","0,00000110979303606807","0,00000026186368707937","0,00000007941751023769","0,00000073415724633864","0,00000040814632640746"
"0,13525715539814070500","0,00000007998314407030","0,00000037526207325030","0,00000026134790151866","0,00000026899866368413","0,00000001131742545894","0,00000014292691748724","0,00000009009167150251","0,00000040853305125070","0,00000076224694117995","0,00000004665288312871","0,00000001130711911261","0,00000076613280297947","0,00000056553915292610","0,00000001184723101609","0,00000042822529581403","0,00000110907957273560","0,00000026278802750196","0,00000007903492443342","0,00000073532010520822","0,00000040923495060490"
"0,13726108090021685300","0,00000007977910166803","0,00000037568495389705","0,00000026100811193995","0,00000026778135126954","0,00000001132932196954","0,00000014300800733042","0,00000008965804605966","0,00000040849104193573","0,00000075817799187642","0,00000004665835694233","0,00000001133385152078","0,00000076728698483305","0,00000056550191408740","0,00000001180816306473","0,00000042789734691565","0,00000110837515827868","0,00000026380144662985","0,00000007867590646517","0,00000073664026870748","0,00000041039839627080"
"0,13926500640229302900","0,00000007958185880968","0,00000037621814855377","0,00000026073639466281","0,00000026663950877874","0,00000001134481735944","0,00000014311743034047","0,00000008923523838817","0,00000040855475640545","0,00000075423233399190","0,00000004667606281277","0,00000001136559309861","0,00000076862959364793","0,00000056560757627240","0,00000001176301348940","0,00000042764575887884","0,00000110767979269730","0,00000026490394446304","0,00000007834045633292","0,00000073811773683642","0,00000041163666340516"
"0,14126893190436917700","0,00000007939141549527","0,00000037686165722045","0,00000026053274968724","0,00000026557313621175","0,00000001136391162861","0,00000014325518651739","0,00000008882324848805","0,00000040872419465987","0,00000075040996752638","0,00000004670600074003","0,00000001140234384609","0,00000077016062942409","0,00000056585613948110","0,00000001171178229011","0,00000042747053170359","0,00000110699347599146","0,00000026609552100153","0,00000007802857403667","0,00000073975250959503","0,00000041294975200798"
"0,14327285740644532500","0,00000007920777172479","0,00000037761547989710","0,00000026039717701323","0,00000026458223356857","0,00000001138660477707","0,00000014342127586118","0,00000008842207635930","0,00000040899935669898","0,00000074671089247985","0,00000004674817072411","0,00000001144410376322","0,00000077188009216154","0,00000056624760371350","0,00000001165446946684","0,00000042737166538990","0,00000110631620816115","0,00000026737617624531","0,00000007774025957644","0,00000074154458698332","0,00000041433766207926"
"0,14527678290852147300","0,00000007903092749825","0,00000037847961658371","0,00000026032967664080","0,00000026366680084918","0,00000001141289680482","0,00000014361569837184","0,00000008803172200192","0,00000040938024252278","0,00000074313510885233","0,00000004680257276501","0,00000001149087285001","0,00000077378798186028","0,00000056678196896960","0,00000001159107501960","0,00000042734915993777","0,00000110564798920639","0,00000026874591019440","0,00000007747551295221","0,00000074349396900128","0,00000041580039361900"
"0,14728070841059762200","0,00000007886088281563","0,00000037945406728029","0,00000026033024856994","0,00000026282683805360","0,00000001144278771185","0,00000014383845404936","0,00000008765218541591","0,00000040986685213127","0,00000073968261664380","0,00000004686920686273","0,00000001154265110645","0,00000077588429852031","0,00000056745923524941","0,00000001152159894840","0,00000042740301534721","0,00000110498881912717","0,00000027020472284879","0,00000007723433416399","0,00000074560065564892","0,00000041733794662721"
"0,14928463391267377000","0,00000007869763767695","0,00000038053883198683","0,00000026039889280065","0,00000026206234518182","0,00000001147627749816","0,00000014408954289376","0,00000008728346660126","0,00000041045918552446","0,00000073635341585427","0,00000004694807301728","0,00000001159943853254","0,00000077816904214163","0,00000056827940255292","0,00000001144604125322","0,00000042753323161821","0,00000110433869792349","0,00000027175261420847","0,00000007701672321178","0,00000074786464692624","0,00000041895032110387"
"0,15128855941474994600","0,00000007855247716821","0,00000038173670847507","0,00000026054408808248","0,00000026137655873997","0,00000001151014502980","0,00000014437273870039","0,00000008693613931688","0,00000041116253427571","0,00000073320330435816","0,00000004703168249864","0,00000001165624604211","0,00000078064263488556","0,00000056926573968073","0,00000001137025790940","0,00000042774801577534","0,00000110368204710533","0,00000027338476229145","0,00000007682582655529","0,00000075030216784566","0,00000042064697682687"
"0,15329248491682609400","0,00000007843668637545","0,00000038305049451674","0,00000026077431316499","0,00000026077271523416","0,00000001154116917280","0,00000014469181526465","0,00000008662077732165","0,00000041198218995838","0,00000073028808002987","0,00000004711254657683","0,00000001170808454901","0,00000078330549891341","0,00000057044151543346","0,00000001130010489226","0,00000042805557484318","0,00000110300328818265","0,00000027509634511570","0,00000007666479065421","0,00000075292944341963","0,00000042243737357410"
"0,15529641041890224200","0,00000007835026529866","0,00000038448019011185","0,00000026108956804816","0,00000026025081466441","0,00000001156934992717","0,00000014504677258652","0,00000008633738061557","0,00000041291815257247","0,00000072760774286941","0,00000004719066525185","0,00000001175495405323","0,00000078615763422520","0,00000057180672981111","0,00000001123558220179","0,00000042845590882171","0,00000110230242115545","0,00000027688736268123","0,00000007653361550855","0,00000075574647364814","0,00000042432151134554"
"0,15730033592097839000","0,00000007829321393784","0,00000038602579526039","0,00000026148985273201","0,00000025981085703071","0,00000001159468729289","0,00000014543761066601","0,00000008608594919865","0,00000041397042211798","0,00000072516229287678","0,00000004726603852368","0,00000001179685455476","0,00000078919904082093","0,00000057336138281366","0,00000001117668983801","0,00000042894901771095","0,00000110157944602374","0,00000027875781498803","0,00000007643230111831","0,00000075875325853119","0,00000042629939014121"
"0,15930426142305453800","0,00000007826553229299","0,00000038768730996237","0,00000026197516721652","0,00000025945284233306","0,00000001161718126998","0,00000014586432950312","0,00000008586648307088","0,00000041513899859492","0,00000072295173005197","0,00000004733866639235","0,00000001183378605362","0,00000079242971870058","0,00000057510547444113","0,00000001112342780091","0,00000042953490151089","0,00000110083436278752","0,00000028070770203612","0,00000007636084748349","0,00000076194979806879","0,00000042837100996110"
"0,16130818692513071400","0,00000007826722036412","0,00000038946473421779","0,00000026254551150171","0,00000025917677057146","0,00000001163683185843","0,00000014632692909784","0,00000008567898223227","0,00000041642388200328","0,00000072097605439499","0,00000004740854885783","0,00000001186574854980","0,00000079584966786417","0,00000057703900469352","0,00000001107579609049","0,00000043021356022153","0,00000110006717144679","0,00000028273702382548","0,00000007631925460409","0,00000076533609226092","0,00000043053637080522"
"0,16331211242720686200","0,00000007829827815121","0,00000039135806802663","0,00000026320088558757","0,00000025898264174591","0,00000001165363905824","0,00000014682540945019","0,00000008552344668281","0,00000041782507234306","0,00000071923526590584","0,00000004747568592015","0,00000001189274204330","0,00000079945888831168","0,00000057916197357082","0,00000001103379470675","0,00000043098499384287","0,00000109927787200154","0,00000028484578035612","0,00000007630752248011","0,00000076891214110760","0,00000043279547267355"
"0,16531603792928301100","0,00000007835870565428","0,00000039336731138892","0,00000026394128947411","0,00000025887045585641","0,00000001166760286942","0,00000014735977056015","0,00000008539987642251","0,00000041934256961427","0,00000071772936458451","0,00000004754007757928","0,00000001191476653411","0,00000080325738004313","0,00000058147438107303","0,00000001099742364969","0,00000043184920237492","0,00000109846646445177","0,00000028703397162804","0,00000007632565111154","0,00000077267794460882","0,00000043514831556611"
"0,16731996343135915900","0,00000007844850287332","0,00000039549246430463","0,00000026476672316131","0,00000025884021290296","0,00000001167872329196","0,00000014793001242772","0,00000008530827145135","0,00000042097637381690","0,00000071645835043101","0,00000004760172383525","0,00000001193182202225","0,00000080724514305851","0,00000058397622720015","0,00000001096668291931","0,00000043280618581766","0,00000109763294879750","0,00000028930159764123","0,00000007637364049840","0,00000077663350276459","0,00000043759489948288"
"0,16932388893343530700","0,00000007856766980832","0,00000039773352677379","0,00000026567718664919","0,00000025889191288556","0,00000001168700032586","0,00000014853613505292","0,00000008524863176936","0,00000042272648495095","0,00000071542222344533","0,00000004766062468803","0,00000001194390850771","0,00000081142217735782","0,00000058666751195219","0,00000001094157251561","0,00000043385594417111","0,00000109677732503870","0,00000029164865839570","0,00000007645149064067","0,00000078077881557489","0,00000044013522442388"
"0,17132781443551145500","0,00000007871620645930","0,00000040009049879637","0,00000026667267993774","0,00000025902555580422","0,00000001169243397112","0,00000014917813843573","0,00000008522095737651","0,00000042459290301642","0,00000071462098362748","0,00000004771678013764","0,00000001195102599049","0,00000081578848294107","0,00000058954823532915","0,00000001092209243859","0,00000043499847743526","0,00000109589959317540","0,00000029407515389145","0,00000007655920153837","0,00000078511388303974","0,00000044276929038910"
"0,17333173993758763100","0,00000007889411282626","0,00000040256338037239","0,00000026775320302696","0,00000025924114165892","0,00000001169502422774","0,00000014985602257616","0,00000008522524827282","0,00000042657562801332","0,00000071405463097746","0,00000004777019018408","0,00000001195317447059","0,00000082034405980824","0,00000059261839733102","0,00000001090824268825","0,00000043623378561011","0,00000109499975320758","0,00000029658108412848","0,00000007669677319148","0,00000078963870515913","0,00000044549709737855"
"0,17533566543966377900","0,00000007910138890918","0,00000040515217150185","0,00000026891875591685","0,00000025953867044967","0,00000001169477109573","0,00000015056978747421","0,00000008526150445829","0,00000042867465994164","0,00000071372316549527","0,00000004782085482734","0,00000001195035394801","0,00000082508890795935","0,00000059587799795780","0,00000001090002326459","0,00000043756186869567","0,00000109407780513525","0,00000029916644910679","0,00000007686420560001","0,00000079435328193306","0,00000044831864539221"
"0,17733959094173992700","0,00000007933803470807","0,00000040785687218474","0,00000027016933860742","0,00000025991814217648","0,00000001169167457508","0,00000015131943312988","0,00000008532972593291","0,00000043088999880138","0,00000071362658718090","0,00000004786877406742","0,00000001194256442275","0,00000083002302739439","0,00000059932703720949","0,00000001089743416761","0,00000043898272669192","0,00000109313374895840","0,00000030183124882637","0,00000007706149876397","0,00000079925761336153","0,00000045123393443010"
"0,17934351644381607600","0,00000007960405022294","0,00000041067748242106","0,00000027150495109865","0,00000026037955683933","0,00000001168573466579","0,00000015210495954316","0,00000008542991269668","0,00000043322164459254","0,00000071376489603435","0,00000004791394790433","0,00000001192980589481","0,00000083514641811336","0,00000060296551508610","0,00000001090047539731","0,00000044049635959888","0,00000109216758467704","0,00000030457548328723","0,00000007728865268334","0,00000080435169944455","0,00000045424296449220"
"0,18134744194589222400","0,00000007989943545378","0,00000041361400221082","0,00000027292559339056","0,00000026092291443824","0,00000001167695136787","0,00000015292636671406","0,00000008556206474961","0,00000043566959731513","0,00000071413809205564","0,00000004795637633806","0,00000001191207836419","0,00000084045908011626","0,00000060679343158762","0,00000001090914695369","0,00000044210276741654","0,00000109117931229117","0,00000030739915248937","0,00000007754566735813","0,00000080963554018211","0,00000045734573557853"
"0,18335136744796837200","0,00000008022419040058","0,00000041666643155402","0,00000027443126548314","0,00000026154821497319","0,00000001166532468130","0,00000015378365464258","0,00000008572618209169","0,00000043823385696914","0,00000071474617524474","0,00000004799605936862","0,00000001188938183089","0,00000084596101340310","0,00000061081078671406","0,00000001092344883675","0,00000044380195014490","0,00000109016893180078","0,00000031030225643278","0,00000007783254278834","0,00000081510913557421","0,00000046054224768908"
"0,18535529295004454800","0,00000008057831506336","0,00000041983477045065","0,00000027602196737639","0,00000026225545844420","0,00000001165085460610","0,00000015467682332871","0,00000008592226472292","0,00000044091442355458","0,00000071558914560168","0,00000004803299699600","0,00000001186171629491","0,00000085165221797386","0,00000061501758046541","0,00000001094338104649","0,00000044559390778396","0,00000108913644320588","0,00000031328479511747","0,00000007814927897396","0,00000082077248562085","0,00000046383250082386"
"0,18735921845212069600","0,00000008096180944211","0,00000042311901890071","0,00000027769769907032","0,00000026304464485126","0,00000001163354114226","0,00000015560587277247","0,00000008615031264331","0,00000044371129707143","0,00000071666700312644","0,00000004806718922021","0,00000001182908175626","0,00000085753269382856","0,00000061941381284167","0,00000001096894358291","0,00000044747864033372","0,00000108808184650646","0,00000031634676854345","0,00000007849587591501","0,00000082662559032204","0,00000046721649498285"
"0,18936314395419684400","0,00000008137467353684","0,00000042651917690421","0,00000027945846056491","0,00000026391577419437","0,00000001161338428979","0,00000015657080297384","0,00000008641032585285","0,00000044662447751971","0,00000071797974781903","0,00000004809863604124","0,00000001179147821492","0,00000086360244096719","0,00000062399948384285","0,00000001100013644601","0,00000044945614779419","0,00000108700514170253","0,00000031948817671069","0,00000007887233361148","0,00000083266844967777","0,00000047069423016607"
"0,19136706945627299200","0,00000008181690734753","0,00000043003524446114","0,00000028130425186018","0,00000026486884647353","0,00000001159038404867","0,00000015757161393282","0,00000008670230435155","0,00000044965396489941","0,00000071952737967945","0,00000004812733745910","0,00000001174890567090","0,00000086986145938975","0,00000062877459346894","0,00000001103695963579","0,00000045152643016536","0,00000108590632879409","0,00000032270901961922","0,00000007927865206336","0,00000083890106368804","0,00000047426570637350"
"0,19337099495834914000","0,00000008228851087420","0,00000043366722157151","0,00000028323507295612","0,00000026590386168873","0,00000001156454041892","0,00000015860830564943","0,00000008702624813940","0,00000045279975921054","0,00000072130989870769","0,00000004815329347378","0,00000001170136412420","0,00000087630974909624","0,00000063373914171995","0,00000001107941315225","0,00000045368948744723","0,00000108478540778113","0,00000032600929726902","0,00000007971483127067","0,00000084532343235285","0,00000047793092360516"
"0,19537492046042528900","0,00000008278948411683","0,00000043741510823531","0,00000028525092385273","0,00000026702081983999","0,00000001153585340053","0,00000015968087812365","0,00000008738215721641","0,00000045606186045308","0,00000072332730490376","0,00000004817650408528","0,00000001164885357483","0,00000088294731008667","0,00000063889312859587","0,00000001112749699540","0,00000045594531963980","0,00000108364237866366","0,00000032938900966010","0,00000008018087123339","0,00000085193555567220","0,00000048168988186105"
"0,19737884596250146500","0,00000008331982707544","0,00000044127890445255","0,00000028735180455001","0,00000026821972092730","0,00000001150432299351","0,00000016078933135549","0,00000008777003158256","0,00000045944026862705","0,00000072557959826765","0,00000004819696929361","0,00000001159137402277","0,00000088977414236102","0,00000064423655409670","0,00000001118121116522","0,00000045829392674307","0,00000108247724144168","0,00000033284815679246","0,00000008067677195153","0,00000085873743364610","0,00000048554258114115"
"0,19938277146457761300","0,00000008387953975002","0,00000044525861022322","0,00000028953771504797","0,00000026950056495067","0,00000001146994919784","0,00000016193366534495","0,00000008818987123788","0,00000046293498373245","0,00000072806677879937","0,00000004821468909877","0,00000001152892546803","0,00000089679024591931","0,00000064976941822245","0,00000001124055566172","0,00000046073530875704","0,00000108128999611518","0,00000033638673866610","0,00000008120253342509","0,00000086572906627454","0,00000048948902144547"
"0,20138669696665376100","0,00000008445378648962","0,00000044933354645272","0,00000029180626598471","0,00000027086810236060","0,00000001143540447406","0,00000016310938489093","0,00000008863639557365","0,00000046652820057549","0,00000073079929787707","0,00000004823841098338","0,00000001146584769055","0,00000090397483734116","0,00000065546540815165","0,00000001130074712379","0,00000046325402737463","0,00000108009932302814","0,00000033999612435127","0,00000008175285249486","0,00000087287240312217","0,00000049350093642959"
"0,20339062246872990900","0,00000008502773164332","0,00000045348303404644","0,00000029415506799835","0,00000027232708360762","0,00000001140336128267","0,00000016431199479235","0,00000008910432398119","0,00000047020211396240","0,00000073378760687890","0,00000004827688243010","0,00000001140648047023","0,00000091130713320620","0,00000066129821106284","0,00000001135700219033","0,00000046583464428872","0,00000107892390252456","0,00000034366768291824","0,00000008232242600161","0,00000088012939375364","0,00000049755005974908"
"0,20539454797080605700","0,00000008560137521109","0,00000045770707300437","0,00000029658412108889","0,00000027387750869174","0,00000001137381962369","0,00000016554149504920","0,00000008959365646050","0,00000047395672389319","0,00000073703170580485","0,00000004833010343891","0,00000001135082380710","0,00000091878713351443","0,00000066726782695603","0,00000001140932086133","0,00000046847715949933","0,00000107776373460441","0,00000034740141436700","0,00000008291125394535","0,00000088750003816896","0,00000050163639140394"
"0,20739847347288223300","0,00000008617471719295","0,00000046200566332653","0,00000029909342525634","0,00000027551937761294","0,00000001134677949710","0,00000016679788566148","0,00000009010439301158","0,00000047779203036785","0,00000074053159465494","0,00000004839807400981","0,00000001129887770114","0,00000092641483826586","0,00000067337425583120","0,00000001145770313679","0,00000047118157300644","0,00000107661881926771","0,00000035119731869756","0,00000008351933632608","0,00000089498433636812","0,00000050575993139416"
"0,20940239897495838100","0,00000008674775758889","0,00000046637880501290","0,00000030168298050068","0,00000027725269037124","0,00000001132224090291","0,00000016808116662920","0,00000009063653363442","0,00000048170803338638","0,00000074428727342915","0,00000004848079414282","0,00000001125064215237","0,00000093419024746048","0,00000067961749768837","0,00000001150214901672","0,00000047394788481007","0,00000107548915651445","0,00000035505539590991","0,00000008414667314380","0,00000090258228835113","0,00000050992067971975"
"0,21140632447703453000","0,00000008732049639892","0,00000047082649806349","0,00000030435278682193","0,00000027907744696663","0,00000001130020384112","0,00000016939133795234","0,00000009119007832903","0,00000048570473294879","0,00000074829874212750","0,00000004857826383792","0,00000001120611716076","0,00000094211336109829","0,00000068599755252754","0,00000001154265850110","0,00000047677609491022","0,00000107437474634464","0,00000035897564600406","0,00000008479326439850","0,00000091029389411798","0,00000051411863638072"
"0,21341024997911067800","0,00000008789293362303","0,00000047534874247830","0,00000030710284422008","0,00000028099364739911","0,00000001128066831172","0,00000017072839963092","0,00000009176502709541","0,00000048978212905507","0,00000075256600074997","0,00000004869048309512","0,00000001116530272634","0,00000095018417917929","0,00000069251442034869","0,00000001157923158995","0,00000047966620330687","0,00000107327558875828","0,00000036295806898000","0,00000008545911009019","0,00000091811915366867","0,00000051835380137704"
"0,21541417548118682600","0,00000008846506926123","0,00000047994553825732","0,00000030993315269513","0,00000028300129166868","0,00000001126363431473","0,00000017209235166494","0,00000009236137993356","0,00000049394022170523","0,00000075708904929657","0,00000004881745191441","0,00000001112819884909","0,00000095840270170348","0,00000069916810115184","0,00000001161186828327","0,00000048261821000004","0,00000107219168375535","0,00000036700266483774","0,00000008614421021887","0,00000092605806700321","0,00000052262617470874"
"0,21741810098326297400","0,00000008903690331350","0,00000048461688540057","0,00000031284371224708","0,00000028510037977534","0,00000001124910185013","0,00000017348319405438","0,00000009297913684348","0,00000049817901089926","0,00000076186788776731","0,00000004895917029581","0,00000001109480552902","0,00000096676892867087","0,00000070595859493699","0,00000001164056858104","0,00000048563211498972","0,00000107112303133588","0,00000037110943357727","0,00000008684856478453","0,00000093411063412159","0,00000052693575637581"
"0,21942202648533915000","0,00000008960843577987","0,00000048936278390803","0,00000031583452287593","0,00000028729091171909","0,00000001123707091794","0,00000017490092679926","0,00000009361829782516","0,00000050249849663716","0,00000076690251616217","0,00000004911563823930","0,00000001106512276613","0,00000097528286008145","0,00000071288590170412","0,00000001166533248328","0,00000048870791827591","0,00000107006963149984","0,00000037527837519860","0,00000008757217378719","0,00000094227685502381","0,00000053128254637824"
"0,22142595198741529800","0,00000009017966666032","0,00000049418323377971","0,00000031890558458169","0,00000028957288749994","0,00000001122754151814","0,00000017634554989957","0,00000009427886287861","0,00000050689867891893","0,00000077219293448116","0,00000004928685574488","0,00000001103915056041","0,00000098394449593522","0,00000071995002145325","0,00000001168615998998","0,00000049184561985861","0,00000106903148424725","0,00000037950948970172","0,00000008831503722683","0,00000095055672970988","0,00000053566654471604"
"0,22342987748949144600","0,00000009075059595485","0,00000049907823501561","0,00000032205689736434","0,00000029194630711787","0,00000001122051365074","0,00000017781706335532","0,00000009496083200383","0,00000051137955774458","0,00000077773914272428","0,00000004947282281257","0,00000001101688891187","0,00000099275383623218","0,00000072715095418437","0,00000001170305110114","0,00000049504521973783","0,00000106800858957811","0,00000038380277708663","0,00000008907715510346","0,00000095895025817979","0,00000054008775138921"
"0,22543380299156759400","0,00000009132122366346","0,00000050404778761573","0,00000032528846122390","0,00000029441117057290","0,00000001121598731574","0,00000017931546716650","0,00000009566420520081","0,00000051594113311410","0,00000078354114089152","0,00000004967353944235","0,00000001099833782051","0,00000100171088097233","0,00000073448869989748","0,00000001171600581677","0,00000049830671791356","0,00000106700094749241","0,00000038815823735335","0,00000008985852741708","0,00000096745744043355","0,00000054454616639775"
"0,22743772849364374300","0,00000009189154978616","0,00000050909189158006","0,00000032860027616036","0,00000029696747786502","0,00000001121396251313","0,00000018084076133311","0,00000009638898246956","0,00000052058340502750","0,00000078959892898290","0,00000004988900563423","0,00000001098349728632","0,00000101081563015568","0,00000074196325859258","0,00000001172502413686","0,00000050163011438580","0,00000106600855799015","0,00000039257587050185","0,00000009065915416768","0,00000097607827647114","0,00000054904178974165"
"0,22944165399571989100","0,00000009246157432295","0,00000051421054690862","0,00000033199234217371","0,00000029961522899423","0,00000001121443924293","0,00000018239294585515","0,00000009713516381008","0,00000052530637348476","0,00000079591250699841","0,00000005011922138820","0,00000001097236730932","0,00000102006808378222","0,00000074957463026968","0,00000001173010606141","0,00000050501540915455","0,00000106503142107134","0,00000039705567653215","0,00000009147903535527","0,00000098481276629259","0,00000055357462142093"
"0,23144557949779606700","0,00000009303129727381","0,00000051940375360139","0,00000033546465926397","0,00000030235442396053","0,00000001121741750512","0,00000018397202073262","0,00000009790274922237","0,00000053011003848591","0,00000080248187493804","0,00000005036418670428","0,00000001096494788949","0,00000102946824185195","0,00000075732281492877","0,00000001173125159043","0,00000050846260221981","0,00000106406953673597","0,00000040159765544425","0,00000009231817097985","0,00000099366090989787","0,00000055814466143557"
"0,23344950499987221500","0,00000009360071863877","0,00000052467151165838","0,00000033901722743114","0,00000030518506276393","0,00000001122289729971","0,00000018557798596553","0,00000009869173870643","0,00000053499440003092","0,00000080930703280181","0,00000005062390158245","0,00000001096123902683","0,00000103901610436487","0,00000076520781256985","0,00000001172846072390","0,00000051197169358159","0,00000106312290498405","0,00000040620180723814","0,00000009317656104142","0,00000100262270728700","0,00000056275190978558"
"0,23545343050194836300","0,00000009416983841780","0,00000053001382107959","0,00000034265004667520","0,00000030810714540441","0,00000001123087862670","0,00000018721084155387","0,00000009950213226225","0,00000053995945811981","0,00000081638798058970","0,00000005089836602272","0,00000001096124072136","0,00000104871167132099","0,00000077322962319293","0,00000001172173346184","0,00000051554268323988","0,00000106219152581557","0,00000041086813191383","0,00000009405420553997","0,00000101169815845997","0,00000056739636647096"
"0,23745735600402451100","0,00000009473865661092","0,00000053543068186502","0,00000034636311699616","0,00000031112067188199","0,00000001124136148609","0,00000018887058749765","0,00000010033392988984","0,00000054500521275257","0,00000082372471830173","0,00000005118758002508","0,00000001096495297306","0,00000105855494272029","0,00000078138824679800","0,00000001171106980425","0,00000051917557119468","0,00000106127539923054","0,00000041559662947131","0,00000009495110447551","0,00000102088726341679","0,00000057207803149171"
"0,23946128150610065900","0,00000009530717321813","0,00000054092209401466","0,00000035015643839403","0,00000031422564219665","0,00000001125434587788","0,00000019055722379686","0,00000010118713158920","0,00000055013166392921","0,00000083131724593788","0,00000005149154358954","0,00000001097237578193","0,00000106854591856279","0,00000078968368338506","0,00000001169646975111","0,00000052287035744599","0,00000106037452522895","0,00000042038729991059","0,00000009586725784804","0,00000103019002215745","0,00000057679690484782"
"0,24146520700817683500","0,00000009587538823941","0,00000054648805752853","0,00000035403001086879","0,00000031742205634841","0,00000001126983180207","0,00000019227075045150","0,00000010206173736033","0,00000055533881164972","0,00000083916556349816","0,00000005181025671610","0,00000001098350914799","0,00000107868459884849","0,00000079811593295411","0,00000001167793330244","0,00000052662704199382","0,00000105948890381080","0,00000042524014323166","0,00000009680266565756","0,00000103960643468195","0,00000058155298653930"
"0,24346913251025298300","0,00000009644330167479","0,00000055212857240661","0,00000035798383442046","0,00000032070991433726","0,00000001128781925865","0,00000019401116746157","0,00000010295774720322","0,00000056062665591410","0,00000084726967098257","0,00000005214371940476","0,00000001099835307122","0,00000108897098357737","0,00000080668499550516","0,00000001165546045823","0,00000053044562483816","0,00000105861853497610","0,00000043015515943452","0,00000009775732790407","0,00000104913650099030","0,00000058634627656616"
"0,24547305801232913200","0,00000009701091352424","0,00000055784363864891","0,00000036201790904903","0,00000032408921616320","0,00000001130830824764","0,00000019577847482708","0,00000010387516111788","0,00000056599519672235","0,00000085562956839111","0,00000005249193165551","0,00000001101690755163","0,00000109940507274944","0,00000081539087103820","0,00000001162905121849","0,00000053432610597901","0,00000105776341872485","0,00000043513234851919","0,00000009873124458756","0,00000105878022108249","0,00000059117677492838"
"0,24747698351440528000","0,00000009757822378778","0,00000056363325625543","0,00000036613223475450","0,00000032755996182623","0,00000001133129876902","0,00000019757267254801","0,00000010481397910431","0,00000057144443407448","0,00000086424525572378","0,00000005285489346836","0,00000001103917258922","0,00000110998686636471","0,00000082423355955323","0,00000001159870558320","0,00000053826848541637","0,00000105692355505703","0,00000044017171048564","0,00000009972441570804","0,00000106853759495853","0,00000059604448162596"
"0,24948090901648142800","0,00000009814523246541","0,00000056949742522617","0,00000037032681153687","0,00000033112215132636","0,00000001135679082280","0,00000019939376062439","0,00000010577420116251","0,00000057697436797048","0,00000087311673298058","0,00000005323260484331","0,00000001106514818398","0,00000112071636442317","0,00000083321306105025","0,00000001156442355238","0,00000054227276315024","0,00000105609894397267","0,00000044527324533389","0,00000010073684126551","0,00000107840862261840","0,00000060094939665892"
"0,25148483451855757600","0,00000009871791449887","0,00000057540872794385","0,00000037457647254628","0,00000033475050160823","0,00000001138292237754","0,00000020123759157330","0,00000010675597132357","0,00000058256936646137","0,00000088216801151581","0,00000005361565079112","0,00000001109261052279","0,00000113153298070708","0,00000084228385407659","0,00000001152903275588","0,00000054632048335218","0,00000105528095222862","0,00000045040633810864","0,00000010176840663128","0,00000108836470172842","0,00000060587853033899"
"0,25348876002063375200","0,00000009930224482991","0,00000058133974679122","0,00000037885605093285","0,00000033841972961651","0,00000001140783140179","0,00000020310001791187","0,00000010775943361859","0,00000058821379759814","0,00000089132310268379","0,00000005399461632254","0,00000001111933579252","0,00000114237612899869","0,00000085140041717954","0,00000001149536082356","0,00000055039319019373","0,00000105446094658178","0,00000045554037385458","0,00000010281899717668","0,00000109837722995488","0,00000061081889297794"
"0,25549268552270987200","0,00000009989822345854","0,00000058729048176826","0,00000038316554669658","0,00000034212983535119","0,00000001143151789556","0,00000020498103964008","0,00000010878458804756","0,00000059390766138080","0,00000090058200648451","0,00000005436950143758","0,00000001114532399316","0,00000115324580929800","0,00000086056275035912","0,00000001146340775542","0,00000055449088367490","0,00000105363892703215","0,00000046067535257171","0,00000010388861290170","0,00000110844620729777","0,00000061577048457575"
"0,25749661102478604800","0,00000010050585038476","0,00000059326093287498","0,00000038750495983748","0,00000034588081881228","0,00000001145398185885","0,00000020688065675795","0,00000010983143461050","0,00000059965095780936","0,00000090994472291798","0,00000005474030613624","0,00000001117057512471","0,00000116414202160502","0,00000086977085361533","0,00000001143317355146","0,00000055861356379567","0,00000105281489357972","0,00000046581127426004","0,00000010497725380634","0,00000111857163375710","0,00000062073330513243"
"0,25950053652686222400","0,00000010112512560857","0,00000059925110011138","0,00000039187429035555","0,00000034967267999978","0,00000001147522329165","0,00000020879886926548","0,00000011089997330739","0,00000060544368688380","0,00000091941125198419","0,00000005510703041852","0,00000001119508918718","0,00000117506476591975","0,00000087902472694816","0,00000001140465821168","0,00000056276123055606","0,00000105198884622449","0,00000047094813891957","0,00000010608491989061","0,00000112875350933286","0,00000062570735464798"
"0,26150446202893834500","0,00000010175604912995","0,00000060526098347746","0,00000039627353825078","0,00000035350541891368","0,00000001149524219397","0,00000021073567716265","0,00000011199020413824","0,00000061128584860413","0,00000092898159368314","0,00000005546967428441","0,00000001121886618056","0,00000118601404224217","0,00000088832437035761","0,00000001137786173608","0,00000056693388395606","0,00000105116078496646","0,00000047608594655029","0,00000010721161115450","0,00000113899183402506","0,00000063069263312240"
"0,26350838753101452100","0,00000010239862094893","0,00000061129058297322","0,00000040070270352318","0,00000035737903555399","0,00000001151403856581","0,00000021269108044948","0,00000011310212710305","0,00000061717744297035","0,00000093865574801484","0,00000005582823773393","0,00000001124190610486","0,00000119698985057230","0,00000089766978384368","0,00000001135278412466","0,00000057113152399568","0,00000105033070980564","0,00000048122469715220","0,00000010835732759801","0,00000114928660783370","0,00000063568914055569"
"0,26551231303309064100","0,00000010305284106549","0,00000061733989859866","0,00000040516178617274","0,00000036129352992071","0,00000001153161240716","0,00000021466507912595","0,00000011423574220181","0,00000062311846998246","0,00000094843371497928","0,00000005618272076706","0,00000001126420896007","0,00000120799219091014","0,00000090706096740638","0,00000001132942537741","0,00000057535415067491","0,00000104949862074203","0,00000048636439072531","0,00000010952206922115","0,00000115963783075878","0,00000064069687694785"
"0,26751623853516681700","0,00000010371870947964","0,00000062340893035378","0,00000040965078619947","0,00000036524890201383","0,00000001154796371803","0,00000021665767319208","0,00000011539104943453","0,00000062910892964046","0,00000095831549457647","0,00000005653312338381","0,00000001128577474620","0,00000121902106325568","0,00000091649792104570","0,00000001130778549435","0,00000057960176399375","0,00000104866451777561","0,00000049150502726962","0,00000011070583602391","0,00000117004550280029","0,00000064571584229888"
"0,26952016403724293700","0,00000010439622619137","0,00000062949767823858","0,00000041416970360336","0,00000036924515183336","0,00000001156309249841","0,00000021866886264787","0,00000011656804880122","0,00000063514882194434","0,00000096830108680640","0,00000005687944558417","0,00000001130660346324","0,00000123007646760892","0,00000092598064476165","0,00000001128786447547","0,00000058387436395221","0,00000104782840090640","0,00000049664660678511","0,00000011190862800630","0,00000118050962395824","0,00000065074603660878"
"0,27152408953931911300","0,00000010508539120069","0,00000063560614225305","0,00000041871853838442","0,00000037328227937929","0,00000001157699874831","0,00000022069864749330","0,00000011776674030186","0,00000064123814689412","0,00000097839049166907","0,00000005722168736816","0,00000001132669511120","0,00000124115840396986","0,00000093550913855422","0,00000001126966232076","0,00000058817195055028","0,00000104699027013440","0,00000050178912927181","0,00000011313044516831","0,00000119103019423262","0,00000065578745987755"
"0,27352801504139528900","0,00000010578620450759","0,00000064173432239721","0,00000042329729054265","0,00000037736028465163","0,00000001158968246773","0,00000022274702772839","0,00000011898712393645","0,00000064737690448979","0,00000098858370916448","0,00000005755984873576","0,00000001134604969007","0,00000125226687233851","0,00000094508340242341","0,00000001125317903024","0,00000059249452378796","0,00000104615012545960","0,00000050693259472969","0,00000011437128750994","0,00000120160721362345","0,00000066084011210518"
"0,27553194054347141000","0,00000010649866611208","0,00000064788221867104","0,00000042790596007804","0,00000038147916765038","0,00000001160114365667","0,00000022481400335313","0,00000012022919970501","0,00000065356509473135","0,00000099888073929265","0,00000005789392968698","0,00000001136466719986","0,00000126340187271487","0,00000095470343636923","0,00000001123841460389","0,00000059684208366525","0,00000104530796688200","0,00000051207700315878","0,00000011563115503120","0,00000121224068213071","0,00000066590399329169"
"0,27753586604554758600","0,00000010722277601416","0,00000065404983107455","0,00000043254454699059","0,00000038563892837553","0,00000001161138231512","0,00000022689957436752","0,00000012149296760752","0,00000065980271761879","0,00000100928158205355","0,00000005822393022182","0,00000001138254764056","0,00000127456340509892","0,00000096436924039167","0,00000001122536904173","0,00000060121463018216","0,00000104446379440160","0,00000051722235455905","0,00000011691004773208","0,00000122293059975440","0,00000067097910343706"
"0,27953979154762370600","0,00000010795853421382","0,00000066023715960775","0,00000043721305128032","0,00000038983956682709","0,00000001162039844308","0,00000022900374077156","0,00000012277842764399","0,00000066608977315213","0,00000101978623744720","0,00000005854985034027","0,00000001139969101217","0,00000128575146949068","0,00000097408081449074","0,00000001121404234374","0,00000060561216333868","0,00000104361760801841","0,00000052236864893053","0,00000011820796561258","0,00000123367696649453","0,00000067606544254131"
"0,28154371704969988200","0,00000010870594071107","0,00000066644420427062","0,00000044191147294720","0,00000039408108300506","0,00000001162819204057","0,00000023112650256525","0,00000012408557981442","0,00000067242626133135","0,00000103039470547359","0,00000005887169004235","0,00000001141609731470","0,00000129696606589015","0,00000098383815866643","0,00000001120443450994","0,00000061003468313482","0,00000104276940773243","0,00000052751588627319","0,00000011952490867270","0,00000124447978235110","0,00000068116301060442"
"0,28354764255177605800","0,00000010946499550590","0,00000067267096506317","0,00000044663981199125","0,00000039836347690943","0,00000001163476310757","0,00000023326785974860","0,00000012541442411881","0,00000067881218215647","0,00000104110698613272","0,00000005918944932804","0,00000001143176654815","0,00000130820719429732","0,00000099364127291874","0,00000001119654554031","0,00000061448218957056","0,00000104191919354364","0,00000053266406658706","0,00000012086087691245","0,00000125533904732411","0,00000068627180762640"
"0,28555156805385217800","0,00000011023569859833","0,00000067891744198540","0,00000045139806841247","0,00000040268674854021","0,00000001164011164408","0,00000023542781232160","0,00000012676496055715","0,00000068524753562747","0,00000105192307942460","0,00000005950312819735","0,00000001144669871251","0,00000131947485471219","0,00000100349015724767","0,00000001119037543486","0,00000061895468264592","0,00000104106696545207","0,00000053781318987211","0,00000012221587033183","0,00000126625476141355","0,00000069139183360725"
"0,28755549355592835400","0,00000011101804998833","0,00000068518363503730","0,00000045618624221085","0,00000040705089789739","0,00000001164423765012","0,00000023760636028425","0,00000012813718912946","0,00000069173232174436","0,00000106284298534923","0,00000005981272665028","0,00000001146089380778","0,00000133076904713477","0,00000101338481165323","0,00000001118592419360","0,00000062345216236090","0,00000104021272345769","0,00000054296325612836","0,00000012358988893083","0,00000127722692461943","0,00000069652308854697"
"0,28955941905800447500","0,00000011181204967592","0,00000069146954421889","0,00000046100433338640","0,00000041145592498098","0,00000001164714112566","0,00000023980350363655","0,00000012953110983572","0,00000069826654050715","0,00000107386670390659","0,00000006011824468682","0,00000001147435183397","0,00000134208977156505","0,00000102332523613542","0,00000001118319181651","0,00000062797462871548","0,00000103935646756052","0,00000054811426535581","0,00000012498293270945","0,00000128825553694175","0,00000070166557244556"
"0,29156334456008065100","0,00000011261769766110","0,00000069777516953016","0,00000046585234193912","0,00000041590182979098","0,00000001164882207073","0,00000024201924237851","0,00000013094672267594","0,00000070485019191582","0,00000108499423509670","0,00000006041968230699","0,00000001148707279108","0,00000135343702800303","0,00000103331143069422","0,00000001118217830360","0,00000063252208170968","0,00000103849819776055","0,00000055326621755445","0,00000012639500166769","0,00000129934059838050","0,00000070681928530302"
"0,29356727006215682600","0,00000011343499394386","0,00000070410051097110","0,00000047073026786900","0,00000042038861232738","0,00000001164928048531","0,00000024425357651012","0,00000013238402765011","0,00000071148327597038","0,00000109622557891956","0,00000006071703951077","0,00000001149905667909","0,00000136481081644872","0,00000104334339532966","0,00000001118288365487","0,00000063709452134350","0,00000103763791405779","0,00000055841911272428","0,00000012782609580556","0,00000131048210893569","0,00000071198422711935"
"0,29557119556423294700","0,00000011426393852421","0,00000071044556854173","0,00000047563811117604","0,00000042491627259019","0,00000001164851636941","0,00000024650650603138","0,00000013384302475825","0,00000071816579267083","0,00000110756073537516","0,00000006101031629817","0,00000001151030349803","0,00000137621113690211","0,00000105342113004171","0,00000001118530787032","0,00000064169194761692","0,00000103677561645223","0,00000056357295086531","0,00000012927621512305","0,00000132168006860731","0,00000071716039789455"
"0,29757512106630912300","0,00000011510453140215","0,00000071681034224203","0,00000048057587186025","0,00000042948481057941","0,00000001164652972302","0,00000024877803094229","0,00000013532371400034","0,00000072489774201717","0,00000111899970446350","0,00000006129951266919","0,00000001152081324788","0,00000138763798936320","0,00000106354463483039","0,00000001118945094995","0,00000064631436052996","0,00000103591130494387","0,00000056872773197754","0,00000013074535962017","0,00000133293447739538","0,00000072234779762861"
"0,29957904656838524300","0,00000011595677257767","0,00000072319483207201","0,00000048554354992163","0,00000043409422629503","0,00000001164332054615","0,00000025106815124285","0,00000013682609537639","0,00000073167912400940","0,00000113054248618459","0,00000006158462862382","0,00000001153058592864","0,00000139909137383200","0,00000107371390969569","0,00000001119531289376","0,00000065096176008262","0,00000103504497953272","0,00000057388345606096","0,00000013223352929690","0,00000134424533529988","0,00000072754642632155"
"0,30158297207046141900","0,00000011681178454476","0,00000072958404851319","0,00000049052422859389","0,00000043873035066754","0,00000001163943489246","0,00000025336750473856","0,00000013833786109143","0,00000073848367049434","0,00000114213052807343","0,00000006187447699932","0,00000001153941789335","0,00000141055620754604","0,00000108389042821471","0,00000001120191744254","0,00000065562163565559","0,00000103418675794403","0,00000057904194578532","0,00000013372582802103","0,00000135556254260608","0,00000073274477183159"
"0,30358689757253754000","0,00000011766068979739","0,00000073596300204707","0,00000049550099111077","0,00000044337901462742","0,00000001163541881558","0,00000025566672923490","0,00000013984670335049","0,00000074528511331883","0,00000115370527766505","0,00000006217787063291","0,00000001154710549505","0,00000142201740774286","0,00000109403566396456","0,00000001120828833706","0,00000066028147662961","0,00000103334675790308","0,00000058420502382037","0,00000013520735966030","0,00000136683599959925","0,00000073793132201695"
"0,30559082307461371500","0,00000011850348833558","0,00000074233169267365","0,00000050047383747227","0,00000044804021817468","0,00000001163127231553","0,00000025796582473189","0,00000014135262215357","0,00000075208345248285","0,00000116526673495945","0,00000006249480952460","0,00000001155364873373","0,00000143347497442245","0,00000110414961694522","0,00000001121442557734","0,00000066494128300467","0,00000103252497940986","0,00000058937269016611","0,00000013667812421472","0,00000137806570627939","0,00000074310607687765"
"0,30759474857668989100","0,00000011934018015931","0,00000074869012039295","0,00000050544276767837","0,00000045271396130930","0,00000001162699539230","0,00000026026479122951","0,00000014285561750067","0,00000075887868798641","0,00000117681489995662","0,00000006282529367440","0,00000001155904760939","0,00000144492890758482","0,00000111423228715670","0,00000001122032916337","0,00000066960105478076","0,00000103172142246436","0,00000059454494482254","0,00000013813812168428","0,00000138925166264649","0,00000074826903641367"
"0,30959867407876601200","0,00000012017076526859","0,00000075503828520495","0,00000051040778172910","0,00000045740024403130","0,00000001162258804590","0,00000026256362872776","0,00000014435568939179","0,00000076567081982951","0,00000118834977265657","0,00000006316932308229","0,00000001156330212204","0,00000145637920722996","0,00000112428367459899","0,00000001122599909514","0,00000067426079195790","0,00000103093608706660","0,00000059972178778966","0,00000013958735206899","0,00000140039386870057","0,00000075342020062503"
"0,31160259958084218800","0,00000012099524366341","0,00000076137618710966","0,00000051536887962443","0,00000046209906634067","0,00000001161805027632","0,00000026486233722666","0,00000014585283782693","0,00000077245984801215","0,00000119987135305930","0,00000006352689774829","0,00000001156641227167","0,00000146782587335788","0,00000113430377927211","0,00000001123143537267","0,00000067892049453607","0,00000103016897321657","0,00000060490321906747","0,00000014102581536885","0,00000141149232444161","0,00000075855956951172"
"0,31360652508291830800","0,00000012181361534378","0,00000076770382610707","0,00000052032606136438","0,00000046681042823741","0,00000001161338208356","0,00000026716091672619","0,00000014734706280609","0,00000077924577253432","0,00000121137964116480","0,00000006389801767238","0,00000001156837805828","0,00000147926890596858","0,00000114429260117604","0,00000001123663799595","0,00000068358016251528","0,00000102942008091427","0,00000061008923865597","0,00000014245351158385","0,00000142254702986962","0,00000076368714307373"
"0,31561045058499448400","0,00000012262588030970","0,00000077402120219719","0,00000052527932694895","0,00000047153432972152","0,00000001160858346763","0,00000026945936722635","0,00000014883836432928","0,00000078602859339604","0,00000122287463697308","0,00000006428268285458","0,00000001156919948188","0,00000149070830506205","0,00000115425014031079","0,00000001124160696497","0,00000068823979589553","0,00000102868941015970","0,00000061527984655515","0,00000014387044071400","0,00000143355798498460","0,00000076880292131108"
"0,31761437608707066000","0,00000012343203856117","0,00000078032831538002","0,00000053022867637812","0,00000047627077079300","0,00000001160365442853","0,00000027175768872716","0,00000015032674239648","0,00000079280831059730","0,00000123435634048413","0,00000006468089329488","0,00000001156887654246","0,00000150214407063830","0,00000116417639667636","0,00000001124634227975","0,00000069289939467682","0,00000102797696095287","0,00000062047504276503","0,00000014527660275930","0,00000144452518978655","0,00000077390690422375"
"0,31961830158914678000","0,00000012423209009819","0,00000078662516565555","0,00000053517410965192","0,00000048101975145186","0,00000001159859496624","0,00000027405588122860","0,00000015181219700770","0,00000079958492413809","0,00000124582475169796","0,00000006509264899327","0,00000001156740924003","0,00000151357620269733","0,00000117407137027275","0,00000001125084394028","0,00000069755895885914","0,00000102728273329376","0,00000062567482728559","0,00000014667199771974","0,00000145544864427546","0,00000077899909181176"
"0,32162222709122295600","0,00000012502603492075","0,00000079291175302379","0,00000054011562677032","0,00000048578127169808","0,00000001159340508078","0,00000027635394473068","0,00000015329472816294","0,00000080635843401842","0,00000125727987061456","0,00000006551794994977","0,00000001156479757458","0,00000152500470123913","0,00000118393506109996","0,00000001125511194656","0,00000070221848844251","0,00000102660672718239","0,00000063087920011685","0,00000014805662559534","0,00000146632834845134","0,00000078407948407510"
"0,32362615259329907700","0,00000012581387302886","0,00000079918807748474","0,00000054505322773334","0,00000049055533153168","0,00000001158808477215","0,00000027865187923340","0,00000015477433586220","0,00000081312884023829","0,00000126872169723394","0,00000006595679616436","0,00000001156104154611","0,00000153642956626371","0,00000119376746915799","0,00000001125914629858","0,00000070687798342692","0,00000102594894261874","0,00000063608816125879","0,00000014943048638607","0,00000147716430231419","0,00000078914808101376"
"0,32563007809537525300","0,00000012659560442252","0,00000080545413903839","0,00000054998691254098","0,00000049534193095265","0,00000001158263404034","0,00000028094968473675","0,00000015625102010549","0,00000081989614279770","0,00000128015023155610","0,00000006640918763706","0,00000001155614115463","0,00000154785079777107","0,00000120356859444683","0,00000001126294699636","0,00000071153744381236","0,00000102530937960283","0,00000064130171071142","0,00000015079358009196","0,00000148795650586401","0,00000079420488262776"
"0,32763400359745142900","0,00000012737122910172","0,00000081170993768475","0,00000055491668119323","0,00000050014106996099","0,00000001157705288535","0,00000028324736124074","0,00000015772478089279","0,00000082666034169665","0,00000129156547358103","0,00000006687512436786","0,00000001155009640013","0,00000155926839576120","0,00000121333843696649","0,00000001126651403989","0,00000071619686959884","0,00000102468803813465","0,00000064651984847475","0,00000015214590671299","0,00000149870495910080","0,00000079924988891709"
"0,32963792909952754900","0,00000012814074706647","0,00000081795547342382","0,00000055984253369009","0,00000050495274855671","0,00000001157134130719","0,00000028554490874537","0,00000015919561822411","0,00000083342143693514","0,00000130296742330874","0,00000006735460635675","0,00000001154290728262","0,00000157068236023411","0,00000122307699671697","0,00000001126984742917","0,00000072085626078636","0,00000102408491821419","0,00000065174257454876","0,00000015348746624917","0,00000150940966202455","0,00000080428309988174"
"0,33164185460160372500","0,00000012890415831677","0,00000082419074625559","0,00000056476447003157","0,00000050977696673979","0,00000001156549930585","0,00000028784232725063","0,00000016066353209946","0,00000084017942851317","0,00000131435608073922","0,00000006784763360375","0,00000001153457380208","0,00000158209269118979","0,00000123278427369827","0,00000001127294716420","0,00000072551561737492","0,00000102350001984147","0,00000065696988893346","0,00000015481825870049","0,00000152007061463528","0,00000080930451552173"
"0,33364578010367984500","0,00000012966146285262","0,00000083041575618007","0,00000056968249021766","0,00000051461372451025","0,00000001155952688133","0,00000029013961675653","0,00000016212852251882","0,00000084693431643073","0,00000132573144587248","0,00000006835420610884","0,00000001152509595854","0,00000159349938862825","0,00000124246026791039","0,00000001127581324498","0,00000073017493936452","0,00000102293334301649","0,00000066220179162885","0,00000015613828406696","0,00000153068781693297","0,00000081431413583705"
"0,33564970560575602100","0,00000013041266067401","0,00000083663050319725","0,00000057459659424836","0,00000051946302186807","0,00000001155342403364","0,00000029243677726307","0,00000016359058948221","0,00000085368610068784","0,00000133709351870852","0,00000006887432387204","0,00000001151447375197","0,00000160490245254949","0,00000125210497935333","0,00000001127844567151","0,00000073483422675516","0,00000102238488773923","0,00000066743828263493","0,00000015744754234858","0,00000154126126891763","0,00000081931196082769"
"0,33765363110783214200","0,00000013115775178096","0,00000084283498730714","0,00000057950678212368","0,00000052432485881327","0,00000001154719076277","0,00000029473380877025","0,00000016504973298961","0,00000086043478128448","0,00000134844229924733","0,00000006940798689334","0,00000001150270718239","0,00000161630188295350","0,00000126171840802708","0,00000001128084444379","0,00000073949347954683","0,00000102185465400970","0,00000067267936195170","0,00000015874603354534","0,00000155179097058925","0,00000082429799049367"
"0,33965755660990831800","0,00000013189673617344","0,00000084902920850974","0,00000058441305384361","0,00000052919923534584","0,00000001154082706873","0,00000029703071127806","0,00000016650595304103","0,00000086718035822067","0,00000135977778748892","0,00000006995519517274","0,00000001148979624980","0,00000162769767984029","0,00000127130055393165","0,00000001128300956182","0,00000074415269773955","0,00000102134264182790","0,00000067792502957916","0,00000016003375765726","0,00000156227692194785","0,00000082927222483498"
"0,34166148211198449400","0,00000013262961385148","0,00000085521316680505","0,00000058931540940816","0,00000053408615146579","0,00000001153433295151","0,00000029932748478651","0,00000016795924963648","0,00000087392283149639","0,00000137109998343328","0,00000007051594871023","0,00000001147574095418","0,00000163908984320986","0,00000128085141706705","0,00000001128494102560","0,00000074881188133330","0,00000102084885119384","0,00000068317528551730","0,00000016131071468431","0,00000157271912299341","0,00000083423466385161"
"0,34366540761406061400","0,00000013335638481507","0,00000086138686219306","0,00000059421384881732","0,00000053898560717310","0,00000001152770841111","0,00000030162412929560","0,00000016940962277594","0,00000088066220111165","0,00000138240888708042","0,00000007109024750583","0,00000001146054129556","0,00000165047837306220","0,00000129037099743326","0,00000001128663883513","0,00000075347103032809","0,00000102037328210750","0,00000068843012976614","0,00000016257690462652","0,00000158311757372594","0,00000083918530754358"
"0,34566933311613679000","0,00000013407704906420","0,00000086755029467378","0,00000059910837207110","0,00000054389760246779","0,00000001152095344754","0,00000030392064480533","0,00000017085707245943","0,00000088739846706645","0,00000139370449843033","0,00000007167809155953","0,00000001144419727391","0,00000166186326939732","0,00000129985929503028","0,00000001128810299041","0,00000075813014472393","0,00000101991593456890","0,00000069368956232567","0,00000016383232748387","0,00000159347227414544","0,00000084412415591088"
"0,34767325861821291000","0,00000013479160659888","0,00000087370346424720","0,00000060399897916949","0,00000054882213734984","0,00000001151406806079","0,00000030621703131569","0,00000017230159868694","0,00000089413162936079","0,00000140498681748303","0,00000007227948087133","0,00000001142670888925","0,00000167324453221522","0,00000130931630985813","0,00000001128933349144","0,00000076278922452080","0,00000101947680857803","0,00000069895358319588","0,00000016507698325637","0,00000160378322425191","0,00000084905120895350"
"0,34967718412028908600","0,00000013550005741910","0,00000087984637091333","0,00000060888567011249","0,00000055375921181927","0,00000001150705225087","0,00000030851328882669","0,00000017374320145846","0,00000090086168799466","0,00000141625584423849","0,00000007289441544122","0,00000001140807614157","0,00000168462216151589","0,00000131874204191679","0,00000001129033033823","0,00000076744826971870","0,00000101905590413489","0,00000070422219237679","0,00000016631087194401","0,00000161405042404534","0,00000085396646667146"
"0,35168110962236526200","0,00000013621015942160","0,00000088597825226217","0,00000061376959676853","0,00000055869581356947","0,00000001150052258951","0,00000031081036370831","0,00000017518409597903","0,00000090759196321941","0,00000142749452602328","0,00000007351068103127","0,00000001138982323521","0,00000169597937659263","0,00000132815518214653","0,00000001129171508274","0,00000077210648888414","0,00000101863948732027","0,00000070948465061616","0,00000016754201399607","0,00000162428747144935","0,00000085887217863342"
"0,35368503512444138300","0,00000013692967050309","0,00000089209834588371","0,00000061865191100603","0,00000056361893029383","0,00000001149509564844","0,00000031310920233053","0,00000017662649745364","0,00000091432577528638","0,00000143868581016394","0,00000007411606340352","0,00000001137347437448","0,00000170729939673872","0,00000133757442148760","0,00000001129410927696","0,00000077676309058360","0,00000101821382421499","0,00000071473021866177","0,00000016877842986180","0,00000163450796438752","0,00000086377059440807"
"0,35568896062651755800","0,00000013765859066357","0,00000089820665177795","0,00000062353261282499","0,00000056852856199236","0,00000001149077142768","0,00000031540980469337","0,00000017807040588232","0,00000092106312419555","0,00000144982969666048","0,00000007471056255796","0,00000001135902955939","0,00000171858222195418","0,00000134699975993999","0,00000001129751292089","0,00000078141807481708","0,00000101777891481903","0,00000071995889651363","0,00000017002011954120","0,00000164471190285987","0,00000086866171399539"
"0,35769288612859367900","0,00000013839691990304","0,00000090430316994490","0,00000062841170222540","0,00000057342470866506","0,00000001148754992721","0,00000031771217079681","0,00000017951582126504","0,00000092780400994693","0,00000146092618551288","0,00000007529417849461","0,00000001134648878994","0,00000172982785223899","0,00000135643119750371","0,00000001130192601454","0,00000078607144158457","0,00000101733475913240","0,00000072517068417173","0,00000017126708303428","0,00000165489928686638","0,00000087354553739540"
"0,35969681163066985500","0,00000013914465822150","0,00000091038790038455","0,00000063328917920728","0,00000057830737031192","0,00000001148543114704","0,00000032001630064085","0,00000018096274360182","0,00000093454843254053","0,00000147197527672115","0,00000007586691121345","0,00000001133585206613","0,00000174103628759316","0,00000136586873417875","0,00000001130734855789","0,00000079072319088609","0,00000101688135715510","0,00000073036558163607","0,00000017251932034104","0,00000166507011640706","0,00000087842206460809"
"0,36170073713274597500","0,00000013990180561896","0,00000091646084309690","0,00000063816504377061","0,00000058317654693295","0,00000001148441508716","0,00000032232219422551","0,00000018241117289266","0,00000094129639197633","0,00000148297697028530","0,00000007642876071450","0,00000001132711938796","0,00000175220752801669","0,00000137531236996513","0,00000001131378055096","0,00000079537332272163","0,00000101641870888713","0,00000073554358890666","0,00000017377683146147","0,00000167522439148192","0,00000088329129563346"
"0,36370466263482215100","0,00000014066836209540","0,00000092252199808196","0,00000064303929591540","0,00000058803223852815","0,00000001148450174759","0,00000032462985155076","0,00000018386110913755","0,00000094804788825435","0,00000149393126620532","0,00000007697972699774","0,00000001132029075543","0,00000176334157350957","0,00000138476210486283","0,00000001132122199373","0,00000080002183709118","0,00000101594681432848","0,00000074070470598349","0,00000017503961639557","0,00000168536211209094","0,00000088815323047151"
"0,36570858813689832700","0,00000014144432765084","0,00000092857136533973","0,00000064791193564165","0,00000059287444509751","0,00000001148569112831","0,00000032693927261663","0,00000018531255233649","0,00000095480292137458","0,00000150483816448121","0,00000007751981006318","0,00000001131536616854","0,00000177443842407181","0,00000139421793887186","0,00000001132967288622","0,00000080466873399476","0,00000101546567347916","0,00000074584893286656","0,00000017630767514334","0,00000169548327823414","0,00000089300786912225"
"0,36771251363897444700","0,00000014222970228527","0,00000093460894487019","0,00000065278296294936","0,00000059770316664104","0,00000001148798322933","0,00000032925045742310","0,00000018676550248949","0,00000096156149133702","0,00000151569766511297","0,00000007804900991083","0,00000001131234562728","0,00000178549807970341","0,00000140367987199221","0,00000001133913322841","0,00000080931401343236","0,00000101497528633917","0,00000075097626955588","0,00000017758100770480","0,00000170558788991150","0,00000089785521158566"
"0,36971643914105062300","0,00000014302448599869","0,00000094063473667336","0,00000065765237783852","0,00000060251840315874","0,00000001149137805065","0,00000033156340597018","0,00000018821995959654","0,00000096832359814166","0,00000152650976810060","0,00000007856732654067","0,00000001131122913167","0,00000179652054040437","0,00000141314790422389","0,00000001134960302032","0,00000081395767540397","0,00000101447565290851","0,00000075608671605143","0,00000017885961407992","0,00000171567594712303","0,00000090269525786176"
"0,37172036464312674400","0,00000014382867879111","0,00000094664874074924","0,00000066252018030915","0,00000060732015465060","0,00000001149587559227","0,00000033387811825786","0,00000018967592365765","0,00000097508924178852","0,00000153727447344410","0,00000007907475995271","0,00000001131201668169","0,00000180750580617469","0,00000142262203556690","0,00000001136108226194","0,00000081859971990961","0,00000101396677318717","0,00000076118027235324","0,00000018014349426872","0,00000172574744986873","0,00000090752800795054"
"0,37372429014520292000","0,00000014464228066251","0,00000095265095709781","0,00000066738637036123","0,00000061210842111663","0,00000001150147585419","0,00000033619459428615","0,00000019113339467281","0,00000098185842227759","0,00000154799178114347","0,00000007957131014695","0,00000001131470827735","0,00000181845387701436","0,00000143210226602124","0,00000001137357095327","0,00000082324014694926","0,00000101344864717516","0,00000076625693846128","0,00000018143264827120","0,00000173580239814861","0,00000091235346185200"
"0,37572821564727909600","0,00000014546529161291","0,00000095864138571909","0,00000067225094799477","0,00000061688320255682","0,00000001150817883640","0,00000033851283405505","0,00000019259237264202","0,00000098863113960887","0,00000155866169119872","0,00000008005697712339","0,00000001131930391865","0,00000182936475292339","0,00000144158859558690","0,00000001138706909431","0,00000082787895652294","0,00000101292127487248","0,00000077131671437557","0,00000018272707608735","0,00000174584079196265","0,00000091717161956614"
"0,37773214114935521600","0,00000014629771164230","0,00000096462002661308","0,00000067711391320977","0,00000062164449897118","0,00000001151598453891","0,00000034083283756456","0,00000019405285756529","0,00000099540739378236","0,00000156928420360983","0,00000008053176088203","0,00000001132580360559","0,00000184023843390178","0,00000145108102426389","0,00000001140157668505","0,00000083251614863063","0,00000101238465627913","0,00000077635960009610","0,00000018402677771717","0,00000175586263131086","0,00000092198248109297"
"0,37973606665143139200","0,00000014713954075068","0,00000097058687977977","0,00000068197526600623","0,00000062639231035971","0,00000001152489296172","0,00000034315460481467","0,00000019551484944262","0,00000100218718479807","0,00000157985931837682","0,00000008099566142286","0,00000001133420733817","0,00000185107491994953","0,00000146057955205221","0,00000001141709372551","0,00000083715172327235","0,00000101183879139510","0,00000078138559562288","0,00000018533175316067","0,00000176586791619325","0,00000092678604643247"
"0,38173999215350751200","0,00000014799077893805","0,00000097654194521916","0,00000068683500638415","0,00000063112663672241","0,00000001153490410483","0,00000034547813580538","0,00000019697834827400","0,00000100897051265598","0,00000159038703549968","0,00000008144867874590","0,00000001134451511639","0,00000186187421106664","0,00000147008417895185","0,00000001143362021568","0,00000084178568044808","0,00000101128368022040","0,00000078639470095590","0,00000018664200241784","0,00000177585664660980","0,00000093158231558466"
"0,38374391765558368800","0,00000014885142620442","0,00000098248522293126","0,00000069169313434352","0,00000063584747805927","0,00000001154601796823","0,00000034780343053670","0,00000019844335405943","0,00000101575737735610","0,00000160086735497840","0,00000008189081285114","0,00000001135672694025","0,00000187263630725310","0,00000147959490496282","0,00000001145115615557","0,00000084641802015784","0,00000101071932275503","0,00000079138691609516","0,00000018795752548869","0,00000178582882256052","0,00000093637128854953"
"0,38574784315765986400","0,00000014972148254977","0,00000098841671291606","0,00000069654964988436","0,00000064055483437029","0,00000001155823455194","0,00000035013048900863","0,00000019990986679892","0,00000102254777889843","0,00000161130027681300","0,00000008232206373857","0,00000001137084280975","0,00000188336120850892","0,00000148911173008512","0,00000001146970154516","0,00000085104874240161","0,00000101014571899899","0,00000079636224104066","0,00000018927832237321","0,00000179578444404541","0,00000094115296532708"
"0,38775176865973598500","0,00000015060094797412","0,00000099433641517356","0,00000070140455300665","0,00000064524870565549","0,00000001157155385594","0,00000035245931122117","0,00000020137788649246","0,00000102934171728298","0,00000162168580100348","0,00000008274243140821","0,00000001138686272488","0,00000189404891483410","0,00000149863465431875","0,00000001148925638446","0,00000085567784717941","0,00000100956286895227","0,00000080132067579241","0,00000019060439307141","0,00000180572351106448","0,00000094592734591731"
"0,38975569416181216100","0,00000015148982247746","0,00000100024432970377","0,00000070625784371040","0,00000064992909191485","0,00000001158597588024","0,00000035478989717431","0,00000020284741314006","0,00000103613919250973","0,00000163202392754982","0,00000008315191586004","0,00000001140478668566","0,00000190469942622863","0,00000150816367766370","0,00000001150982067347","0,00000086030533449122","0,00000100897077261489","0,00000080626222035040","0,00000019193573758328","0,00000181564602361771","0,00000095069443032022"
"0,39175961966388828100","0,00000015238810605979","0,00000100614045650668","0,00000071110952199561","0,00000065459599314837","0,00000001160150062483","0,00000035712224686806","0,00000020431844674171","0,00000104294020457870","0,00000164231465645203","0,00000008355051709408","0,00000001142461469207","0,00000191531274269253","0,00000151769880011998","0,00000001153139441219","0,00000086493120433705","0,00000100836942998683","0,00000081118687471463","0,00000019327235590882","0,00000182555198170511","0,00000095545421853581"
"0,39376354516596445700","0,00000015329579872111","0,00000101202479558229","0,00000071595958786228","0,00000065924940935607","0,00000001161812808973","0,00000035945636030241","0,00000020579098729741","0,00000104974475348988","0,00000165255798771012","0,00000008393823511031","0,00000001144634674412","0,00000192588886422578","0,00000152724002168759","0,00000001155397760063","0,00000086955545671691","0,00000100775884106809","0,00000081609463888511","0,00000019461424804804","0,00000183544138532668","0,00000096020671056409"
"0,39576747066804057700","0,00000015421290046143","0,00000101789734693061","0,00000072080804131040","0,00000066388934053793","0,00000001163585827492","0,00000036179223747738","0,00000020726503480717","0,00000105655283924326","0,00000166275392132407","0,00000008431506990874","0,00000001146998284181","0,00000193642779082839","0,00000153678734236652","0,00000001157757023877","0,00000087417809163078","0,00000100713900585869","0,00000082098551286183","0,00000019596141400094","0,00000184531423448242","0,00000096495190640505"
"0,39777139617011675300","0,00000015513941128073","0,00000102375811055163","0,00000072565488233999","0,00000066851578669395","0,00000001165469118041","0,00000036412987839294","0,00000020874058927098","0,00000106336446183886","0,00000167290245729390","0,00000008468102148937","0,00000001149552298514","0,00000194692952250035","0,00000154634076215678","0,00000001160217232662","0,00000087879910907867","0,00000100650992435861","0,00000082585949664479","0,00000019731385376751","0,00000185517052917233","0,00000096968980605869"
"0,39977532167219292900","0,00000015607533117903","0,00000102960708644536","0,00000073050011095103","0,00000067312874782414","0,00000001167462680620","0,00000036646928304912","0,00000021021765068885","0,00000107017962127667","0,00000168300359561960","0,00000008503608985221","0,00000001152296717411","0,00000195739405924168","0,00000155590028105837","0,00000001162778386419","0,00000088341850906058","0,00000100587159656786","0,00000083071659023400","0,00000019867156734775","0,00000186501026939642","0,00000097442040952501"
"0,40177924717426905000","0,00000015700868463622","0,00000103543789421755","0,00000073534296896306","0,00000067773849928647","0,00000001169417165317","0,00000036880447633468","0,00000021169290840009","0,00000107698480497943","0,00000169306932266439","0,00000008539636066341","0,00000001155066393473","0,00000196782629124348","0,00000156545099941346","0,00000001165224055492","0,00000088802792546733","0,00000100523569558223","0,00000083556095122444","0,00000020002813566668","0,00000187481541700360","0,00000097914190039957"
"0,40378317267634522600","0,00000015792749613218","0,00000104124415347396","0,00000074018269819559","0,00000068235531643891","0,00000001171183222218","0,00000037112948313843","0,00000021316305174403","0,00000108376650036988","0,00000170311162479148","0,00000008577791958916","0,00000001157696179299","0,00000197823110869690","0,00000157497801756423","0,00000001167337810226","0,00000089261899218972","0,00000100461389449750","0,00000084039673721112","0,00000020137713964932","0,00000188456793384280","0,00000098385246227792"
"0,40578709817842134600","0,00000015883176566692","0,00000104702586421459","0,00000074501929864862","0,00000068697919928145","0,00000001172760851324","0,00000037344430346036","0,00000021462808072066","0,00000109052470744802","0,00000171313050200089","0,00000008618076662945","0,00000001160186074890","0,00000198860851160192","0,00000158448133551067","0,00000001169119650622","0,00000089719170922776","0,00000100400619331367","0,00000084522394819403","0,00000020271857929565","0,00000189426781991403","0,00000098855209516007"
"0,40779102368049752200","0,00000015972149324045","0,00000105278302643945","0,00000074985277032216","0,00000069161014781409","0,00000001174150052635","0,00000037574893730047","0,00000021608799532998","0,00000109725942621385","0,00000172312595429261","0,00000008660490178429","0,00000001162536080246","0,00000199895849995855","0,00000159396095325279","0,00000001170569576679","0,00000090174607658145","0,00000100341259203075","0,00000085004258417318","0,00000020405245460569","0,00000190391507521729","0,00000099324079904601"
"0,40979494918257369800","0,00000016059667885275","0,00000105851564014853","0,00000075468311321620","0,00000069624816203685","0,00000001175350826151","0,00000037804338465876","0,00000021754279557200","0,00000110397065666737","0,00000173309798166664","0,00000008705032505367","0,00000001164746195367","0,00000200928107376679","0,00000160341687079058","0,00000001171687588398","0,00000090628209425078","0,00000100283309064874","0,00000085485264514856","0,00000020537876557943","0,00000191350969975257","0,00000099791857393574"
"0,41179887468464981800","0,00000016145732250383","0,00000106422370534183","0,00000075951032733075","0,00000070089324194971","0,00000001176363171872","0,00000038032764553523","0,00000021899248144671","0,00000111065839880858","0,00000174304658412297","0,00000008751703643759","0,00000001166816420252","0,00000201957623302664","0,00000161284908812405","0,00000001172473685778","0,00000091079976223576","0,00000100226768916762","0,00000085965413112017","0,00000020669751221687","0,00000192305169351988","0,00000100258541982927"
"0,41380280018672599400","0,00000016230342419370","0,00000106990722201935","0,00000076433441266581","0,00000070554538755267","0,00000001177187089798","0,00000038260171992988","0,00000022043705295411","0,00000111732265263748","0,00000175297176166162","0,00000008800503593607","0,00000001168746754903","0,00000202984397773809","0,00000162225760525319","0,00000001172927868820","0,00000091529908053638","0,00000100171638758741","0,00000086444704208801","0,00000020800869451802","0,00000193254105651922","0,00000100724133672659"
"0,41580672568880211400","0,00000016313498392234","0,00000107556619018110","0,00000076915536922137","0,00000071020459884574","0,00000001177822579928","0,00000038486560784271","0,00000022187651009421","0,00000112396341815407","0,00000176287351428257","0,00000008851432354908","0,00000001170537199318","0,00000204008430790116","0,00000163164242217801","0,00000001173050137524","0,00000091978004915266","0,00000100117918590811","0,00000086923137805209","0,00000020931231248287","0,00000194197778875058","0,00000101188632462771"
"0,41781065119087829000","0,00000016395200168976","0,00000108120060982707","0,00000077397319699743","0,00000071487087582892","0,00000001178269642264","0,00000038711930927372","0,00000022331085286700","0,00000113058069535835","0,00000177275184198584","0,00000008904489927664","0,00000001172187753498","0,00000205029722351583","0,00000164100353889851","0,00000001172840491889","0,00000092424266808458","0,00000100065608412971","0,00000087400713901240","0,00000021060836611142","0,00000195136189021396","0,00000101652038353262"
"0,41981457669295446600","0,00000016475447749596","0,00000108681048095726","0,00000077878789599400","0,00000071954421850220","0,00000001178528276805","0,00000038936282422291","0,00000022474008127249","0,00000113717448425032","0,00000178260674477141","0,00000008959676311875","0,00000001173698417443","0,00000206048272458210","0,00000165034095541468","0,00000001172298931915","0,00000092868693733214","0,00000100014708225221","0,00000087877432496894","0,00000021189685540367","0,00000196069336090937","0,00000102114351344133"
"0,42181850219503058700","0,00000016554241134094","0,00000109239580357168","0,00000078359946621107","0,00000072422462686559","0,00000001178598483550","0,00000039159615269028","0,00000022616419531067","0,00000114374478482998","0,00000179243822263929","0,00000009016991507540","0,00000001175069191153","0,00000207064081109999","0,00000165965467172653","0,00000001171425457603","0,00000093311285689535","0,00000099965218027562","0,00000088353293592172","0,00000021317778035962","0,00000196997220083681","0,00000102575571435383"
"0,42382242769710676300","0,00000016631580322470","0,00000109795657767031","0,00000078840790764865","0,00000072891210091908","0,00000001178480262500","0,00000039381929467583","0,00000022758319498154","0,00000115029159709733","0,00000180224627558949","0,00000009076435514659","0,00000001176300074628","0,00000208077148306948","0,00000166894468783405","0,00000001170220068952","0,00000093752042677421","0,00000099917137819993","0,00000088828297187073","0,00000021445114097928","0,00000197919840999628","0,00000103035698627012"
"0,42582635319918288300","0,00000016707465314724","0,00000110349280325317","0,00000079321322030673","0,00000073360664066269","0,00000001178173613656","0,00000039603225017956","0,00000022899708028511","0,00000115681492105237","0,00000181203090362199","0,00000009138008333233","0,00000001177391067867","0,00000209087474049059","0,00000167821100373725","0,00000001168682765963","0,00000094190964696872","0,00000099870467602515","0,00000089302443281598","0,00000021571693726264","0,00000198837198838777","0,00000103494732919021"
"0,42783027870125905900","0,00000016781896110857","0,00000110900448032025","0,00000079801540418532","0,00000073830824609639","0,00000001177678537016","0,00000039823501920148","0,00000023040585122137","0,00000116331475669510","0,00000182179210673680","0,00000009201709963261","0,00000001178342170872","0,00000210095058336330","0,00000168745361943612","0,00000001166813548636","0,00000094628051747887","0,00000099825207375127","0,00000089775731875745","0,00000021697516920970","0,00000199749293601128","0,00000103952674311409"
"0,42983420420333517900","0,00000016854872710867","0,00000111449160887156","0,00000080281445928441","0,00000074301691722021","0,00000001176995032581","0,00000040042760174157","0,00000023180950779033","0,00000116979110402552","0,00000183152988493392","0,00000009267540404744","0,00000001179153383641","0,00000211099901168761","0,00000169667253493068","0,00000001164612416970","0,00000095063303830467","0,00000099781357137829","0,00000090248162969517","0,00000021822583682046","0,00000200656125286682","0,00000104409522804177"
"0,43183812970541135500","0,00000016926395114755","0,00000111995418890708","0,00000080761038560401","0,00000074773265403412","0,00000001176123100351","0,00000040260999779984","0,00000023320804999198","0,00000117624396304363","0,00000184124423821335","0,00000009335499657682","0,00000001179824706175","0,00000212102002546354","0,00000170586775022090","0,00000001162079370966","0,00000095496720944612","0,00000099738916890622","0,00000090719736562911","0,00000021946894009493","0,00000201557693895439","0,00000104865278397324"
"0,43384205520748753100","0,00000016996463322521","0,00000112539222042683","0,00000081240318314412","0,00000075245545653815","0,00000001175062740326","0,00000040478220737630","0,00000023460147782632","0,00000118267333374944","0,00000185093516657509","0,00000009405587722073","0,00000001180356138474","0,00000213101362469107","0,00000171503926530680","0,00000001159214410623","0,00000095928303090321","0,00000099697886633505","0,00000091190452655929","0,00000022070447903310","0,00000202453999427399","0,00000105319941090850"
"0,43584598070956365200","0,00000017065077334165","0,00000113080570343080","0,00000081719285190472","0,00000075718532473228","0,00000001173813952506","0,00000040694423047093","0,00000023598979129336","0,00000118907921614293","0,00000186060267001914","0,00000009477804597920","0,00000001180747680538","0,00000214097980937021","0,00000172418708018838","0,00000001156017535941","0,00000096358050267595","0,00000099658266366479","0,00000091660311248570","0,00000022193245363497","0,00000203345041882561","0,00000105773510884756"
"0,43784990621163982800","0,00000017132237149686","0,00000113619463791900","0,00000082197939188584","0,00000076192225861652","0,00000001172376736891","0,00000040909606708375","0,00000023737299039309","0,00000119546161022411","0,00000187024674854550","0,00000009552150285220","0,00000001180999332367","0,00000215091857950096","0,00000173331119486563","0,00000001152488746921","0,00000096785962476434","0,00000099620056089543","0,00000092129312340834","0,00000022315286390054","0,00000204230821260925","0,00000106225987779041"
"0,43985383171371594800","0,00000017197942769086","0,00000114155902389142","0,00000082676280308745","0,00000076666625819086","0,00000001170751093481","0,00000041123771721474","0,00000023875107512551","0,00000120182051599298","0,00000187986740215417","0,00000009628624783976","0,00000001181111093960","0,00000216082993508332","0,00000174241160933856","0,00000001148628043563","0,00000097212039716837","0,00000099583255802697","0,00000092597455932722","0,00000022436570982981","0,00000205111337562492","0,00000106677371773706"
"0,44185775721579212400","0,00000017262194192364","0,00000114689886134805","0,00000083154308550958","0,00000077141732345531","0,00000001168937022275","0,00000041336918086392","0,00000024012404549063","0,00000120815593344954","0,00000188946463084515","0,00000009707228094185","0,00000001181082965319","0,00000217071387611729","0,00000175148832360717","0,00000001144435425866","0,00000097636281988805","0,00000099547865505942","0,00000093064742024233","0,00000022557099142279","0,00000205986590787262","0,00000107127662868750"
"0,44386168271786830000","0,00000017324991419520","0,00000115221415028892","0,00000083632023915220","0,00000077617545440987","0,00000001166934523275","0,00000041549045803127","0,00000024149190148844","0,00000121446786259379","0,00000189903843461844","0,00000009787960215849","0,00000001180914946442","0,00000218057040260286","0,00000176054133767145","0,00000001139910893831","0,00000098058689292337","0,00000099513885199277","0,00000093531170615367","0,00000022676870867947","0,00000206856580935234","0,00000107576861064174"
"0,44586560821994442000","0,00000017386334450554","0,00000115750489071400","0,00000084109426401533","0,00000078094065105453","0,00000001164743596479","0,00000041760154871681","0,00000024285464311895","0,00000122075630342574","0,00000190858881347404","0,00000009870821148968","0,00000001180607037330","0,00000219039951454004","0,00000176957065153140","0,00000001135054447457","0,00000098479261627435","0,00000099481314882703","0,00000093996741706125","0,00000022795886159985","0,00000207721308006409","0,00000108024966359976"
"0,44786953372202059600","0,00000017446223285466","0,00000116277108262331","0,00000084586516009897","0,00000078571291338929","0,00000001162364241889","0,00000041970245292053","0,00000024421227038214","0,00000122702125594537","0,00000191811576741194","0,00000009955810893541","0,00000001180159237983","0,00000220020121192883","0,00000177857626518704","0,00000001129866086745","0,00000098897998994097","0,00000099450154556219","0,00000094461455296506","0,00000022914145018394","0,00000208580772000787","0,00000108471978756159"
"0,44987345922409671700","0,00000017504657924256","0,00000116801272601684","0,00000085063292740311","0,00000079049224141417","0,00000001159796459503","0,00000042179317064242","0,00000024556478327804","0,00000123326272015269","0,00000192761929643216","0,00000010042929449569","0,00000001179571548401","0,00000220997549476922","0,00000178755817863834","0,00000001124345811694","0,00000099314901392323","0,00000099420404219826","0,00000094925311386511","0,00000023031647443172","0,00000209434972918367","0,00000108917898252721"
"0,45187738472617289300","0,00000017563255701759","0,00000117324198956117","0,00000085539076406553","0,00000079525615671823","0,00000001157178608108","0,00000042388204454307","0,00000024691671302745","0,00000123949195448349","0,00000193708172508508","0,00000010130124539346","0,00000001178836637437","0,00000221970913517537","0,00000179653781849697","0,00000001119113979651","0,00000099730923301875","0,00000099390857281123","0,00000095386992832422","0,00000023148849126723","0,00000210285754135363","0,00000109362989126268"
"0,45388131022824901300","0,00000017623633952813","0,00000117847104192288","0,00000086013186822400","0,00000079998218089056","0,00000001154649046491","0,00000042597741728303","0,00000024827259085120","0,00000124572021737354","0,00000194648537792112","0,00000010215343885169","0,00000001177947173945","0,00000222938890526140","0,00000180553661137457","0,00000001114790947961","0,00000100147019202511","0,00000099360307147711","0,00000095845182490524","0,00000023266205761447","0,00000211134959027987","0,00000109807515653408"
"0,45588523573032518900","0,00000017685792677416","0,00000118369988310197","0,00000086485623987852","0,00000080467031393115","0,00000001152207774651","0,00000042807928886230","0,00000024963241674930","0,00000125194750882285","0,00000195583025494027","0,00000010298587487039","0,00000001176903157925","0,00000223901480502732","0,00000181455455727114","0,00000001111376716625","0,00000100563189094233","0,00000099328753819590","0,00000096299880360816","0,00000023383717347345","0,00000211982587596241","0,00000110251477834141"
"0,45788916123240136500","0,00000017749731875569","0,00000118892851309845","0,00000086956387902909","0,00000080932055584002","0,00000001149854792588","0,00000043018765928088","0,00000025099619072174","0,00000125817382883143","0,00000196511635614253","0,00000010379855344953","0,00000001175704589377","0,00000224858683447312","0,00000182359165618668","0,00000001108871285642","0,00000100979432977040","0,00000099296197296760","0,00000096751086443298","0,00000023501383884417","0,00000212828639840124","0,00000110694875668466"
"0,45989308673447748500","0,00000017815451547271","0,00000119415693191231","0,00000087425478567570","0,00000081393290661715","0,00000001147590100303","0,00000043230252853878","0,00000025236391276852","0,00000126439917739926","0,00000197434368152789","0,00000010459147458914","0,00000001174351468300","0,00000225810499359881","0,00000183264790812119","0,00000001107274655013","0,00000101395750850932","0,00000099262637579221","0,00000097198800737971","0,00000023619205372663","0,00000213673115759636","0,00000111137709156384"
"0,46189701223655366100","0,00000017882951692523","0,00000119938513954355","0,00000087892895981837","0,00000081850736626255","0,00000001145413697794","0,00000043442389663599","0,00000025373558288964","0,00000127062355452634","0,00000198351223109637","0,00000010536463828920","0,00000001172843794696","0,00000226756928240439","0,00000184172331307467","0,00000001106586824737","0,00000101812142715908","0,00000099228074666973","0,00000097643023244835","0,00000023737181812082","0,00000214516015354777","0,00000111579978297894"
"0,46390093773862978200","0,00000017952232311326","0,00000120461313599217","0,00000088358640145709","0,00000082304393477622","0,00000001143325585063","0,00000043655176357251","0,00000025511120108510","0,00000127684696021269","0,00000199262200484796","0,00000010611804454972","0,00000001171181568563","0,00000227697970088986","0,00000185081787104712","0,00000001106807794814","0,00000102228608571970","0,00000099192508560015","0,00000098083753963889","0,00000023855313202675","0,00000215357338625546","0,00000112021683092996"
"0,46590486324070595800","0,00000018023293403677","0,00000120984092125817","0,00000088822711059185","0,00000082754261215816","0,00000001141325762109","0,00000043868612934835","0,00000025649076735491","0,00000128306939445829","0,00000200167300278266","0,00000010685169337070","0,00000001169364789902","0,00000228633624905521","0,00000185993158203854","0,00000001107937565245","0,00000102645148419118","0,00000099155939258349","0,00000098520992895134","0,00000023973599544442","0,00000216197085571945","0,00000112462823541692"
"0,46790878874278213300","0,00000018096134969579","0,00000121506849534156","0,00000089285108722267","0,00000083200339840837","0,00000001139414228933","0,00000044082699396350","0,00000025787428169906","0,00000128929085726315","0,00000201066522490047","0,00000010756558475213","0,00000001167393458713","0,00000229563892690045","0,00000186906444604893","0,00000001109976136030","0,00000103061762257350","0,00000099118366761973","0,00000098954740038569","0,00000024092040837383","0,00000217035256193973","0,00000112903399643979"
"0,46991271424485825400","0,00000018170757009030","0,00000122029585824232","0,00000089745833134954","0,00000083642629352684","0,00000001137590985533","0,00000044297435741796","0,00000025926174411755","0,00000129551134862727","0,00000201959867120139","0,00000010825971869402","0,00000001165267574995","0,00000230488773442558","0,00000187821646307829","0,00000001112923507168","0,00000103478450086667","0,00000099079791070889","0,00000099384995394194","0,00000024210637081497","0,00000217871850491630","0,00000113343411399859"
"0,47191663974693443000","0,00000018247159522031","0,00000122552300996047","0,00000090204884297245","0,00000084081129751359","0,00000001135856031911","0,00000044512821971173","0,00000026065315461039","0,00000130173086855065","0,00000202847334168542","0,00000010893409519637","0,00000001162987138750","0,00000231408267163059","0,00000188738763312662","0,00000001116779678659","0,00000103895211907069","0,00000099040212185095","0,00000099811758962010","0,00000024329388276786","0,00000218706868464915","0,00000113782858809332"
"0,47392056524901055000","0,00000018325342508582","0,00000123074995049600","0,00000090662262209142","0,00000084515841036860","0,00000001134209368066","0,00000044728858084482","0,00000026204851317757","0,00000130794941703329","0,00000203728923635257","0,00000010958871425917","0,00000001160552149976","0,00000232322373851549","0,00000189657795619392","0,00000001121544650504","0,00000104312047718557","0,00000098999630104592","0,00000100235030742016","0,00000024448294423248","0,00000219540310113830","0,00000114221741872397"
"0,47592449075108672600","0,00000018405305968682","0,00000123597667984891","0,00000091117966870643","0,00000084946763209188","0,00000001132650993999","0,00000044945544081722","0,00000026344781981908","0,00000131416699407519","0,00000204604635520282","0,00000011022357588243","0,00000001157962608675","0,00000233231093508028","0,00000190578743228019","0,00000001127218422703","0,00000104728957521129","0,00000098958044829380","0,00000100654810734213","0,00000024567355520883","0,00000220372175438374","0,00000114660060589054"
"0,47792841625316290200","0,00000018487049902333","0,00000124120319801920","0,00000091571998281750","0,00000085373896268342","0,00000001131180909708","0,00000045162879962894","0,00000026485107453495","0,00000132038359967634","0,00000205474469823618","0,00000011083868006615","0,00000001155218514845","0,00000234134426132496","0,00000191501606138542","0,00000001133800995254","0,00000105145941314787","0,00000098915456359459","0,00000101071098938600","0,00000024686571569693","0,00000221202464438546","0,00000115097814959304"
"0,47993234175523902200","0,00000018570574309532","0,00000124642950500688","0,00000092024356442461","0,00000085797240214324","0,00000001129799115195","0,00000045380865727997","0,00000026625827732515","0,00000132659923383675","0,00000206338426545265","0,00000011143402681033","0,00000001152319868487","0,00000235032371724952","0,00000192426384350963","0,00000001141292368160","0,00000105562999099529","0,00000098871864694829","0,00000101483895355178","0,00000024805942569676","0,00000222031177114348","0,00000115535004983147"
"0,48193626725731519800","0,00000018655879190282","0,00000125165560081193","0,00000092475041352777","0,00000086216795047132","0,00000001128505610459","0,00000045599501377031","0,00000026766942818970","0,00000133281389655642","0,00000207196505685224","0,00000011200961611496","0,00000001149266669600","0,00000235924930285397","0,00000193353077865281","0,00000001149692541419","0,00000105980130875357","0,00000098827269835490","0,00000101893199983946","0,00000024925468520833","0,00000222858313465779","0,00000115971630660582"
"0,48394019275939131900","0,00000018742964544582","0,00000125688148543437","0,00000092924053012699","0,00000086632560766767","0,00000001127300395501","0,00000045818786909996","0,00000026908452712858","0,00000133902758783535","0,00000208048707243493","0,00000011256544798005","0,00000001146058918186","0,00000236812101813830","0,00000194281686681496","0,00000001159001515031","0,00000106397336642270","0,00000098781671781442","0,00000102299012824904","0,00000025045149423164","0,00000223683873492838","0,00000116407691991610"
"0,48594411826146749500","0,00000018831830372431","0,00000126210715887419","0,00000093371391422225","0,00000087044537373229","0,00000001126183470319","0,00000046038722326893","0,00000027050357414181","0,00000134524030767353","0,00000208895031220074","0,00000011310152240560","0,00000001142696614244","0,00000237693886310252","0,00000195212210799608","0,00000001169219288997","0,00000106814616400268","0,00000098735070532685","0,00000102701333878054","0,00000025164985276668","0,00000224507857195527","0,00000116843188976230"
"0,48794804376354361500","0,00000018922476673830","0,00000126733262113139","0,00000093817056581356","0,00000087452724866518","0,00000001125154834915","0,00000046259307627721","0,00000027192656922939","0,00000135145205607098","0,00000209735477614965","0,00000011361783939161","0,00000001139179757773","0,00000238570283774663","0,00000196144650219616","0,00000001180345863316","0,00000107231970149351","0,00000098687466089218","0,00000103100163143393","0,00000025284976081346","0,00000225330264573844","0,00000117278121614442"
"0,48995196926561979100","0,00000019014903448778","0,00000127255787220598","0,00000094261048490092","0,00000087857123246634","0,00000001124214489288","0,00000046480542812481","0,00000027335351239130","0,00000135766283302768","0,00000210570046428168","0,00000011411439893807","0,00000001135508348774","0,00000239441294207063","0,00000197079004941522","0,00000001192381237989","0,00000107649397889519","0,00000098638858451043","0,00000103495500620923","0,00000025405121837198","0,00000226151095627791","0,00000117712489906247"
"0,49195589476769596700","0,00000019109110697277","0,00000127778291209794","0,00000094703367148433","0,00000088257732513576","0,00000001123362433438","0,00000046702427881171","0,00000027478440362756","0,00000136387263854364","0,00000211398737659682","0,00000011459120104499","0,00000001131682387247","0,00000240306917607451","0,00000198015274965325","0,00000001205325413015","0,00000108066899620772","0,00000098589247618158","0,00000103887346310643","0,00000025525422544224","0,00000226970350357366","0,00000118146293851644"
"0,49395982026977208700","0,00000019205098419325","0,00000128300774080729","0,00000095144012556380","0,00000088654552667345","0,00000001122598667366","0,00000046924962833793","0,00000027621924293816","0,00000137008147261886","0,00000212221551309506","0,00000011504824571236","0,00000001127701873192","0,00000241167153975828","0,00000198953460291025","0,00000001219178388394","0,00000108484475343111","0,00000098538633590565","0,00000104275700212554","0,00000025645878202424","0,00000227788028762571","0,00000118579533450634"
"0,49596374577184826300","0,00000019302866614923","0,00000128823235833402","0,00000095582984713931","0,00000089047583707941","0,00000001121923191071","0,00000047148147670347","0,00000027765803032310","0,00000137628933525334","0,00000213038487377642","0,00000011548553294020","0,00000001123566806608","0,00000242022003312194","0,00000199893560918621","0,00000001233940164128","0,00000108902125056534","0,00000098487016368262","0,00000104660562326656","0,00000025766488811797","0,00000228604130843404","0,00000119012208703217"
"0,49796767127392438400","0,00000019402415284070","0,00000129345676467812","0,00000096020283621087","0,00000089436825635364","0,00000001121336004553","0,00000047371982390832","0,00000027910076578239","0,00000138249622644707","0,00000213849545864089","0,00000011590306272849","0,00000001119277187497","0,00000242871465616549","0,00000200835576848115","0,00000001249610740214","0,00000109319848761042","0,00000098434395951250","0,00000105041932652947","0,00000025887254372344","0,00000229418656599867","0,00000119444319609392"
"0,49997159677600056000","0,00000019503744426767","0,00000129868095983962","0,00000096455909277848","0,00000089822278449614","0,00000001120837107812","0,00000047596466995248","0,00000028054744931601","0,00000138870214620007","0,00000214654726768847","0,00000011630083507724","0,00000001114833015857","0,00000243715540888892","0,00000201779508079506","0,00000001266190116654","0,00000109737646456636","0,00000098380772339529","0,00000105419811191430","0,00000026008174884065","0,00000230231606031958","0,00000119875866169159"
