Variable Source,dev1,dev2,dev3,dev4,dev5,dev6,dev7,dev8,dev9,dev10,dev11,dev12,dev13,dev14,dev15,dev16,dev17,Dev 18,Dev 19,Dev 20
"-0,49993858631900023300","0,00000118438583901966","0,00000369745947020349","0,00000272219853010774","0,00000279774738367628","0,00000277797593978073","0,00000143972148329704","0,00000079067136108078","0,00000345098056246816","0,00000651642735628593","0,00000034930821194616","0,00000001161742960844","0,00000574689921586429","0,00000513937743687233","0,00000161472222014835","0,00000289758847282352","0,00000244794508037726","0,00000246489570177157","0,00000067911738666805","0,00000584299290441043","0,00000302471284956469"
"-0,49793466368168559600","0,00000118122360893234","0,00000369298059977538","0,00000271772844248533","0,00000279465665309346","0,00000277491679489180","0,00000143730256305750","0,00000078988430130804","0,00000345321344324419","0,00000651821345928713","0,00000034901775751849","0,00000001165606230940","0,00000574775776080287","0,00000514342431372608","0,00000161431502486525","0,00000289734905866171","0,00000244907252116300","0,00000245970931850510","0,00000067782333235961","0,00000583267757153630","0,00000301793939699052"
"-0,49593074104437096000","0,00000117805150410121","0,00000368838100468003","0,00000271317054328988","0,00000279142906202012","0,00000277170610374107","0,00000143478797925271","0,00000078907122152379","0,00000345508798825777","0,00000651949622607915","0,00000034869812130348","0,00000001169271605460","0,00000574812616291881","0,00000514689501471710","0,00000161379037138761","0,00000289692388101517","0,00000245023815752073","0,00000245442720224286","0,00000067650334582714","0,00000582214752930817","0,00000301105423483079"
"-0,49392681840705632300","0,00000117486952452628","0,00000368366068491744","0,00000270852483252140","0,00000278806461045625","0,00000276834386632853","0,00000143217773188267","0,00000078823212172803","0,00000345660419750890","0,00000652027565666199","0,00000034834930330113","0,00000001172739084406","0,00000574800442221212","0,00000514978953984537","0,00000161314825971542","0,00000289631293988390","0,00000245144198945045","0,00000244904935298487","0,00000067515742707062","0,00000581140277772603","0,00000300405736308549"
"-0,49192289576974174100","0,00000117167767020753","0,00000367881964048761","0,00000270379131017989","0,00000278456329840187","0,00000276483008265419","0,00000142947182094737","0,00000078736700192078","0,00000345776207099759","0,00000652055175103564","0,00000034797130351144","0,00000001176008667778","0,00000574739253868279","0,00000515210788911092","0,00000161238868984869","0,00000289551623526790","0,00000245268401695216","0,00000244357577073111","0,00000067378557609007","0,00000580044331678987","0,00000299694878175462"
"-0,48991897313242710500","0,00000116847594114498","0,00000367385787139055","0,00000269896997626534","0,00000278092512585696","0,00000276116475271805","0,00000142667024644682","0,00000078647586210201","0,00000345856160872384","0,00000652032450920010","0,00000034756412193441","0,00000001179080355575","0,00000574629051233082","0,00000515385006251372","0,00000161151166178741","0,00000289453376716717","0,00000245396424002584","0,00000243800645548159","0,00000067238779288547","0,00000578926914649971","0,00000298972849083818"
"-0,48791505049511246800","0,00000116526433733862","0,00000366877537762625","0,00000269406083077777","0,00000277715009282154","0,00000275734787652010","0,00000142377300838102","0,00000078555870227174","0,00000345900281068764","0,00000651959393115537","0,00000034712775857004","0,00000001181954147798","0,00000574469834315621","0,00000515501606005379","0,00000161051717553158","0,00000289336553558170","0,00000245528265867152","0,00000243234140723631","0,00000067096407745684","0,00000577788026685554","0,00000298239649033617"
"-0,48591112785779783100","0,00000116204285878844","0,00000366357215919471","0,00000268906387371716","0,00000277323819929559","0,00000275337945406034","0,00000142078010674996","0,00000078461552242996","0,00000345908567688900","0,00000651836001690146","0,00000034666221341834","0,00000001184630044446","0,00000574261603115897","0,00000515560588173113","0,00000160940523108121","0,00000289201154051151","0,00000245663927288918","0,00000242658062599526","0,00000066951442980416","0,00000576627667785736","0,00000297495278024859"
"-0,48390720522048319400","0,00000115881150549446","0,00000365824821609594","0,00000268397910508352","0,00000276918944527911","0,00000274925948533878","0,00000141769154155365","0,00000078364632257668","0,00000345881020732791","0,00000651662276643836","0,00000034616748647930","0,00000001187108045520","0,00000574004357633909","0,00000515561952754573","0,00000160817582843629","0,00000289047178195659","0,00000245803408267883","0,00000242072411175846","0,00000066803884992744","0,00000575445837950516","0,00000296739736057544"
"-0,48190328258316855700","0,00000115557027745667","0,00000365280354832993","0,00000267880652487684","0,00000276500383077212","0,00000274498797035542","0,00000141450731279209","0,00000078265110271189","0,00000345817640200438","0,00000651438217976608","0,00000034564357775292","0,00000001189388151019","0,00000573698097869656","0,00000515505699749759","0,00000160682896759683","0,00000288874625991694","0,00000245946708804046","0,00000241477186452589","0,00000066653733782668","0,00000574242537179896","0,00000295973023131672"
"-0,47989935994585392000","0,00000115231917467506","0,00000364723815589668","0,00000267354613309713","0,00000276068135577460","0,00000274056490911025","0,00000141122742046527","0,00000078162986283560","0,00000345718426091840","0,00000651163825688461","0,00000034509048723920","0,00000001191470360943","0,00000573342823823140","0,00000515391829158672","0,00000160536464856282","0,00000288683497439255","0,00000246093828897408","0,00000240872388429756","0,00000066500989350189","0,00000573017765473876","0,00000295195139247243"
"-0,47789543730853928400","0,00000114905819714965","0,00000364155203879619","0,00000266819792974439","0,00000275622202028657","0,00000273599030160328","0,00000140785186457320","0,00000078058260294780","0,00000345583378406998","0,00000650839099779395","0,00000034450821493814","0,00000001193354675293","0,00000572938535494361","0,00000515220340981311","0,00000160378287133426","0,00000288473792538344","0,00000246244768547969","0,00000240258017107347","0,00000066345651695305","0,00000571771522832454","0,00000294406084404257"
"-0,47589151467122470200","0,00000114578734488043","0,00000363574519702847","0,00000266276191481862","0,00000275162582430801","0,00000273126414783450","0,00000140438064511587","0,00000077950932304850","0,00000345412497145912","0,00000650464040249411","0,00000034389676084975","0,00000001195041094069","0,00000572485232883317","0,00000514991235217677","0,00000160208363591116","0,00000288245511288959","0,00000246399527755728","0,00000239634072485361","0,00000066187720818016","0,00000570503809255631","0,00000293605858602714"
"-0,47388759203391006600","0,00000114250661786740","0,00000362981763059351","0,00000265723808831982","0,00000274689276783892","0,00000272638644780391","0,00000140081376209329","0,00000077841002313769","0,00000345205782308581","0,00000650038647098508","0,00000034325612497401","0,00000001196529617270","0,00000571982915990010","0,00000514704511867769","0,00000160026694229351","0,00000287998653691102","0,00000246558106520686","0,00000239000554563800","0,00000066027196718324","0,00000569214624743407","0,00000292794461842615"
"-0,47188366939659542900","0,00000113921601611056","0,00000362376933949132","0,00000265162645024798","0,00000274202285087932","0,00000272135720151152","0,00000139715121550546","0,00000077728470321537","0,00000344963233895006","0,00000649562920326686","0,00000034258630731094","0,00000001197820244896","0,00000571431584814438","0,00000514360170931587","0,00000159833279048132","0,00000287733219744771","0,00000246720504842843","0,00000238357463342662","0,00000065864079396228","0,00000567903969295783","0,00000291971894123958"
"-0,46987974675928079200","0,00000113591553960991","0,00000361760032372188","0,00000264592700060311","0,00000273701607342919","0,00000271617640895733","0,00000139339300535237","0,00000077613336328155","0,00000344684851905186","0,00000649036859933946","0,00000034188730786053","0,00000001198912976948","0,00000570831239356603","0,00000513958212409132","0,00000159628118047458","0,00000287449209449968","0,00000246886722722198","0,00000237704798821948","0,00000065698368851728","0,00000566571842912757","0,00000291138155446744"
"-0,46787582412196615500","0,00000113260518836545","0,00000361131058328521","0,00000264013973938520","0,00000273187243548854","0,00000271084407014133","0,00000138953913163403","0,00000077495600333623","0,00000344370636339122","0,00000648460465920287","0,00000034115912662278","0,00000001199807813426","0,00000570181879616504","0,00000513498636300403","0,00000159411211227330","0,00000287146622806691","0,00000247056760158751","0,00000237042561001657","0,00000065530065084824","0,00000565218245594331","0,00000290293245810974"
"-0,46587190148465151800","0,00000112928496237719","0,00000360490011818130","0,00000263426466659427","0,00000272659193705738","0,00000270536018506353","0,00000138558959435043","0,00000077375262337940","0,00000344020587196813","0,00000647833738285709","0,00000034040176359770","0,00000001200504754329","0,00000569483505594142","0,00000512981442605401","0,00000159182558587746","0,00000286825459814941","0,00000247230617152504","0,00000236370749881791","0,00000065359168095515","0,00000563843177340504","0,00000289437165216646"
"-0,46386797884733688100","0,00000112595486164511","0,00000359836892841016","0,00000262830178223030","0,00000272117457813568","0,00000269972475372392","0,00000138154439350159","0,00000077252322341106","0,00000343634704478261","0,00000647156677030213","0,00000033961521878527","0,00000001201003799657","0,00000568736117289515","0,00000512406631324125","0,00000158942160128709","0,00000286485720474719","0,00000247408293703455","0,00000235689365462348","0,00000065185677883803","0,00000562446638151276","0,00000288569913663761"
"-0,46186405621002230000","0,00000112261488616922","0,00000359171701397178","0,00000262225108629330","0,00000271562035872347","0,00000269393777612251","0,00000137740352908748","0,00000077126780343122","0,00000343212988183463","0,00000646429282153798","0,00000033879949218551","0,00000001201304949411","0,00000567939714702625","0,00000511774202456576","0,00000158690015850216","0,00000286127404786023","0,00000247589789811604","0,00000234998407743329","0,00000065009594449686","0,00000561028628026646","0,00000287691491152320"
"-0,45986013357270766300","0,00000111926503594952","0,00000358494437486616","0,00000261611257878326","0,00000270992927882073","0,00000268799925225929","0,00000137316700110813","0,00000076998636343987","0,00000342755438312421","0,00000645651553656464","0,00000033795458379841","0,00000001201408203590","0,00000567094297833470","0,00000511084156002753","0,00000158426125752270","0,00000285750512748854","0,00000247775105476952","0,00000234297876724734","0,00000064830917793166","0,00000559589146966616","0,00000286801897682321"
"-0,45785621093539302600","0,00000111590531098602","0,00000357805101109330","0,00000260988625970020","0,00000270410133842748","0,00000268190918213427","0,00000136883480956352","0,00000076867890343702","0,00000342262054865135","0,00000644823491538212","0,00000033708049362397","0,00000001201313562195","0,00000566199866682053","0,00000510336491962657","0,00000158150489834868","0,00000285355044363212","0,00000247964240699499","0,00000233587772406563","0,00000064649647914241","0,00000558128194971185","0,00000285901133253766"
"-0,45585228829807839000","0,00000111253571127870","0,00000357103692265321","0,00000260357212904410","0,00000269813653754370","0,00000267566756574744","0,00000136440695445366","0,00000076734542342266","0,00000341732837841604","0,00000643945095799041","0,00000033617722166219","0,00000001201021025226","0,00000565256421248371","0,00000509531210336287","0,00000157863108098012","0,00000284940999629097","0,00000248157195479244","0,00000232868094788816","0,00000064465784812912","0,00000556645772040354","0,00000284989197866654"
"-0,45384836566076375300","0,00000110915623682757","0,00000356390210954588","0,00000259717018681496","0,00000269203487616939","0,00000266927440309881","0,00000135988343577854","0,00000076598592339679","0,00000341167787241829","0,00000643016366438951","0,00000033524476791308","0,00000001200530592681","0,00000564263961532425","0,00000508668311123643","0,00000157563980541701","0,00000284508378546509","0,00000248353969816188","0,00000232138843871492","0,00000064279328489179","0,00000555141878174121","0,00000284066091520984"
"-0,45184444302344911600","0,00000110576688763264","0,00000355664657177131","0,00000259068043301280","0,00000268579635430457","0,00000266272969418837","0,00000135526425353817","0,00000076460040335942","0,00000340566903065810","0,00000642037303457943","0,00000033428313237663","0,00000001199842264563","0,00000563222487534216","0,00000507747794324726","0,00000157253107165936","0,00000284057181115448","0,00000248554563710331","0,00000231400019654592","0,00000064090278943043","0,00000553616513372487","0,00000283131814216758"
"-0,44984052038613447900","0,00000110236106847224","0,00000354929894747579","0,00000258412851059012","0,00000267946247659570","0,00000265609466233403","0,00000135061878412064","0,00000076318435438325","0,00000339943475813282","0,00000641027631612741","0,00000033330621331208","0,00000001199101969887","0,00000562149691022303","0,00000506792754627208","0,00000156934629406328","0,00000283593059825456","0,00000248753735485279","0,00000230655124947028","0,00000063899792059568","0,00000552077189453895","0,00000282190166223715"
"-0,44783659774881984200","0,00000109893218412472","0,00000354188787480561","0,00000257754006249945","0,00000267307474768925","0,00000264943053085369","0,00000134601640391406","0,00000076173326754097","0,00000339310795983983","0,00000640007075660068","0,00000033232790897870","0,00000001198455637673","0,00000561063263765247","0,00000505826286718763","0,00000156612688698487","0,00000283121667166077","0,00000248946243464638","0,00000229907662557711","0,00000063709023723821","0,00000550531418236786","0,00000281244947811597"
"-0,44583267511150526100","0,00000109548023459008","0,00000353441335376077","0,00000257091508874079","0,00000266663316758522","0,00000264273729974734","0,00000134145711291842","0,00000076024714283258","0,00000338668863577912","0,00000638975635599926","0,00000033134821937649","0,00000001197903267920","0,00000559963205763048","0,00000504848390599391","0,00000156287285042415","0,00000282643003137309","0,00000249132087648408","0,00000229157632486641","0,00000063517973935803","0,00000548979199721160","0,00000280296158980403"
"-0,44382875247419062400","0,00000109200521986831","0,00000352687538434127","0,00000256425358931414","0,00000266013773628362","0,00000263601496901499","0,00000133694091113373","0,00000075872598025809","0,00000338017678595070","0,00000637933311432314","0,00000033036714450543","0,00000001197444860628","0,00000558849517015705","0,00000503859066269091","0,00000155958418438111","0,00000282157067739153","0,00000249311268036590","0,00000228405034733819","0,00000063326642695512","0,00000547420533907018","0,00000279343799730134"
"-0,44182482983687598700","0,00000108850713995943","0,00000351927396654711","0,00000255755556421949","0,00000265358845378444","0,00000262926353865664","0,00000133246779855997","0,00000075716977981749","0,00000337357241035456","0,00000636880103157232","0,00000032938468436553","0,00000001197080415797","0,00000557722197523220","0,00000502858313727864","0,00000155626088885574","0,00000281663860971609","0,00000249483784629183","0,00000227649869299244","0,00000063135030002950","0,00000545855420794359","0,00000278387870060789"
"-0,43982090719956135100","0,00000108498599486343","0,00000351160910037828","0,00000255082101345685","0,00000264698532008768","0,00000262248300867229","0,00000132803777519717","0,00000075557854151078","0,00000336687550899070","0,00000635816010774680","0,00000032840083895680","0,00000001196809933427","0,00000556581247285592","0,00000501846132975709","0,00000155290296384806","0,00000281163382834677","0,00000249649637426187","0,00000226892136182917","0,00000062943135858116","0,00000544283860383184","0,00000277428369972369"
"-0,43781698456224671400","0,00000108144178458030","0,00000350388078583479","0,00000254404993702622","0,00000264032833519335","0,00000261567337906193","0,00000132365084104530","0,00000075395226533797","0,00000336008608185913","0,00000634741034284658","0,00000032741560827923","0,00000001196633413519","0,00000555426666302820","0,00000500822524012627","0,00000154951040935806","0,00000280655633328356","0,00000249808826427603","0,00000226131835384837","0,00000062750960261010","0,00000542705852673492","0,00000276465299464873"
"-0,43581306192493207700","0,00000107787450911006","0,00000349608902291664","0,00000253724233492760","0,00000263361749910144","0,00000260883464982557","0,00000131930699610438","0,00000075229095129905","0,00000335320412895984","0,00000633655173687167","0,00000032642899233282","0,00000001196550856071","0,00000554258454574906","0,00000499787486838617","0,00000154608322538574","0,00000280140612452648","0,00000249961351633430","0,00000225368966905004","0,00000062558503211632","0,00000541121397665284","0,00000275498658538301"
"-0,43380913928761744000","0,00000107428416845269","0,00000348823381162382","0,00000253039820716098","0,00000262685281181195","0,00000260196682096321","0,00000131500624037440","0,00000075059459939403","0,00000334622965029283","0,00000632558428982205","0,00000032544099111758","0,00000001196562261085","0,00000553076612101848","0,00000498741021453681","0,00000154262141193110","0,00000279618320207552","0,00000250107213043669","0,00000224603530743419","0,00000062365764709982","0,00000539530495358558","0,00000274528447192654"
"-0,43180521665030280300","0,00000107067076260820","0,00000348031515195635","0,00000252351755372637","0,00000262003427332489","0,00000259506989247485","0,00000131074857385537","0,00000074886320962290","0,00000333916264585811","0,00000631450800169774","0,00000032445160463349","0,00000001196667628559","0,00000551881138883647","0,00000497683127857816","0,00000153912496899414","0,00000279088756593067","0,00000250246410658319","0,00000223835526900081","0,00000062172744756061","0,00000537933145753317","0,00000273554665427931"
"-0,42980129401298822200","0,00000106703429157659","0,00000347233304391421","0,00000251660037462377","0,00000261316188364025","0,00000258814386436048","0,00000130653399654727","0,00000074709678198566","0,00000333200311565567","0,00000630332287249872","0,00000032346083288057","0,00000001196866958495","0,00000550672034920303","0,00000496613806051025","0,00000153559389657486","0,00000278551921609195","0,00000250378944477380","0,00000223064955374991","0,00000061979443349867","0,00000536329348849559","0,00000272577313244133"
"-0,42779737137567358500","0,00000106337475535787","0,00000346428748749741","0,00000250964666985318","0,00000260623564275804","0,00000258118873662011","0,00000130236250845013","0,00000074529531648232","0,00000332475105968551","0,00000629202890222501","0,00000032246867585881","0,00000001197160250892","0,00000549449300211816","0,00000495533056033306","0,00000153202819467326","0,00000278007815255934","0,00000250504814500853","0,00000222291816168147","0,00000061785860491402","0,00000534719104647284","0,00000271596390641259"
"-0,42579344873835894800","0,00000105969215395202","0,00000345617848270595","0,00000250265643941460","0,00000259925555067824","0,00000257420450925374","0,00000129823410956392","0,00000074345881311288","0,00000331740647794764","0,00000628062609087660","0,00000032147513356821","0,00000001197547505750","0,00000548212934758186","0,00000494440877804659","0,00000152842786328934","0,00000277456437533285","0,00000250624020728737","0,00000221516109279552","0,00000061591996180665","0,00000533102413146493","0,00000270611897619310"
"-0,42378952610104431100","0,00000105598648735905","0,00000344800602953983","0,00000249562968330802","0,00000259222160740088","0,00000256719118226137","0,00000129414879988866","0,00000074158727187732","0,00000330996937044205","0,00000626911443845349","0,00000032048020600877","0,00000001198028723069","0,00000546962938559413","0,00000493337271365085","0,00000152479290242310","0,00000276897788441248","0,00000250736563161033","0,00000220737834709203","0,00000061397850417656","0,00000531479274347185","0,00000269623834178285"
"-0,42178560346372967500","0,00000105225775557895","0,00000343977012799904","0,00000248856640153345","0,00000258513381292593","0,00000256014875564299","0,00000129010657942434","0,00000073968069277566","0,00000330243973716875","0,00000625749394495568","0,00000031948389318049","0,00000001198603902850","0,00000545699311615497","0,00000492222236714584","0,00000152112331207455","0,00000276331867979823","0,00000250842441797740","0,00000219956992457102","0,00000061203423202375","0,00000529849688249360","0,00000268632200318184"
"-0,41978168082641503800","0,00000104850595861174","0,00000343147077808359","0,00000248146659409089","0,00000257799216725341","0,00000255307722939861","0,00000128610744817097","0,00000073773907580790","0,00000329481757812773","0,00000624576461038318","0,00000031848619508338","0,00000001199273045091","0,00000544422053926438","0,00000491095773853156","0,00000151741909224367","0,00000275758676149010","0,00000250941656638858","0,00000219173582523248","0,00000061008714534822","0,00000528213654853019","0,00000267636996039008"
"-0,41777775818910040100","0,00000104473109645741","0,00000342310797979348","0,00000247433026098034","0,00000257079667038331","0,00000254597660352823","0,00000128215140612854","0,00000073576242097403","0,00000328710289331899","0,00000623392643473597","0,00000031748711171743","0,00000001200036149794","0,00000543131165492235","0,00000489957882780799","0,00000151368024293047","0,00000275178212948808","0,00000251034207684388","0,00000218387604907642","0,00000060813724414997","0,00000526571174158162","0,00000266638221340756"
"-0,41577383555178582000","0,00000104093316911596","0,00000341468173312871","0,00000246715740220179","0,00000256354732231563","0,00000253884687803184","0,00000127823845329705","0,00000073375072827405","0,00000327929568274254","0,00000622197941801406","0,00000031648664308264","0,00000001200893216957","0,00000541826646312890","0,00000488808563497516","0,00000150990676413496","0,00000274590478379219","0,00000251120094934329","0,00000217599059610283","0,00000060618452842901","0,00000524922246164788","0,00000265635876223429"
"-0,41376991291447118300","0,00000103711217658738","0,00000340619203808928","0,00000245994801775526","0,00000255624412305038","0,00000253168805290946","0,00000127436858967651","0,00000073170399770797","0,00000327139594639837","0,00000620992356021746","0,00000031548478917901","0,00000001201844246582","0,00000540508496388401","0,00000487647816003305","0,00000150609865585712","0,00000273995472440242","0,00000251199318388681","0,00000216807946631172","0,00000060422899818533","0,00000523266870872897","0,00000264629960687026"
"-0,41176599027715654600","0,00000103326811887169","0,00000339763889467518","0,00000245270210764073","0,00000254888707258755","0,00000252450012816107","0,00000127054181526691","0,00000072962222927578","0,00000326340368428648","0,00000619775886134616","0,00000031448155000654","0,00000001202889238668","0,00000539176715718769","0,00000486475640298167","0,00000150225591809697","0,00000273393195131876","0,00000251271878047445","0,00000216014265970307","0,00000060227065341892","0,00000521605048282490","0,00000263620474731547"
"-0,40976206763984190900","0,00000102940099596887","0,00000338902230288642","0,00000244541967185820","0,00000254147617092715","0,00000251728310378667","0,00000126675813006825","0,00000072750542297749","0,00000325531889640688","0,00000618548532140016","0,00000031347692556524","0,00000001204028193215","0,00000537831304303995","0,00000485292036382101","0,00000149837855085450","0,00000272783646454122","0,00000251337773910620","0,00000215218017627691","0,00000060030949412980","0,00000519936778393566","0,00000262607418356993"
"-0,40775814500252727200","0,00000102551080787893","0,00000338034226272300","0,00000243810071040769","0,00000253401141806917","0,00000251003697978628","0,00000126301753408054","0,00000072535357881308","0,00000324714158275956","0,00000617310294037945","0,00000031247091585510","0,00000001205261110223","0,00000536472262144077","0,00000484097004255109","0,00000149446655412970","0,00000272166826406981","0,00000251397005978207","0,00000214419201603321","0,00000059834552031797","0,00000518262061206126","0,00000261590791563364"
"-0,40575422236521263600","0,00000102159755460188","0,00000337159877418492","0,00000243074522328918","0,00000252649281401361","0,00000250276175615988","0,00000125932002730377","0,00000072316669678258","0,00000323887174334453","0,00000616061171828406","0,00000031146352087611","0,00000001206587989693","0,00000535099589239016","0,00000482890543917188","0,00000149051992792259","0,00000271542734990451","0,00000251449574250205","0,00000213617817897199","0,00000059637873198341","0,00000516580896720169","0,00000260570594350658"
"-0,40375029972789799900","0,00000101766123613770","0,00000336279183727218","0,00000242335321050268","0,00000251892035876047","0,00000249545743290748","0,00000125566560973794","0,00000072094477688596","0,00000323050937816178","0,00000614801165511396","0,00000031045474062830","0,00000001208008831623","0,00000533713285588812","0,00000481672655368340","0,00000148653867223316","0,00000270911372204533","0,00000251495478726614","0,00000212813866509325","0,00000059440912912613","0,00000514893284935695","0,00000259546826718878"
"-0,40174637709058336200","0,00000101370185248640","0,00000335392145198477","0,00000241592467204819","0,00000251129405230976","0,00000248812401002908","0,00000125205428138306","0,00000071868781912325","0,00000322205448721131","0,00000613530275086916","0,00000030944457511164","0,00000001209523636015","0,00000532313351193464","0,00000480443338608565","0,00000148252278706141","0,00000270272738049227","0,00000251534719407435","0,00000212007347439697","0,00000059243671174614","0,00000513199225852705","0,00000258519488668021"
"-0,39974245445326878100","0,00000100972874356284","0,00000334499912572068","0,00000240846047322531","0,00000250362172204281","0,00000248075962212791","0,00000124844867674302","0,00000071641623791656","0,00000321352402635769","0,00000612248841478859","0,00000030844053651233","0,00000001211014809839","0,00000530900927068524","0,00000479204261064284","0,00000147847707028055","0,00000269629968557488","0,00000251569563143506","0,00000211198557593296","0,00000059046272849538","0,00000511502587784192","0,00000257488719439093"
"-0,39773853181595414400","0,00000100575124928190","0,00000333603636587789","0,00000240096147933364","0,00000249591119534093","0,00000247336240380721","0,00000124481143032172","0,00000071415044768803","0,00000320493495146547","0,00000610957205611117","0,00000030745013701655","0,00000001212364760067","0,00000529477154229540","0,00000477957090161918","0,00000147440631976382","0,00000268986199762274","0,00000251602276785668","0,00000210387793875100","0,00000058848842802580","0,00000509807239043149","0,00000256454658273094"
"-0,39573460917863950700","0,00000100176936964356","0,00000332703317245641","0,00000239342769037318","0,00000248816247220415","0,00000246593235506698","0,00000124114254211917","0,00000071189044843767","0,00000319628726253467","0,00000609655367483690","0,00000030647337662430","0,00000001213573486699","0,00000528042032676512","0,00000476701825901467","0,00000147031053551120","0,00000268341431663583","0,00000251632860333920","0,00000209575056285109","0,00000058651381033741","0,00000508113179629578","0,00000255417305170027"
"-0,39373068654132487000","0,00000099778310464782","0,00000331798954545622","0,00000238585910634393","0,00000248037555263245","0,00000245846947590723","0,00000123744201213537","0,00000070963624016548","0,00000318758095956528","0,00000608343327096579","0,00000030551025533559","0,00000001214640989736","0,00000526595562409441","0,00000475438468282932","0,00000146618971752269","0,00000267695664261417","0,00000251661313788263","0,00000208760344823322","0,00000058453887543020","0,00000506420409543476","0,00000254376660129889"
"-0,39172676390401023300","0,00000099379245429470","0,00000330890548487733","0,00000237825572724590","0,00000247255043662583","0,00000245097376632794","0,00000123370984037030","0,00000070738782287145","0,00000317881604255729","0,00000607021084449782","0,00000030456077315041","0,00000001215567269176","0,00000525137743428327","0,00000474167017306311","0,00000146204386579831","0,00000267048897555774","0,00000251687637148695","0,00000207943659489741","0,00000058256362330418","0,00000504728928784845","0,00000253332723152683"
"-0,38972284126669559600","0,00000098979741858418","0,00000329978099071974","0,00000237061755307907","0,00000246468712418430","0,00000244344522632912","0,00000122994602682399","0,00000070514519655558","0,00000316999251151071","0,00000605688639543301","0,00000030362493006875","0,00000001216352325021","0,00000523668575733169","0,00000472887472971606","0,00000145787298033804","0,00000266401131546654","0,00000251711830415219","0,00000207125000284365","0,00000058058805395934","0,00000503038737353685","0,00000252285494238407"
"-0,38771891862938096000","0,00000098579799751628","0,00000329061606298345","0,00000236294458384346","0,00000245678561530785","0,00000243588385591077","0,00000122615057149641","0,00000070290836121788","0,00000316111036642554","0,00000604345992377135","0,00000030270272609063","0,00000001216996157270","0,00000522188059323967","0,00000471599835278816","0,00000145367706114188","0,00000265752366234059","0,00000251733893587832","0,00000206304367207193","0,00000057861216739569","0,00000501349835249996","0,00000251234973387061"
"-0,38571499599206637800","0,00000098179419109097","0,00000328141070166847","0,00000235523681953906","0,00000244884590999649","0,00000242828965507289","0,00000122232347438759","0,00000070067731685834","0,00000315216960730178","0,00000602993142951284","0,00000030179416121605","0,00000001217498765922","0,00000520696194200722","0,00000470304104227942","0,00000144945610820985","0,00000265102601617988","0,00000251753826666536","0,00000205481760258226","0,00000057663596361323","0,00000499662222473776","0,00000250181160598646"
"-0,38371107335475174200","0,00000097778599930828","0,00000327216490677478","0,00000234749426016587","0,00000244086800825021","0,00000242066262381548","0,00000121846473549750","0,00000069845206347697","0,00000314317023413943","0,00000601630091265748","0,00000030089923544499","0,00000001217860150979","0,00000519192980363434","0,00000469000279818983","0,00000144521012154193","0,00000264451837698440","0,00000251771629651330","0,00000204657179437465","0,00000057465944261194","0,00000497975899025028","0,00000249124055873161"
"-0,38170715071743710500","0,00000097377342216820","0,00000326287867830239","0,00000233971690572389","0,00000243285191006902","0,00000241300276213854","0,00000121457435482616","0,00000069623260107376","0,00000313411224693849","0,00000600256837320527","0,00000030001794877747","0,00000001218080312440","0,00000517678417812102","0,00000467688362051939","0,00000144093910113812","0,00000263800074475416","0,00000251787302542214","0,00000203830624744908","0,00000057268260439185","0,00000496290864903750","0,00000248063659210607"
"-0,37970322808012246800","0,00000096975645967072","0,00000325355201625130","0,00000233190475621312","0,00000242479761545291","0,00000240531007004207","0,00000121065233237357","0,00000069401892964872","0,00000312499564569896","0,00000598873381115621","0,00000029915030121347","0,00000001218159250305","0,00000516152506546726","0,00000466368350926810","0,00000143664304699844","0,00000263147311948916","0,00000251800845339188","0,00000203002096180556","0,00000057070544895294","0,00000494607120109943","0,00000246999970610984"
"-0,37769930544280783100","0,00000096573511181585","0,00000324418492062151","0,00000232405781163356","0,00000241670512440189","0,00000239758454752607","0,00000120669866813972","0,00000069181104920184","0,00000311582043042083","0,00000597479722651031","0,00000029829629275301","0,00000001218096964574","0,00000514615246567307","0,00000465040246443596","0,00000143232195912287","0,00000262493550118939","0,00000251812258042253","0,00000202171593744410","0,00000056872797629521","0,00000492924664643606","0,00000245932990074291"
"-0,37569538280549319400","0,00000096170937860359","0,00000323477739141302","0,00000231617607198521","0,00000240857443691596","0,00000238982619459055","0,00000120271336212461","0,00000068960895973312","0,00000310658660110412","0,00000596075861926756","0,00000029745592339608","0,00000001217893455247","0,00000513066637873845","0,00000463704048602298","0,00000142797583751141","0,00000261838788985487","0,00000251821540651408","0,00000201339117436468","0,00000056675018641867","0,00000491243498504740","0,00000244862717600529"
"-0,37369146016817855700","0,00000095767926003393","0,00000322532942862583","0,00000230825953726808","0,00000240040555299511","0,00000238203501123549","0,00000119869641432825","0,00000068741266124257","0,00000309729415774881","0,00000594661798942796","0,00000029662919314268","0,00000001217548722325","0,00000511506680466339","0,00000462359757402915","0,00000142360468216407","0,00000261183028548558","0,00000251828693166654","0,00000200504667256731","0,00000056477207932332","0,00000489563621693344","0,00000243789153189697"
"-0,37168753753086392100","0,00000095364475610689","0,00000321584103225994","0,00000230030820748216","0,00000239219847263934","0,00000237421099746090","0,00000119464782475063","0,00000068522215373019","0,00000308794310035491","0,00000593237533699151","0,00000029581610199282","0,00000001217062765806","0,00000509935374344789","0,00000461007372845447","0,00000141920849308085","0,00000260526268808153","0,00000251833715587989","0,00000199668243205199","0,00000056279365500914","0,00000487885034209419","0,00000242712296841795"
"-0,36968361489354933900","0,00000094960586682245","0,00000320631220231535","0,00000229232208262744","0,00000238395319584866","0,00000236635415326678","0,00000119056759339176","0,00000068303743719597","0,00000307853342892242","0,00000591803066195821","0,00000029501664994648","0,00000001216435585692","0,00000508352719509196","0,00000459646894929895","0,00000141478727026175","0,00000259868509764272","0,00000251836607915416","0,00000198829845281872","0,00000056081491347616","0,00000486207736052965","0,00000241632148556825"
"-0,36767969225623470200","0,00000094556259218062","0,00000319674293879206","0,00000228430116270394","0,00000237566972262306","0,00000235846447865313","0,00000118645572025163","0,00000068085851163991","0,00000306906514345134","0,00000590358396432806","0,00000029423083700368","0,00000001215667181981","0,00000506758715959559","0,00000458278323656257","0,00000141034101370676","0,00000259209751416915","0,00000251837370148932","0,00000197989473486750","0,00000055883585472436","0,00000484531727223981","0,00000240548708334784"
"-0,36567576961892006600","0,00000094151493218140","0,00000318713324169007","0,00000227624544771165","0,00000236734805296255","0,00000235054197361995","0,00000118231220533025","0,00000067868537706202","0,00000305953824394167","0,00000588903524410107","0,00000029345866316441","0,00000001214757554675","0,00000505153363695879","0,00000456901659024535","0,00000140586972341589","0,00000258549993766081","0,00000251836002288539","0,00000197147127819833","0,00000055685647875374","0,00000482857007722468","0,00000239461976175675"
"-0,36367184698160542900","0,00000093746288682478","0,00000317748311100938","0,00000226815493765058","0,00000235898818686713","0,00000234258663816724","0,00000117813704862761","0,00000067651803346230","0,00000304995273039341","0,00000587438450127722","0,00000029270012842867","0,00000001213706703773","0,00000503536662718156","0,00000455516901034729","0,00000140137339938914","0,00000257889236811772","0,00000251832504334235","0,00000196302808281120","0,00000055487678556431","0,00000481183577548425","0,00000238371952079496"
"-0,36166792434429079200","0,00000093340645611078","0,00000316779254674999","0,00000226002963252071","0,00000235059012433679","0,00000233459847229500","0,00000117393025014371","0,00000067435648084074","0,00000304030860280655","0,00000585963173585653","0,00000029195523279646","0,00000001212514629275","0,00000501908613026389","0,00000454124049686837","0,00000139685204162650","0,00000257227480553986","0,00000251826876286023","0,00000195456514870613","0,00000055289677515607","0,00000479511436701853","0,00000237278636046247"
"-0,35966400170697615500","0,00000092934564003938","0,00000315806154891190","0,00000225186953232205","0,00000234215386537153","0,00000232657747600323","0,00000116969180987856","0,00000067220071919734","0,00000303060586118111","0,00000584477694783899","0,00000029122397626779","0,00000001211181331180","0,00000500269214620578","0,00000452723104980861","0,00000139230565012798","0,00000256564724992724","0,00000251819118143900","0,00000194608247588311","0,00000055091644752901","0,00000477840585182752","0,00000236182028075929"
"-0,35766007906966151800","0,00000092528043861059","0,00000314829011749511","0,00000224367463705461","0,00000233367940997136","0,00000231852364929194","0,00000116542172783216","0,00000067005074853211","0,00000302084450551707","0,00000582982013722460","0,00000029050635884265","0,00000001209706809490","0,00000498618467500724","0,00000451314066916800","0,00000138773422489358","0,00000255900970127985","0,00000251809229907868","0,00000193758006434213","0,00000054893580268313","0,00000476171022991121","0,00000235082128168541"
"-0,35565615643234693700","0,00000092121085182440","0,00000313847825249962","0,00000223544494671838","0,00000232516675813628","0,00000231043699216111","0,00000116112000400450","0,00000066790656884504","0,00000301102453581444","0,00000581476130401337","0,00000028980238052103","0,00000001208091064205","0,00000496956371666826","0,00000449896935494654","0,00000138313776592329","0,00000255236215959771","0,00000251797211577926","0,00000192905791408321","0,00000054695484061844","0,00000474502750126960","0,00000233978936324084"
"-0,35365223379503230000","0,00000091713687968083","0,00000312862595392543","0,00000222718046131335","0,00000231661590986628","0,00000230231750461075","0,00000115678663839558","0,00000066576818013613","0,00000300114595207322","0,00000579960044820528","0,00000028911204130295","0,00000001206334095323","0,00000495282927118885","0,00000448471710714424","0,00000137851627321712","0,00000254570462488080","0,00000251783063154075","0,00000192051602510633","0,00000054497356133494","0,00000472835766590271","0,00000232872452542558"
"-0,35164831115771766300","0,00000091305852217986","0,00000311873322177254","0,00000221888118083954","0,00000230802686516136","0,00000229416518664086","0,00000115242163100541","0,00000066363558240540","0,00000299120875429341","0,00000578433756980035","0,00000028843534118840","0,00000001204435902845","0,00000493598133856901","0,00000447038392576108","0,00000137386974677506","0,00000253903709712914","0,00000251766784636313","0,00000191195439741151","0,00000054299196483262","0,00000471170072381051","0,00000231762676823962"
"-0,34964438852040302700","0,00000090897947382545","0,00000310880588018611","0,00000221055656427321","0,00000229940953969088","0,00000228597780752238","0,00000114803358083754","0,00000066150390358293","0,00000298123926167052","0,00000576898525575173","0,00000028775597128595","0,00000001202551607264","0,00000491909569771539","0,00000445599077104186","0,00000136921335714731","0,00000253234319658614","0,00000251750474018934","0,00000190337595800193","0,00000054100830771519","0,00000469503460932404","0,00000230652678153057"
"-0,34764046588308839000","0,00000090490342912155","0,00000309884975331130","0,00000220221607059064","0,00000229077384912416","0,00000227775313652627","0,00000114363108689555","0,00000065936827159884","0,00000297126379340004","0,00000575355609301259","0,00000028705762270415","0,00000001200836329071","0,00000490224812753468","0,00000444155860323136","0,00000136456227488403","0,00000252560654349526","0,00000251736229296227","0,00000189478363388078","0,00000053902084658638","0,00000467833725677431","0,00000229545525514602"
"-0,34563654324577375300","0,00000090083038806817","0,00000308886484114811","0,00000219385969979181","0,00000228211979346121","0,00000226949117365251","0,00000113921414917943","0,00000065722868645313","0,00000296128234948199","0,00000573805008158293","0,00000028634029544300","0,00000001199290068268","0,00000488543862802686","0,00000442708742232958","0,00000135991649998523","0,00000251882713785650","0,00000251724050468193","0,00000188617742504807","0,00000053702958144617","0,00000466160866616131","0,00000228441218908597"
"-0,34363262060845911600","0,00000089676035066529","0,00000307885114369655","0,00000218548745187674","0,00000227344737270204","0,00000226119191890110","0,00000113478276768917","0,00000065508514814580","0,00000295129492991636","0,00000572246722146275","0,00000028560398950250","0,00000001197912824853","0,00000486866719919194","0,00000441257722833651","0,00000135527603245092","0,00000251200497966984","0,00000251713937534832","0,00000187755733150379","0,00000053503451229458","0,00000464484883748506","0,00000227339758335044"
"-0,34162869797114447900","0,00000089269331691293","0,00000306880866095661","0,00000217709932684541","0,00000226475658684664","0,00000225285537227206","0,00000113033694242479","0,00000065293765667684","0,00000294130153470314","0,00000570680751265204","0,00000028484870488266","0,00000001196704598827","0,00000485193384102992","0,00000439802802125216","0,00000135064087228108","0,00000250514006893530","0,00000251705890496143","0,00000186892335324795","0,00000053303563913159","0,00000462805777074554","0,00000226241143793940"
"-0,33962477533382989800","0,00000088862928681107","0,00000305873739292829","0,00000216869532469784","0,00000225604743589500","0,00000224448153376537","0,00000112587667338628","0,00000065078621204627","0,00000293130216384235","0,00000569107095515082","0,00000028407444158347","0,00000001195665390190","0,00000483523855354080","0,00000438343980107652","0,00000134601101947572","0,00000249823240565288","0,00000251699909352128","0,00000186027549028054","0,00000053103296195721","0,00000461123546594275","0,00000225145375285287"
"-0,33762085269651526100","0,00000088456826035973","0,00000304863733961159","0,00000216027544543402","0,00000224731991984714","0,00000223607040338104","0,00000112140196057365","0,00000064863081425407","0,00000292129681733398","0,00000567525754895908","0,00000028328119960493","0,00000001194795198941","0,00000481858133672457","0,00000436881256780960","0,00000134138647403484","0,00000249128198982256","0,00000251695994102785","0,00000185161374260157","0,00000052902648077144","0,00000459438192307670","0,00000224052452809085"
"-0,33561693005920062400","0,00000088051023755890","0,00000303850850100652","0,00000215183968905396","0,00000223857403870305","0,00000222762198111907","0,00000111691280398688","0,00000064647146330025","0,00000291128549517803","0,00000565936729407681","0,00000028246897894705","0,00000001194094025082","0,00000480196219058124","0,00000435414632145140","0,00000133676723595844","0,00000248428882144436","0,00000251694144748116","0,00000184293811021104","0,00000052701619557428","0,00000457749714214739","0,00000222962376365333"
"-0,33361300742188598800","0,00000087645521840858","0,00000302835087711307","0,00000214338805555764","0,00000222980979246272","0,00000221913626697946","0,00000111240920362598","0,00000064430815918481","0,00000290126819737450","0,00000564340019050403","0,00000028163777960982","0,00000001193561868611","0,00000478538111511081","0,00000433944106200192","0,00000133215330524652","0,00000247725290051828","0,00000251694361288119","0,00000183424859310894","0,00000052500210636573","0,00000456058112315482","0,00000221875145954032"
"-0,33160908478457135100","0,00000087240320290877","0,00000301816446793124","0,00000213492054494508","0,00000222102718112617","0,00000221061326096220","0,00000110789115949096","0,00000064214090190775","0,00000289124492392339","0,00000562735623824072","0,00000028078760159324","0,00000001193198729529","0,00000476883811031328","0,00000432469678946115","0,00000132754468189908","0,00000247017422704430","0,00000251696643722795","0,00000182554519129527","0,00000052298421314579","0,00000454363386609898","0,00000220790761575181"
"-0,32960516214725671400","0,00000086835419105947","0,00000300794927346103","0,00000212643715721626","0,00000221222620469339","0,00000220205296306731","0,00000110335867158180","0,00000063996969146907","0,00000288121567482471","0,00000561123543728689","0,00000027991844489732","0,00000001193004607836","0,00000475233317618865","0,00000430991350382910","0,00000132294136591612","0,00000246305280102244","0,00000251700992052144","0,00000181682790477005","0,00000052096251591446","0,00000452665537097988","0,00000219709223228781"
"-0,32760123950994207700","0,00000086430818286068","0,00000299770529370244","0,00000211793789237120","0,00000220340686316438","0,00000219345537329477","0,00000109881173989852","0,00000063779452786877","0,00000287118045007844","0,00000559503778764255","0,00000027903030952205","0,00000001192979503531","0,00000473586631273692","0,00000429509120510576","0,00000131834335729764","0,00000245588862245270","0,00000251707406276165","0,00000180809673353325","0,00000051893701467173","0,00000450964563779752","0,00000218630530914831"
"-0,32559731687262749600","0,00000086026517831240","0,00000298743252865548","0,00000210942275040989","0,00000219456915653914","0,00000218482049164458","0,00000109425036444111","0,00000063561541110684","0,00000286113924968459","0,00000557876328930768","0,00000027812319546743","0,00000001193123416616","0,00000471943751995808","0,00000428022989329114","0,00000131375065604363","0,00000244868169133506","0,00000251715886394860","0,00000179935167758490","0,00000051690770941762","0,00000449260466655190","0,00000217554684633332"
"-0,32359339423531285900","0,00000085622517741464","0,00000297713097832014","0,00000210089173133233","0,00000218571308481767","0,00000217614831811676","0,00000108967454520957","0,00000063343234118329","0,00000285109207364317","0,00000556241194228229","0,00000027719710273347","0,00000001193436347089","0,00000470304679785214","0,00000426532956838524","0,00000130916326215411","0,00000244143200766954","0,00000251726432408227","0,00000179059273692497","0,00000051487460015211","0,00000447553245724301","0,00000216481684384283"
"-0,32158947159799822200","0,00000085218818016738","0,00000296680064269642","0,00000209234483513853","0,00000217683864799997","0,00000216743885271129","0,00000108508428220390","0,00000063124531809812","0,00000284103892195416","0,00000554598374656638","0,00000027625203132016","0,00000001193918294951","0,00000468669414641910","0,00000425039023038806","0,00000130458117562907","0,00000243413957145613","0,00000251739044316267","0,00000178181991155349","0,00000051283768687521","0,00000445842900987086","0,00000215411530167685"
"-0,31958554896068358500","0,00000084815418657064","0,00000295644152178432","0,00000208378206182847","0,00000216794584608605","0,00000215869209542818","0,00000108047957542410","0,00000062905434185133","0,00000283097979461758","0,00000552947870215995","0,00000027528798122750","0,00000001194569260202","0,00000467037956565896","0,00000423541187929959","0,00000130000439646850","0,00000242680438269484","0,00000251753722118980","0,00000177303320147044","0,00000051079696958693","0,00000444129432443545","0,00000214344221983537"
"-0,31758162632336894800","0,00000084412319662440","0,00000294605361558385","0,00000207520341140217","0,00000215903467907589","0,00000214990804626743","0,00000107586042487017","0,00000062685941244292","0,00000282091469163341","0,00000551289680906300","0,00000027430495245550","0,00000001195389242841","0,00000465410305557172","0,00000422039451511984","0,00000129543292467242","0,00000241942644138566","0,00000251770465816366","0,00000176423260667582","0,00000050875244828725","0,00000442412840093678","0,00000213279759831840"
"-0,31557770368605431200","0,00000084009521032868","0,00000293563692409499","0,00000206660888385962","0,00000215010514696950","0,00000214108670522904","0,00000107122683054212","0,00000062466052987289","0,00000281084361300167","0,00000549623806727553","0,00000027330294500415","0,00000001196378242870","0,00000463786461615737","0,00000420533813784880","0,00000129086676024081","0,00000241200574752859","0,00000251789275408425","0,00000175541812716964","0,00000050670412297618","0,00000440693123937484","0,00000212218143712593"
"-0,31357378104873967500","0,00000083607022768347","0,00000292519144731776","0,00000205799847920082","0,00000214115724976689","0,00000213222807231300","0,00000106657879243993","0,00000062245769414123","0,00000280076655872235","0,00000547950247679753","0,00000027228195887346","0,00000001197536260287","0,00000462166424741593","0,00000419024274748648","0,00000128630590317369","0,00000240454230112364","0,00000251810150895156","0,00000174658976295190","0,00000050465199365371","0,00000438970283974964","0,00000211159373625797"
"-0,31156985841142503800","0,00000083204824868877","0,00000291471718525216","0,00000204937219742577","0,00000213219098746804","0,00000212333214751932","0,00000106191631056362","0,00000062025090524795","0,00000279068352879545","0,00000546269003762902","0,00000027124199406341","0,00000001198863295093","0,00000460550194934738","0,00000417510834403288","0,00000128175035347104","0,00000239703610217079","0,00000251833092276561","0,00000173774751402259","0,00000050259606031986","0,00000437244320206117","0,00000210103449571451"
"-0,30956593577411045700","0,00000082802927334458","0,00000290421413789817","0,00000204073003853447","0,00000212320636007297","0,00000211439893084800","0,00000105723938491318","0,00000061804016319305","0,00000278059452322097","0,00000544580074976999","0,00000027018305057402","0,00000001200359347288","0,00000458937772195173","0,00000415993492748800","0,00000127720011113288","0,00000238948715067007","0,00000251858099552638","0,00000172889138038172","0,00000050053632297462","0,00000435515232630945","0,00000209050371549556"
"-0,30756201313679582000","0,00000082401330165090","0,00000289368230525581","0,00000203207200252692","0,00000211420336758166","0,00000210542842229904","0,00000105254801548861","0,00000061582546797653","0,00000277049954199891","0,00000542883461322043","0,00000026910512840529","0,00000001202024416871","0,00000457329156522898","0,00000414472249785183","0,00000127265517615919","0,00000238189544662145","0,00000251885172723388","0,00000172002136202928","0,00000049847278161798","0,00000433783021249446","0,00000208000139560111"
"-0,30555809049948118300","0,00000082000033360773","0,00000288312168732506","0,00000202339808940313","0,00000210518200999413","0,00000209642062187243","0,00000104784220228990","0,00000061360681959839","0,00000276039858512927","0,00000541179162798035","0,00000026800822755720","0,00000001203858503844","0,00000455724347917912","0,00000412947105512437","0,00000126811554854998","0,00000237426099002495","0,00000251914311788811","0,00000171113745896527","0,00000049640543624996","0,00000432047686061620","0,00000206952753603117"
"-0,30355416786216654600","0,00000081599036921507","0,00000287253228410594","0,00000201470829916309","0,00000209614228731037","0,00000208737552956818","0,00000104312194531707","0,00000061138421805863","0,00000275029165261205","0,00000539467179404976","0,00000026689234802977","0,00000001205861608205","0,00000454123346380217","0,00000411418059930564","0,00000126358122830525","0,00000236658378088056","0,00000251945516748907","0,00000170223967118971","0,00000049433428687054","0,00000430309227067469","0,00000205908213678573"
"-0,30155024522485190900","0,00000081198340847293","0,00000286191409559845","0,00000200600263180680","0,00000208708419953038","0,00000207829314538629","0,00000103838724457012","0,00000060915766335724","0,00000274017874444725","0,00000537747511142864","0,00000026575748982300","0,00000001208033729955","0,00000452526151909811","0,00000409885113039562","0,00000125905221542500","0,00000235886381918828","0,00000251978787603675","0,00000169332799870258","0,00000049225933347973","0,00000428567644266991","0,00000204866519786480"
"-0,29954632258753727300","0,00000080798500095882","0,00000285125180125948","0,00000199728228963629","0,00000207801580836427","0,00000206918921378226","0,00000103365355372860","0,00000060692545306049","0,00000273003765725781","0,00000536020411171503","0,00000026461349400687","0,00000001210196814935","0,00000450929473200062","0,00000408347997286419","0,00000125452386515045","0,00000235111323310978","0,00000252011117970566","0,00000168439914730935","0,00000049018095844578","0,00000426823086855989","0,00000203828103408408"
"-0,29754239995022263600","0,00000080400069625027","0,00000284053008054593","0,00000198854847495358","0,00000206894517552216","0,00000206007947921157","0,00000102893632647208","0,00000060468588473463","0,00000271984618766667","0,00000534286132650697","0,00000026347020165139","0,00000001212172808986","0,00000449330018944338","0,00000406806445118122","0,00000124999153272279","0,00000234334415080672","0,00000252039501467026","0,00000167544982281550","0,00000048809954413691","0,00000425075704030266","0,00000202793396025928"
"-0,29553847731290799900","0,00000080003049434729","0,00000282974893345782","0,00000197980118775869","0,00000205987230100404","0,00000205096394167424","0,00000102423556280056","0,00000060243895837965","0,00000270960433567381","0,00000532544675580444","0,00000026232761275656","0,00000001213961712107","0,00000447727789142639","0,00000405260456534672","0,00000124545521814203","0,00000233555657227909","0,00000252063938093056","0,00000166648002522103","0,00000048601509055313","0,00000423325495789821","0,00000201762397639040"
"-0,29353455467559341800","0,00000079607439524988","0,00000281890835999514","0,00000197104042805161","0,00000205079718480992","0,00000204184260117026","0,00000101955126271405","0,00000060018467399556","0,00000269931210127925","0,00000530796039960746","0,00000026118572732238","0,00000001215563524300","0,00000446122783794963","0,00000403710031536068","0,00000124091492140818","0,00000232775049752690","0,00000252084427848656","0,00000165748975452594","0,00000048392759769445","0,00000421572462134654","0,00000200735108247745"
"-0,29153063203827878100","0,00000079213239895803","0,00000280800836015788","0,00000196226619583233","0,00000204171982693980","0,00000203271545769963","0,00000101488342621254","0,00000059792303158235","0,00000268896948448298","0,00000529040225791601","0,00000026004454534885","0,00000001216978245563","0,00000444515002901313","0,00000402155170122309","0,00000123637064252123","0,00000231992592655015","0,00000252100970733826","0,00000164847901073022","0,00000048183706556086","0,00000419816603064765","0,00000199711527852041"
"-0,28952670940096414400","0,00000078820450547174","0,00000279704893394606","0,00000195347849110087","0,00000203264022739368","0,00000202358251126235","0,00000101023205329604","0,00000059565403114004","0,00000267857648528501","0,00000527277233073011","0,00000025890406683596","0,00000001218205875897","0,00000442904446461687","0,00000400595872293398","0,00000123182238148117","0,00000231208285934883","0,00000252113566748567","0,00000163944779383388","0,00000047974349415235","0,00000418057918580155","0,00000198691656451929"
"-0,28752278676364950700","0,00000078429071479102","0,00000278603008135966","0,00000194467731385721","0,00000202355838617155","0,00000201444376185843","0,00000100559714396454","0,00000059337767266861","0,00000266813310368532","0,00000525507061804975","0,00000025776429178372","0,00000001219246415302","0,00000441291114476085","0,00000399032138049332","0,00000122727013828802","0,00000230422129592294","0,00000252122215892877","0,00000163039610383691","0,00000047764688346894","0,00000416296408680822","0,00000197675494047409"
"-0,28551886412633487000","0,00000078039102691586","0,00000277495180239869","0,00000193586266410136","0,00000201447430327342","0,00000200529920948785","0,00000100097869821804","0,00000059109395616807","0,00000265763933968393","0,00000523729711987493","0,00000025662522019213","0,00000001220099863777","0,00000439675006944508","0,00000397463967390112","0,00000122271391294177","0,00000229634123627250","0,00000252126918166757","0,00000162132394073932","0,00000047554723351062","0,00000414532073366768","0,00000196663040638481"
"-0,28351494148902023300","0,00000077650544184627","0,00000276381409706316","0,00000192703454183332","0,00000200538797869929","0,00000199614885415063","0,00000099637671605655","0,00000058880288163842","0,00000264709519328084","0,00000521945183620565","0,00000025548685206119","0,00000001220766221324","0,00000438056123866956","0,00000395891360315739","0,00000121815370544243","0,00000228844268039749","0,00000252127673570208","0,00000161223130454111","0,00000047344454427739","0,00000412764912637993","0,00000195654296225145"
"-0,28151101885170559700","0,00000077263395958224","0,00000275261696535305","0,00000191819294705309","0,00000199629941244915","0,00000198699269584676","0,00000099179119748005","0,00000058650444907965","0,00000263650066447604","0,00000520153476704192","0,00000025434918739090","0,00000001221245487941","0,00000436434465243428","0,00000394314316826212","0,00000121358951578998","0,00000228052562829792","0,00000252124482103228","0,00000160311819524228","0,00000047133881576925","0,00000410994926494496","0,00000194649260807401"
"-0,27950709621439101500","0,00000076877658012377","0,00000274136040726837","0,00000190933787976067","0,00000198720860452301","0,00000197783073457624","0,00000098722214248857","0,00000058419865849177","0,00000262585575326952","0,00000518354591238372","0,00000025321222618125","0,00000001221537663630","0,00000434810031073924","0,00000392732836921531","0,00000120902134398443","0,00000227259007997378","0,00000252117343765819","0,00000159398461284282","0,00000046923004798620","0,00000409222114936277","0,00000193647934385249"
"-0,27750317357707637800","0,00000076493330347087","0,00000273004442280912","0,00000190046933995606","0,00000197811555492087","0,00000196866297033907","0,00000098266955108208","0,00000058188550987478","0,00000261516045966131","0,00000516548527223106","0,00000025207596843226","0,00000001221642748389","0,00000433182821358445","0,00000391146920601697","0,00000120444919002579","0,00000226463603542508","0,00000252106258557979","0,00000158483055734274","0,00000046711824092825","0,00000407446477963336","0,00000192650316958689"
"-0,27549925093976174200","0,00000076110412962354","0,00000271866901197530","0,00000189158732763925","0,00000196902026364272","0,00000195948940313525","0,00000097813342326060","0,00000057956500322867","0,00000260441478365138","0,00000514735284658395","0,00000025094041414391","0,00000001221560742219","0,00000431552836096990","0,00000389556567866709","0,00000119987305391405","0,00000225666349465181","0,00000252091226479710","0,00000157565602874203","0,00000046500339459538","0,00000405668015575673","0,00000191656408527721"
"-0,27349532830244710500","0,00000075728905858176","0,00000270723417476691","0,00000188269184281026","0,00000195992273068857","0,00000195031003296478","0,00000097361375902412","0,00000057723713855346","0,00000259361872523975","0,00000512914863544237","0,00000024980556331621","0,00000001221291645119","0,00000429920075289560","0,00000387961778716566","0,00000119529293564920","0,00000224867245765399","0,00000252072247531011","0,00000156646102704070","0,00000046288550898760","0,00000403886727773289","0,00000190666209092345"
"-0,27149140566513246800","0,00000075348809034556","0,00000269573991118395","0,00000187378288546907","0,00000195082295605842","0,00000194112485982767","0,00000096911055837265","0,00000057490191584913","0,00000258277228442641","0,00000511087263880634","0,00000024867141594915","0,00000001220835457091","0,00000428284538936155","0,00000386362553151270","0,00000119070883523126","0,00000224066292443160","0,00000252049321711881","0,00000155724555223875","0,00000046076458410492","0,00000402102614556183","0,00000189679718652561"
"-0,26948748302781783100","0,00000074970122491491","0,00000268418622122642","0,00000186486045561569","0,00000194172093975226","0,00000193193388372391","0,00000096462382130618","0,00000057255933511568","0,00000257187546121137","0,00000509252485667585","0,00000024753797204275","0,00000001220192178133","0,00000426646227036774","0,00000384758891170821","0,00000118612075266022","0,00000223263489498464","0,00000252022449022322","0,00000154800960433618","0,00000045864061994733","0,00000400315675924356","0,00000188696937208369"
"-0,26748356039050319400","0,00000074592846228983","0,00000267257310489431","0,00000185592455325013","0,00000193261668177010","0,00000192273710465349","0,00000096015354782471","0,00000057020939635313","0,00000256092825559461","0,00000507410528905090","0,00000024640523159699","0,00000001219361808246","0,00000425005139591417","0,00000383150792775217","0,00000118152868793609","0,00000222458836931312","0,00000251991629462333","0,00000153875318333298","0,00000045651361651482","0,00000398525911877806","0,00000187717864759769"
"-0,26547963775318855800","0,00000074216980247032","0,00000266090056218764","0,00000184697517837237","0,00000192351018211194","0,00000191353452261643","0,00000095569973792824","0,00000056785209956146","0,00000254993066757616","0,00000505561393593149","0,00000024527319461188","0,00000001218344347430","0,00000423361276600085","0,00000381538257964460","0,00000117693264105885","0,00000221652334741704","0,00000251956863031914","0,00000152947628922916","0,00000045438357380741","0,00000396733322416535","0,00000186742501306761"
"-0,26347571511587397600","0,00000073842524545637","0,00000264916859310639","0,00000183801233098242","0,00000191440144077778","0,00000190432613761273","0,00000095126239161678","0,00000056548744474068","0,00000253888269715599","0,00000503705079731762","0,00000024414186108742","0,00000001217139795685","0,00000421714638062778","0,00000379921286738549","0,00000117233261202851","0,00000220843982929639","0,00000251918149731064","0,00000152017892202472","0,00000045225049182509","0,00000394937907540543","0,00000185770846849345"
"-0,26147179247855933900","0,00000073469479124798","0,00000263737719765058","0,00000182903601108028","0,00000190529045776761","0,00000189511194964237","0,00000094684150889032","0,00000056311543189079","0,00000252778434433412","0,00000501841587320929","0,00000024301123102361","0,00000001215748153011","0,00000420065223979495","0,00000378299879097484","0,00000116772860084508","0,00000220033781495119","0,00000251875489559785","0,00000151086108171965","0,00000045011437056786","0,00000393139667249828","0,00000184802901387521"
"-0,25946786984124470300","0,00000073097843984516","0,00000262552637582019","0,00000182004621866594","0,00000189617723308143","0,00000188589195870536","0,00000094243708974887","0,00000056073606101178","0,00000251663560911053","0,00000499970916360651","0,00000024188130442045","0,00000001214169419408","0,00000418413034350237","0,00000376674035041266","0,00000116312060750855","0,00000219221730438141","0,00000251828882518076","0,00000150152276831396","0,00000044797521003572","0,00000391338601544392","0,00000183838664921289"
"-0,25746394720393006600","0,00000072727619124790","0,00000261361612761524","0,00000181104295373942","0,00000188706176671926","0,00000187666616480171","0,00000093804913419242","0,00000055834933210366","0,00000250543649148525","0,00000498093066850926","0,00000024075208127793","0,00000001212403594875","0,00000416758069175003","0,00000375043754569893","0,00000115850863201891","0,00000218407829758708","0,00000251778328605937","0,00000149216398180764","0,00000044583301022868","0,00000389534710424234","0,00000182878137450649"
"-0,25546002456661542900","0,00000072358804545621","0,00000260164645303571","0,00000180202621630070","0,00000187794405868108","0,00000186743456793141","0,00000093367764222097","0,00000055595524516643","0,00000249418699145825","0,00000496208038791756","0,00000023962356159606","0,00000001210450679413","0,00000415100328453793","0,00000373409037683367","0,00000115389267437618","0,00000217592079456818","0,00000251723827823368","0,00000148278472220071","0,00000044368777114672","0,00000387727993889354","0,00000181921318975601"
"-0,25345610192930079200","0,00000071991400247008","0,00000258961735208161","0,00000179299600634980","0,00000186882410896690","0,00000185819716809445","0,00000092932261383453","0,00000055355380020009","0,00000248288710902955","0,00000494315832183140","0,00000023849574537484","0,00000001208310673022","0,00000413439812186608","0,00000371769884381687","0,00000114927273458035","0,00000216774479532471","0,00000251665380170369","0,00000147338498949314","0,00000044153949278985","0,00000385918451939753","0,00000180968209496145"
"-0,25145217929198615500","0,00000071625406228952","0,00000257752882475294","0,00000178395232388670","0,00000185970191757672","0,00000184895396529085","0,00000092498404903308","0,00000055114499720463","0,00000247153684419914","0,00000492416447025077","0,00000023736863261427","0,00000001205983575702","0,00000411776520373448","0,00000370126294664853","0,00000114464881263143","0,00000215955029985668","0,00000251602985646940","0,00000146396478368496","0,00000043938817515808","0,00000384106084575430","0,00000180018809012281"
"-0,24944825665467154600","0,00000071261228224683","0,00000256541101895558","0,00000177490025311713","0,00000185057921022040","0,00000183971844460854","0,00000092064924478526","0,00000054873458164113","0,00000246014847886706","0,00000490510919024146","0,00000023624293705551","0,00000001203634831694","0,00000410108823665697","0,00000368477697745393","0,00000114001182185189","0,00000215132623695221","0,00000251538560769151","0,00000145454667954573","0,00000043723132582710","0,00000382290378868008","0,00000179073354765654"
"-0,24744433401735690900","0,00000070899271967432","0,00000255329408259540","0,00000176584487824681","0,00000184145771260783","0,00000183050409113543","0,00000091630549805966","0,00000054632829897066","0,00000244873429493333","0,00000488600283886924","0,00000023511937243972","0,00000001201429885238","0,00000408435092714743","0,00000366823522835833","0,00000113535267556424","0,00000214306153539939","0,00000251474022053071","0,00000144515325184501","0,00000043506645237263","0,00000380470821889110","0,00000178132083997909"
"-0,24544041138004230000","0,00000070539537457199","0,00000254117801567240","0,00000175678619927573","0,00000183233742473900","0,00000182131090487153","0,00000091195280885628","0,00000054392614919322","0,00000243729429239796","0,00000486684541613410","0,00000023399793876690","0,00000001199368736334","0,00000406755327520583","0,00000365163769936173","0,00000113067137376847","0,00000213475619519823","0,00000251409369498701","0,00000143578450058283","0,00000043289355479466","0,00000378647413638737","0,00000177194996709045"
"-0,24343648874272766400","0,00000070182024693985","0,00000252906281818658","0,00000174772421620390","0,00000182321834661391","0,00000181213888581685","0,00000090759117717513","0,00000054152813230881","0,00000242582847126094","0,00000484763692203605","0,00000023287863603706","0,00000001197451384983","0,00000405069528083220","0,00000363498439046413","0,00000112596791646458","0,00000212641021634874","0,00000251344603106040","0,00000142644042575916","0,00000043071263309319","0,00000376820154116889","0,00000176262092899064"
"-0,24143256610541302700","0,00000069826733677789","0,00000251694849013794","0,00000173865892903131","0,00000181410047823256","0,00000180298803397137","0,00000090322060301621","0,00000053913424831743","0,00000241433683152228","0,00000482837735657509","0,00000023176146425019","0,00000001195677831185","0,00000403377694402652","0,00000361827530166554","0,00000112124230365258","0,00000211802359885091","0,00000251279722875088","0,00000141712102737402","0,00000042852368726823","0,00000374989043323564","0,00000175333372567965"
"-0,23942864346809839000","0,00000069473664408611","0,00000250483503152648","0,00000172959033775797","0,00000180498381959495","0,00000179385834933511","0,00000089884108637951","0,00000053674449721908","0,00000240281937318197","0,00000480906671975120","0,00000023064642340630","0,00000001194048074938","0,00000401679826478879","0,00000360151043296595","0,00000111649453533245","0,00000210959634270474","0,00000251214728805845","0,00000140782630542740","0,00000042632671731977","0,00000373154081258764","0,00000174408835715747"
"-0,23742472083078378100","0,00000069122816886452","0,00000249272244235220","0,00000172051844238387","0,00000179586837070109","0,00000178474983190805","0,00000089445262726504","0,00000053435887901376","0,00000239127609624002","0,00000478970501156441","0,00000022953351350538","0,00000001192562116245","0,00000399975924311902","0,00000358468978436537","0,00000111172461150422","0,00000210112844791023","0,00000251149620898312","0,00000139855625991931","0,00000042412172324781","0,00000371315267922489","0,00000173488482342411"
"-0,23542079819346914400","0,00000068774191111310","0,00000248061072261511","0,00000171144324290902","0,00000178675413155096","0,00000177566248169021","0,00000089005522567279","0,00000053197739370147","0,00000237970700069643","0,00000477029223201470","0,00000022842273454743","0,00000001191219955103","0,00000398265987901721","0,00000356781335586379","0,00000110693253216786","0,00000209261991446738","0,00000251084399152488","0,00000138931089084974","0,00000042190870505236","0,00000369472603314738","0,00000172572312447957"
"-0,23341687555615450700","0,00000068427787083187","0,00000246849987231519","0,00000170236473933342","0,00000177764110214458","0,00000176659629868158","0,00000088564888160277","0,00000052960004128221","0,00000236811208655119","0,00000475082838110207","0,00000022731408653245","0,00000001190021591515","0,00000396550017248335","0,00000355088114746121","0,00000110211829732339","0,00000208407074237619","0,00000251019063568374","0,00000138009019821869","0,00000041968766273342","0,00000367626087435511","0,00000171660326032385"
"-0,23141295291883987000","0,00000068083604802083","0,00000245638989145246","0,00000169328293165706","0,00000176852928248194","0,00000175755128288216","0,00000088123359505498","0,00000052722682175597","0,00000235649135380431","0,00000473131345882653","0,00000022620756946045","0,00000001188967025478","0,00000394828012351745","0,00000353389315915764","0,00000109728190697080","0,00000207548093163667","0,00000250953614145969","0,00000137089418202617","0,00000041745859629097","0,00000365775720284808","0,00000170752523095695"
"-0,22940903028152526100","0,00000067741644267996","0,00000244428078002691","0,00000168419781987995","0,00000175941867256305","0,00000174852743429195","0,00000087680936602941","0,00000052485773512277","0,00000234484480245578","0,00000471174746518808","0,00000022510318333142","0,00000001188056256995","0,00000393099973211951","0,00000351684939095307","0,00000109242336111009","0,00000206685048224881","0,00000250888050885273","0,00000136172284227216","0,00000041522150572503","0,00000363921501862630","0,00000169848903637887"
"-0,22740510764421062400","0,00000067401905480928","0,00000243217253803854","0,00000167510940400208","0,00000175030927238789","0,00000173952475291095","0,00000087237619452606","0,00000052249278138260","0,00000233317243250561","0,00000469213040018671","0,00000022400092814537","0,00000001187289286063","0,00000391365899828952","0,00000349974984284750","0,00000108754265974127","0,00000205817939421260","0,00000250822373786286","0,00000135257617895669","0,00000041297639103560","0,00000362063432168976","0,00000168949467658960"
"-0,22540118500689598800","0,00000067064388440878","0,00000242006516548735","0,00000166601768402346","0,00000174120108195648","0,00000173054323873916","0,00000086793408054495","0,00000052013196053545","0,00000232147424395379","0,00000467246226382243","0,00000022290080390228","0,00000001186666112684","0,00000389625792202748","0,00000348259451484093","0,00000108263980286433","0,00000204946766752806","0,00000250756582849009","0,00000134345419207973","0,00000041072325222267","0,00000360201511203847","0,00000168054215158916"
"-0,22339726236958137900","0,00000066729093147846","0,00000240795866237334","0,00000165692265994408","0,00000173209410126881","0,00000172158289177658","0,00000086348302408605","0,00000051777527258134","0,00000230975023680033","0,00000465274305609523","0,00000022180281060217","0,00000001186186736858","0,00000387879650333341","0,00000346538340693337","0,00000107771479047927","0,00000204071530219519","0,00000250690678073441","0,00000133435688164130","0,00000040846208928624","0,00000358335738967242","0,00000167163146137753"
"-0,22139333973226674200","0,00000066396019601833","0,00000239585302869651","0,00000164782433176396","0,00000172298833032488","0,00000171264371202322","0,00000085902302514939","0,00000051542271752025","0,00000229800041104523","0,00000463297277700512","0,00000022070694824504","0,00000001185851158584","0,00000386127474220728","0,00000344811651912482","0,00000107276762258610","0,00000203192229821397","0,00000250624659459583","0,00000132528424764139","0,00000040619290222631","0,00000356466115459162","0,00000166276260595472"
"-0,21938941709495210500","0,00000066065167802837","0,00000238374826445686","0,00000163872269948307","0,00000171388376912469","0,00000170372569947906","0,00000085455408373495","0,00000051307429535220","0,00000228622476668848","0,00000461315142655209","0,00000021961321683088","0,00000001185659377862","0,00000384369263864912","0,00000343079385141526","0,00000106779829918481","0,00000202308865558441","0,00000250558527007433","0,00000131623629008001","0,00000040391569104289","0,00000354592640679605","0,00000165393558532073"
"-0,21738549445763746800","0,00000065736537750860","0,00000237164436965440","0,00000162961776310143","0,00000170478041766824","0,00000169482885414411","0,00000085007619984273","0,00000051073000607717","0,00000227442330373008","0,00000459327900473615","0,00000021852161635969","0,00000001185611394693","0,00000382605019265891","0,00000341341540380471","0,00000106280682027540","0,00000201421437430652","0,00000250492280716993","0,00000130721300895715","0,00000040163045573598","0,00000352715314628574","0,00000164515039947557"
"-0,21538157182032285900","0,00000065410129445902","0,00000235954134428912","0,00000162050952261904","0,00000169567827595554","0,00000168595317601838","0,00000084558937347275","0,00000050838984969517","0,00000226259602217005","0,00000457335551155730","0,00000021743214683147","0,00000001185707209076","0,00000380834740423665","0,00000339598117629317","0,00000105779318585787","0,00000200529945438029","0,00000250425920588263","0,00000129821440427281","0,00000039933719630556","0,00000350834137306066","0,00000163640704841921"
"-0,21337764918300822200","0,00000065085942887961","0,00000234743918836101","0,00000161139797803590","0,00000168657734398658","0,00000167709866510186","0,00000084109360462498","0,00000050605382620621","0,00000225074292200836","0,00000455338094701553","0,00000021634480824623","0,00000001185946821012","0,00000379058427338236","0,00000337849116888062","0,00000105275739593223","0,00000199634389580572","0,00000250359446621242","0,00000128924047602699","0,00000039703591275165","0,00000348949108712083","0,00000162770553215168"
"-0,21137372654569358500","0,00000064763978077039","0,00000233533790187009","0,00000160228312935199","0,00000167747762176136","0,00000166826532139455","0,00000083658889329945","0,00000050372193561027","0,00000223886400324504","0,00000453335531111085","0,00000021525960060396","0,00000001186330230500","0,00000377276080009601","0,00000336094538156708","0,00000104769945049847","0,00000198734769858281","0,00000250292858815930","0,00000128029122421970","0,00000039472660507425","0,00000347060228846624","0,00000161904585067297"
"-0,20936980390837894900","0,00000064444235013135","0,00000232323748481635","0,00000159316497656734","0,00000166837910927988","0,00000165945314489644","0,00000083207523949613","0,00000050139417790736","0,00000222695926588007","0,00000451327860384325","0,00000021417652390466","0,00000001186857437541","0,00000375487698437763","0,00000334334381435255","0,00000104261934955659","0,00000197831086271156","0,00000250226157172327","0,00000127136664885093","0,00000039240927327335","0,00000345167497709690","0,00000161042800398307"
"-0,20736588127106434000","0,00000064126713696249","0,00000231113793719979","0,00000158404351968193","0,00000165928180654214","0,00000165066213560755","0,00000082755264321505","0,00000049907055309748","0,00000221502870991345","0,00000449315082521273","0,00000021309557814834","0,00000001187528442134","0,00000373693282622720","0,00000332568646723701","0,00000103751709310660","0,00000196923338819198","0,00000250159341690434","0,00000126246674992069","0,00000039008391734895","0,00000343270915301280","0,00000160185199208200"
"-0,20536195863374970300","0,00000063811414126382","0,00000229903925902041","0,00000157491875869577","0,00000165018571354814","0,00000164189229352787","0,00000082302110445619","0,00000049675106118063","0,00000220307233534519","0,00000447297197521931","0,00000021201676333499","0,00000001188343244280","0,00000371892832564472","0,00000330797334022048","0,00000103239268114849","0,00000196011527502405","0,00000250092412370250","0,00000125359152742897","0,00000038775053730105","0,00000341370481621394","0,00000159331781496974"
"-0,20335803599643506600","0,00000063498336303533","0,00000228694145027822","0,00000156579069360885","0,00000164109083029789","0,00000163314361865740","0,00000081848062321955","0,00000049443570215681","0,00000219109014217529","0,00000445274205386296","0,00000021094007946462","0,00000001189301843978","0,00000370086348263020","0,00000329020443330296","0,00000102724611368226","0,00000195095652320779","0,00000250025369211776","0,00000124474098137577","0,00000038540913312966","0,00000339466196670033","0,00000158482547264630"
"-0,20135411335912042900","0,00000063187480227702","0,00000227484451097320","0,00000155665932442118","0,00000163199715679138","0,00000162441611099615","0,00000081393119950515","0,00000049212447602602","0,00000217908213040374","0,00000443246106114371","0,00000020986552653721","0,00000001190404241229","0,00000368273829718364","0,00000327237974648443","0,00000102207739070792","0,00000194175713274319","0,00000249958212215011","0,00000123591511176109","0,00000038305970483478","0,00000337558060447196","0,00000157637496511168"
"-0,19935019072180582000","0,00000062877583622827","0,00000226273292639229","0,00000154752698775058","0,00000162291063882634","0,00000161569742853390","0,00000080937886246881","0,00000048981294313250","0,00000216704831209103","0,00000441213728263235","0,00000020878768034008","0,00000001191568096298","0,00000366453627031125","0,00000325449368579961","0,00000101689228510442","0,00000193253336582530","0,00000249891549911590","0,00000122712448229115","0,00000038070840386993","0,00000335648196030041","0,00000156796391351347"
"-0,19734626808449118300","0,00000062567384212845","0,00000225059118182241","0,00000153839602021488","0,00000161383722220049","0,00000160697522926045","0,00000080482964126641","0,00000048749666382051","0,00000215498869929764","0,00000439177900389971","0,00000020770111666052","0,00000001192711069450","0,00000364624090301926","0,00000323654065728320","0,00000101169656975073","0,00000192330148464918","0,00000249825990833150","0,00000121837965667217","0,00000037836138168867","0,00000333738726495724","0,00000155958993899926"
"-0,19534234544717654600","0,00000062256881997755","0,00000223841927726356","0,00000152926642181407","0,00000160477690691384","0,00000159824951317580","0,00000080028353589793","0,00000048517563809004","0,00000214290329202357","0,00000437138622494578","0,00000020660583549853","0,00000001193833160687","0,00000362785219530766","0,00000321852066093518","0,00000100649024464685","0,00000191406148921482","0,00000249761534979691","0,00000120968063490413","0,00000037601863829098","0,00000331829651844246","0,00000155125304156905"
"-0,19333842280986191000","0,00000061946076977560","0,00000222621721271574","0,00000152013819254817","0,00000159572969296639","0,00000158952028027996","0,00000079574054636338","0,00000048284986594109","0,00000213079209026882","0,00000435095894577056","0,00000020550183685411","0,00000001194934370008","0,00000360937014717646","0,00000320043369675557","0,00000100127330979277","0,00000190481337952223","0,00000249698182351212","0,00000120102741698705","0,00000037368017367687","0,00000329920972075607","0,00000154295322122284"
"-0,19133450017254730000","0,00000061634969152257","0,00000221398498817895","0,00000151101133241716","0,00000158669558035813","0,00000158078753057292","0,00000079120067266275","0,00000048051934737366","0,00000211865509403339","0,00000433049716637406","0,00000020438912072725","0,00000001196014697413","0,00000359079475862565","0,00000318227976474437","0,00000099604576518851","0,00000189555715557141","0,00000249635932947713","0,00000119242000292092","0,00000037134598784634","0,00000328012687189807","0,00000153469047796063"
"-0,18933057753523266400","0,00000061323558521847","0,00000220172260365320","0,00000150188584142106","0,00000157767456908907","0,00000157205126405469","0,00000078666391479605","0,00000047818408238775","0,00000210649230331728","0,00000431000088675627","0,00000020326768711797","0,00000001197074142902","0,00000357212602965524","0,00000316405886490156","0,00000099080761083405","0,00000188629281736235","0,00000249574786769195","0,00000118385839270575","0,00000036901608079939","0,00000326104797186845","0,00000152646481178241"
"-0,18732665489791802700","0,00000061011845086330","0,00000218943005913847","0,00000149276171955985","0,00000156866665915921","0,00000156331148072526","0,00000078213027276328","0,00000047584407098336","0,00000209430371812049","0,00000428947010691719","0,00000020213753602626","0,00000001198112706475","0,00000355336396026522","0,00000314577099722716","0,00000098555884672940","0,00000187702036489506","0,00000249514743815657","0,00000117534258634152","0,00000036669045253602","0,00000324197302066722","0,00000151827622268820"
"-0,18532273226060341800","0,00000060699828845707","0,00000217710735463477","0,00000148363896683354","0,00000155967185056854","0,00000155456818058463","0,00000077759974656444","0,00000047349931316050","0,00000208208933844302","0,00000426890482685683","0,00000020099866745211","0,00000001199130388133","0,00000353450855045560","0,00000312741616172116","0,00000098029947287456","0,00000186773979816954","0,00000249455804087099","0,00000116687258382825","0,00000036436910305623","0,00000322290201829438","0,00000151012471067799"
"-0,18331880962328878100","0,00000060387509799976","0,00000216475449014211","0,00000147451758324213","0,00000155069014331707","0,00000154582136363280","0,00000077307233619952","0,00000047114980891915","0,00000206984916428486","0,00000424830504657518","0,00000019985108139554","0,00000001200127187874","0,00000351555980022637","0,00000310899435838357","0,00000097502948926953","0,00000185845111718578","0,00000249397967583522","0,00000115844838516593","0,00000036205203236002","0,00000320383496474993","0,00000150201027575177"
"-0,18131488698597414400","0,00000060074887949139","0,00000215237146566047","0,00000146539756878561","0,00000154172153740480","0,00000153707102986978","0,00000076854804166853","0,00000046879555825933","0,00000205758319564603","0,00000422767076607224","0,00000019869477785654","0,00000001201103105699","0,00000349651770957754","0,00000309050558721438","0,00000096974889591431","0,00000184915432194378","0,00000249341234304926","0,00000115006999035456","0,00000035973924044738","0,00000318477186003386","0,00000149393291790956"
"-0,17931096434865950700","0,00000059761963293194","0,00000213995828118986","0,00000145627892346400","0,00000153276603283172","0,00000152831717929556","0,00000076402686297147","0,00000046643656118103","0,00000204529143252652","0,00000420700198534802","0,00000019752975683510","0,00000001202058141608","0,00000347738227850910","0,00000307194984821359","0,00000096445769280889","0,00000183984941244356","0,00000249285604251309","0,00000114173739939414","0,00000035743072731833","0,00000316571270414618","0,00000148589263715134"
"-0,17730704171134489800","0,00000059448735832143","0,00000212751493673029","0,00000144716164727728","0,00000152382362959784","0,00000151955981191015","0,00000075950880010833","0,00000046407281768425","0,00000203297387492633","0,00000418629870440251","0,00000019635601833124","0,00000001202992295601","0,00000345815350702106","0,00000305332714138120","0,00000095915587995329","0,00000183053638868510","0,00000249231077422673","0,00000113345061228468","0,00000035512649297285","0,00000314665749708689","0,00000147788943347713"
"-0,17530311907403026100","0,00000059135205565985","0,00000211504143228175","0,00000143804574022547","0,00000151489432770316","0,00000151079892771353","0,00000075499385307912","0,00000046170432776899","0,00000202063052284546","0,00000416556092323572","0,00000019517356234494","0,00000001203905567679","0,00000343883139511341","0,00000303463746671722","0,00000095384345734749","0,00000182121525066840","0,00000249177653819018","0,00000112520962902617","0,00000035282653741096","0,00000312760623885598","0,00000146992330688691"
"-0,17329919643671562500","0,00000058821372494720","0,00000210253776784423","0,00000142893120230855","0,00000150597812714767","0,00000150203452670572","0,00000075048202188383","0,00000045933109143525","0,00000200826137628391","0,00000414478864184763","0,00000019398238887622","0,00000001204797957840","0,00000341941594278615","0,00000301588082422164","0,00000094852042499150","0,00000181188599839347","0,00000249125333440343","0,00000111701444961861","0,00000035053086063264","0,00000310855892945346","0,00000146199425738069"
"-0,17129527379940098800","0,00000058507236618348","0,00000209000394341775","0,00000141981803352653","0,00000149707502793138","0,00000149326660888672","0,00000074597330652248","0,00000045695310868304","0,00000199586643524167","0,00000412398186023827","0,00000019278249792506","0,00000001205669466085","0,00000339990715003930","0,00000299705721389446","0,00000094318678288531","0,00000180254863186031","0,00000249074116286648","0,00000110886507406200","0,00000034823946263790","0,00000308951556887933","0,00000145410228495847"
"-0,16929135116208637900","0,00000058192797936869","0,00000207743995900230","0,00000141070623387941","0,00000148818503005428","0,00000148449517425651","0,00000074146770699504","0,00000045457037951234","0,00000198344569971876","0,00000410314057840761","0,00000019157388949147","0,00000001206520092415","0,00000338030501687283","0,00000297816663573569","0,00000093784253102894","0,00000179320315106891","0,00000249024002357934","0,00000110076150235635","0,00000034595234342674","0,00000307047615713359","0,00000144624738962026"
"-0,16728742852477174200","0,00000057878056450284","0,00000206484581459787","0,00000140159580336718","0,00000147930813351639","0,00000147572022281512","0,00000073696522330154","0,00000045218290392317","0,00000197099916971517","0,00000408226479635567","0,00000019035656357546","0,00000001207349836828","0,00000336060954328677","0,00000295920908974532","0,00000093248766942238","0,00000178384955601928","0,00000248974991654200","0,00000109270373450164","0,00000034366950299916","0,00000305144069421623","0,00000143842957136604"
"-0,16528350588745710500","0,00000057563012158591","0,00000205222151020448","0,00000139248674198986","0,00000147044433831769","0,00000146694175456252","0,00000073246585544196","0,00000044979068191552","0,00000195852684523090","0,00000406135451408244","0,00000018913052017701","0,00000001208158699326","0,00000334082072928109","0,00000294018457592335","0,00000092712219806562","0,00000177448784671141","0,00000248927084175446","0,00000108469177049789","0,00000034139094135516","0,00000303240918012727","0,00000143064883019582"
"-0,16327958325014246800","0,00000057247665061791","0,00000203956704582212","0,00000138337904974744","0,00000146159364445818","0,00000145815976949873","0,00000072796960341631","0,00000044739371348938","0,00000194602872626594","0,00000404040973158793","0,00000018789575929613","0,00000001208946679907","0,00000332093857485581","0,00000292109309426979","0,00000092174611695867","0,00000176511802314531","0,00000248880279921673","0,00000107672561034509","0,00000033911665849474","0,00000301338161486669","0,00000142290516610960"
"-0,16127566061282785900","0,00000056932015159885","0,00000202688242145079","0,00000137427272663991","0,00000145275605193787","0,00000144937426762374","0,00000072347646722459","0,00000044499199864478","0,00000193350481282031","0,00000401943044887212","0,00000018665228093283","0,00000001209713778573","0,00000330096308001093","0,00000290193464478463","0,00000091635942610153","0,00000175574008532098","0,00000248834578892881","0,00000106880525404324","0,00000033684665441789","0,00000299435799843449","0,00000141519857910738"
"-0,15927173797551322200","0,00000056616062452872","0,00000201416763709049","0,00000136516777266728","0,00000144393156075676","0,00000144058524893755","0,00000071898644686679","0,00000044258553738169","0,00000192095510489400","0,00000399841666593504","0,00000018540008508709","0,00000001210459995323","0,00000328089424474644","0,00000288270922746787","0,00000091096212549420","0,00000174635403323841","0,00000248789981089068","0,00000106093070159235","0,00000033458092912463","0,00000297533833083069","0,00000140752906918916"
"-0,15726781533819858500","0,00000056299806940751","0,00000200142269274122","0,00000135606418782955","0,00000143512017091485","0,00000143179271344016","0,00000071449954234292","0,00000044017432970012","0,00000190837960248701","0,00000397736838277666","0,00000018413917175892","0,00000001211185330156","0,00000326073206906235","0,00000286341684231952","0,00000090555421513668","0,00000173695986689761","0,00000248746486510237","0,00000105310195299241","0,00000033231948261494","0,00000295632261205527","0,00000139989663635493"
"-0,15526389270088394900","0,00000055983248623524","0,00000198864758840298","0,00000134696197212672","0,00000142632188241213","0,00000142299666113158","0,00000071001575365298","0,00000043775837560008","0,00000189577830559933","0,00000395628559939700","0,00000018286954094832","0,00000001211889783074","0,00000324047655295865","0,00000284405748933956","0,00000090013569502896","0,00000172755758629858","0,00000248704095156385","0,00000104531900824342","0,00000033006231488884","0,00000293731084210824","0,00000139230128060471"
"-0,15325997006356934000","0,00000055666387501190","0,00000197584232407577","0,00000133786112555879","0,00000141753669524861","0,00000141419709201181","0,00000070553508079696","0,00000043533767508155","0,00000188315121423098","0,00000393516831579605","0,00000018159119265529","0,00000001212573354076","0,00000322012769643535","0,00000282463116852801","0,00000089470656517106","0,00000171814719144131","0,00000248662807027514","0,00000103758186734538","0,00000032780942594631","0,00000291830302098959","0,00000138474300193849"
"-0,15125604742625470300","0,00000055349223573749","0,00000196300689975959","0,00000132876164812575","0,00000140876460942428","0,00000140539400608083","0,00000070105752377487","0,00000043291222814455","0,00000187049832838195","0,00000391401653197382","0,00000018030412687984","0,00000001213236043162","0,00000319968549949244","0,00000280513787988487","0,00000088926682556296","0,00000170872868232581","0,00000248622622123623","0,00000102989053029829","0,00000032556081578736","0,00000289929914869933","0,00000137722180035627"
"-0,14925212478894006600","0,00000055032521861779","0,00000195015730930398","0,00000131966395261267","0,00000140000895241199","0,00000139660267158489","0,00000069657827254297","0,00000043048697726755","0,00000185784015904204","0,00000389284253813228","0,00000017901982705043","0,00000001213914991908","0,00000317919156163067","0,00000278562036725197","0,00000088381083117004","0,00000169930071490034","0,00000248581878134185","0,00000102223777301598","0,00000032331429063414","0,00000288032102209314","0,00000136973002288903"
"-0,14724820215162545700","0,00000054717047385857","0,00000193730954655846","0,00000131056845180458","0,00000139127305168455","0,00000138783835677019","0,00000069209251705752","0,00000042806686492902","0,00000184519721720106","0,00000387165862447343","0,00000017774977659556","0,00000001214647341893","0,00000315868748235077","0,00000276612137447114","0,00000087833293695767","0,00000168986194511317","0,00000248538912748670","0,00000101461637141228","0,00000032106765670881","0,00000286139043802670","0,00000136226001656777"
"-0,14524427951431082000","0,00000054402800145983","0,00000192446361152303","0,00000130147514570148","0,00000138255690724198","0,00000137910106163674","0,00000068760025731852","0,00000042565189112896","0,00000183256950285902","0,00000385046479099726","0,00000017649397551523","0,00000001215433093115","0,00000313817326165274","0,00000274664090154239","0,00000087283314292585","0,00000168041237296431","0,00000248493725967079","0,00000100702632548719","0,00000031882091401135","0,00000284250739650000","0,00000135481178139248"
"-0,14324035687699618300","0,00000054089780142158","0,00000191161950419770","0,00000129238403430338","0,00000137386051908427","0,00000137039078618454","0,00000068310149332596","0,00000042324205586738","0,00000181995701601591","0,00000382926103770377","0,00000017525242380943","0,00000001216272245576","0,00000311764889953659","0,00000272717894846573","0,00000086731144907458","0,00000167095199845375","0,00000248446317789412","0,00000099946763524070","0,00000031657406254178","0,00000282367189751304","0,00000134738531736316"
"-0,14123643423968154600","0,00000053777987374382","0,00000189877722458247","0,00000128329511761028","0,00000136518388721142","0,00000136170753041359","0,00000067859622507986","0,00000042083735914428","0,00000180735975667173","0,00000380804736459296","0,00000017402512147817","0,00000001217164799274","0,00000309711439600232","0,00000270773551524114","0,00000086176785540386","0,00000166148082158149","0,00000248396688215669","0,00000099194030067282","0,00000031432710230008","0,00000280488394106583","0,00000133998062447981"
"-0,13923251160236693700","0,00000053467421842653","0,00000188593677267733","0,00000127420839562217","0,00000135652701162344","0,00000135305129432389","0,00000067408445258020","0,00000041843780095965","0,00000179477772482649","0,00000378682377166484","0,00000017281206852145","0,00000001218110754210","0,00000307656975104992","0,00000268831060186863","0,00000085620236191369","0,00000165199884234754","0,00000248344837245850","0,00000098444432178355","0,00000031208003328627","0,00000278614352715836","0,00000133259770274244"
"-0,13722858896505230100","0,00000053158083546973","0,00000187309814848229","0,00000126512386833906","0,00000134788989232032","0,00000134442207791545","0,00000066956617582699","0,00000041604338131349","0,00000178221092048018","0,00000376559025891940","0,00000017161326493926","0,00000001219110110384","0,00000305601496467939","0,00000266890420834820","0,00000085061496860407","0,00000164250606075189","0,00000248290764879955","0,00000097697969857288","0,00000030983285550034","0,00000276745065579064","0,00000132523655215105"
"-0,13522466632773766400","0,00000052849972487342","0,00000186026135199734","0,00000125604153576095","0,00000133927252930205","0,00000133581988118825","0,00000066504139482023","0,00000041365410020581","0,00000176965934363280","0,00000374434682635664","0,00000017042871073161","0,00000001220162867796","0,00000303545003689074","0,00000264951633467985","0,00000084500567547500","0,00000163300247679454","0,00000248234471117983","0,00000096954643104082","0,00000030758556894230","0,00000274880532696266","0,00000131789717270562"
"-0,13322074369042302700","0,00000052543088663759","0,00000184742638322249","0,00000124696139788783","0,00000133067492256866","0,00000132724470414230","0,00000066051010955992","0,00000041126995763661","0,00000175712299428435","0,00000372309347397656","0,00000016925840589849","0,00000001221269026446","0,00000301487496768396","0,00000263014698086358","0,00000083937448252647","0,00000162348809047550","0,00000248175955959936","0,00000096214451918737","0,00000030533817361213","0,00000273020754067442","0,00000131057956440617"
"-0,13121682105310841800","0,00000052237432076224","0,00000183459324215774","0,00000123788345471971","0,00000132209707212012","0,00000131869654677760","0,00000065597232004606","0,00000040889095360588","0,00000174460187243484","0,00000370183020177917","0,00000016810235043992","0,00000001222428586334","0,00000299428975705906","0,00000261079614689939","0,00000083372138975850","0,00000161396290179476","0,00000248115219405812","0,00000095477396301252","0,00000030309066950984","0,00000271165729692594","0,00000130328372725269"
"-0,12921289841579378100","0,00000051933002724737","0,00000182176192880308","0,00000122880770625659","0,00000131353897795644","0,00000131017540909415","0,00000065142802627864","0,00000040651708811362","0,00000173209597808425","0,00000368055700976446","0,00000016696054435588","0,00000001223641547459","0,00000297369440501603","0,00000259146383278727","0,00000082804639717108","0,00000160442691075232","0,00000248052261455612","0,00000094743476251628","0,00000030084305663544","0,00000269315459571719","0,00000129600966124519"
"-0,12720897577847914400","0,00000051629800609299","0,00000180893244315851","0,00000121973415249846","0,00000130500064007763","0,00000130168129109195","0,00000064687722825768","0,00000040414836115984","0,00000171960531123260","0,00000365927389793243","0,00000016583298764637","0,00000001224907909823","0,00000295308891155487","0,00000257215003852724","0,00000082234950476421","0,00000159488011734819","0,00000247987082109336","0,00000094012691769865","0,00000029859533498892","0,00000267469943704819","0,00000128875736638365"
"-0,12520505314116450700","0,00000051327825729910","0,00000179610478522405","0,00000121066279344532","0,00000129648205848368","0,00000129321419277100","0,00000064231992598317","0,00000040178477274454","0,00000170712987187989","0,00000363798086628308","0,00000016471968031140","0,00000001226227673424","0,00000293247327667559","0,00000255285476411928","0,00000081663071253788","0,00000158532252158236","0,00000247919681366984","0,00000093285042855963","0,00000029634750457028","0,00000265629182091894","0,00000128152684266810"
"-0,12320113050384988400","0,00000051027078086568","0,00000178327895499967","0,00000120159362909718","0,00000128798323317459","0,00000128477411413130","0,00000063775611945510","0,00000039942632286771","0,00000169466966002610","0,00000361667791481642","0,00000016362062235097","0,00000001227600838263","0,00000291184750037819","0,00000253357800956341","0,00000081089002049211","0,00000157575412345483","0,00000247850059228555","0,00000092560529509921","0,00000029409956537952","0,00000263793174732943","0,00000127431809009851"
"-0,12119720786653526100","0,00000050727557679275","0,00000177045495248539","0,00000119252665945404","0,00000127950416415036","0,00000127636105517285","0,00000063318580867348","0,00000039707301152935","0,00000168222467567125","0,00000359536504353243","0,00000016253581376507","0,00000001229027404340","0,00000289121158266266","0,00000251431977485961","0,00000080512742862689","0,00000156617492296560","0,00000247778215694051","0,00000091839151731739","0,00000029185151741664","0,00000261961921627966","0,00000126713110867490"
"-0,11919328522922063800","0,00000050429264508031","0,00000175763277768121","0,00000118346188451590","0,00000127104485141100","0,00000126797501589565","0,00000062860899363831","0,00000039472483872947","0,00000166979491881533","0,00000357404225243113","0,00000016146525455371","0,00000001230507371655","0,00000287056552352900","0,00000249508006000789","0,00000079934293694221","0,00000155658492011468","0,00000247704150763470","0,00000091120909521419","0,00000028960336068164","0,00000260135422776964","0,00000125996589839726"
"-0,11718936259190600200","0,00000050132198572835","0,00000174481243058713","0,00000117439930428275","0,00000126260529495650","0,00000125961599629970","0,00000062402567434959","0,00000039238180446807","0,00000165738038945834","0,00000355270954151252","0,00000016040894471689","0,00000001232040740208","0,00000284990932297722","0,00000247585886500825","0,00000079353654543809","0,00000154698411490206","0,00000247627864436813","0,00000090405802878959","0,00000028735509517453","0,00000258313678179937","0,00000125282245926559"
"-0,11518543995459137900","0,00000049836359873687","0,00000173199391120313","0,00000116533891875460","0,00000125418549478686","0,00000125128399638500","0,00000061943585080732","0,00000039004390874514","0,00000164498108760029","0,00000353136691077658","0,00000015936688425461","0,00000001233627509999","0,00000282924298100731","0,00000245665618986069","0,00000078770825411451","0,00000153737250732774","0,00000247549356714081","0,00000089693831804360","0,00000028510672089529","0,00000256496687836884","0,00000124570079127990"
"-0,11318151731727674200","0,00000049541748410588","0,00000171917721952924","0,00000115628072793144","0,00000124578545090208","0,00000124297901615155","0,00000061483952301150","0,00000038771115156068","0,00000163259701324116","0,00000351001436022333","0,00000015833907316686","0,00000001235267681027","0,00000280856649761928","0,00000243747203456521","0,00000078185806297149","0,00000152775009739173","0,00000247468627595272","0,00000088984996297621","0,00000028285823784394","0,00000254684451747805","0,00000123860089444018"
"-0,11117759467996211900","0,00000049248364183537","0,00000170636235556544","0,00000114722473181328","0,00000123740516330216","0,00000123470105559934","0,00000061023669096213","0,00000038538353291470","0,00000162022816638097","0,00000348865188985276","0,00000015732551145364","0,00000001236961253294","0,00000278787987281312","0,00000241830639912181","0,00000077598597200901","0,00000151811688509402","0,00000247385677080386","0,00000088279296358743","0,00000028060964602047","0,00000252876969912701","0,00000123152276874643"
"-0,10917367204264748200","0,00000048956207192534","0,00000169354931931173","0,00000113817093040012","0,00000122904463198711","0,00000122645011472839","0,00000060562735465921","0,00000038306105280719","0,00000160787454701972","0,00000346727949966487","0,00000015632619911497","0,00000001238708226798","0,00000276718310658883","0,00000239915928353048","0,00000077009198122709","0,00000150847287043461","0,00000247300505169425","0,00000087576731987726","0,00000027836094542488","0,00000251074242331571","0,00000122446641419866"
"-0,10716974940533285900","0,00000048665277437580","0,00000168073811076813","0,00000112911932369195","0,00000122070385695692","0,00000121822619353869","0,00000060101151410273","0,00000038074371123816","0,00000159553615515739","0,00000344589718965966","0,00000015534113615083","0,00000001240508601540","0,00000274647619894642","0,00000238003068779124","0,00000076417609062571","0,00000149881805341351","0,00000247213111862388","0,00000086877303184569","0,00000027611213605717","0,00000249276269004416","0,00000121743183079686"
"-0,10516582676801822200","0,00000048375574918674","0,00000166792872993461","0,00000112006991168877","0,00000121238283821159","0,00000121002929203024","0,00000059638916929270","0,00000037843150820761","0,00000158321299079400","0,00000342450495983714","0,00000015437032256122","0,00000001242362377521","0,00000272575914988589","0,00000236092061190408","0,00000075823830020489","0,00000148915243403071","0,00000247123497159274","0,00000086181009949273","0,00000027386321791734","0,00000247483049931235","0,00000121041901854103"
"-0,10316190413070359900","0,00000048087099635817","0,00000165512117681119","0,00000111102269439060","0,00000120408157575112","0,00000120185941020304","0,00000059176032022913","0,00000037612444371552","0,00000157090505392954","0,00000340310281019730","0,00000015341375834615","0,00000001244269554739","0,00000270503195940723","0,00000234182905586899","0,00000075227860996461","0,00000147947601228621","0,00000247031661060084","0,00000085487852281838","0,00000027161419100540","0,00000245694585112029","0,00000120342797743118"
"-0,10115798149338896300","0,00000047799851589008","0,00000164231545139787","0,00000110197767179742","0,00000119580006957551","0,00000119371654805708","0,00000058712496691200","0,00000037382251776192","0,00000155861234456401","0,00000338169074074014","0,00000015247144350562","0,00000001246230133194","0,00000268429462751044","0,00000232275601968598","0,00000074629701990488","0,00000146978878818001","0,00000246937603564818","0,00000084797830182264","0,00000026936505532133","0,00000243910874546797","0,00000119645870746730"
"-0,09915405885607433970","0,00000047514319622497","0,00000162952689888408","0,00000109296000228964","0,00000118753801858064","0,00000118558792277137","0,00000058249420636325","0,00000037151764041623","0,00000154636247454191","0,00000336026191522026","0,00000015153741810895","0,00000001248107143794","0,00000266360867967802","0,00000230371893865734","0,00000074031584818709","0,00000146010548937134","0,00000246843338318705","0,00000084111573244301","0,00000026711845111878","0,00000242134522787056","0,00000118951973649955"
"-0,09715013621875970290","0,00000047230992580536","0,00000161677086445925","0,00000108399484424767","0,00000117929512166238","0,00000117746075152490","0,00000057787913560482","0,00000036920172174790","0,00000153418305570775","0,00000333880949739223","0,00000015060572222547","0,00000001249763617444","0,00000264303564139246","0,00000228473524808535","0,00000073435741297260","0,00000145044084351938","0,00000246750878966974","0,00000083429711061702","0,00000026487701865136","0,00000240368134384322","0,00000118261959237809"
"-0,09514621358144507990","0,00000046949870463123","0,00000160404734812338","0,00000107508219767150","0,00000117107137882073","0,00000116933503431766","0,00000057327975463670","0,00000036687476175694","0,00000152207408806151","0,00000331733348725608","0,00000014967635585518","0,00000001251199554144","0,00000262257551265376","0,00000226580494797002","0,00000072842171426142","0,00000144079485062416","0,00000246660225509625","0,00000082752243634466","0,00000026264075791909","0,00000238611709338596","0,00000117575827510292"
"-0,09314229094413044310","0,00000046670953270260","0,00000159135634987648","0,00000106622206256114","0,00000116286679005568","0,00000116121077114965","0,00000056869606345890","0,00000036453676044333","0,00000151003557160320","0,00000329583388481178","0,00000014874931899808","0,00000001252414953894","0,00000260222829346191","0,00000224692803831134","0,00000072250875205355","0,00000143116751068567","0,00000246571377946657","0,00000082079170962594","0,00000026040966892195","0,00000236865247649878","0,00000116893578467404"
"-0,09113836830681582010","0,00000046394241001946","0,00000157869786971853","0,00000105741443891659","0,00000115468135536725","0,00000115308796202088","0,00000056412806207142","0,00000036218771780709","0,00000149806750633282","0,00000327431069005935","0,00000014782461165417","0,00000001253409816695","0,00000258199398381692","0,00000222810451910931","0,00000071661852634899","0,00000142155882370390","0,00000246484336278071","0,00000081410493046086","0,00000025818375165996","0,00000235128749318166","0,00000116215212109146"
"-0,08913444566950118330","0,00000046119733658180","0,00000156607190764955","0,00000104865932673784","0,00000114651507475542","0,00000114496660693135","0,00000055957575047425","0,00000035982763384821","0,00000148616989225037","0,00000325276390299878","0,00000014690223382345","0,00000001254184142545","0,00000256187258371879","0,00000220933439036394","0,00000071075103714775","0,00000141196878967887","0,00000246399100503867","0,00000080746209884941","0,00000025596300613310","0,00000233402214343462","0,00000115540728435516"
"-0,08713052303218656040","0,00000045847431238964","0,00000155347846366954","0,00000103995672602490","0,00000113836794822020","0,00000113684670588104","0,00000055503912866739","0,00000035745650856669","0,00000147434272935585","0,00000323119352363008","0,00000014598218550592","0,00000001254737931445","0,00000254186409316752","0,00000219061765207521","0,00000070490628444981","0,00000140239740861056","0,00000246315670624045","0,00000080086321479159","0,00000025374743234138","0,00000231685642725766","0,00000114870127446515"
"-0,08512660039487193740","0,00000045577333744297","0,00000154091753777848","0,00000103130663677777","0,00000113023997576159","0,00000112872825886998","0,00000055051819665085","0,00000035507434196253","0,00000146258601764926","0,00000320959955195323","0,00000014506446670157","0,00000001255071183396","0,00000252196851216310","0,00000217195430424315","0,00000069908426825518","0,00000139284468049898","0,00000246234046638604","0,00000079430827828741","0,00000025153703028481","0,00000229979034465076","0,00000114203409142143"
"-0,08312267775755730060","0,00000045309441174179","0,00000152838912997639","0,00000102270905899644","0,00000112213115737959","0,00000112061126589815","0,00000054601295442463","0,00000035268113403574","0,00000145089975713060","0,00000318798198796826","0,00000014414907741042","0,00000001255183898396","0,00000250218584070555","0,00000215334434686773","0,00000069328498856386","0,00000138331060534412","0,00000246154228547545","0,00000078779728933686","0,00000024933179996337","0,00000228282389561394","0,00000113540573522401"
"-0,08111875512024267770","0,00000045043753528609","0,00000151589324026326","0,00000101416399268092","0,00000111404149307420","0,00000111249572696555","0,00000054152340198872","0,00000035027688478630","0,00000143928394779987","0,00000316634083167514","0,00000014323601763245","0,00000001255076076447","0,00000248251607879485","0,00000213478777994897","0,00000068750844537585","0,00000137379518314600","0,00000246076216350868","0,00000078133024793995","0,00000024713174137707","0,00000226595708014720","0,00000112881620587287"
"-0,07911483248292804080","0,00000044780270807589","0,00000150342986863910","0,00000100567143783121","0,00000110597098284542","0,00000110438164207219","0,00000053704953934312","0,00000034786159421423","0,00000142773858965707","0,00000314467608307389","0,00000014232528736767","0,00000001254747717547","0,00000246295922643101","0,00000211628460348686","0,00000068175463869115","0,00000136429841390461","0,00000246000010048573","0,00000077490715409667","0,00000024493685452591","0,00000224918989825053","0,00000112226550336803"
"-0,07711090984561341790","0,00000044518993011118","0,00000149099901510390","0,00000099723139444730","0,00000109791962669324","0,00000109626901121806","0,00000053259136648785","0,00000034543526231951","0,00000141626368270220","0,00000312298774216451","0,00000014141688661609","0,00000001254198821698","0,00000244351528361403","0,00000209783481748140","0,00000067602356850976","0,00000135482029761994","0,00000245925609640659","0,00000076852800780703","0,00000024274713940989","0,00000223252234992393","0,00000111575362770947"
"-0,07510698720829878110","0,00000044259920139195","0,00000147860067965766","0,00000098884386252920","0,00000108988742461768","0,00000108815783440317","0,00000052814888342288","0,00000034299788910216","0,00000140485922693526","0,00000310127580894698","0,00000014051081537769","0,00000001253429388899","0,00000242418425034390","0,00000207943842193260","0,00000067031523483167","0,00000134536083429200","0,00000245853015127128","0,00000076219280907102","0,00000024056259602901","0,00000221595443516741","0,00000110928057889721"
"-0,07310306457098415810","0,00000044003052191822","0,00000146623486230038","0,00000098050884207691","0,00000108187437661872","0,00000108004811162751","0,00000052372209014823","0,00000034054947456217","0,00000139352522235625","0,00000307954028342132","0,00000013960707365248","0,00000001252439419150","0,00000240496612662064","0,00000206109541684045","0,00000066462963765690","0,00000133592002392079","0,00000245782226507978","0,00000075590155788865","0,00000023838322438327","0,00000219948615398096","0,00000110284635693123"
"-0,07109914193366952130","0,00000043748389168998","0,00000145390156303206","0,00000097222633309042","0,00000107388048269637","0,00000107193984289108","0,00000051931098666390","0,00000033809001869955","0,00000138226166896516","0,00000305778116558753","0,00000013870566144046","0,00000001251228912451","0,00000238586091244423","0,00000204280580220495","0,00000065896677698544","0,00000132649786650631","0,00000245713243783209","0,00000074965425425991","0,00000023620902447267","0,00000218311750636458","0,00000109645096181155"
"-0,06909521929635489840","0,00000043495931070723","0,00000144160078185271","0,00000096399633556974","0,00000106590574285063","0,00000106383302819390","0,00000051491557296988","0,00000033561952151428","0,00000137106856676201","0,00000303599845544559","0,00000013780657874163","0,00000001249797868802","0,00000236686860781468","0,00000202456957802611","0,00000065332665281729","0,00000131709436204855","0,00000245646066952823","0,00000074345089818481","0,00000023403999629721","0,00000216684849231828","0,00000109009439353815"
"-0,06709129665904026150","0,00000043245677896996","0,00000142933251876232","0,00000095581884951487","0,00000105795015708150","0,00000105572766753594","0,00000051053584906618","0,00000033313798300637","0,00000135994591574679","0,00000301419215299552","0,00000013690982555598","0,00000001248146288203","0,00000234798921273199","0,00000200638674430392","0,00000064770926515245","0,00000130770951054753","0,00000245580696016818","0,00000073729148966334","0,00000023187613985689","0,00000215067911184205","0,00000108377665211105"
"-0,06508737402172563860","0,00000042997629647819","0,00000141709677376090","0,00000094769387492580","0,00000105001372538898","0,00000104762376091722","0,00000050617181495279","0,00000033064540317583","0,00000134889371591949","0,00000299236225823732","0,00000013601540188353","0,00000001246274170655","0,00000232922272719615","0,00000198825730103838","0,00000064211461399091","0,00000129834331200323","0,00000245517130975196","0,00000073117602869550","0,00000022971745515171","0,00000213460936493590","0,00000107749773753023"
"-0,06308345138441100180","0,00000042751786323191","0,00000140489354684843","0,00000093962141180254","0,00000104209644777306","0,00000103952130833774","0,00000050182347062972","0,00000032814178202265","0,00000133791196728013","0,00000297050877117098","0,00000013512330772427","0,00000001244181516156","0,00000231056915120717","0,00000197018124822950","0,00000063654269933269","0,00000128899576641567","0,00000245455371827955","0,00000072510451528130","0,00000022756394218167","0,00000211863925159982","0,00000107125764979571"
"-0,06107952874709637880","0,00000042508147923112","0,00000139272283802493","0,00000093160146014508","0,00000103419832423376","0,00000103142030979749","0,00000049749081609696","0,00000032562711954683","0,00000132700066982869","0,00000294863169179650","0,00000013423354307819","0,00000001241868324708","0,00000229202848476506","0,00000195215858587726","0,00000063099352117778","0,00000127966687378483","0,00000245395418575095","0,00000071907694942074","0,00000022541560094676","0,00000210276877183381","0,00000106505638890748"
"-0,05907560610978174890","0,00000042266714447582","0,00000138058464729040","0,00000092363401995344","0,00000102631935477106","0,00000102332076529647","0,00000049317385135452","0,00000032310141574837","0,00000131615982356519","0,00000292673102011388","0,00000013334610794531","0,00000001239334596309","0,00000227360072786979","0,00000193418931398169","0,00000062546707952617","0,00000127035663411071","0,00000245337271216618","0,00000071309333111381","0,00000022327243144700","0,00000208699792563788","0,00000105889395486554"
"-0,05707168347246711900","0,00000042027485896601","0,00000136847897464482","0,00000091571909122760","0,00000101845953938497","0,00000101522267483469","0,00000048887257640239","0,00000032056467062727","0,00000130538942848961","0,00000290480675612313","0,00000013246100232561","0,00000001236580330961","0,00000225528588052139","0,00000191627343254276","0,00000061996337437788","0,00000126106504739333","0,00000245280929752522","0,00000070715366036051","0,00000022113443368238","0,00000207132671301202","0,00000105277034766988"
"-0,05506776083515248920","0,00000041790462270168","0,00000135640582008821","0,00000090785667396756","0,00000101061887807549","0,00000100712603841215","0,00000048458699124058","0,00000031801688418353","0,00000129468948460197","0,00000288285889982424","0,00000013157822621910","0,00000001233605528662","0,00000223708394271985","0,00000189841094156049","0,00000061448240573289","0,00000125179211363268","0,00000245226394182808","0,00000070125793716085","0,00000021900160765289","0,00000205575513395624","0,00000104668556732052"
"-0,05306383819783785930","0,00000041555643568285","0,00000134436518362056","0,00000090004676817333","0,00000100279737084262","0,00000099903085602884","0,00000048031709586908","0,00000031545805641716","0,00000128405999190225","0,00000286088745121722","0,00000013069777962579","0,00000001230410189414","0,00000221899491446516","0,00000188060184103487","0,00000060902417359122","0,00000124253783282875","0,00000245173664507476","0,00000069540616151482","0,00000021687395335855","0,00000204028318847053","0,00000104063961381745"
"-0,05105991556052322940","0,00000041323029790951","0,00000133235706524187","0,00000089228937384491","0,00000099499501768636","0,00000099093712768476","0,00000047606289028790","0,00000031288818732814","0,00000127350095039046","0,00000283889241030205","0,00000012981966254566","0,00000001226994313216","0,00000220101879575733","0,00000186284613096590","0,00000060358867795285","0,00000123330220498155","0,00000245122740726525","0,00000068959833342243","0,00000021475147079934","0,00000202491087655489","0,00000103463248716067"
"-0,04905599292320859950","0,00000041091477246591","0,00000132040322910971","0,00000088459362256508","0,00000098719213498087","0,00000098284398616021","0,00000047183332652404","0,00000031031617905391","0,00000126301131834554","0,00000281690819279933","0,00000012894514083432","0,00000001223560940881","0,00000218319455678714","0,00000184518425496893","0,00000059819219021084","0,00000122412056840970","0,00000245071876889609","0,00000068385289380244","0,00000021264017912840","0,00000200966591958432","0,00000102869122515038"
"-0,04705207028589396960","0,00000040859842243630","0,00000130852543938162","0,00000087696864591663","0,00000097936903910032","0,00000097475056423546","0,00000046763735660451","0,00000030775093373188","0,00000125259005404640","0,00000279496921442960","0,00000012807548034738","0,00000001220313113221","0,00000216556116774536","0,00000182765665665928","0,00000059285098175825","0,00000121502826143182","0,00000245019327046377","0,00000067818828357360","0,00000021054609749886","0,00000199457603893383","0,00000102284286558678"
"-0,04504814764857933970","0,00000040628124782068","0,00000129672369605761","0,00000086941444389955","0,00000097152573004471","0,00000096665686191053","0,00000046347498052931","0,00000030519245136205","0,00000124223715749305","0,00000277307547519288","0,00000012721068108483","0,00000001217250830238","0,00000214811862863199","0,00000181026333603697","0,00000058756505259505","0,00000120602528404791","0,00000244965091196832","0,00000067260450273592","0,00000020846922591070","0,00000197964123460340","0,00000101708740846988"
"-0,04304422501126470980","0,00000040396324861905","0,00000128499799913769","0,00000086193101651384","0,00000096366220781403","0,00000095856287918541","0,00000045934619829844","0,00000030264073194442","0,00000123195262868550","0,00000275122697508917","0,00000012635074304668","0,00000001214374091930","0,00000213086693944703","0,00000179300429310198","0,00000058233440272127","0,00000119711163625798","0,00000244909169340972","0,00000066710155128940","0,00000020640956436394","0,00000196486150659304","0,00000101142485379967"
"-0,04104030237395008000","0,00000040164442483140","0,00000127334834862184","0,00000085451836375952","0,00000095577847240828","0,00000095046861606010","0,00000045525100991189","0,00000030009577547899","0,00000122173646762374","0,00000272942371411845","0,00000012549566623292","0,00000001211682898297","0,00000211380610019048","0,00000177587952785431","0,00000057715903213689","0,00000118828731806201","0,00000244851561478797","0,00000066167942923404","0,00000020436711285858","0,00000195023685490275","0,00000100585520157616"
"-0,03903637973663545010","0,00000039932477645775","0,00000126177474451007","0,00000084717648563657","0,00000094787452382748","0,00000094237407253459","0,00000045118941536968","0,00000029755758196577","0,00000121158867430776","0,00000270766569228075","0,00000012464545064356","0,00000001209177249341","0,00000209693611086235","0,00000175888904029398","0,00000057203894084192","0,00000117955232946001","0,00000244792267610308","0,00000065633813656984","0,00000020234187139460","0,00000193576727953252","0,00000100037845179934"
"-0,03703245709932082020","0,00000039700430349809","0,00000125027718680238","0,00000083990538214499","0,00000093995036207161","0,00000093427924860890","0,00000044716141467179","0,00000029502615140474","0,00000120150924873758","0,00000268595290957604","0,00000012380009627859","0,00000001206857145060","0,00000208025697146263","0,00000174203283042098","0,00000056697412883636","0,00000117090667045198","0,00000244731287735504","0,00000065107767329679","0,00000020033383997202","0,00000192145278048237","0,00000099499460446921"
"-0,03502853446200619030","0,00000039468300595242","0,00000123885567549877","0,00000083270505328480","0,00000093200598714067","0,00000092618414428302","0,00000044316700781823","0,00000029250148379592","0,00000119149819091319","0,00000266428536600434","0,00000012295960313802","0,00000001204722585455","0,00000206376868199132","0,00000172531089823530","0,00000056196459612021","0,00000116235034103791","0,00000244668621854386","0,00000064589803941490","0,00000019834301859083","0,00000190729335775229","0,00000098970365958577"
"-0,03302461182469156740","0,00000039236088382074","0,00000122751021059924","0,00000082557549905597","0,00000092404139903468","0,00000091808875955695","0,00000043920619480900","0,00000028998357913929","0,00000118155550083459","0,00000264266306156565","0,00000012212397122184","0,00000001202773570525","0,00000204747124244842","0,00000170872324373695","0,00000055701034269346","0,00000115388334121782","0,00000244604269966954","0,00000064079923492418","0,00000019636940725103","0,00000189328901134227","0,00000098450561714903"
"-0,03102068918737693400","0,00000039003793710305","0,00000121624079210379","0,00000081851671945853","0,00000091605659775362","0,00000090999309443069","0,00000043527897564410","0,00000028747243743487","0,00000117168117850178","0,00000262108599625996","0,00000012129320053006","0,00000001201010100271","0,00000203136465283394","0,00000169226986692593","0,00000055211136855612","0,00000114550567099170","0,00000244538232073206","0,00000063578125982461","0,00000019441300595263","0,00000187943974125233","0,00000097940047715899"
"-0,02901676655006230410","0,00000038771416579935","0,00000120504742001242","0,00000081152871449246","0,00000090805158329750","0,00000090189714890424","0,00000043138535032353","0,00000028496805868265","0,00000116187522391476","0,00000259955417008727","0,00000012046729106267","0,00000001199432174693","0,00000201544891314786","0,00000167595076780224","0,00000054726767370819","0,00000113721733035955","0,00000244470508173145","0,00000063084411411619","0,00000019247381469562","0,00000186574554748245","0,00000097438823961563"
"-0,02701284391274767420","0,00000038538956990964","0,00000119393009432513","0,00000080461148415777","0,00000090002635566631","0,00000089380092297760","0,00000042752531884728","0,00000028247044288263","0,00000115213763707354","0,00000257806758304758","0,00000011964624281968","0,00000001198039793791","0,00000199972402339020","0,00000165976594636588","0,00000054247925814967","0,00000112901831932137","0,00000244401098266769","0,00000062598779779894","0,00000019055183348000","0,00000185220643003264","0,00000096946890451897"
"-0,02500892127543304780","0,00000038306414943392","0,00000118288881504191","0,00000079776502845445","0,00000089198091486006","0,00000088570441665077","0,00000042369888121537","0,00000027997959003482","0,00000114246841797810","0,00000255662623514090","0,00000011883005580108","0,00000001196832957564","0,00000198418998356095","0,00000164371540261684","0,00000053774612188055","0,00000112090863787716","0,00000244330002354079","0,00000062121231087284","0,00000018864706230578","0,00000183882238890290","0,00000096464247186900"
"-0,02300499863811841790","0,00000038073790437219","0,00000117192358216278","0,00000079098934738251","0,00000088391526087875","0,00000087760762992375","0,00000041990603742778","0,00000027749550013920","0,00000113286756662846","0,00000253523012636723","0,00000011801873000687","0,00000001195811666014","0,00000196884679366012","0,00000162779913655514","0,00000053306826490084","0,00000111288828602692","0,00000244257220435074","0,00000061651765333790","0,00000018675950117295","0,00000182559342409323","0,00000095990894166573"
"-0,02100107600080378810","0,00000037841083472445","0,00000116103439568773","0,00000078428444094194","0,00000087582939372237","0,00000086951056279654","0,00000041614678748453","0,00000027501817319578","0,00000112333508302460","0,00000251387925672655","0,00000011721226543707","0,00000001194975919139","0,00000195369445368769","0,00000161201714818076","0,00000052844568721054","0,00000110495726377064","0,00000244182752509754","0,00000061190382519413","0,00000018488915008151","0,00000181251953560363","0,00000095526831390915"
"-0,01899715336348915820","0,00000037608294049070","0,00000115022125561675","0,00000077765030913275","0,00000086772331339093","0,00000086141321526914","0,00000041242113138560","0,00000027254760920457","0,00000111387096716654","0,00000249257362621889","0,00000011641066209165","0,00000001194325716939","0,00000193873296364368","0,00000159636943749371","0,00000052387838880964","0,00000109711557110834","0,00000244106598578120","0,00000060737082644150","0,00000018303600903146","0,00000179960072343409","0,00000095072058859927"
"-0,01699323072617452830","0,00000037375422167094","0,00000113948416194986","0,00000077108695195494","0,00000085959701988442","0,00000085331558734156","0,00000040872906913100","0,00000027008380816556","0,00000110447521905427","0,00000247131323484422","0,00000011561391997063","0,00000001193861059415","0,00000192396232352808","0,00000158085600449399","0,00000051936636969816","0,00000108936320804001","0,00000244028758640172","0,00000060291865708004","0,00000018120007802281","0,00000178683698758463","0,00000094626576573607"
"-0,01498930808885989840","0,00000037142467826516","0,00000112882311468704","0,00000076459436940850","0,00000085145051320286","0,00000084521767901378","0,00000040507060072073","0,00000026762677007874","0,00000109514783868778","0,00000245009808260256","0,00000011482203907401","0,00000001193581946567","0,00000190938253334089","0,00000156547684918159","0,00000051490962987608","0,00000108170017456564","0,00000243949232695909","0,00000059854731710974","0,00000017938135705555","0,00000177422832805523","0,00000094190384531957"
"-0,01298538545154526850","0,00000036909431027338","0,00000111823811382831","0,00000075817256149344","0,00000084328379334623","0,00000083711949028581","0,00000040144572615478","0,00000026517649494413","0,00000108588882606709","0,00000242892816949390","0,00000011403501940178","0,00000001193488378395","0,00000189499359308211","0,00000155023197155653","0,00000051050816934341","0,00000107412647068525","0,00000243868020745332","0,00000059425680653059","0,00000017757984612968","0,00000176177474484591","0,00000093763482734977"
"-0,01098146281423064040","0,00000036676311769559","0,00000110772915937365","0,00000075182152820976","0,00000083509686031453","0,00000082902102115765","0,00000039785444543317","0,00000026273298276172","0,00000107669818119219","0,00000240780349551825","0,00000011325286095395","0,00000001193580354899","0,00000188079550275175","0,00000153512137161879","0,00000050616198810014","0,00000106664209639883","0,00000243785122788440","0,00000059004712534260","0,00000017579554524520","0,00000174947623795665","0,00000093345871182666"
"-0,00897754017691601049","0,00000036443110053179","0,00000109729625132307","0,00000074554126955745","0,00000082688971410778","0,00000082092227162931","0,00000039429675855588","0,00000026029623353151","0,00000106757590406308","0,00000238672406067560","0,00000011247556373051","0,00000001193857876078","0,00000186678826234980","0,00000152014504936838","0,00000050187108614628","0,00000105924705170637","0,00000243700538825234","0,00000058591827354577","0,00000017402845440212","0,00000173733280738746","0,00000092937549875024"
"-0,00697361753960138060","0,00000036209825878198","0,00000108693938967658","0,00000073933178553651","0,00000081866235472596","0,00000081282324170077","0,00000039077266552293","0,00000025786624725351","0,00000105852199467977","0,00000236568986496596","0,00000011170312773146","0,00000001194320941933","0,00000185297187187626","0,00000150530300480530","0,00000049763546348184","0,00000105194133660789","0,00000243614268855713","0,00000058187025114010","0,00000017227857360043","0,00000172534445313834","0,00000092538518812051"
"-0,00496969490228675159","0,00000035976459244616","0,00000107665857443416","0,00000073319307614696","0,00000081041478216907","0,00000080472393137204","0,00000038728216633430","0,00000025544302392770","0,00000104953645304224","0,00000234470090838932","0,00000011093555295681","0,00000001194969552463","0,00000183934633133113","0,00000149059523792955","0,00000049345512010679","0,00000104472495110337","0,00000243526312879878","0,00000057790305812559","0,00000017054590284014","0,00000171351117520929","0,00000092148777993748"
"-0,00296577226497212214","0,00000035743010152433","0,00000106645380559582","0,00000072712514138878","0,00000080214699643712","0,00000079662434064313","0,00000038382526099000","0,00000025302656355410","0,00000104061927915050","0,00000232375719094568","0,00000011017283940656","0,00000001195803707670","0,00000182591164071441","0,00000147602174874113","0,00000048933005602116","0,00000103759789519283","0,00000243436670897728","0,00000057401669450223","0,00000016883044212123","0,00000170183297360030","0,00000091768327420115"
"-0,00096184962765749247","0,00000035509478601649","0,00000105632508316156","0,00000072112798126197","0,00000079385899753011","0,00000078852446951402","0,00000038040194949003","0,00000025061686613269","0,00000103177047300456","0,00000230285871263505","0,00000010941498708070","0,00000001196823407552","0,00000181266780002611","0,00000146158253724003","0,00000048526027122493","0,00000103056016887625","0,00000243345342909264","0,00000057021116027003","0,00000016713219144372","0,00000169030984831139","0,00000091397167091150"
"0,00104207300965713698","0,00000035275777778502","0,00000104627275763139","0,00000071517295557326","0,00000078558218053393","0,00000078044202534959","0,00000037702737968184","0,00000024822136132510","0,00000102301939562188","0,00000228204003798331","0,00000010866497685876","0,00000001197900443270","0,00000179965123629800","0,00000144733629602564","0,00000048128191135575","0,00000102364058536927","0,00000243254148956061","0,00000056650297037103","0,00000016545264754261","0,00000167899594815354","0,00000091035894470865"
"0,00304599564697176665","0,00000035041820869229","0,00000103629717950534","0,00000070923142412936","0,00000077734794053448","0,00000077239471551467","0,00000037371669941287","0,00000024584747879293","0,00000101439540801996","0,00000226133573151635","0,00000010792578962028","0,00000001198906605983","0,00000178689837656186","0,00000143334171769731","0,00000047743112205124","0,00000101686795788750","0,00000243164909079692","0,00000056290863974725","0,00000016379330715289","0,00000166794542193773","0,00000090685107023268"
"0,00504991828428639610","0,00000034807607873831","0,00000102639834878339","0,00000070330338693028","0,00000076915627753175","0,00000076438254000928","0,00000037046990868312","0,00000024349521853618","0,00000100589851019879","0,00000224074579323418","0,00000010719742536524","0,00000001199841895692","0,00000177440922081770","0,00000141959880225505","0,00000047370790331140","0,00000101024228643094","0,00000243077623280159","0,00000055942816839869","0,00000016215417027457","0,00000165715826966397","0,00000090344804748359"
"0,00705384092160102512","0,00000034573138792308","0,00000101657626546555","0,00000069738884397601","0,00000076100719152575","0,00000075640549883342","0,00000036728700749259","0,00000024116458055485","0,00000099752870215837","0,00000222027022313680","0,00000010647988409366","0,00000001200706312397","0,00000176218376906552","0,00000140610754969886","0,00000047011225513623","0,00000100376357099960","0,00000242992291557461","0,00000055606155632535","0,00000016053523690764","0,00000164663449133227","0,00000090014987646139"
"0,00905776355891565501","0,00000034338413624659","0,00000100683092955181","0,00000069148779526656","0,00000075290068251647","0,00000074846359198708","0,00000036416799584129","0,00000023885556484895","0,00000098928598389871","0,00000219990902122420","0,00000010577316580553","0,00000001201499856097","0,00000175022202130531","0,00000139286796002873","0,00000046664417752575","0,00000099743181159347","0,00000242908913911599","0,00000055280880352724","0,00000015893650705211","0,00000163637408694261","0,00000089695655716608"
"0,01106168619623028490","0,00000034103432370884","0,00000099716234104219","0,00000068560024080191","0,00000074483675050392","0,00000074055681947026","0,00000036111287372921","0,00000023656817141846","0,00000098117035541980","0,00000217966218749638","0,00000010507727050085","0,00000001202222526793","0,00000173852397753707","0,00000137988003324467","0,00000046330367047993","0,00000099124700821255","0,00000242827490342572","0,00000054966991000436","0,00000015735798070798","0,00000162637705649500","0,00000089386808959765"
"0,01306560883354491300","0,00000033868195030984","0,00000098757049993668","0,00000067972618058208","0,00000073681539548810","0,00000073268518128297","0,00000035812164115636","0,00000023430240026340","0,00000097318181672164","0,00000215952972195335","0,00000010439219817962","0,00000001202874324484","0,00000172708963776081","0,00000136714376934669","0,00000046009073399879","0,00000098520916085684","0,00000242748020850380","0,00000054664487575669","0,00000015579965787525","0,00000161664339998944","0,00000089088447375610"
"0,01506953147085954290","0,00000033632701604959","0,00000097805540623527","0,00000067386561460707","0,00000072883661746900","0,00000072484867742520","0,00000035519429812272","0,00000023205825138375","0,00000096532036780423","0,00000213951162459510","0,00000010371794884184","0,00000001203455249171","0,00000171591900197652","0,00000135465916833476","0,00000045700536808232","0,00000097931826952635","0,00000242670505435024","0,00000054373370078425","0,00000015426153855391","0,00000160717311742594","0,00000088800570964144"
"0,01707345410817417280","0,00000033396952092808","0,00000096861705993797","0,00000066801854287686","0,00000072090041644662","0,00000071704730789696","0,00000035233084462831","0,00000022983572477953","0,00000095758600866757","0,00000211960789542164","0,00000010305452248751","0,00000001203965300854","0,00000170501207018421","0,00000134242623020891","0,00000045404757273053","0,00000097357433422107","0,00000242594944096503","0,00000054093638508704","0,00000015274362274397","0,00000159796620880448","0,00000088523179725366"
"0,01907737674548880270","0,00000033160946494532","0,00000095925546104478","0,00000066218496539147","0,00000071300679242098","0,00000070928107269824","0,00000034953128067313","0,00000022763482045073","0,00000094997873931167","0,00000209981853443296","0,00000010240191911664","0,00000001204404479532","0,00000169436884238387","0,00000133044495496913","0,00000045121734794341","0,00000096797735494101","0,00000242521336834817","0,00000053825292866505","0,00000015124591044543","0,00000158902267412507","0,00000088256273659277"
"0,02108129938280343260","0,00000032924684810130","0,00000094997060955570","0,00000065636488215090","0,00000070515574539205","0,00000070154997182905","0,00000034679560625716","0,00000022545553839735","0,00000094249855973652","0,00000208014354162906","0,00000010176013872922","0,00000001204772785206","0,00000168398931857551","0,00000131871534261541","0,00000044851469372096","0,00000096252733168615","0,00000242449683649966","0,00000053568333151828","0,00000014976840165828","0,00000158034251338770","0,00000087999852765877"
"0,02308522202011806250","0,00000032688167039603","0,00000094076250547073","0,00000065055829315513","0,00000069734727535986","0,00000069385400528938","0,00000034412382138042","0,00000022329787861940","0,00000093514546994212","0,00000206058291700995","0,00000010112918132524","0,00000001205070217876","0,00000167387349875912","0,00000130723739314776","0,00000044593961006319","0,00000095722426445651","0,00000242379984541951","0,00000053322759364673","0,00000014831109638253","0,00000157192572659239","0,00000087753917045164"
"0,02508914465743269230","0,00000032451393182951","0,00000093163114878986","0,00000064476519840418","0,00000068958138232439","0,00000068619317307923","0,00000034151592604291","0,00000022116184111686","0,00000092791946992848","0,00000204113666057563","0,00000010050904690472","0,00000001205296777541","0,00000166402138293471","0,00000129601110656618","0,00000044349209697009","0,00000095206815325209","0,00000242312239510772","0,00000053088571505041","0,00000014687399461818","0,00000156377231373913","0,00000087518466497141"
"0,02709306729474731880","0,00000032214363240173","0,00000092257653951311","0,00000063898559789805","0,00000068185806628564","0,00000067856747519861","0,00000033897192024461","0,00000021904742588975","0,00000092082055969558","0,00000202180477232609","0,00000009989973546766","0,00000001205452464202","0,00000165443297110227","0,00000128503648287067","0,00000044117215444167","0,00000094705899807287","0,00000242246448556427","0,00000052865769572932","0,00000014545709636523","0,00000155588227482792","0,00000087293501121806"
"0,02909698993206194860","0,00000031977077211269","0,00000091359867764046","0,00000063321949163672","0,00000067417732724362","0,00000067097691164752","0,00000033649180398554","0,00000021695463293805","0,00000091384873924344","0,00000200258725226133","0,00000009930124701404","0,00000001205537277858","0,00000164510826326180","0,00000127431352206122","0,00000043897978247792","0,00000094219679891887","0,00000242182611678918","0,00000052654353568345","0,00000014406040162367","0,00000154825560985875","0,00000087079020919159"
"0,03110091256937657850","0,00000031739535096240","0,00000090469756317192","0,00000062746687962021","0,00000066653916519833","0,00000066342148242594","0,00000033407557726569","0,00000021488346226178","0,00000090700400857205","0,00000198348410038136","0,00000009871358154387","0,00000001205551218510","0,00000163604725941331","0,00000126384222413784","0,00000043691498107885","0,00000093748155579009","0,00000242120728878244","0,00000052454323491280","0,00000014268391039351","0,00000154089231883164","0,00000086875025889201"
"0,03310483520669121190","0,00000031501736895086","0,00000089587319610749","0,00000062172776184851","0,00000065894358014976","0,00000065590118753390","0,00000033172324008507","0,00000021283391386093","0,00000090028636768141","0,00000196449531668617","0,00000009813673905716","0,00000001205494286158","0,00000162724995955680","0,00000125362258910053","0,00000043497775024444","0,00000093291326868651","0,00000242060800154406","0,00000052265679341737","0,00000014132762267474","0,00000153379240174658","0,00000086681516031931"
"0,03510875784400583480","0,00000031263682607806","0,00000088712557644717","0,00000061600213832163","0,00000065139057209792","0,00000064841602697137","0,00000032943479244367","0,00000021080598773550","0,00000089369581657153","0,00000194562090117577","0,00000009757071955389","0,00000001205366480801","0,00000161871636369226","0,00000124365461694929","0,00000043316808997472","0,00000092849193760815","0,00000242002825507403","0,00000052088421119717","0,00000013999153846737","0,00000152695585860356","0,00000086498491347350"
"0,03711268048132046470","0,00000031025372234401","0,00000087845470419095","0,00000061029000903956","0,00000064388014104281","0,00000064096600073838","0,00000032721023434149","0,00000020879968388549","0,00000088723235524240","0,00000192686085385015","0,00000009701552303408","0,00000001205167802440","0,00000161044647181970","0,00000123393830768412","0,00000043148600026966","0,00000092421756255500","0,00000241946804937235","0,00000051922548825219","0,00000013867565777140","0,00000152038268940259","0,00000086325951835457"
"0,03911660311863509460","0,00000030786805774870","0,00000086986057933885","0,00000060459137400230","0,00000063641228698442","0,00000063355110883490","0,00000032504956577853","0,00000020681500231091","0,00000088089598369402","0,00000190821517470931","0,00000009647114949772","0,00000001204898251075","0,00000160244028393911","0,00000122447366130501","0,00000042993148112928","0,00000092009014352707","0,00000241892738443902","0,00000051768062458244","0,00000013737998058683","0,00000151407289414368","0,00000086163897496253"
"0,04112052575594972450","0,00000030547983229214","0,00000086134320189085","0,00000059890623320986","0,00000062898700992275","0,00000062617135126095","0,00000032295278675480","0,00000020485194301174","0,00000087468670192639","0,00000188968386375326","0,00000009593759894481","0,00000001204557826705","0,00000159469780005049","0,00000121526067781197","0,00000042850453255358","0,00000091610968052435","0,00000241840626027405","0,00000051624962018791","0,00000013610450691365","0,00000150802647282681","0,00000086012328329737"
"0,04312444839326435440","0,00000030308904597433","0,00000085290257184696","0,00000059323458666223","0,00000062160430985781","0,00000061882672801653","0,00000032091989727029","0,00000020291050598800","0,00000086860450993951","0,00000187126692098200","0,00000009541487137535","0,00000001204146529331","0,00000158721902015385","0,00000120629935720500","0,00000042720515454255","0,00000091227617354684","0,00000241790467687743","0,00000051493247506861","0,00000013484923675187","0,00000150224342545199","0,00000085871244335910"
"0,04512837103057898420","0,00000030069569879526","0,00000084453868920718","0,00000058757643435941","0,00000061426418678960","0,00000061151723910163","0,00000031895089732500","0,00000020099069123968","0,00000086264940773339","0,00000185296434639551","0,00000009490296678934","0,00000001203664358952","0,00000158000394424919","0,00000119758969948410","0,00000042603334709619","0,00000090858962259454","0,00000241742263424917","0,00000051372918922452","0,00000013361417010149","0,00000149672375201922","0,00000085740645514771"
"0,04713229366789361410","0,00000029829979075493","0,00000083625155397151","0,00000058193177630141","0,00000060696664071812","0,00000060424288451625","0,00000031704578691894","0,00000019909249876678","0,00000085682139530802","0,00000183477613999382","0,00000009440188518679","0,00000001203111315569","0,00000157305257233649","0,00000118913170464927","0,00000042498911021451","0,00000090505002766746","0,00000241696013238926","0,00000051263976265567","0,00000013239930696251","0,00000149146745252850","0,00000085620531866320"
"0,04913621630520824400","0,00000029590132185336","0,00000082804116613995","0,00000057630061248822","0,00000059971167164336","0,00000059700366426040","0,00000031520456605210","0,00000019721592856930","0,00000085112047266340","0,00000181670230177690","0,00000009391162656768","0,00000001202487399182","0,00000156636490441578","0,00000118092537270050","0,00000042407244389750","0,00000090165738876559","0,00000241651717129770","0,00000051166419536203","0,00000013120464733492","0,00000148647452697983","0,00000085510903390559"
"0,05114013894252287390","0,00000029353091338376","0,00000082000447133620","0,00000057075054474749","0,00000059256206600709","0,00000058986677743454","0,00000031343301887586","0,00000019537123489038","0,00000084561724723486","0,00000179881137762301","0,00000009343184716712","0,00000001201834966951","0,00000156002793336146","0,00000117302336291258","0,00000042328475585951","0,00000089844013497101","0,00000241607306747804","0,00000051083627814658","0,00000013004120217431","0,00000148181929813995","0,00000085415258805560"
"0,05314406157983750380","0,00000029121918663939","0,00000081223841518397","0,00000056534917490688","0,00000058558061025109","0,00000058289942313912","0,00000031173692954158","0,00000019356867197318","0,00000084038232645774","0,00000178117191341035","0,00000009296220322021","0,00000001201196376039","0,00000155412865204795","0,00000116547833456029","0,00000042262745381489","0,00000089542669536577","0,00000241560713743384","0,00000051018980181227","0,00000012891998243626","0,00000147757608877559","0,00000085337096829399"
"0,05514798421715213370","0,00000028896614162023","0,00000080474299768326","0,00000056009650296637","0,00000057876730437536","0,00000057610160137416","0,00000031011629804928","0,00000019180823981770","0,00000083541571033203","0,00000176378390913893","0,00000009250269472693","0,00000001200571626446","0,00000154866706047525","0,00000115829028764362","0,00000042210053776364","0,00000089261706994989","0,00000241511938116509","0,00000050972476635911","0,00000012784098812078","0,00000147374489888675","0,00000085276417462077"
"0,05715190685446676360","0,00000028677177832630","0,00000079751821883407","0,00000055499252892598","0,00000057212214837989","0,00000056947331213965","0,00000030857112439895","0,00000019008993842392","0,00000083071739885772","0,00000174664736480876","0,00000009205332168730","0,00000001199960718170","0,00000154364315864337","0,00000115145922216257","0,00000042170400770576","0,00000089001125872336","0,00000241460979867179","0,00000050944117178709","0,00000012680421922787","0,00000147032572847344","0,00000085233220703592"
"0,05915582949178139340","0,00000028463609675759","0,00000079056407863640","0,00000055003725278569","0,00000056564514226469","0,00000056301455543560","0,00000030710140859059","0,00000018841376779186","0,00000082628739203483","0,00000172976228041983","0,00000009161408410130","0,00000001199363651214","0,00000153905694655230","0,00000114498513811716","0,00000042143786364125","0,00000088760926168618","0,00000241407838995395","0,00000050933901809621","0,00000012580967575752","0,00000146731857753564","0,00000085207506553945"
"0,06115975212909602330","0,00000028255909691410","0,00000078388057709025","0,00000054523067454552","0,00000055933628602975","0,00000055672533126199","0,00000030570715062420","0,00000018677972792150","0,00000082212568986335","0,00000171312865597214","0,00000009118498196895","0,00000001198780425575","0,00000153490842420204","0,00000113886803550736","0,00000042130210557010","0,00000088541107883836","0,00000241352515501156","0,00000050941830528648","0,00000012485735770973","0,00000146472344607337","0,00000085199275013137"
"0,06316367476641064630","0,00000028054077879584","0,00000077746771419562","0,00000054057279420546","0,00000055319557967508","0,00000055060563961884","0,00000030438835049978","0,00000018518781881286","0,00000081823229234328","0,00000169674649146569","0,00000009076601529024","0,00000001198211041255","0,00000153119759159260","0,00000113310791433319","0,00000042129673349233","0,00000088341671017989","0,00000241295009384462","0,00000050967903335789","0,00000012394726508451","0,00000146254033408662","0,00000085208526081166"
"0,06516759740372528310","0,00000027858114240279","0,00000077132548995250","0,00000053606361176551","0,00000054722302320067","0,00000054465548050613","0,00000030314500821733","0,00000018363804046594","0,00000081460719947462","0,00000168061578690048","0,00000009035718406517","0,00000001197655498253","0,00000152792444872397","0,00000112770477459465","0,00000042142174740792","0,00000088162615571077","0,00000241235320645314","0,00000051012120231044","0,00000012307939788185","0,00000146076924157540","0,00000085235259758033"
"0,06717152004103990600","0,00000027668018773496","0,00000076545390436091","0,00000053170312722567","0,00000054141861660653","0,00000053887485392388","0,00000030197712377685","0,00000018213039288072","0,00000081125041125738","0,00000166473654227652","0,00000008995848829374","0,00000001197113796570","0,00000152508899559615","0,00000112265861629173","0,00000042167714731688","0,00000088003941543100","0,00000241173449283710","0,00000051074481214414","0,00000012225375610176","0,00000145941016853970","0,00000085279476043738"
"0,06917544267835454290","0,00000027483791479236","0,00000075985295742084","0,00000052749134058594","0,00000053578235989266","0,00000053326375987208","0,00000030088469717834","0,00000018066487605722","0,00000080816192769154","0,00000164910875759379","0,00000008956992797595","0,00000001196585936205","0,00000152269123220914","0,00000111796943942444","0,00000042206293321921","0,00000087865648934058","0,00000241109395299652","0,00000051154986285897","0,00000012147033974423","0,00000145846311497952","0,00000085341174938281"
"0,07117936531566916580","0,00000027305432357498","0,00000075452264913229","0,00000052342825184633","0,00000053031425305905","0,00000052782219835073","0,00000029986772842180","0,00000017924148999542","0,00000080534174877712","0,00000163373243285231","0,00000008919150311180","0,00000001196071917159","0,00000152073115856295","0,00000111363724399277","0,00000042257910511491","0,00000087747737743952","0,00000241043158693140","0,00000051253635445496","0,00000012072914880926","0,00000145792808089486","0,00000085420356441662"
"0,07318328795298380260","0,00000027132941408282","0,00000074946297949525","0,00000051951386100682","0,00000052501429610571","0,00000052255016935984","0,00000029892621750723","0,00000017786023469534","0,00000080278987451410","0,00000161860756805208","0,00000008882321370130","0,00000001195571739430","0,00000151920877465757","0,00000110966202999673","0,00000042322566300398","0,00000087650207972781","0,00000240974739464172","0,00000051370428693208","0,00000012003018329686","0,00000145780506628573","0,00000085517020553882"
"0,07518721059029842560","0,00000026966318631588","0,00000074467394850974","0,00000051574816806742","0,00000051988248903263","0,00000051744767289939","0,00000029806016443464","0,00000017652111015698","0,00000080050630490250","0,00000160373416319308","0,00000008846505974443","0,00000001195085403021","0,00000151812408049301","0,00000110604379743632","0,00000042400260688642","0,00000087573059620545","0,00000240904137612750","0,00000051505366029035","0,00000011937344320703","0,00000145809407115212","0,00000085631167274939"
"0,07719113322761306240","0,00000026805564027416","0,00000074015555617574","0,00000051213117302814","0,00000051491883183982","0,00000051251470896940","0,00000029726956920401","0,00000017522411638032","0,00000079849103994231","0,00000158911221827532","0,00000008811704124121","0,00000001194612907929","0,00000151747707606925","0,00000110278254631153","0,00000042490993676222","0,00000087516292687244","0,00000240831353138873","0,00000051658447452976","0,00000011875892853975","0,00000145879509549403","0,00000085762796604834"
"0,07919505586492768540","0,00000026650677595766","0,00000073590780249327","0,00000050866287588897","0,00000051012332452727","0,00000050775127756986","0,00000029655443181535","0,00000017396925336538","0,00000079674407963353","0,00000157474173329881","0,00000008777915819162","0,00000001194154254156","0,00000151726776138631","0,00000109987827662236","0,00000042594765263140","0,00000087479907172879","0,00000240756386042542","0,00000051829672965032","0,00000011818663929505","0,00000145990813931146","0,00000085911908543567"
"0,08119897850224232220","0,00000026501659336639","0,00000073193068746232","0,00000050534327664991","0,00000050549596709499","0,00000050315737870076","0,00000029591475226867","0,00000017275652111215","0,00000079526542397616","0,00000156062270826354","0,00000008745141059568","0,00000001193709441702","0,00000151749613644419","0,00000109733098836882","0,00000042711575449394","0,00000087463903077449","0,00000240679236323756","0,00000052019042565202","0,00000011765657547290","0,00000146143320260442","0,00000086078503091138"
"0,08320290113955694510","0,00000026358509250033","0,00000072822421108288","0,00000050217237531096","0,00000050103675954298","0,00000049873301236213","0,00000029535053056395","0,00000017158591962063","0,00000079405507297021","0,00000154675514316951","0,00000008713379845338","0,00000001193278470566","0,00000151816220124287","0,00000109514068155090","0,00000042841424234985","0,00000087468280400954","0,00000240599903982515","0,00000052226556253486","0,00000011716873707332","0,00000146337028537290","0,00000086262580247547"
"0,08520682377687158190","0,00000026221227335950","0,00000072478837335497","0,00000049915017187212","0,00000049674570187123","0,00000049447817855394","0,00000029486176670121","0,00000017045744889082","0,00000079311302661566","0,00000153313903801672","0,00000008682632176472","0,00000001192861340748","0,00000151926595578237","0,00000109330735616861","0,00000042984311619913","0,00000087493039143395","0,00000240518389018819","0,00000052452214029884","0,00000011672312409631","0,00000146571938761690","0,00000086464140012794"
"0,08721074641418620490","0,00000026089813594388","0,00000072162317427857","0,00000049627666633339","0,00000049262279407975","0,00000049039287727620","0,00000029444846068043","0,00000016937110892272","0,00000079243928491253","0,00000151977439280518","0,00000008652898052970","0,00000001192458052248","0,00000152080740006269","0,00000109183101222195","0,00000043140237604178","0,00000087538179304770","0,00000240434691432669","0,00000052696015894397","0,00000011631973654186","0,00000146848050933643","0,00000086683182386878"
"0,08921466905150082780","0,00000025964268025349","0,00000071872861385369","0,00000049355185869477","0,00000048866803616853","0,00000048647710852892","0,00000029411061250163","0,00000016832689971634","0,00000079203384786080","0,00000150666120753488","0,00000008624177474833","0,00000001192068605067","0,00000152278653408381","0,00000109071164971091","0,00000043309202187779","0,00000087603700885081","0,00000240348811224064","0,00000052957961847024","0,00000011595857440997","0,00000147165365053147","0,00000086919707369801"
"0,09121859168881546470","0,00000025844590628832","0,00000071610469208034","0,00000049097574895627","0,00000048488142813758","0,00000048273087231209","0,00000029384822216480","0,00000016732482127167","0,00000079189671546049","0,00000149379948220581","0,00000008596470442059","0,00000001191692999205","0,00000152520335784575","0,00000108994926863549","0,00000043491205370718","0,00000087689603884327","0,00000240260748393004","0,00000053238051887766","0,00000011563963770065","0,00000147523881120205","0,00000087173714961562"
"0,09322251432613008760","0,00000025730781404838","0,00000071375140895850","0,00000048854833711787","0,00000048126296998689","0,00000047915416862570","0,00000029366128966993","0,00000016636487358871","0,00000079202788771159","0,00000148118921681799","0,00000008569776954649","0,00000001191331234660","0,00000152805787134850","0,00000108954386899571","0,00000043686247152993","0,00000087795888302508","0,00000240170502939489","0,00000053536286016622","0,00000011536292641389","0,00000147923599134814","0,00000087445205162161"
"0,09522643696344472440","0,00000025622840353365","0,00000071166876448818","0,00000048626962317959","0,00000047781266171647","0,00000047574699746977","0,00000029354981501704","0,00000016544705666747","0,00000079242736461410","0,00000146883041137142","0,00000008544097012604","0,00000001190983311434","0,00000153135007459207","0,00000108949545079154","0,00000043894327534606","0,00000087922554139625","0,00000240078074863520","0,00000053852664233592","0,00000011512844054970","0,00000148364519096975","0,00000087734177971598"
"0,09723035960075934740","0,00000025520767474414","0,00000070985675866939","0,00000048413960714142","0,00000047453050332632","0,00000047250935884430","0,00000029351379820612","0,00000016457137050793","0,00000079309514616802","0,00000145672306586608","0,00000008519430615923","0,00000001190649229527","0,00000153507996757644","0,00000108980401402300","0,00000044115446515555","0,00000088069601395677","0,00000239983464165096","0,00000054187186538676","0,00000011493618010807","0,00000148846641006689","0,00000088040633389873"
"0,09923428223807398420","0,00000025424562767986","0,00000070831539150211","0,00000048215828900336","0,00000047141649481643","0,00000046944125274927","0,00000029355323923717","0,00000016373781511011","0,00000079403123237336","0,00000144486718030199","0,00000008495777764606","0,00000001190328988938","0,00000153924755030163","0,00000109046955869009","0,00000044349604095841","0,00000088237030070664","0,00000239886670844218","0,00000054539852931875","0,00000011478614508901","0,00000149369964863955","0,00000088364571416985"
"0,10123820487538860700","0,00000025335799601897","0,00000070710236554309","0,00000048037697182246","0,00000046851907450577","0,00000046659324017298","0,00000029366724002193","0,00000016295567442349","0,00000079524929753936","0,00000143345820685350","0,00000008473656427382","0,00000001190063111106","0,00000154385468803098","0,00000109150381393125","0,00000044595207226895","0,00000088424752559152","0,00000239790696671067","0,00000054912185436118","0,00000011468191963369","0,00000149935977965399","0,00000088707849778544"
"0,10324212751270324400","0,00000025256051343964","0,00000070627538334909","0,00000047884695865576","0,00000046588668071332","0,00000046401588210371","0,00000029385490247215","0,00000016223423239756","0,00000079676301597528","0,00000142269159769497","0,00000008453584572982","0,00000001189892117470","0,00000154890324602780","0,00000109291850888494","0,00000044850662860151","0,00000088632681255708","0,00000239698543415829","0,00000055305706074336","0,00000011462708788330","0,00000150546167607646","0,00000089072326200155"
"0,10524605015001786700","0,00000025185317994187","0,00000070583444492009","0,00000047756824950327","0,00000046351931343908","0,00000046170917854147","0,00000029411622658782","0,00000016157348903232","0,00000079857238768113","0,00000141256735282641","0,00000008435562201405","0,00000001189816008031","0,00000155439322429211","0,00000109471364355114","0,00000045115970995606","0,00000088860816160331","0,00000239610211078501","0,00000055720414846529","0,00000011462164983784","0,00000151200533790696","0,00000089458000681821"
"0,10724997278733250400","0,00000025123599552567","0,00000070577955025611","0,00000047654084436500","0,00000046141697268303","0,00000045967312948625","0,00000029445121236895","0,00000016097344432778","0,00000080067741265690","0,00000140308547224782","0,00000008419589312651","0,00000001189834782788","0,00000156032462282391","0,00000109688921792987","0,00000045391131633262","0,00000089109157273022","0,00000239525699659085","0,00000056156311752696","0,00000011466560549732","0,00000151899076514550","0,00000089864873223539"
"0,10925389542464712700","0,00000025070896019104","0,00000070611069935713","0,00000047576474324092","0,00000045957965844519","0,00000045790773493806","0,00000029485985981553","0,00000016043409828392","0,00000080307809090259","0,00000139424595595920","0,00000008405665906720","0,00000001189948441742","0,00000156669744162320","0,00000109944523202113","0,00000045676144773119","0,00000089377704593781","0,00000239445009157581","0,00000056613396792837","0,00000011475895486172","0,00000152641795779206","0,00000090292943825311"
"0,11125781806196176300","0,00000025027207393796","0,00000070682789222316","0,00000047523994613106","0,00000045800737072556","0,00000045641299489688","0,00000029534216892757","0,00000015995545090076","0,00000080577442241821","0,00000138604880396054","0,00000008393791983612","0,00000001190156984891","0,00000157351168068997","0,00000110238168582491","0,00000045971010415176","0,00000089666458122607","0,00000239368139573988","0,00000057091669966954","0,00000011490169793105","0,00000153428691584666","0,00000090742212487136"
"0,11326174069927638600","0,00000024992533676645","0,00000070793112885420","0,00000047496645303540","0,00000045670010952413","0,00000045518890936273","0,00000029589813970506","0,00000015953750217829","0,00000080876640720375","0,00000137849401625184","0,00000008383967543328","0,00000001190460412237","0,00000158076734002423","0,00000110569857934121","0,00000046275728559433","0,00000089975417859501","0,00000239295090908307","0,00000057591131275044","0,00000011509383470531","0,00000154259763930928","0,00000091212679209015"
"0,11526566333659102300","0,00000024966874867650","0,00000070942040925025","0,00000047494426395395","0,00000045565787484090","0,00000045423547833561","0,00000029652777214800","0,00000015918025211651","0,00000081205404525922","0,00000137158159283311","0,00000008376192585867","0,00000001190858723779","0,00000158846441962597","0,00000110939591257003","0,00000046590299205891","0,00000090304583804462","0,00000239225863160536","0,00000058111780717110","0,00000011533536518450","0,00000155135012817994","0,00000091704343990946"
"0,11726958597390564600","0,00000024950230966812","0,00000071129573341131","0,00000047517337888671","0,00000045488066667588","0,00000045355270181550","0,00000029723106625640","0,00000015888370071543","0,00000081563733658461","0,00000136531153370435","0,00000008370467111229","0,00000001191351919518","0,00000159660291949520","0,00000111347368551138","0,00000046914722354549","0,00000090653955957491","0,00000239160456330678","0,00000058653618293150","0,00000011562628936862","0,00000156054438245863","0,00000092217206832932"
"0,11927350861122028300","0,00000024942601974130","0,00000071355710133737","0,00000047565379783368","0,00000045436848502906","0,00000045314057980242","0,00000029800802203026","0,00000015864784797503","0,00000081951628117992","0,00000135968383886555","0,00000008366791119414","0,00000001191939999453","0,00000160518283963191","0,00000111793189816525","0,00000047248998005408","0,00000091023534318587","0,00000239098870418731","0,00000059216644003165","0,00000011596660725767","0,00000157018040214535","0,00000092751267734970"
"0,12127743124853490600","0,00000024943987889604","0,00000071620451302845","0,00000047638552079485","0,00000045412132990044","0,00000045299911229636","0,00000029885863946957","0,00000015847269389533","0,00000082369087904515","0,00000135469850831672","0,00000008365164610423","0,00000001192622963584","0,00000161420418003611","0,00000112277055053165","0,00000047593126158467","0,00000091413318887751","0,00000239041105424695","0,00000059800857847154","0,00000011635631885165","0,00000158025818724011","0,00000093306526697062"
"0,12328135388584952900","0,00000024954388713235","0,00000071923796848453","0,00000047736854777023","0,00000045413920129003","0,00000045312829929733","0,00000029978291857434","0,00000015835823847632","0,00000082816113018031","0,00000135035554205785","0,00000008365587584254","0,00000001193400811911","0,00000162366694070780","0,00000112798964261057","0,00000047947106813726","0,00000091823309664982","0,00000238987161348571","0,00000060406259825118","0,00000011679542415056","0,00000159077773774289","0,00000093882983719207"
"0,12528527652316415200","0,00000024973804445022","0,00000072265746770563","0,00000047860287875982","0,00000045442209919782","0,00000045352814080532","0,00000030078085934456","0,00000015830448171800","0,00000083292703458539","0,00000134665494008896","0,00000008368060040909","0,00000001194273544435","0,00000163357112164697","0,00000113358917440201","0,00000048310939971186","0,00000092253506650281","0,00000238937038190358","0,00000061032849937056","0,00000011728392315440","0,00000160173905365371","0,00000094480638801406"
"0,12728919916047878900","0,00000025002235084965","0,00000072646301069173","0,00000048008851376361","0,00000045497002362381","0,00000045419863682033","0,00000030185246178024","0,00000015831142362037","0,00000083798859226040","0,00000134359670241002","0,00000008372581980387","0,00000001195241161155","0,00000164391672285363","0,00000113956914590597","0,00000048684625630847","0,00000092703909843648","0,00000238890735950057","0,00000061680628182969","0,00000011782181586317","0,00000161314213497256","0,00000095099491943658"
"0,12929312179779342500","0,00000025039680633065","0,00000073065459744284","0,00000048182545278161","0,00000045578297456801","0,00000045513978734237","0,00000030299772588137","0,00000015837906418343","0,00000084334580320533","0,00000134118082902105","0,00000008379153402689","0,00000001196303662071","0,00000165470374432778","0,00000114592955712246","0,00000049068163792708","0,00000093174519245082","0,00000238848254627667","0,00000062349594562857","0,00000011840910227687","0,00000162498698169944","0,00000095739543145963"
"0,13129704443510806200","0,00000025086141089321","0,00000073523222795896","0,00000048381369581382","0,00000045686095203042","0,00000045635159237142","0,00000030421665164796","0,00000015850740340719","0,00000084899866742018","0,00000133940731992205","0,00000008387774307813","0,00000001197461047184","0,00000166593218606941","0,00000115267040805147","0,00000049461554456769","0,00000093665334854583","0,00000238809594223189","0,00000063039749076719","0,00000011904578239550","0,00000163727359383435","0,00000096400792408322"
"0,13330096707242267100","0,00000025141616453734","0,00000074019590224009","0,00000048605324286024","0,00000045820395601102","0,00000045783405190751","0,00000030550923908000","0,00000015869644129163","0,00000085494718490496","0,00000133827617511302","0,00000008398444695761","0,00000001198713316492","0,00000167760204807853","0,00000115979169869301","0,00000049864797623031","0,00000094176356672152","0,00000238774754736622","0,00000063751091724556","0,00000011973185621906","0,00000165000197137729","0,00000097083239730734"
"0,13530488970973730800","0,00000025206106726303","0,00000074554562028623","0,00000048854409392087","0,00000045981198650983","0,00000045958716595061","0,00000030687548817749","0,00000015894617783677","0,00000086119135565966","0,00000133778739459395","0,00000008411164566532","0,00000001200060469998","0,00000168971333035513","0,00000116729342904707","0,00000050277893291493","0,00000094707584697789","0,00000238743736167967","0,00000064483622506367","0,00000012046732374754","0,00000166317211432826","0,00000097786885113199"
"0,13730881234705194500","0,00000025279611907028","0,00000075128138209738","0,00000049128624899570","0,00000046168504352685","0,00000046161093450074","0,00000030831539894044","0,00000015925661304260","0,00000086773117968428","0,00000133794097836484","0,00000008425933920126","0,00000001201502507699","0,00000170226603289922","0,00000117517559911365","0,00000050700841462156","0,00000095259018931493","0,00000238716538517223","0,00000065237341422153","0,00000012125218498096","0,00000167678402268727","0,00000098511728555718"
"0,13931273498436658200","0,00000025362131995909","0,00000075740318767353","0,00000049427970808474","0,00000046382312706206","0,00000046390535755789","0,00000030982897136885","0,00000015962774690913","0,00000087456665697883","0,00000133873692642570","0,00000008442752756543","0,00000001203039429597","0,00000171526015571080","0,00000118343820889276","0,00000051133642135019","0,00000095830659373265","0,00000238693161784390","0,00000066012248471914","0,00000012208643991931","0,00000169083769645431","0,00000099257770058290"
"0,14131665762168119100","0,00000025453666992947","0,00000076391103701470","0,00000049752447118798","0,00000046622623711549","0,00000046647043512206","0,00000031141620546271","0,00000016005957943634","0,00000088169778754330","0,00000134017523877653","0,00000008461621075784","0,00000001204671235691","0,00000172869569878986","0,00000119208125838439","0,00000051576295310082","0,00000096422506023104","0,00000238673605969469","0,00000066808343655649","0,00000012297008856259","0,00000170533313562937","0,00000100025009620916"
"0,14332058025899582800","0,00000025554216898141","0,00000077080493012087","0,00000050102053830544","0,00000046889437368711","0,00000046930616719326","0,00000031307710122203","0,00000016055211062425","0,00000088912457137769","0,00000134225591541732","0,00000008482538877847","0,00000001206397925981","0,00000174257266213641","0,00000120110474758854","0,00000052028800987346","0,00000097034558881011","0,00000238657871072460","0,00000067625626973359","0,00000012390313091079","0,00000172027034021247","0,00000100813447243595"
"0,14532450289631046500","0,00000025663781711492","0,00000077808486699206","0,00000050476790943710","0,00000047182753677694","0,00000047241255377148","0,00000031481165864680","0,00000016110534047284","0,00000089684700848201","0,00000134497895634808","0,00000008505506162734","0,00000001208219500467","0,00000175689104575044","0,00000121050867650521","0,00000052491159166811","0,00000097666817946985","0,00000238645957093362","0,00000068464098425043","0,00000012488556696393","0,00000173564931020360","0,00000101623082926327"
"0,14732842553362510100","0,00000025782361432999","0,00000078575084762825","0,00000050876658458297","0,00000047502572638497","0,00000047578959485673","0,00000031661987773703","0,00000016171926898213","0,00000090486509885625","0,00000134834436156881","0,00000008530522930444","0,00000001210135959150","0,00000177165084963196","0,00000122029304513441","0,00000052963369848476","0,00000098319283221027","0,00000238637864032175","0,00000069323758010702","0,00000012591739672200","0,00000175147004560277","0,00000102453916669112"
"0,14933234817093971000","0,00000025909956062662","0,00000079380287202945","0,00000051301656374305","0,00000047848894251121","0,00000047943729044899","0,00000031850175849271","0,00000016239389615211","0,00000091317884250041","0,00000135235213107950","0,00000008557589180977","0,00000001212147302029","0,00000178685207378097","0,00000123045785347614","0,00000053445433032341","0,00000098991954703136","0,00000238633591888900","0,00000070204605730336","0,00000012699862018499","0,00000176773254640996","0,00000103305948471951"
"0,15133627080825434700","0,00000026045129401363","0,00000080215676027919","0,00000051750103658914","0,00000048219029374605","0,00000048332035996778","0,00000032047409917441","0,00000016313657439667","0,00000092173434910437","0,00000135703428187285","0,00000008587062338320","0,00000001214134307528","0,00000180243159270358","0,00000124097503729178","0,00000053933987919384","0,00000099679930791533","0,00000238631504570593","0,00000071101482330464","0,00000012812550565358","0,00000178437898937416","0,00000104175537448185"
"0,15334019344556898400","0,00000026186445249984","0,00000081072833246100","0,00000052220319279307","0,00000048610288867989","0,00000048740352283258","0,00000032255369804272","0,00000016395465612966","0,00000093047772835799","0,00000136242283094157","0,00000008619299826460","0,00000001215977754071","0,00000181832628090590","0,00000125181653234275","0,00000054425673710583","0,00000100378309884438","0,00000238629965984310","0,00000072009228557607","0,00000012929432142842","0,00000180135155124435","0,00000105059042711158"
"0,15534411608288362100","0,00000026333903608524","0,00000081951758857488","0,00000052712303235482","0,00000049022672731273","0,00000049168677904339","0,00000032474055509762","0,00000016484814135111","0,00000093940898026127","0,00000136851777828564","0,00000008654301645396","0,00000001217677641657","0,00000183453613838794","0,00000126298233862904","0,00000054920490405938","0,00000101087091981849","0,00000238628976130052","0,00000072927844411764","0,00000013050506750952","0,00000181865023202051","0,00000105956464260868"
"0,15734803872019823000","0,00000026487504476983","0,00000082852452862084","0,00000053226055527440","0,00000049456180964457","0,00000049617012860021","0,00000032703467033911","0,00000016581703006101","0,00000094852810481422","0,00000137531912390507","0,00000008692067795128","0,00000001219233970286","0,00000185106116514970","0,00000127447245615065","0,00000055418438005449","0,00000101806277083768","0,00000238628535007818","0,00000073857329892935","0,00000013175774389687","0,00000183627503170266","0,00000106867802097317"
"0,15935196135751286700","0,00000026647247855361","0,00000083774915259886","0,00000053761576155180","0,00000049910813567541","0,00000050085357150305","0,00000032943604376721","0,00000016686132225935","0,00000095783510201683","0,00000138282686779986","0,00000008732598275656","0,00000001220646739959","0,00000186790136119117","0,00000128628688490758","0,00000055919516509115","0,00000102535865190195","0,00000238628642617609","0,00000074797685001121","0,00000013305235059047","0,00000185422595029079","0,00000107793056220503"
"0,16135588399482750400","0,00000026813133743659","0,00000084719146050895","0,00000054318865118704","0,00000050386570540525","0,00000050573710775189","0,00000033194467538190","0,00000016798101794614","0,00000096732997186910","0,00000139104100997000","0,00000008775893086981","0,00000001221915950675","0,00000188505672651236","0,00000129842562489983","0,00000056423725916936","0,00000103275856301128","0,00000238629298959424","0,00000075748909736322","0,00000013438888759033","0,00000187250298778490","0,00000108732226630427"
"0,16335980663214211300","0,00000026985162141877","0,00000085685145235111","0,00000054897922418010","0,00000050883451883409","0,00000051082073734675","0,00000033456056518318","0,00000016917611712138","0,00000097701271437103","0,00000139996155041551","0,00000008821952229102","0,00000001223041602435","0,00000190252726111327","0,00000131088867612741","0,00000056931066228914","0,00000104026250416570","0,00000238630504033264","0,00000076711004098536","0,00000013576735489644","0,00000189110614418499","0,00000109685313327089"
"0,16536372926945675000","0,00000027163333050013","0,00000086672912812535","0,00000055498748053099","0,00000051401457596193","0,00000051610446028763","0,00000033728371317107","0,00000017044661978507","0,00000098688332952263","0,00000140958848913638","0,00000008870775702019","0,00000001224023695238","0,00000192031296499389","0,00000132367603859030","0,00000057441537445047","0,00000104787047536518","0,00000238632257839128","0,00000077683968087766","0,00000013718775250881","0,00000191003541949107","0,00000110652316310489"
"0,16736765190677138600","0,00000027347646468069","0,00000087682448783165","0,00000056121342023971","0,00000051940587678877","0,00000052158827657451","0,00000034011411934555","0,00000017179252593721","0,00000099694181732389","0,00000141992182613260","0,00000008922363505733","0,00000001224862229085","0,00000193841383815423","0,00000133678771228852","0,00000057955139565336","0,00000105558247660974","0,00000238634560377017","0,00000078667801704010","0,00000013865008042743","0,00000192929081370312","0,00000111633235580627"
"0,16937157454408602300","0,00000027538102396045","0,00000088713753147003","0,00000056765704330626","0,00000052500842131461","0,00000052727218620741","0,00000034305178370662","0,00000017321383557780","0,00000100718817777481","0,00000143096156140419","0,00000008976715640243","0,00000001225557203975","0,00000195682988059429","0,00000135022369722206","0,00000058471872589781","0,00000106339850789938","0,00000238637411646930","0,00000079662504947268","0,00000014015433865230","0,00000194887232682116","0,00000112628071137503"
"0,17137549718140063200","0,00000027734700833939","0,00000089766825904047","0,00000057431834973064","0,00000053082220953945","0,00000053315618918632","0,00000034609670625430","0,00000017471054870683","0,00000101762241087539","0,00000144270769495113","0,00000009033832105549","0,00000001226108619909","0,00000197556109231406","0,00000136398399339092","0,00000058991736518381","0,00000107131856923408","0,00000238640811648868","0,00000080668077817540","0,00000014170052718343","0,00000196877995884518","0,00000113636822981117"
"0,17337941981871526900","0,00000027937441781754","0,00000090841667054299","0,00000058119733951284","0,00000053684724146329","0,00000053924028551124","0,00000034924888698857","0,00000017628266532431","0,00000102824451662564","0,00000145516022677343","0,00000009093712901652","0,00000001226516476886","0,00000199460747331355","0,00000137806860079511","0,00000059514731351137","0,00000107934266061386","0,00000238644760382830","0,00000081684520314827","0,00000014328864602081","0,00000198901370977519","0,00000114659491111469"
"0,17538334245602990600","0,00000028146325239487","0,00000091938276597757","0,00000058829401265287","0,00000054308351708613","0,00000054552447518218","0,00000035250832590943","0,00000017793018543024","0,00000103905449502555","0,00000146831915687110","0,00000009156358028551","0,00000001226780774906","0,00000201396902359275","0,00000139247751943461","0,00000060040857088048","0,00000108747078203872","0,00000238649257848817","0,00000082711832439129","0,00000014491869516445","0,00000200957357961117","0,00000115696075528558"
"0,17738726509334454300","0,00000028361351207140","0,00000093056654534423","0,00000059560836915073","0,00000054953103640798","0,00000055200875819913","0,00000035587502301690","0,00000017965310902462","0,00000105005234607512","0,00000148218448524412","0,00000009221767486246","0,00000001226901513970","0,00000203364574315167","0,00000140721074930944","0,00000060570113729115","0,00000109570293350865","0,00000238654304046828","0,00000083750014190445","0,00000014659067461434","0,00000203045956835314","0,00000116746576232386"
"0,17939118773065915200","0,00000028582519684712","0,00000094196800864295","0,00000060314040900642","0,00000055618979942882","0,00000055869313456209","0,00000035934897831095","0,00000018145143610744","0,00000106123806977436","0,00000149675621189250","0,00000009289941274738","0,00000001226878694078","0,00000205363763199031","0,00000142226829041959","0,00000061102501274338","0,00000110403911502365","0,00000238659898976864","0,00000084799065568776","0,00000014830458437048","0,00000205167167600109","0,00000117810993222951"
"0,18139511036797378900","0,00000028809830672204","0,00000095358715587375","0,00000061089013221994","0,00000056305980614866","0,00000056557760427106","0,00000036293019179161","0,00000018332516667872","0,00000107261166612326","0,00000151203433681623","0,00000009360879394026","0,00000001226712315228","0,00000207394469010866","0,00000143765014276506","0,00000061638019723717","0,00000111247932658373","0,00000238666042638924","0,00000085858986574120","0,00000015006042443288","0,00000207320990255502","0,00000118889326500255"
"0,18339903300528842500","0,00000029043284169614","0,00000096542398703662","0,00000061885753879128","0,00000057014105656750","0,00000057266216732605","0,00000036661866345886","0,00000018527430073844","0,00000108417313512182","0,00000152801886001533","0,00000009434581844110","0,00000001226402377423","0,00000209456691750674","0,00000145335630634585","0,00000062176669077251","0,00000112102356818888","0,00000238672735033008","0,00000086929777206480","0,00000015185819480153","0,00000209507424801493","0,00000119981576064296"
"0,18540295564260306200","0,00000029282880176945","0,00000097747850213156","0,00000062704262872045","0,00000057743355068534","0,00000057994682372705","0,00000037041439331271","0,00000018729883828661","0,00000109592247677004","0,00000154470978148979","0,00000009511048624991","0,00000001225948880660","0,00000211550431418452","0,00000146938678116196","0,00000062718449334941","0,00000112967183983910","0,00000238679976159117","0,00000088011437465854","0,00000015369789547644","0,00000211726471238083","0,00000121087741915076"
"0,18740687827991767100","0,00000029528618694194","0,00000098975070115856","0,00000063544540200745","0,00000058493728850219","0,00000058743157347406","0,00000037431738135316","0,00000018939877932323","0,00000110785969106793","0,00000156210710123960","0,00000009590279736668","0,00000001225351824942","0,00000213675688014203","0,00000148574156721340","0,00000063263360496787","0,00000113842414153440","0,00000238687766017251","0,00000089103967352242","0,00000015557952645760","0,00000213978129565271","0,00000122207824052593"
"0,18941080091723230800","0,00000029780499721363","0,00000100224058411764","0,00000064406585865228","0,00000059265227001803","0,00000059511641656708","0,00000037832762758020","0,00000019157412384830","0,00000111998477801548","0,00000158021081926478","0,00000009672275179141","0,00000001224611210266","0,00000215832461537925","0,00000150242066450015","0,00000063811402562788","0,00000114728047327477","0,00000238696104607409","0,00000090207366865645","0,00000015750308774501","0,00000216262399783057","0,00000123341822476848"
"0,19141472355454694500","0,00000030038523258452","0,00000101494815100879","0,00000065290399865494","0,00000060057849523287","0,00000060300135300612","0,00000038244513199384","0,00000019382487186181","0,00000113229773761269","0,00000159902093556531","0,00000009757034952411","0,00000001223727036634","0,00000218020751989618","0,00000151942407302223","0,00000064362575532945","0,00000115624083506022","0,00000238704991929592","0,00000091321636006062","0,00000015946857933868","0,00000218579281891441","0,00000124489737187841"
"0,19341864619186155400","0,00000030302689305459","0,00000102787340183201","0,00000066195982201542","0,00000060871596414671","0,00000061108638279117","0,00000038666989459408","0,00000019615102336378","0,00000114479856985957","0,00000161853745014120","0,00000009844559056477","0,00000001222699304046","0,00000220240559369284","0,00000153675179277963","0,00000064916879407258","0,00000116530522689074","0,00000238714427983799","0,00000092446774773493","0,00000016147600123860","0,00000220928775890423","0,00000125651568185572"
"0,19542256882917619100","0,00000030572997862386","0,00000104101633658730","0,00000067123332873374","0,00000061706467675956","0,00000061937150592223","0,00000039100191538091","0,00000019855257835419","0,00000115748727475610","0,00000163876036299245","0,00000009934847491339","0,00000001221528012501","0,00000222491883676921","0,00000155440382377235","0,00000065474314185726","0,00000117447364876633","0,00000238724412770030","0,00000093582783167940","0,00000016352535344477","0,00000223310881780004","0,00000126827315470041"
"0,19742649146649082800","0,00000030849448929233","0,00000105437695527466","0,00000068072451880988","0,00000062562463307140","0,00000062785672239930","0,00000039544119435434","0,00000020102953683305","0,00000117036385230231","0,00000165968967411906","0,00000010027900256998","0,00000001220213162000","0,00000224774724912529","0,00000157238016600040","0,00000066034879868351","0,00000118374610068700","0,00000238734946288286","0,00000094729661189400","0,00000016561663595720","0,00000225725599560182","0,00000128016979041248"
"0,19943041410380546400","0,00000031132042505999","0,00000106795525789409","0,00000069043339224385","0,00000063439583308224","0,00000063654203222239","0,00000039998773151436","0,00000020358189880036","0,00000118342830249817","0,00000168132538352103","0,00000010123717353453","0,00000001218754752542","0,00000227089083076109","0,00000159068081946376","0,00000066598576455130","0,00000119312258265274","0,00000238746028538567","0,00000095887408837875","0,00000016774984877588","0,00000228172929230959","0,00000129220558899193"
"0,20143433674112007400","0,00000031419194732483","0,00000108166495312259","0,00000070029096304299","0,00000064331996969790","0,00000064537186394793","0,00000040461290276237","0,00000020618469883658","0,00000119661878435280","0,00000170343236750651","0,00000010221559167334","0,00000001217260821697","0,00000229421801248197","0,00000160920327744816","0,00000067164296989383","0,00000120257719480969","0,00000238757699997174","0,00000097050783876878","0,00000016990292526810","0,00000230638415911016","0,00000130432685144641"
"0,20343825937843471000","0,00000031709321748487","0,00000109541974963714","0,00000071022824521467","0,00000065233873582416","0,00000065429064613237","0,00000040928808399976","0,00000020881297152218","0,00000120987345687530","0,00000172577550238365","0,00000010320686085270","0,00000001215839407036","0,00000231759722509329","0,00000162784503323930","0,00000067730934514424","0,00000121208403730400","0,00000238770001140410","0,00000098214544069922","0,00000017205379880114","0,00000233107604719036","0,00000131647987878357"
"0,20544218201574934700","0,00000032002423554010","0,00000110921964743776","0,00000072024523875887","0,00000066145213146105","0,00000066329837877572","0,00000041401327522653","0,00000021146671685717","0,00000122319232006567","0,00000174835478815245","0,00000010421098107261","0,00000001214490508558","0,00000234102846859504","0,00000164660608683719","0,00000068298489030255","0,00000122164311013566","0,00000238782931968274","0,00000099378689417007","0,00000017420246937500","0,00000235580495655017","0,00000132866467100341"
"0,20744610465306398400","0,00000032298500149052","0,00000112306464652444","0,00000073034194367560","0,00000067066015660855","0,00000067239506187796","0,00000041878847644267","0,00000021414593484153","0,00000123657537392391","0,00000177117022481291","0,00000010522795233308","0,00000001213214126263","0,00000236451174298723","0,00000166548643824182","0,00000068866960536875","0,00000123125441330467","0,00000238796492480768","0,00000100543219918133","0,00000017634893698967","0,00000238057088718960","0,00000134088122810594"
"0,20945002729037859300","0,00000032597551533612","0,00000113695474689719","0,00000074051835996485","0,00000067996281126666","0,00000068158069543910","0,00000042361368764819","0,00000021685062547527","0,00000125002261845003","0,00000179422181236503","0,00000010625777463410","0,00000001212010260152","0,00000238804704826986","0,00000168448608745319","0,00000069436349034285","0,00000124091794681104","0,00000238810682677890","0,00000101708135573301","0,00000017849320164517","0,00000240537383910865","0,00000135312955009114"
"0,21145394992769323000","0,00000032899577707691","0,00000115088994855599","0,00000075077448762663","0,00000068936009543540","0,00000069085527945914","0,00000042848890884309","0,00000021958078875839","0,00000126353405364401","0,00000181750955080882","0,00000010730044797567","0,00000001210878910224","0,00000241163438444292","0,00000170360503447131","0,00000070006654522484","0,00000125063371065476","0,00000238825502559640","0,00000102873436382509","0,00000018063526334148","0,00000243021381230732","0,00000136540963695902"
"0,21345787256500786700","0,00000033204578671290","0,00000116487025150086","0,00000076111032666094","0,00000069885200911475","0,00000070021881393808","0,00000043341414002736","0,00000022233642469089","0,00000127710967950586","0,00000184103344014426","0,00000010835597235780","0,00000001209820076480","0,00000243527375150642","0,00000172284327929617","0,00000070577877001472","0,00000126040170483583","0,00000238840952126020","0,00000104039122345759","0,00000018277512207861","0,00000245509080678562","0,00000137772148870959"
"0,21546179520232250400","0,00000033512554424407","0,00000117889565573178","0,00000077152587706778","0,00000070843855230471","0,00000070967129887592","0,00000043838938120102","0,00000022511753327277","0,00000129074949603559","0,00000186479348037136","0,00000010942434778048","0,00000001208833758919","0,00000245896514946036","0,00000174220082192778","0,00000071150016471250","0,00000127022192935426","0,00000238857031377028","0,00000105205193463050","0,00000018491277785657","0,00000248000482254353","0,00000139006510534284"
"0,21746571783963711300","0,00000033823504967043","0,00000119296616124877","0,00000078202113884715","0,00000071811972500529","0,00000071921273427266","0,00000044341463236404","0,00000022792411450404","0,00000130445350323318","0,00000188878967149012","0,00000011050557424371","0,00000001207919957541","0,00000248270857830474","0,00000176167766236613","0,00000071723072931817","0,00000128009438421004","0,00000238873740312665","0,00000106371649734382","0,00000018704823067534","0,00000250495585958106","0,00000140244048685876"
"0,21946964047695174900","0,00000034137430299198","0,00000120708176805182","0,00000079259611199904","0,00000072789552721649","0,00000072884312012830","0,00000044848989351645","0,00000023075616838468","0,00000131822170109865","0,00000191302201350055","0,00000011159965174749","0,00000001207078672347","0,00000250650403803955","0,00000178127380061123","0,00000072297046383173","0,00000129001906940317","0,00000238891078932931","0,00000107538491159755","0,00000018918148053493","0,00000252994391789822","0,00000141484763325737"
"0,22147356311426638600","0,00000034454330420872","0,00000122124247614093","0,00000080325079652346","0,00000073776595893831","0,00000073856245644284","0,00000045361516465823","0,00000023361369491470","0,00000133205408963198","0,00000193749050640263","0,00000011270658029183","0,00000001206309903335","0,00000253035152866480","0,00000180098923666307","0,00000072871936825319","0,00000129999598493365","0,00000238909047237825","0,00000108705717739169","0,00000019131252743533","0,00000255496899749499","0,00000142728654453866"
"0,22347748575158102300","0,00000034774205332065","0,00000123544828551610","0,00000081398519242040","0,00000074773102017074","0,00000074837074321628","0,00000045879044578939","0,00000023649669409410","0,00000134595066883319","0,00000196219515019638","0,00000011382635987672","0,00000001205613650508","0,00000255425105018049","0,00000182082397052165","0,00000073447744258254","0,00000131002513080149","0,00000238927645227348","0,00000109873329472625","0,00000019344137137656","0,00000258003109837139","0,00000143975722070263"
"0,22548140838889563200","0,00000035097055032776","0,00000124969919617734","0,00000082479929968988","0,00000075779071091378","0,00000075826798044862","0,00000046401573690993","0,00000023940516592288","0,00000135991143870227","0,00000198713594488178","0,00000011495899050216","0,00000001204989913864","0,00000257820260258661","0,00000184077800218698","0,00000074024468681978","0,00000132010650700668","0,00000238946872901500","0,00000111041326360121","0,00000019556801235860","0,00000260513022052740","0,00000145225966174929"
"0,22748533102621026900","0,00000035422879523007","0,00000126399520812463","0,00000083569311833188","0,00000076794503116745","0,00000076825416813986","0,00000046929103801984","0,00000024233911040104","0,00000137393639923921","0,00000201231289045885","0,00000011610447216816","0,00000001204438693403","0,00000260220618588317","0,00000186085133165906","0,00000074602110096491","0,00000133024011354923","0,00000238966730260280","0,00000112209708401659","0,00000019769245038147","0,00000263026636396304","0,00000146479386767862"
"0,22948925366352490600","0,00000035751678802756","0,00000127833632135799","0,00000084666664834641","0,00000077819398093173","0,00000077832930629000","0,00000047461634911913","0,00000024529852752858","0,00000138802555044403","0,00000203772598692757","0,00000011726280487471","0,00000001203959989125","0,00000262626180007017","0,00000188104395893787","0,00000075180668501794","0,00000134042595042912","0,00000238987217303689","0,00000113378475597238","0,00000019981468544515","0,00000265543952867829","0,00000147735983849063"
"0,23149317630083951500","0,00000036083452872025","0,00000129272253587741","0,00000085771988973346","0,00000078853756020662","0,00000078849339489904","0,00000047999167020780","0,00000024828341730550","0,00000140217889231672","0,00000206337523428796","0,00000011843398862181","0,00000001203553801031","0,00000265036944514760","0,00000190135588402344","0,00000075760143897887","0,00000135066401764637","0,00000239008334031727","0,00000114547627946858","0,00000020193471754965","0,00000268064971467317","0,00000148995757418533"
"0,23349709893815415200","0,00000036418201730812","0,00000130715385168289","0,00000086885284249304","0,00000079897576899214","0,00000079874643396698","0,00000048541700128584","0,00000025129377973180","0,00000141639642485728","0,00000208926063254001","0,00000011961802340946","0,00000001203220129120","0,00000267452912111547","0,00000192178710691574","0,00000076340536284768","0,00000136095431520097","0,00000239030080444394","0,00000115717165450519","0,00000020405254669498","0,00000270589692194767","0,00000150258707476270"
"0,23550102157546878900","0,00000036755925379118","0,00000132163026877443","0,00000088006550662515","0,00000080950860728826","0,00000080908842349382","0,00000049089234235326","0,00000025432961480748","0,00000143067814806571","0,00000211538218168372","0,00000012081490923767","0,00000001202958973392","0,00000269874082797378","0,00000194233762761479","0,00000076921845662439","0,00000137129684309293","0,00000239052456541689","0,00000116887088108222","0,00000020616817288112","0,00000273118115050178","0,00000151524834022276"
"0,23750494421278342500","0,00000037096623816943","0,00000133615178715203","0,00000089135788212979","0,00000082013607509501","0,00000081951936347955","0,00000049641769341006","0,00000025739092253254","0,00000144502406194201","0,00000214173988171908","0,00000012202464610643","0,00000001202770333848","0,00000272300456572253","0,00000196300744612059","0,00000077504072030899","0,00000138169160132224","0,00000239075462323613","0,00000118057395919965","0,00000020828159610807","0,00000275650240033552","0,00000152794137056550"
"0,23950886685009803400","0,00000037440297044287","0,00000135071840681569","0,00000090272996900695","0,00000083085817241237","0,00000083003925392419","0,00000050199305445624","0,00000026047770290698","0,00000145943416648618","0,00000216833373264611","0,00000012324723401574","0,00000001202654210487","0,00000274732033436171","0,00000198379656243313","0,00000078087215390149","0,00000139213858988890","0,00000239099097790166","0,00000119228088885750","0,00000021039281637585","0,00000278186067144888","0,00000154066616579092"
"0,24151278948741267100","0,00000037786945061150","0,00000136533012776542","0,00000091418176725665","0,00000084167489924035","0,00000084064809482773","0,00000050761842549179","0,00000026358995593080","0,00000147390846169823","0,00000219516373446480","0,00000012448267296561","0,00000001202610603310","0,00000277168813389133","0,00000200470497655241","0,00000078671275740188","0,00000140263780879292","0,00000239123362941348","0,00000120399167005576","0,00000021250183368445","0,00000280725596384186","0,00000155342272589902"
"0,24351671212472730800","0,00000038136567867532","0,00000137998695000121","0,00000092571327687886","0,00000085258625557894","0,00000085134588619017","0,00000051329380651672","0,00000026672768160400","0,00000148844694757814","0,00000222222988717515","0,00000012573096295603","0,00000001202639512316","0,00000279610796431139","0,00000202573268847844","0,00000079256253081016","0,00000141318925803428","0,00000239148257777158","0,00000121570630279443","0,00000021460864803386","0,00000283268827751446","0,00000156621105088980"
"0,24552063476204194500","0,00000038489165463432","0,00000139468887352306","0,00000093732449787361","0,00000086359224142815","0,00000086213262801150","0,00000051901919753102","0,00000026989087992658","0,00000150304962412592","0,00000224953219077716","0,00000012699210398700","0,00000001202740937505","0,00000282057982562188","0,00000204687969821121","0,00000079842147412634","0,00000142379293761300","0,00000239173782297597","0,00000122742478707351","0,00000021671325942410","0,00000285815761246667","0,00000157903114076326"
"0,24752455739935655400","0,00000038844737848852","0,00000140943589833097","0,00000094901543024088","0,00000087469285678798","0,00000087300832029174","0,00000052479459853471","0,00000027307955089854","0,00000151771649134158","0,00000227707064527084","0,00000012826609605852","0,00000001202914878878","0,00000284510371782282","0,00000206814600575072","0,00000080428958735041","0,00000143444884752908","0,00000239199936502665","0,00000123914712289300","0,00000021881566785515","0,00000288366396869851","0,00000159188299551941"
"0,24952848003667119100","0,00000039203285023791","0,00000142422802442494","0,00000096078607398068","0,00000088588810165842","0,00000088397296303088","0,00000053062000952777","0,00000027629369451988","0,00000153244754922510","0,00000230484525065617","0,00000012955293917060","0,00000001203161336434","0,00000286967964091418","0,00000208953161109698","0,00000081016687048237","0,00000144515698778250","0,00000239226720392361","0,00000125087331025291","0,00000022091587332702","0,00000290920734620997","0,00000160476661515823"
"0,25153240267398580000","0,00000039563426735651","0,00000143903431140899","0,00000097259046823013","0,00000089713547625260","0,00000089499385981352","0,00000053646617232219","0,00000027952580398918","0,00000154720459939381","0,00000233272415769751","0,00000013084736313872","0,00000001203473376650","0,00000289425455264308","0,00000211097150566942","0,00000081604786426382","0,00000145588141966451","0,00000239253931732723","0,00000126258660983819","0,00000022301835285145","0,00000293472607362438","0,00000161764132497208"
"0,25353632531130043700","0,00000039923782731837","0,00000145382381888715","0,00000098438265212633","0,00000090839248078364","0,00000090603831422428","0,00000054230382872996","0,00000028276837250505","0,00000156194944346501","0,00000236057551715920","0,00000013214409777838","0,00000001203844066003","0,00000291877541075661","0,00000213240068088746","0,00000082192710943635","0,00000146658620446633","0,00000239281368289785","0,00000127427028233380","0,00000022512758344016","0,00000296015847956506","0,00000163046645025331"
"0,25554024794861507300","0,00000040284353012347","0,00000146859654685940","0,00000099616262566930","0,00000091965911525155","0,00000091710632626314","0,00000054813297875107","0,00000028602140006747","0,00000157668208143870","0,00000238839932904125","0,00000013344314308957","0,00000001204273404493","0,00000294324221525477","0,00000215381913675111","0,00000082780460599996","0,00000147727134218796","0,00000239309030063549","0,00000128592432773975","0,00000022724356509316","0,00000298550456403201","0,00000164324199100190"
"0,25754417058592971000","0,00000040645137577183","0,00000148335249532576","0,00000100793038885902","0,00000093093537965632","0,00000092819789593013","0,00000055395362238553","0,00000028928488667645","0,00000159140251331490","0,00000241619559334366","0,00000013474449907229","0,00000001204761392120","0,00000296765496613756","0,00000217522687326036","0,00000083368035395466","0,00000148793683282940","0,00000239336917054014","0,00000129754874605604","0,00000022936629781045","0,00000301076432702523","0,00000165596794721786"
"0,25954809322324434700","0,00000041006136426344","0,00000149809166428623","0,00000101968594169550","0,00000094222127399795","0,00000093931302322522","0,00000055976575963334","0,00000029255883233198","0,00000160611073909358","0,00000244396431006642","0,00000013604816572655","0,00000001205308028884","0,00000299201366340498","0,00000219662389041522","0,00000083955435330044","0,00000149858267639064","0,00000239365029261180","0,00000130914353728266","0,00000023149578159203","0,00000303593776854473","0,00000166864431890120"
"0,26155201586055898400","0,00000041367349559830","0,00000151281405374079","0,00000103142928417875","0,00000095351679827644","0,00000095045170814843","0,00000056556939049449","0,00000029584323703407","0,00000162080675877476","0,00000247170547920954","0,00000013735414305235","0,00000001205913314785","0,00000301631830705702","0,00000221801018821568","0,00000084542660403730","0,00000150920887287170","0,00000239393366685047","0,00000132070870141962","0,00000023363201643789","0,00000306102488859050","0,00000168127110605191"
"0,26355593849787362100","0,00000041728776977642","0,00000152751966368946","0,00000104316041630875","0,00000096482195249179","0,00000096161395069976","0,00000057136451496899","0,00000029913810078272","0,00000163549057235844","0,00000249941910077302","0,00000013866243104967","0,00000001206577249823","0,00000304056889709370","0,00000223938576666175","0,00000085129710616524","0,00000151981542227257","0,00000239421929325615","0,00000133224423846692","0,00000023577500234805","0,00000308602568716254","0,00000169384830866998"
"0,26555986113518820200","0,00000042090418679778","0,00000154220849413223","0,00000105487933808552","0,00000097613673664401","0,00000097279975087919","0,00000057715113305684","0,00000030244342357793","0,00000165016217984461","0,00000252710517475685","0,00000013997302971854","0,00000001207299833998","0,00000306476543351500","0,00000226075062575343","0,00000085716585968426","0,00000153040232459324","0,00000239450717182884","0,00000134375014842455","0,00000023792473932249","0,00000311094016426086","0,00000170637592675543"
"0,26756378377250283900","0,00000042452274666240","0,00000155688054506911","0,00000106658604950904","0,00000098746115073308","0,00000098400910868674","0,00000058292924475803","0,00000030575920541969","0,00000166482158123327","0,00000255476370116103","0,00000014128593905893","0,00000001208081067310","0,00000308890791632093","0,00000228210476549071","0,00000086303286459437","0,00000154096957983373","0,00000239479730256855","0,00000135522643129252","0,00000024008122736122","0,00000313576831988544","0,00000171885396030825"
"0,26956770640981747600","0,00000042814344937026","0,00000157153581650008","0,00000107828055057932","0,00000099879519475902","0,00000099524202412240","0,00000058869885007257","0,00000030908544630801","0,00000167946877652443","0,00000258239467998558","0,00000014260115907086","0,00000001208920949758","0,00000311299634551149","0,00000230344818587360","0,00000086889812089555","0,00000155151718799402","0,00000239508968547527","0,00000136667308707083","0,00000024224446646424","0,00000316051015403630","0,00000173128240932844"
"0,27157162904713211300","0,00000043176629492138","0,00000158617430842516","0,00000108996284129637","0,00000101013886872182","0,00000100649849718618","0,00000059445994900045","0,00000031242214624288","0,00000169410376571809","0,00000260999811123047","0,00000014391868975433","0,00000001209819481344","0,00000313703072108668","0,00000232478088690209","0,00000087476162858782","0,00000156204514907413","0,00000239538432054900","0,00000137809011575947","0,00000024441445663154","0,00000318516566671343","0,00000174366127381601"
"0,27357555168444674900","0,00000043539128331575","0,00000160079602084434","0,00000110163292166017","0,00000102149217262149","0,00000101777852787807","0,00000060021254154168","0,00000031576930522432","0,00000170872654881424","0,00000263757399489573","0,00000014523853110933","0,00000001210776662066","0,00000316101104304650","0,00000234610286857619","0,00000088062338767117","0,00000157255346307404","0,00000239568120778974","0,00000138947751735845","0,00000024659119786314","0,00000320973485791684","0,00000175599055377094"
"0,27557947432176138600","0,00000043901841455337","0,00000161540095375762","0,00000111329079167074","0,00000103285510645801","0,00000102908211619807","0,00000060595662769626","0,00000031912692325231","0,00000172333712581288","0,00000266512233098133","0,00000014656068313586","0,00000001211792491926","0,00000318493731139095","0,00000236741413089590","0,00000088648339814560","0,00000158304212999377","0,00000239598034719749","0,00000140083529186776","0,00000024877469015902","0,00000323421772764652","0,00000176827024919324"
"0,27758339695907602300","0,00000044264768863425","0,00000162998910716501","0,00000112493645132806","0,00000104422767023140","0,00000104040926214619","0,00000061169220746418","0,00000032249500032685","0,00000173793549671402","0,00000269264311948730","0,00000014788514583393","0,00000001212866970922","0,00000320880952612002","0,00000238871467386121","0,00000089234166001112","0,00000159351114983330","0,00000239628173877226","0,00000141216343928742","0,00000025096493351919","0,00000325861427590247","0,00000178050036008292"
"0,27958731959639066000","0,00000044627910555837","0,00000164456048106650","0,00000113656990063214","0,00000105560986394165","0,00000105175996572242","0,00000061741928084545","0,00000032587353644796","0,00000175252166151765","0,00000272013636041362","0,00000014921191920354","0,00000001214000099056","0,00000323262768723373","0,00000241000449747213","0,00000089819817326771","0,00000160396052259265","0,00000239658538251403","0,00000142346195961740","0,00000025316192794365","0,00000328292450268469","0,00000179268088643997"
"0,28159124223370524100","0,00000044991266532574","0,00000165911507546209","0,00000114819113958299","0,00000106700168758876","0,00000106313422692676","0,00000062313784784006","0,00000032926253161562","0,00000176709562022378","0,00000274760205376030","0,00000015054100324468","0,00000001215191876326","0,00000325639179473206","0,00000243128360172865","0,00000090405293791539","0,00000161439024827180","0,00000239689127842282","0,00000143473085285773","0,00000025536567343240","0,00000330714840799318","0,00000180481182826438"
"0,28359516487101987800","0,00000045354836793637","0,00000167365289035178","0,00000115980016818059","0,00000107840314117273","0,00000107453204575922","0,00000062884790844802","0,00000033266198582983","0,00000178165737283241","0,00000277504019952733","0,00000015187239795735","0,00000001216442302733","0,00000328010184861502","0,00000245255198663078","0,00000090990595395415","0,00000162480032687077","0,00000239719942649862","0,00000144597011900839","0,00000025757616998543","0,00000333128599182795","0,00000181689318555617"
"0,28559908750833451500","0,00000045718621339025","0,00000168817392573558","0,00000117139698642495","0,00000108981422469357","0,00000108595342221979","0,00000063454946266933","0,00000033607189909061","0,00000179620691934352","0,00000280245079771472","0,00000015320610334155","0,00000001217751378277","0,00000330375784888261","0,00000247380965217851","0,00000091575722138399","0,00000163519075838954","0,00000239750982674143","0,00000145717975806938","0,00000025979341760276","0,00000335533725418899","0,00000182892495831533"
"0,28760301014564915200","0,00000046082620168738","0,00000170267818161348","0,00000118298159431608","0,00000110123493815126","0,00000109739835630847","0,00000064024251050398","0,00000033949227139794","0,00000181074425975714","0,00000282983384832246","0,00000015454211939730","0,00000001219119102958","0,00000332735979553483","0,00000249505659837186","0,00000092160674020491","0,00000164556154282812","0,00000239782247915125","0,00000146835977004072","0,00000026201741628437","0,00000337930219507630","0,00000184090714654186"
"0,28960693278296378800","0,00000046446833282776","0,00000171716565798548","0,00000119455399185396","0,00000111266528154582","0,00000110886684802527","0,00000064592705195198","0,00000034292310275182","0,00000182526939407324","0,00000285718935135056","0,00000015588044612457","0,00000001220545476777","0,00000335090768857168","0,00000251629282521080","0,00000092745451041691","0,00000165591268018652","0,00000239813738372808","0,00000147951015492239","0,00000026424816603027","0,00000340318081448989","0,00000185283975023577"
"0,29161085542027842500","0,00000046811260681139","0,00000173163635485158","0,00000120611417903861","0,00000112410525487724","0,00000112035889737018","0,00000065160308701333","0,00000034636439315227","0,00000183978232229185","0,00000288451730679901","0,00000015722108352338","0,00000001222030499732","0,00000337440152799316","0,00000253751833269535","0,00000093330053202000","0,00000166624417046472","0,00000239845454047193","0,00000149063091271439","0,00000026648566684045","0,00000342697311242975","0,00000186472276939704"
"0,29361477805759306200","0,00000047175902363828","0,00000174609027221178","0,00000121766215587001","0,00000113555485814552","0,00000113187450434320","0,00000065727061568802","0,00000034981614259927","0,00000185428304441294","0,00000291181771466782","0,00000015856403159373","0,00000001223574171824","0,00000339784131379927","0,00000255873312082551","0,00000093914480501417","0,00000167655601366273","0,00000239877394938279","0,00000150172204341673","0,00000026872991871493","0,00000345067908889588","0,00000187655620402568"
"0,29561870069490764300","0,00000047540758330841","0,00000176052741006609","0,00000122919792234817","0,00000114701409135067","0,00000114341366894434","0,00000066292963797606","0,00000035327835109283","0,00000186877156043653","0,00000293909057495699","0,00000015990929033561","0,00000001225176493052","0,00000342122704599000","0,00000257993718960128","0,00000094498732939942","0,00000168684820978055","0,00000239909561046066","0,00000151278354702941","0,00000027098092165369","0,00000347429874388828","0,00000188834005412170"
"0,29762262333222228000","0,00000047905828582180","0,00000177494776841450","0,00000124072147847310","0,00000115848295449268","0,00000115497639117359","0,00000066858015387745","0,00000035675101863294","0,00000188324787036262","0,00000296633588766651","0,00000016125685974902","0,00000001226837463418","0,00000344455872456536","0,00000260113053902265","0,00000095082810517575","0,00000169712075881819","0,00000239941952370553","0,00000152381542355243","0,00000027323867565675","0,00000349783207740695","0,00000190007431968509"
"0,29962654596953691700","0,00000048271113117843","0,00000178935134725702","0,00000125223282424478","0,00000116996144757154","0,00000116656267103095","0,00000067422216339218","0,00000036023414521961","0,00000189771197419120","0,00000299355365279639","0,00000016260673983397","0,00000001228557082921","0,00000346783634952536","0,00000262231316908962","0,00000095666713234316","0,00000170737366077563","0,00000239974568911743","0,00000153481767298578","0,00000027550318072409","0,00000352127908945190","0,00000191175900071584"
"0,30163046860685155400","0,00000048638232316647","0,00000180371971099757","0,00000126373449081382","0,00000118144024453252","0,00000117814636691420","0,00000067986499743007","0,00000036371872097657","0,00000191214958328898","0,00000302070210047185","0,00000016395265982396","0,00000001230227549266","0,00000349103756107708","0,00000264347512345985","0,00000096249662346327","0,00000171761603468643","0,00000240007727848066","0,00000154579164546176","0,00000027777070260685","0,00000354463979927309","0,00000192340928285888"
"0,30363439124416619100","0,00000049008806557404","0,00000181803442404011","0,00000127522900933080","0,00000119291001932087","0,00000118970133722113","0,00000068551798690094","0,00000036719573602753","0,00000192654640902264","0,00000304773946081812","0,00000016528834895251","0,00000001231741060160","0,00000351413999942765","0,00000266460644579098","0,00000096830879109767","0,00000172785699958412","0,00000240041746357956","0,00000155673869111267","0,00000028003750705619","0,00000356791422612047","0,00000193504035175912"
"0,30563831388148082800","0,00000049382835840114","0,00000183229548638462","0,00000128671637979573","0,00000120437077193657","0,00000120122758195173","0,00000069118113180479","0,00000037066519037249","0,00000194090245139220","0,00000307466573383521","0,00000016661380721961","0,00000001233097615601","0,00000353714366457705","0,00000268570713608301","0,00000097410363524637","0,00000173809655546872","0,00000240076624441413","0,00000156765880993850","0,00000028230359407210","0,00000359110236999406","0,00000194665220741655"
"0,30764223651879546400","0,00000049760320164779","0,00000184650289803112","0,00000129819660220861","0,00000121582250237963","0,00000121272510110601","0,00000069685443214161","0,00000037412708401147","0,00000195521771039765","0,00000310148091952311","0,00000016792903462526","0,00000001234297215590","0,00000356004855652530","0,00000270677719433594","0,00000097988115590937","0,00000174833470234022","0,00000240112362098438","0,00000157855200193926","0,00000028456896365458","0,00000361420423089384","0,00000195824484983117"
"0,30964615915611010100","0,00000050141259531397","0,00000186065665897959","0,00000130966967656944","0,00000122726521065005","0,00000122419389468395","0,00000070253788791141","0,00000037758141694445","0,00000196949218603899","0,00000312818501788181","0,00000016923403116947","0,00000001235339860127","0,00000358285467527238","0,00000272781662054978","0,00000098564135308667","0,00000175857144019863","0,00000240148959329029","0,00000158941826711494","0,00000028683361580362","0,00000363721980881983","0,00000196981827900299"
"0,31165008179342468200","0,00000050525653939969","0,00000187475676923005","0,00000132113560287821","0,00000123869889674783","0,00000123563396268557","0,00000070823149911418","0,00000038102818917144","0,00000198372587831623","0,00000315477802891133","0,00000017052879685224","0,00000001236225549212","0,00000360556202081830","0,00000274882541472451","0,00000099138422677826","0,00000176880676904393","0,00000240186416133187","0,00000160025760546555","0,00000028909755051924","0,00000366014910377202","0,00000198137249493201"
"0,31365400443073931900","0,00000050913503390494","0,00000188880322878249","0,00000133259438113493","0,00000125012356067298","0,00000124704530511086","0,00000071393526574994","0,00000038446740069243","0,00000199791878722935","0,00000318125995261167","0,00000017181333167355","0,00000001236954282845","0,00000362817059316306","0,00000276980357686014","0,00000099710977698416","0,00000177904068887613","0,00000240224732510913","0,00000161107001699108","0,00000029136076780142","0,00000368299211575040","0,00000199290749761822"
"0,31565792706805395600","0,00000051304807882974","0,00000190279603763691","0,00000134404601133960","0,00000126153920242548","0,00000125842792195982","0,00000071964918781867","0,00000038789905150743","0,00000201207091277837","0,00000320763078898281","0,00000017308763563342","0,00000001237526061026","0,00000365068039230666","0,00000279075110695668","0,00000100281800370436","0,00000178927319969524","0,00000240263908462205","0,00000162185550169154","0,00000029362326765018","0,00000370574884475499","0,00000200442328706162"
"0,31766184970536859300","0,00000051699567417407","0,00000191673519579330","0,00000135549049349221","0,00000127294582200534","0,00000126978181323245","0,00000072537326532037","0,00000039132314161644","0,00000202618225496328","0,00000323389053802476","0,00000017435170873185","0,00000001237940883755","0,00000367309141824909","0,00000281166800501411","0,00000100850890693885","0,00000179950430150125","0,00000240303943987064","0,00000163261405956692","0,00000029588505006550","0,00000372841929078578","0,00000201591986326222"
"0,31966577234268323000","0,00000052097781993794","0,00000193062070325168","0,00000136692782759277","0,00000128434341941257","0,00000128110697892876","0,00000073110749825506","0,00000039473967101946","0,00000204025281378408","0,00000326003919973753","0,00000017560555096883","0,00000001238198751032","0,00000369540367099037","0,00000283255427103245","0,00000101418248668764","0,00000180973399429415","0,00000240344839085491","0,00000164334569061723","0,00000029814611504739","0,00000375100345384277","0,00000202739722622001"
"0,32166969497999786700","0,00000052499451612134","0,00000194445256001204","0,00000137835801364128","0,00000129573199464715","0,00000129240341904873","0,00000073685188662272","0,00000039814863971648","0,00000205428258924077","0,00000328607677412111","0,00000017684916234436","0,00000001238299662857","0,00000371761715053048","0,00000285340990501168","0,00000101983874295073","0,00000181996227807396","0,00000240386593757484","0,00000165405039484247","0,00000030040646259585","0,00000377350133392596","0,00000203885537593500"
"0,32367361761731250300","0,00000052904576272429","0,00000195823076607438","0,00000138978105163774","0,00000130711154770910","0,00000130367113359238","0,00000074260643042336","0,00000040155004770751","0,00000206827158133336","0,00000331200326117550","0,00000017808254285845","0,00000001238243619230","0,00000373973185686944","0,00000287423490695182","0,00000102547767572812","0,00000183018915284067","0,00000240429208003044","0,00000166472817224263","0,00000030266609271089","0,00000379591293103535","0,00000205029431240718"
"0,32567754025462714000","0,00000053313155974677","0,00000197195532143870","0,00000140119694158214","0,00000131848207859841","0,00000131491012255971","0,00000074837112965697","0,00000040494389499254","0,00000208221979006183","0,00000333781866090070","0,00000017930569251109","0,00000001238030620151","0,00000376174779000723","0,00000289502927685286","0,00000103109928501981","0,00000184041461859428","0,00000240472681822172","0,00000167537902281771","0,00000030492500539249","0,00000381823824517094","0,00000206171403563655"
"0,32768146289194172200","0,00000053725190718878","0,00000198562622610500","0,00000141260568347449","0,00000132984358731507","0,00000132612038595070","0,00000075414598432356","0,00000040833018157158","0,00000209612721542620","0,00000336352297329671","0,00000018051861130229","0,00000001237660665620","0,00000378366494994386","0,00000291579301471479","0,00000103670357082579","0,00000185063867533480","0,00000240517015214866","0,00000168600294656772","0,00000030718320064066","0,00000384047727633273","0,00000207311454562313"
"0,32968538552925635800","0,00000054140680505034","0,00000199924348007328","0,00000142400727731479","0,00000134119607385910","0,00000133730192376537","0,00000075993099442313","0,00000041170890744463","0,00000210999385742646","0,00000338911619836354","0,00000018172129923204","0,00000001237133755637","0,00000380548333667933","0,00000293652612053763","0,00000104229053314608","0,00000186086132306221","0,00000240562208181128","0,00000169659994349266","0,00000030944067845540","0,00000386263002452072","0,00000208449584236689"
"0,33168930816657099500","0,00000054559625333143","0,00000201280708334354","0,00000143540172310303","0,00000135253953823049","0,00000134845473600371","0,00000076572615995567","0,00000041508007261169","0,00000212381971606262","0,00000341459833610117","0,00000018291375630035","0,00000001236449890202","0,00000382720295021364","0,00000295722859432137","0,00000104786017198066","0,00000187108256177652","0,00000240608260720956","0,00000170717001359252","0,00000031169743883670","0,00000388469648973491","0,00000209585792586785"
"0,33369323080388563200","0,00000054982025203206","0,00000202631703591578","0,00000144678902083922","0,00000136387398042924","0,00000135957882266572","0,00000077153148092119","0,00000041844367707275","0,00000213760479133466","0,00000343996938650962","0,00000018409598250720","0,00000001235609069315","0,00000384882379054679","0,00000297790043606601","0,00000105341248732955","0,00000188130239147774","0,00000240655172834352","0,00000171771315686731","0,00000031395348178458","0,00000390667667197530","0,00000210720079612601"
"0,33569715344120026900","0,00000055407880115223","0,00000203977333779001","0,00000145816917052336","0,00000137519940045534","0,00000137067418375140","0,00000077734695731969","0,00000042179972082782","0,00000215134908324259","0,00000346522934958888","0,00000018526797785262","0,00000001234611292976","0,00000387034585767877","0,00000299854164577155","0,00000105894747919273","0,00000189152081216586","0,00000240702944521314","0,00000172822937331702","0,00000031620880729903","0,00000392857057124189","0,00000211852445314136"
"0,33770107607851490600","0,00000055837190069194","0,00000205317598896621","0,00000146954217215545","0,00000138651579830881","0,00000138174081926076","0,00000078317258915117","0,00000042514820387689","0,00000216505259178642","0,00000349037822533895","0,00000018642974233658","0,00000001233456561184","0,00000389176915160960","0,00000301915222343799","0,00000106446514757021","0,00000190173782384087","0,00000240751575781843","0,00000173871866294165","0,00000031846341538004","0,00000395037818753468","0,00000212982889691390"
"0,33970499871582954200","0,00000056269955065118","0,00000206652498944439","0,00000148090802573548","0,00000139782317398964","0,00000139277872919378","0,00000078900837641562","0,00000042848912621998","0,00000217871531696614","0,00000351541601375983","0,00000018758127595910","0,00000001232144873941","0,00000391309367233926","0,00000303973216906533","0,00000106996549246199","0,00000191195342650279","0,00000240801066615940","0,00000174918102574122","0,00000032071730602763","0,00000397209952085368","0,00000214111412744364"
"0,34170892135314412400","0,00000056706175102996","0,00000207982033922455","0,00000149226673126346","0,00000140912152749783","0,00000140378791355048","0,00000079485431911305","0,00000043182248785707","0,00000219233725878175","0,00000354034271485153","0,00000018872257872018","0,00000001230676231246","0,00000393431941986776","0,00000306028148265358","0,00000107544851386806","0,00000192216762015161","0,00000240851417023603","0,00000175961646171570","0,00000032297047924179","0,00000399373457119887","0,00000215238014473057"
"0,34371284399045876100","0,00000057145850182828","0,00000209306203830670","0,00000150361828873938","0,00000142041085883339","0,00000141476837233086","0,00000080071041724345","0,00000043514828878816","0,00000220591841723326","0,00000356515832861403","0,00000018985365061981","0,00000001229050633099","0,00000395544639419511","0,00000308080016420272","0,00000108091421178844","0,00000193238040478733","0,00000240902627004834","0,00000177002497086512","0,00000032522293502251","0,00000401528333857026","0,00000216362694877470"
"0,34571676662777339700","0,00000057588980304613","0,00000210625008669082","0,00000151496269816326","0,00000143169116799630","0,00000142572010553490","0,00000080657667080683","0,00000043846652901327","0,00000221945879232065","0,00000358986285504735","0,00000019097449165799","0,00000001227268079499","0,00000397647459532129","0,00000310128821371276","0,00000108636258622311","0,00000194259178040996","0,00000240954696559631","0,00000178040655318945","0,00000032747467336980","0,00000403674582296786","0,00000217485453957602"
"0,34772068926508803400","0,00000058035565468352","0,00000211938448437693","0,00000152629995953508","0,00000144296245498657","0,00000143664311316262","0,00000081245307980319","0,00000044177720853238","0,00000223295838404394","0,00000361445629415148","0,00000019208510183473","0,00000001225328570448","0,00000399740402324631","0,00000312174563118371","0,00000109179363717209","0,00000195280174701948","0,00000241007625687996","0,00000179076120868872","0,00000032972569428367","0,00000405812202439165","0,00000218606291713454"
"0,34972461190240267100","0,00000058485605674045","0,00000213246523136501","0,00000153763007285485","0,00000145422471980420","0,00000144753739521401","0,00000081833964423253","0,00000044508032734549","0,00000224641719240312","0,00000363893864592642","0,00000019318548115002","0,00000001223232105945","0,00000401823467797016","0,00000314217241661555","0,00000109720736463536","0,00000196301030461591","0,00000241061414389927","0,00000180108893736291","0,00000033197599776410","0,00000407941194284165","0,00000219725208145025"
"0,35172853453971730800","0,00000058935422978980","0,00000214550085658971","0,00000154895432461175","0,00000146545902492588","0,00000145841151059656","0,00000082422050435850","0,00000044837305973145","0,00000225985525117815","0,00000366329256814380","0,00000019428729130581","0,00000001221106134752","0,00000403898497424648","0,00000316257819615967","0,00000110261105861897","0,00000197318074174850","0,00000241115889488155","0,00000181139361684893","0,00000033423568579695","0,00000410062924203025","0,00000220842142448767"
"0,35373245717703194500","0,00000059381339440444","0,00000215849988898565","0,00000156027400129496","0,00000147664643282830","0,00000146927401821778","0,00000083007980044477","0,00000045165257996907","0,00000227329259414898","0,00000368750071857525","0,00000019540219400405","0,00000001219078105631","0,00000405967332682889","0,00000318297259596742","0,00000110801200912895","0,00000198327634696652","0,00000241170877805409","0,00000182167912478369","0,00000033651486036806","0,00000412178758566985","0,00000221957033821129"
"0,35573637981434658200","0,00000059823355058438","0,00000217146232855283","0,00000157158910290450","0,00000148778694351146","0,00000148012491807766","0,00000083591753249135","0,00000045491888805837","0,00000228672922131561","0,00000371156309722076","0,00000019653018924473","0,00000001217148018582","0,00000408029973571738","0,00000320335561603882","0,00000111341021616531","0,00000199329712026998","0,00000241226379341689","0,00000183194546116720","0,00000033881352147745","0,00000414288697376046","0,00000223069882262112"
"0,35774030245166116300","0,00000060261469832961","0,00000218438817529125","0,00000158289962944035","0,00000149888055697535","0,00000149096421017620","0,00000084173370049822","0,00000045817198399933","0,00000230016513267806","0,00000373547970408034","0,00000019767127702786","0,00000001215315873606","0,00000410086420091195","0,00000322372725637386","0,00000111880567972804","0,00000200324306165887","0,00000241282394096995","0,00000184219262599944","0,00000034113166912510","0,00000416392740630208","0,00000224180687771716"
"0,35974422508897580000","0,00000060695683764015","0,00000219727742920091","0,00000159420558090252","0,00000150992727321997","0,00000150179189451340","0,00000084752830446539","0,00000046141186779196","0,00000231360032823630","0,00000375925053915399","0,00000019882545735343","0,00000001213581670703","0,00000412136672241261","0,00000324408751697254","0,00000112419839981714","0,00000201311417113320","0,00000241338922071327","0,00000185242061928043","0,00000034346930331101","0,00000418490888329471","0,00000225289450349941"
"0,36174814772629043600","0,00000061125996851597","0,00000221013009028182","0,00000160550695729100","0,00000152092709224534","0,00000151260797108927","0,00000085330134439286","0,00000046463853943626","0,00000232703480799035","0,00000378287560244171","0,00000019999273022144","0,00000001211945409871","0,00000414180730021935","0,00000326443639783486","0,00000112958837643262","0,00000202291044869295","0,00000241395963264684","0,00000186262944101016","0,00000034582642403519","0,00000420583140473835","0,00000226396169996787"
"0,36375207036360507300","0,00000061552409095709","0,00000222294615853396","0,00000161680375860581","0,00000153188001405144","0,00000152341243990380","0,00000085905282028063","0,00000046785199893223","0,00000234046857194021","0,00000380635489394349","0,00000020117309563190","0,00000001210407091112","0,00000416218593433217","0,00000328477389896082","0,00000113497560957447","0,00000203263189433814","0,00000241453517677067","0,00000187281909118862","0,00000034820303129764","0,00000422669497063299","0,00000227500846712254"
"0,36575599300091971000","0,00000061974920496351","0,00000223572563395735","0,00000162809598484692","0,00000154278603863827","0,00000153420530095698","0,00000086478273212870","0,00000047105224627987","0,00000235390162008587","0,00000382968841365934","0,00000020236655358480","0,00000001208966714426","0,00000418250262475108","0,00000330510002035042","0,00000114036009924269","0,00000204227850806877","0,00000241511585308477","0,00000188298956981583","0,00000035059912509835","0,00000424749958097864","0,00000228603480496342"
"0,36775991563823434700","0,00000062393531053523","0,00000224846851655198","0,00000163938363601436","0,00000155364516600585","0,00000154498655424883","0,00000087049107993707","0,00000047423928147917","0,00000236733395242734","0,00000385287616158926","0,00000020357310408015","0,00000001207624279811","0,00000420275737147608","0,00000332541476200366","0,00000114574184543729","0,00000205185028988482","0,00000241570166158912","0,00000189314087689179","0,00000035301470543733","0,00000426824523577529","0,00000229704071349050"
"0,36976383827554898400","0,00000062808240767224","0,00000226117480631785","0,00000165066671210812","0,00000156445739615416","0,00000155575619977935","0,00000087617786370574","0,00000047741310453015","0,00000238076556896461","0,00000387591813773325","0,00000020479274711795","0,00000001206379787269","0,00000422295017450716","0,00000334571812392055","0,00000115112084815826","0,00000206134723978631","0,00000241629260228373","0,00000190327301241648","0,00000035544977231457","0,00000428893193502295","0,00000230802619270380"
"0,37176776091286356500","0,00000063219049637455","0,00000227384450325497","0,00000166194521312819","0,00000157522272908320","0,00000156651423754852","0,00000088184308343471","0,00000048057371543279","0,00000239419646969768","0,00000389881434209130","0,00000020602548269819","0,00000001205233236800","0,00000424308103384432","0,00000336601010610107","0,00000115649710740561","0,00000207076935777324","0,00000241688867516860","0,00000191338597638991","0,00000035790432573008","0,00000430955967872162","0,00000231899124260331"
"0,37377168355017820200","0,00000063625957664215","0,00000228647760736332","0,00000167321913907457","0,00000158594116479298","0,00000157726066755635","0,00000088748673912398","0,00000048372111418711","0,00000240762665462656","0,00000392156477466342","0,00000020727131082087","0,00000001204184628403","0,00000426314994948757","0,00000338629070854523","0,00000116187062317933","0,00000208011664384559","0,00000241748988024373","0,00000192347976881209","0,00000036037836568386","0,00000433012846687130","0,00000232993586318902"
"0,37577560618749283900","0,00000064028964847505","0,00000229907411864292","0,00000168448848994728","0,00000159661270328350","0,00000158799548980285","0,00000089310883077354","0,00000048685530079309","0,00000242105612375125","0,00000394416943544960","0,00000020853023148600","0,00000001203233962078","0,00000428315692143690","0,00000340655993125304","0,00000116724139547942","0,00000208938909800338","0,00000241809621750912","0,00000193355438968301","0,00000036287189217590","0,00000435063829947198","0,00000234086005446094"
"0,37777952882480747600","0,00000064428071187325","0,00000231163403709376","0,00000169575326574630","0,00000160723734455476","0,00000159871870428801","0,00000089870935838341","0,00000048997627525074","0,00000243448487707174","0,00000396662832444986","0,00000020980224469357","0,00000001202381237826","0,00000430310194969232","0,00000342681777422449","0,00000117260942430589","0,00000209858672024660","0,00000241870768696477","0,00000194360983900266","0,00000036538490520621","0,00000437108917652368","0,00000235176381641908"
"0,37978345146212211200","0,00000064823276683674","0,00000232415736271584","0,00000170701346647164","0,00000161781508860675","0,00000160943031101183","0,00000090428832195358","0,00000049308403756006","0,00000244791291458803","0,00000398894144166418","0,00000021108735044359","0,00000001201626455645","0,00000432298503425382","0,00000344706423745957","0,00000117797470965873","0,00000210770951057525","0,00000241932428861068","0,00000195364611677106","0,00000036791740477479","0,00000439148109802637","0,00000236264714906342"
"0,38178737409943674900","0,00000065214581336552","0,00000233664409550917","0,00000171826909212329","0,00000162834593543948","0,00000162013030997431","0,00000090984572148405","0,00000049617858772105","0,00000246134023630013","0,00000401110878709256","0,00000021238554873605","0,00000001200969615538","0,00000434280617512141","0,00000346729932095830","0,00000118333725153794","0,00000211675746898934","0,00000241994602244684","0,00000196366322298820","0,00000037046939088163","0,00000441181406398008","0,00000237351005239397"
"0,38379129673675138600","0,00000065601985145961","0,00000234909423547373","0,00000172952014270127","0,00000163882988505294","0,00000163081870117546","0,00000091538155697481","0,00000049925992573371","0,00000247476684220804","0,00000403313036073502","0,00000021369683957096","0,00000001200410717502","0,00000436256537229507","0,00000348752302472067","0,00000118869704994353","0,00000212573059548886","0,00000242057288847327","0,00000197366115765408","0,00000037304086352674","0,00000443208807438479","0,00000238435252641073"
"0,38579521937406602300","0,00000065985488111899","0,00000236150778260954","0,00000174076661820556","0,00000164926693744714","0,00000164149548461526","0,00000092089582842588","0,00000050232805159804","0,00000248819273231175","0,00000405500616259154","0,00000021502122294831","0,00000001199949761540","0,00000438226262577483","0,00000350773534874668","0,00000119405410487549","0,00000213462889007382","0,00000242120488668995","0,00000198363992076871","0,00000037563182271011","0,00000445230312924051","0,00000239517457111369"
"0,38779914201138060400","0,00000066365090234366","0,00000237388473691659","0,00000175200851863616","0,00000165965709262208","0,00000165216066029373","0,00000092638853583724","0,00000050538296531404","0,00000250161790661126","0,00000407673619266213","0,00000021635869886811","0,00000001199586747649","0,00000440189793556067","0,00000352793629303633","0,00000119940841633383","0,00000214345235274420","0,00000242184201709689","0,00000199359951233207","0,00000037824226843175","0,00000447245922854724","0,00000240597618650287"
"0,38980306464869524100","0,00000066740791513364","0,00000238622509839488","0,00000176324584399309","0,00000167000035057776","0,00000166281422821086","0,00000093185967920891","0,00000050842466688171","0,00000251504236510658","0,00000409832045094679","0,00000021770926733035","0,00000001199321675831","0,00000442147130165259","0,00000354812585758962","0,00000120475998431854","0,00000215220098350002","0,00000242248427969409","0,00000200353993234417","0,00000038087220069166","0,00000449255637230497","0,00000241675737257826"
"0,39180698728600987800","0,00000067112591948890","0,00000239852886704441","0,00000177447859427633","0,00000168029671131417","0,00000167345618836665","0,00000093730925854087","0,00000051145315630104","0,00000252846610779770","0,00000411975893744551","0,00000021907292833504","0,00000001199154546085","0,00000444098272405060","0,00000356830404240655","0,00000121010880882962","0,00000216087478234127","0,00000242313167448156","0,00000201346118080502","0,00000038352161948983","0,00000451259456051371","0,00000242751812933986"
"0,39381090992332451500","0,00000067480491540947","0,00000241079604286518","0,00000178570676948589","0,00000169054617483131","0,00000168408654076110","0,00000094273727383313","0,00000051446843357205","0,00000254188913468463","0,00000414105165215830","0,00000022044968188217","0,00000001199085358411","0,00000446043220275469","0,00000358847084748712","0,00000121545488986708","0,00000216947374926796","0,00000242378420145928","0,00000202336325771461","0,00000038619052482627","0,00000453257379317346","0,00000243825845678766"
"0,39581483256063915100","0,00000067844490289533","0,00000242302662585720","0,00000179693036962176","0,00000170074874112920","0,00000169470528539422","0,00000094814372508570","0,00000051747049869472","0,00000255531144576736","0,00000416219859508516","0,00000022183952797174","0,00000001199114112810","0,00000447981973776487","0,00000360862627283134","0,00000122079822743091","0,00000217799788428008","0,00000242444186062725","0,00000203324616307294","0,00000038887891670097","0,00000455249407028422","0,00000244897835492167"
"0,39781875519795378800","0,00000068204588194649","0,00000243522061602045","0,00000180814939468396","0,00000171090441020782","0,00000170531242226599","0,00000095352861229856","0,00000052045935166906","0,00000256873304104590","0,00000418319976622608","0,00000022324246660376","0,00000001199240809281","0,00000449914532908113","0,00000362877031843919","0,00000122613882152111","0,00000218644718737763","0,00000242510465198549","0,00000204310989688001","0,00000039158679511394","0,00000457235539184598","0,00000245967782374190"
"0,39982267783526842500","0,00000068560785256294","0,00000244737801335495","0,00000181936384467246","0,00000172101318206717","0,00000171590795137643","0,00000095889193547172","0,00000052343499249507","0,00000258215392052024","0,00000420405516558108","0,00000022465849777823","0,00000001199465447825","0,00000451840897670347","0,00000364890298431069","0,00000123147667213769","0,00000219482165856061","0,00000242577257553399","0,00000205295445913582","0,00000039431416006518","0,00000459215775785875","0,00000247035686324833"
"0,40182660047258300600","0,00000068915980665922","0,00000245949158991787","0,00000183056040755299","0,00000173109298078465","0,00000172647737099013","0,00000096424328229795","0,00000052640138811407","0,00000259555328227845","0,00000422477097451538","0,00000022607500250541","0,00000001199730784165","0,00000453760206723280","0,00000366900889758185","0,00000123680745697537","0,00000220316736517950","0,00000242644859161990","0,00000206277224577019","0,00000039704031105195","0,00000461188149574701","0,00000248100555568283"
"0,40383052310989764300","0,00000069273073614986","0,00000247155411776637","0,00000184172577129124","0,00000174116173043765","0,00000173700617937169","0,00000096959224047000","0,00000052936250546735","0,00000260891032440857","0,00000424535337439426","0,00000022747936179558","0,00000001199979574027","0,00000455671598727000","0,00000368907268538873","0,00000124212685372886","0,00000221153037458475","0,00000242713566059036","0,00000207255565271293","0,00000039974454757153","0,00000463150693293524","0,00000249161398328727"
"0,40583444574721228000","0,00000069632064103485","0,00000248356559690047","0,00000185285993588721","0,00000175121943102615","0,00000174749437652110","0,00000097493880998787","0,00000053231834455494","0,00000262222504691060","0,00000426580236521769","0,00000022887157564873","0,00000001200211817410","0,00000457575073681508","0,00000370909434773131","0,00000124743486239818","0,00000221991068677637","0,00000242783378244538","0,00000208230467996404","0,00000040242686962390","0,00000465103406942345","0,00000250218214606164"
"0,40783836838452691700","0,00000069992952131421","0,00000249552602732016","0,00000186396290134090","0,00000176126608255016","0,00000175794196243838","0,00000098028299085157","0,00000053526890537682","0,00000263549744978455","0,00000428611794698569","0,00000023025164406487","0,00000001200427514314","0,00000459470631586803","0,00000372907388460960","0,00000125273148298332","0,00000222830830175435","0,00000242854295718496","0,00000209201932752353","0,00000040508727720909","0,00000467046290521163","0,00000251271004400595"
"0,40984229102184155400","0,00000070355737698792","0,00000250743540902544","0,00000187503466765231","0,00000177130168500969","0,00000176834893712351","0,00000098562478306109","0,00000053821418793299","0,00000264872753303042","0,00000430630011969825","0,00000023161956704399","0,00000001200626664739","0,00000461358272442886","0,00000374901129602360","0,00000125801671548428","0,00000223672321951870","0,00000242926318480910","0,00000210169959539139","0,00000040772577032707","0,00000468979344029979","0,00000252319767712019"
"0,41184621365915619100","0,00000070720420805599","0,00000251929374201631","0,00000188607523482144","0,00000178132623840473","0,00000177871530057650","0,00000099096418661644","0,00000054115419222346","0,00000266191529664820","0,00000432634888335538","0,00000023297534458610","0,00000001200809268686","0,00000463237996249757","0,00000376890658197330","0,00000126329055990105","0,00000224515544006941","0,00000242999446531779","0,00000211134548356762","0,00000041034234897786","0,00000470902567468792","0,00000253364504540436"
"0,41385013629647082700","0,00000071087001451842","0,00000253110102629277","0,00000189708460284829","0,00000179133974273528","0,00000178904105279734","0,00000099630120151762","0,00000054408891824822","0,00000267506074063791","0,00000434626423795707","0,00000023431897669120","0,00000001200975326153","0,00000465109803007416","0,00000378875974245871","0,00000126855301623365","0,00000225360496340649","0,00000243073679871105","0,00000212095699205223","0,00000041293701316145","0,00000472815960837602","0,00000254405214885846"
"0,41585405893378546400","0,00000071455479637521","0,00000254285726185482","0,00000190806277173286","0,00000180134219800134","0,00000179932619378605","0,00000100163582776462","0,00000054701836600728","0,00000268816386499952","0,00000436604618350332","0,00000023565046335928","0,00000001201124837142","0,00000466973692715862","0,00000380857077747983","0,00000127380408448207","0,00000226207178952994","0,00000243149018498886","0,00000213053412084521","0,00000041550976287784","0,00000474719524136410","0,00000255441898748250"
"0,41785798157110004600","0,00000071825855362635","0,00000255456244870247","0,00000191900974147516","0,00000181133360420291","0,00000180957072354261","0,00000100696806535745","0,00000054994253550064","0,00000270122466973306","0,00000438569471999414","0,00000023696980459035","0,00000001201257801652","0,00000468829665375095","0,00000382833968703666","0,00000127904376464631","0,00000227055591843976","0,00000243225462415123","0,00000214007686994657","0,00000041806059812703","0,00000476613257365215","0,00000256474556127647"
"0,41986190420841468200","0,00000072198128627186","0,00000256621658683570","0,00000192992551207517","0,00000182131396133999","0,00000181977464206704","0,00000101229791429610","0,00000055286142672829","0,00000271424315483850","0,00000440520984742952","0,00000023827700038440","0,00000001201374219684","0,00000470677720985117","0,00000384806647112919","0,00000128427205672638","0,00000227905735013594","0,00000243303011619816","0,00000214958523935629","0,00000042058951890903","0,00000478497160524017","0,00000257503187024038"
"0,42186582684572931900","0,00000072572299431172","0,00000257781967625453","0,00000194081008353290","0,00000183128326941259","0,00000182993794935932","0,00000101762537458057","0,00000055577503969023","0,00000272721932031587","0,00000442459156580946","0,00000023957205074144","0,00000001201474091236","0,00000472517859545926","0,00000386775112975743","0,00000128948896072226","0,00000228757608461848","0,00000243381666112964","0,00000215905922907439","0,00000042309652522384","0,00000480371233612817","0,00000258527791437422"
"0,42386974948304395600","0,00000072948367774594","0,00000258937171695894","0,00000195166345584836","0,00000184124152842069","0,00000184006064541946","0,00000102295044621087","0,00000055868337438647","0,00000274015316616515","0,00000444383987513397","0,00000024085495566147","0,00000001201557416310","0,00000474350081057523","0,00000388739366292137","0,00000129469447663396","0,00000229611212188740","0,00000243461425894569","0,00000216849883910086","0,00000042558161707144","0,00000482235476631614","0,00000259548369367799"
"0,42587367212035859300","0,00000073326333657452","0,00000260087270894895","0,00000196248562902153","0,00000185118873836431","0,00000185014273024746","0,00000102827312918700","0,00000056158643081701","0,00000275304469238635","0,00000446295477540304","0,00000024212571514448","0,00000001201624194905","0,00000476174385519907","0,00000390699407062103","0,00000129988860446148","0,00000230466546194268","0,00000243542290964629","0,00000217790406943571","0,00000042804479445185","0,00000484089889580409","0,00000260564920815170"
"0,42787759475767323000","0,00000073706197079746","0,00000261232265222455","0,00000197327660305242","0,00000186112489924344","0,00000186018420384331","0,00000103359342350895","0,00000056448420898184","0,00000276589389897946","0,00000448193626661668","0,00000024338432919048","0,00000001201674427021","0,00000477990772933079","0,00000392655235285639","0,00000130507134420483","0,00000231323610478432","0,00000243624261323145","0,00000218727492007893","0,00000043048605736506","0,00000485934472459201","0,00000261577445779534"
"0,42988151739498786600","0,00000074087958041475","0,00000262372154678574","0,00000198403637794104","0,00000187105001105808","0,00000187018506620703","0,00000103891132917672","0,00000056737670888096","0,00000277870078594449","0,00000450078434877487","0,00000024463079779946","0,00000001201708112659","0,00000479799243297039","0,00000394606850962746","0,00000131024269586399","0,00000232182405041233","0,00000243707336970117","0,00000219661139103052","0,00000043290540581108","0,00000487769225267990","0,00000262585944260892"
"0,43188544003230244800","0,00000074471616542641","0,00000263506939263252","0,00000199476495368738","0,00000188096407380823","0,00000188014531733860","0,00000104422684619033","0,00000057026393051438","0,00000279146535328144","0,00000451949902187764","0,00000024586512097143","0,00000001201725251817","0,00000481599796611786","0,00000396554254093423","0,00000131540265943898","0,00000233042929882671","0,00000243791517905544","0,00000220591348229049","0,00000043530283978989","0,00000489594148006777","0,00000263590416259243"
"0,43388936266961708500","0,00000074857172583242","0,00000264636618976489","0,00000200546233029143","0,00000189086708749389","0,00000189006495723803","0,00000104953997454975","0,00000057314587388210","0,00000280418760099030","0,00000453808028592496","0,00000024708729870639","0,00000001201725844497","0,00000483392432877321","0,00000398497444677671","0,00000132055123492979","0,00000233905185002745","0,00000243876804129427","0,00000221518119385883","0,00000043767835930151","0,00000491409240675561","0,00000264590861774587"
"0,43589328530693172100","0,00000075244626163279","0,00000265761193818286","0,00000201612850775321","0,00000190075905211507","0,00000189994398590532","0,00000105485071425500","0,00000057602253898411","0,00000281686752907108","0,00000455652814091685","0,00000024829733100433","0,00000001201709890698","0,00000485177152093644","0,00000400436422715490","0,00000132568842233641","0,00000234769170401457","0,00000243963195641767","0,00000222441452573554","0,00000044003196434594","0,00000493214503274343","0,00000265587280806924"
"0,43789720794424635800","0,00000075633977282752","0,00000266880663788641","0,00000202676348607271","0,00000191063996767175","0,00000190978240334047","0,00000106015906530608","0,00000057889392582042","0,00000282950513752378","0,00000457484258685331","0,00000024949521786525","0,00000001201677390421","0,00000486953954260754","0,00000402371188206879","0,00000133081422165886","0,00000235634886078804","0,00000244050692442561","0,00000223361347792062","0,00000044236365492317","0,00000495009935803121","0,00000266579673356255"
"0,43990113058156099500","0,00000076025225941661","0,00000267995028887555","0,00000203736726524992","0,00000192050983416395","0,00000191958020954347","0,00000106546502770298","0,00000058176003439102","0,00000284210042634839","0,00000459302362373432","0,00000025068095928917","0,00000001201628343664","0,00000488722839378652","0,00000404301741151840","0,00000133592863289713","0,00000236502332034789","0,00000244139294531812","0,00000224277805041408","0,00000044467343103320","0,00000496795538261898","0,00000267568039422580"
"0,44190505321887563200","0,00000076418372140005","0,00000269104289115029","0,00000204793984528486","0,00000193036865159166","0,00000192933740451434","0,00000107076860144571","0,00000058462086469591","0,00000285465339554492","0,00000461107125155990","0,00000025185455527607","0,00000001201562750429","0,00000490483807447338","0,00000406228081550371","0,00000134103165605122","0,00000237371508269409","0,00000244229001909519","0,00000225190824321591","0,00000044696129267603","0,00000498571310650671","0,00000268552379005897"
"0,44390897585619026900","0,00000076813415877786","0,00000270208444471062","0,00000205848122617752","0,00000194021641995488","0,00000193905398825306","0,00000107606978653426","0,00000058747641673510","0,00000286716404511336","0,00000462898547033005","0,00000025301600582595","0,00000001201480610715","0,00000492236858466811","0,00000408150209402472","0,00000134612329112113","0,00000238242414782667","0,00000244319814575681","0,00000226100405632612","0,00000044922723985167","0,00000500337252969442","0,00000269532692106208"
"0,44591289849350490600","0,00000077210357155002","0,00000271307494955653","0,00000206899140792790","0,00000195005313925361","0,00000194872996075964","0,00000108136858296864","0,00000059032669050859","0,00000287963237505372","0,00000464676628004475","0,00000025416531093882","0,00000001201381924522","0,00000493981992437072","0,00000410068124708145","0,00000135120353810686","0,00000239115051574561","0,00000244411732530299","0,00000227006548974469","0,00000045147127256010","0,00000502093365218211","0,00000270508978723512"
"0,44791682113081948700","0,00000077609195971654","0,00000272401440568804","0,00000207947039053600","0,00000195987880948786","0,00000195836532203408","0,00000108666499074884","0,00000059317168601637","0,00000289205838536600","0,00000466441368070403","0,00000025530247061468","0,00000001201266691851","0,00000495719209358120","0,00000411981827467388","0,00000135627239700841","0,00000239989418645092","0,00000244504755773373","0,00000227909254347164","0,00000045369339080135","0,00000503839647396977","0,00000271481238857810"
"0,44992074376813412400","0,00000078009932327742","0,00000273490281310514","0,00000208991817400182","0,00000196969343065761","0,00000196796007207637","0,00000109195900987487","0,00000059601140325845","0,00000290444207605019","0,00000468192767230786","0,00000025642748485352","0,00000001201134912700","0,00000497448509229957","0,00000413891317680201","0,00000136132986782578","0,00000240865515994259","0,00000244598884304903","0,00000228808521750697","0,00000045589359457539","0,00000505576099505740","0,00000272449472509101"
"0,45192466640544876000","0,00000078411819585735","0,00000274574943595938","0,00000210034277797027","0,00000197949403467135","0,00000197752411818452","0,00000109724082575686","0,00000059884664645603","0,00000291679313519063","0,00000469933292569369","0,00000025755605117883","0,00000001201007721595","0,00000499173307427412","0,00000415797632088702","0,00000136638763698763","0,00000241739044282487","0,00000244691794957908","0,00000229705539574576","0,00000045808274409388","0,00000507305831767806","0,00000273417042011058"
"0,45392858904276339700","0,00000078814111108105","0,00000275656353840231","0,00000211075222208624","0,00000198927765343755","0,00000198706736765651","0,00000110250062380494","0,00000060167821983032","0,00000292912125087164","0,00000471665411169895","0,00000025870386711407","0,00000001200906253059","0,00000500897019325318","0,00000417701807435005","0,00000137145739092262","0,00000242605704170199","0,00000244781164565407","0,00000230601496208310","0,00000046027169956844","0,00000509031954406479","0,00000274387309697351"
"0,45593251168007803400","0,00000079216806894851","0,00000276734512043393","0,00000212114650634975","0,00000199904428695621","0,00000199658982049233","0,00000110773840401913","0,00000060450612338132","0,00000294142642309323","0,00000473389123032364","0,00000025987093265926","0,00000001200830507091","0,00000502619644923674","0,00000419603843719110","0,00000137653912963075","0,00000243465495657395","0,00000244866993127400","0,00000231496391651900","0,00000046246046099907","0,00000510754467421760","0,00000275360275567982"
"0,45793643431739267100","0,00000079619906945973","0,00000277809418205425","0,00000213152563076079","0,00000200879393522732","0,00000200609147669199","0,00000111295416639941","0,00000060733035710903","0,00000295370865185539","0,00000475104428156775","0,00000026105724781438","0,00000001200780483693","0,00000504341184222481","0,00000421503740941017","0,00000138163285311202","0,00000244318418744075","0,00000244949280643888","0,00000232390225905346","0,00000046464902838579","0,00000512473370813649","0,00000276335939622949"
"0,45994035695470730800","0,00000080023411261470","0,00000278881072326325","0,00000214188959531936","0,00000201852659825090","0,00000201557233625550","0,00000111814791094579","0,00000061015092101345","0,00000296596793715813","0,00000476811326543130","0,00000026226281257944","0,00000001200756182863","0,00000506061637221738","0,00000423401499100727","0,00000138673856136643","0,00000245164473430239","0,00000245028027114871","0,00000233282998968647","0,00000046683740172857","0,00000514188664582146","0,00000277314301862254"
"0,46194427959202194500","0,00000080427319841344","0,00000279949474406094","0,00000215223840002545","0,00000202824227602693","0,00000202503239918284","0,00000112331963765827","0,00000061296781509457","0,00000297820427900144","0,00000478509818191427","0,00000026348762695444","0,00000001200757604603","0,00000507781003921445","0,00000425297118198239","0,00000139185625439397","0,00000246003659715886","0,00000245103232540347","0,00000234174710841803","0,00000046902558102744","0,00000515900348727251","0,00000278295362285896"
"0,46394820222933652600","0,00000080831632685593","0,00000281014624444732","0,00000216257204487908","0,00000203794096855542","0,00000203447166547402","0,00000112846934653685","0,00000061578103935241","0,00000299041767738533","0,00000480199903101667","0,00000026473169093938","0,00000001200784748911","0,00000509499284321603","0,00000427190598233554","0,00000139698593219466","0,00000246835977601019","0,00000245174896920318","0,00000235065361524816","0,00000047121356628238","0,00000517608423248963","0,00000279279120893876"
"0,46595212486665116300","0,00000081236349794219","0,00000282076522442240","0,00000217289052988024","0,00000204762267583638","0,00000204389013512904","0,00000113359703758153","0,00000061859059378696","0,00000300260813230979","0,00000481881581273850","0,00000026599500453426","0,00000001200837615788","0,00000511216478422212","0,00000429081939206671","0,00000140212759476848","0,00000247661427085635","0,00000245243020254784","0,00000235954951017683","0,00000047340135749339","0,00000519312888147283","0,00000280265577686192"
"0,46795604750396580000","0,00000081641471167220","0,00000283135168398616","0,00000218319385502894","0,00000205728739786979","0,00000205328780814790","0,00000113870271079230","0,00000062139647839822","0,00000301477564377482","0,00000483554852707976","0,00000026727756773908","0,00000001200916205235","0,00000512932586223271","0,00000430971141117591","0,00000140728124211544","0,00000248480008169735","0,00000245307602543743","0,00000236843479320407","0,00000047558895466048","0,00000521013743422210","0,00000281254732662845"
"0,46995997014128043600","0,00000082046996804598","0,00000284190562313862","0,00000219348202032516","0,00000206693513465566","0,00000206266468453060","0,00000114378636616918","0,00000062419869318619","0,00000302692021178043","0,00000485219717404044","0,00000026857938055384","0,00000001201020517250","0,00000514647607724780","0,00000432858203966313","0,00000141244687423555","0,00000249291720853319","0,00000245368643787198","0,00000237730946432986","0,00000047777635778364","0,00000522710989073746","0,00000282246585823836"
"0,47196389277859507300","0,00000082452926706351","0,00000285242704187976","0,00000220375502576891","0,00000207656588619399","0,00000207202076427714","0,00000114884800371215","0,00000062699723815087","0,00000303904183632662","0,00000486876175362055","0,00000026990044297854","0,00000001201150551834","0,00000516361542926740","0,00000434743127752837","0,00000141762449112879","0,00000250096565136387","0,00000245426143985146","0,00000238617352355420","0,00000047996356686289","0,00000524404625101889","0,00000283241137169164"
"0,47396781541590971000","0,00000082859260872481","0,00000286291594020960","0,00000221401287136019","0,00000208617965248477","0,00000208135604738752","0,00000115388762342122","0,00000062979211329226","0,00000305114051741338","0,00000488524226582009","0,00000027124075501318","0,00000001201306308987","0,00000518074391829150","0,00000436625912477164","0,00000142281409279517","0,00000250894541018939","0,00000245480103137589","0,00000239502697087710","0,00000048215058189820","0,00000526094651506640","0,00000284238386698829"
"0,47597173805322434700","0,00000083265999302986","0,00000287337231812812","0,00000222425555709901","0,00000209577643352802","0,00000209067053386174","0,00000115890522529639","0,00000063258331861036","0,00000306321625504071","0,00000490163871063906","0,00000027260031665775","0,00000001201487788709","0,00000519786154432011","0,00000438506558139293","0,00000142801567923469","0,00000251685648500976","0,00000245530521244526","0,00000240386980629856","0,00000048433740288959","0,00000527781068287998","0,00000285238334412831"
"0,47797566069053892800","0,00000083673141997868","0,00000288379617563534","0,00000223448308298535","0,00000210535622932373","0,00000209996422369980","0,00000116390080933765","0,00000063537085410516","0,00000307526904920862","0,00000491795108807746","0,00000027397912791227","0,00000001201694991000","0,00000521496830735322","0,00000440385064739225","0,00000143322925044734","0,00000252469887582496","0,00000245577398305958","0,00000241270202981857","0,00000048652402983706","0,00000529463875445965","0,00000286240980311170"
"0,47997958332785356500","0,00000084080688957125","0,00000289418751273125","0,00000224469544901922","0,00000211491903987189","0,00000210923711690169","0,00000116887437554502","0,00000063815471977668","0,00000308729889991711","0,00000493417939813529","0,00000027537718877672","0,00000001201927915860","0,00000523206420739084","0,00000442261432276959","0,00000143845480643314","0,00000253247258263501","0,00000245620734321884","0,00000242152364143714","0,00000048871046274061","0,00000531143072980539","0,00000287246324393846"
"0,48198350596516820200","0,00000084488640180758","0,00000290454632941585","0,00000225489265520063","0,00000212446486517251","0,00000211848921346743","0,00000117382592391848","0,00000064093491562491","0,00000309930580716617","0,00000495032364081254","0,00000027679449925112","0,00000001202186563289","0,00000524914924443296","0,00000444135660752495","0,00000144369234719208","0,00000254017760543989","0,00000245660529292304","0,00000243033464115426","0,00000049089670160022","0,00000532818660891721","0,00000288254366660860"
"0,48398742860248283900","0,00000084896995668767","0,00000291487262568914","0,00000226507470152957","0,00000213399370522560","0,00000212772051339700","0,00000117875545445804","0,00000064371144164985","0,00000311128977095580","0,00000496638381610922","0,00000027823105933545","0,00000001202470933287","0,00000526622341847959","0,00000446007750165834","0,00000144894187272415","0,00000254781394423962","0,00000245696783217219","0,00000243913502896994","0,00000049308274641592","0,00000534490639179510","0,00000289265107112210"
"0,48599135123979747500","0,00000085305755421153","0,00000292516640155111","0,00000227524158800603","0,00000214350556003114","0,00000213693101669042","0,00000118366296716370","0,00000064648429785150","0,00000312325079128601","0,00000498235992402533","0,00000027968686902973","0,00000001202781025854","0,00000528328672953072","0,00000447877700516975","0,00000145420338302936","0,00000255538159903418","0,00000245729496096628","0,00000244792480488417","0,00000049526859718769","0,00000536159007843908","0,00000290278545747898"
"0,48799527387711211200","0,00000085714919437914","0,00000293542765700178","0,00000228539331463003","0,00000215300042958914","0,00000214612072334767","0,00000118854846203546","0,00000064925348422986","0,00000313518886815679","0,00000499825196456087","0,00000028116192833394","0,00000001203116840990","0,00000530033917758636","0,00000449745511805919","0,00000145947687810772","0,00000256288056982359","0,00000245758667930531","0,00000245670396889696","0,00000049745425391553","0,00000537823766884913","0,00000291294682567923"
"0,48999919651442674900","0,00000086124487719051","0,00000294565639204114","0,00000229552988140156","0,00000216247831389960","0,00000215528963336877","0,00000119341193907331","0,00000065201900078493","0,00000314710400156815","0,00000501405993771584","0,00000028265623724809","0,00000001203478378694","0,00000531738076264650","0,00000451611184032665","0,00000146476235795921","0,00000257031085660784","0,00000245784298718929","0,00000246547252100831","0,00000049963971659946","0,00000539484916302525","0,00000292313517572285"
"0,49200311915174138600","0,00000086534460264564","0,00000295585260666919","0,00000230565128832062","0,00000217193921296251","0,00000216443774675370","0,00000119825339827727","0,00000065478084751670","0,00000315899619152008","0,00000502978384349023","0,00000028416979577218","0,00000001203865638968","0,00000533441148471114","0,00000453474717197213","0,00000147005982258384","0,00000257767245938692","0,00000245806388461821","0,00000247423046121821","0,00000050182498523945","0,00000541142456096746","0,00000293335050760984"
"0,49400704178905596700","0,00000086944837074453","0,00000296601630088593","0,00000231575753538721","0,00000218138312677789","0,00000217356506350247","0,00000120307283964732","0,00000065753902442519","0,00000317086543801259","0,00000504542368188405","0,00000028570260390621","0,00000001204278621811","0,00000535143134378029","0,00000455336111299564","0,00000147536927198161","0,00000258496537816085","0,00000245824937159208","0,00000248297778952667","0,00000050401005983553","0,00000542796386267574","0,00000294359282134020"
"0,49601096442637060400","0,00000087355618148718","0,00000297614747469137","0,00000232584862260133","0,00000219081005534573","0,00000218267158361508","0,00000120787026318347","0,00000066029353151039","0,00000318271174104567","0,00000506097945289731","0,00000028725466165018","0,00000001204717327222","0,00000536844033985394","0,00000457195366339717","0,00000148069070615252","0,00000259218961292962","0,00000245839944811089","0,00000249171450593368","0,00000050619494038767","0,00000544446706815010","0,00000295386211691394"
"0,49801488706368524100","0,00000087766803487359","0,00000298624612808549","0,00000233592454996298","0,00000220021999866602","0,00000219175730709153","0,00000121264566888572","0,00000066304436877230","0,00000319453510061933","0,00000507645115652998","0,00000028882596900409","0,00000001205181755203","0,00000538543847293210","0,00000459052482317673","0,00000148602412509656","0,00000259934516369323","0,00000245851411417464","0,00000250044061043925","0,00000050837962689590","0,00000546093417739054","0,00000296415839433105"
"0,50001880970099987800","0,00000088178393090377","0,00000299631226106830","0,00000234598531747216","0,00000220961295673877","0,00000220082223393182","0,00000121739905675407","0,00000066579153621092","0,00000320633551673356","0,00000509183879278209","0,00000029041652596794","0,00000001205671905752","0,00000540242574301476","0,00000460907459233431","0,00000149136952881375","0,00000260643203045168","0,00000245859336978334","0,00000250915610304337","0,00000051056411936020","0,00000547736519039705","0,00000297448165359152"
