Variable Source,dev1,dev2,dev3,dev4,dev5,dev6,dev7,dev8,dev9,dev10,dev11,dev12,dev13,dev14,dev15,dev16,dev17,Dev 18,Dev 19,Dev 20
"-0,49993858631900023300","0,00000060490188095220","0,00000001111725802070","0,00000136697127882280","0,00000001415213446714","0,00000082380560729263","0,00000001066539591037","0,00000283790601004501","0,00000023036144929807","0,00000226598621632452","0,00000053434276108145","0,00000168311611523807","0,00000141794647834335","0,00000141939805946103","0,00000313973518127680","0,00000000858046520917","0,00000001265734084281","0,00000001250802100330","0,00000197607760474202","0,00001341333585755869","0,00000001520695966699"
"-0,49793466368168559600","0,00000060440053754075","0,00000001121198202219","0,00000136071312694445","0,00000001413360929806","0,00000082442414282203","0,00000001070863618558","0,00000282835623853065","0,00000022982211026683","0,00000225945425936545","0,00000053427877722412","0,00000167952786401456","0,00000141280917855353","0,00000141364301333318","0,00000312850550634354","0,00000000899789105240","0,00000001229818597754","0,00000001244374729281","0,00000197461322554762","0,00001336966389536507","0,00000001458459273288"
"-0,49593074104437096000","0,00000060393815932557","0,00000001130067102458","0,00000135450207182507","0,00000001411303788205","0,00000082501706922398","0,00000001075127351272","0,00000281872546230328","0,00000022924984440608","0,00000225280543168130","0,00000053421969404936","0,00000167582157262708","0,00000140767716280472","0,00000140792547718573","0,00000311758028141366","0,00000000939082427266","0,00000001196265523263","0,00000001238173782833","0,00000197284840805980","0,00001332557970084874","0,00000001399864418253"
"-0,49392681840705632300","0,00000060351474630669","0,00000001138332502788","0,00000134833811346469","0,00000001409042021912","0,00000082558438649847","0,00000001079330789176","0,00000280901368136289","0,00000022864465171579","0,00000224603973327207","0,00000053416551155716","0,00000167199724107563","0,00000140255043109692","0,00000140224545101868","0,00000310695950648716","0,00000000975926486994","0,00000001165074860808","0,00000001232199260987","0,00000197078315227855","0,00001328108327400969","0,00000001344911401594"
"-0,49192289576974174100","0,00000060313029848409","0,00000001145994403207","0,00000134222125186328","0,00000001406575630925","0,00000082612609464552","0,00000001083473932273","0,00000279922089570950","0,00000022800653219599","0,00000223915716413775","0,00000053411622974751","0,00000166805486936021","0,00000139742898343013","0,00000139660293483203","0,00000309664318156404","0,00000001010321284424","0,00000001136246610388","0,00000001226451163741","0,00000196841745820389","0,00001323617461484794","0,00000001293600223312"
"-0,48991897313242710500","0,00000060278481585778","0,00000001153052803718","0,00000133615148702087","0,00000001403904615245","0,00000082664219366511","0,00000001087556780560","0,00000278934710534309","0,00000022733548584667","0,00000223215772427834","0,00000053407184862042","0,00000166399445748082","0,00000139231281980435","0,00000139099792862579","0,00000308663130664429","0,00000001042266819557","0,00000001109780772004","0,00000001220929491097","0,00000196575132583582","0,00001319085372336347","0,00000001245930883406"
"-0,48791505049511246800","0,00000060247829842776","0,00000001159507704319","0,00000133012881893744","0,00000001401028974872","0,00000082713268355725","0,00000001091579334040","0,00000277939231026367","0,00000022663151266782","0,00000222504141369385","0,00000053403236817589","0,00000165981600543746","0,00000138720194021959","0,00000138543043239995","0,00000307692388172792","0,00000001071763092391","0,00000001085677345656","0,00000001215634243054","0,00000196278475517432","0,00001314512059955629","0,00000001201903381876"
"-0,48591112785779783100","0,00000060221074619402","0,00000001165359105010","0,00000132415324761299","0,00000001397948709806","0,00000082759756432193","0,00000001095541592710","0,00000276935651047124","0,00000022589461265946","0,00000221780823238427","0,00000053399778841392","0,00000165551951323013","0,00000138209634467583","0,00000137990044615452","0,00000306752090681492","0,00000001098810102929","0,00000001063936331343","0,00000001210565419613","0,00000195951774621941","0,00001309897524342640","0,00000001161517718723"
"-0,48390720522048319400","0,00000060198215915657","0,00000001170607005791","0,00000131822477304753","0,00000001394663820048","0,00000082803683595917","0,00000001099443556572","0,00000275923970596580","0,00000022512478582157","0,00000221045818034960","0,00000053396810933450","0,00000165110498085883","0,00000137699603317309","0,00000137440796988948","0,00000305842238190531","0,00000001123407851168","0,00000001044557729066","0,00000001205723020773","0,00000195595029897108","0,00001305241765497380","0,00000001124773893945"
"-0,48190328258316855700","0,00000060179253731540","0,00000001175251406663","0,00000131234339524105","0,00000001391174305596","0,00000082845049846895","0,00000001103285225626","0,00000274904189674735","0,00000022432203215416","0,00000220299125758985","0,00000053394333093765","0,00000164657240832356","0,00000137190100571136","0,00000136895300360485","0,00000304962830699906","0,00000001145556337110","0,00000001027541538824","0,00000001201107046534","0,00000195208241342933","0,00001300544783419848","0,00000001091671907544"
"-0,47989935994585392000","0,00000060164188067052","0,00000001179292307626","0,00000130650911419356","0,00000001387480166452","0,00000082883855185128","0,00000001107066599871","0,00000273876308281589","0,00000022348635165723","0,00000219540746410501","0,00000053392345322335","0,00000164192179562432","0,00000136681126229064","0,00000136353554730063","0,00000304113868209620","0,00000001165255560754","0,00000001012887760618","0,00000001196717496896","0,00000194791408959416","0,00001295806578110046","0,00000001062211759520"
"-0,47789543730853928400","0,00000060153018922193","0,00000001182729708679","0,00000130072192990505","0,00000001383581402614","0,00000082920099610616","0,00000001110787679308","0,00000272840326417141","0,00000022261774433078","0,00000218770679989509","0,00000053390847619161","0,00000163715314276111","0,00000136172680291094","0,00000135815560097680","0,00000303295350719671","0,00000001182505522101","0,00000001000596394448","0,00000001192554371860","0,00000194344532746557","0,00001291027149567972","0,00000001036393449871"
"-0,47589151467122470200","0,00000060145746296962","0,00000001185563609822","0,00000129498184237553","0,00000001379478014083","0,00000082953783123359","0,00000001114448463936","0,00000271796244081393","0,00000022171621017480","0,00000217988926496007","0,00000053389839984242","0,00000163226644973393","0,00000135664762757224","0,00000135281316463338","0,00000302507278230060","0,00000001197306221150","0,00000000990667440313","0,00000001188617671425","0,00000193867612704357","0,00001286206497793627","0,00000001014216978599"
"-0,47388759203391006600","0,00000060142370191360","0,00000001187794011056","0,00000128928885160500","0,00000001375170000860","0,00000082984905723357","0,00000001118048953755","0,00000270744061274343","0,00000022078174918931","0,00000217195485929998","0,00000053389322417580","0,00000162726171654278","0,00000135157373627456","0,00000134750823827036","0,00000301749650740787","0,00000001209657657901","0,00000000983100898214","0,00000001184907395591","0,00000193360648832815","0,00001281344622787011","0,00000000995682345703"
"-0,47188366939659542900","0,00000060142890605387","0,00000001189420912380","0,00000128364295759345","0,00000001370657362943","0,00000083013467410609","0,00000001121589148766","0,00000269683777995992","0,00000021981436137429","0,00000216390358291480","0,00000053389294919173","0,00000162213894318766","0,00000134650512901789","0,00000134224082188774","0,00000301022468251851","0,00000001219559832355","0,00000000977896768151","0,00000001181423544358","0,00000192823641131931","0,00001276441524548123","0,00000000980789551183"
"-0,46987974675928079200","0,00000060147307539042","0,00000001190444313795","0,00000127804416034088","0,00000001365940100334","0,00000083039468185117","0,00000001125069048968","0,00000268615394246340","0,00000021881404672975","0,00000215573543580453","0,00000053389757489022","0,00000161689812966857","0,00000134144180580223","0,00000133701091548553","0,00000300325730763253","0,00000001227012744511","0,00000000975055050123","0,00000001178166117727","0,00000192256589601705","0,00001271497203076965","0,00000000969538595040"
"-0,46787582412196615500","0,00000060155620992326","0,00000001190864215300","0,00000127249245984730","0,00000001361018213032","0,00000083062908046879","0,00000001128488654362","0,00000267538910025387","0,00000021778080525570","0,00000214745041796917","0,00000053390710127127","0,00000161153927598551","0,00000133638376662758","0,00000133181851906372","0,00000299659438274993","0,00000001232016394369","0,00000000974575744131","0,00000001175135115697","0,00000191659494242137","0,00001266511658373535","0,00000000961929477273"
"-0,46587190148465151800","0,00000060167830965239","0,00000001190680616895","0,00000126698785611271","0,00000001355891701036","0,00000083083786995896","0,00000001131847964948","0,00000266454325333133","0,00000021671463695212","0,00000213904852940873","0,00000053392152833488","0,00000160606238213848","0,00000133133101149394","0,00000132666363262231","0,00000299023590787070","0,00000001234570781929","0,00000000976458850174","0,00000001172330538268","0,00000191032355053228","0,00001261484890437834","0,00000000957962197882"
"-0,46386797884733688100","0,00000060183937457780","0,00000001189893518581","0,00000126153034913710","0,00000001350560564348","0,00000083102105032167","0,00000001135146980724","0,00000265361640169577","0,00000021561554181901","0,00000213052977012320","0,00000053394085608104","0,00000160046744812748","0,00000132628354040132","0,00000132154625616130","0,00000298418188299485","0,00000001234675907192","0,00000000980704368253","0,00000001169752385441","0,00000190375172034977","0,00001256416899269862","0,00000000957636756868"
"-0,46186405621002230000","0,00000060203940469950","0,00000001188502920357","0,00000125611993892047","0,00000001345024802967","0,00000083117862155694","0,00000001138385701693","0,00000264260854534720","0,00000021448351985639","0,00000212189414011259","0,00000053396508450976","0,00000159475447395251","0,00000132124135334971","0,00000131646638968070","0,00000297843230812238","0,00000001232331770157","0,00000000987312298368","0,00000001167400657215","0,00000189687945187384","0,00001251307684869619","0,00000000960953154229"
"-0,45986013357270766300","0,00000060227840001748","0,00000001186508822224","0,00000125075662546283","0,00000001339284416892","0,00000083131058366475","0,00000001141564127852","0,00000263151968428563","0,00000021331857106425","0,00000211314163937689","0,00000053399421362104","0,00000158892345961357","0,00000131620445033910","0,00000131142403318050","0,00000297298718325328","0,00000001227538370825","0,00000000996282640518","0,00000001165275353590","0,00000188970674510449","0,00001246157247237104","0,00000000967911389967"
"-0,45785621093539302600","0,00000060255636053175","0,00000001183911224181","0,00000124544040876418","0,00000001333339406125","0,00000083141693664511","0,00000001144682259204","0,00000262034981851104","0,00000021212069544258","0,00000210427226791611","0,00000053402824341488","0,00000158297440511066","0,00000131117283136952","0,00000130641918666070","0,00000296784650838756","0,00000001220295709195","0,00000001007615394704","0,00000001163376474566","0,00000188223360004173","0,00001240965586372319","0,00000000978511464081"
"-0,45585228829807839000","0,00000060287328624231","0,00000001180710126229","0,00000124017128882451","0,00000001327189770665","0,00000083149768049802","0,00000001147740095746","0,00000260909894802344","0,00000021088989299139","0,00000209528602573023","0,00000053406717389128","0,00000157690731044378","0,00000130614649644094","0,00000130145185012131","0,00000296301028352522","0,00000001210603785267","0,00000001021310560925","0,00000001161704020144","0,00000187446001668554","0,00001235732702275262","0,00000000992753376572"
"-0,45384836566076375300","0,00000060322917714915","0,00000001176905528367","0,00000123494926564382","0,00000001320835510512","0,00000083155281522348","0,00000001150737637480","0,00000259776707282283","0,00000020962616371068","0,00000208618291281928","0,00000053411100505023","0,00000157072217561293","0,00000130112544555337","0,00000129652202356231","0,00000295847850866625","0,00000001198462599042","0,00000001037368139182","0,00000001160257990323","0,00000186638599503594","0,00001230458594945934","0,00000001010637127439"
"-0,45184444302344911600","0,00000060362403325229","0,00000001172497430595","0,00000122977433922213","0,00000001314276625666","0,00000083158234082149","0,00000001153674884406","0,00000258635419290921","0,00000020832950760046","0,00000207696292918323","0,00000053415973689174","0,00000156441900061811","0,00000129610967870682","0,00000129162970698372","0,00000295425118381066","0,00000001183872150519","0,00000001055788129475","0,00000001159038385103","0,00000185801153509292","0,00001225143264384335","0,00000001032162716682"
"-0,44984052038613447900","0,00000060402263774603","0,00000001167941964230","0,00000122458813920996","0,00000001307686992790","0,00000083160156303605","0,00000001156468735232","0,00000257487493662188","0,00000020702141517557","0,00000206768357460638","0,00000053420981089106","0,00000155806247907083","0,00000129111589734183","0,00000128677039197204","0,00000295015322200757","0,00000001168599957757","0,00000001074796149375","0,00000001157938382507","0,00000184955101536950","0,00001219803297583468","0,00000001054742451956"
"-0,44783659774881984200","0,00000060438977382470","0,00000001163695260587","0,00000121933229525787","0,00000001301240488548","0,00000083162578761119","0,00000001159036088668","0,00000256334393230018","0,00000020572337695088","0,00000205840234887299","0,00000053425766852342","0,00000155171730458260","0,00000128616080289897","0,00000128193957011378","0,00000294600953630607","0,00000001154413538817","0,00000001092617816455","0,00000001156851160557","0,00000184121881437868","0,00001214455281536336","0,00000001075788640918"
"-0,44583267511150526100","0,00000060472544148831","0,00000001159757319665","0,00000121400680736587","0,00000001294937112940","0,00000083165501454688","0,00000001161376944714","0,00000255176117994409","0,00000020443539292640","0,00000204911925198307","0,00000053430330978883","0,00000154538347715342","0,00000128124439537824","0,00000127713724140893","0,00000294182012670619","0,00000001141312893697","0,00000001109253130714","0,00000001155776719254","0,00000183301493212047","0,00001209099216242941","0,00000001095301283566"
"-0,44382875247419062400","0,00000060502964073686","0,00000001156128141466","0,00000120861167553395","0,00000001288776865967","0,00000083168924384315","0,00000001163491303370","0,00000254012667955361","0,00000020315746310213","0,00000203983428393662","0,00000053434673468730","0,00000153906099678330","0,00000127636667477964","0,00000127236340585750","0,00000293758499320791","0,00000001129298022399","0,00000001124702092152","0,00000001154715058596","0,00000182493936859487","0,00001203735101703280","0,00000001113280379902"
"-0,44182482983687598700","0,00000060530237157034","0,00000001152807725989","0,00000120314689976211","0,00000001282759747627","0,00000083172847549999","0,00000001165379164635","0,00000252844043112874","0,00000020188958747806","0,00000203054744473364","0,00000053438794321881","0,00000153274986347222","0,00000127152764110316","0,00000126761806345949","0,00000293330413581123","0,00000001118368924921","0,00000001138964700770","0,00000001153666178585","0,00000181699212380188","0,00001198362937917356","0,00000001129725929924"
"-0,43982090719956135100","0,00000060554363398876","0,00000001149796073234","0,00000119761248005035","0,00000001276885757921","0,00000083177270951739","0,00000001167040528511","0,00000251670243466949","0,00000020063176605419","0,00000202125873437412","0,00000053442693538337","0,00000152645007722019","0,00000126672729434881","0,00000126290121421489","0,00000292897755451616","0,00000001108525601264","0,00000001152040956567","0,00000001152630079220","0,00000180917319774149","0,00001192982724885167","0,00000001144637933633"
"-0,43781698456224671400","0,00000060575342799211","0,00000001147093183201","0,00000119200841639867","0,00000001271154896849","0,00000083182194589536","0,00000001168475394996","0,00000250491269017586","0,00000019938399883053","0,00000201196815285807","0,00000053446371118097","0,00000152016163802722","0,00000126196563451659","0,00000125821285812371","0,00000292460524932270","0,00000001099768051429","0,00000001163930859544","0,00000001151606760501","0,00000180148259041372","0,00001187594462606713","0,00000001158016391029"
"-0,43581306192493207700","0,00000060593175358040","0,00000001144699055890","0,00000118633470880707","0,00000001265567164411","0,00000083187618463389","0,00000001169683764091","0,00000249307119764784","0,00000019814628580707","0,00000200267570018549","0,00000053449827061163","0,00000151388454589330","0,00000125724266160649","0,00000125355299518595","0,00000292018722023084","0,00000001092096275414","0,00000001174634409700","0,00000001150596222428","0,00000179392030181855","0,00001182198151081996","0,00000001169861302112"
"-0,43380913928761744000","0,00000060607861075362","0,00000001142613691300","0,00000118059135727555","0,00000001260122560607","0,00000083193542573300","0,00000001170665635795","0,00000248117795708543","0,00000019691862698382","0,00000199338137635638","0,00000053453061367534","0,00000150761880081843","0,00000125255837561852","0,00000124892162540160","0,00000291572346724059","0,00000001085510273220","0,00000001184151607035","0,00000001149598465002","0,00000178648633195599","0,00001176793790311014","0,00000001180172666882"
"-0,43180521665030280300","0,00000060619399951178","0,00000001140837089433","0,00000117477836180412","0,00000001254821085437","0,00000083199966919267","0,00000001171421010110","0,00000246923296848864","0,00000019570102236077","0,00000198408518137073","0,00000053456074037209","0,00000150136440280260","0,00000124791277655268","0,00000124431874877067","0,00000291121399035194","0,00000001080010044847","0,00000001192482451550","0,00000001148613488222","0,00000177918068082603","0,00001171381380293767","0,00000001188950485338"
"-0,42980129401298822200","0,00000060627791985487","0,00000001139369250288","0,00000116889572239276","0,00000001249662738901","0,00000083206891501291","0,00000001171949887034","0,00000245723623185746","0,00000019449347193793","0,00000197478711522855","0,00000053458865070190","0,00000149512135184583","0,00000124330586440897","0,00000123974436529316","0,00000290665878956490","0,00000001075595590295","0,00000001199626943244","0,00000001147641292088","0,00000177200334842869","0,00001165960921030256","0,00000001196194757482"
"-0,42779737137567358500","0,00000060633037178290","0,00000001138210173865","0,00000116294343904149","0,00000001244647520999","0,00000083214316319371","0,00000001172252266568","0,00000244518774719190","0,00000019329597571529","0,00000196548717792984","0,00000053461434466475","0,00000148888964794812","0,00000123873763918738","0,00000123519847496906","0,00000290205786487946","0,00000001072266909565","0,00000001205585082118","0,00000001146681876600","0,00000176495433476395","0,00001160532412520481","0,00000001201905483312"
"-0,42579344873835894800","0,00000060635135529586","0,00000001137359860164","0,00000115692151175029","0,00000001239775431731","0,00000083222241373508","0,00000001172328148712","0,00000243308751449195","0,00000019210853369285","0,00000195618536947459","0,00000053463782226065","0,00000148266929110945","0,00000123420810088792","0,00000123068107779838","0,00000289741121629563","0,00000001070024002655","0,00000001210356868171","0,00000001145735241758","0,00000175803363983183","0,00001155095854764442","0,00000001206082662830"
"-0,42378952610104431100","0,00000060634087039375","0,00000001136818309185","0,00000115082994051918","0,00000001235046471097","0,00000083230666663703","0,00000001172177533465","0,00000242093553375761","0,00000019093114587062","0,00000194688168986282","0,00000053465908348961","0,00000147646028132983","0,00000122971724951059","0,00000122619217378112","0,00000289271884381341","0,00000001068866869566","0,00000001213942301403","0,00000001144801387562","0,00000175124126363231","0,00001149651247762137","0,00000001208726296034"
"-0,42178560346372967500","0,00000060629891707659","0,00000001136585520929","0,00000114466872534815","0,00000001230460639097","0,00000083239592189953","0,00000001171800420829","0,00000240873180498889","0,00000018976381224860","0,00000193757613909450","0,00000053467812835161","0,00000147026261860927","0,00000122526508505538","0,00000122173176291727","0,00000288798074743279","0,00000001068795510298","0,00000001216341381815","0,00000001143880314013","0,00000174457720616539","0,00001144198591513569","0,00000001209836382925"
"-0,41978168082641503800","0,00000060622549534435","0,00000001136661495394","0,00000113843786623720","0,00000001226017935731","0,00000083249017952261","0,00000001171196810802","0,00000239647632818579","0,00000018860653282677","0,00000192826871716966","0,00000053469495684665","0,00000146407630294775","0,00000122085160752230","0,00000121729984520684","0,00000288319692715378","0,00000001069809924851","0,00000001217554109406","0,00000001142972021110","0,00000173804146743109","0,00001138737886018736","0,00000001209412923503"
"-0,41777775818910040100","0,00000060612060519706","0,00000001137046232581","0,00000113213736318633","0,00000001221718360999","0,00000083258943950625","0,00000001170366703385","0,00000238416910334829","0,00000018745930760516","0,00000191895942408829","0,00000053470956897475","0,00000145790133434529","0,00000121647681691135","0,00000121289642064983","0,00000287836738297637","0,00000001071910113224","0,00000001217580484176","0,00000001142076508853","0,00000173163404742939","0,00001133269131277639","0,00000001207455917768"
"-0,41577383555178582000","0,00000060598424663469","0,00000001137739732490","0,00000112576721619554","0,00000001217561914900","0,00000083269370185046","0,00000001169310098578","0,00000237181013047642","0,00000018632213658374","0,00000190964825985038","0,00000053472196473590","0,00000145173771280188","0,00000121214071322252","0,00000120852148924623","0,00000287349211490057","0,00000001075096075419","0,00000001216420506126","0,00000001141193777242","0,00000172535494616031","0,00001127792327290277","0,00000001203965365720"
"-0,41376991291447118300","0,00000060581641965727","0,00000001138741995121","0,00000111932742526484","0,00000001213548597436","0,00000083280296655524","0,00000001168026996381","0,00000235939940957015","0,00000018519501976254","0,00000190033522445594","0,00000053473214413010","0,00000144558543831751","0,00000120784329645582","0,00000120417505099605","0,00000286857112292637","0,00000001079367811435","0,00000001214074175256","0,00000001140323826278","0,00000171920416362383","0,00001122307474056651","0,00000001198941267359"
"-0,41176599027715654600","0,00000060561712426478","0,00000001140053020474","0,00000111281799039421","0,00000001209678408606","0,00000083291723362059","0,00000001166517396793","0,00000234693694062950","0,00000018407795714153","0,00000189102031790496","0,00000053474010715734","0,00000143944451089220","0,00000120358456661125","0,00000119985710589928","0,00000286360440705378","0,00000001084725321272","0,00000001210541491564","0,00000001139466655959","0,00000171318169981995","0,00001116814571576761","0,00000001192383622685"
"-0,40976206763984190900","0,00000060538636045722","0,00000001141672808550","0,00000110623891158367","0,00000001205951348409","0,00000083303650304650","0,00000001164781299815","0,00000233442272365447","0,00000018297094872073","0,00000188170354019746","0,00000053474585381763","0,00000143331493052595","0,00000119936452368881","0,00000119556765395594","0,00000285859196728280","0,00000001091168604929","0,00000001205822455052","0,00000001138622266287","0,00000170728755474869","0,00001111313619850606","0,00000001184292431697"
"-0,40775814500252727200","0,00000060512412823460","0,00000001143601359347","0,00000109959018883320","0,00000001202367416847","0,00000083316077483298","0,00000001162818705447","0,00000232185675864505","0,00000018187399450014","0,00000187238489133342","0,00000053474938411098","0,00000142719669721874","0,00000119518316768849","0,00000119130669516601","0,00000285353380361342","0,00000001098697662408","0,00000001199917065720","0,00000001137790657261","0,00000170152172841003","0,00001105804618878187","0,00000001174667694397"
"-0,40575422236521263600","0,00000060483042759691","0,00000001145838672866","0,00000109287182214282","0,00000001198926613919","0,00000083329004898003","0,00000001160629613689","0,00000230923904560124","0,00000018078709447975","0,00000186306437131284","0,00000053475069803737","0,00000142108981097058","0,00000119104049861030","0,00000118707422952949","0,00000284842991604565","0,00000001107312493708","0,00000001192825323567","0,00000001136971828881","0,00000169588422080399","0,00001100287568659503","0,00000001163509410783"
"-0,40375029972789799900","0,00000060450525854416","0,00000001148384749107","0,00000108608381151252","0,00000001195628939624","0,00000083342432548764","0,00000001158214024541","0,00000229656958452305","0,00000017971024865956","0,00000185374198013574","0,00000053474979559681","0,00000141499427178147","0,00000118693651645424","0,00000118287025704639","0,00000284328030457948","0,00000001117013098828","0,00000001184547228593","0,00000001136165781148","0,00000169037503193055","0,00001094762469194556","0,00000001150817580856"
"-0,40174637709058336200","0,00000060414862107634","0,00000001151239588071","0,00000107922615694230","0,00000001192474393964","0,00000083356360435582","0,00000001155571938002","0,00000228384837541047","0,00000017864345703958","0,00000184441771780210","0,00000053474667678930","0,00000140891007965142","0,00000118287122122030","0,00000117869477771671","0,00000283808496921492","0,00000001127799477770","0,00000001175082780799","0,00000001135372514060","0,00000168499416178972","0,00001089229320483343","0,00000001136592204617"
"-0,39974245445326878100","0,00000060378829132559","0,00000001154137245880","0,00000107232991410087","0,00000001189494987719","0,00000083370186394964","0,00000001152877843406","0,00000227109213151314","0,00000017757734288380","0,00000183510862243749","0,00000053474633418136","0,00000140282246207859","0,00000117885053029166","0,00000117456601287184","0,00000283288115176421","0,00000001138708232851","0,00000001165320991793","0,00000001134672230096","0,00000167967698960478","0,00001083684978353173","0,00000001122161712706"
"-0,39773853181595414400","0,00000060345204542404","0,00000001156811778657","0,00000106542613865693","0,00000001186722731673","0,00000083383308263413","0,00000001150306230086","0,00000225831756608066","0,00000017650252945623","0,00000182583173216746","0,00000053475376033953","0,00000139671664656118","0,00000117488036105149","0,00000117050218384318","0,00000282770609403960","0,00000001148775966389","0,00000001156150873184","0,00000001134145131733","0,00000167435889459903","0,00001078126298631354","0,00000001108854535767"
"-0,39573460917863950700","0,00000060313988337169","0,00000001159263186403","0,00000105851483061048","0,00000001184157625825","0,00000083395726040932","0,00000001147857098042","0,00000224552467911306","0,00000017541901675687","0,00000181658704699202","0,00000053476895526380","0,00000139059263309918","0,00000117096071349978","0,00000116650329063071","0,00000282255979604110","0,00000001158002678385","0,00000001147572424973","0,00000001133791218972","0,00000166903987677246","0,00001072553281317884","0,00000001096670673799"
"-0,39373068654132487000","0,00000060285180516854","0,00000001161491469117","0,00000105159598996153","0,00000001181799670175","0,00000083407439727520","0,00000001145530447274","0,00000223271347061031","0,00000017432680478571","0,00000180737456691117","0,00000053479191895417","0,00000138445042169259","0,00000116709158763653","0,00000116256933323446","0,00000281744225776870","0,00000001166388368839","0,00000001139585647159","0,00000001133610491811","0,00000166371993612508","0,00001066965926412763","0,00000001085610126802"
"-0,39172676390401023300","0,00000060258781081459","0,00000001163496626801","0,00000104466961671007","0,00000001179648864723","0,00000083418449323176","0,00000001143326277781","0,00000221988394057244","0,00000017322589354276","0,00000179819429192489","0,00000053482265141064","0,00000137829001234141","0,00000116327298346175","0,00000115870031165441","0,00000281235347922240","0,00000001173933037750","0,00000001132190539743","0,00000001133602950251","0,00000165839907265688","0,00001061364233915992","0,00000001075672894777"
"-0,38972284126669559600","0,00000060234790030983","0,00000001165278659452","0,00000103773571085610","0,00000001177705209469","0,00000083428754827901","0,00000001141244589564","0,00000220703608899943","0,00000017211628302802","0,00000178904622203321","0,00000053486115263321","0,00000137211140504564","0,00000115950490097543","0,00000115489622589056","0,00000280729346040220","0,00000001180636685118","0,00000001125387102725","0,00000001133768594292","0,00000165307728636787","0,00001055748203827572","0,00000001066858977724"
"-0,38771891862938096000","0,00000060213207365428","0,00000001166837567073","0,00000103079427239963","0,00000001175968704413","0,00000083438356241695","0,00000001139285382623","0,00000219416991589128","0,00000017099797324148","0,00000177993035723610","0,00000053490742262189","0,00000136591459980528","0,00000115578734017758","0,00000115115707594292","0,00000280226220130810","0,00000001186499310944","0,00000001119175336103","0,00000001134107423934","0,00000164775457725804","0,00001050117836147500","0,00000001059168375642"
"-0,38571499599206637800","0,00000060194033084793","0,00000001168173349662","0,00000102384530134065","0,00000001174439349556","0,00000083447253564558","0,00000001137448656958","0,00000218128542124800","0,00000016987096418315","0,00000177084669753358","0,00000053496146137666","0,00000135969959662033","0,00000115212030106819","0,00000114748286181148","0,00000279725970194011","0,00000001191520915228","0,00000001113555239880","0,00000001134619439176","0,00000164243094532740","0,00001044473130875779","0,00000001052601088531"
"-0,38371107335475174200","0,00000060177267189077","0,00000001169286007220","0,00000101688879767916","0,00000001173117144897","0,00000083455446796489","0,00000001135734412568","0,00000216838260506958","0,00000016873525585303","0,00000176179524292565","0,00000053502326889754","0,00000135346639549079","0,00000114850378364726","0,00000114387358349625","0,00000279228596229822","0,00000001195701497969","0,00000001108526814053","0,00000001135304640020","0,00000163710639057594","0,00001038814088012407","0,00000001047157116392"
"-0,38170715071743710500","0,00000060162909678282","0,00000001170175539746","0,00000100992476141516","0,00000001172002090435","0,00000083462935937490","0,00000001134142649454","0,00000215546146735603","0,00000016759084825111","0,00000175277599341230","0,00000053509284518452","0,00000134721499641666","0,00000114493778791480","0,00000114032924099722","0,00000278734098238243","0,00000001199041059168","0,00000001104090058624","0,00000001136163026465","0,00000163178091300367","0,00001033140707557385","0,00000001042836459224"
"-0,37970322808012246800","0,00000060150960552406","0,00000001170841947241","0,00000100295319254866","0,00000001171094186172","0,00000083469720987559","0,00000001132673367616","0,00000214252200810735","0,00000016643774137740","0,00000174378894899354","0,00000053517019023761","0,00000134094539939795","0,00000114142231387081","0,00000113684983431440","0,00000278242476219274","0,00000001201539598825","0,00000001100244973593","0,00000001137194598511","0,00000162645451261058","0,00001027452989510713","0,00000001039639117027"
"-0,37769930544280783100","0,00000060141419811450","0,00000001171285229705","0,00000099597409107965","0,00000001170393432107","0,00000083475801946697","0,00000001131326567054","0,00000212956422732353","0,00000016527593523190","0,00000173483410966936","0,00000053525530405679","0,00000133465760443464","0,00000113795736151527","0,00000113343536344778","0,00000277753730172915","0,00000001203197116939","0,00000001096991558959","0,00000001138399356158","0,00000162112718939667","0,00001021750933872390","0,00000001037565089802"
"-0,37569538280549319400","0,00000060134287455415","0,00000001171505387137","0,00000098898745700814","0,00000001169899828241","0,00000083481178814904","0,00000001130102247768","0,00000211658812500457","0,00000016410542981460","0,00000172591147543976","0,00000053534818664208","0,00000132835161152675","0,00000113454293084821","0,00000113008582839737","0,00000277267860099167","0,00000001204013613510","0,00000001094329814722","0,00000001139777299405","0,00000161579894336195","0,00001016034540642418","0,00000001036614377549"
"-0,37369146016817855700","0,00000060129563484299","0,00000001171502419538","0,00000098199329033412","0,00000001169613374572","0,00000083485851592180","0,00000001129000409757","0,00000210359370115048","0,00000016292622512551","0,00000171702104630476","0,00000053544883799346","0,00000132202742067426","0,00000113117902186960","0,00000112680122916316","0,00000276784865998029","0,00000001203989088540","0,00000001092259740883","0,00000001141328428254","0,00000161046977450642","0,00001010303809820795","0,00000001036786980266"
"-0,37168753753086392100","0,00000060127247898103","0,00000001171276326908","0,00000097499159105759","0,00000001169534071102","0,00000083489820278524","0,00000001128021053022","0,00000209058095576126","0,00000016173832116462","0,00000170816282226433","0,00000053555725811095","0,00000131568503187719","0,00000112786563457946","0,00000112358156574516","0,00000276304747869501","0,00000001203123542026","0,00000001090781337441","0,00000001143052742704","0,00000160513968283007","0,00001004558741407521","0,00000001038082897956"
"-0,36968361489354933900","0,00000060127340696827","0,00000001170827109246","0,00000096798235917855","0,00000001169661917829","0,00000083493084873937","0,00000001127164177563","0,00000207754988883690","0,00000016054171793195","0,00000169933680331849","0,00000053567344699454","0,00000130932444513553","0,00000112460276897779","0,00000112042683814336","0,00000275827505713583","0,00000001201416973971","0,00000001089894604397","0,00000001144950242754","0,00000159980866833290","0,00000998799335402598","0,00000001040502130616"
"-0,36767969225623470200","0,00000060129841880471","0,00000001170154766553","0,00000096096559469701","0,00000001169996914755","0,00000083495645378420","0,00000001126429783380","0,00000206450050037741","0,00000015933641542748","0,00000169054298946723","0,00000053579740464424","0,00000130294566044928","0,00000112139042506458","0,00000111733704635777","0,00000275353139530275","0,00000001198869384372","0,00000001089599541750","0,00000001147020928406","0,00000159447673101492","0,00000993025591806024","0,00000001044044678248"
"-0,36567576961892006600","0,00000060134751449035","0,00000001169259298828","0,00000095394129761296","0,00000001170539061879","0,00000083497501791971","0,00000001125817870473","0,00000205143279038278","0,00000015812241365121","0,00000168178138071056","0,00000053592913106003","0,00000129654867781844","0,00000111822860283984","0,00000111431219038838","0,00000274881649319578","0,00000001195480773232","0,00000001089896149501","0,00000001149264799659","0,00000158914387087612","0,00000987237510617800","0,00000001048710540852"
"-0,36367184698160542900","0,00000060142069402519","0,00000001168140706072","0,00000094690946792641","0,00000001171288359201","0,00000083498654114590","0,00000001125328438841","0,00000203834675885302","0,00000015689971260315","0,00000167305197704848","0,00000053606862624193","0,00000129013349724301","0,00000111511730230355","0,00000111135227023519","0,00000274413035081491","0,00000001191251140549","0,00000001090784427649","0,00000001151681856512","0,00000158381008791651","0,00000981435091837926","0,00000001054499718427"
"-0,36166792434429079200","0,00000060151795740923","0,00000001166798988285","0,00000093987010563735","0,00000001172244806721","0,00000083499102346279","0,00000001124961488485","0,00000202524240578812","0,00000015566831228330","0,00000166435477848098","0,00000053621589018992","0,00000128370011872299","0,00000111205652345574","0,00000110845728589821","0,00000273947296816014","0,00000001186180486323","0,00000001092264376194","0,00000001154272098967","0,00000157847538213608","0,00000975618335466401","0,00000001061412210973"
"-0,35966400170697615500","0,00000060163930464246","0,00000001165234145466","0,00000093282321074578","0,00000001173408404440","0,00000083498846487036","0,00000001124717019405","0,00000201211973118808","0,00000015442821269166","0,00000165568978500806","0,00000053637092290402","0,00000127724854225838","0,00000110904626629639","0,00000110562723737744","0,00000273484434523147","0,00000001180268810556","0,00000001094335995137","0,00000001157035527022","0,00000157313975353483","0,00000969787241503226","0,00000001069448018491"
"-0,35766007906966151800","0,00000060178473572490","0,00000001163446177616","0,00000092576878325170","0,00000001174779152356","0,00000083497886536863","0,00000001124595031600","0,00000199897873505292","0,00000015317941382822","0,00000164705699662973","0,00000053653372438423","0,00000127077876784918","0,00000110608653082550","0,00000110286212467287","0,00000273024448202891","0,00000001173516113245","0,00000001096999284478","0,00000001159972140678","0,00000156780320211278","0,00000963941809948401","0,00000001078607140980"
"-0,35565615643234693700","0,00000060195425065654","0,00000001161435084735","0,00000091870682315512","0,00000001176357050471","0,00000083496222495758","0,00000001124595525072","0,00000198581941738261","0,00000015192191569299","0,00000163845641334598","0,00000053670429463053","0,00000126429079549539","0,00000110317731704307","0,00000110016194778450","0,00000272567337855244","0,00000001165922394392","0,00000001100254244216","0,00000001163081939936","0,00000156246572786990","0,00000958082040801926","0,00000001088889578440"
"-0,35365223379503230000","0,00000060214784943737","0,00000001159200866822","0,00000091163733045603","0,00000001178142098784","0,00000083493854363722","0,00000001124718499819","0,00000197264177817718","0,00000015065571828596","0,00000162988803515682","0,00000053688263364293","0,00000125778462519702","0,00000110031862494912","0,00000109752670671234","0,00000272113103480208","0,00000001157487653997","0,00000001104100874351","0,00000001166364924794","0,00000155712733080621","0,00000952207934063801","0,00000001100295330872"
"-0,35164831115771766300","0,00000060236553206741","0,00000001156743523878","0,00000090456030515443","0,00000001180134297295","0,00000083490782140754","0,00000001124963955842","0,00000195944581743661","0,00000014938082160714","0,00000162135186206224","0,00000053706874142144","0,00000125126025695405","0,00000109751045454362","0,00000109495640145639","0,00000271661745077782","0,00000001148211892060","0,00000001108539174884","0,00000001169821095254","0,00000155178801092170","0,00000946319489734025","0,00000001112824398276"
"-0,34964438852040302700","0,00000060258664890502","0,00000001154226899369","0,00000089749269638100","0,00000001182118889150","0,00000083487635500867","0,00000001125312774274","0,00000194623139218591","0,00000014810321814868","0,00000161285067985191","0,00000053725310597205","0,00000124470451417442","0,00000109475273112383","0,00000109243384996397","0,00000271215787621036","0,00000001138850953483","0,00000001113193340952","0,00000001173193376065","0,00000154645170820824","0,00000940433273303993","0,00000001125474563652"
"-0,34764046588308839000","0,00000060279055030860","0,00000001151814836760","0,00000089045145326640","0,00000001183881117495","0,00000083485044118072","0,00000001125745836247","0,00000193299835945011","0,00000014682890040270","0,00000160438727431549","0,00000053742621530076","0,00000123810422026605","0,00000109204537998699","0,00000108994187018242","0,00000270777756083040","0,00000001130160683172","0,00000001117687567695","0,00000001176224691979","0,00000154112236265767","0,00000934565850265099","0,00000001137243610001"
"-0,34563654324577375300","0,00000060297723627815","0,00000001149507336052","0,00000088343657581063","0,00000001185420982330","0,00000083483007992368","0,00000001126263141761","0,00000191974671922920","0,00000014555786836922","0,00000159596164545299","0,00000053758806940757","0,00000123145937522893","0,00000108938840113309","0,00000108748046211175","0,00000270347650463793","0,00000001122141081126","0,00000001122021855112","0,00000001178915042995","0,00000153579997427000","0,00000928717220617343","0,00000001148131537323"
"-0,34363262060845911600","0,00000060314670681366","0,00000001147304397244","0,00000087644806401370","0,00000001186738483655","0,00000083481527123755","0,00000001126864690817","0,00000190647647152319","0,00000014429012204823","0,00000158757379326440","0,00000053773866829247","0,00000122476997906306","0,00000108678179456213","0,00000108504962575194","0,00000269925470763296","0,00000001114792147345","0,00000001126196203203","0,00000001181264429115","0,00000153048454304522","0,00000922887384360725","0,00000001158138345619"
"-0,34162869797114447900","0,00000060329896191513","0,00000001145206020337","0,00000086948591787560","0,00000001187833621471","0,00000083480601512235","0,00000001127550483414","0,00000189318761633207","0,00000014302566143974","0,00000157922371774973","0,00000053787801195548","0,00000121803603176846","0,00000108422556027412","0,00000108264936110300","0,00000269511216981548","0,00000001108113881828","0,00000001130210611968","0,00000001183272850337","0,00000152517606898333","0,00000917076341495245","0,00000001167264034888"
"-0,33962477533382989800","0,00000060343400158256","0,00000001143212205331","0,00000086255013739633","0,00000001188706395776","0,00000083480231157805","0,00000001128320519553","0,00000187988015365584","0,00000014176448654374","0,00000157091141890897","0,00000053800610039659","0,00000121125753334510","0,00000108171969826906","0,00000108027966816493","0,00000269104889118550","0,00000001102106284577","0,00000001134065081407","0,00000001184940306662","0,00000151987455208435","0,00000911284092020904","0,00000001175508605131"
"-0,33762085269651526100","0,00000060355182581596","0,00000001141322952225","0,00000085564072257590","0,00000001189356806571","0,00000083480416060468","0,00000001129174799233","0,00000186655408349450","0,00000014050659736023","0,00000156263689674212","0,00000053812293361580","0,00000120443448379301","0,00000107926420854694","0,00000107794054693773","0,00000268706487174301","0,00000001096769355591","0,00000001137759611520","0,00000001186266798089","0,00000151457999234826","0,00000905510635937700","0,00000001182872056346"
"-0,33561693005920062400","0,00000060365243461532","0,00000001139538261020","0,00000084875767341430","0,00000001189784853857","0,00000083481156220222","0,00000001130113322455","0,00000185320940584805","0,00000013925199388922","0,00000155440015124918","0,00000053822851161311","0,00000119756688311217","0,00000107685909110777","0,00000107563199742140","0,00000268316011148803","0,00000001092103094870","0,00000001141294202307","0,00000001187252324620","0,00000150929238977506","0,00000899755973245634","0,00000001189354388536"
"-0,33361300742188598800","0,00000060373582798065","0,00000001137858131715","0,00000084190098991154","0,00000001189990537632","0,00000083482451637067","0,00000001131136089218","0,00000183984612071650","0,00000013800067613070","0,00000154620118243016","0,00000053832283438852","0,00000119065473130259","0,00000107450434595154","0,00000107335401961595","0,00000267933461042053","0,00000001088107502414","0,00000001144668853768","0,00000001187896886253","0,00000150401174436476","0,00000894020103944707","0,00000001194955601698"
"-0,33160908478457135100","0,00000060380200591194","0,00000001136282564311","0,00000083507067206760","0,00000001189973857898","0,00000083484302311004","0,00000001132243099523","0,00000182646422809984","0,00000013675264408468","0,00000153803999028505","0,00000053840590194203","0,00000118369802836426","0,00000107219997307826","0,00000107110661352136","0,00000267558836854054","0,00000001084782578223","0,00000001147883565904","0,00000001188200482988","0,00000149873805611736","0,00000888303028034917","0,00000001199675695834"
"-0,32960516214725671400","0,00000060385096840919","0,00000001134811558808","0,00000082826671988251","0,00000001189734814653","0,00000083486708242033","0,00000001133434353369","0,00000181306372799807","0,00000013550789775115","0,00000152991657481386","0,00000053847771427364","0,00000117669677429719","0,00000106994597248792","0,00000106888977913764","0,00000267192138584804","0,00000001082128322297","0,00000001150938338714","0,00000001188163114827","0,00000149347132503285","0,00000882604745516265","0,00000001203514670943"
"-0,32760123950994207700","0,00000060388271547241","0,00000001133445115205","0,00000082148913335624","0,00000001189273407899","0,00000083489669430153","0,00000001134709850756","0,00000179964462041120","0,00000013426643713011","0,00000152183093601657","0,00000053853827138335","0,00000116965096910137","0,00000106774234418053","0,00000106670351646479","0,00000266833366234303","0,00000001080144734637","0,00000001153833172197","0,00000001187784781768","0,00000148821155111124","0,00000876925256388752","0,00000001206472527025"
"-0,32559731687262749600","0,00000060389724710159","0,00000001132183233503","0,00000081473791248881","0,00000001188589637635","0,00000083493185875365","0,00000001136069591685","0,00000178620690533922","0,00000013302826222157","0,00000151378307389321","0,00000053858757327116","0,00000116256061277681","0,00000106558908815608","0,00000106454782550281","0,00000266482519802553","0,00000001078831815241","0,00000001156568066355","0,00000001187065483812","0,00000148295873435252","0,00000871264560652376","0,00000001208549264081"
"-0,32359339423531285900","0,00000060389456329674","0,00000001131025913702","0,00000080801305728021","0,00000001187683503861","0,00000083497257577668","0,00000001137513576155","0,00000177275058278213","0,00000013179337302552","0,00000150577298844375","0,00000053862561993707","0,00000115542570532351","0,00000106348620441458","0,00000106242270625170","0,00000266139599289551","0,00000001078189564110","0,00000001159143021187","0,00000001186005220959","0,00000147771287475670","0,00000865622658307139","0,00000001209744882110"
"-0,32158947159799822200","0,00000060387466405784","0,00000001129973155801","0,00000080131456773045","0,00000001186555006577","0,00000083501884537063","0,00000001139041804167","0,00000175927565273993","0,00000013056176954196","0,00000149780067966821","0,00000053865241138108","0,00000114824624674146","0,00000106143369295603","0,00000106032815871146","0,00000265804604695300","0,00000001078217981244","0,00000001161558036693","0,00000001184603993209","0,00000147247397232378","0,00000859999549353040","0,00000001210059381113"
"-0,31958554896068358500","0,00000060383754938492","0,00000001129024959801","0,00000079464244383951","0,00000001185204145782","0,00000083507066753550","0,00000001140654275720","0,00000174578211521263","0,00000012933345177090","0,00000148986614756658","0,00000053866794760319","0,00000114102223703067","0,00000105943155378042","0,00000105826418288209","0,00000265477536019798","0,00000001078917066643","0,00000001163813112873","0,00000001182861800561","0,00000146724202705375","0,00000854395233790078","0,00000001209492761088"
"-0,31758162632336894800","0,00000060378321927795","0,00000001128181325701","0,00000078799668560742","0,00000001183630921478","0,00000083512804227128","0,00000001142350990815","0,00000173226997020021","0,00000012810841971233","0,00000148196939213887","0,00000053867222860340","0,00000113375367619114","0,00000105747978688775","0,00000105623077876359","0,00000265158393263045","0,00000001080286820308","0,00000001165908249727","0,00000001180778643016","0,00000146201703894661","0,00000848809711618255","0,00000001208045022037"
"-0,31557770368605431200","0,00000060371167373695","0,00000001127442253502","0,00000078137729303415","0,00000001181835333664","0,00000083519096957798","0,00000001144131949451","0,00000171873921770270","0,00000012688667336625","0,00000147411041338506","0,00000053866525438171","0,00000112644056422286","0,00000105557839227803","0,00000105422794635596","0,00000264847176425042","0,00000001082327242237","0,00000001167843447256","0,00000001178354520573","0,00000145679900800238","0,00000843242982837570","0,00000001205716163960"
"-0,31357378104873967500","0,00000060362291276192","0,00000001126807743204","0,00000077478426611972","0,00000001179817382340","0,00000083525944945559","0,00000001145997151629","0,00000170518985772007","0,00000012566821273267","0,00000146628921130517","0,00000053864702493812","0,00000111908290112584","0,00000105372736995126","0,00000105225568565920","0,00000264543885505789","0,00000001085038332432","0,00000001169618705458","0,00000001175589433234","0,00000145158793422103","0,00000837695047448023","0,00000001202506186855"
"-0,31156985841142503800","0,00000060351693635284","0,00000001126277794806","0,00000076821760486412","0,00000001177577067507","0,00000083533348190412","0,00000001147946597348","0,00000169162189025233","0,00000012445303781158","0,00000145850578589920","0,00000053861754027263","0,00000111168068690007","0,00000105192671990743","0,00000105031399667331","0,00000264248520505286","0,00000001088420090891","0,00000001171234024335","0,00000001172483380997","0,00000144638381760259","0,00000832165905449613","0,00000001198415090725"
"-0,30956593577411045700","0,00000060339374450973","0,00000001125852408309","0,00000076167730926736","0,00000001175114389163","0,00000083541306692356","0,00000001149980286608","0,00000167803531529949","0,00000012324114860299","0,00000145076013716714","0,00000053857680038524","0,00000110423392154556","0,00000105017644214654","0,00000104840287939829","0,00000263961081423532","0,00000001092472517616","0,00000001172689403885","0,00000001169036363863","0,00000144118665814704","0,00000826655556842342","0,00000001193442875567"
"-0,30756201313679582000","0,00000060325333723259","0,00000001125531583713","0,00000075516337932943","0,00000001172429347309","0,00000083549820451392","0,00000001152098219410","0,00000166443013286154","0,00000012203254510689","0,00000144305226510899","0,00000053852480527596","0,00000109674260506231","0,00000104847653666860","0,00000104652233383414","0,00000263681568260527","0,00000001097195612605","0,00000001173984844110","0,00000001165248381832","0,00000143599645585438","0,00000821164001626209","0,00000001187589541383"
"-0,30555809049948118300","0,00000060309571452141","0,00000001125315321017","0,00000074867581505033","0,00000001169521941945","0,00000083558889467520","0,00000001154300395753","0,00000165080634293849","0,00000012082722732328","0,00000143538216972475","0,00000053846155494477","0,00000108920673745031","0,00000104682700347361","0,00000104467235998086","0,00000263409981016272","0,00000001102589375860","0,00000001175120345009","0,00000001161119434903","0,00000143081321072462","0,00000815691239801214","0,00000001180855088172"
"-0,30355416786216654600","0,00000060292087637619","0,00000001125203620221","0,00000074221461643007","0,00000001166392173072","0,00000083568513740739","0,00000001156586815638","0,00000163716394553032","0,00000011962519525217","0,00000142774985101443","0,00000053838704939168","0,00000108162631870957","0,00000104522784256156","0,00000104285295783845","0,00000263146319690767","0,00000001108653807379","0,00000001176095906582","0,00000001156649523077","0,00000142563692275776","0,00000810237271367357","0,00000001173239515934"
"-0,30155024522485190900","0,00000060272882279693","0,00000001125196481327","0,00000073577978346864","0,00000001163040040688","0,00000083578693271050","0,00000001158957479064","0,00000162350294063705","0,00000011842644889355","0,00000142015530897802","0,00000053830128861669","0,00000107400134884008","0,00000104367905393246","0,00000104106412740691","0,00000262890584284011","0,00000001115388907164","0,00000001176911528829","0,00000001151838646354","0,00000142046759195379","0,00000804802096324638","0,00000001164742824670"
"-0,29954632258753727300","0,00000060253663366784","0,00000001125279434388","0,00000072938182881129","0,00000001159692834417","0,00000083588962278084","0,00000001161253017962","0,00000160983401511012","0,00000011723211510436","0,00000141259352290328","0,00000053821501887615","0,00000106634375354600","0,00000104218634558525","0,00000103933038868417","0,00000262646275437919","0,00000001122291433156","0,00000001177540252595","0,00000001147043902308","0,00000141533540193038","0,00000799421450769432","0,00000001156014089594"
"-0,29754239995022263600","0,00000060236138887312","0,00000001125438009462","0,00000072303126510326","0,00000001156577843881","0,00000083598854981476","0,00000001163314064262","0,00000159616785580096","0,00000011604332074153","0,00000140505947207794","0,00000053813898642642","0,00000105866545853146","0,00000104075542551890","0,00000103767626166817","0,00000262416893794402","0,00000001128858143295","0,00000001177955118726","0,00000001142622388512","0,00000141027053630517","0,00000794131070798114","0,00000001147702385921"
"-0,29553847731290799900","0,00000060220308841276","0,00000001125672206547","0,00000071672809234456","0,00000001153695069079","0,00000083608371381223","0,00000001165140617964","0,00000158250446270958","0,00000011486006580506","0,00000139755315650200","0,00000053807319126748","0,00000105096646379647","0,00000103938629373339","0,00000103610174635889","0,00000262202439353462","0,00000001135089037584","0,00000001178156127221","0,00000001138574104967","0,00000140527299507816","0,00000788930956410685","0,00000001139807713651"
"-0,29353455467559341800","0,00000060206173228677","0,00000001125982025645","0,00000071047231053518","0,00000001151044510013","0,00000083617511477327","0,00000001166732679068","0,00000156884383583597","0,00000011368235029496","0,00000139007457617548","0,00000053801763339934","0,00000104324676934103","0,00000103807895022873","0,00000103460684275635","0,00000262002912115098","0,00000001140984116021","0,00000001178143278081","0,00000001134899051673","0,00000140034277824937","0,00000783821107607144","0,00000001132330072784"
"-0,29153063203827878100","0,00000060193732049515","0,00000001126367466754","0,00000070426391967512","0,00000001148626166681","0,00000083626275269787","0,00000001168090247574","0,00000155518597518014","0,00000011251017421121","0,00000138262373109836","0,00000053797231282200","0,00000103550637516514","0,00000103683339500493","0,00000103319155086054","0,00000261818312079310","0,00000001146543378606","0,00000001177916571305","0,00000001131597228629","0,00000139547988581877","0,00000778801524387491","0,00000001125269463320"
"-0,28952670940096414400","0,00000060182985303789","0,00000001126828529875","0,00000069810291976439","0,00000001146440039085","0,00000083634662758604","0,00000001169213323482","0,00000154153088074210","0,00000011134353755383","0,00000137520062127065","0,00000053793722953546","0,00000102774528126880","0,00000103564962806197","0,00000103185587067146","0,00000261648639246099","0,00000001151766825340","0,00000001177476006893","0,00000001128668635837","0,00000139068431778639","0,00000773872206751727","0,00000001118625885259"
"-0,28752278676364950700","0,00000060173932991500","0,00000001127365215009","0,00000069198931080299","0,00000001144486127223","0,00000083642673943778","0,00000001170101906792","0,00000152787855252182","0,00000011018244032281","0,00000136780524669234","0,00000053791238353972","0,00000101996348765200","0,00000103452764939987","0,00000103059980218912","0,00000261493893615463","0,00000001156654456223","0,00000001176821584846","0,00000001126113273295","0,00000138595607415221","0,00000769033154699850","0,00000001112399338601"
"-0,28551886412633487000","0,00000060166575112648","0,00000001127977522154","0,00000068592309279090","0,00000001142764431096","0,00000083650308825307","0,00000001170755997504","0,00000151422899051933","0,00000010902688251815","0,00000136043760736345","0,00000053789777483478","0,00000101216099431476","0,00000103346745901861","0,00000102942334541351","0,00000261354075187404","0,00000001161206271253","0,00000001175953305163","0,00000001123931141003","0,00000138129515491624","0,00000764284368231862","0,00000001106589823346"
"-0,28351494148902023300","0,00000060160911667232","0,00000001128665451311","0,00000067990426572815","0,00000001141274950704","0,00000083657567403193","0,00000001171175595618","0,00000150058219473461","0,00000010787686413985","0,00000135309770328396","0,00000053789340342064","0,00000100433780125706","0,00000103246905691820","0,00000102832650034463","0,00000261229183961921","0,00000001165422270433","0,00000001174871167844","0,00000001122122238963","0,00000137670156007847","0,00000759625847347762","0,00000001101197339495"
"-0,28151101885170559700","0,00000060156942655253","0,00000001129429002480","0,00000067393282961471","0,00000001140017686046","0,00000083664449677436","0,00000001171360701134","0,00000148693816516767","0,00000010673238518792","0,00000134578553445388","0,00000053789926929730","0,00000099649390847891","0,00000103153244309865","0,00000102730926698248","0,00000261119219939015","0,00000001169302453761","0,00000001173575172890","0,00000001120686567173","0,00000137217528963891","0,00000755057592047551","0,00000001096221887046"
"-0,27950709621439101500","0,00000060154668076711","0,00000001130268175661","0,00000066800878445060","0,00000001138992637124","0,00000083670955648035","0,00000001171311314052","0,00000147329690181851","0,00000010559344566234","0,00000133850110087320","0,00000053791537246476","0,00000098862931598030","0,00000103065761755994","0,00000102637164532706","0,00000261024183118684","0,00000001172846821237","0,00000001172065320300","0,00000001119624125634","0,00000136771634359756","0,00000750579602331228","0,00000001091663466000"
"-0,27750317357707637800","0,00000060154087931605","0,00000001131182970854","0,00000066213213023582","0,00000001138199803937","0,00000083677085314990","0,00000001171027434373","0,00000145965840468713","0,00000010446004556313","0,00000133124440254194","0,00000053794171292302","0,00000098074402376125","0,00000102984458030209","0,00000102551363537838","0,00000260944073500930","0,00000001176055372862","0,00000001170341610075","0,00000001118934914345","0,00000136332472195441","0,00000746191878198793","0,00000001087522076358"
"-0,27549925093976174200","0,00000060155202219936","0,00000001132173388058","0,00000065630286697036","0,00000001137639186484","0,00000083682838678302","0,00000001170509062095","0,00000144602267377352","0,00000010333218489028","0,00000132401543946008","0,00000053797829067208","0,00000097283803182174","0,00000102909333132508","0,00000102473523713643","0,00000260878891085752","0,00000001178928108635","0,00000001168404042214","0,00000001118618933307","0,00000135900042470947","0,00000741894419650246","0,00000001083797718118"
"-0,27349532830244710500","0,00000060158010941704","0,00000001133239427275","0,00000065052099465422","0,00000001137310784766","0,00000083688215737970","0,00000001169756197219","0,00000143238970907769","0,00000010220986364379","0,00000131681421162762","0,00000053802510571193","0,00000096491134016178","0,00000102840387062892","0,00000102403645060121","0,00000260828635873150","0,00000001181465028557","0,00000001166252616717","0,00000001118676182520","0,00000135474345186274","0,00000737687226685588","0,00000001080490391282"
"-0,27149140566513246800","0,00000060162514096908","0,00000001134381088504","0,00000064478651328741","0,00000001137214598783","0,00000083693216493995","0,00000001168768839746","0,00000141875951059964","0,00000010109308182367","0,00000130964071904458","0,00000053808215804259","0,00000095696394878137","0,00000102777619821362","0,00000102341727577273","0,00000260793307863124","0,00000001183666132627","0,00000001163887333585","0,00000001119106661984","0,00000135055380341421","0,00000733570299304817","0,00000001077600095849"
"-0,26948748302781783100","0,00000060168711685549","0,00000001135598371744","0,00000063909942286992","0,00000001137350628535","0,00000083697840946376","0,00000001167546989674","0,00000140513207833936","0,00000009998183942990","0,00000130249496171094","0,00000053814944766405","0,00000094899585768051","0,00000102721031407916","0,00000102287771265097","0,00000260772907055675","0,00000001185531420846","0,00000001161308192817","0,00000001119910371698","0,00000134643147936389","0,00000729543637507935","0,00000001075126831818"
"-0,26748356039050319400","0,00000060176603707626","0,00000001136891276997","0,00000063345972340175","0,00000001137718874022","0,00000083702089095113","0,00000001166090647004","0,00000139150741229686","0,00000009887613646250","0,00000129537693962671","0,00000053822697457631","0,00000094100706685920","0,00000102670621822555","0,00000102241776123595","0,00000260767433450802","0,00000001187060893214","0,00000001158515194414","0,00000001121087311664","0,00000134237647971177","0,00000725607241294941","0,00000001073070599191"
"-0,26547963775318855800","0,00000060186190163141","0,00000001138259804261","0,00000062786741488291","0,00000001138319335244","0,00000083705960940207","0,00000001164399811737","0,00000137788551247214","0,00000009777597292146","0,00000128828665279189","0,00000053831473877936","0,00000093299757631743","0,00000102626391065280","0,00000102203742152766","0,00000260776887048505","0,00000001188254549729","0,00000001155508338375","0,00000001122637481879","0,00000133838880445786","0,00000721761110665836","0,00000001071431397967"
"-0,26347571511587397600","0,00000060197471052092","0,00000001139703953537","0,00000062232249731340","0,00000001139152012200","0,00000083709456481658","0,00000001162474483871","0,00000136426637886520","0,00000009668134880678","0,00000128122410120647","0,00000053841274027322","0,00000092496738605521","0,00000102588339136089","0,00000102173669352611","0,00000260801267848784","0,00000001189112390394","0,00000001152287624700","0,00000001124560882346","0,00000133446845360216","0,00000718005245620619","0,00000001070209228146"
"-0,26147179247855933900","0,00000060210446374479","0,00000001141223724826","0,00000061682497069321","0,00000001140216904892","0,00000083712575719464","0,00000001160314663408","0,00000135065001147604","0,00000009559226411846","0,00000127418928487047","0,00000053852097905787","0,00000091691649607254","0,00000102556466034983","0,00000102151557723129","0,00000260840575851640","0,00000001189634415206","0,00000001148853053390","0,00000001126857513063","0,00000133061542714466","0,00000714339646159290","0,00000001069404089728"
"-0,25946786984124470300","0,00000060225116130303","0,00000001142819118126","0,00000061137483502234","0,00000001141514013318","0,00000083715318653628","0,00000001157920350347","0,00000133703641030465","0,00000009450871885650","0,00000126718220378386","0,00000053863945513333","0,00000090884490636942","0,00000102530771761963","0,00000102137407264319","0,00000260894811057072","0,00000001189820624168","0,00000001145204624444","0,00000001129527374031","0,00000132682972508537","0,00000710764312281849","0,00000001069015982713"
"-0,25746394720393006600","0,00000060241480319564","0,00000001144490133438","0,00000060597209030079","0,00000001143043337480","0,00000083717685284147","0,00000001155291544687","0,00000132342557535104","0,00000009343071302091","0,00000126020285794667","0,00000053876816849958","0,00000090075261694585","0,00000102511256317027","0,00000102131217976184","0,00000260963973465080","0,00000001189671017277","0,00000001141342337863","0,00000001132570465250","0,00000132311134742429","0,00000707279243988297","0,00000001069044907101"
"-0,25546002456661542900","0,00000060259538942262","0,00000001146236770762","0,00000060061673652858","0,00000001144804877376","0,00000083719675611023","0,00000001152428246430","0,00000130981750661521","0,00000009235824661168","0,00000125325124735889","0,00000053890711915664","0,00000089263962780182","0,00000102497919700176","0,00000102132989858721","0,00000261048063075664","0,00000001189185594536","0,00000001137266193646","0,00000001135986786720","0,00000131946029416141","0,00000703884441278633","0,00000001069490862892"
"-0,25345610192930079200","0,00000060279291998396","0,00000001148059030098","0,00000059530877370568","0,00000001146798633007","0,00000083721289634256","0,00000001149330455575","0,00000129621220409715","0,00000009129131962881","0,00000124632737202051","0,00000053905630710449","0,00000088450593893734","0,00000102490761911411","0,00000102142722911932","0,00000261147079888824","0,00000001188364355942","0,00000001132976191793","0,00000001139776338440","0,00000131587656529674","0,00000700579904152857","0,00000001070353850086"
"-0,25145217929198615500","0,00000060300739487966","0,00000001149956911446","0,00000059004820183211","0,00000001149024604373","0,00000083722527353845","0,00000001145998172121","0,00000128260966779687","0,00000009022993207230","0,00000123943123193154","0,00000053921573234315","0,00000087635155035241","0,00000102489782950730","0,00000102160417135815","0,00000261261023904561","0,00000001187207301498","0,00000001128472332305","0,00000001143939120411","0,00000131236016083028","0,00000697365632610969","0,00000001071633868683"
"-0,24944825665467154600","0,00000060321896306436","0,00000001151798005067","0,00000058488585128989","0,00000001151344435117","0,00000083723567678646","0,00000001142669249216","0,00000126918020966787","0,00000008918097974541","0,00000123263926109306","0,00000053937654066662","0,00000086821915884087","0,00000102497063284488","0,00000102186780571821","0,00000261395851077989","0,00000001185830798506","0,00000001124053842343","0,00000001148169991002","0,00000130888329538468","0,00000694301942356991","0,00000001073209878902"
"-0,24744433401735690900","0,00000060340777349267","0,00000001153449901220","0,00000057987255246103","0,00000001153619768883","0,00000083724589517515","0,00000001139581540006","0,00000125609414166363","0,00000008815135845141","0,00000122602789350618","0,00000053952987786894","0,00000086015146119656","0,00000102514683379036","0,00000102222521261396","0,00000261557517364225","0,00000001184351214270","0,00000001120019949068","0,00000001152163808584","0,00000130541818358260","0,00000691449149094946","0,00000001074960840960"
"-0,24544041138004230000","0,00000060357382616458","0,00000001154912599907","0,00000057500830534555","0,00000001155850605670","0,00000083725592870453","0,00000001136735044490","0,00000124335146378415","0,00000008714106819030","0,00000121959712917090","0,00000053967574395009","0,00000085214845741947","0,00000102542643234376","0,00000102267639204541","0,00000261746022763267","0,00000001182768548792","0,00000001116370652482","0,00000001155920573157","0,00000130196482542405","0,00000688807252824831","0,00000001076886754859"
"-0,24343648874272766400","0,00000060371712108011","0,00000001156186101127","0,00000057029310994343","0,00000001158036945480","0,00000083726577737459","0,00000001134129762669","0,00000123095217602944","0,00000008615010896207","0,00000121334696808720","0,00000053981413891008","0,00000084421014750962","0,00000102580942850508","0,00000102322134401255","0,00000261961367275117","0,00000001181082802070","0,00000001113105952583","0,00000001159440284721","0,00000129852322090903","0,00000686376253546649","0,00000001078987620597"
"-0,24143256610541302700","0,00000060383765823924","0,00000001157270404880","0,00000056572696625469","0,00000001160178788311","0,00000083727544118533","0,00000001131765694543","0,00000121889627839950","0,00000008517848076672","0,00000120727741025509","0,00000053994506274891","0,00000083633653146699","0,00000102629582227430","0,00000102386006851540","0,00000262203550899774","0,00000001179293974105","0,00000001110225849373","0,00000001162722943275","0,00000129509337003753","0,00000684156151260399","0,00000001081263438175"
"-0,23942864346809839000","0,00000060393543764198","0,00000001158165511167","0,00000056130987427931","0,00000001162276134164","0,00000083728492013675","0,00000001129642840111","0,00000120718377089432","0,00000008422618360426","0,00000120138845567458","0,00000054006851546659","0,00000082852760929159","0,00000102688561365144","0,00000102459256555394","0,00000262472573637237","0,00000001177402064897","0,00000001107730342850","0,00000001165768548819","0,00000129167527280955","0,00000682146945966080","0,00000001083714207594"
"-0,23742472083078378100","0,00000060401045928834","0,00000001158871419986","0,00000055704183401731","0,00000001164328983038","0,00000083729421422886","0,00000001127761199373","0,00000119581465351392","0,00000008329321747469","0,00000119568010434566","0,00000054018449706310","0,00000082078338098342","0,00000102757880263649","0,00000102541883512818","0,00000262768435487508","0,00000001175407074445","0,00000001105619433015","0,00000001168577101354","0,00000128826892922510","0,00000680348637663693","0,00000001086339928852"
"-0,23542079819346914400","0,00000060406272317830","0,00000001159388131339","0,00000055292284546867","0,00000001166337334934","0,00000083730332346164","0,00000001126120772331","0,00000118478892625827","0,00000008237958237800","0,00000119015235626833","0,00000054029300753845","0,00000081310384654248","0,00000102837538922945","0,00000102633887723812","0,00000263091136450586","0,00000001173309002751","0,00000001103893119868","0,00000001171148600880","0,00000128487433928417","0,00000678761226353238","0,00000001089140601950"
"-0,23341687555615450700","0,00000060409222931187","0,00000001159715645225","0,00000054895290863341","0,00000001168301189852","0,00000083731224783511","0,00000001124721558983","0,00000117410658912739","0,00000008148527831420","0,00000118480521144259","0,00000054039404689264","0,00000080548900596877","0,00000102927537343033","0,00000102735269188375","0,00000263440676526471","0,00000001171107849813","0,00000001102551403409","0,00000001173483047396","0,00000128149150298677","0,00000677384712034715","0,00000001092116226888"
"-0,23141295291883987000","0,00000060409897768905","0,00000001159853961644","0,00000054513202351151","0,00000001170220547792","0,00000083732098734926","0,00000001123563559329","0,00000116376764212128","0,00000008061030528328","0,00000117963866986844","0,00000054048761512567","0,00000079793885926228","0,00000103027875523911","0,00000102846027906508","0,00000263817055715163","0,00000001168803615632","0,00000001101594283638","0,00000001175580440903","0,00000127812042033290","0,00000676219094708123","0,00000001095266803666"
"-0,22940903028152526100","0,00000060408296830985","0,00000001159803080596","0,00000054146019010298","0,00000001172095408754","0,00000083732954200410","0,00000001122646773371","0,00000115377208523994","0,00000007975466328525","0,00000117465273154588","0,00000054057371223754","0,00000079045340642302","0,00000103138553465581","0,00000102966163878211","0,00000264220274016662","0,00000001166396300208","0,00000001101021760554","0,00000001177440781400","0,00000127476109132255","0,00000675264374373463","0,00000001098592332283"
"-0,22740510764421062400","0,00000060404420117425","0,00000001159563002081","0,00000053793740840783","0,00000001173925772737","0,00000083733791179961","0,00000001121971201106","0,00000114411991848336","0,00000007891835232010","0,00000116984739647492","0,00000054065233822825","0,00000078303264745100","0,00000103259571168043","0,00000103095677103484","0,00000264650331430969","0,00000001163885903540","0,00000001100833834159","0,00000001179064068889","0,00000127141351595572","0,00000674520551030735","0,00000001102092812741"
"-0,22540118500689598800","0,00000060398267628226","0,00000001159133726100","0,00000053456367842604","0,00000001175711639742","0,00000083734609673581","0,00000001121536842537","0,00000113481114185154","0,00000007810137238784","0,00000116522266465554","0,00000054072349309780","0,00000077567658234620","0,00000103390928631295","0,00000103234567582327","0,00000265107227958082","0,00000001161272425630","0,00000001101030504451","0,00000001180450303367","0,00000126807769423242","0,00000673987624679939","0,00000001105768245039"
"-0,22339726236958137900","0,00000060389839363388","0,00000001158515252652","0,00000053133900015763","0,00000001177453009768","0,00000083735409681269","0,00000001121343697662","0,00000112584575534450","0,00000007730372348846","0,00000116077853608776","0,00000054078717684619","0,00000076838521110863","0,00000103532625855339","0,00000103382835314739","0,00000265590963598002","0,00000001158555866476","0,00000001101611771431","0,00000001181599484836","0,00000126475362615264","0,00000673665595321075","0,00000001109618629176"
"-0,22139333973226674200","0,00000060379135322911","0,00000001157707581737","0,00000052826337360258","0,00000001179149882817","0,00000083736191203025","0,00000001121391766482","0,00000111722375896221","0,00000007652540562197","0,00000115651501077157","0,00000054084338947341","0,00000076115853373828","0,00000103684662840174","0,00000103540480300721","0,00000266101538350730","0,00000001155736226079","0,00000001102577635099","0,00000001182511613296","0,00000126144131171639","0,00000673554462954142","0,00000001113643965154"
"-0,21938941709495210500","0,00000060366155506795","0,00000001156710713355","0,00000052533679876090","0,00000001180802258887","0,00000083736954238850","0,00000001121681048996","0,00000110894515270470","0,00000007576641878836","0,00000115243208870697","0,00000054089213097948","0,00000075399655023517","0,00000103847039585800","0,00000103707502540273","0,00000266638952216265","0,00000001152813504438","0,00000001103928095455","0,00000001183186688747","0,00000125814075092366","0,00000673654227579141","0,00000001117844252971"
"-0,21738549445763746800","0,00000060350899915039","0,00000001155524647506","0,00000052255927563259","0,00000001182410137979","0,00000083737698788742","0,00000001122211545205","0,00000110100993657195","0,00000007502676298764","0,00000114852976989397","0,00000054093340136439","0,00000074689926059928","0,00000104019756092218","0,00000103883902033394","0,00000267203205194606","0,00000001149787701555","0,00000001105663152499","0,00000001183624711188","0,00000125485194377446","0,00000673964889196072","0,00000001122219492628"
"-0,21538157182032285900","0,00000060333368547645","0,00000001154149384191","0,00000051993080421766","0,00000001183973520093","0,00000083738424852703","0,00000001122983255108","0,00000109341811056397","0,00000007430643821981","0,00000114480805433255","0,00000054096720062814","0,00000073986666483063","0,00000104202812359427","0,00000104069678780086","0,00000267794297285755","0,00000001146658817428","0,00000001107782806231","0,00000001183825680619","0,00000125157489026878","0,00000674486447804935","0,00000001126769684126"
"-0,21337764918300822200","0,00000060313561404612","0,00000001152584923408","0,00000051745138451609","0,00000001185492405228","0,00000083739132430732","0,00000001123996178706","0,00000108616967468075","0,00000007360544448486","0,00000114126694202273","0,00000054099352877072","0,00000073289876292920","0,00000104396208387427","0,00000104264832780347","0,00000268412228489711","0,00000001143426852058","0,00000001110287056651","0,00000001183789597041","0,00000124830959040663","0,00000675218903405729","0,00000001131494827463"
"-0,21137372654569358500","0,00000060291478485940","0,00000001150831265159","0,00000051512101652789","0,00000001186966793385","0,00000083739821522829","0,00000001125250315999","0,00000107926462892230","0,00000007292378178279","0,00000113790643296450","0,00000054101238579215","0,00000072599555489500","0,00000104599944176218","0,00000104469364034178","0,00000269056998806474","0,00000001140091805445","0,00000001113175903758","0,00000001183516460454","0,00000124505604418800","0,00000676162255998456","0,00000001136394922640"
"-0,20936980390837894900","0,00000060267119791629","0,00000001148888409443","0,00000051293970025306","0,00000001188396684564","0,00000083740492128995","0,00000001126745666987","0,00000107270297328861","0,00000007226145011361","0,00000113472652715785","0,00000054102377169242","0,00000071915704072802","0,00000104814019725801","0,00000104683272541578","0,00000269728608236044","0,00000001136653677589","0,00000001116449347554","0,00000001183006270858","0,00000124181425161290","0,00000677316505583114","0,00000001141469969657"
"-0,20736588127106434000","0,00000060240485321678","0,00000001146756356260","0,00000051090743569161","0,00000001189782078764","0,00000083741144249229","0,00000001128482231669","0,00000106648470777970","0,00000007161844947732","0,00000113172722460281","0,00000054102768647152","0,00000071238322042828","0,00000105038435036175","0,00000104906558302549","0,00000270427056778421","0,00000001133112468489","0,00000001120107388037","0,00000001182259028252","0,00000123858421268132","0,00000678681652159704","0,00000001146719968514"
"-0,20536195863374970300","0,00000060211575076089","0,00000001144435105610","0,00000050902422284352","0,00000001191122975987","0,00000083741777883531","0,00000001130460010045","0,00000106060983239554","0,00000007099477987391","0,00000112890852529935","0,00000054102413012947","0,00000070567409399576","0,00000105273190107340","0,00000105139221317089","0,00000271152344433606","0,00000001129468178146","0,00000001124150025208","0,00000001181274732636","0,00000123536592739327","0,00000680257695728225","0,00000001152144919210"
"-0,20335803599643506600","0,00000060180389054860","0,00000001141924657494","0,00000050729006170880","0,00000001192419376231","0,00000083742393031901","0,00000001132679002116","0,00000105507834713616","0,00000007039044130338","0,00000112627042924748","0,00000054101310266625","0,00000069902966143048","0,00000105518284939296","0,00000105381261585199","0,00000271904471201597","0,00000001125720806561","0,00000001128577259067","0,00000001180053384011","0,00000123215939574874","0,00000682044636288679","0,00000001157744821747"
"-0,20135411335912042900","0,00000060146927257993","0,00000001139225011911","0,00000050570495228745","0,00000001193671279496","0,00000083742989694339","0,00000001135139207882","0,00000104989025200154","0,00000006980543376575","0,00000112381293644721","0,00000054099460408187","0,00000069244992273242","0,00000105773719532044","0,00000105632679106878","0,00000272683437082395","0,00000001121870353731","0,00000001133389089614","0,00000001178594982377","0,00000122896461774773","0,00000684042473841064","0,00000001163519676124"
"-0,19935019072180582000","0,00000060113318402202","0,00000001136562928904","0,00000050430359075125","0,00000001194845245606","0,00000083743772528111","0,00000001137676193187","0,00000104509125204898","0,00000006925037613436","0,00000112158012706293","0,00000054097386658090","0,00000068604953420037","0,00000106039099959292","0,00000105893532761337","0,00000273496579822032","0,00000001118162839940","0,00000001138216839680","0,00000001177005531790","0,00000122588069281175","0,00000686236806376780","0,00000001169089442689"
"-0,19734626808449118300","0,00000060081691204203","0,00000001134165168515","0,00000050312067327198","0,00000001195907834382","0,00000083744946190480","0,00000001140125523875","0,00000104072705233578","0,00000006873588728259","0,00000111961608125906","0,00000054095612236788","0,00000067994315213313","0,00000106314032294751","0,00000106163881427783","0,00000274351237166537","0,00000001114844285468","0,00000001142691832098","0,00000001175391036307","0,00000122300672036230","0,00000688613231887225","0,00000001174074081791"
"-0,19534234544717654600","0,00000060052045663995","0,00000001132031730746","0,00000050215619984965","0,00000001196859045825","0,00000083746510681448","0,00000001142487199946","0,00000103679765286194","0,00000006826196721044","0,00000111792079903559","0,00000054094137144282","0,00000067413077653068","0,00000106598516538420","0,00000106443725106218","0,00000275247409115911","0,00000001111914690314","0,00000001146814066868","0,00000001173751495927","0,00000122034270039937","0,00000691171750372400","0,00000001178473593431"
"-0,19333842280986191000","0,00000060024381781580","0,00000001130162615597","0,00000050141017048424","0,00000001197698879933","0,00000083748466001014","0,00000001144761221400","0,00000103330305362747","0,00000006782861591791","0,00000111649428039253","0,00000054092961380572","0,00000066861240739302","0,00000106892552690299","0,00000106733063796640","0,00000276185095670154","0,00000001109374054479","0,00000001150583543989","0,00000001172086910652","0,00000121788863292296","0,00000693912361832304","0,00000001182287977608"
"-0,19133450017254730000","0,00000059998699556957","0,00000001128557823066","0,00000050088258517576","0,00000001198427336709","0,00000083750812149179","0,00000001146947588237","0,00000103024325463235","0,00000006743583340500","0,00000111533652532987","0,00000054092084945658","0,00000066338804472017","0,00000107196140750389","0,00000107031897499051","0,00000277164296829266","0,00000001107222377964","0,00000001154000263462","0,00000001170397280481","0,00000121564451793308","0,00000696835066266938","0,00000001185517234322"
"-0,18933057753523266400","0,00000059974998990125","0,00000001127217353154","0,00000050057344392422","0,00000001199044416150","0,00000083753549125941","0,00000001149046300457","0,00000102761825587659","0,00000006708361967171","0,00000111444753384762","0,00000054091507839540","0,00000065845768851211","0,00000107509280718689","0,00000107340226213449","0,00000278185012593247","0,00000001105459660767","0,00000001157064225286","0,00000001168682605413","0,00000121361035542972","0,00000699939863676301","0,00000001188161363573"
"-0,18732665489791802700","0,00000059953280081085","0,00000001126141205862","0,00000050048274672960","0,00000001199550118258","0,00000083756676931302","0,00000001151057358061","0,00000102542805736020","0,00000006677197471803","0,00000111382730594577","0,00000054091230062218","0,00000065382133876885","0,00000107831972595199","0,00000107658049939835","0,00000279247242962097","0,00000001104085902889","0,00000001159775429461","0,00000001166942885449","0,00000121178614541289","0,00000703226754060394","0,00000001190220365362"
"-0,18532273226060341800","0,00000059933542829838","0,00000001125329381188","0,00000050061049359191","0,00000001199944443032","0,00000083760195565261","0,00000001152980761048","0,00000102367265908316","0,00000006650089854398","0,00000111347584162432","0,00000054091251613692","0,00000064947899549038","0,00000108164216379920","0,00000107985368678209","0,00000280350987935816","0,00000001103101104330","0,00000001162133875988","0,00000001165178120589","0,00000121017188788258","0,00000706695737419216","0,00000001191694239688"
"-0,18331880962328878100","0,00000059915787236382","0,00000001124781879134","0,00000050095668451116","0,00000001200227390472","0,00000083764105027818","0,00000001154816509417","0,00000102235206104549","0,00000006627039114954","0,00000111339314088328","0,00000054091572493962","0,00000064543065867672","0,00000108506012072851","0,00000108322182428571","0,00000281496247514403","0,00000001102505265090","0,00000001164139564866","0,00000001163388310833","0,00000120876758283880","0,00000710346813752768","0,00000001192582986551"
"-0,18131488698597414400","0,00000059900013300718","0,00000001124498699698","0,00000050152131948734","0,00000001200398960579","0,00000083768405318973","0,00000001156564603170","0,00000102146626324717","0,00000006608045253472","0,00000111357920372264","0,00000054092192703028","0,00000064167632832785","0,00000108857359673992","0,00000108668491190921","0,00000282683021697860","0,00000001102298385169","0,00000001165792496096","0,00000001161573456181","0,00000120757323028154","0,00000714179983061049","0,00000001192886605951"
"-0,17931096434865950700","0,00000059886221022846","0,00000001124479842882","0,00000050230439852044","0,00000001200459153352","0,00000083773096438727","0,00000001158225042306","0,00000102101526568821","0,00000006593108269952","0,00000111403403014241","0,00000054093112240890","0,00000063821600444377","0,00000109218259183344","0,00000109024294965259","0,00000283911310486185","0,00000001102480464566","0,00000001167092669678","0,00000001159733556633","0,00000120658883021081","0,00000718195245344059","0,00000001192605097889"
"-0,17730704171134489800","0,00000059874410402765","0,00000001124725308685","0,00000050330592161048","0,00000001200407968791","0,00000083778178387078","0,00000001159797826825","0,00000102099906836862","0,00000006582228164394","0,00000111475762014259","0,00000054094331107547","0,00000063504968702450","0,00000109588710600905","0,00000109389593751585","0,00000285181113879379","0,00000001103051503283","0,00000001168040085611","0,00000001157868612189","0,00000120581438262660","0,00000722392600601799","0,00000001191738462364"
"-0,17530311907403026100","0,00000059864581440477","0,00000001125235097107","0,00000050452588875745","0,00000001200245406897","0,00000083783651164028","0,00000001161282956727","0,00000102141767128838","0,00000006575404936798","0,00000111574997372316","0,00000054095849303001","0,00000063217737607002","0,00000109968713926678","0,00000109764387549899","0,00000286492431877442","0,00000001104011501318","0,00000001168634743895","0,00000001155978622849","0,00000120524988752891","0,00000726772048834269","0,00000001190286699376"
"-0,17329919643671562500","0,00000059856734135981","0,00000001126009208148","0,00000050596429996134","0,00000001199971467669","0,00000083789514769576","0,00000001162680432013","0,00000102227107444751","0,00000006572638587164","0,00000111701109088415","0,00000054097666827250","0,00000062959907158034","0,00000110358269160660","0,00000110148676360201","0,00000287845264480374","0,00000001105360458673","0,00000001168876644531","0,00000001154063588612","0,00000120489534491775","0,00000731333590041468","0,00000001188249808925"
"-0,17129527379940098800","0,00000059850868489276","0,00000001127047641808","0,00000050762115522217","0,00000001199586151107","0,00000083795769203722","0,00000001163990252681","0,00000102355927784599","0,00000006573929115492","0,00000111854097162553","0,00000054099783680296","0,00000062731477355546","0,00000110757376302853","0,00000110542460182491","0,00000289239611688175","0,00000001107098375346","0,00000001168765787518","0,00000001152123509479","0,00000120475075479311","0,00000736077224223397","0,00000001185627791011"
"-0,16929135116208637900","0,00000059846984500364","0,00000001128350398088","0,00000050949645453993","0,00000001199089457212","0,00000083802414466467","0,00000001165212418733","0,00000102528228148384","0,00000006579276521781","0,00000112033961594733","0,00000054102199862137","0,00000062532448199537","0,00000111166035353256","0,00000110945739016769","0,00000290675473500845","0,00000001109225251338","0,00000001168302172857","0,00000001150158385451","0,00000120481611715500","0,00000741002951380055","0,00000001182420645635"
"-0,16728742852477174200","0,00000059845082169243","0,00000001129917476986","0,00000051159019791462","0,00000001198481385983","0,00000083809450557809","0,00000001166346930168","0,00000102744008536104","0,00000006588680806033","0,00000112240702384952","0,00000054104915372774","0,00000062362819690008","0,00000111584246311870","0,00000111358512863034","0,00000292152849918383","0,00000001111741086650","0,00000001167485800548","0,00000001148168216526","0,00000120509143200341","0,00000746110771511442","0,00000001178628372796"
"-0,16528350588745710500","0,00000059845161495914","0,00000001131748878504","0,00000051390238534624","0,00000001197761937420","0,00000083816877477750","0,00000001167393786986","0,00000103003268947761","0,00000006602141968246","0,00000112474319533212","0,00000054107930212208","0,00000062222591826959","0,00000112012009178693","0,00000111780781721288","0,00000293671740940791","0,00000001114645881280","0,00000001166316670589","0,00000001146153002705","0,00000120557669933835","0,00000751400684617559","0,00000001174250972494"
"-0,16327958325014246800","0,00000059847222480377","0,00000001133844602640","0,00000051643301683479","0,00000001196931111524","0,00000083824695226289","0,00000001168352989187","0,00000103306009383353","0,00000006619660008421","0,00000112734813039513","0,00000054111244380437","0,00000062111764610390","0,00000112449323953727","0,00000112212545591529","0,00000295232146568067","0,00000001117939635229","0,00000001164794782983","0,00000001144112743988","0,00000120627191915981","0,00000756872690698406","0,00000001169288444730"
"-0,16127566061282785900","0,00000059851265122632","0,00000001136204649396","0,00000051918209238027","0,00000001195988908294","0,00000083832903803426","0,00000001169224536771","0,00000103652229842882","0,00000006641234926558","0,00000113022182903854","0,00000054114857877462","0,00000062030338040300","0,00000112896190636972","0,00000112653804473759","0,00000296834066800212","0,00000001121622348496","0,00000001162920137728","0,00000001142047440374","0,00000120717709146779","0,00000762526789753981","0,00000001163740789502"
"-0,15927173797551322200","0,00000059857289422679","0,00000001138829018771","0,00000052214961198268","0,00000001194935327730","0,00000083841503209161","0,00000001170008429738","0,00000104041930326347","0,00000006666866722657","0,00000113336429126235","0,00000054118770703283","0,00000061978312116690","0,00000113352609228427","0,00000113104558367976","0,00000298477501637227","0,00000001125694021083","0,00000001160692734824","0,00000001139957091865","0,00000120829221626230","0,00000768362981784287","0,00000001157608006812"
"-0,15726781533819858500","0,00000059865295380518","0,00000001141717710765","0,00000052533557564202","0,00000001193770369833","0,00000083850493443495","0,00000001170704668088","0,00000104475110833747","0,00000006696555396718","0,00000113677551706657","0,00000054122982857900","0,00000061955686839560","0,00000113818579728092","0,00000113564807274182","0,00000300162451079110","0,00000001130154652989","0,00000001158112574272","0,00000001137841698460","0,00000120961729354333","0,00000774381266789322","0,00000001150890096659"
"-0,15526389270088394900","0,00000059875282996148","0,00000001144870725378","0,00000052873998335830","0,00000001192494034602","0,00000083859874506427","0,00000001171313251822","0,00000104951771365084","0,00000006730300948740","0,00000114045550645119","0,00000054127494341313","0,00000061962462208910","0,00000114294102135967","0,00000114034551192375","0,00000301888915125862","0,00000001135004244213","0,00000001155179656071","0,00000001135701260158","0,00000121115232331089","0,00000780581644769086","0,00000001143587059044"
"-0,15325997006356934000","0,00000059887252269571","0,00000001148288062610","0,00000053236283513150","0,00000001191106322037","0,00000083869646397956","0,00000001171834180939","0,00000105471911920357","0,00000006768103378725","0,00000114440425941622","0,00000054132305153522","0,00000061998638224739","0,00000114779176452053","0,00000114513790122556","0,00000303656893777482","0,00000001140242794757","0,00000001151893980222","0,00000001133535776961","0,00000121289730556498","0,00000786964115723580","0,00000001135698893965"
"-0,15125604742625470300","0,00000059901203200785","0,00000001151969722461","0,00000053620413096163","0,00000001189607232139","0,00000083879809118085","0,00000001172267455438","0,00000106035532499565","0,00000006809962686671","0,00000114862177596165","0,00000054137415294527","0,00000062064214887048","0,00000115273802676349","0,00000115002524064726","0,00000305466387033972","0,00000001145870304619","0,00000001148255546724","0,00000001131345248867","0,00000121485224030558","0,00000793528679652803","0,00000001127225601424"
"-0,14925212478894006600","0,00000059915510445563","0,00000001155666077273","0,00000054023950771301","0,00000001188216904404","0,00000083889888720782","0,00000001172586386575","0,00000106638101591488","0,00000006855017169236","0,00000115308245996046","0,00000054142764930424","0,00000062160347622411","0,00000115775969799110","0,00000115499182332915","0,00000307310817916250","0,00000001151481243373","0,00000001144526254280","0,00000001129280659925","0,00000121699643180466","0,00000800224968184055","0,00000001118772231896"
"-0,14724820215162545700","0,00000059928548659677","0,00000001159127499387","0,00000054444460224994","0,00000001187155478329","0,00000083899411260021","0,00000001172764285601","0,00000107275087684903","0,00000006902405123075","0,00000115776071528561","0,00000054148294227312","0,00000062288191857403","0,00000116283666810591","0,00000116002194241158","0,00000309183609445237","0,00000001156670080590","0,00000001140968001590","0,00000001127492994183","0,00000121930918433415","0,00000807002612944636","0,00000001110943835858"
"-0,14524427951431082000","0,00000059940317843125","0,00000001162353988803","0,00000054881941457243","0,00000001186422953914","0,00000083908376735801","0,00000001172801152518","0,00000107946490779810","0,00000006952126548190","0,00000116265654193711","0,00000054154003185190","0,00000062447747592023","0,00000116796893710793","0,00000116511559789453","0,00000311084761620931","0,00000001161436816270","0,00000001137580788656","0,00000001125982251642","0,00000122179049789406","0,00000813861613934544","0,00000001103740413310"
"-0,14324035687699618300","0,00000059950817995909","0,00000001165345545522","0,00000055336394468047","0,00000001186019331160","0,00000083916785148121","0,00000001172696987325","0,00000108652310876209","0,00000007004181444579","0,00000116776993991494","0,00000054159891804058","0,00000062639014826272","0,00000117315650499715","0,00000117027278977800","0,00000313014274443333","0,00000001165781450414","0,00000001134364615477","0,00000001124748432300","0,00000122444037248438","0,00000820801971153781","0,00000001097161964251"
"-0,14123643423968154600","0,00000059960049118029","0,00000001168102169542","0,00000055807819257407","0,00000001185944610066","0,00000083924636496983","0,00000001172451790021","0,00000109392547974100","0,00000007058569812244","0,00000117310090921913","0,00000054165960083917","0,00000062861993560149","0,00000117839937177357","0,00000117549351806201","0,00000314972147912443","0,00000001169703983021","0,00000001131319482054","0,00000001123791536158","0,00000122725880810511","0,00000827823684602345","0,00000001091208488681"
"-0,13923251160236693700","0,00000059968011209483","0,00000001170623860865","0,00000056296215825322","0,00000001186198790632","0,00000083931930782386","0,00000001172065560608","0,00000110167202073483","0,00000007115291651183","0,00000117864944984966","0,00000054172208024765","0,00000063116683793655","0,00000118369753743719","0,00000118077778274654","0,00000316958382028261","0,00000001173204414091","0,00000001128445388385","0,00000001123111563217","0,00000123024580475626","0,00000834926754280238","0,00000001085879986602"
"-0,13722858896505230100","0,00000059974704270273","0,00000001172910619491","0,00000056801584171793","0,00000001186781872858","0,00000083938668004330","0,00000001171538299085","0,00000110976273174358","0,00000007174346961397","0,00000118441556180653","0,00000054178635626603","0,00000063403085526789","0,00000118905100198802","0,00000118612558383160","0,00000318972976790787","0,00000001176282743625","0,00000001125742334472","0,00000001122708513476","0,00000123340136243782","0,00000842111180187459","0,00000001081176458012"
"-0,13522466632773766400","0,00000059980128300398","0,00000001174962445418","0,00000057323924296820","0,00000001187693856745","0,00000083944848162815","0,00000001170870005452","0,00000111819761276725","0,00000007235735742886","0,00000119039924508974","0,00000054185242889432","0,00000063721198759551","0,00000119445976542605","0,00000119153692131719","0,00000321015932200021","0,00000001178938971623","0,00000001123210320314","0,00000001122582386934","0,00000123672548114980","0,00000849376962324008","0,00000001077097902911"
"-0,13322074369042302700","0,00000059984283299859","0,00000001176779338648","0,00000057863236200402","0,00000001188934742292","0,00000083950471257840","0,00000001170060679709","0,00000112697666380585","0,00000007299457995649","0,00000119660049969930","0,00000054192029813250","0,00000064071023491943","0,00000119992382775128","0,00000119701179520331","0,00000323087248255963","0,00000001181173098083","0,00000001120849345911","0,00000001122733183593","0,00000124021816089219","0,00000856724100689885","0,00000001073644321300"
"-0,13121682105310841800","0,00000059987169268655","0,00000001178361299180","0,00000058419519882539","0,00000001190504529499","0,00000083955537289407","0,00000001169110321856","0,00000113609988485936","0,00000007365513719688","0,00000120301932563521","0,00000054198996398059","0,00000064452559723962","0,00000120544318896371","0,00000120255020548995","0,00000325186924958613","0,00000001182985123008","0,00000001118659411263","0,00000001123160903452","0,00000124387940166500","0,00000864152595285091","0,00000001070815713179"
"-0,12921289841579378100","0,00000059988786206786","0,00000001179708327014","0,00000058992775343233","0,00000001192403218366","0,00000083960046257515","0,00000001168018931894","0,00000114556727592780","0,00000007433902915001","0,00000120965572289746","0,00000054206142643858","0,00000064865807455611","0,00000121101784906335","0,00000120815215217712","0,00000327314962307971","0,00000001184375046395","0,00000001116640516371","0,00000001123865546511","0,00000124770920346822","0,00000871662446109625","0,00000001068612078547"
"-0,12720897577847914400","0,00000059989134114252","0,00000001180820422150","0,00000059583002582481","0,00000001194630808894","0,00000083963998162164","0,00000001166786509821","0,00000115537883701115","0,00000007504625581590","0,00000121650969148605","0,00000054213468550647","0,00000065310766686888","0,00000121664780805019","0,00000121381763526482","0,00000329471360304037","0,00000001185342868246","0,00000001114792661234","0,00000001124847112770","0,00000125170756630185","0,00000879253653163486","0,00000001067033417405"
"-0,12520505314116450700","0,00000059988212991054","0,00000001181697584589","0,00000060190201600286","0,00000001197187301082","0,00000083967393003354","0,00000001165413055639","0,00000116553456810943","0,00000007577681719453","0,00000122358123140099","0,00000054220974118426","0,00000065787437417793","0,00000122233306592423","0,00000121954665475305","0,00000331656118946811","0,00000001185888588560","0,00000001113115845852","0,00000001126105602229","0,00000125587449016590","0,00000886926216446676","0,00000001066079729753"
"-0,12320113050384988400","0,00000059986022837191","0,00000001182339814330","0,00000060814372396645","0,00000001200072694930","0,00000083970230781085","0,00000001163898569346","0,00000117603446922263","0,00000007653071328591","0,00000123087034264227","0,00000054228659347195","0,00000066295819648327","0,00000122807362268547","0,00000122533921064180","0,00000333869238236293","0,00000001186012207338","0,00000001111610070225","0,00000001127641014888","0,00000126020997506036","0,00000894680135959194","0,00000001065751015590"
"-0,12119720786653526100","0,00000059982563652663","0,00000001182747111373","0,00000061455514971561","0,00000001203286990438","0,00000083972511495357","0,00000001162243050944","0,00000118687854035075","0,00000007730794409004","0,00000123837702520989","0,00000054236524236954","0,00000066835913378489","0,00000123386947833391","0,00000123119530293108","0,00000336110718172483","0,00000001185713724579","0,00000001110275334353","0,00000001129453350747","0,00000126471402098524","0,00000902515411701041","0,00000001066047274916"
"-0,11919328522922063800","0,00000059977835437471","0,00000001182919475718","0,00000062113629325032","0,00000001206830187607","0,00000083974235146170","0,00000001160446500432","0,00000119806678149379","0,00000007810850960692","0,00000124610127910386","0,00000054244568787703","0,00000067407718608280","0,00000123972063286956","0,00000123711493162089","0,00000338380558755381","0,00000001184993140284","0,00000001109111638236","0,00000001131542609806","0,00000126938662794053","0,00000910432043672215","0,00000001066968507733"
"-0,11718936259190600200","0,00000059971838191614","0,00000001182856907365","0,00000062788715457058","0,00000001210702286435","0,00000083975401733524","0,00000001158508917810","0,00000120959919265175","0,00000007893240983655","0,00000125404310432418","0,00000054252792999443","0,00000068011235337699","0,00000124562708629241","0,00000124309809671122","0,00000340678759984987","0,00000001183850454452","0,00000001108118981875","0,00000001133908792065","0,00000127422779592624","0,00000918430031872718","0,00000001068514714039"
"-0,11518543995459137900","0,00000059964571915092","0,00000001182559406315","0,00000063480773367640","0,00000001214903286924","0,00000083976011257419","0,00000001156430303077","0,00000122147577382463","0,00000007977964477892","0,00000126220250087084","0,00000054261196872172","0,00000068646463566747","0,00000125158883860246","0,00000124914479820209","0,00000343005321861301","0,00000001182285667083","0,00000001107297365269","0,00000001136551897525","0,00000127923752494236","0,00000926509376302548","0,00000001070685893834"
"-0,11318151731727674200","0,00000059956036607906","0,00000001182026972567","0,00000064189803056778","0,00000001219433189074","0,00000083976063717855","0,00000001154210656236","0,00000123369652501244","0,00000008065021443405","0,00000127057946874384","0,00000054269780405892","0,00000069313403295424","0,00000125760588979972","0,00000125525503609348","0,00000345360244384323","0,00000001180298778178","0,00000001106646788418","0,00000001139471926184","0,00000128441581498890","0,00000934670076961707","0,00000001073482047119"
"-0,11117759467996211900","0,00000059946232270055","0,00000001181259606121","0,00000064915804524471","0,00000001224291992883","0,00000083975559114832","0,00000001151849977284","0,00000124626144621516","0,00000008154411880192","0,00000127917400794319","0,00000054278543600602","0,00000070012054523729","0,00000126367823988417","0,00000126142881038540","0,00000347743527554053","0,00000001177889787736","0,00000001106167251322","0,00000001142668878044","0,00000128976266606585","0,00000942912133850194","0,00000001076903173894"
"-0,10917367204264748200","0,00000059935158901539","0,00000001180257306978","0,00000065658777770720","0,00000001229479698353","0,00000083974497448350","0,00000001149348266222","0,00000125917053743280","0,00000008246135788254","0,00000128798611846888","0,00000054287486456301","0,00000070742417251662","0,00000126980588885583","0,00000126766612107784","0,00000350155171370491","0,00000001175058695758","0,00000001105858753982","0,00000001146142753103","0,00000129527807817321","0,00000951235546968010","0,00000001080949274158"
"-0,10716974940533285900","0,00000059922816502359","0,00000001179020075136","0,00000066418722795524","0,00000001234996305483","0,00000083972878718409","0,00000001146705523050","0,00000127242379866537","0,00000008340193167591","0,00000129701580032091","0,00000054296608972991","0,00000071504491479224","0,00000127598883671469","0,00000127396696817081","0,00000352595175833637","0,00000001171805502242","0,00000001105721296396","0,00000001149893551363","0,00000130096205131099","0,00000959640316315153","0,00000001085620347912"
"-0,10516582676801822200","0,00000059909205072514","0,00000001177547910597","0,00000067195639598884","0,00000001240841814273","0,00000083970702925009","0,00000001143921747769","0,00000128602122991285","0,00000008436584018203","0,00000130626305349929","0,00000054305911150671","0,00000072298277206414","0,00000128222708346076","0,00000128033135166431","0,00000355063540943491","0,00000001168130207191","0,00000001105754878566","0,00000001153921272823","0,00000130681458547918","0,00000968126441891624","0,00000001090916395156"
"-0,10316190413070359900","0,00000059894324612004","0,00000001175840813360","0,00000067989528180799","0,00000001247016224724","0,00000083967970068150","0,00000001140996940377","0,00000129996283117526","0,00000008535308340090","0,00000131572787800401","0,00000054315392989341","0,00000073123774433233","0,00000128852062909402","0,00000128675927155834","0,00000357560266700053","0,00000001164032810603","0,00000001105959500491","0,00000001158225917482","0,00000131283568067779","0,00000976693923697424","0,00000001096837415889"
"-0,10115798149338896300","0,00000059878175120829","0,00000001173898783426","0,00000068800388541270","0,00000001253519536834","0,00000083964680147833","0,00000001137931100876","0,00000131424860245259","0,00000008636366133251","0,00000132541027383508","0,00000054325054489001","0,00000073980983159681","0,00000129486947361449","0,00000129325072785290","0,00000360085353103323","0,00000001159513312478","0,00000001106335162171","0,00000001162807485342","0,00000131902533690681","0,00000985342761732552","0,00000001103383410112"
"-0,09915405885607433970","0,00000059861827329426","0,00000001171860787063","0,00000069621942759192","0,00000001260005149917","0,00000083961314926494","0,00000001134951755490","0,00000132879108573394","0,00000008739422696337","0,00000133522631487630","0,00000054334435756251","0,00000074861207483749","0,00000130126501528547","0,00000129978755149607","0,00000362631045163206","0,00000001154889976573","0,00000001106851295405","0,00000001167339934547","0,00000132534812327923","0,00000994035987244465","0,00000001110072412740"
"-0,09715013621875970290","0,00000059846351968231","0,00000001169865790542","0,00000070447912913462","0,00000001266126463282","0,00000083958356166572","0,00000001132286430444","0,00000134350282300840","0,00000008844143327997","0,00000134509207501146","0,00000054343076897690","0,00000075755751503430","0,00000130769865237027","0,00000130635157343596","0,00000365189587889609","0,00000001150481066644","0,00000001107477331990","0,00000001171497223242","0,00000133176860890805","0,00001002736631480621","0,00000001116422458689"
"-0,09514621358144507990","0,00000059831749037243","0,00000001167913793863","0,00000071278299004080","0,00000001271883476930","0,00000083955803868067","0,00000001129935125739","0,00000135838381427599","0,00000008950528028230","0,00000135500755424057","0,00000054350977913319","0,00000076664615218723","0,00000131417038486888","0,00000131294279367257","0,00000367760981282531","0,00000001146286582692","0,00000001108213271927","0,00000001175279351426","0,00000133828679379325","0,00001011444694441020","0,00000001122433547959"
"-0,09314229094413044310","0,00000059818018536463","0,00000001166004797026","0,00000072113101031044","0,00000001277276190862","0,00000083953658030979","0,00000001127897841374","0,00000137343405953669","0,00000009058576797036","0,00000136497275256362","0,00000054358138803136","0,00000077587798629628","0,00000132068021278132","0,00000131956121220589","0,00000370345225341973","0,00000001142306524716","0,00000001109059115215","0,00000001178686319100","0,00000134490267793485","0,00001020160176125662","0,00000001128105680550"
"-0,09113836830681582010","0,00000059805160465890","0,00000001164138800031","0,00000072952318994356","0,00000001282304605076","0,00000083951918655308","0,00000001126174577350","0,00000138865355879051","0,00000009168289634416","0,00000137498766998063","0,00000054364559567143","0,00000078525301736146","0,00000132722813610757","0,00000132620682903592","0,00000372942320067934","0,00000001138540892717","0,00000001110014861854","0,00000001181718126264","0,00000135161626133283","0,00001028883076534547","0,00000001133438856462"
"-0,08913444566950118330","0,00000059793174825525","0,00000001162315802878","0,00000073795952894016","0,00000001286968719573","0,00000083950585741055","0,00000001124765333666","0,00000140404231203745","0,00000009279666540370","0,00000138505230649158","0,00000054370240205339","0,00000079477124538277","0,00000133381415484764","0,00000133287964416267","0,00000375552265460414","0,00000001134989686694","0,00000001111080511845","0,00000001184374772918","0,00000135842754398721","0,00001037613395667674","0,00000001138433075695"
"-0,08713052303218656040","0,00000059782061615367","0,00000001160535805566","0,00000074644002730023","0,00000001291268534354","0,00000083949659288218","0,00000001123670110323","0,00000141960031927751","0,00000009392707514897","0,00000139516666209648","0,00000054375180717725","0,00000080443267036020","0,00000134043826900153","0,00000133957965758613","0,00000378175061519414","0,00000001131652906647","0,00000001112256065188","0,00000001186656259061","0,00000136533652589797","0,00001046351133525044","0,00000001143088338249"
"-0,08512660039487193740","0,00000059771820835418","0,00000001158798808096","0,00000075496468502377","0,00000001295204049417","0,00000083949139296798","0,00000001122888907320","0,00000143532758051069","0,00000009507412557997","0,00000140533073679533","0,00000054379381104299","0,00000081423729229375","0,00000134710047856923","0,00000134630686930630","0,00000380810708244933","0,00000001128530552577","0,00000001113541521882","0,00000001188562584695","0,00000137234320706513","0,00001055096290106658","0,00000001147404644124"
"-0,08312267775755730060","0,00000059762452485675","0,00000001157104810468","0,00000076353350211079","0,00000001298775264763","0,00000083949025766795","0,00000001122421724657","0,00000145122409573698","0,00000009623781669671","0,00000141554453058812","0,00000054382841365063","0,00000082418511118343","0,00000135380078355076","0,00000135306127932319","0,00000383459205636971","0,00000001125622624483","0,00000001114936881927","0,00000001190093749818","0,00000137944758748868","0,00001063848865412514","0,00000001151381993320"
"-0,08111875512024267770","0,00000059753956566141","0,00000001155453812682","0,00000077214647856128","0,00000001301982180393","0,00000083949318698209","0,00000001122268562335","0,00000146728986495640","0,00000009741814849919","0,00000142580804347487","0,00000054385561500016","0,00000083427612702924","0,00000136053918394610","0,00000135984288763679","0,00000386120553695529","0,00000001122929122366","0,00000001116442145324","0,00000001191249754431","0,00000138664966716861","0,00001072608859442613","0,00000001155020385837"
"-0,07911483248292804080","0,00000059746333076814","0,00000001153845814738","0,00000078080361437524","0,00000001304824796305","0,00000083950018091040","0,00000001122429420354","0,00000148352488816893","0,00000009861512098740","0,00000143612127545556","0,00000054387541509158","0,00000084451033983117","0,00000136731567975526","0,00000136665169424711","0,00000388794752420606","0,00000001120450046225","0,00000001118057312073","0,00000001192030598534","0,00000139394944610494","0,00001081376272196954","0,00000001158319821675"
"-0,07711090984561341790","0,00000059739582017694","0,00000001152280816635","0,00000078950490955268","0,00000001307303112501","0,00000083951123945289","0,00000001122904298713","0,00000149992916537458","0,00000009982873416135","0,00000144648422653019","0,00000054388781392490","0,00000085488774958922","0,00000137413027097824","0,00000137348769915414","0,00000391481801812203","0,00000001118185396060","0,00000001119782382172","0,00000001192436282126","0,00000140134692429766","0,00001090151103675539","0,00000001161280300834"
"-0,07510698720829878110","0,00000059733703388782","0,00000001150758818375","0,00000079825036409360","0,00000001309417128979","0,00000083952636260954","0,00000001123693197412","0,00000151650269657335","0,00000010105898802103","0,00000145689689669878","0,00000054389281150011","0,00000086540835630340","0,00000138098295761504","0,00000138035090235789","0,00000394181701870319","0,00000001116135171872","0,00000001121617355624","0,00000001192466805208","0,00000140884210174677","0,00001098933353878367","0,00000001163901823313"
"-0,07310306457098415810","0,00000059728697190078","0,00000001149279819956","0,00000080703997799798","0,00000001311166845740","0,00000083954555038036","0,00000001124796116452","0,00000153324548176524","0,00000010230588256644","0,00000146735928596132","0,00000054389040781721","0,00000087607215997371","0,00000138787373966566","0,00000138724130385834","0,00000396894452594954","0,00000001114299373660","0,00000001123562232427","0,00000001192122167780","0,00000141643497845226","0,00001107723022805437","0,00000001166184389114"
"-0,07109914193366952130","0,00000059724563421581","0,00000001147843821379","0,00000081587375126585","0,00000001312552262785","0,00000083956880276535","0,00000001126213055832","0,00000155015752095025","0,00000010356941779760","0,00000147787139431780","0,00000054388060287620","0,00000088687916060014","0,00000139480261713009","0,00000139415890365552","0,00000399620053986108","0,00000001112678001425","0,00000001125617012581","0,00000001191402369842","0,00000142412555441415","0,00001116520110456750","0,00000001168127998236"
"-0,06909521929635489840","0,00000059721302083292","0,00000001146450822644","0,00000082475168389718","0,00000001313573380112","0,00000083959611976451","0,00000001127944015553","0,00000156723881412837","0,00000010484959371448","0,00000148843322176823","0,00000054386339667709","0,00000089782935818269","0,00000140176959000834","0,00000140110370174940","0,00000402358506043782","0,00000001111271055166","0,00000001127781696087","0,00000001190307411394","0,00000143191382963243","0,00001125324616832306","0,00000001169732650679"
"-0,06709129665904026150","0,00000059718913175211","0,00000001145100823751","0,00000083367377589199","0,00000001314230197722","0,00000083962750137784","0,00000001129988995614","0,00000158448936129962","0,00000010614641031711","0,00000149904476831260","0,00000054383878921987","0,00000090892275272137","0,00000140877465830042","0,00000140807569814001","0,00000405109808767976","0,00000001110078534883","0,00000001130056282945","0,00000001188837292436","0,00000143979980410710","0,00001134136541932105","0,00000001170998346443"
"-0,06508737402172563860","0,00000059717396697337","0,00000001143793824699","0,00000084264002725028","0,00000001314522715616","0,00000083966294760535","0,00000001132347996016","0,00000160190916246398","0,00000010745986760547","0,00000150970603395093","0,00000054380678050454","0,00000092015934421618","0,00000141581782200631","0,00000141507489282732","0,00000407873962158688","0,00000001109100440577","0,00000001132440773154","0,00000001186992012967","0,00000144778347783816","0,00001142955885756147","0,00000001171925085528"
"-0,06308345138441100180","0,00000059716752649671","0,00000001142529825490","0,00000085165043797204","0,00000001314450933792","0,00000083970245844702","0,00000001135021016758","0,00000161949821762146","0,00000010878996557956","0,00000152041701868320","0,00000054376737053110","0,00000093153913266711","0,00000142289908112601","0,00000142210128581135","0,00000410650966215920","0,00000001108336772247","0,00000001134935166714","0,00000001184771572988","0,00000145586485082561","0,00001151782648304432","0,00000001172512867934"
"-0,06107952874709637880","0,00000059716981032212","0,00000001141308826122","0,00000086070500805727","0,00000001314014852252","0,00000083974603390286","0,00000001138008057841","0,00000163725652677206","0,00000011013670423939","0,00000153117772250942","0,00000054372055929956","0,00000094306211807416","0,00000143001843565954","0,00000142915487709209","0,00000413440820939672","0,00000001107787529894","0,00000001137539463626","0,00000001182175972499","0,00000146404392306945","0,00001160616829576959","0,00000001172761693661"
"-0,05907560610978174890","0,00000059718081844961","0,00000001140130826596","0,00000086980373750598","0,00000001313214470994","0,00000083979367397287","0,00000001141309119264","0,00000165518408991578","0,00000011150008358495","0,00000154198814542959","0,00000054366634680991","0,00000095472830043734","0,00000143717588560689","0,00000143623566666955","0,00000416243526329942","0,00000001107452713517","0,00000001140253663889","0,00000001179205211500","0,00000147232069456968","0,00001169458429573730","0,00000001172671562709"
"-0,05707168347246711900","0,00000059720055087918","0,00000001138995826912","0,00000087894662631816","0,00000001312049790020","0,00000083984537865705","0,00000001144924201028","0,00000167328090705262","0,00000011288010361625","0,00000155284828744371","0,00000054360473306215","0,00000096653767975665","0,00000144437143096805","0,00000144334365454372","0,00000419059082386732","0,00000001107332323116","0,00000001143077767504","0,00000001175859289990","0,00000148069516532631","0,00001178307448294743","0,00000001172242475078"
"-0,05506776083515248920","0,00000059722900761082","0,00000001137903827070","0,00000088813367449381","0,00000001310520809328","0,00000083990114795540","0,00000001148853303132","0,00000169154697818257","0,00000011427676433329","0,00000156375814855177","0,00000054353571805628","0,00000097849025603208","0,00000145160507174303","0,00000145047884071461","0,00000421887489110042","0,00000001107426358692","0,00000001146011774470","0,00000001172138207971","0,00000148916733533932","0,00001187163885739999","0,00000001171474430767"
"-0,05306383819783785930","0,00000059726618864454","0,00000001136854827069","0,00000089736488203294","0,00000001308627528919","0,00000083996098186793","0,00000001153096425576","0,00000170998230330565","0,00000011569006573605","0,00000157471772875378","0,00000054345930179231","0,00000099058602926363","0,00000145887680793183","0,00000145764122518221","0,00000424728746499870","0,00000001107734820244","0,00000001149055684788","0,00000001168041965441","0,00000149773720460872","0,00001196027741909498","0,00000001170367429778"
"-0,05105991556052322940","0,00000059731209398033","0,00000001135848826911","0,00000090664024893555","0,00000001306369948794","0,00000084002488039462","0,00000001157653568361","0,00000172858688242184","0,00000011712000782456","0,00000158572702804974","0,00000054337548427023","0,00000100282499945131","0,00000146618663953445","0,00000146483080794652","0,00000427582854556219","0,00000001108257707773","0,00000001152209498458","0,00000001163570562401","0,00000150640477313451","0,00001204899016803240","0,00000001168921472110"
"-0,04905599292320859950","0,00000059736125332649","0,00000001134929499452","0,00000091593806227164","0,00000001303982987945","0,00000084008945240382","0,00000001162184864136","0,00000174728068698338","0,00000011855905333407","0,00000159678655471473","0,00000054329124604231","0,00000101512946184474","0,00000147351196374528","0,00000147203360281118","0,00000430442970023508","0,00000001108924219258","0,00000001155284909435","0,00000001159047669775","0,00000151516007708425","0,00001213753771287072","0,00000001167260400971"
"-0,04705207028589396960","0,00000059740819639132","0,00000001134140517550","0,00000092523660911123","0,00000001301701565367","0,00000084015130676389","0,00000001166350445549","0,00000176598368844248","0,00000011999966499984","0,00000160789681702383","0,00000054321356766081","0,00000102742171169353","0,00000148083017775872","0,00000147923562357980","0,00000433302249646160","0,00000001109663552681","0,00000001158093611675","0,00000001154796958488","0,00000152399315262551","0,00001222568066226841","0,00000001165508059568"
"-0,04504814764857933970","0,00000059745292317480","0,00000001133481881205","0,00000093453588945432","0,00000001299525681060","0,00000084021044347481","0,00000001170150312602","0,00000178469588679916","0,00000012144184282189","0,00000161905781497704","0,00000054314244912575","0,00000103970174899769","0,00000148814128157478","0,00000148643687025241","0,00000436160693424175","0,00000001110475708041","0,00000001160635605180","0,00000001150818428539","0,00000153290399975827","0,00001231341901622547","0,00000001163664447903"
"-0,04304422501126470980","0,00000059749543367695","0,00000001132953590418","0,00000094383590330091","0,00000001297455335024","0,00000084026686253659","0,00000001173584465294","0,00000180341728205341","0,00000012288558680020","0,00000163026954857437","0,00000054307789043711","0,00000105196957375722","0,00000149544527519344","0,00000149363734282898","0,00000439018301357553","0,00000001111360685338","0,00000001162910889948","0,00000001147112079930","0,00000154189261848255","0,00001240075277474191","0,00000001161729565974"
"-0,04104030237395008000","0,00000059753572789776","0,00000001132555645188","0,00000095313665065100","0,00000001295490527259","0,00000084032056394923","0,00000001176652903625","0,00000182214787420522","0,00000012433089693478","0,00000164153201781581","0,00000054301989159490","0,00000106422518597211","0,00000150274215861471","0,00000150083704130953","0,00000441875073446293","0,00000001112318484573","0,00000001164919465980","0,00000001143677912659","0,00000155095900879833","0,00001248768193781772","0,00000001159703413782"
"-0,03903637973663545010","0,00000059757380583723","0,00000001132288045515","0,00000096243813150460","0,00000001293631257765","0,00000084037154771272","0,00000001179355627595","0,00000184088766325461","0,00000012577777322563","0,00000165284522270136","0,00000054296845259912","0,00000107646858564237","0,00000151003193183860","0,00000150803596569405","0,00000444731009690397","0,00000001113349105745","0,00000001166661333276","0,00000001140515926727","0,00000156010317070563","0,00001257420650545290","0,00000001157585991327"
"-0,03703245709932082020","0,00000059760966749536","0,00000001132150791399","0,00000097174034586169","0,00000001291877526541","0,00000084041981382708","0,00000001181692637204","0,00000185963664920157","0,00000012722621567274","0,00000166420916323102","0,00000054292357344976","0,00000108869977276800","0,00000151731459486510","0,00000151523411598254","0,00000447586110089863","0,00000001114452548854","0,00000001168136491835","0,00000001137626122133","0,00000156932510420444","0,00001266032647764746","0,00000001155377298608"
"-0,03502853446200619030","0,00000059764331287216","0,00000001132143882841","0,00000098104329372228","0,00000001290229333589","0,00000084046536229229","0,00000001183663932451","0,00000187839483204609","0,00000012867622427613","0,00000167562383940480","0,00000054288525414684","0,00000110091874734899","0,00000152459014769420","0,00000152243149217501","0,00000450440374644692","0,00000001115628813900","0,00000001169344941659","0,00000001135008498878","0,00000157862480929476","0,00001274604185440139","0,00000001153077335627"
"-0,03302461182469156740","0,00000059767474196761","0,00000001132267319839","0,00000099034697508638","0,00000001288686678907","0,00000084050819310836","0,00000001185269513338","0,00000189716221178819","0,00000013012779903578","0,00000168708925122268","0,00000054285349469034","0,00000111312550938535","0,00000153185859032592","0,00000152962809427145","0,00000453293803354884","0,00000001116877900884","0,00000001170286682746","0,00000001132663056962","0,00000158800228597659","0,00001283135263571469","0,00000001150686102382"
"-0,03102068918737693400","0,00000059770395478173","0,00000001132521102395","0,00000099965138995397","0,00000001287249562496","0,00000084054830627529","0,00000001186509379864","0,00000191593878842785","0,00000013158093995171","0,00000169860539868468","0,00000054282829508027","0,00000112532005887708","0,00000153911992276025","0,00000153682392227186","0,00000456146396220439","0,00000001118199809805","0,00000001170961715097","0,00000001130589796385","0,00000159745753424993","0,00001291625882158736","0,00000001148203598874"
"-0,02901676655006230410","0,00000059773095131451","0,00000001132905230508","0,00000100895653832507","0,00000001285917984356","0,00000084058570179307","0,00000001187383532029","0,00000193472456196509","0,00000013303564702390","0,00000171017228179079","0,00000054280965531663","0,00000113750239582417","0,00000154637414499719","0,00000154401897617624","0,00000458998153241357","0,00000001119594540664","0,00000001171370038711","0,00000001128788717147","0,00000160699055411478","0,00001300076041201941","0,00000001145629825103"
"-0,02701284391274767420","0,00000059775573156595","0,00000001133419704179","0,00000101826242019966","0,00000001284691944486","0,00000084062037966172","0,00000001187891969833","0,00000195351953239990","0,00000013449192025236","0,00000172178990054102","0,00000054279757539942","0,00000114967252022663","0,00000155362125703673","0,00000155121325598460","0,00000461849074417637","0,00000001121062093460","0,00000001171511653590","0,00000001127259819247","0,00000161660134557114","0,00001308485740701083","0,00000001142964781068"
"-0,02500892127543304780","0,00000059777829553605","0,00000001134064523407","0,00000102756903557776","0,00000001283571442888","0,00000084065233988122","0,00000001188034693277","0,00000197232369973227","0,00000013594975963708","0,00000173345825493535","0,00000054279205532863","0,00000116183043208445","0,00000156086125887889","0,00000155840676169692","0,00000464699159749281","0,00000001122602468193","0,00000001171386559732","0,00000001126003102686","0,00000162628990861901","0,00001316854980656162","0,00000001140208466771"
"-0,02300499863811841790","0,00000059779864322481","0,00000001134839688191","0,00000103687638445935","0,00000001282556479560","0,00000084068158245158","0,00000001187811702359","0,00000199113706396222","0,00000013740916517808","0,00000174517734497380","0,00000054279309510427","0,00000117397613139765","0,00000156809415052366","0,00000156559949331323","0,00000467548409236287","0,00000001124215664863","0,00000001170994757138","0,00000001125018567464","0,00000163605624325840","0,00001325183761067179","0,00000001137360882210"
"-0,02100107600080378810","0,00000059781677463224","0,00000001135745198533","0,00000104618446684445","0,00000001281647054504","0,00000084070810737280","0,00000001187222997080","0,00000200995962508973","0,00000013887013687535","0,00000175694717065636","0,00000054280069472634","0,00000118610961816621","0,00000157531993197105","0,00000157279145083350","0,00000470396822878656","0,00000001125901683471","0,00000001170336245808","0,00000001124306213580","0,00000164590034948929","0,00001333472081934133","0,00000001134422027386"
"-0,01899715336348915820","0,00000059783268975832","0,00000001136781054433","0,00000105549328273305","0,00000001280843167718","0,00000084073191464488","0,00000001186268577440","0,00000202879138311482","0,00000014033267472888","0,00000176876773198304","0,00000054281485419484","0,00000119823089239013","0,00000158253860322104","0,00000157998263425775","0,00000473244400676388","0,00000001127660524016","0,00000001169411025741","0,00000001123866041035","0,00000165582222731170","0,00001341719943257024","0,00000001131391902299"
"-0,01699323072617452830","0,00000059784638860307","0,00000001137947255889","0,00000106480283212514","0,00000001280144819203","0,00000084075300426781","0,00000001184948443439","0,00000204763233803748","0,00000014179677873868","0,00000178063902895382","0,00000054283557350977","0,00000121033995406942","0,00000158975016427364","0,00000158717304358597","0,00000476091142629482","0,00000001129492186498","0,00000001168219096938","0,00000001123698049829","0,00000166582187672561","0,00001349927345035852","0,00000001128270506948"
"-0,01498930808885989840","0,00000059785787116648","0,00000001139243802903","0,00000107411311502074","0,00000001279552008959","0,00000084077137624161","0,00000001183262595077","0,00000206648248985770","0,00000014326244890475","0,00000179256106156872","0,00000054286285267112","0,00000122243680320408","0,00000159695461512885","0,00000159436267881816","0,00000478937048737940","0,00000001131396670918","0,00000001166760459400","0,00000001123802239962","0,00000167589929773104","0,00001358094287270618","0,00000001125057841335"
"-0,01298538545154526850","0,00000059786713744855","0,00000001140670695474","0,00000108342413141984","0,00000001279064736986","0,00000084078703056626","0,00000001181211032355","0,00000208534183857550","0,00000014472968522709","0,00000180453382982773","0,00000054289669167890","0,00000123452143979411","0,00000160415195578668","0,00000160155153995432","0,00000481782119001761","0,00000001133373977275","0,00000001165035113124","0,00000001124178611433","0,00000168605449032798","0,00001366220769961321","0,00000001121753905458"
"-0,01098146281423064040","0,00000059787418744928","0,00000001142227933602","0,00000109273588132244","0,00000001278683003283","0,00000084079996724177","0,00000001178793755271","0,00000210421038419086","0,00000014619848770569","0,00000181655733373085","0,00000054293709053311","0,00000124659386383950","0,00000161134218624711","0,00000160873962699446","0,00000484626353420944","0,00000001135424105569","0,00000001163043058113","0,00000001124827164243","0,00000169628745451642","0,00001374306793107961","0,00000001118358699318"
"-0,00897754017691601049","0,00000059787902116868","0,00000001143915517288","0,00000110204836472854","0,00000001278406807852","0,00000084081018626814","0,00000001176010763826","0,00000212308812670380","0,00000014766885634057","0,00000182863157327809","0,00000054298404923375","0,00000125865407534026","0,00000161852530651015","0,00000161592693993857","0,00000487469751995490","0,00000001137547055801","0,00000001160784294365","0,00000001125747898392","0,00000170659819029638","0,00001382352356710539","0,00000001114872222915"
"-0,00697361753960138060","0,00000059788163860673","0,00000001145733446530","0,00000111136158163813","0,00000001278236150691","0,00000084081768764536","0,00000001172862058021","0,00000214197506611431","0,00000014914079113171","0,00000184075654846943","0,00000054303756778082","0,00000127070207429639","0,00000162570131657581","0,00000162311347878665","0,00000490312314725399","0,00000001139742827970","0,00000001158258821881","0,00000001126940813880","0,00000171698669766785","0,00001390357460769054","0,00000001111294476249"
"-0,00496969490228675159","0,00000059788203976345","0,00000001147681721330","0,00000112067553205123","0,00000001278171031801","0,00000084082247137345","0,00000001169347637854","0,00000216087120242238","0,00000015061429207912","0,00000185293225930489","0,00000054309764617431","0,00000128273786070788","0,00000163287021644407","0,00000163029924353871","0,00000493154041610671","0,00000001142011422076","0,00000001155466640661","0,00000001128405910706","0,00000172745297663083","0,00001398322105283506","0,00000001107625459319"
"-0,00296577226497212214","0,00000059788022463883","0,00000001149760341687","0,00000112999021596783","0,00000001278211451182","0,00000084082453745239","0,00000001165467503326","0,00000217977653562803","0,00000015208935918280","0,00000186515870578446","0,00000054316428441423","0,00000129476143457474","0,00000164003200611495","0,00000163748423419474","0,00000495994932651305","0,00000001144352838119","0,00000001152407750705","0,00000001130143188871","0,00000173799702718533","0,00001406246290253895","0,00000001103865172127"
"-0,00096184962765749247","0,00000059787619323287","0,00000001151969307602","0,00000113930563338793","0,00000001278357408834","0,00000084082388588219","0,00000001161221654438","0,00000219869106573124","0,00000015356599244275","0,00000187743588790814","0,00000054323748250058","0,00000130677279589697","0,00000164718668558844","0,00000164466845075474","0,00000498834987847303","0,00000001146767076100","0,00000001149082152012","0,00000001132152648375","0,00000174861884933133","0,00001414130015680222","0,00000001100013614671"
"0,00104207300965713698","0,00000059786801935958","0,00000001154146154515","0,00000114861410791907","0,00000001278529757140","0,00000084082243580990","0,00000001156890650060","0,00000221759071211405","0,00000015503963842264","0,00000188977009045679","0,00000054331451881435","0,00000131875409166196","0,00000165434393440704","0,00000165185947195781","0,00000501670836737214","0,00000001149112819904","0,00000001145714055317","0,00000001134288724248","0,00000175923940009832","0,00001421975717706184","0,00000001096361227509"
"0,00304599564697176665","0,00000059785377683298","0,00000001156128417867","0,00000115790796316879","0,00000001278649348485","0,00000084082210638257","0,00000001152755049063","0,00000223645139415848","0,00000015650574368615","0,00000190216759821125","0,00000054339267173653","0,00000133068746885713","0,00000166151343211324","0,00000165906487654304","0,00000504499108859591","0,00000001151248753418","0,00000001142527671353","0,00000001136405851519","0,00000176977963651578","0,00001429785832475478","0,00000001093198451197"
"0,00504991828428639610","0,00000059783346565307","0,00000001157916097660","0,00000116718719913709","0,00000001278716182868","0,00000084082289760020","0,00000001148814851447","0,00000225527311186453","0,00000015796430823328","0,00000191462841117153","0,00000054347194126712","0,00000134257292748248","0,00000166869517870707","0,00000166628466451043","0,00000507319804214432","0,00000001153174876641","0,00000001139523000120","0,00000001138504030189","0,00000178023955858370","0,00001437560359988106","0,00000001090525285736"
"0,00705384092160102512","0,00000059780708581984","0,00000001159509193893","0,00000117645181582397","0,00000001278730260290","0,00000084082480946279","0,00000001145070057214","0,00000227405586523219","0,00000015941533206402","0,00000192715252933763","0,00000054355232740612","0,00000135441046753800","0,00000167588917418850","0,00000167351883585999","0,00000510132922801738","0,00000001154891189573","0,00000001136700041617","0,00000001140583260258","0,00000179061916630208","0,00001445299300244066","0,00000001088341731126"
"0,00905776355891565501","0,00000059777463733329","0,00000001160907706566","0,00000118570181322943","0,00000001278691580751","0,00000084082784197035","0,00000001141520666361","0,00000229279965426148","0,00000016085881517837","0,00000193973995270953","0,00000054363383015353","0,00000136620008902369","0,00000168309541855754","0,00000168076739059171","0,00000512938464621509","0,00000001156397692215","0,00000001134058795846","0,00000001142643541725","0,00000180091845967094","0,00001453002653243359","0,00000001086647787366"
"0,01106168619623028490","0,00000059773612019344","0,00000001162111635679","0,00000119493719135347","0,00000001278600144249","0,00000084083199512287","0,00000001138166678890","0,00000231150447895238","0,00000016229475757635","0,00000195239068128726","0,00000054371644950936","0,00000137794179193956","0,00000169031391181420","0,00000168803032870560","0,00000515736429673746","0,00000001157694384566","0,00000001131599262806","0,00000001144684874591","0,00000181113743869025","0,00001460670418985985","0,00000001085443454457"
"0,01306560883354491300","0,00000059769153440027","0,00000001163120981232","0,00000120415795019608","0,00000001278455950786","0,00000084083726892034","0,00000001135008094801","0,00000233017033930491","0,00000016372315925794","0,00000196510471507080","0,00000054380018547359","0,00000138963557628560","0,00000169754465395846","0,00000169530765020164","0,00000518526817958447","0,00000001158781266626","0,00000001129321442497","0,00000001146707258856","0,00000182127610336004","0,00001468302597471944","0,00000001084728732398"
"0,01506953147085954290","0,00000059764087995378","0,00000001163935743225","0,00000121336408975728","0,00000001278259000362","0,00000084084366336278","0,00000001132044914093","0,00000234879723531905","0,00000016514402022314","0,00000197788205406015","0,00000054388503804623","0,00000140128144206181","0,00000170478764499034","0,00000170259935507985","0,00000521309629475613","0,00000001159658338396","0,00000001127225334919","0,00000001148710694519","0,00000183133445368028","0,00001475899188701235","0,00000001084503621191"
"0,01707345410817417280","0,00000059758415685398","0,00000001164555921657","0,00000122255561003706","0,00000001278009292976","0,00000084085117845018","0,00000001129277136766","0,00000236738516699481","0,00000016655734047196","0,00000199072269825533","0,00000054397100722728","0,00000141287938926820","0,00000171204288490983","0,00000170990544334023","0,00000524084864225244","0,00000001160325599875","0,00000001125310940072","0,00000001150695181581","0,00000184131248965100","0,00001483460192673860","0,00000001084768120833"
"0,01907737674548880270","0,00000059752136510086","0,00000001164981516530","0,00000123173251103541","0,00000001277706828628","0,00000084085981418254","0,00000001126704762821","0,00000238593413433219","0,00000016796312000440","0,00000200362664765631","0,00000054405809301675","0,00000142442941790477","0,00000171931037371694","0,00000171722591498276","0,00000526852522207340","0,00000001160783051064","0,00000001123578257956","0,00000001152660720042","0,00000185121021127218","0,00001490985609389817","0,00000001085522231327"
"0,02108129938280343260","0,00000059745250469443","0,00000001165212527843","0,00000124089479275235","0,00000001277351607319","0,00000084086957055986","0,00000001124327792258","0,00000240444413733119","0,00000016936135882046","0,00000201659390226311","0,00000054414629541462","0,00000143593152797150","0,00000172659011141165","0,00000172456077000746","0,00000529612603421901","0,00000001161030691962","0,00000001122027288571","0,00000001154607309901","0,00000186102761854382","0,00001498475438849107","0,00000001086765952671"
"0,02308522202011806250","0,00000059737757563469","0,00000001165248955596","0,00000125004245518787","0,00000001276943629048","0,00000084088044758215","0,00000001122146225076","0,00000242291517599181","0,00000017075205692013","0,00000202962446207573","0,00000054423561442091","0,00000144738571946841","0,00000173388209799397","0,00000173191000841433","0,00000532365107868927","0,00000001161068522569","0,00000001120658031917","0,00000001156534951160","0,00000187076471146593","0,00001505929681051730","0,00000001088499284865"
"0,02508914465743269230","0,00000059729657792163","0,00000001165090799788","0,00000125917549834196","0,00000001276482893816","0,00000084089244524939","0,00000001120160061275","0,00000244134725031404","0,00000017213521430342","0,00000204271832709416","0,00000054432605003560","0,00000145879199239550","0,00000174118633346391","0,00000173927363020335","0,00000535110035548418","0,00000001160896542886","0,00000001119470487994","0,00000001158443643816","0,00000188042149003850","0,00001513348335997686","0,00000001090722227911"
"0,02709306729474731880","0,00000059720951155526","0,00000001164738060421","0,00000126829392221464","0,00000001275969401622","0,00000084090556356160","0,00000001118369300856","0,00000245974036029790","0,00000017351083097033","0,00000205587549731841","0,00000054441760225871","0,00000147015034675276","0,00000174850281782146","0,00000174665163537454","0,00000537847386460374","0,00000001160514752912","0,00000001118464656802","0,00000001160333387872","0,00000188999795426155","0,00001520731403686974","0,00000001093434781806"
"0,02909698993206194860","0,00000059711637653558","0,00000001164190737494","0,00000127739772680589","0,00000001275403152467","0,00000084091980251877","0,00000001116773943818","0,00000247809450594338","0,00000017487890692085","0,00000206909597274847","0,00000054451027109023","0,00000148146078254019","0,00000175583155106662","0,00000175404402392790","0,00000540577160604795","0,00000001159923152648","0,00000001117640538341","0,00000001162204183326","0,00000189949410413505","0,00001528078884119596","0,00000001096636946553"
"0,03110091256937657850","0,00000059701717286257","0,00000001163448831007","0,00000128648691211573","0,00000001274784146350","0,00000084093516212090","0,00000001115373990162","0,00000249640968725047","0,00000017623944215499","0,00000208237975338435","0,00000054460405653015","0,00000149272329975780","0,00000176317253319939","0,00000176145079586341","0,00000543299357981681","0,00000001159121742093","0,00000001116998132611","0,00000001164056030179","0,00000190890993965902","0,00001535390777295550","0,00000001100328722150"
"0,03310483520669121190","0,00000059691190053626","0,00000001162512340959","0,00000129556147814414","0,00000001274112383272","0,00000084095164236799","0,00000001114169439887","0,00000251468590421918","0,00000017759243667274","0,00000209572683922605","0,00000054469895857849","0,00000150393789840558","0,00000177052576421977","0,00000176887195118109","0,00000546013978591032","0,00000001158110521247","0,00000001116537439612","0,00000001165888928431","0,00000191824546083346","0,00001542667083214837","0,00000001104510108598"
"0,03510875784400583480","0,00000059680055955663","0,00000001161381267352","0,00000130462142489113","0,00000001273387863231","0,00000084096924326004","0,00000001113160292994","0,00000253292315684951","0,00000017893789047411","0,00000210913723027356","0,00000054479497723524","0,00000151510457848354","0,00000177789124412776","0,00000177630748988093","0,00000548721022432847","0,00000001156889490111","0,00000001116258459344","0,00000001167702878081","0,00000192750066765836","0,00001549907801877456","0,00000001109181105896"
"0,03711268048132046470","0,00000059668314992369","0,00000001160055610185","0,00000131366675235671","0,00000001272610586230","0,00000084098796479705","0,00000001112346549482","0,00000255112144514146","0,00000018027580355910","0,00000212261092652688","0,00000054489211250040","0,00000152622333999167","0,00000178526897292337","0,00000178375741196294","0,00000551420489507128","0,00000001155458648684","0,00000001116161191807","0,00000001169497879131","0,00000193667556013373","0,00001557112933283409","0,00000001114341714045"
"0,03911660311863509460","0,00000059655967163743","0,00000001158535369457","0,00000132269746054086","0,00000001271780552267","0,00000084100780697902","0,00000001111728209352","0,00000256928076909503","0,00000018160617592770","0,00000213614792798602","0,00000054499036437397","0,00000153729418292997","0,00000179265895060659","0,00000179122171742711","0,00000554112379813874","0,00000001153817996966","0,00000001116245637001","0,00000001171273931578","0,00000194577013825956","0,00001564282477432694","0,00000001119991933044"
"0,04112052575594972450","0,00000059643012469786","0,00000001156820545170","0,00000133171354944359","0,00000001270897761342","0,00000084102876980596","0,00000001111305272603","0,00000258740112871022","0,00000018292900757992","0,00000214974823465098","0,00000054508973285595","0,00000154831710729845","0,00000180006117717742","0,00000179870040627344","0,00000556796693353084","0,00000001151967534958","0,00000001116511794926","0,00000001173031035425","0,00000195478440203586","0,00001571416434325313","0,00000001126131762895"
"0,04312444839326435440","0,00000059629450910497","0,00000001154911137322","0,00000134071501906490","0,00000001269962213456","0,00000084105085327786","0,00000001111077739236","0,00000260548252398703","0,00000018424429851576","0,00000216341184652175","0,00000054519021794634","0,00000155929211309710","0,00000180747565263586","0,00000180619347850193","0,00000559473430124760","0,00000001149907262659","0,00000001116959665582","0,00000001174769190670","0,00000196371835146262","0,00001578514803961264","0,00000001132761203595"
"0,04512837103057898420","0,00000059615282485877","0,00000001152807145915","0,00000134970186940479","0,00000001268973908608","0,00000084107405739471","0,00000001111045609250","0,00000262352495492545","0,00000018555204873521","0,00000217713876359834","0,00000054529181964514","0,00000157021920032592","0,00000181490237698191","0,00000181370093411259","0,00000562142590128901","0,00000001147637180070","0,00000001117589248969","0,00000001176488397314","0,00000197257198653985","0,00001585577586340548","0,00000001139880255147"
"0,04713229366789361410","0,00000059600507195926","0,00000001150508570948","0,00000135867410046326","0,00000001267932846798","0,00000084109838215653","0,00000001111208882646","0,00000264152842152550","0,00000018685225823828","0,00000219092898588074","0,00000054539453795235","0,00000158109836898492","0,00000182234135021557","0,00000182122277310541","0,00000564804173365506","0,00000001145157287190","0,00000001118400545087","0,00000001178188655356","0,00000198134530726754","0,00001592604781463164","0,00000001147488917549"
"0,04913621630520824400","0,00000059585125040643","0,00000001148015412420","0,00000136763171224032","0,00000001266839028027","0,00000084112382756331","0,00000001111567559423","0,00000265949292378716","0,00000018814492702497","0,00000220478251336896","0,00000054549837286797","0,00000159192961907410","0,00000182979257233684","0,00000182875899548039","0,00000567458179834577","0,00000001142467584019","0,00000001119393553936","0,00000001179869964798","0,00000199003831364570","0,00001599596389329114","0,00000001155587190802"
"0,05114013894252287390","0,00000059569974302184","0,00000001145476513066","0,00000137659037953407","0,00000001265651054046","0,00000084115157536476","0,00000001112086681843","0,00000267742079676209","0,00000018943593929202","0,00000221865478817687","0,00000054559875168816","0,00000160272318691815","0,00000183725567866642","0,00000183630457507548","0,00000570104870894430","0,00000001139780508240","0,00000001120491230089","0,00000001181443324532","0,00000199871895265368","0,00001606552227343550","0,00000001163661102260"
"0,05314406157983750380","0,00000059555893262705","0,00000001143040715618","0,00000138556577714265","0,00000001264327526605","0,00000084118280731056","0,00000001112731292170","0,00000269531437550193","0,00000019073117923617","0,00000223250125241834","0,00000054569110170909","0,00000161348930884177","0,00000184473030452500","0,00000184385448572861","0,00000572744507903386","0,00000001137308497534","0,00000001121616528119","0,00000001182819733454","0,00000200745517127083","0,00001613472112911626","0,00000001171196679278"
"0,05514798421715213370","0,00000059542881922207","0,00000001140708020077","0,00000139455790506605","0,00000001262868445705","0,00000084121752340072","0,00000001113501390402","0,00000271317366000667","0,00000019203064685742","0,00000224632190609337","0,00000054577542293076","0,00000162422798484497","0,00000185221644991258","0,00000185140872743979","0,00000575377090861443","0,00000001135051551901","0,00000001122769448026","0,00000001183999191564","0,00000201624696949716","0,00001620356046033342","0,00000001178193921858"
"0,05715190685446676360","0,00000059530940280688","0,00000001138478426442","0,00000140356676330428","0,00000001261273811345","0,00000084125572363524","0,00000001114396976541","0,00000273099865027633","0,00000019333434215578","0,00000226011674920196","0,00000054585171535315","0,00000163493921492775","0,00000185971411482916","0,00000185896730020901","0,00000578002619768601","0,00000001133009671341","0,00000001123949989809","0,00000001184981698861","0,00000202509434733266","0,00001627204026708698","0,00000001184652829997"
"0,05915582949178139340","0,00000059520068338149","0,00000001136351934714","0,00000141259235185733","0,00000001259543623526","0,00000084129740801413","0,00000001115418050585","0,00000274878934631089","0,00000019464226513124","0,00000227388578174411","0,00000054591997897629","0,00000164562299909011","0,00000186722329927473","0,00000186653020403627","0,00000580621094624861","0,00000001131182855855","0,00000001125158153469","0,00000001185767255346","0,00000203399730477733","0,00001634016054937695","0,00000001190573403697"
"0,06115975212909602330","0,00000059510266094590","0,00000001134328544893","0,00000142163467072521","0,00000001257677882248","0,00000084134257653737","0,00000001116564612535","0,00000276654574811037","0,00000019595441578380","0,00000228762900371983","0,00000054598021380015","0,00000165627933733204","0,00000187474400324931","0,00000187409743892158","0,00000583232515430223","0,00000001129571105441","0,00000001126393939006","0,00000001186355861019","0,00000204295584183117","0,00001640792130720332","0,00000001195955642958"
"0,06316367476641064630","0,00000059501533550011","0,00000001132408256978","0,00000143069371990791","0,00000001255676587511","0,00000084139122920497","0,00000001117836662390","0,00000278426785567475","0,00000019727079411347","0,00000230134641512911","0,00000054603241982475","0,00000166690822965355","0,00000188227622675288","0,00000188166900486493","0,00000585836882184686","0,00000001128174420101","0,00000001127657346419","0,00000001186747515879","0,00000205196995849419","0,00001647532254056609","0,00000001200799547779"
"0,06516759740372528310","0,00000059493870704413","0,00000001130591070969","0,00000143976949940544","0,00000001253539739314","0,00000084144336601694","0,00000001119234200152","0,00000280195566900404","0,00000019859140012024","0,00000231503801597195","0,00000054607659705009","0,00000167750967605463","0,00000188981996978545","0,00000188924490186632","0,00000588434194888251","0,00000001126992799834","0,00000001128948375709","0,00000001186942219927","0,00000206103965476638","0,00001654236424946526","0,00000001205105118160"
"0,06717152004103990600","0,00000059487277557794","0,00000001128876986867","0,00000144886200921779","0,00000001251267337657","0,00000084149898697326","0,00000001120757225819","0,00000281960918809824","0,00000019991623380412","0,00000232870380624835","0,00000054611274547616","0,00000168808367653529","0,00000189737523234702","0,00000189682512992576","0,00000591024453540917","0,00000001126026244641","0,00000001130267026876","0,00000001186939973163","0,00000207016493064775","0,00001660904643390083","0,00000001208872354102"
"0,06917544267835454290","0,00000059481754110155","0,00000001127266004672","0,00000145797124934496","0,00000001248859382542","0,00000084155809207395","0,00000001122405739392","0,00000283722841295735","0,00000020124529516509","0,00000234234378595832","0,00000054614086510296","0,00000169863023109553","0,00000190494201443759","0,00000190440968904324","0,00000593607658142685","0,00000001125274754520","0,00000001131613299920","0,00000001186740775586","0,00000207934578613829","0,00001667536909387280","0,00000001212101255605"
"0,07117936531566916580","0,00000059477300361496","0,00000001125758124383","0,00000146709721978697","0,00000001246315873967","0,00000084162068131900","0,00000001124179740871","0,00000285481334358137","0,00000020257858420318","0,00000235595795510184","0,00000054616095593050","0,00000170914933973534","0,00000191252031605716","0,00000191199857921876","0,00000596183808693555","0,00000001124738329473","0,00000001132987194841","0,00000001186344627197","0,00000208858222123800","0,00001674133222938118","0,00000001214791822668"
"0,07318328795298380260","0,00000059473916311817","0,00000001124353346001","0,00000147623992054379","0,00000001243636811932","0,00000084168675470840","0,00000001126079230256","0,00000287236397997030","0,00000020391610091836","0,00000236954631367893","0,00000054617301795878","0,00000171964100245473","0,00000192011013720572","0,00000191959180045233","0,00000598752905193526","0,00000001124416969498","0,00000001134388711638","0,00000001185751527996","0,00000209787423594689","0,00001680693584042595","0,00000001216944055291"
"0,07518721059029842560","0,00000059471601961118","0,00000001123051669525","0,00000148539935161545","0,00000001240822196438","0,00000084175631224217","0,00000001128104207547","0,00000288988032212414","0,00000020525784531065","0,00000238310886168958","0,00000054617705118778","0,00000173010521925370","0,00000192771147788329","0,00000192718935274395","0,00000601314947642598","0,00000001124310674597","0,00000001135817850312","0,00000001184961477982","0,00000210722183026495","0,00001687217992700713","0,00000001218557953475"
"0,07719113322761306240","0,00000059470357309398","0,00000001121853094956","0,00000149457551300192","0,00000001237872027485","0,00000084182935392030","0,00000001130254672743","0,00000290736237004289","0,00000020660381738004","0,00000239664559913380","0,00000054617305561753","0,00000174054199013224","0,00000193532433808985","0,00000193479123609360","0,00000603869936040772","0,00000001124419444770","0,00000001137274610863","0,00000001183974477156","0,00000211662500419218","0,00001693706448912471","0,00000001219633517220"
"0,07919505586492768540","0,00000059470182356659","0,00000001120757622293","0,00000150376840470322","0,00000001234786305073","0,00000084190587974279","0,00000001132530625846","0,00000292481012372654","0,00000020795401712654","0,00000241015652601157","0,00000054616103124800","0,00000175095131509036","0,00000194294871782542","0,00000194239745050130","0,00000606417870388048","0,00000001124743280015","0,00000001138758993290","0,00000001182790525518","0,00000212608375772858","0,00001700158952677869","0,00000001220170746525"
"0,08119897850224232220","0,00000059471077102900","0,00000001119765251537","0,00000151297802671935","0,00000001231565029201","0,00000084198588970964","0,00000001134932066854","0,00000294222358317511","0,00000020930844455014","0,00000242364164232291","0,00000054614097807921","0,00000176133319412806","0,00000195058461708998","0,00000195000799596705","0,00000608958750684425","0,00000001125282180334","0,00000001140270997595","0,00000001181409623067","0,00000213559809087416","0,00001706575503996907","0,00000001220169641390"
"0,08320290113955694510","0,00000059473041548121","0,00000001118875982687","0,00000152220437905030","0,00000001228208199870","0,00000084206938382085","0,00000001137458995768","0,00000295960274838859","0,00000021066709965084","0,00000243710094806780","0,00000054611289611116","0,00000177168762724533","0,00000195823203588354","0,00000195762287249084","0,00000611492576929904","0,00000001126036145725","0,00000001141810623776","0,00000001179831769804","0,00000214516800362892","0,00001712956102869585","0,00000001219630201816"
"0,08520682377687158190","0,00000059476075692322","0,00000001118089815744","0,00000153144746169608","0,00000001224715817079","0,00000084215636207642","0,00000001140111412588","0,00000297694761936697","0,00000021202998242865","0,00000245053444324626","0,00000054607678534384","0,00000178201461444218","0,00000196589097420610","0,00000196524208007267","0,00000614019349124485","0,00000001127005176190","0,00000001143377871833","0,00000001178056965729","0,00000215479349599284","0,00001719300749295904","0,00000001218552427802"
"0,08721074641418620490","0,00000059480179535503","0,00000001117406750708","0,00000154070727465668","0,00000001221087880829","0,00000084224682447635","0,00000001142889317313","0,00000299425819611026","0,00000021339709288356","0,00000246394212785829","0,00000054603264577725","0,00000179231415571860","0,00000197356143205766","0,00000197286561871254","0,00000616539067268167","0,00000001128189271729","0,00000001144972741768","0,00000001176085210841","0,00000216447456796594","0,00001725609443275862","0,00000001216936319349"
"0,08921466905150082780","0,00000059485353077663","0,00000001116826787578","0,00000154998381793210","0,00000001217324391120","0,00000084234077102064","0,00000001145792709945","0,00000301153447861847","0,00000021476843101557","0,00000247732400190387","0,00000054598047741140","0,00000180258625107460","0,00000198124340943822","0,00000198049348841046","0,00000619051731360950","0,00000001129588432340","0,00000001146595233579","0,00000001173916505141","0,00000217421121954821","0,00001731882184809461","0,00000001214781876456"
"0,09121859168881546470","0,00000059491596318804","0,00000001116349926354","0,00000155927709152236","0,00000001213425347952","0,00000084243820170929","0,00000001148821590482","0,00000302877646689158","0,00000021614399682469","0,00000249068006538302","0,00000054592028024629","0,00000181283090051018","0,00000198893690634777","0,00000198812568916643","0,00000621557341402836","0,00000001131202658024","0,00000001148245347267","0,00000001171550848628","0,00000218400345073966","0,00001738118973896700","0,00000001212089099124"
"0,09322251432613008760","0,00000059498909258925","0,00000001115976167037","0,00000156858709542743","0,00000001209390751324","0,00000084253911654230","0,00000001151975958925","0,00000304598416092960","0,00000021752379031091","0,00000250401031829573","0,00000054585205428191","0,00000182304810402533","0,00000199664192278633","0,00000199576222098043","0,00000624055897393822","0,00000001133031948782","0,00000001149923082832","0,00000001168988241304","0,00000219385126154028","0,00001744319810537578","0,00000001208857987352"
"0,09522643696344472440","0,00000059507291898025","0,00000001115705509627","0,00000157791382964733","0,00000001205220601236","0,00000084264351551968","0,00000001155255815274","0,00000306315756073253","0,00000021890781147423","0,00000251731476064200","0,00000054577579951826","0,00000183323786162006","0,00000200435845875388","0,00000200340308385248","0,00000626547399333911","0,00000001135076304613","0,00000001151628440273","0,00000001166228683166","0,00000220375465195007","0,00001750484694732098","0,00000001205088541141"
"0,09723035960075934740","0,00000059516744236106","0,00000001115537954123","0,00000158725729418206","0,00000001200914897690","0,00000084275139864141","0,00000001158661159529","0,00000308029666630037","0,00000022029606031466","0,00000253059339242183","0,00000054569151595534","0,00000184340017329437","0,00000201208651425043","0,00000201104827778258","0,00000629031847223100","0,00000001137335725517","0,00000001153361419592","0,00000001163272174217","0,00000221371362196904","0,00001756613626480257","0,00000001200780760490"
"0,09923428223807398420","0,00000059527266273166","0,00000001115473500525","0,00000159661748903161","0,00000001196473640684","0,00000084286276590751","0,00000001162191991690","0,00000309740147763312","0,00000022168853683219","0,00000254384621363522","0,00000054559920359317","0,00000185353503904826","0,00000201982608927598","0,00000201869780277072","0,00000631509241061392","0,00000001139810211495","0,00000001155122020787","0,00000001160118714455","0,00000222372817159718","0,00001762706605782056","0,00000001195934645400"
"0,10123820487538860700","0,00000059538311189746","0,00000001115529390545","0,00000160597549664994","0,00000001192197169962","0,00000084297262306317","0,00000001165628184179","0,00000311447483332386","0,00000022308242235502","0,00000255709049332085","0,00000054550704208655","0,00000186363657680152","0,00000202757185026237","0,00000202635692866530","0,00000633979562319540","0,00000001142312865148","0,00000001156775681673","0,00000001156976184339","0,00000223378894633645","0,00001768767067434478","0,00000001190942011838"
"0,10324212751270324400","0,00000059549332166383","0,00000001115722865894","0,00000161531239949100","0,00000001188385825269","0,00000084307597585361","0,00000001168749609419","0,00000313151957196567","0,00000022447489821136","0,00000257034350051737","0,00000054542321109035","0,00000187369890447397","0,00000203531846364143","0,00000203403092531474","0,00000636442792468301","0,00000001144656789080","0,00000001158187840067","0,00000001154052464328","0,00000224388659168883","0,00001774798446234504","0,00000001186194675773"
"0,10524605015001786700","0,00000059560329203079","0,00000001116053926571","0,00000162462819755479","0,00000001185039606604","0,00000084317282427884","0,00000001171556267411","0,00000314853569355855","0,00000022586596440121","0,00000258360523522480","0,00000054534771060454","0,00000188372202206561","0,00000204306592941317","0,00000204171979271904","0,00000638898931507673","0,00000001146841983292","0,00000001159358495966","0,00000001151347554421","0,00000225402110765431","0,00001780800742182134","0,00000001181692637204"
"0,10724997278733250400","0,00000059571302299832","0,00000001116522572577","0,00000163392289084132","0,00000001182158513967","0,00000084326316833884","0,00000001174048158154","0,00000316552319810250","0,00000022725562092455","0,00000259687569744313","0,00000054528054062913","0,00000189370592957643","0,00000205081424757758","0,00000204942353087818","0,00000641347979437658","0,00000001148868447783","0,00000001160287649373","0,00000001148861454618","0,00000226419249423289","0,00001786773955277368","0,00000001177435896132"
"0,10925389542464712700","0,00000059582251456644","0,00000001117128803911","0,00000164319647935058","0,00000001179742547359","0,00000084334700803362","0,00000001176225281649","0,00000318248208559752","0,00000022864386778141","0,00000261015488717236","0,00000054522170116413","0,00000190365062700644","0,00000205856341813466","0,00000205714213979218","0,00000643789936258255","0,00000001150736182552","0,00000001160975300286","0,00000001146594164920","0,00000227440075142458","0,00001792718085520206","0,00000001173424452557"
"0,11125781806196176300","0,00000059593176673513","0,00000001117872620574","0,00000165244896308257","0,00000001177791706779","0,00000084342434336319","0,00000001178087637894","0,00000319941235604361","0,00000023003070497176","0,00000262344280441248","0,00000054517119220952","0,00000191355611435564","0,00000206631344108441","0,00000206487561946103","0,00000646224801969464","0,00000001152445187601","0,00000001161421448705","0,00000001144545685326","0,00000228464587922936","0,00001798633132910648","0,00000001169658306479"
"0,11326174069927638600","0,00000059604077950440","0,00000001118754022565","0,00000166168034203730","0,00000001176305992227","0,00000084349517432753","0,00000001179635226891","0,00000321631400944077","0,00000023141613249562","0,00000263673944916351","0,00000054512901376532","0,00000192342239162402","0,00000207406431642684","0,00000207262396988474","0,00000648652576571286","0,00000001153995462928","0,00000001161626094631","0,00000001142716015836","0,00000229492787764725","0,00001804519097448694","0,00000001166137457897"
"0,11526566333659102300","0,00000059614955287426","0,00000001119773009885","0,00000167089061621475","0,00000001175285403703","0,00000084355950092665","0,00000001180868048639","0,00000323318704578901","0,00000023280015035299","0,00000265004482142544","0,00000054509516583152","0,00000193324945881159","0,00000208181604416194","0,00000208038719106330","0,00000651073260063719","0,00000001155387008535","0,00000001161589238064","0,00000001141105156451","0,00000230524674667823","0,00001810375979134345","0,00000001162861906811"
"0,11726958597390564600","0,00000059625808684469","0,00000001120929582533","0,00000168007978561494","0,00000001174729941208","0,00000084361732316056","0,00000001181786103139","0,00000325003146508831","0,00000023418275854386","0,00000266335892119828","0,00000054506964840812","0,00000194303731591835","0,00000208956862428972","0,00000208816528299671","0,00000653486852446765","0,00000001156619824421","0,00000001161310879003","0,00000001139713107170","0,00000231560248632232","0,00001816203777967600","0,00000001159831653223"
"0,11927350861122028300","0,00000059636638141571","0,00000001122223740510","0,00000168924785023787","0,00000001174639604741","0,00000084366864102924","0,00000001182389390390","0,00000326684726733868","0,00000023556395706823","0,00000267668174848201","0,00000054505246149512","0,00000195278596294429","0,00000209732205681017","0,00000209595824568498","0,00000655893353720423","0,00000001157693910586","0,00000001160791017449","0,00000001138539867993","0,00000232599509657951","0,00001822002493948458","0,00000001157046697131"
"0,12127743124853490600","0,00000059647443658730","0,00000001123655483815","0,00000169839481008352","0,00000001175014394303","0,00000084371345453270","0,00000001182677910392","0,00000328363445254013","0,00000023694374592611","0,00000269001330327664","0,00000054504360509253","0,00000196249539988942","0,00000210507634172330","0,00000210376607912810","0,00000658292763884693","0,00000001158609267029","0,00000001160029653402","0,00000001137585438921","0,00000233642457744981","0,00001827772127076921","0,00000001154507038535"
"0,12328135388584952900","0,00000059658225235947","0,00000001125224812448","0,00000170752066515191","0,00000001175854309892","0,00000084375176367094","0,00000001182651663145","0,00000330039302069264","0,00000023832212511749","0,00000270335358558217","0,00000054504307920033","0,00000197216562675374","0,00000211283147902909","0,00000211158878332607","0,00000660685082939575","0,00000001159365893752","0,00000001159026786861","0,00000001136849819954","0,00000234689092893320","0,00001833512677352988","0,00000001152212677437"
"0,12528527652316415200","0,00000059668982873223","0,00000001126931726411","0,00000171662541544303","0,00000001177159351510","0,00000084378356844396","0,00000001182310648650","0,00000331712297179623","0,00000023969909464237","0,00000271670259539861","0,00000054505088381854","0,00000198179664353724","0,00000212058746872756","0,00000211942635827889","0,00000663070310885069","0,00000001159963790754","0,00000001157782417826","0,00000001136333011090","0,00000235739415102969","0,00001839224144776660","0,00000001150163613834"
"0,12728919916047878900","0,00000059679716570556","0,00000001128776225701","0,00000172570906095688","0,00000001178929519156","0,00000084380886885177","0,00000001181654866906","0,00000333382430585088","0,00000024107465450076","0,00000273006033272594","0,00000054506701894715","0,00000199138845023993","0,00000212834431081871","0,00000212727880398657","0,00000665448447721176","0,00000001160402958035","0,00000001156296546298","0,00000001136035012331","0,00000236793424373929","0,00001844906529347936","0,00000001148359847729"
"0,12929312179779342500","0,00000059690426327947","0,00000001130758310321","0,00000173477160169347","0,00000001181164812831","0,00000084382766489435","0,00000001180684317914","0,00000335049702285661","0,00000024244880469266","0,00000274342679756418","0,00000054509148458616","0,00000200094104686181","0,00000213610200530253","0,00000213514612044910","0,00000667819493447895","0,00000001160683395595","0,00000001154569172277","0,00000001135955823677","0,00000237851120706199","0,00001850559831066815","0,00000001146801379120"
"0,13129704443510806200","0,00000059701112145396","0,00000001132877980268","0,00000174381303765279","0,00000001183865232534","0,00000084383995657171","0,00000001179399001672","0,00000336714112281340","0,00000024382154521805","0,00000275680198991332","0,00000054512428073557","0,00000201045443340287","0,00000214386055217902","0,00000214302830766649","0,00000670183448065226","0,00000001160805103434","0,00000001152600295763","0,00000001136095445126","0,00000238912504099779","0,00001856184049933299","0,00000001145488208008"
"0,13330096707242267100","0,00000059711774022904","0,00000001135135235545","0,00000175283336883484","0,00000001187030778265","0,00000084384574388385","0,00000001177798918182","0,00000338375660572127","0,00000024519287607696","0,00000277018590977336","0,00000054516540739538","0,00000201992860986312","0,00000215161995144818","0,00000215092536563873","0,00000672540311573169","0,00000001160768081552","0,00000001150389916754","0,00000001136453876681","0,00000239977574554669","0,00001861779185947387","0,00000001144420334392"
"0,13530488970973730800","0,00000059722411960469","0,00000001137530076149","0,00000176183259523962","0,00000001190661450024","0,00000084384502683077","0,00000001175884067443","0,00000340034347158021","0,00000024656279726936","0,00000278357855714429","0,00000054521486456560","0,00000202936357624255","0,00000215938020311002","0,00000215883729436582","0,00000674890083971724","0,00000001160572329949","0,00000001147938035253","0,00000001137031118339","0,00000241046332070869","0,00001867345239109079","0,00000001143597758273"
"0,13730881234705194500","0,00000059733025958092","0,00000001140062502082","0,00000177081071686714","0,00000001194757247812","0,00000084383780541247","0,00000001173654449456","0,00000341690172039022","0,00000024793130879527","0,00000279697993202613","0,00000054527265224621","0,00000203875933254117","0,00000216714130716453","0,00000216676409384776","0,00000677232765260891","0,00000001160217848625","0,00000001145244651258","0,00000001137827170102","0,00000242118776648380","0,00001872882209418375","0,00000001143020479651"
"0,13931273498436658200","0,00000059743616015773","0,00000001142732513344","0,00000177976773371739","0,00000001199318171628","0,00000084382407962895","0,00000001171110064220","0,00000343343135215129","0,00000024929841065469","0,00000281039003441887","0,00000054533877043723","0,00000204811587875898","0,00000217490326361172","0,00000217470576408456","0,00000679568355440671","0,00000001159704637580","0,00000001142309764770","0,00000001138842031969","0,00000243194908287200","0,00001878390096875276","0,00000001142688498526"
"0,14131665762168119100","0,00000059754182133512","0,00000001145540109934","0,00000178870364579037","0,00000001204344221472","0,00000084380384948021","0,00000001168250911735","0,00000344993236686344","0,00000025066410284761","0,00000282380886432251","0,00000054541321913865","0,00000205743321489597","0,00000218266607245158","0,00000218266230507621","0,00000681896854511063","0,00000001159032696815","0,00000001139133375788","0,00000001140075703941","0,00000244274726987331","0,00001883868901479780","0,00000001142601814897"
"0,14332058025899582800","0,00000059764724311309","0,00000001148485291853","0,00000179761845308608","0,00000001209835397345","0,00000084377711496625","0,00000001165076992001","0,00000346640476452666","0,00000025202838537403","0,00000283723642173705","0,00000054549599835047","0,00000206671134095215","0,00000219042973368411","0,00000219063371682271","0,00000684218262472067","0,00000001158202026328","0,00000001135715484313","0,00000001141528186017","0,00000245358232748772","0,00001889318623231889","0,00000001142760428764"
"0,14532450289631046500","0,00000059775242549165","0,00000001151568059101","0,00000180651215560453","0,00000001215791699246","0,00000084374387608707","0,00000001161588305019","0,00000348284854514095","0,00000025339125823396","0,00000285067270666250","0,00000054558710807269","0,00000207595025692752","0,00000219819424730932","0,00000219861999932407","0,00000686532579323683","0,00000001157212626120","0,00000001132056090344","0,00000001143199478197","0,00000246445425571523","0,00001894739262131602","0,00000001143164340129"
"0,14732842553362510100","0,00000059785736847078","0,00000001154788411676","0,00000181538475334571","0,00000001222213127175","0,00000084370413284267","0,00000001157784850788","0,00000349926370870631","0,00000025475272142739","0,00000286411771909884","0,00000054568654830532","0,00000208514996282207","0,00000220595961332720","0,00000220662115258028","0,00000688839805065911","0,00000001156064496191","0,00000001128155193882","0,00000001145089580482","0,00000247536305455584","0,00001900130818178919","0,00000001143813548989"
"0,14933234817093971000","0,00000059796207205049","0,00000001158146349581","0,00000182423624630962","0,00000001229099681132","0,00000084365788523305","0,00000001153666629308","0,00000351565025522274","0,00000025611277495433","0,00000287757145904608","0,00000054579431904834","0,00000209431045863581","0,00000221372583173776","0,00000221463717659134","0,00000691139939698752","0,00000001154757636542","0,00000001124012794926","0,00000001147198492871","0,00000248630872400956","0,00001905493291373839","0,00000001144708055347"
"0,15133627080825434700","0,00000059806581559094","0,00000001161434496504","0,00000183311657009378","0,00000001236090509066","0,00000084361013561170","0,00000001149530178789","0,00000353202186971097","0,00000025747046587575","0,00000289102073386421","0,00000054590305551609","0,00000210343910858274","0,00000222149963626257","0,00000222266012460597","0,00000693432235999247","0,00000001153373102202","0,00000001119937686553","0,00000001149369885131","0,00000249726199530623","0,00001910828412806782","0,00000001145725355929"
"0,15334019344556898400","0,00000059816787845229","0,00000001164445476138","0,00000184207566029571","0,00000001242824758924","0,00000084356588633213","0,00000001145672037441","0,00000354839223719172","0,00000025882484125265","0,00000290445235091321","0,00000054600539292291","0,00000211254327687685","0,00000222928776062325","0,00000223068204987288","0,00000695715946744441","0,00000001151991948204","0,00000001116238661838","0,00000001151447427028","0,00000250819359967573","0,00001916137913568165","0,00000001146742947462"
"0,15534411608288362100","0,00000059826826063454","0,00000001167179288482","0,00000185111351691542","0,00000001249302430707","0,00000084352513739432","0,00000001142092205262","0,00000356476135766499","0,00000026017590108502","0,00000291786631019308","0,00000054610133126877","0,00000212162296351815","0,00000223709020481977","0,00000223870295239206","0,00000697991071934333","0,00000001150614174547","0,00000001112915720780","0,00000001153431118562","0,00000251910353711805","0,00001921421793657986","0,00000001147760829948"
"0,15734803872019823000","0,00000059836696213770","0,00000001169635933537","0,00000186023013995289","0,00000001255523524413","0,00000084348788879827","0,00000001138790682254","0,00000358112923113079","0,00000026152364537285","0,00000293126261170382","0,00000054619087055370","0,00000213067816850664","0,00000224490696885215","0,00000224672283216351","0,00000700257611568922","0,00000001149239781231","0,00000001109968863381","0,00000001155320959732","0,00000252999180763319","0,00001926680053076247","0,00000001148779003385"
"0,15935196135751286700","0,00000059846398296175","0,00000001171815411301","0,00000186942552940814","0,00000001261488040044","0,00000084345414054400","0,00000001135767468416","0,00000359749585758911","0,00000026286807411616","0,00000294464125544543","0,00000054627401077768","0,00000213970889184231","0,00000225273805272039","0,00000225474168918724","0,00000702515565648210","0,00000001147868768257","0,00000001107398089639","0,00000001157116950540","0,00000254085841122116","0,00001931912691822947","0,00000001149797467774"
"0,16135588399482750400","0,00000059855932310671","0,00000001173717721776","0,00000187869968528116","0,00000001267195977599","0,00000084342389263150","0,00000001133022563749","0,00000361386123703994","0,00000026420918731495","0,00000295800224141792","0,00000054635075194071","0,00000214871513352517","0,00000226058345642447","0,00000226275952346325","0,00000704764934172196","0,00000001146501135624","0,00000001105203399556","0,00000001158819090985","0,00000255170334788195","0,00001937119709898086","0,00000001150816223114"
"0,16335980663214211300","0,00000059865298257257","0,00000001175342864961","0,00000188805260757194","0,00000001272647337079","0,00000084339714506076","0,00000001130555968252","0,00000363022536948331","0,00000026554698496920","0,00000297134556962127","0,00000054642109404280","0,00000215769689355522","0,00000226844317996441","0,00000227077633499153","0,00000707005717140880","0,00000001145136883333","0,00000001103384793130","0,00000001160427381067","0,00000256252661761556","0,00001942301107301664","0,00000001151835269407"
"0,16536372926945675000","0,00000059874496135932","0,00000001176690840857","0,00000189748429628050","0,00000001277842118482","0,00000084337389783179","0,00000001128367681925","0,00000364658825491919","0,00000026688146707892","0,00000298467124005549","0,00000054648503708395","0,00000216665417193245","0,00000227631722334021","0,00000227879212377208","0,00000709237914554262","0,00000001143776011382","0,00000001101942270362","0,00000001161941820786","0,00000257332822042199","0,00001947456884033682","0,00000001152854606651"
"0,16736765190677138600","0,00000059883525946698","0,00000001177761649462","0,00000190699475140683","0,00000001282780321810","0,00000084335415094459","0,00000001126457704768","0,00000366294989334760","0,00000026821263364412","0,00000299797925272058","0,00000054654258106416","0,00000217558696865687","0,00000228420558655186","0,00000228680688980492","0,00000711461526412343","0,00000001142418519773","0,00000001100875831252","0,00000001163362410141","0,00000258410815630124","0,00001952587040094139","0,00000001153874234847"
"0,16937157454408602300","0,00000059892387689554","0,00000001178555290778","0,00000191658397295093","0,00000001287461947063","0,00000084333790439916","0,00000001124826036781","0,00000367931028476853","0,00000026954048466479","0,00000301126960761655","0,00000054659372598342","0,00000218449528372848","0,00000229210826959936","0,00000229482063309003","0,00000713676552715121","0,00000001141064408505","0,00000001100185475800","0,00000001164689149134","0,00000259486642525332","0,00001957691575483035","0,00000001154894153995"
"0,17137549718140063200","0,00000059901081364500","0,00000001179071764804","0,00000192625196091280","0,00000001291886994239","0,00000084332515819550","0,00000001123472677965","0,00000369566942918198","0,00000027086502014093","0,00000302454230474338","0,00000054663847184174","0,00000219337911714727","0,00000230002527248272","0,00000230283335362741","0,00000715882993462597","0,00000001139713677579","0,00000001099871204006","0,00000001165922037764","0,00000260560302727822","0,00001962770490200371","0,00000001155914364094"
"0,17337941981871526900","0,00000059909606971536","0,00000001179311071540","0,00000193599871529244","0,00000001296055463340","0,00000084331591233360","0,00000001122397628320","0,00000371202732658795","0,00000027218624007254","0,00000303779734410109","0,00000054667681863912","0,00000220223846891325","0,00000230795659520193","0,00000231084505141707","0,00000718080848654772","0,00000001138366326994","0,00000001099933015870","0,00000001167061076031","0,00000261631796237594","0,00001967823784246145","0,00000001156934865146"
"0,17538334245602990600","0,00000059917964510663","0,00000001179273210987","0,00000194582423608985","0,00000001299967354365","0,00000084331016681347","0,00000001121600887844","0,00000372838397698645","0,00000027350414445962","0,00000305103472568966","0,00000054670876637555","0,00000221107333902641","0,00000231590223775700","0,00000231885572645901","0,00000720270118291644","0,00000001137022356750","0,00000001100370911392","0,00000001168106263934","0,00000262701123054648","0,00001972851457620360","0,00000001157955657149"
"0,17738726509334454300","0,00000059926153981879","0,00000001178958183144","0,00000195572852330504","0,00000001303622667315","0,00000084330792163512","0,00000001121082456539","0,00000374473938037746","0,00000027481873330218","0,00000306425444950911","0,00000054673431505104","0,00000221988372748677","0,00000232386220014791","0,00000232686537875322","0,00000722450802373215","0,00000001135681766847","0,00000001101184890571","0,00000001169057601475","0,00000263768283178985","0,00001977853510323013","0,00000001158976740104"
"0,17939118773065915200","0,00000059934175385185","0,00000001178365988011","0,00000196571157693799","0,00000001307021402189","0,00000084330917679853","0,00000001120842334404","0,00000376109353676100","0,00000027613000660020","0,00000307745651555942","0,00000054675346466558","0,00000222866963429431","0,00000233183648237469","0,00000233487400829970","0,00000724622900899483","0,00000001134344557286","0,00000001102374953409","0,00000001169915088653","0,00000264833276610604","0,00001982829942354106","0,00000001159998114011"
"0,18139511036797378900","0,00000059942028720582","0,00000001177496625588","0,00000197577339698871","0,00000001310163558987","0,00000084331393230370","0,00000001120880521439","0,00000377744644613707","0,00000027743796435370","0,00000309064092384061","0,00000054676621521918","0,00000223743105944903","0,00000233982508443731","0,00000234288161509846","0,00000726786413870450","0,00000001133010728066","0,00000001103941099904","0,00000001170678725468","0,00000265896103349505","0,00001987780753713637","0,00000001161019778869"
"0,18339903300528842500","0,00000059949713988069","0,00000001176350095876","0,00000198591398345721","0,00000001313049137709","0,00000084332218815065","0,00000001121197017645","0,00000379379810850565","0,00000027874260656267","0,00000310380767435266","0,00000054677256671184","0,00000224616800295094","0,00000234782800633580","0,00000235088819914950","0,00000728941341286115","0,00000001131680279188","0,00000001105883330058","0,00000001171348511919","0,00000266956763395689","0,00001992705944401608","0,00000001162041734679"
"0,18540295564260306200","0,00000059957231187645","0,00000001174926398873","0,00000199613333634347","0,00000001315678138356","0,00000084333394433937","0,00000001121791823020","0,00000381014852386676","0,00000028004393322711","0,00000311695676709559","0,00000054677251914356","0,00000225488046480004","0,00000235584524807013","0,00000235889376045282","0,00000731087683146478","0,00000001130353210650","0,00000001108201643869","0,00000001171924448008","0,00000268015256749154","0,00001997605514418019","0,00000001163063981441"
"0,18740687827991767100","0,00000059964580319312","0,00000001173225534581","0,00000200643145564751","0,00000001318050560926","0,00000084334920086985","0,00000001122664937566","0,00000382649769222039","0,00000028134194434702","0,00000313008820206939","0,00000054676607251433","0,00000226356844499633","0,00000236387680964032","0,00000236689829900840","0,00000733225439451539","0,00000001129029522454","0,00000001110896041338","0,00000001172406533734","0,00000269071583409902","0,00002002479463762868","0,00000001164086519155"
"0,18941080091723230800","0,00000059971761383069","0,00000001171247503000","0,00000201680834136932","0,00000001320166405422","0,00000084336795774210","0,00000001123816361283","0,00000384284561356654","0,00000028263663992241","0,00000314320197927406","0,00000054675322682415","0,00000227223194353980","0,00000237192269104636","0,00000237490181481627","0,00000735354610201298","0,00000001127709214600","0,00000001113966522466","0,00000001172794769096","0,00000270125743377932","0,00002007327792436158","0,00000001165109347821"
"0,19141472355454694500","0,00000059978774378916","0,00000001168992304128","0,00000202726399350889","0,00000001322025671841","0,00000084339021495612","0,00000001125246094170","0,00000385919228790522","0,00000028392801995326","0,00000315629809870960","0,00000054673398207304","0,00000228087096043046","0,00000237998289228826","0,00000238290430787641","0,00000737475195395755","0,00000001126392287086","0,00000001117413087251","0,00000001173089154096","0,00000271177736653244","0,00002012150500437886","0,00000001166132467438"
"0,19341864619186155400","0,00000059985619306853","0,00000001166459937967","0,00000203779841206624","0,00000001323628360185","0,00000084341597251191","0,00000001126954136227","0,00000387553771523641","0,00000028521608443959","0,00000316937656037600","0,00000054670833826098","0,00000228948549566830","0,00000238805741336601","0,00000239090577818882","0,00000739587195034910","0,00000001125078739914","0,00000001121235735694","0,00000001173289688733","0,00000272227563235839","0,00002016947587768053","0,00000001167155878007"
"0,19542256882917619100","0,00000059992296166880","0,00000001163650404516","0,00000204841159704136","0,00000001324974470453","0,00000084344523040947","0,00000001128940487454","0,00000389188189556013","0,00000028650083338139","0,00000318243736427328","0,00000054667629538797","0,00000229807554925334","0,00000239614625427961","0,00000239890622575352","0,00000741690609118764","0,00000001123768573084","0,00000001125434467795","0,00000001173396373006","0,00000273275223125716","0,00002021719054426660","0,00000001168179579528"
"0,19742649146649082800","0,00000059998804958998","0,00000001160563703775","0,00000205910354843425","0,00000001326064002645","0,00000084347798864879","0,00000001131205147851","0,00000390822482887637","0,00000028778226677866","0,00000319548051040143","0,00000054663785345403","0,00000230664112118555","0,00000240424941502907","0,00000240690565057048","0,00000743785437647315","0,00000001122461786594","0,00000001130009283554","0,00000001173409206917","0,00000274320716322875","0,00002026464900413705","0,00000001169203572001"
"0,19943041410380546400","0,00000060005145683205","0,00000001157199835745","0,00000206987426624491","0,00000001326896956762","0,00000084351424722988","0,00000001133748117419","0,00000392456651518514","0,00000028906038463140","0,00000320850599876045","0,00000054659301245914","0,00000231518221146496","0,00000241236689561438","0,00000241490405263973","0,00000745871680620564","0,00000001121158380446","0,00000001134960182970","0,00000001173328190465","0,00000275364042827316","0,00002031185125729191","0,00000001170227855426"
"0,20143433674112007400","0,00000060010870260592","0,00000001153799417646","0,00000208063502113886","0,00000001327550569141","0,00000084355382527715","0,00000001136388294229","0,00000394087064037462","0,00000029033555526034","0,00000322147414001819","0,00000054654669388329","0,00000232370532401947","0,00000242049135549173","0,00000242290549300752","0,00000747950183662417","0,00000001119939671512","0,00000001139952758151","0,00000001173156899329","0,00000276408268221961","0,00002035882501481858","0,00000001171148094059"
"0,20343825937843471000","0,00000060015530612247","0,00000001150603066703","0,00000209129708378162","0,00000001328102076122","0,00000084359654191499","0,00000001138944576353","0,00000395710089033299","0,00000029160814698622","0,00000323434524484246","0,00000054650381920645","0,00000233221696277701","0,00000242861545411728","0,00000243091403272016","0,00000750021792396779","0,00000001118886976663","0,00000001144652601202","0,00000001172898909189","0,00000277456458089732","0,00002040559798780450","0,00000001171859952158"
"0,20544218201574934700","0,00000060019126738171","0,00000001147610782914","0,00000210186045417319","0,00000001328551477704","0,00000084364239714341","0,00000001141416963791","0,00000397325726506027","0,00000029287815980903","0,00000324711931323329","0,00000054646438842864","0,00000234071712773758","0,00000243673919149104","0,00000243892967177762","0,00000752086506823650","0,00000001118000295901","0,00000001149059712122","0,00000001172554220045","0,00000278508612430629","0,00002045217017624966","0,00000001172363429723"
"0,20744610465306398400","0,00000060021658638364","0,00000001144822566279","0,00000211232513231357","0,00000001328898773888","0,00000084369139096241","0,00000001143805456542","0,00000398933976455645","0,00000029414559372878","0,00000325979634519067","0,00000054642840154984","0,00000234920581890117","0,00000244486256761301","0,00000244695241017993","0,00000754144326943030","0,00000001117279629225","0,00000001153174090913","0,00000001172122831898","0,00000279564731244651","0,00002049854158015405","0,00000001172658526753"
"0,20945002729037859300","0,00000060023126312825","0,00000001142238416799","0,00000212269111820276","0,00000001329143964674","0,00000084374352337198","0,00000001146110054608","0,00000400534838882154","0,00000029541044874546","0,00000327237634071460","0,00000054639585857007","0,00000235768303626780","0,00000245298558248319","0,00000245498224792707","0,00000756195252754920","0,00000001116724976635","0,00000001156995737574","0,00000001171604744746","0,00000280624814531799","0,00002054471219951770","0,00000001172745243250"
"0,21145394992769323000","0,00000060023529761555","0,00000001139858334473","0,00000213295841184076","0,00000001329287050060","0,00000084379879437213","0,00000001148330757987","0,00000402128313785552","0,00000029667272485907","0,00000328485929980507","0,00000054636675948931","0,00000236614877983745","0,00000246110823610157","0,00000246301918501904","0,00000758239284259318","0,00000001116336338131","0,00000001160524652104","0,00000001170999958591","0,00000281688862292072","0,00002059068203434059","0,00000001172623579212"
"0,21345787256500786700","0,00000060022868984553","0,00000001137682319301","0,00000214312701322757","0,00000001329328030049","0,00000084385720396286","0,00000001150467566681","0,00000403714401165841","0,00000029793242206962","0,00000329724522246210","0,00000054634110430758","0,00000237460304961013","0,00000246923052846817","0,00000247106322145585","0,00000760276421456225","0,00000001116113713713","0,00000001163760834505","0,00000001170308473431","0,00000282756874525471","0,00002063645108462272","0,00000001172293534639"
"0,21546179520232250400","0,00000060021143981820","0,00000001135710371285","0,00000215319692236318","0,00000001329266904638","0,00000084391875214416","0,00000001152520480688","0,00000405293101023020","0,00000029918954037710","0,00000330953410868567","0,00000054631889302486","0,00000238304584558583","0,00000247735245958297","0,00000247911435723749","0,00000762306664345641","0,00000001116057103381","0,00000001166704284775","0,00000001169530289268","0,00000283828851231996","0,00002068201935036410","0,00000001171755109533"
"0,21746571783963711300","0,00000060018354753356","0,00000001133942490422","0,00000216316813924761","0,00000001329103673829","0,00000084398343891604","0,00000001154489500009","0,00000406864413357089","0,00000030044407978151","0,00000332172595847580","0,00000054630012564116","0,00000239147716776456","0,00000248547402944599","0,00000248717259236397","0,00000764330012927566","0,00000001116166507135","0,00000001169355002916","0,00000001168665406101","0,00000284904792411646","0,00002072738683156472","0,00000001171008303892"
"0,21946964047695174900","0,00000060014501299160","0,00000001132378676714","0,00000217304066388085","0,00000001328838337622","0,00000084405126427850","0,00000001156374624644","0,00000408428338168048","0,00000030169604028286","0,00000333382077183247","0,00000054628480215648","0,00000239989701614633","0,00000249359523805721","0,00000249523792683528","0,00000766346467202000","0,00000001116441924975","0,00000001171712988926","0,00000001167713823929","0,00000285984698064422","0,00002077255352822458","0,00000001170053117717"
"0,22147356311426638600","0,00000060009583619233","0,00000001131018930161","0,00000218281449626290","0,00000001328470896016","0,00000084412222823154","0,00000001158175854593","0,00000409984875455897","0,00000030294542188115","0,00000334581854875569","0,00000054627292257082","0,00000240830539073111","0,00000250171608541664","0,00000250331036065143","0,00000768356027168943","0,00000001116883356902","0,00000001173778242807","0,00000001166675542754","0,00000287068568190324","0,00002081751944034369","0,00000001168889551008"
"0,22347748575158102300","0,00000060003601713575","0,00000001129863250762","0,00000219248963639375","0,00000001328001349011","0,00000084419633077515","0,00000001159893189856","0,00000411534025220636","0,00000030419222457636","0,00000335771928924546","0,00000054626448688418","0,00000241670229151893","0,00000250983657152427","0,00000251138989381241","0,00000770358692828396","0,00000001117490802914","0,00000001175550764557","0,00000001165550562575","0,00000288156402789351","0,00002086228456792204","0,00000001167517603765"
"0,22548140838889563200","0,00000059996555582185","0,00000001128911638517","0,00000220206608427342","0,00000001327429696608","0,00000084427357190933","0,00000001161526630433","0,00000413075787462266","0,00000030543644836851","0,00000336952299330178","0,00000054625949509656","0,00000242508771850977","0,00000251795669638012","0,00000251947652631823","0,00000772354464180357","0,00000001118264263013","0,00000001177030554178","0,00000001164338883392","0,00000289248201861504","0,00002090684891095963","0,00000001165937275987"
"0,22748533102621026900","0,00000059988445225064","0,00000001128164093427","0,00000221154383990190","0,00000001326755938807","0,00000084435395163410","0,00000001163076176324","0,00000414610162180786","0,00000030667809325760","0,00000338122966092465","0,00000054625794720796","0,00000243346167170364","0,00000252607645998418","0,00000252757025816888","0,00000774343341224827","0,00000001119203737197","0,00000001178217611668","0,00000001163040505205","0,00000290343965406782","0,00002095121246945647","0,00000001164148567675"
"0,22948925366352490600","0,00000059979270642211","0,00000001127620615492","0,00000222092290327918","0,00000001325980075606","0,00000084443746994944","0,00000001164541827528","0,00000416137149376196","0,00000030791715924362","0,00000339283929211407","0,00000054625984321838","0,00000244182415110054","0,00000253419586233644","0,00000253567108936437","0,00000776325323961806","0,00000001120309225468","0,00000001179111937028","0,00000001161655428014","0,00000291443693425187","0,00002099537524341255","0,00000001162151478829"
"0,23149317630083951500","0,00000059969031833628","0,00000001127281204711","0,00000223020327440528","0,00000001325102107008","0,00000084452412685536","0,00000001165923584047","0,00000417656749048496","0,00000030915364632657","0,00000340435188687004","0,00000054626518312781","0,00000245017515670047","0,00000254231490343692","0,00000254377901990470","0,00000778300412391295","0,00000001121580727825","0,00000001179713530259","0,00000001160183651819","0,00000292547385916716","0,00002103933723282788","0,00000001159946009449"
"0,23349709893815415200","0,00000059957728799312","0,00000001127145861084","0,00000223938495328018","0,00000001324122033010","0,00000084461392235186","0,00000001167221445880","0,00000419168961197686","0,00000031038755450645","0,00000341576744519256","0,00000054627396693627","0,00000245851468850342","0,00000255043358328560","0,00000255189404978985","0,00000780268606513292","0,00000001123018244268","0,00000001180022391359","0,00000001158625176621","0,00000293655042881372","0,00002108309843770245","0,00000001157532159534"
"0,23550102157546878900","0,00000059945361539266","0,00000001127214584612","0,00000224846793990390","0,00000001323039853615","0,00000084470685643893","0,00000001168435413026","0,00000420673785823767","0,00000031161888378327","0,00000342708596708162","0,00000054628619464375","0,00000246684274650941","0,00000255855190188249","0,00000256001617901985","0,00000782229906327798","0,00000001124621774797","0,00000001180038520329","0,00000001156980002418","0,00000294766664319153","0,00002112665885803627","0,00000001154909929085"
"0,23750494421278342500","0,00000059931930053488","0,00000001127487375295","0,00000225745223427642","0,00000001321855568820","0,00000084480292911658","0,00000001169565485486","0,00000422171222926737","0,00000031284763415703","0,00000343830745253724","0,00000054630186625024","0,00000247515933071842","0,00000256666985922759","0,00000256814540759468","0,00000784184311834814","0,00000001126391319412","0,00000001179761917169","0,00000001155248129211","0,00000295882250230060","0,00002117001849382932","0,00000001152079318102"
"0,23950886685009803400","0,00000059917434341978","0,00000001127964233131","0,00000226633783639776","0,00000001320569178627","0,00000084490214038480","0,00000001170611663261","0,00000423661272506598","0,00000031407380562772","0,00000344943190155940","0,00000054632098175575","0,00000248346444113045","0,00000257478745532089","0,00000257628173551434","0,00000786131823034338","0,00000001128326878113","0,00000001179192581879","0,00000001153429557001","0,00000297001800614092","0,00002121317734508162","0,00000001149040326585"
"0,24151278948741267100","0,00000059901874404737","0,00000001128645158123","0,00000227512474626790","0,00000001319180683036","0,00000084500449024361","0,00000001171573946349","0,00000425143934563349","0,00000031529739819534","0,00000346045931414811","0,00000054634354116029","0,00000249175807774552","0,00000258290469016241","0,00000258442516277884","0,00000788072439926372","0,00000001130428450900","0,00000001178330514460","0,00000001151524285786","0,00000298125315471250","0,00002125613541179316","0,00000001145792954533"
"0,24351671212472730800","0,00000059885250241765","0,00000001129530150268","0,00000228381296388685","0,00000001317690082046","0,00000084510997869299","0,00000001172452334751","0,00000426619209096990","0,00000031651841185989","0,00000347138969030338","0,00000054636954446384","0,00000250004024056361","0,00000259102156375213","0,00000259257568938817","0,00000790006162510914","0,00000001132696037774","0,00000001177175714910","0,00000001149532315568","0,00000299252794801534","0,00002129889269396395","0,00000001142337201948"
"0,24552063476204194500","0,00000059867561853062","0,00000001130619209569","0,00000229240248925462","0,00000001316097375657","0,00000084521860573294","0,00000001173246828467","0,00000428087096107522","0,00000031773684662138","0,00000348222303002519","0,00000054639899166641","0,00000250831092958473","0,00000259913807609007","0,00000260073331534234","0,00000791932990787966","0,00000001135129638733","0,00000001175728183230","0,00000001147453646345","0,00000300384238604943","0,00002134144919159398","0,00000001138673068827"
"0,24752455739935655400","0,00000059848809238627","0,00000001131912336023","0,00000230089332237119","0,00000001314402563870","0,00000084533037136348","0,00000001173957427497","0,00000429547595594943","0,00000031895270247980","0,00000349295933331355","0,00000054643188276800","0,00000251657014480888","0,00000260725422717621","0,00000260889804064134","0,00000793852924757526","0,00000001137729253778","0,00000001173987919420","0,00000001145288278119","0,00000301519646881478","0,00002138380490468326","0,00000001134800555173"
"0,24952848003667119100","0,00000059828992398460","0,00000001133409529633","0,00000230928546323657","0,00000001312605646685","0,00000084544527558459","0,00000001174584131840","0,00000431000707559255","0,00000032016597943516","0,00000350359860016846","0,00000054646821776861","0,00000252481788623605","0,00000261537001701056","0,00000261706986528518","0,00000795765964419596","0,00000001140494882910","0,00000001171954923480","0,00000001143036210889","0,00000302659019631139","0,00002142595983323177","0,00000001130719660985"
"0,25153240267398580000","0,00000059809018833874","0,00000001135002636932","0,00000231762774941494","0,00000001310828075299","0,00000084555740933508","0,00000001175078099048","0,00000432448839715627","0,00000032137574768967","0,00000351422585621148","0,00000054650693892327","0,00000253304913808240","0,00000262348476245970","0,00000262524836172473","0,00000797672109278786","0,00000001143234064922","0,00000001169776320023","0,00000001140883793217","0,00000303803908633045","0,00002146792243771430","0,00000001126713258850"
"0,25353632531130043700","0,00000059789796046180","0,00000001136583504455","0,00000232596901847048","0,00000001309191300911","0,00000084566086355376","0,00000001175390486670","0,00000433894399779230","0,00000032258107744553","0,00000352492612706417","0,00000054654698848698","0,00000254125888456405","0,00000263159778039022","0,00000263343310241086","0,00000799571358839709","0,00000001145754338609","0,00000001167599233663","0,00000001139017373666","0,00000304955865666319","0,00002150970117860561","0,00000001123064221359"
"0,25554024794861507300","0,00000059771324035378","0,00000001138152132203","0,00000233430927040319","0,00000001307695323522","0,00000084575563824063","0,00000001175521294705","0,00000435337387750063","0,00000032378196870275","0,00000353569941272654","0,00000054658836645976","0,00000254944712568102","0,00000263970907080211","0,00000264162408734357","0,00000801463713102364","0,00000001148055703971","0,00000001165423664398","0,00000001137436952236","0,00000306114890730959","0,00002155129605590570","0,00000001119772548510"
"0,25754417058592971000","0,00000059753602801467","0,00000001139708520177","0,00000234264850521307","0,00000001306340143130","0,00000084584173339568","0,00000001175470523154","0,00000436777803628127","0,00000032497842146134","0,00000354654571319858","0,00000054663107284161","0,00000255761386143329","0,00000264781863369538","0,00000264982131652286","0,00000803349172066751","0,00000001150138161008","0,00000001163249612230","0,00000001136142528928","0,00000307280983826966","0,00002159270706961456","0,00000001116838240305"
"0,25954809322324434700","0,00000059736632344448","0,00000001141252668374","0,00000235098672290012","0,00000001305125759737","0,00000084591914901893","0,00000001175238172016","0,00000438215647413421","0,00000032617043572128","0,00000355746502848029","0,00000054667510763252","0,00000256575909182088","0,00000265592646907002","0,00000265802478994873","0,00000805227735732872","0,00000001152001709720","0,00000001161077077158","0,00000001135134103740","0,00000308454144954340","0,00002163393421973220","0,00000001114261296742"
"0,26155201586055898400","0,00000059720412664321","0,00000001142784576797","0,00000235932392346434","0,00000001304052173342","0,00000084598788511036","0,00000001174824241293","0,00000439650919105946","0,00000032735801148259","0,00000356845735857167","0,00000054672047083249","0,00000257388281684377","0,00000266403257692603","0,00000266623450762119","0,00000807099404100724","0,00000001153646350106","0,00000001158906059182","0,00000001134411676673","0,00000309634374113080","0,00002167497750625862","0,00000001112041717822"
"0,26355593849787362100","0,00000059704943761086","0,00000001144304245444","0,00000236766010690572","0,00000001303119383945","0,00000084604794166998","0,00000001174228730983","0,00000441083618705702","0,00000032854114874525","0,00000357952270347273","0,00000054676716244153","0,00000258198503650198","0,00000267213695726342","0,00000267445046954023","0,00000808964177170310","0,00000001155072082168","0,00000001156736558303","0,00000001133975247727","0,00000310821671303187","0,00002171583692919381","0,00000001110179503544"
"0,26555986113518820200","0,00000059690225634743","0,00000001145811674317","0,00000237599527322427","0,00000001302327391546","0,00000084609931869779","0,00000001173451641088","0,00000442513746212688","0,00000032971984750927","0,00000359066106318345","0,00000054681518245963","0,00000259006575079549","0,00000268023961008218","0,00000268267267570584","0,00000810822054941627","0,00000001156278905904","0,00000001154568574519","0,00000001133824816903","0,00000312016036524660","0,00002175651248853779","0,00000001108674653910"
"0,26756378377250283900","0,00000059676258285291","0,00000001147306863413","0,00000238432942242000","0,00000001301676196146","0,00000084614201619378","0,00000001172492971605","0,00000443941301626905","0,00000033089410777466","0,00000360187243770385","0,00000054686453088680","0,00000259812495972432","0,00000268834053538232","0,00000269090112611804","0,00000812673037414677","0,00000001157266821316","0,00000001152402107832","0,00000001133960384199","0,00000313217469777501","0,00002179700418429054","0,00000001107527168919"
"0,26956770640981747600","0,00000059663041712732","0,00000001148789812735","0,00000239266255449289","0,00000001301165797743","0,00000084617603415796","0,00000001171352722537","0,00000445366284948353","0,00000033206392954140","0,00000361315682703393","0,00000054691520772303","0,00000260616266328846","0,00000269643973316383","0,00000269913582077682","0,00000814517124589460","0,00000001158035828402","0,00000001150237158241","0,00000001134381949616","0,00000314425971061708","0,00002183731201645207","0,00000001106737048570"
"0,27157162904713211300","0,00000059650575917064","0,00000001150260522281","0,00000240099466944295","0,00000001300796196339","0,00000084620137259033","0,00000001170030893883","0,00000446788696177031","0,00000033322931280951","0,00000362451423117367","0,00000054696721296833","0,00000261417886148791","0,00000270453720342672","0,00000270737675968219","0,00000816354316465975","0,00000001158585927164","0,00000001148073725747","0,00000001135089513155","0,00000315641540377281","0,00002187743598502238","0,00000001106304292864"
"0,27357555168444674900","0,00000059638860898288","0,00000001151718992053","0,00000240932576727018","0,00000001300567391933","0,00000084621803149089","0,00000001168527485642","0,00000448208535312940","0,00000033439025757897","0,00000363594465012309","0,00000054702054662269","0,00000262217355432266","0,00000271263294617098","0,00000271562394283413","0,00000818184613044223","0,00000001158917117600","0,00000001145911810348","0,00000001136083074814","0,00000316864177724222","0,00002191737609000146","0,00000001106228901801"
"0,27557947432176138600","0,00000059627896656404","0,00000001153165222049","0,00000241765584797457","0,00000001300479384524","0,00000084622601085963","0,00000001166842497815","0,00000449625802356079","0,00000033554676384979","0,00000364744808388218","0,00000054707520868612","0,00000263014674179273","0,00000272072696139662","0,00000272387737023266","0,00000820008014324203","0,00000001159029399711","0,00000001143751412046","0,00000001137362634594","0,00000318093883102529","0,00002195713233138933","0,00000001106510875381"
"0,27758339695907602300","0,00000059617683191411","0,00000001154599212269","0,00000242598491155614","0,00000001300532174115","0,00000084622531069657","0,00000001164975930402","0,00000451040497306449","0,00000033669883162198","0,00000365902453245094","0,00000054713119915860","0,00000263809842389811","0,00000272881924910363","0,00000273213704187776","0,00000821824520305915","0,00000001158922773497","0,00000001141592530840","0,00000001138928192495","0,00000319330656512203","0,00002199670470918597","0,00000001107150213604"
"0,27958731959639066000","0,00000059608220503311","0,00000001156020962715","0,00000243431295801488","0,00000001300725760703","0,00000084621593100169","0,00000001162927783402","0,00000452452620164050","0,00000033784646089552","0,00000367067399582937","0,00000054718851804016","0,00000264602860063880","0,00000273690980929201","0,00000274040295776945","0,00000823634130989360","0,00000001158597238958","0,00000001139435166730","0,00000001140779748518","0,00000320574497953243","0,00002203609322339139","0,00000001108146916469"
"0,28159124223370524100","0,00000059599508592102","0,00000001157430473385","0,00000244263998735078","0,00000001301060144289","0,00000084619787177500","0,00000001160698056817","0,00000453862170928881","0,00000033898965167043","0,00000368239647401748","0,00000054724716533078","0,00000265393727201480","0,00000274499864196177","0,00000274867511790772","0,00000825436846374538","0,00000001158052796094","0,00000001137279319717","0,00000001142917302661","0,00000321825407425650","0,00002207529787400558","0,00000001109500983978"
"0,28359516487101987800","0,00000059591547457785","0,00000001158827744280","0,00000245096599956385","0,00000001301535324874","0,00000084617113301649","0,00000001158286750645","0,00000455269149600943","0,00000034012840394669","0,00000369419196701525","0,00000054730714103046","0,00000266182443802611","0,00000275308574711290","0,00000275695352229257","0,00000827232666461448","0,00000001157289444905","0,00000001135124989800","0,00000001145340854925","0,00000323083384929424","0,00002211431866102856","0,00000001111212416129"
"0,28559908750833451500","0,00000059584337100360","0,00000001160212775399","0,00000245929099465410","0,00000001302151302456","0,00000084613571472618","0,00000001155693864887","0,00000456673556180235","0,00000034126271772431","0,00000370606047482271","0,00000054736844513921","0,00000266969009867272","0,00000276117112474541","0,00000276523817092401","0,00000829021591250090","0,00000001156307185390","0,00000001132972176978","0,00000001148050405311","0,00000324348430464565","0,00002215315558446031","0,00000001113281212923"
"0,28760301014564915200","0,00000059577877519827","0,00000001161585566744","0,00000246761497262151","0,00000001302908077037","0,00000084609161690405","0,00000001152919399542","0,00000458075390666758","0,00000034239259300330","0,00000371800199743983","0,00000054743107765702","0,00000267753425395465","0,00000276925477485929","0,00000277352906380202","0,00000830803620740465","0,00000001155106017551","0,00000001130820881253","0,00000001151045953817","0,00000325620544031072","0,00002219180864430084","0,00000001115707374360"
"0,28960693278296378800","0,00000059572168716185","0,00000001162946118313","0,00000247593793346609","0,00000001303805648616","0,00000084603883955011","0,00000001149963354612","0,00000459474653060512","0,00000034351802978364","0,00000373001653486663","0,00000054749503858389","0,00000268535690387189","0,00000277733669745455","0,00000278182620092662","0,00000832578754932573","0,00000001153685941387","0,00000001128671102625","0,00000001154327500444","0,00000326899725628946","0,00002223027784055015","0,00000001118490900440"
"0,29161085542027842500","0,00000059567210689436","0,00000001164294430107","0,00000248425987718784","0,00000001304844017193","0,00000084597738266436","0,00000001146825730095","0,00000460871343361496","0,00000034463902806535","0,00000374210408710309","0,00000054756032791983","0,00000269315804842445","0,00000278541689253118","0,00000279012958229780","0,00000834346993826412","0,00000001152046956897","0,00000001126522841092","0,00000001157895045193","0,00000328185975258187","0,00002226856317320823","0,00000001121631791162"
"0,29361477805759306200","0,00000059563003439578","0,00000001165630502126","0,00000249258080378675","0,00000001306023182768","0,00000084590724624679","0,00000001143506525992","0,00000462265461569711","0,00000034575558784841","0,00000375426465414923","0,00000054762694566484","0,00000270093768761231","0,00000279349536008919","0,00000279843920791556","0,00000836108337421985","0,00000001150189064083","0,00000001124376096656","0,00000001161748588062","0,00000329479292918794","0,00002230666464227509","0,00000001125130046528"
"0,29561870069490764300","0,00000059559546966612","0,00000001166954334369","0,00000250090071326284","0,00000001307343145342","0,00000084582843029741","0,00000001140005742303","0,00000463657007685156","0,00000034686770913284","0,00000376649823600505","0,00000054769489181891","0,00000270869582143548","0,00000280157210012857","0,00000280675507777990","0,00000837862785719289","0,00000001148112262943","0,00000001122230869316","0,00000001165888129052","0,00000330779678610768","0,00002234458224775073","0,00000001128985666536"
"0,29762262333222228000","0,00000059556841270538","0,00000001168265926838","0,00000250921960561609","0,00000001308803904913","0,00000084574093481622","0,00000001136323379028","0,00000465045981707832","0,00000034797539191862","0,00000377880483267053","0,00000054776416638204","0,00000271643244989396","0,00000280964711264932","0,00000281507719189082","0,00000839610338718327","0,00000001145816553478","0,00000001120087159072","0,00000001170313668164","0,00000332087132334109","0,00002238231598963515","0,00000001133198651187"
"0,29962654596953691700","0,00000059554886351356","0,00000001169565279531","0,00000251753748084652","0,00000001310405461483","0,00000084564475980322","0,00000001132459436166","0,00000466432383637739","0,00000034907863620576","0,00000379118444414569","0,00000054783476935424","0,00000272414757298775","0,00000281772039765145","0,00000282340555024833","0,00000841350996419097","0,00000001143301935688","0,00000001117944965925","0,00000001175025205396","0,00000333401654088817","0,00002241986586792835","0,00000001137769000481"
"0,30163046860685155400","0,00000059552913082318","0,00000001170747598552","0,00000252586981083784","0,00000001311931997986","0,00000084554930603091","0,00000001128705822220","0,00000467817930026821","0,00000035017993158887","0,00000380355052979683","0,00000054790389101278","0,00000273185418588356","0,00000282579660381189","0,00000283173232616434","0,00000843084866873751","0,00000001140734469225","0,00000001115994871810","0,00000001179628193731","0,00000334720400147209","0,00002245727000234069","0,00000001142401266671"
"0,30363439124416619100","0,00000059550152336676","0,00000001171708090006","0,00000253423206747381","0,00000001313167697356","0,00000084546397427180","0,00000001125354445692","0,00000469204337427025","0,00000035128176766254","0,00000381581654899027","0,00000054796872163495","0,00000273956528374809","0,00000283388037980758","0,00000284004969295077","0,00000844812058134443","0,00000001138280213739","0,00000001114427458666","0,00000001183728086151","0,00000336040526781604","0,00002249456651258255","0,00000001146800002012"
"0,30563831388148082800","0,00000059546604114430","0,00000001172446753893","0,00000254262425075442","0,00000001314112559595","0,00000084538876452588","0,00000001122405306581","0,00000470591605838349","0,00000035238414442678","0,00000382798250172601","0,00000054802926122074","0,00000274728086658135","0,00000284197172563851","0,00000284835765060763","0,00000846532570201172","0,00000001135939169232","0,00000001113242726492","0,00000001187324882655","0,00000337362033992003","0,00002253175539865393","0,00000001150965206503"
"0,30764223651879546400","0,00000059542268415581","0,00000001172963590212","0,00000255104636067966","0,00000001314766584701","0,00000084532367679315","0,00000001119858404888","0,00000471979735260794","0,00000035348706188158","0,00000384004838800405","0,00000054808550977016","0,00000275500093438333","0,00000285007064130468","0,00000285665619913493","0,00000848246403073939","0,00000001133711335702","0,00000001112440675287","0,00000001190418583243","0,00000338684921778404","0,00002256883666055482","0,00000001154896880144"
"0,30964615915611010100","0,00000059537145240128","0,00000001173258598964","0,00000255949839724955","0,00000001315129772676","0,00000084526871107362","0,00000001117713740613","0,00000473368725694360","0,00000035459052002694","0,00000385201420782438","0,00000054813746728321","0,00000276272548715403","0,00000285817712680611","0,00000286494533853265","0,00000849953556752743","0,00000001131596713151","0,00000001112021305053","0,00000001193009187916","0,00000340009190140809","0,00002260581029828522","0,00000001158595022936"
"0,31165008179342468200","0,00000059531234588072","0,00000001173331780149","0,00000256798036046407","0,00000001315202123518","0,00000084522386736728","0,00000001115971313756","0,00000474758577139047","0,00000035569451886287","0,00000386387996118701","0,00000054818513375988","0,00000277045452489346","0,00000286629118214277","0,00000287322506880079","0,00000851654031237583","0,00000001129595301577","0,00000001111984615789","0,00000001195096696673","0,00000341334839079216","0,00002264267631184514","0,00000001162059634877"
"0,31365400443073931900","0,00000059524536459412","0,00000001173183133766","0,00000257649225032323","0,00000001314983637228","0,00000084518914567414","0,00000001114631124316","0,00000476149289594854","0,00000035679905838936","0,00000387564564809194","0,00000054822850920018","0,00000277818804760161","0,00000287441280731469","0,00000288149538993937","0,00000853347826528462","0,00000001127707100981","0,00000001112330607496","0,00000001196681109514","0,00000342661868593627","0,00002267943470123458","0,00000001165290715969"
"0,31565792706805395600","0,00000059517050854148","0,00000001172812659815","0,00000258503406682703","0,00000001314474313806","0,00000084516454599420","0,00000001113693172293","0,00000477540863061783","0,00000035790413860642","0,00000388731126853917","0,00000054826759360410","0,00000278592605527849","0,00000288254200232185","0,00000288975630194837","0,00000855034942625377","0,00000001125932111363","0,00000001113059280172","0,00000001197762426440","0,00000343990278684040","0,00002271608546645354","0,00000001168288266211"
"0,31766184970536859300","0,00000059508777772280","0,00000001172220358297","0,00000259360580997547","0,00000001313674153252","0,00000084515006832745","0,00000001113157457688","0,00000478933297539832","0,00000035900975951405","0,00000389887682252870","0,00000054830238697165","0,00000279366854792409","0,00000289067876716426","0,00000289800780482779","0,00000856715379528330","0,00000001124270332723","0,00000001114170633818","0,00000001198340647451","0,00000345320069350457","0,00002275262860750200","0,00000001171052285603"
"0,31966577234268323000","0,00000059499717213809","0,00000001171406229212","0,00000260220747976855","0,00000001312583155566","0,00000084514571267389","0,00000001113023980501","0,00000480326593029002","0,00000036011592111223","0,00000391034231006052","0,00000054833288930283","0,00000280141552553842","0,00000289882310184191","0,00000290624989857765","0,00000858389137237319","0,00000001122721765061","0,00000001115664668434","0,00000001198415772545","0,00000346651240592876","0,00002278906412437998","0,00000001173582774146"
"0,32166969497999786700","0,00000059489869178734","0,00000001170370272559","0,00000261083907620627","0,00000001311201320748","0,00000084515147903353","0,00000001113292740732","0,00000481720749529293","0,00000036122262340099","0,00000392170773113465","0,00000054835910059763","0,00000280916698812147","0,00000290697500635481","0,00000291448258319793","0,00000860056215752347","0,00000001121286408377","0,00000001117541384021","0,00000001197987801725","0,00000347983792411299","0,00002282539201708748","0,00000001175879731838"
"0,32367361761731250300","0,00000059479233667055","0,00000001169112488338","0,00000261950059928862","0,00000001309528648798","0,00000084516736740637","0,00000001113963738380","0,00000483115767040705","0,00000036232986638030","0,00000393297308575107","0,00000054838102085605","0,00000281692293567324","0,00000291513448070295","0,00000292270585868864","0,00000861716615073411","0,00000001119964262671","0,00000001119800780577","0,00000001197056734988","0,00000349317724805725","0,00002286161228562449","0,00000001177943158681"
"0,32567754025462714000","0,00000059467810678773","0,00000001167632876551","0,00000262819204901562","0,00000001307565139716","0,00000084519337779239","0,00000001115036973446","0,00000484511645563238","0,00000036343765005018","0,00000394413837390979","0,00000054839865007811","0,00000282468336819374","0,00000292330152488634","0,00000293091972504978","0,00000863370335200513","0,00000001118755327942","0,00000001122442858104","0,00000001195622572336","0,00000350653037776154","0,00002289772492999103","0,00000001179773054674"
"0,32768146289194172200","0,00000059455600213887","0,00000001165931437195","0,00000263691342538725","0,00000001305310793501","0,00000084522951019162","0,00000001116512445930","0,00000485908385096892","0,00000036454597441063","0,00000395520359561080","0,00000054841198826379","0,00000283244828568296","0,00000293147613890498","0,00000293912418228135","0,00000865017376133652","0,00000001117659604192","0,00000001125467616601","0,00000001193685313769","0,00000351989731322585","0,00002293372995018707","0,00000001181369419818"
"0,32968538552925635800","0,00000059442602272398","0,00000001164008170273","0,00000264566472840353","0,00000001302765610155","0,00000084527576460404","0,00000001118390155831","0,00000487305985641666","0,00000036565483946164","0,00000396616875085412","0,00000054842103541309","0,00000284021768814090","0,00000293965832275886","0,00000294731923038334","0,00000866657737872828","0,00000001116677091419","0,00000001128875056068","0,00000001191244959286","0,00000353327805445020","0,00002296962734621263","0,00000001182732254111"
"0,33168930816657099500","0,00000059428816854305","0,00000001161863075783","0,00000265444595806444","0,00000001299929589676","0,00000084533214102965","0,00000001120670103150","0,00000488704447197562","0,00000036676424520321","0,00000397703383963973","0,00000054842579152602","0,00000284799157556757","0,00000294784807644799","0,00000295550486935576","0,00000868291420418041","0,00000001115807789625","0,00000001132665176505","0,00000001188301508887","0,00000354667260143458","0,00002300541711806771","0,00000001183861557555"
"0,33369323080388563200","0,00000059414243959608","0,00000001159496153725","0,00000266325711436999","0,00000001296802732066","0,00000084539863946846","0,00000001123352287886","0,00000490103769764578","0,00000036787419163535","0,00000398779886196764","0,00000054842625660258","0,00000285576994796297","0,00000295604539997236","0,00000296368109919861","0,00000869918423769292","0,00000001115051698808","0,00000001136837977912","0,00000001184854962573","0,00000356008095417899","0,00002304109926575230","0,00000001184757330149"
"0,33569715344120026900","0,00000059398883588307","0,00000001156907404100","0,00000267209819732018","0,00000001293385037323","0,00000084547525992046","0,00000001126436710040","0,00000491503953342715","0,00000036898467875806","0,00000399846381783785","0,00000054842243064276","0,00000286355280532708","0,00000296425029333198","0,00000297184791991189","0,00000871538747926580","0,00000001114408818969","0,00000001141393460289","0,00000001180905320343","0,00000357350311268343","0,00002307667378926641","0,00000001185419571893"
"0,33770107607851490600","0,00000059382735740403","0,00000001154096826907","0,00000268096920691501","0,00000001289676505448","0,00000084556200238566","0,00000001129923369612","0,00000492904997931973","0,00000037009570657132","0,00000400902870725036","0,00000054841431364657","0,00000287134014765992","0,00000297246275652684","0,00000298000533149559","0,00000873152392889905","0,00000001113879150109","0,00000001146331623636","0,00000001176452582198","0,00000358693907694790","0,00002311214068861003","0,00000001185848282787"
"0,33970499871582954200","0,00000059365800415895","0,00000001151064422147","0,00000268987014315448","0,00000001285677136441","0,00000084565886686406","0,00000001133812266601","0,00000494306903532352","0,00000037120727507516","0,00000401949353020516","0,00000054840190561400","0,00000287913197496149","0,00000298068278955695","0,00000298815333394972","0,00000874759358659267","0,00000001113462692226","0,00000001151652467953","0,00000001171496748136","0,00000360038884697240","0,00002314749996378317","0,00000001186043462832"
"0,34170892135314412400","0,00000059348077614784","0,00000001147810189820","0,00000269880100603858","0,00000001281386930302","0,00000084576585335565","0,00000001138103401008","0,00000495709670143852","0,00000037231938426955","0,00000402985828670226","0,00000054838520654506","0,00000288692828723178","0,00000298891039242231","0,00000299629192727428","0,00000876359645234667","0,00000001113159445321","0,00000001157355993241","0,00000001166037818160","0,00000361385242275693","0,00002318275161478582","0,00000001186005112027"
"0,34371284399045876100","0,00000059329567337068","0,00000001144334129925","0,00000270776179556733","0,00000001276805887031","0,00000084588296186043","0,00000001142796772833","0,00000497113297766473","0,00000037343203415452","0,00000404012297674167","0,00000054836421643975","0,00000289472908447079","0,00000299714556512292","0,00000300442111146926","0,00000877953252616104","0,00000001112969409394","0,00000001163442199498","0,00000001160075792268","0,00000362732980430149","0,00002321789564161799","0,00000001185733230372"
"0,34571676662777339700","0,00000059310269582750","0,00000001140636242463","0,00000271675251174072","0,00000001271934006628","0,00000084601019237841","0,00000001147892382075","0,00000498517786400214","0,00000037454522473004","0,00000405028760032336","0,00000054833893529806","0,00000290253436667853","0,00000300538830765876","0,00000301254088653468","0,00000879540180803578","0,00000001112892584445","0,00000001169911086726","0,00000001153610670460","0,00000364082099160608","0,00002325293204427968","0,00000001185227817867"
"0,34772068926508803400","0,00000059290184351827","0,00000001136716527433","0,00000272577315455874","0,00000001266771289093","0,00000084614754490958","0,00000001153390228735","0,00000499923136045077","0,00000037565895599613","0,00000406035215744736","0,00000054830936312000","0,00000291034413385499","0,00000301363862002986","0,00000302065125247052","0,00000881120429797090","0,00000001112928970474","0,00000001176762654923","0,00000001146642452737","0,00000365432598467070","0,00002328786082277088","0,00000001184488874513"
"0,34972461190240267100","0,00000059269311644301","0,00000001132574984836","0,00000273482372402140","0,00000001261317734426","0,00000084629501945395","0,00000001159290312813","0,00000501329346701060","0,00000037677322795279","0,00000407031664811366","0,00000054827549990556","0,00000291815838600018","0,00000302189650223620","0,00000302875220927679","0,00000882693999596638","0,00000001113078567480","0,00000001183996904091","0,00000001139171139098","0,00000366784478349535","0,00002332268197709159","0,00000001183516400309"
"0,35172853453971730800","0,00000059249043527260","0,00000001128544950135","0,00000274387435098559","0,00000001256004198773","0,00000084644376476911","0,00000001165123822032","0,00000502734626782226","0,00000037789027066378","0,00000408026480449345","0,00000054824222168964","0,00000292598493883195","0,00000303014799332783","0,00000303684713668105","0,00000884263077835521","0,00000001113368961714","0,00000001191034760787","0,00000001131796233942","0,00000368133377848357","0,00002335738891905886","0,00000001182401415660"
"0,35373245717703194500","0,00000059230772067795","0,00000001124959758795","0,00000275289516630817","0,00000001251261538282","0,00000084658492961265","0,00000001170421944115","0,00000504137184702637","0,00000037901231419286","0,00000409028035875795","0,00000054821440450711","0,00000293383160806819","0,00000303837913235481","0,00000304493941441087","0,00000885829852147035","0,00000001113827739423","0,00000001197297151568","0,00000001125117241668","0,00000369474936003887","0,00002339197506048973","0,00000001181234940971"
"0,35573637981434658200","0,00000059214497265905","0,00000001121819410815","0,00000276188616998916","0,00000001247089752952","0,00000084671851398457","0,00000001175184679063","0,00000505537020462292","0,00000038013935854005","0,00000410036331090715","0,00000054819204835798","0,00000294169839370888","0,00000304658991931713","0,00000305302904246625","0,00000887394322531179","0,00000001114454900608","0,00000001202784076436","0,00000001119134162276","0,00000370809152816127","0,00002342644040138419","0,00000001180016976243"
"0,35774030245166116300","0,00000059200219121590","0,00000001119123906195","0,00000277084736202856","0,00000001243488842784","0,00000084684451788488","0,00000001179412026876","0,00000506934134061193","0,00000038127140370533","0,00000411051366094106","0,00000054817515324225","0,00000294958529575403","0,00000305478035421479","0,00000306111602084719","0,00000888956488987955","0,00000001115250445269","0,00000001207495535389","0,00000001113846995766","0,00000372136028285077","0,00002346078494174224","0,00000001178747521476"
"0,35974422508897580000","0,00000059187937634849","0,00000001116873244936","0,00000277977874242635","0,00000001240458807777","0,00000084696294131357","0,00000001183103987553","0,00000508328525499338","0,00000038240844968872","0,00000412073140885967","0,00000054816371915992","0,00000295749231420364","0,00000306295043704779","0,00000306920034955369","0,00000890516351517362","0,00000001116214373405","0,00000001211431528427","0,00000001109255742138","0,00000373455562410736","0,00002349500868156389","0,00000001177426576669"
"0,36174814772629043600","0,00000059177652805685","0,00000001115067427037","0,00000278868031118255","0,00000001237999647931","0,00000084707378427064","0,00000001186260561095","0,00000509720194776728","0,00000038355049649020","0,00000413101655466298","0,00000054815774611098","0,00000296541944905770","0,00000307110016781613","0,00000307728202858574","0,00000892073910119399","0,00000001117346685018","0,00000001214592055552","0,00000001105360401392","0,00000374767755193104","0,00002352911162084912","0,00000001176054141823"
"0,36375207036360507300","0,00000059169364634095","0,00000001113706452498","0,00000279755206829715","0,00000001236111363247","0,00000084717704675610","0,00000001188881747501","0,00000511109141893362","0,00000038469754410978","0,00000414136909835100","0,00000054815723409544","0,00000297336670031623","0,00000307922954651981","0,00000308536105794336","0,00000893629164794067","0,00000001118647380106","0,00000001216977116763","0,00000001102160973528","0,00000376072606632181","0,00002356309375959795","0,00000001174630216937"
"0,36575599300091971000","0,00000059163073120080","0,00000001112790321320","0,00000280639401377015","0,00000001234793953724","0,00000084727272876994","0,00000001190967546772","0,00000512495366849242","0,00000038584959254746","0,00000415178903992371","0,00000054816218311330","0,00000298133406797921","0,00000308733857315883","0,00000309343743762654","0,00000895182115541367","0,00000001120116458669","0,00000001218586712059","0,00000001099657458546","0,00000377370116727968","0,00002359695509781038","0,00000001173154802011"
"0,36775991563823434700","0,00000059158778263640","0,00000001112319033502","0,00000281520614760155","0,00000001234047419363","0,00000084736083031216","0,00000001192517958908","0,00000513878869644366","0,00000038700664180324","0,00000416227637938114","0,00000054817259316456","0,00000298932155204665","0,00000309542724773320","0,00000310151116763527","0,00000896732762361297","0,00000001121753920709","0,00000001219420841441","0,00000001097849856446","0,00000378660285480464","0,00002363069563548639","0,00000001171627897047"
"0,36976383827554898400","0,00000059156480064776","0,00000001112292589045","0,00000282398846979136","0,00000001233871760163","0,00000084744135138277","0,00000001193532983908","0,00000515259650278735","0,00000038816869187711","0,00000417283111672326","0,00000054818846424921","0,00000299732915251854","0,00000310349557024291","0,00000310958224796957","0,00000898281105253858","0,00000001123559766224","0,00000001219479504908","0,00000001096738167228","0,00000379943112889669","0,00002366431537262601","0,00000001170049502042"
"0,37176776091286356500","0,00000059156178523487","0,00000001112710987948","0,00000283274098033957","0,00000001234266976124","0,00000084751429198175","0,00000001194012621773","0,00000516637708752349","0,00000038933574276909","0,00000418345325195009","0,00000054820979636727","0,00000300535686939490","0,00000311154354068796","0,00000311765067862942","0,00000899827144219050","0,00000001125533995214","0,00000001218762702462","0,00000001096322390892","0,00000381218598955584","0,00002369781430922922","0,00000001168419616998"
"0,37377168355017820200","0,00000059157873639772","0,00000001113574230211","0,00000284146367924618","0,00000001235233067247","0,00000084757965210912","0,00000001193956872502","0,00000518013045065207","0,00000039050779447917","0,00000419414278506162","0,00000054823658951872","0,00000301340470267571","0,00000311957115906835","0,00000312571645961483","0,00000901370879256873","0,00000001127676607681","0,00000001217270434101","0,00000001096602527438","0,00000382486743678208","0,00002373119244529601","0,00000001166738241915"
"0,37577560618749283900","0,00000059161565413633","0,00000001114882315835","0,00000285015656651120","0,00000001236770033531","0,00000084763743176488","0,00000001193365736096","0,00000519385659217310","0,00000039168484700734","0,00000420489971605786","0,00000054826884370356","0,00000302147265236098","0,00000312757842538408","0,00000313377959092581","0,00000902912310367327","0,00000001129987603623","0,00000001215002699826","0,00000001097578576866","0,00000383747547057542","0,00002376444978082641","0,00000001165005376792"
"0,37777952882480747600","0,00000059167253845069","0,00000001116635244819","0,00000285881964213461","0,00000001238877874977","0,00000084768763094902","0,00000001192239212555","0,00000520755551208658","0,00000039286690035361","0,00000421572404493880","0,00000054830655892181","0,00000302956071845071","0,00000313556533963515","0,00000314184007256234","0,00000904451437550412","0,00000001132466983041","0,00000001211959499637","0,00000001099250539175","0,00000385001009093584","0,00002379758631582039","0,00000001163221021630"
"0,37978345146212211200","0,00000059174938934080","0,00000001118833017163","0,00000286745290611643","0,00000001241556591584","0,00000084773024966154","0,00000001190577301879","0,00000522122721039251","0,00000039405395451799","0,00000422661577170444","0,00000054834973517345","0,00000303766890094489","0,00000314353190182157","0,00000314989790452443","0,00000905988260806128","0,00000001135114745935","0,00000001208140833534","0,00000001101618414367","0,00000386247129786336","0,00002383060205027798","0,00000001161385176428"
"0,38178737409943674900","0,00000059184620680666","0,00000001121475632868","0,00000287605635845666","0,00000001244806183352","0,00000084776528790244","0,00000001188380004066","0,00000523487168709089","0,00000039524600950046","0,00000423757489635479","0,00000054839837245849","0,00000304579719984354","0,00000315147811194332","0,00000315795308681208","0,00000907522780134475","0,00000001137930892305","0,00000001203546701517","0,00000001104682202441","0,00000387485909135798","0,00002386349698419915","0,00000001159497841187"
"0,38379129673675138600","0,00000059196299084828","0,00000001124563091933","0,00000288462999915528","0,00000001248626650282","0,00000084779274567173","0,00000001185647319119","0,00000524848894218171","0,00000039644306530103","0,00000424860141888983","0,00000054845247077693","0,00000305394561514664","0,00000315940397000042","0,00000316600561942529","0,00000909054995535453","0,00000001140915422150","0,00000001198177103585","0,00000001108441903396","0,00000388717347141969","0,00002389627111758391","0,00000001157559015906"
"0,38579521937406602300","0,00000059209974146564","0,00000001128095394359","0,00000289317382821231","0,00000001253017992373","0,00000084781262296939","0,00000001182379247036","0,00000526207897566498","0,00000039764512191970","0,00000425969533930959","0,00000054851203012877","0,00000306211414685420","0,00000316730947599286","0,00000317405550236406","0,00000910584907009062","0,00000001144068335471","0,00000001192032039739","0,00000001112897517234","0,00000389941443804849","0,00002392892445043227","0,00000001155568700586"
"0,38779914201138060400","0,00000059225645865875","0,00000001132072540145","0,00000290168784562774","0,00000001257980209626","0,00000084782491979545","0,00000001178575787818","0,00000527564178754070","0,00000039885217935647","0,00000427085665761404","0,00000054857705051400","0,00000307030279496621","0,00000317519462992064","0,00000318210273562839","0,00000912112514555301","0,00000001147389632267","0,00000001185111509979","0,00000001118049043953","0,00000391158199124438","0,00002396145698274423","0,00000001153526895226"
"0,38980306464869524100","0,00000059243314242762","0,00000001136494529291","0,00000291017205140157","0,00000001263513302040","0,00000084782963614988","0,00000001174236941464","0,00000528917737780886","0,00000040006423761133","0,00000428208537380320","0,00000054864753193263","0,00000307851155948269","0,00000318305943178376","0,00000319014731921828","0,00000913637818174172","0,00000001150879312540","0,00000001177415514304","0,00000001123896483555","0,00000392367613100737","0,00002399386871451978","0,00000001151433599827"
"0,39180698728600987800","0,00000059262979277224","0,00000001141361361798","0,00000291862644553381","0,00000001269617269615","0,00000084782677203270","0,00000001169362707975","0,00000530268574646948","0,00000040128129668430","0,00000429338148787706","0,00000054872347438466","0,00000308674044040362","0,00000319090388158222","0,00000319818925313372","0,00000915160817865674","0,00000001154537376288","0,00000001168944052716","0,00000001130439836038","0,00000393569685733745","0,00002402615964575892","0,00000001149288814388"
"0,39381090992332451500","0,00000059284640969261","0,00000001146673037665","0,00000292705102802445","0,00000001276292112352","0,00000084781632744390","0,00000001163953087351","0,00000531616689352254","0,00000040250335657536","0,00000430474499983563","0,00000054880487787009","0,00000309498943772901","0,00000319872797931603","0,00000320622853737473","0,00000916681513629806","0,00000001158363823512","0,00000001159697125213","0,00000001137679101404","0,00000394764417023463","0,00002405832977646165","0,00000001147092538910"
"0,39581483256063915100","0,00000059308299318873","0,00000001152429556892","0,00000293544579887349","0,00000001283537830250","0,00000084779830238348","0,00000001158008079591","0,00000532962081896805","0,00000040373041728453","0,00000431617590967890","0,00000054889174238891","0,00000310325855145886","0,00000320653172498518","0,00000321426517194129","0,00000918199905466570","0,00000001162358654211","0,00000001149674731796","0,00000001145614279651","0,00000395951806969889","0,00002409037910662798","0,00000001144844773392"
"0,39781875519795378800","0,00000059333954326060","0,00000001158630919480","0,00000294381075808093","0,00000001291354423310","0,00000084777269685145","0,00000001151527684696","0,00000534304752280600","0,00000040496247881179","0,00000432767421740687","0,00000054898406794114","0,00000311154778159316","0,00000321431511858966","0,00000322229915683342","0,00000919715993375964","0,00000001166521868386","0,00000001138876872465","0,00000001154245370780","0,00000397131855573026","0,00002412230763625790","0,00000001142545517835"
"0,39982267783526842500","0,00000059361605990822","0,00000001165277125428","0,00000295214590564678","0,00000001299741891531","0,00000084773951084780","0,00000001144511902666","0,00000535644700503641","0,00000040619954115715","0,00000433923992301954","0,00000054908185452676","0,00000311985712813193","0,00000322207816012949","0,00000323033049205110","0,00000921229777357989","0,00000001170853466037","0,00000001127303547219","0,00000001163572374792","0,00000398304562832871","0,00002415411536535142","0,00000001140194772238"
"0,40182660047258300600","0,00000059389637939757","0,00000001171839221485","0,00000296045680245197","0,00000001308049232324","0,00000084770542934614","0,00000001137595469033","0,00000536980646358479","0,00000040743258170454","0,00000435080684443107","0,00000054917856811982","0,00000312816647584157","0,00000322984111443358","0,00000323835532614334","0,00000922737189576491","0,00000001175040275476","0,00000001115954891109","0,00000001172786180931","0,00000399472267385887","0,00002418580563577388","0,00000001137990126277"
"0,40383052310989764300","0,00000059416433799463","0,00000001177788254397","0,00000296874900937747","0,00000001315625443102","0,00000084767713732006","0,00000001131413119333","0,00000538311309637670","0,00000040865257783787","0,00000436230879955560","0,00000054926767469437","0,00000313645570948852","0,00000323762424633083","0,00000324636980765913","0,00000924234162195312","0,00000001178769125013","0,00000001105831039185","0,00000001181077678444","0,00000400637307868532","0,00002421738178939065","0,00000001136129169629"
"0,40583444574721228000","0,00000059441993569940","0,00000001183124224165","0,00000297702252642328","0,00000001322470523863","0,00000084765463476957","0,00000001125964853564","0,00000539636690341212","0,00000040985952955714","0,00000437374578839313","0,00000054934917425041","0,00000314472482907277","0,00000324542755582124","0,00000325437393659847","0,00000925720695214454","0,00000001182040014650","0,00000001096931991445","0,00000001188446867331","0,00000401799684280809","0,00002424884382620172","0,00000001134611902292"
"0,40783836838452691700","0,00000059466317251188","0,00000001187847130789","0,00000298527735358938","0,00000001328584474609","0,00000084763792169467","0,00000001121250671727","0,00000540956788469105","0,00000041105343686236","0,00000438511781094365","0,00000054942306678793","0,00000315297383459432","0,00000325325104290482","0,00000326236771296136","0,00000927196788633916","0,00000001184852944386","0,00000001089257747891","0,00000001194893747593","0,00000402959396622716","0,00002428019174620710","0,00000001133438324268"
"0,40984229102184155400","0,00000059489404843207","0,00000001191956974269","0,00000299351349087579","0,00000001333967295338","0,00000084762699809536","0,00000001117270573822","0,00000542271604021351","0,00000041223429975352","0,00000439642486720718","0,00000054948935230694","0,00000316120272605317","0,00000326109470758157","0,00000327035113674779","0,00000928662442453698","0,00000001187207914221","0,00000001082808308522","0,00000001200418319228","0,00000404116444894253","0,00002431142554940678","0,00000001132608435555"
"0,41184621365915619100","0,00000059511256345996","0,00000001195453754605","0,00000300173093828250","0,00000001338618986052","0,00000084762186397163","0,00000001114024559849","0,00000543581136997947","0,00000041340211823063","0,00000440766695718371","0,00000054954803080744","0,00000316941150344933","0,00000326895854985149","0,00000327832420795778","0,00000930117656673801","0,00000001189104924155","0,00000001077583673338","0,00000001205020582237","0,00000405270829095421","0,00002434254523580076","0,00000001132122236154"
"0,41385013629647082700","0,00000059531871759557","0,00000001198337471797","0,00000300992969580952","0,00000001342539546749","0,00000084762251932350","0,00000001111512629807","0,00000544885387398896","0,00000041455689229368","0,00000441884408087324","0,00000054959910228942","0,00000317760016678279","0,00000327684256971457","0,00000328628692659132","0,00000931562431294224","0,00000001190543974188","0,00000001073583842339","0,00000001208700536621","0,00000406422549226220","0,00002437355080538905","0,00000001131979726066"
"0,41585405893378546400","0,00000059551251083888","0,00000001200608125844","0,00000301810976345683","0,00000001345728977430","0,00000084762896415095","0,00000001109734783697","0,00000546184355224196","0,00000041569862194268","0,00000442995623827577","0,00000054964256675290","0,00000318576871605356","0,00000328474676717081","0,00000329423929264841","0,00000932996766314967","0,00000001191525064320","0,00000001070808815526","0,00000001211458182378","0,00000407571605286649","0,00002440444225817165","0,00000001132180905289"
"0,41785798157110004600","0,00000059569394318990","0,00000001202265716748","0,00000302627114122445","0,00000001348187278095","0,00000084764119845398","0,00000001108691021519","0,00000547478040473848","0,00000041682730717762","0,00000444100342939130","0,00000054967842419786","0,00000319391715126162","0,00000329267114222023","0,00000330218130612905","0,00000934420661736032","0,00000001192048194552","0,00000001069258592897","0,00000001213293519510","0,00000408717997276709","0,00002443521959414854","0,00000001132725773824"
"0,41986190420841468200","0,00000059586301464863","0,00000001203310244507","0,00000303441382911237","0,00000001349914448745","0,00000084765922223261","0,00000001108381343273","0,00000548766443147852","0,00000041794294799851","0,00000445198565421983","0,00000054970667462430","0,00000320204547240699","0,00000330061569486281","0,00000331011296703324","0,00000935834117557416","0,00000001192113364883","0,00000001068933174454","0,00000001214206548015","0,00000409861725196399","0,00002446588281331974","0,00000001133614331671"
"0,42186582684572931900","0,00000059601972521507","0,00000001203741709122","0,00000304253782712059","0,00000001350910489378","0,00000084768303548683","0,00000001108805748959","0,00000550049563246207","0,00000041904554440534","0,00000446290291276136","0,00000054972731803224","0,00000321015367948966","0,00000330858042509856","0,00000331803427536097","0,00000937237133779120","0,00000001191720575312","0,00000001069832560196","0,00000001214197267894","0,00000411002789045719","0,00002449643191568525","0,00000001134846578831"
"0,42386974948304395600","0,00000059616407488922","0,00000001203560110594","0,00000305064313524912","0,00000001351175399995","0,00000084771263821663","0,00000001109964238576","0,00000551327400768914","0,00000042013509639812","0,00000447375520501589","0,00000054974035442166","0,00000321824177250964","0,00000331656533292747","0,00000332594523111226","0,00000938629710401145","0,00000001190869825841","0,00000001071956750124","0,00000001213265679148","0,00000412141188824670","0,00002452686690124505","0,00000001136422515302"
"0,42587367212035859300","0,00000059629606367108","0,00000001202765448921","0,00000305872975349795","0,00000001350709180596","0,00000084774803042202","0,00000001111856812125","0,00000552599955715972","0,00000042121160397684","0,00000448454253098342","0,00000054974578379256","0,00000322630975146691","0,00000332457041834955","0,00000333384583428710","0,00000940011847423491","0,00000001189561116469","0,00000001075305744236","0,00000001211411781775","0,00000413276924533252","0,00002455718776999917","0,00000001138342141085"
"0,42787759475767323000","0,00000059641569156065","0,00000001201357724104","0,00000306679768186708","0,00000001349511831180","0,00000084778921210299","0,00000001114483469606","0,00000553867228087383","0,00000042227506714151","0,00000449526489066395","0,00000054974360614496","0,00000323435761636149","0,00000333259568136480","0,00000334173608488549","0,00000941383544846157","0,00000001187794447196","0,00000001079879542534","0,00000001208635575777","0,00000414409996171464","0,00002458739452194759","0,00000001140605456180"
"0,42988151739498786600","0,00000059652295855792","0,00000001199336936143","0,00000307484692035651","0,00000001347583351749","0,00000084783618325956","0,00000001117844211019","0,00000555129217883145","0,00000042332548589212","0,00000450592228405748","0,00000054973382147884","0,00000324238536719338","0,00000334064112197321","0,00000334961598290742","0,00000942744802669142","0,00000001185569818022","0,00000001085678145017","0,00000001204937061152","0,00000415540403739307","0,00002461748715709030","0,00000001143212460587"
"0,43188544003230244800","0,00000059661786466291","0,00000001196703085037","0,00000308287746896625","0,00000001344923742302","0,00000084788894389171","0,00000001121939036364","0,00000556385925103258","0,00000042436286022867","0,00000451651471116401","0,00000054971642979421","0,00000325039300396256","0,00000334870674017479","0,00000335748552835291","0,00000944095620892449","0,00000001182887228948","0,00000001092701551685","0,00000001200316237902","0,00000416668147236780","0,00002464746567542733","0,00000001146163154306"
"0,43388936266961708500","0,00000059670040987560","0,00000001193456170788","0,00000309088932769628","0,00000001341533002839","0,00000084794749399945","0,00000001126767945640","0,00000557637349747723","0,00000042538719015117","0,00000452704217198354","0,00000054969143109107","0,00000325838052666905","0,00000335679253596953","0,00000336534472122195","0,00000945435999516076","0,00000001179746679972","0,00000001100949762539","0,00000001194773106025","0,00000417793226663884","0,00002467733007695866","0,00000001149457537337"
"0,43589328530693172100","0,00000059677059419601","0,00000001189596193395","0,00000309888249654662","0,00000001337411133359","0,00000084801183358278","0,00000001132330938848","0,00000558883491816540","0,00000042639847565962","0,00000453750466651607","0,00000054965882536941","0,00000326634793531284","0,00000336489850935744","0,00000337319356151454","0,00000946765938540023","0,00000001176148171096","0,00000001110422777577","0,00000001188307665523","0,00000418915642020618","0,00002470708036168430","0,00000001153095609680"
"0,43789720794424635800","0,00000059682841762412","0,00000001185123152857","0,00000310685697551727","0,00000001332558133864","0,00000084808196264170","0,00000001138628015988","0,00000560124351309709","0,00000042739671675401","0,00000454790219476160","0,00000054961861262924","0,00000327429522989394","0,00000337302466033852","0,00000338103204923068","0,00000948085437964291","0,00000001172091702319","0,00000001121120596801","0,00000001180919916394","0,00000420035393306983","0,00002473671652960423","0,00000001157077371335"
"0,43990113058156099500","0,00000059687388015994","0,00000001180037049176","0,00000311481276460821","0,00000001326974004352","0,00000084815788117620","0,00000001145659177060","0,00000561359928227229","0,00000042838191343435","0,00000455823475672014","0,00000054957079287056","0,00000328222241041233","0,00000338117098891276","0,00000338886018437036","0,00000949394497788879","0,00000001167577273641","0,00000001133043220210","0,00000001172609858640","0,00000421152480522978","0,00002476623858071847","0,00000001161402822302"
"0,44190505321887563200","0,00000059690698180347","0,00000001174337882350","0,00000312274986381946","0,00000001320658744825","0,00000084823958918630","0,00000001153424422064","0,00000562590222569101","0,00000042935406570063","0,00000456850235239167","0,00000054951536609336","0,00000329012947686803","0,00000338933749508017","0,00000339667796693360","0,00000950693118013787","0,00000001162604885062","0,00000001146190647805","0,00000001163377492259","0,00000422266903668604","0,00002479564651502702","0,00000001166071962581"
"0,44390897585619026900","0,00000059692772255470","0,00000001168025652380","0,00000313066827315101","0,00000001313612355281","0,00000084832708667198","0,00000001161923750999","0,00000563815234335324","0,00000043031317355285","0,00000457870498177620","0,00000054945233229765","0,00000329801642926104","0,00000339752417884075","0,00000340448539692039","0,00000951981298639016","0,00000001157174536582","0,00000001160562879584","0,00000001153222817253","0,00000423378662743860","0,00002482494033252987","0,00000001171084792171"
"0,44591289849350490600","0,00000059693610241365","0,00000001161100359266","0,00000313856799260286","0,00000001305834835722","0,00000084842037363325","0,00000001171157163866","0,00000565034963525900","0,00000043125923699102","0,00000458884264487374","0,00000054938169148343","0,00000330588326759134","0,00000340573104019449","0,00000341228247433072","0,00000953259039664564","0,00000001151286228201","0,00000001176159915549","0,00000001142145833620","0,00000424487757748747","0,00002485412003322702","0,00000001176441311074"
"0,44791682113081948700","0,00000059693212138031","0,00000001153562003008","0,00000314644902217502","0,00000001297326186146","0,00000084851945007010","0,00000001181124660665","0,00000566249410140826","0,00000043219225601514","0,00000459891534168427","0,00000054930344365070","0,00000331372999185895","0,00000341395807914140","0,00000342006919916461","0,00000954526341090434","0,00000001144939959920","0,00000001192981755699","0,00000001130146541362","0,00000425594188683264","0,00002488318561711849","0,00000001182141519289"
"0,44992074376813412400","0,00000059691577945467","0,00000001145410583606","0,00000315431136186747","0,00000001288086406554","0,00000084862431598255","0,00000001191826241396","0,00000567458574180105","0,00000043311223062520","0,00000460892307220780","0,00000054921758879945","0,00000332155660206386","0,00000342220529568148","0,00000342784557142205","0,00000955783202916624","0,00000001138135731737","0,00000001211028400034","0,00000001117224940477","0,00000426697955547412","0,00002491213708420425","0,00000001188185416816"
"0,45192466640544876000","0,00000059689333726975","0,00000001137407979543","0,00000316213051076802","0,00000001279613120686","0,00000084872461200213","0,00000001202011056986","0,00000568665194039036","0,00000043403124108944","0,00000461889680594540","0,00000054914171246023","0,00000332936975346491","0,00000343043068414706","0,00000343562197804977","0,00000957035863981558","0,00000001131429847834","0,00000001228439369277","0,00000001104970571445","0,00000427793185094535","0,00002494097397363614","0,00000001194303530004"
"0,45392858904276339700","0,00000059687105545855","0,00000001130316069300","0,00000316988196796445","0,00000001273403952281","0,00000084880997876040","0,00000001210428258363","0,00000569872008112922","0,00000043496136767609","0,00000462886751239813","0,00000054909340016355","0,00000333717610132094","0,00000343859223887046","0,00000344340880599451","0,00000958290563123662","0,00000001125378612391","0,00000001243354184149","0,00000001094972974741","0,00000428874004077978","0,00002496969582456600","0,00000001200226385203"
"0,45593251168007803400","0,00000059684893402108","0,00000001124134852879","0,00000317756573345675","0,00000001269458901339","0,00000084888041625737","0,00000001217077845527","0,00000571079016401762","0,00000043590261038515","0,00000463883519156598","0,00000054907265190943","0,00000334497564563194","0,00000344668995985170","0,00000345120605525627","0,00000959547300342934","0,00000001119982025408","0,00000001255772844652","0,00000001087232150367","0,00000429940412497740","0,00002499830263699382","0,00000001205953982413"
"0,45793643431739267100","0,00000059682697295732","0,00000001118864330279","0,00000318518180724493","0,00000001267777967861","0,00000084893592449303","0,00000001221959818478","0,00000572286218905556","0,00000043685496921662","0,00000464879984344896","0,00000054907946769786","0,00000335276838639792","0,00000345472384709078","0,00000345901372583504","0,00000960806075639376","0,00000001115240086885","0,00000001265695350784","0,00000001081748098322","0,00000430992410353822","0,00002502679441091960","0,00000001211486321634"
"0,45994035695470730800","0,00000059680517226729","0,00000001114504501500","0,00000319273018932899","0,00000001268361151846","0,00000084897650346738","0,00000001225074177215","0,00000573493615624305","0,00000043781844417051","0,00000465876146804707","0,00000054911384752884","0,00000336055432361888","0,00000346269390058769","0,00000346683181773084","0,00000962066889012987","0,00000001111152796821","0,00000001273121702547","0,00000001078520818607","0,00000432029997646224","0,00002505517114634334","0,00000001216823402866"
"0,46194427959202194500","0,00000059678353195098","0,00000001111055366542","0,00000320021087970893","0,00000001271208453295","0,00000084900215318043","0,00000001226420921739","0,00000574701206558007","0,00000043879303524680","0,00000466872006536031","0,00000054917579140237","0,00000336833345729482","0,00000347060012034243","0,00000347466033094365","0,00000963329740463767","0,00000001107720155218","0,00000001278051899940","0,00000001077550311221","0,00000433053174374945","0,00002508343284326504","0,00000001221965226108"
"0,46394820222933652600","0,00000059676205200839","0,00000001108516925405","0,00000320762387838474","0,00000001276319872206","0,00000084901287363216","0,00000001226000052050","0,00000575908991706664","0,00000043977874244551","0,00000467867563538867","0,00000054926529931846","0,00000337610578742573","0,00000347844250635500","0,00000348249926547349","0,00000964594629991716","0,00000001104942162074","0,00000001280485942962","0,00000001078836576164","0,00000434061940539986","0,00002511157950168471","0,00000001226911791362"
"0,46595212486665116300","0,00000059674073243953","0,00000001106889178090","0,00000321496918535644","0,00000001283695408582","0,00000084900866482259","0,00000001223811568148","0,00000577116971070275","0,00000044077556576663","0,00000468862817813217","0,00000054938237127710","0,00000338387131401163","0,00000348622105862540","0,00000349034862132034","0,00000965861557596835","0,00000001102818817390","0,00000001280423831615","0,00000001082379613436","0,00000435056296141346","0,00002513961112160233","0,00000001231663098627"
"0,46795604750396580000","0,00000059671957324438","0,00000001106172124595","0,00000322224680062401","0,00000001293335062420","0,00000084898952675171","0,00000001219855470033","0,00000578325144648840","0,00000044178350521016","0,00000469857769359079","0,00000054952700727829","0,00000339163003705249","0,00000349393577715364","0,00000349820839848421","0,00000967130523279122","0,00000001101350121166","0,00000001277865565897","0,00000001088179423038","0,00000436036241179026","0,00002516752770301792","0,00000001236219147902"
"0,46995997014128043600","0,00000059669857442296","0,00000001106365764922","0,00000322945672418745","0,00000001305238833722","0,00000084895545941952","0,00000001214131757705","0,00000579533512442360","0,00000044280256077610","0,00000470852418176454","0,00000054969920732203","0,00000339938195654834","0,00000350158666193971","0,00000350607859696509","0,00000968401527038579","0,00000001100536073402","0,00000001272811145810","0,00000001096236004969","0,00000437001775653026","0,00002519532924593147","0,00000001240579939188"
"0,47196389277859507300","0,00000059667773597526","0,00000001107470099070","0,00000323659895604678","0,00000001319406722487","0,00000084890646282602","0,00000001206640431163","0,00000580742074450834","0,00000044383273246445","0,00000471846764265341","0,00000054989897140833","0,00000340712707249916","0,00000350917371298362","0,00000351395921676300","0,00000969674568875204","0,00000001100376674098","0,00000001265260571352","0,00000001106549359230","0,00000437952899563345","0,00002522301575034298","0,00000001244745472486"
"0,47396781541590971000","0,00000059665705790129","0,00000001109485127039","0,00000324367349620198","0,00000001335838728715","0,00000084884253697121","0,00000001197381490409","0,00000581950830674262","0,00000044487402027522","0,00000472840807625742","0,00000055012629953717","0,00000341486538490496","0,00000351669693028535","0,00000352185025787793","0,00000970949648788999","0,00000001100871923254","0,00000001255213842525","0,00000001119119485820","0,00000438889612909985","0,00002525058721625245","0,00000001248715747794"
"0,47597173805322434700","0,00000059663654020103","0,00000001112410848829","0,00000325068034465307","0,00000001354534852407","0,00000084876368185510","0,00000001186354935441","0,00000583159781112644","0,00000044592642420839","0,00000473834548257655","0,00000055038119170857","0,00000342259689376574","0,00000352415631384492","0,00000352975172030987","0,00000972226766779963","0,00000001102021820869","0,00000001242670959327","0,00000001133946384739","0,00000439811915692943","0,00002527804364365988","0,00000001252490765113"
"0,47797566069053892800","0,00000059661618287450","0,00000001116247264440","0,00000325761950140002","0,00000001375495093562","0,00000084866989747768","0,00000001173560766260","0,00000584368925765980","0,00000044698994426398","0,00000474827986161081","0,00000055066364792252","0,00000343032159908149","0,00000353155186366233","0,00000353766360405883","0,00000973505922848096","0,00000001103826366945","0,00000001227631921759","0,00000001151030055987","0,00000440719807912222","0,00002530538503256528","0,00000001256070524443"
"0,47997958332785356500","0,00000059659598592169","0,00000001120994373873","0,00000326449096644286","0,00000001398719452180","0,00000084856118383895","0,00000001158998982866","0,00000585578264634271","0,00000044806458044198","0,00000475821121336020","0,00000055097366817903","0,00000343803950085222","0,00000353888357973756","0,00000354558590912481","0,00000974787116993398","0,00000001106285561480","0,00000001210096729822","0,00000001170370499565","0,00000441613289567820","0,00002533261138296864","0,00000001259455025784"
"0,48198350596516820200","0,00000059657594934260","0,00000001126652177126","0,00000327129473978158","0,00000001424207928262","0,00000084843754093891","0,00000001142669585258","0,00000586787797717516","0,00000044915033274239","0,00000476813953782472","0,00000055131125247808","0,00000344575059907793","0,00000354615146207063","0,00000355351863550781","0,00000976070349215870","0,00000001109399404475","0,00000001190065383514","0,00000001191967715472","0,00000442492360659737","0,00002535972269486996","0,00000001262644269136"
"0,48398742860248283900","0,00000059655607313723","0,00000001133220674201","0,00000327803082141617","0,00000001451960521807","0,00000084829896877757","0,00000001124572573438","0,00000587997525015715","0,00000045024720116521","0,00000477806483500436","0,00000055167640081969","0,00000345345489375862","0,00000355335551066153","0,00000356146178320783","0,00000977355619515510","0,00000001113167895931","0,00000001167537882837","0,00000001215821703708","0,00000443357021187975","0,00002538671896826924","0,00000001265638254498"
"0,48599135123979747500","0,00000059653635730559","0,00000001140699865097","0,00000328469921134664","0,00000001481977232815","0,00000084814546735491","0,00000001104707947404","0,00000589207446528869","0,00000045135518571045","0,00000478798710489913","0,00000055206911320385","0,00000346115238489428","0,00000356049572551026","0,00000356941535222486","0,00000978642927892320","0,00000001117591035846","0,00000001142514227789","0,00000001241932464274","0,00000444207271152532","0,00002541360020316648","0,00000001268436981872"
"0,48799527387711211200","0,00000059651680184766","0,00000001149089749814","0,00000329129990957299","0,00000001514258061287","0,00000084797703667095","0,00000001083075707158","0,00000590417562256976","0,00000045247428637809","0,00000479790634750903","0,00000055248938963056","0,00000346884307248492","0,00000356757210661683","0,00000357737934255892","0,00000979932274346298","0,00000001122668824220","0,00000001114994418371","0,00000001270299997169","0,00000445043110553408","0,00002544036639956168","0,00000001271040451257"
"0,48999919651442674900","0,00000059649740676346","0,00000001158390328352","0,00000329783291609521","0,00000001548803007222","0,00000084779367672568","0,00000001059675852698","0,00000591627872200038","0,00000045360450316815","0,00000480782256283406","0,00000055293723009983","0,00000347652695653054","0,00000357458465398123","0,00000358535375420999","0,00000981223658877446","0,00000001128401261055","0,00000001084978454583","0,00000001300924302393","0,00000445864539390605","0,00002546701755745484","0,00000001273448662652"
"0,49200311915174138600","0,00000059647817205298","0,00000001168601600711","0,00000330429823091332","0,00000001585612070620","0,00000084759538751910","0,00000001034508384024","0,00000592838376358054","0,00000045474583608062","0,00000481773575087422","0,00000055341263461165","0,00000348420403703113","0,00000358153336760346","0,00000359333858717808","0,00000982517081485763","0,00000001134788346350","0,00000001052466336426","0,00000001333805379947","0,00000446671557664121","0,00002549355367684597","0,00000001275661616059"
"0,49400704178905596700","0,00000059645909771623","0,00000001179723566892","0,00000331069585402730","0,00000001624685251481","0,00000084738216905121","0,00000001007573301138","0,00000594049074731025","0,00000045589828511550","0,00000482764591162950","0,00000055391560316602","0,00000349187431398671","0,00000358841824748353","0,00000360133384146319","0,00000983812542171248","0,00000001141830080104","0,00000001017458063898","0,00000001368943229830","0,00000447464165373956","0,00002551997475773506","0,00000001277679311476"
"0,49601096442637060400","0,00000059644018375319","0,00000001191756226894","0,00000331702578543716","0,00000001666022549806","0,00000084715402132202","0,00000000978870604039","0,00000595259967318949","0,00000045706185027279","0,00000483755304509991","0,00000055444613576294","0,00000349953778739725","0,00000359523929362142","0,00000360933951706532","0,00000985110040933904","0,00000001149526462319","0,00000000979953637000","0,00000001406337852042","0,00000448242362520112","0,00002554628080012211","0,00000001279501748904"
"0,49801488706368524100","0,00000059642143016388","0,00000001204699580716","0,00000332328802514290","0,00000001709623965595","0,00000084691094433152","0,00000000948400292726","0,00000596471054121828","0,00000045823653155249","0,00000484745715128545","0,00000055500423240241","0,00000350719445726278","0,00000360199650601716","0,00000361735561398447","0,00000986409577773728","0,00000001157877492993","0,00000000939953055732","0,00000001445989246584","0,00000449006149102587","0,00002557247180400712","0,00000001281128928343"
"0,50001880970099987800","0,00000059640283694829","0,00000001218553628360","0,00000332948257314451","0,00000001755489498846","0,00000084665293807971","0,00000000916162367200","0,00000597682335139661","0,00000045942232895461","0,00000485735823018612","0,00000055558989308444","0,00000351484432358328","0,00000360868988467072","0,00000362538213222063","0,00000987711152690721","0,00000001166883172127","0,00000000897456320094","0,00000001487897413454","0,00000449755525121381","0,00002559854776939009","0,00000001282560849793"
