Variable Source,dev1,dev2,dev3,dev4,dev5,dev6,dev7,dev8,dev9,dev10,dev11,dev12,dev13,dev14,dev15,dev16,dev17,Dev 18,Dev 19,Dev 20
"-0,46592049522470518900","0,00000030681929619236","0,00000076170962498631","0,00000072832857386874","0,00000001284219660203","0,00000001098093175797","-0,00000017319349681042","0,00000163721654837310","0,00000166286212899309","0,00000001061638797026","0,00000002362225614245","0,00000240276767033326","0,00000088090650532559","0,00000304960034375461","0,00000134734569562542","0,00000207812604696331","0,00000208469690633211","0,00000102426097665231","0,00000001188560612771","0,00000441432664658398","0,00000648208928607122"
"-0,46391656972262901300","0,00000030662130288397","0,00000076023907601887","0,00000072814965335071","0,00000001288297762950","0,00000001100778081733","-0,00000017232779256553","0,00000163309889209869","0,00000165985752693554","0,00000001060148860785","0,00000002365664167331","0,00000239797710239465","0,00000087856898538207","0,00000304284428760547","0,00000134421203105441","0,00000207304071879284","0,00000207870637094295","0,00000102235934497256","0,00000001186405836141","0,00000440996149011483","0,00000648392623683799"
"-0,46191264422055289300","0,00000030639991725035","0,00000075875607120425","0,00000072795930032019","0,00000001292564594042","0,00000001103010978954","-0,00000017147472664765","0,00000162897515452559","0,00000165683341056519","0,00000001060010700778","0,00000002369111252744","0,00000239311760058154","0,00000087620902306868","0,00000303604317284012","0,00000134102833448577","0,00000206793765684200","0,00000207269484342240","0,00000102042221618419","0,00000001183323755335","0,00000440547959663712","0,00000648545009985272"
"-0,45990871871847671700","0,00000030615513929149","0,00000075726061054246","0,00000072775751477718","0,00000001297020153479","0,00000001104791867461","-0,00000017063429905677","0,00000162484533565380","0,00000165378977988205","0,00000001061224317007","0,00000002372566870486","0,00000238818916489393","0,00000087382661838543","0,00000302919699945854","0,00000133779460591951","0,00000206281686111080","0,00000206666232377044","0,00000101844959028719","0,00000001179314370352","0,00000440088096615083","0,00000648666087511541"
"-0,45790479321640059600","0,00000030588696900741","0,00000075575269403349","0,00000072754429672170","0,00000001301664441260","0,00000001106120747252","-0,00000016980650979290","0,00000162070943548330","0,00000165072663488612","0,00000001063789709470","0,00000002376031020555","0,00000238319179533182","0,00000087142177133231","0,00000302230576746075","0,00000133451084535564","0,00000205767833159924","0,00000206060881198709","0,00000101644146728156","0,00000001174377681194","0,00000439616559865597","0,00000648755856262607"
"-0,45590086771432442000","0,00000030559540639810","0,00000075423232167736","0,00000072731964615373","0,00000001306497457385","0,00000001106997618329","-0,00000016899135885603","0,00000161656745401411","0,00000164764397557740","0,00000001067706878168","0,00000002379503702953","0,00000237812549189521","0,00000086899448190932","0,00000301536947684673","0,00000133117705279414","0,00000205252206830731","0,00000205453430807233","0,00000101439784716729","0,00000001168513687860","0,00000439133349415254","0,00000648814316238469"
"-0,45389694221224824400","0,00000030528045146356","0,00000075269949347405","0,00000072708356307327","0,00000001311519201855","0,00000001107422480691","-0,00000016818884624616","0,00000161241939124622","0,00000164454180195589","0,00000001072975823101","0,00000002382984917678","0,00000237299025458411","0,00000086654475011646","0,00000300838812761650","0,00000132779322823502","0,00000204734807123502","0,00000204843881202617","0,00000101231872994440","0,00000001161722390351","0,00000438638465264054","0,00000648841467439128"
"-0,45189301671017212400","0,00000030494210420378","0,00000075115420942356","0,00000072683604748033","0,00000001316729674669","0,00000001107395334339","-0,00000016739897196330","0,00000160826524717964","0,00000164142011402159","0,00000001079596544268","0,00000002386474664731","0,00000236778608339850","0,00000086407257595373","0,00000300136171977004","0,00000132435937167827","0,00000204215634038236","0,00000204232232384861","0,00000101020411561288","0,00000001154003788665","0,00000438131907411997","0,00000648837309864583"
"-0,44988909120809594800","0,00000030459145287399","0,00000074959543165238","0,00000072656786127019","0,00000001321850951657","0,00000001107189188164","-0,00000016661354847725","0,00000160409874797694","0,00000163827669556011","0,00000001086689140255","0,00000002389846550144","0,00000236253029961970","0,00000086159049115916","0,00000299428861488669","0,00000132089121250412","0,00000203694245089949","0,00000203618856584286","0,00000100806492142796","0,00000001146116004703","0,00000437616316036681","0,00000648809941607710"
"-0,44788516570601982800","0,00000030423958572939","0,00000074802212228697","0,00000072626976633812","0,00000001326605108651","0,00000001107077051060","-0,00000016582438825782","0,00000159991361980070","0,00000163510933035709","0,00000001093373709644","0,00000002392974179951","0,00000235724022452899","0,00000085911102747079","0,00000298716717454576","0,00000131740448009278","0,00000203170197793654","0,00000203004126031214","0,00000100591206464490","0,00000001138817160367","0,00000437094331315705","0,00000648767460761381"
"-0,44588124020394365200","0,00000030388650276997","0,00000074643428132734","0,00000072594176268412","0,00000001330992145649","0,00000001107058923027","-0,00000016503149130502","0,00000159570986265093","0,00000163191801841253","0,00000001099650252436","0,00000002395857554151","0,00000235191585812639","0,00000085663418488862","0,00000297999739874726","0,00000131389917444424","0,00000202643492149353","0,00000202388040725644","0,00000100374554526368","0,00000001132107255654","0,00000436565953249067","0,00000648709867325598"
"-0,44387731470186753100","0,00000030353220399574","0,00000074483190877349","0,00000072558385030821","0,00000001335012062652","0,00000001107134804065","-0,00000016423485761883","0,00000159148747652762","0,00000162870275972641","0,00000001105518768630","0,00000002398496672745","0,00000234655720041190","0,00000085415996341265","0,00000297277928749118","0,00000131037529555851","0,00000202114128157046","0,00000201770600667577","0,00000100156536328431","0,00000001125986290567","0,00000436031181836769","0,00000648637161300360"
"-0,44187338919979135500","0,00000030317668940669","0,00000074321500462541","0,00000072519602921036","0,00000001338664859660","0,00000001107304694173","-0,00000016343448719927","0,00000158724646143078","0,00000162546355429875","0,00000001110979258228","0,00000002400891535731","0,00000234116425138550","0,00000085168836304287","0,00000296551284077752","0,00000130683284343558","0,00000201582105816731","0,00000201151805857013","0,00000099937151870679","0,00000001120454265103","0,00000435490017078810","0,00000648549342685667"
"-0,43986946369771517900","0,00000030281995900284","0,00000074158356888310","0,00000072477829939060","0,00000001341950536672","0,00000001107568593352","-0,00000016263038004633","0,00000158298681736040","0,00000162220040212954","0,00000001116031721229","0,00000002403042143111","0,00000233573701104721","0,00000084921938377929","0,00000295819805860629","0,00000130327181807547","0,00000201047425128410","0,00000200531656293952","0,00000099716401153112","0,00000001115511179265","0,00000434942458975190","0,00000648446411481519"
"-0,43786553819563905900","0,00000030246201278417","0,00000073993760154657","0,00000072433066084890","0,00000001344869093689","0,00000001107926501602","-0,00000016182253616001","0,00000157870854431648","0,00000161891330321878","0,00000001120676157632","0,00000002404948494884","0,00000233027547939702","0,00000084675302562190","0,00000295083494097749","0,00000129969221947815","0,00000200510086092082","0,00000199910151978394","0,00000099494284175730","0,00000001111157033051","0,00000434388507525909","0,00000648328367687916"
"-0,43586161269356288300","0,00000030210285075069","0,00000073827710261582","0,00000072385311358529","0,00000001347420530711","0,00000001108378418922","-0,00000016101095554031","0,00000157441164229903","0,00000161560225756648","0,00000001124912567438","0,00000002406610591051","0,00000232477965643493","0,00000084428928857071","0,00000294342348789110","0,00000129609404764365","0,00000199970088707747","0,00000199287292910338","0,00000099270800938533","0,00000001107391826461","0,00000433828162730968","0,00000648195211304859"
"-0,43385768719148676300","0,00000030174247290240","0,00000073660207209084","0,00000072334565759975","0,00000001349604847738","0,00000001108924345313","-0,00000016019563818724","0,00000157009611130805","0,00000161226726517263","0,00000001128740950647","0,00000002408028431610","0,00000231924954216095","0,00000084182817262572","0,00000293596369934714","0,00000129247730257195","0,00000199427432975405","0,00000198663079089785","0,00000099045951441520","0,00000001104215559496","0,00000433261424590366","0,00000648046942332347"
"-0,43185376168941058700","0,00000030138087923929","0,00000073491250997164","0,00000072280829289228","0,00000001351422044769","0,00000001109564280775","-0,00000015937658410078","0,00000156576195134352","0,00000160890832603723","0,00000001132161307259","0,00000002409202016563","0,00000231368513657506","0,00000083936967778692","0,00000292845557534561","0,00000128884198426305","0,00000198882118895057","0,00000198037510516734","0,00000098819735684693","0,00000001101628232156","0,00000432688293104102","0,00000647883560770380"
"-0,42984983618733441100","0,00000030101806976138","0,00000073320841625821","0,00000072224101946289","0,00000001352872121805","0,00000001110298225308","-0,00000015855379328095","0,00000156140916240547","0,00000160552544016028","0,00000001135173637273","0,00000002410131345909","0,00000230808643967728","0,00000083691380405432","0,00000292089911588650","0,00000128518809271696","0,00000198334146466702","0,00000197410587191186","0,00000098592153668050","0,00000001099629844440","0,00000432108768272178","0,00000647705066618958"
"-0,42784591068525829000","0,00000030065404446865","0,00000073148979095056","0,00000072164383731158","0,00000001353955078846","0,00000001111126178911","-0,00000015772726572774","0,00000155703774449387","0,00000160211860754179","0,00000001137777940690","0,00000002410816419649","0,00000230245345146760","0,00000083446055142792","0,00000291329432096981","0,00000128151562793368","0,00000197783515690340","0,00000196782309113141","0,00000098363205391592","0,00000001098220396349","0,00000431522850094594","0,00000647511459878081"
"-0,42584198518318211400","0,00000030028880336110","0,00000072975663404869","0,00000072101674643834","0,00000001354670915892","0,00000001112048141585","-0,00000015689700144115","0,00000155264769760875","0,00000159868782818175","0,00000001139974217511","0,00000002411257237781","0,00000229678617194603","0,00000083200991990771","0,00000290564119059555","0,00000127782458991321","0,00000197230226565971","0,00000196152676282599","0,00000098132890855319","0,00000001097399887882","0,00000430930538571348","0,00000647302740547750"
"-0,42383805968110599400","0,00000029992234643875","0,00000072800894555259","0,00000072035974684318","0,00000001355019632942","0,00000001113064113330","-0,00000015606300042118","0,00000154823902175008","0,00000159523310208016","0,00000001141762467734","0,00000002411453800307","0,00000229108460111255","0,00000082956190949370","0,00000289793972476372","0,00000127411497865554","0,00000196674279093596","0,00000195521688699559","0,00000097901210059231","0,00000001097168319040","0,00000430331833702442","0,00000647078908627964"
"-0,42183413417902981800","0,00000029955467370158","0,00000072624672546226","0,00000071967283852609","0,00000001355001229998","0,00000001114174094145","-0,00000015522526266784","0,00000154381171691788","0,00000159175442923702","0,00000001143142691360","0,00000002411406107226","0,00000228534873896718","0,00000082711652018589","0,00000289018992347430","0,00000127038679416068","0,00000196115673273213","0,00000194889346364023","0,00000097668163003328","0,00000001097525689823","0,00000429726735487875","0,00000646839964118723"
"-0,41983020867695369800","0,00000029918578514960","0,00000072446997377771","0,00000071895602148708","0,00000001354615707058","0,00000001115378084032","-0,00000015438378818111","0,00000153936578311215","0,00000158825180965234","0,00000001144114888388","0,00000002411114158538","0,00000227957858550991","0,00000082467375198427","0,00000288239178672731","0,00000126664003642862","0,00000195554409104824","0,00000194255649275988","0,00000097433749687609","0,00000001098472000230","0,00000429115243927647","0,00000646585907020027"
"-0,41782628317487752200","0,00000029881568078281","0,00000072267869049894","0,00000071820929572614","0,00000001353863064122","0,00000001116676082989","-0,00000015353857696101","0,00000153490122033288","0,00000158472524332611","0,00000001144679058820","0,00000002410577954244","0,00000227377414074075","0,00000082223360488885","0,00000287454531452275","0,00000126287470545937","0,00000194990486588428","0,00000193620597435457","0,00000097197970112076","0,00000001100007250261","0,00000428497359021758","0,00000646316737331876"
"-0,41582235767280134600","0,00000029844436060121","0,00000072087287562595","0,00000071743266124328","0,00000001352743301192","0,00000001118068091016","-0,00000015268962900753","0,00000153041802858007","0,00000158117473025833","0,00000001144835202654","0,00000002409797494343","0,00000226793540465968","0,00000081979607889963","0,00000286665050686061","0,00000125909080125293","0,00000194423905724026","0,00000192984190842428","0,00000096960824276727","0,00000001102131439918","0,00000427873080770208","0,00000646032455054271"
"-0,41381843217072522500","0,00000029807182460479","0,00000071905252915872","0,00000071662611803849","0,00000001351256418266","0,00000001119554108115","-0,00000015183694432067","0,00000152591620785373","0,00000157760027044900","0,00000001144583319891","0,00000002408772778835","0,00000226206237726672","0,00000081736117401660","0,00000285870736374089","0,00000125528832380929","0,00000193854666511616","0,00000192346429496902","0,00000096722312181563","0,00000001104844569198","0,00000427242409172998","0,00000645733060187210"
"-0,41181450666864905000","0,00000029769807279356","0,00000071721765109728","0,00000071578966611178","0,00000001349402415345","0,00000001121134134284","-0,00000015098052290043","0,00000152139575815385","0,00000157400186389813","0,00000001143923410531","0,00000002407503807720","0,00000225615505856186","0,00000081492889023977","0,00000285071588516360","0,00000125146727312846","0,00000193282768951200","0,00000191707313398879","0,00000096482433826584","0,00000001108146638104","0,00000426605344230127","0,00000645418552730695"
"-0,40981058116657292900","0,00000029732310516752","0,00000071536824144161","0,00000071492330546314","0,00000001347181292429","0,00000001122808169524","-0,00000015012036474681","0,00000151685667948044","0,00000157037951060571","0,00000001142855474574","0,00000002405990580999","0,00000225021344854510","0,00000081249922756914","0,00000284267607112873","0,00000124762764921043","0,00000192708213042777","0,00000191066842548358","0,00000096241189211790","0,00000001112037646633","0,00000425961885941595","0,00000645088932684726"
"-0,40780665566449675300","0,00000029694692172667","0,00000071350430019171","0,00000071402703609258","0,00000001344593049517","0,00000001124576213834","-0,00000014925646985982","0,00000151229897183349","0,00000156673321057174","0,00000001141379512019","0,00000002404233098670","0,00000224423754721645","0,00000081007218600470","0,00000283458792163629","0,00000124376945205521","0,00000192130998786347","0,00000190425016945340","0,00000095998578337181","0,00000001116517594788","0,00000425312034307402","0,00000644744200049301"
"-0,40580273016242057700","0,00000029656952247100","0,00000071162582734759","0,00000071310085800010","0,00000001341637686610","0,00000001126438267216","-0,00000014838883823944","0,00000150772263521300","0,00000156306296379623","0,00000001139495522868","0,00000002402231360735","0,00000223822735457589","0,00000080764776554646","0,00000282645143668627","0,00000123989268166280","0,00000191551126181911","0,00000189781836589825","0,00000095754601202757","0,00000001121586482567","0,00000424655789327548","0,00000644384354824421"
"-0,40379880466034445700","0,00000029619090740053","0,00000070973282290925","0,00000071214477118569","0,00000001338315203708","0,00000001128394329668","-0,00000014751746988569","0,00000150312766961898","0,00000155936877027916","0,00000001137203507119","0,00000002399985367194","0,00000223218287062344","0,00000080522596619441","0,00000281826661627867","0,00000123599733803319","0,00000190968595229468","0,00000189137301481813","0,00000095509257808517","0,00000001127244309970","0,00000423993151002034","0,00000644009397010087"
"-0,40179487915826828100","0,00000029581107651524","0,00000070782528687668","0,00000071115877564936","0,00000001334625600811","0,00000001130444401190","-0,00000014664236479856","0,00000149851407505143","0,00000155565063002055","0,00000001134503464773","0,00000002397495118045","0,00000222610409535910","0,00000080280678794856","0,00000281003346041350","0,00000123208342116639","0,00000190383405929017","0,00000188491411621303","0,00000095262548154463","0,00000001133491076998","0,00000423324119330858","0,00000643619326606298"
"-0,39979095365619216100","0,00000029542805783215","0,00000070590970060808","0,00000071015718383196","0,00000001330963835048","0,00000001132424514860","-0,00000014576897816750","0,00000149388874316241","0,00000155192107949200","0,00000001131712739925","0,00000002394867784523","0,00000221999950689603","0,00000080038350970235","0,00000280176817474919","0,00000122815822966049","0,00000189796447802861","0,00000187843644328639","0,00000095015082579232","0,00000001139785150464","0,00000422649349246913","0,00000643218037213555"
"-0,39778702815411598500","0,00000029503987936830","0,00000070399254546164","0,00000070915430817437","0,00000001327724863550","0,00000001134170703755","-0,00000014490276518195","0,00000148925856560400","0,00000154819265516511","0,00000001129148676670","0,00000002392210537862","0,00000221387758334742","0,00000079794941034920","0,00000279348696494416","0,00000122422906211356","0,00000189208610373299","0,00000187193476924162","0,00000094767471421466","0,00000001145584897180","0,00000421969495683089","0,00000642809422432358"
"-0,39578310265203980900","0,00000029464654112368","0,00000070207382143736","0,00000070815014867659","0,00000001324908686315","0,00000001135682967873","-0,00000014404372584191","0,00000148462354237620","0,00000154446535703989","0,00000001126811275007","0,00000002389523378060","0,00000220773832471326","0,00000079550448988911","0,00000278518983099843","0,00000122029591852562","0,00000188619893640332","0,00000186540909407874","0,00000094519714681164","0,00000001150890317147","0,00000421284558639385","0,00000642393482262707"
"-0,39377917714996368800","0,00000029424804309829","0,00000070015352853524","0,00000070714470533860","0,00000001322515303345","0,00000001136961307215","-0,00000014319186014738","0,00000147998367347902","0,00000154073918511633","0,00000001124700534937","0,00000002386806305118","0,00000220158173099357","0,00000079304874832210","0,00000277687677291198","0,00000121635879889665","0,00000188030297603959","0,00000185885941779773","0,00000094271812358326","0,00000001155701410365","0,00000420594538115802","0,00000641970216704602"
"-0,39177525164788751200","0,00000029384438529214","0,00000069823166675527","0,00000070613797816043","0,00000001320544714639","0,00000001138005721782","-0,00000014234716809836","0,00000147533895891244","0,00000153701413939444","0,00000001122816456460","0,00000002384059319036","0,00000219540780218833","0,00000079058218564815","0,00000276854779068483","0,00000121241770322666","0,00000187439822264181","0,00000185228574039860","0,00000094023764452952","0,00000001160018176833","0,00000419899434112340","0,00000641539625758044"
"-0,38977132614581139200","0,00000029343556770521","0,00000069630823609747","0,00000070512996714205","0,00000001318996920197","0,00000001138816211573","-0,00000014150964969485","0,00000147068939867647","0,00000153329021987421","0,00000001121159039576","0,00000002381282419814","0,00000218921653829755","0,00000078810480186727","0,00000276020288431696","0,00000120847263151566","0,00000186848467620996","0,00000184568806188135","0,00000093775570965042","0,00000001163840616551","0,00000419199246628999","0,00000641101709423032"
"-0,38776740064373521600","0,00000029302159033751","0,00000069438323656183","0,00000070412067228348","0,00000001317871920019","0,00000001139392776587","-0,00000014067930493685","0,00000146603499277112","0,00000152956742655565","0,00000001119728284284","0,00000002378475607452","0,00000218300793932123","0,00000078561659697945","0,00000275184205380839","0,00000120452358376363","0,00000186256233674407","0,00000183906638224598","0,00000093527231894596","0,00000001167168729520","0,00000418493975665778","0,00000640656467699566"
"-0,38576347514165909600","0,00000029260245318904","0,00000069245666814834","0,00000070311009358471","0,00000001317169714106","0,00000001139735416826","-0,00000013985613382437","0,00000146137574119637","0,00000152584575943875","0,00000001118524190585","0,00000002375638881950","0,00000217678200525936","0,00000078311757098471","0,00000274346529915910","0,00000120057055997059","0,00000185663120424412","0,00000183242070149249","0,00000093278747241613","0,00000001170002515740","0,00000417783621222679","0,00000640203900587646"
"-0,38375954963958292000","0,00000029217815625981","0,00000069052853085702","0,00000070209823104575","0,00000001316890302456","0,00000001139844132289","-0,00000013904013635739","0,00000145671164395224","0,00000152212521852352","0,00000001117546758479","0,00000002372772243308","0,00000217053873611195","0,00000078060772388303","0,00000273507262036910","0,00000119661356013652","0,00000185069127871011","0,00000182575101962088","0,00000093030117006095","0,00000001172341975210","0,00000417068183299700","0,00000639744008087273"
"-0,38175562413750674400","0,00000029174869954980","0,00000068859882468785","0,00000070108508466659","0,00000001317033685071","0,00000001139718922976","-0,00000013823131253593","0,00000145204270103871","0,00000151840580380995","0,00000001116795987966","0,00000002369875691526","0,00000216427813187900","0,00000077808705567441","0,00000272666401743840","0,00000119265258426144","0,00000184474256014205","0,00000181905733663115","0,00000092781341188041","0,00000001174187107931","0,00000416347661896842","0,00000639276790198446"
"-0,37975169863543062300","0,00000029131408305903","0,00000068666754964084","0,00000070007065444723","0,00000001317599861950","0,00000001139359788887","-0,00000013742966235998","0,00000144736891245580","0,00000151468751529805","0,00000001116271879045","0,00000002366949226603","0,00000215800019256051","0,00000077555556635887","0,00000271823949036698","0,00000118868763234533","0,00000183878504853993","0,00000181233965252329","0,00000092532419787451","0,00000001175537913903","0,00000415622057014105","0,00000638802246921165"
"-0,37774777313335444700","0,00000029087430678748","0,00000068473470571599","0,00000069905494038768","0,00000001318588833094","0,00000001138766730022","-0,00000013663518582954","0,00000144269027820350","0,00000151097035298781","0,00000001115974431718","0,00000002363992848541","0,00000215170491815647","0,00000077301325593639","0,00000270979903915485","0,00000118471870438821","0,00000183281874390375","0,00000180559796729732","0,00000092283352804325","0,00000001176394393125","0,00000414891368651489","0,00000638320378255430"
"-0,37574384763127832700","0,00000029042937073517","0,00000068280029291330","0,00000069803794248793","0,00000001320000598501","0,00000001137939746382","-0,00000013584788294461","0,00000143800679828181","0,00000150725431687924","0,00000001115903645983","0,00000002361006557339","0,00000214539230866689","0,00000077046012440698","0,00000270134266380201","0,00000118074580039006","0,00000182684364623352","0,00000179883228095322","0,00000092034140238663","0,00000001176756545598","0,00000414155596808993","0,00000637831184201242"
"-0,37373992212920215100","0,00000028997927490208","0,00000068086431123277","0,00000069701966074798","0,00000001321835158172","0,00000001136878837965","-0,00000013506775370519","0,00000143331847269072","0,00000150353940697233","0,00000001116059521840","0,00000002357990352997","0,00000213906236409177","0,00000076789617177063","0,00000269287036430846","0,00000117676892035090","0,00000182085975552924","0,00000179204259349100","0,00000091784782090465","0,00000001176624371321","0,00000413414741486618","0,00000637334664758600"
"-0,37173599662712597500","0,00000028952401928823","0,00000067892676067440","0,00000069600009516784","0,00000001324092512108","0,00000001135584004773","-0,00000013429479811128","0,00000142862530143025","0,00000149982562326709","0,00000001116442059291","0,00000002354944235515","0,00000213271508443111","0,00000076532139802736","0,00000268438214067421","0,00000117278806427071","0,00000181486707179090","0,00000178522890491067","0,00000091535278359730","0,00000001175997870295","0,00000412668802684364","0,00000636830819927504"
"-0,36973207112504985500","0,00000028906360389361","0,00000067698764123819","0,00000069497924574750","0,00000001326772660308","0,00000001134055246804","-0,00000013352901616289","0,00000142392728450039","0,00000149611296576351","0,00000001117051258334","0,00000002351868204892","0,00000212635046968490","0,00000076273580317715","0,00000267587799289924","0,00000116880323214951","0,00000180886559501850","0,00000177839121521221","0,00000091285629046460","0,00000001174877042519","0,00000411917780402231","0,00000636319649707954"
"-0,36772814562297367900","0,00000028859802871822","0,00000067504695292414","0,00000069395711248697","0,00000001329875602772","0,00000001132292564060","-0,00000013277040786000","0,00000141922442190114","0,00000149240143446159","0,00000001117887118970","0,00000002348762261130","0,00000211996851985315","0,00000076013938722000","0,00000266735792098356","0,00000116481442398728","0,00000180285532521205","0,00000177152952439563","0,00000091035834150654","0,00000001173261887994","0,00000411161674640219","0,00000635801154099951"
"-0,36572422012089755800","0,00000028812729376206","0,00000067310469573225","0,00000069293369538623","0,00000001333401339501","0,00000001130295956540","-0,00000013201897320263","0,00000141451671363250","0,00000148869102936134","0,00000001118949641199","0,00000002345626404228","0,00000211356923493586","0,00000075753215015593","0,00000265882192492717","0,00000116082163978404","0,00000179683626237154","0,00000176464383246093","0,00000090785893672312","0,00000001171152406720","0,00000410400485398327","0,00000635275333103494"
"-0,36372029461882138200","0,00000028765139902512","0,00000067116086966252","0,00000069190899444531","0,00000001337349870493","0,00000001128065424243","-0,00000013127471219076","0,00000140980415969447","0,00000148498175046276","0,00000001120238825021","0,00000002342460634185","0,00000210715261493303","0,00000075491409198492","0,00000265027000473007","0,00000115682487953978","0,00000179080840649698","0,00000175773413940811","0,00000090535807611434","0,00000001168548598696","0,00000409634212676557","0,00000634742186718583"
"-0,36171636911674520700","0,00000028717034450742","0,00000066921547471494","0,00000069088300966418","0,00000001341721195750","0,00000001125600967171","-0,00000013053762482441","0,00000140508676008705","0,00000148127359776584","0,00000001121754670435","0,00000002339264951003","0,00000210071865984465","0,00000075228521270698","0,00000264170216039226","0,00000115282414325449","0,00000178477175758836","0,00000175080044523716","0,00000090285575968020","0,00000001165450463923","0,00000408862856474907","0,00000634201714945218"
"-0,35971244361466908600","0,00000028668413020896","0,00000066726851088953","0,00000068985574104286","0,00000001346515315270","0,00000001122902585323","-0,00000012980771110357","0,00000140036451481024","0,00000147756657127059","0,00000001123497177442","0,00000002336039354681","0,00000209426736967073","0,00000074964551232210","0,00000263311839191373","0,00000114881943092819","0,00000177872631564568","0,00000174384274994810","0,00000090035198742070","0,00000001161858002400","0,00000408086416793378","0,00000633653917783400"
"-0,35770851811259291000","0,00000028619275612972","0,00000066531997818627","0,00000068882718858135","0,00000001351732229055","0,00000001119970278699","-0,00000012908497102824","0,00000139563742386404","0,00000147386067097700","0,00000001125466346042","0,00000002332783845218","0,00000208779874441127","0,00000074699499083030","0,00000262451869929450","0,00000114481074256087","0,00000177267208066895","0,00000173686105354092","0,00000089784675933584","0,00000001157771214128","0,00000407304893631970","0,00000633098795233128"
"-0,35570459261051679000","0,00000028569622226971","0,00000066336987660517","0,00000068779735227964","0,00000001357371937105","0,00000001116804047300","-0,00000012836940459842","0,00000139090548724845","0,00000147015589688507","0,00000001127662176235","0,00000002329498422616","0,00000208131278406627","0,00000074433364823155","0,00000261590308253456","0,00000114079807815252","0,00000176660905265817","0,00000172985535601561","0,00000089534007542561","0,00000001153190099106","0,00000406518286990682","0,00000632536347294402"
"-0,35370066710844061400","0,00000028519452862893","0,00000066141820614624","0,00000068676623213773","0,00000001363434439418","0,00000001113403891124","-0,00000012766101181412","0,00000138616870496348","0,00000146645224899481","0,00000001130084668020","0,00000002326183086873","0,00000207480948863572","0,00000074166148452588","0,00000260727154163391","0,00000113678143770316","0,00000176053723161332","0,00000172282565737219","0,00000089283193569003","0,00000001148114657335","0,00000405726596869516","0,00000631966573967222"
"-0,35169674160636449400","0,00000028468767520738","0,00000065946496680946","0,00000068573382815562","0,00000001369919735996","0,00000001109769810172","-0,00000012695979267532","0,00000138142707700911","0,00000146274972730622","0,00000001132733821399","0,00000002322837837991","0,00000206828885811963","0,00000073897849971328","0,00000259862407659255","0,00000113276082121278","0,00000175445661753443","0,00000171577195761064","0,00000089032234012909","0,00000001142544888815","0,00000404929823268470","0,00000631389475251589"
"-0,34969281610428831800","0,00000028417678236460","0,00000065750624928934","0,00000068469420816724","0,00000001376337728095","0,00000001106148905805","-0,00000012625764220458","0,00000137668055999212","0,00000145903849937890","0,00000001135418822451","0,00000002319361353290","0,00000206175340704029","0,00000073629111625833","0,00000258996357812445","0,00000112873461007875","0,00000174836749007436","0,00000170870848084833","0,00000088781012975314","0,00000001136975491564","0,00000404128641917577","0,00000630805056249509"
"-0,34768889060221214200","0,00000028366297046011","0,00000065553814428037","0,00000068364144000650","0,00000001382198316972","0,00000001102788279380","-0,00000012554645542444","0,00000137192911051930","0,00000145530873277249","0,00000001137948857261","0,00000002315652310093","0,00000205520564991999","0,00000073360575662564","0,00000258129293694360","0,00000112470118569847","0,00000174227012888602","0,00000170164945120264","0,00000088529414557251","0,00000001131901163602","0,00000403323728546870","0,00000630213322062991"
"-0,34568496510013602100","0,00000028314623949392","0,00000065356065178255","0,00000068257552367340","0,00000001387501502629","0,00000001099687930899","-0,00000012482623233490","0,00000136717272859063","0,00000145156042748697","0,00000001140323925826","0,00000002311710708400","0,00000204864558675873","0,00000073092242081521","0,00000257261215304998","0,00000112066054807192","0,00000173616453396941","0,00000169459486867355","0,00000088277438758722","0,00000001127321904928","0,00000402515083156348","0,00000629614272692033"
"-0,34368103959805984500","0,00000028262658946602","0,00000065157377179589","0,00000068149645916794","0,00000001392247285064","0,00000001096847860361","-0,00000012409697293596","0,00000136241141420612","0,00000144779358352235","0,00000001142544028148","0,00000002307536548211","0,00000204207321755652","0,00000072824110882703","0,00000256392122644361","0,00000111661269719911","0,00000173005070532451","0,00000168754473326107","0,00000088025085579726","0,00000001123237715543","0,00000401702705746011","0,00000629007908136636"
"-0,34167711409598372500","0,00000028210402037641","0,00000064957750432038","0,00000068040424649012","0,00000001396435664277","0,00000001094268067766","-0,00000012335867722762","0,00000135764516736577","0,00000144400820087863","0,00000001144609164227","0,00000002303129829525","0,00000203548854231334","0,00000072556182066111","0,00000255522015712448","0,00000111255763308003","0,00000172392864295134","0,00000168049904496519","0,00000087772355020262","0,00000001119648595446","0,00000400886596315860","0,00000628394228396801"
"-0,33967318859390754900","0,00000028157853222510","0,00000064757184935602","0,00000067929888563994","0,00000001400066640270","0,00000001091948553114","-0,00000012261134520988","0,00000135287398806957","0,00000144020427955581","0,00000001146519334062","0,00000002298490552343","0,00000202889156102921","0,00000072288455631745","0,00000254650894509259","0,00000110849535571469","0,00000171779834684989","0,00000167345780378592","0,00000087519247080332","0,00000001116554544638","0,00000400066754865895","0,00000627773233472526"
"-0,33766926309183137300","0,00000028105012501208","0,00000064555680690282","0,00000067818037661741","0,00000001403140213041","0,00000001089889316406","-0,00000012185497688274","0,00000134809787631753","0,00000143638181955389","0,00000001148274537653","0,00000002293618716665","0,00000202228227370412","0,00000072020931579604","0,00000253778759034795","0,00000110442586510309","0,00000171165981702017","0,00000166642100972326","0,00000087265761759935","0,00000001113955563118","0,00000399243181396115","0,00000627144923363812"
"-0,33566533758975525300","0,00000028051879873736","0,00000064353237696076","0,00000067704871942252","0,00000001405656382591","0,00000001088090357641","-0,00000012108957224620","0,00000134331683210965","0,00000143254082087286","0,00000001149874775001","0,00000002288514322490","0,00000201566068033807","0,00000071753609909689","0,00000252905609289054","0,00000110034916124523","0,00000170551305346217","0,00000165938866277721","0,00000087011899059071","0,00000001111851650887","0,00000398415875906520","0,00000626509298070660"
"-0,33366141208767907700","0,00000027998455340093","0,00000064149855952986","0,00000067590391405526","0,00000001407615148919","0,00000001086551676820","-0,00000012031513130026","0,00000133853085544593","0,00000142868128351274","0,00000001151320046105","0,00000002283177369820","0,00000200902678093106","0,00000071486490621999","0,00000252031445272038","0,00000109626524414110","0,00000169935805617589","0,00000165236076294776","0,00000086757658977741","0,00000001110242807944","0,00000397584838397110","0,00000625866357593068"
"-0,33165748658560295600","0,00000027944738900280","0,00000063945535461012","0,00000067474596051565","0,00000001409016512026","0,00000001085273273941","-0,00000011953165404491","0,00000133373994632636","0,00000142480320747351","0,00000001152610350966","0,00000002277607858653","0,00000200238057548309","0,00000071219573716535","0,00000251156266983746","0,00000109217411379071","0,00000169319482516133","0,00000164533731023493","0,00000086503041515943","0,00000001109129034290","0,00000396750068867886","0,00000625216101931038"
"-0,32965356108352678000","0,00000027890730554297","0,00000063740276220152","0,00000067357485880368","0,00000001409860471912","0,00000001084255149006","-0,00000011873914048017","0,00000132894410475096","0,00000142090659275518","0,00000001153745689583","0,00000002271805788990","0,00000199572206399416","0,00000070952859193297","0,00000250280074424178","0,00000108807577019406","0,00000168702336041850","0,00000163831830463870","0,00000086248046673678","0,00000001108510329924","0,00000395911567318848","0,00000624558531084568"
"-0,32764963558145066000","0,00000027836430302142","0,00000063534078230408","0,00000067239060891935","0,00000001410147028577","0,00000001083497302015","-0,00000011793759060603","0,00000132414333071971","0,00000141699143935775","0,00000001154726061957","0,00000002265771160830","0,00000198905124646427","0,00000070686347052284","0,00000249402867593334","0,00000108397021335115","0,00000168084366194739","0,00000163130374615907","0,00000085992674450947","0,00000001108386694847","0,00000395069333749995","0,00000623893645053660"
"-0,32564571007937448400","0,00000027781838143818","0,00000063326941491779","0,00000067119321086266","0,00000001409876182020","0,00000001082999732966","-0,00000011712700442249","0,00000131933762423261","0,00000141305774728122","0,00000001155551468087","0,00000002259503974175","0,00000198236812289343","0,00000070420037293497","0,00000248524646491215","0,00000107985744326197","0,00000167465572974800","0,00000162429363479605","0,00000085736924847748","0,00000001108758129058","0,00000394223368161327","0,00000623221443838312"
"-0,32364178457729830800","0,00000027726954079322","0,00000063118866004266","0,00000066998266463362","0,00000001409047932242","0,00000001082762441861","-0,00000011630738192954","0,00000131452698528968","0,00000140910551652559","0,00000001156221907973","0,00000002253004229023","0,00000197567269328162","0,00000070153929916936","0,00000247645411117819","0,00000107573745992653","0,00000166845956382034","0,00000161728797054964","0,00000085480797864083","0,00000001109624632558","0,00000393373670552845","0,00000622541927438526"
"-0,32163785907522218800","0,00000027671778108656","0,00000062909851767867","0,00000066875897023221","0,00000001407662279242","0,00000001082785428699","-0,00000011547872312720","0,00000130971141389090","0,00000140513474709085","0,00000001156737381616","0,00000002246271925374","0,00000196896495762886","0,00000069888024922600","0,00000246765161473148","0,00000107161026334483","0,00000166225516416440","0,00000161028675341984","0,00000085224293499951","0,00000001110986205346","0,00000392520240924548","0,00000621855095854300"
"-0,31963393357314601200","0,00000027616310231820","0,00000062699898782584","0,00000066752212765845","0,00000001405719223021","0,00000001083068693481","-0,00000011464102801546","0,00000130489091003628","0,00000140114543897702","0,00000001157097889016","0,00000002239307063230","0,00000196224491593514","0,00000069622322310490","0,00000245883897557201","0,00000106747585351686","0,00000165604253078018","0,00000160328998340665","0,00000084967411755352","0,00000001112842847423","0,00000391663079276436","0,00000621160949085636"
"-0,31763000807106989100","0,00000027560550448813","0,00000062489007048416","0,00000066627213691232","0,00000001403218763579","0,00000001083612236205","-0,00000011379429659432","0,00000130006547372582","0,00000139713759218408","0,00000001157303430171","0,00000002232109642589","0,00000195551256820046","0,00000069356822080605","0,00000245001619369978","0,00000106333423044264","0,00000164982166366769","0,00000159629766051006","0,00000084710152630286","0,00000001115194558789","0,00000390802185608510","0,00000620459487132532"
"-0,31562608256899371500","0,00000027504498759636","0,00000062277176565364","0,00000066500899799384","0,00000001400160900916","0,00000001084416056873","-0,00000011293852886377","0,00000129523510495951","0,00000139311120671204","0,00000001157354005084","0,00000002224679663452","0,00000194876791442482","0,00000069091524232946","0,00000244118326911479","0,00000105918539412215","0,00000164359256282691","0,00000158930978473008","0,00000084452516124753","0,00000001118041339442","0,00000389937559920770","0,00000619750709994990"
"-0,31362215706691754000","0,00000027448155164288","0,00000062064407333426","0,00000066373271090300","0,00000001396545635031","0,00000001085480155484","-0,00000011207372482383","0,00000129039980373736","0,00000138906628256090","0,00000001157249613752","0,00000002217017125819","0,00000194201095460822","0,00000068826428767513","0,00000243234020181705","0,00000105502934455539","0,00000163735522825787","0,00000158232635606671","0,00000084194502238753","0,00000001121383189385","0,00000389069202213215","0,00000619034617673009"
"-0,31161823156484141900","0,00000027391519662769","0,00000061850699352604","0,00000066244327563980","0,00000001392372965925","0,00000001086804532039","-0,00000011119988447449","0,00000128555957005937","0,00000138500281973066","0,00000001156990256177","0,00000002209122029690","0,00000193524168875067","0,00000068561535684305","0,00000242348699180655","0,00000105086608174238","0,00000163110965996054","0,00000157534737451994","0,00000083936110972286","0,00000001125220108616","0,00000388197112485845","0,00000618311210166588"
"-0,30961430606276524300","0,00000027334592255080","0,00000061636052622898","0,00000066114069220424","0,00000001387642893598","0,00000001088389186537","-0,00000011031700781574","0,00000128071440392554","0,00000138092081822131","0,00000001156575932359","0,00000002200994375064","0,00000192846011685215","0,00000068296844983322","0,00000241462363908328","0,00000104669560568310","0,00000162485585793494","0,00000156837284008978","0,00000083677342325353","0,00000001129552097135","0,00000387321290738660","0,00000617580487475729"
"-0,30761038056068912300","0,00000027277372941220","0,00000061420467144306","0,00000065982496059633","0,00000001382355418049","0,00000001090234118978","-0,00000010942509484760","0,00000127586430533587","0,00000137682027803287","0,00000001156006642297","0,00000002192634161942","0,00000192166623891268","0,00000068032356664566","0,00000240575014364726","0,00000104251791637756","0,00000161859382218106","0,00000156140275277623","0,00000083418196297952","0,00000001134379154943","0,00000386441736971661","0,00000616842449600431"
"-0,30560645505861294700","0,00000027219861721190","0,00000061203942916830","0,00000065849608081605","0,00000001376510539279","0,00000001092339329362","-0,00000010852414557006","0,00000127100927429035","0,00000137270119916532","0,00000001155282385991","0,00000002184041390324","0,00000191486005493225","0,00000067768070728035","0,00000239686650549849","0,00000103833301382575","0,00000161232355269890","0,00000155443711257929","0,00000083158672890085","0,00000001139701282039","0,00000385558451184848","0,00000616097096540693"
"-0,30360252955653677100","0,00000027162058594990","0,00000060986479940469","0,00000065715405286342","0,00000001370108257288","0,00000001094704817690","-0,00000010761415998311","0,00000126614931078899","0,00000136856358161867","0,00000001154403163442","0,00000002175216060209","0,00000190804156491085","0,00000067503987173729","0,00000238797272463695","0,00000103414089802768","0,00000160604504948847","0,00000154747591949895","0,00000082898772101750","0,00000001145518478424","0,00000384671433378220","0,00000615344428296517"
"-0,30159860405446065000","0,00000027103963562619","0,00000060768078215224","0,00000065579887673842","0,00000001363148572075","0,00000001097330583961","-0,00000010669513808677","0,00000126128441483179","0,00000136440742539292","0,00000001153368974649","0,00000002166158171599","0,00000190121076884850","0,00000067240106001650","0,00000237906880106265","0,00000102994156898335","0,00000159975831254976","0,00000154051917353522","0,00000082638493932949","0,00000001151830744098","0,00000383780683551777","0,00000614584444867902"
"-0,29959467855238447500","0,00000027045613134172","0,00000060549367501276","0,00000065443708550303","0,00000001356181934439","0,00000001099990707422","-0,00000010577433845064","0,00000125641644928315","0,00000136024267357323","0,00000001152304147043","0,00000002157166917451","0,00000189436696419518","0,00000066976550700336","0,00000237016010945873","0,00000102574656021039","0,00000159346799648170","0,00000153355359736422","0,00000082377562016375","0,00000001158120052010","0,00000382885916374584","0,00000613818460461159"
"-0,29759075305030835400","0,00000026987043819744","0,00000060330977558808","0,00000065307521221918","0,00000001349758795177","0,00000001102459267318","-0,00000010485901964434","0,00000125154727700750","0,00000135607926924477","0,00000001151333008054","0,00000002148541490724","0,00000188750944840087","0,00000066713444758329","0,00000236125202450829","0,00000102156740522644","0,00000158717875588322","0,00000152656591366206","0,00000082115699984724","0,00000001163868375112","0,00000381986846515704","0,00000613047789282599"
"-0,29558682754823217800","0,00000026928255619334","0,00000060112908387821","0,00000065171325688689","0,00000001343879154289","0,00000001104736263650","-0,00000010394918166787","0,00000124667689800482","0,00000135191721240753","0,00000001150455557682","0,00000002140281891419","0,00000188063822146557","0,00000066450788175629","0,00000235234454621135","0,00000101740410403149","0,00000158089059075432","0,00000151955612242875","0,00000081852907837995","0,00000001169075713404","0,00000381083473975139","0,00000612272431332222"
"-0,29358290204615605800","0,00000026869248532944","0,00000059895159988314","0,00000065035121950615","0,00000001338543011774","0,00000001106821696418","-0,00000010304482452123","0,00000124180531227512","0,00000134775650306152","0,00000001149671795927","0,00000002132388119536","0,00000187375328338929","0,00000066188580952235","0,00000234343767456790","0,00000101325665662554","0,00000157460350109500","0,00000151252422366428","0,00000081589185576188","0,00000001173742066885","0,00000380175798752887","0,00000611492386610029"
"-0,29157897654407988200","0,00000026810022560573","0,00000059677732360287","0,00000064898910007696","0,00000001333750367634","0,00000001108715565621","-0,00000010214594820441","0,00000123693251981840","0,00000134359714120674","0,00000001148981722789","0,00000002124860175074","0,00000186685463417202","0,00000065926823088148","0,00000233453140957794","0,00000100912506300860","0,00000156831748690526","0,00000150547021736866","0,00000081324533199303","0,00000001177867435557","0,00000379263820848948","0,00000610707655116019"
"-0,28957505104200370600","0,00000026750577702220","0,00000059460625503740","0,00000064762689859933","0,00000001329501221868","0,00000001110417871261","-0,00000010125255271743","0,00000123205852063466","0,00000133943912684318","0,00000001148385338268","0,00000002117698058034","0,00000185994227381376","0,00000065665514583367","0,00000232562575124147","0,00000100500932318066","0,00000156203254818510","0,00000149839410354188","0,00000081058950707340","0,00000001181451819417","0,00000378347540263323","0,00000609918236850193"
"-0,28757112553992758600","0,00000026690913957887","0,00000059243839418674","0,00000064626461507324","0,00000001325795574475","0,00000001111928613336","-0,00000010036463806028","0,00000122718331472390","0,00000133528245997084","0,00000001147882642365","0,00000002110901768415","0,00000185301620231451","0,00000065404655437894","0,00000231672069955850","0,00000100090943714173","0,00000155574868493452","0,00000149129588218395","0,00000080792438100300","0,00000001184495218468","0,00000377426956996012","0,00000609124131812549"
"-0,28556720003785141000","0,00000026631031327572","0,00000059027374105088","0,00000064490224949871","0,00000001322633425457","0,00000001113247791846","-0,00000009948220423295","0,00000122230690208612","0,00000133112714058973","0,00000001147473635078","0,00000002104471306218","0,00000184607641967427","0,00000065144245651726","0,00000230781625452902","0,00000099682540489180","0,00000154946589715351","0,00000148417555329487","0,00000080524995378182","0,00000001186997632708","0,00000376502071047015","0,00000608325340003089"
"-0,28356327453577528900","0,00000026570929811276","0,00000058811229562982","0,00000064353980187573","0,00000001320014774813","0,00000001114375406793","-0,00000009860525123546","0,00000121742928272131","0,00000132697316869985","0,00000001147158316408","0,00000002098406671443","0,00000183912292589305","0,00000064884285224866","0,00000229891241615303","0,00000099275722643088","0,00000154318418484209","0,00000147703311687463","0,00000080256622540986","0,00000001188959062138","0,00000375572882416331","0,00000607521861421812"
"-0,28155934903369911300","0,00000026510609408999","0,00000058595405792356","0,00000064217727220430","0,00000001317939622543","0,00000001115311458175","-0,00000009773377906779","0,00000121255045662949","0,00000132282054430119","0,00000001146936686355","0,00000002092707864089","0,00000183215572097084","0,00000064624774157312","0,00000229000918443053","0,00000098870490175896","0,00000153690354800025","0,00000146986857292324","0,00000079987319588712","0,00000001190379506757","0,00000374639391103961","0,00000606713696068719"
"-0,27955542353162293700","0,00000026450070120741","0,00000058379902793211","0,00000064081466048442","0,00000001316407968646","0,00000001116055945993","-0,00000009686778772996","0,00000120767042381064","0,00000131866926739376","0,00000001146808744920","0,00000002087374884156","0,00000182517480490765","0,00000064365712449065","0,00000228110655936153","0,00000098466843087605","0,00000153062398662798","0,00000146268192144069","0,00000079717086521360","0,00000001191258966566","0,00000373701597109905","0,00000605900843943809"
"-0,27755149802954681700","0,00000026389311946502","0,00000058164720565546","0,00000063945196671610","0,00000001315419813124","0,00000001116608870247","-0,00000009600727722195","0,00000120278918426477","0,00000131451933797756","0,00000001146774492101","0,00000002082407731646","0,00000181818017770346","0,00000064107100100124","0,00000227220454094602","0,00000098064781378214","0,00000152434550072530","0,00000145547316242699","0,00000079445923338931","0,00000001191597441565","0,00000372759500434162","0,00000605083305047082"
"-0,27554757252747064100","0,00000026328334886282","0,00000057949859109361","0,00000063808919089933","0,00000001314975155976","0,00000001116970230937","-0,00000009515224754378","0,00000119790673799188","0,00000131037075605258","0,00000001146833927899","0,00000002077806406556","0,00000181117183935829","0,00000063848937110490","0,00000226330312918400","0,00000097664305047723","0,00000151806809029219","0,00000144824229588213","0,00000079173830041423","0,00000001191394931753","0,00000371813101076733","0,00000604261079378538"
"-0,27354364702539452100","0,00000026267138940081","0,00000057735318424656","0,00000063672633303411","0,00000001315073997202","0,00000001117140028062","-0,00000009430269869543","0,00000119302308499197","0,00000130622352161882","0,00000001146987052315","0,00000002073570908889","0,00000180414978987213","0,00000063591223480163","0,00000225440232407547","0,00000097265414096133","0,00000151179175532866","0,00000144098932180612","0,00000078900806628838","0,00000001190651437131","0,00000370862399037618","0,00000603434166938178"
"-0,27153972152331834500","0,00000026205724107898","0,00000057521098511432","0,00000063536339312044","0,00000001315716336801","0,00000001117118261623","-0,00000009345863067691","0,00000118813822526504","0,00000130207763467629","0,00000001147233865347","0,00000002069701238643","0,00000179711402924499","0,00000063333959209142","0,00000224550212562043","0,00000096868108523443","0,00000150551649583472","0,00000143371424019896","0,00000078626853101175","0,00000001189366957699","0,00000369907394316816","0,00000602602567726001"
"-0,26953579602124216900","0,00000026144090389735","0,00000057307199369688","0,00000063400037115832","0,00000001316902174775","0,00000001116904931620","-0,00000009262004348822","0,00000118325215881109","0,00000129793309522499","0,00000001147574366996","0,00000002066197395818","0,00000179006455747686","0,00000063077144297428","0,00000223660253381889","0,00000096472388329654","0,00000149924231181035","0,00000142641705106064","0,00000078351969458435","0,00000001187541493456","0,00000368948086914328","0,00000601766281742007"
"-0,26753187051916604800","0,00000026082237785590","0,00000057093620999424","0,00000063263726714776","0,00000001318631511123","0,00000001116500038053","-0,00000009178693712936","0,00000117836488563011","0,00000129378990326491","0,00000001148008557263","0,00000002063059380415","0,00000178300137456773","0,00000062820778745020","0,00000222770354867084","0,00000096078253514765","0,00000149296920325556","0,00000141909775439116","0,00000078076155700616","0,00000001185175044403","0,00000367984476830154","0,00000600925308986197"
"-0,26552794501708987200","0,00000026020166295464","0,00000056880363400640","0,00000063127408108875","0,00000001320904345844","0,00000001115903580921","-0,00000009095931160034","0,00000117347640572212","0,00000128964805879606","0,00000001148536436146","0,00000002060287192434","0,00000177592448051763","0,00000062564862551919","0,00000221880517017628","0,00000095685704078777","0,00000148669717017035","0,00000141175635019053","0,00000077799411827720","0,00000001182267610540","0,00000367016564064294","0,00000600079649458570"
"-0,26352401951501375200","0,00000025957875919357","0,00000056667426573337","0,00000062991081298129","0,00000001323720678940","0,00000001115115560225","-0,00000009013716690114","0,00000116858671908710","0,00000128550756181843","0,00000001149158003647","0,00000002057880831874","0,00000176883387532653","0,00000062309395718125","0,00000220990739833522","0,00000095294740021689","0,00000148042621255472","0,00000140439283845875","0,00000077521737839746","0,00000001178819191866","0,00000366044348616747","0,00000599229303159126"
"-0,26152009401293757600","0,00000025895366657269","0,00000056454810517514","0,00000062854746282538","0,00000001327080510410","0,00000001114135975965","-0,00000008932050303176","0,00000116369582572506","0,00000128136841233203","0,00000001149873259765","0,00000002055840298736","0,00000176172955899445","0,00000062054378243638","0,00000220101023314765","0,00000094905361343502","0,00000147415633040867","0,00000139700721919581","0,00000077243133736694","0,00000001174829788382","0,00000365067830487514","0,00000598374270087866"
"-0,25951616851086145600","0,00000025832638509200","0,00000056242515233171","0,00000062718403062102","0,00000001330983840254","0,00000001112964828141","-0,00000008850931999222","0,00000115880372563600","0,00000127723061033685","0,00000001150682204499","0,00000002054165593019","0,00000175461153152138","0,00000061799810128457","0,00000219211367461357","0,00000094517568044215","0,00000146788752373220","0,00000138959949240172","0,00000076963599518564","0,00000001170299400088","0,00000364087009676594","0,00000597514550244788"
"-0,25751224300878528000","0,00000025769691475150","0,00000056030540720308","0,00000062582051636822","0,00000001335430668471","0,00000001111602116752","-0,00000008770361778251","0,00000115391041881992","0,00000127309415583290","0,00000001151584837851","0,00000002052856714724","0,00000174747979290732","0,00000061545691372583","0,00000218321772273298","0,00000094131360123828","0,00000146161979252531","0,00000138216965807647","0,00000076683135185357","0,00000001165228026983","0,00000363101886183988","0,00000596650143629894"
"-0,25550831750670910400","0,00000025706525555119","0,00000055818886978926","0,00000062445692006697","0,00000001340420995063","0,00000001110047841799","-0,00000008690339640263","0,00000114901590527682","0,00000126895904882018","0,00000001152581159819","0,00000002051913663851","0,00000174033434315228","0,00000061292021976015","0,00000217432237750588","0,00000093746737582342","0,00000145535313678800","0,00000137471771622007","0,00000076401740737072","0,00000001159615669068","0,00000362112460009696","0,00000595781050243184"
"-0,25350439200463298300","0,00000025643140749107","0,00000055607554009024","0,00000062309324171727","0,00000001345954820029","0,00000001108302003282","-0,00000008610865585258","0,00000114412018500670","0,00000126482528929868","0,00000001153671170405","0,00000002051336440399","0,00000173317518225625","0,00000061038801938754","0,00000216542763893228","0,00000093363700419756","0,00000144908755652027","0,00000136724366683252","0,00000076119416173709","0,00000001153462326343","0,00000361118731153718","0,00000594907270084656"
"-0,25150046650255680800","0,00000025579537057113","0,00000055396541810602","0,00000062172948131912","0,00000001352032143369","0,00000001106364601201","-0,00000008531939613235","0,00000113922325800955","0,00000126069287726841","0,00000001154854869608","0,00000002051125044368","0,00000172600231021923","0,00000060786031260799","0,00000215653350701217","0,00000092982248636071","0,00000144282305172212","0,00000135974750991381","0,00000075836161495268","0,00000001146767998807","0,00000360120699616053","0,00000594028803154312"
"-0,24949654100048065900","0,00000025515479553735","0,00000055185560060888","0,00000062035940175247","0,00000001358213148988","0,00000001104425623907","-0,00000008452602677872","0,00000113432794686611","0,00000125655056381685","0,00000001155999817020","0,00000002050926239530","0,00000171882292589378","0,00000060533940793602","0,00000214763422763883","0,00000092601901046078","0,00000143656443312190","0,00000135225322239820","0,00000075552657776180","0,00000001140072301468","0,00000359120452830888","0,00000593145309325865"
"-0,24749261549840451100","0,00000025450733313570","0,00000054974318437109","0,00000061897676589725","0,00000001364058020791","0,00000001102675059750","-0,00000008371895732845","0,00000112943707415710","0,00000125238710003149","0,00000001156973572235","0,00000002050386789653","0,00000171164422813248","0,00000060282761388610","0,00000213872404670556","0,00000092222176464568","0,00000143031651144798","0,00000134478478121995","0,00000075269586090877","0,00000001133914849332","0,00000358120078232411","0,00000592256448473029"
"-0,24548868999632836300","0,00000025385298336617","0,00000054762816939265","0,00000061758157375346","0,00000001369566758779","0,00000001101112908732","-0,00000008289818778153","0,00000112455063988250","0,00000124820248591234","0,00000001157776135252","0,00000002049506694739","0,00000170446621693531","0,00000060032493045824","0,00000212980296421234","0,00000091843074891541","0,00000142407928670035","0,00000133734218637906","0,00000074986946439359","0,00000001128295642398","0,00000357119575820620","0,00000591362220595804"
"-0,24348476449425221500","0,00000025319174622876","0,00000054551055567356","0,00000061617382532112","0,00000001374739362952","0,00000001099739170852","-0,00000008206371813797","0,00000111966864404234","0,00000124399672145938","0,00000001158407506071","0,00000002048285954787","0,00000169728889230227","0,00000059783135765245","0,00000212087098015919","0,00000091464596326998","0,00000141785275887902","0,00000132992543787553","0,00000074704738821625","0,00000001123214680668","0,00000356118945595516","0,00000590462625694189"
"-0,24148083899217606700","0,00000025252362172347","0,00000054339034321383","0,00000061475352060020","0,00000001379575833309","0,00000001098553846110","-0,00000008121554839777","0,00000111479108663659","0,00000123976980667263","0,00000001158867684693","0,00000002046724569797","0,00000169011225423338","0,00000059534689546872","0,00000211192809454610","0,00000091086740770938","0,00000141163692798399","0,00000132253453570936","0,00000074422963237676","0,00000001118671964141","0,00000355118187557099","0,00000589557663768185"
"-0,23947691349009989100","0,00000025184860985031","0,00000054126753201344","0,00000061332065959072","0,00000001384076169851","0,00000001097556934506","-0,00000008035367856092","0,00000110991796766528","0,00000123552174155208","0,00000001159156671117","0,00000002044822539769","0,00000168293630272861","0,00000059287154390705","0,00000210297430737307","0,00000090709508223361","0,00000140543179401525","0,00000131516947988054","0,00000074141619687511","0,00000001114667492817","0,00000354117301705368","0,00000588647334817792"
"-0,23747298798802374300","0,00000025116671060927","0,00000053914212207241","0,00000061187524229268","0,00000001388240372577","0,00000001096748436040","-0,00000007947810862743","0,00000110504928712838","0,00000123125252609774","0,00000001159274465343","0,00000002042579864703","0,00000167576103778799","0,00000059040530296745","0,00000209400961864010","0,00000090332898684267","0,00000139923735697280","0,00000130783027038909","0,00000073860708171131","0,00000001111201266696","0,00000353116288040325","0,00000587731638843010"
"-0,23546906248594759400","0,00000025047792400035","0,00000053701411339073","0,00000061041726870607","0,00000001392068441488","0,00000001096128350712","-0,00000007858883859730","0,00000110018504502592","0,00000122696216030959","0,00000001159221067371","0,00000002039996544599","0,00000166858645941150","0,00000058794817264990","0,00000208503402834719","0,00000089956912153657","0,00000139305361685665","0,00000130051690723499","0,00000073580228688536","0,00000001108273285778","0,00000352115146561968","0,00000586810575843839"
"-0,23346513698387144600","0,00000024978225002356","0,00000053488350596840","0,00000060894673883089","0,00000001395560376583","0,00000001095696678523","-0,00000007768586847052","0,00000109532524135787","0,00000122265064418765","0,00000001158996477202","0,00000002037072579458","0,00000166141256759915","0,00000058550015295442","0,00000207604753649434","0,00000089581548631530","0,00000138688057366679","0,00000129322939041825","0,00000073300181239725","0,00000001105883550063","0,00000351113877270298","0,00000585884145820279"
"-0,23146121148179529800","0,00000024907968867889","0,00000053275029980542","0,00000060746365266716","0,00000001398716177863","0,00000001095453419471","-0,00000007676919824710","0,00000109046987612425","0,00000121831797773191","0,00000001158600694835","0,00000002033807969278","0,00000165423936235094","0,00000058306124388100","0,00000206705014308155","0,00000089206808117887","0,00000138071822740323","0,00000128596771993887","0,00000073020565824699","0,00000001104032059551","0,00000350112480165315","0,00000584952348772329"
"-0,22945728597971912200","0,00000024837023996634","0,00000053061449490179","0,00000060596801021485","0,00000001401535845327","0,00000001095398573557","-0,00000007583882792703","0,00000108561894932506","0,00000121396416094237","0,00000001158033720270","0,00000002030202714061","0,00000164706684366686","0,00000058063144542964","0,00000205804184810882","0,00000088832690612726","0,00000137456657806597","0,00000127873189579685","0,00000072741382443457","0,00000001102718814242","0,00000349110955247019","0,00000584015184699990"
"-0,22745336047764297400","0,00000024765390388591","0,00000052847609125751","0,00000060445981147398","0,00000001404019378976","0,00000001095532140782","-0,00000007489475751033","0,00000108077246096029","0,00000120958919381903","0,00000001157295553508","0,00000002026256813805","0,00000163989501154692","0,00000057821075760035","0,00000204902265157615","0,00000088459196116049","0,00000136842562565499","0,00000127152191799219","0,00000072462631096000","0,00000001101943814136","0,00000348109302515409","0,00000583072653603262"
"-0,22544943497556682600","0,00000024693068043761","0,00000052633508887259","0,00000060293905644455","0,00000001406166778810","0,00000001095854121145","-0,00000007393698699698","0,00000107593041102995","0,00000120519307636190","0,00000001156386194548","0,00000002021970268512","0,00000163272386599112","0,00000057579918039312","0,00000203999255348355","0,00000088086324627856","0,00000136229537017032","0,00000126433778652489","0,00000072184311782327","0,00000001101707059234","0,00000347107521970486","0,00000582124755482145"
"-0,22344550947349067800","0,00000024620056962143","0,00000052419148774701","0,00000060140574512655","0,00000001407978044828","0,00000001096364514645","-0,00000007296551638698","0,00000107109279953403","0,00000120077580857096","0,00000001155305643390","0,00000002017343078181","0,00000162555340699945","0,00000057339671380795","0,00000203095155383100","0,00000087714076148145","0,00000135617581161194","0,00000125717950139494","0,00000071906424502439","0,00000001102008549534","0,00000346105613612251","0,00000581171490336639"
"-0,22144158397141453000","0,00000024546357143738","0,00000052204528788079","0,00000059985987751999","0,00000001409453177030","0,00000001097063321284","-0,00000007198034568035","0,00000106625962647254","0,00000119633739044623","0,00000001154053900034","0,00000002012375242812","0,00000161838363457192","0,00000057100335784484","0,00000202189965261851","0,00000087342450676918","0,00000135006694997985","0,00000125004706260236","0,00000071628969256335","0,00000001102848285037","0,00000345103577440702","0,00000580212858166743"
"-0,21943765846933838100","0,00000024471968588545","0,00000051989648927392","0,00000059830145362486","0,00000001410592175417","0,00000001097950541061","-0,00000007098147487707","0,00000106143089184547","0,00000119187782198771","0,00000001152630964481","0,00000002007066762405","0,00000161121454870853","0,00000056861911250379","0,00000201283684984609","0,00000086971448214174","0,00000134396878527406","0,00000124294047014713","0,00000071351946044016","0,00000001104226265744","0,00000344101413455840","0,00000579248858972459"
"-0,21743373296726220500","0,00000024396891296564","0,00000051774509192640","0,00000059673047344116","0,00000001411395039989","0,00000001099026173976","-0,00000006996890397714","0,00000105660659565283","0,00000118739710319538","0,00000001151036836730","0,00000002001417636961","0,00000160404614940927","0,00000056624397778481","0,00000200376314551372","0,00000086601068759914","0,00000133788131749456","0,00000123585972402926","0,00000071075354865482","0,00000001106142491653","0,00000343099121657664","0,00000578279492753785"
"-0,21542980746518605700","0,00000024321125267795","0,00000051559109583823","0,00000059514693696890","0,00000001411861770745","0,00000001100290220029","-0,00000006894263298058","0,00000105178673789461","0,00000118289523406925","0,00000001149271516782","0,00000001995427866478","0,00000159687843667415","0,00000056387795368789","0,00000199467853962142","0,00000086231312314137","0,00000133180454664136","0,00000122880482424875","0,00000070799195720732","0,00000001108596962766","0,00000342096702046176","0,00000577304759510722"
"-0,21342588196310990900","0,00000024244670502239","0,00000051343450100942","0,00000059355084420808","0,00000001411992367686","0,00000001101742679221","-0,00000006790266188737","0,00000104697131857082","0,00000117837221460933","0,00000001147335004635","0,00000001989097450957","0,00000158971141050316","0,00000056152104021303","0,00000198558303216918","0,00000085862178876843","0,00000132573847271445","0,00000122177577080560","0,00000070523468609767","0,00000001111589679081","0,00000341094154621374","0,00000576324659243270"
"-0,21142195646103376100","0,00000024167526999895","0,00000051127530743995","0,00000059194219515869","0,00000001411786830811","0,00000001103383551550","-0,00000006684899069751","0,00000104216033768145","0,00000117382804481561","0,00000001145227300291","0,00000001982426390399","0,00000158254507089632","0,00000055917323736023","0,00000197647662315700","0,00000085493668448033","0,00000131968309571384","0,00000121477256369981","0,00000070248173532586","0,00000001115120640600","0,00000340091479383259","0,00000575339191951428"
"-0,20941803095895761300","0,00000024089694760763","0,00000050911351512984","0,00000059032098982074","0,00000001411245160121","0,00000001105212837017","-0,00000006578161941102","0,00000103735379522650","0,00000116926272468809","0,00000001142948403749","0,00000001975414684803","0,00000157537941785361","0,00000055683454512950","0,00000196735931258487","0,00000085125781027705","0,00000131363841563952","0,00000120779520293138","0,00000069973310489190","0,00000001119189847321","0,00000339088676331831","0,00000574348357635198"
"-0,20741410545688146500","0,00000024011173784844","0,00000050694912407908","0,00000058868722819422","0,00000001410367355615","0,00000001107230535623","-0,00000006470054802787","0,00000103255169120599","0,00000116467625422678","0,00000001140498315010","0,00000001968062334169","0,00000156821445137503","0,00000055450496352082","0,00000195823110045281","0,00000084758516615861","0,00000130760443249150","0,00000120084368850030","0,00000069698879479579","0,00000001123797299246","0,00000338085745467090","0,00000573352156294578"
"-0,20541017995480528900","0,00000023931964072137","0,00000050478213428767","0,00000058704091027913","0,00000001409153417294","0,00000001109436647366","-0,00000006360577654809","0,00000102775402561989","0,00000116006863343166","0,00000001137877034073","0,00000001960369338497","0,00000156105017146060","0,00000055218449253421","0,00000194909198676081","0,00000084391875212501","0,00000130158114626977","0,00000119391802040659","0,00000069424880503752","0,00000001128942996374","0,00000337082686789036","0,00000572350587929569"
"-0,20340625445272914000","0,00000023852065622642","0,00000050261254575561","0,00000058538203607548","0,00000001407603345158","0,00000001111831172248","-0,00000006249730497166","0,00000102296079846822","0,00000115543986230275","0,00000001135084560938","0,00000001952335697787","0,00000155388657811030","0,00000054987313216967","0,00000193994197150887","0,00000084025856817623","0,00000129556855697434","0,00000118701819865023","0,00000069151313561710","0,00000001134626938705","0,00000336079500297668","0,00000571343652540171"
"-0,20140232895065299200","0,00000023771478436360","0,00000050044035848290","0,00000058371060558327","0,00000001405717139206","0,00000001114414110268","-0,00000006137513329859","0,00000101817200975098","0,00000115078994084004","0,00000001132120895605","0,00000001943961412039","0,00000154672367132413","0,00000054757088242718","0,00000193078105469699","0,00000083660461431229","0,00000128956666460520","0,00000118014422323123","0,00000068878178653452","0,00000001140849126238","0,00000335076185992988","0,00000570331350126384"
"-0,19939840344857684400","0,00000023690866424869","0,00000049826828154152","0,00000058203355929717","0,00000001403716612306","0,00000001116965578289","-0,00000006024848590849","0,00000101338865554434","0,00000114612993498742","0,00000001129210490235","0,00000001935502922213","0,00000153956343232867","0,00000054527223450612","0,00000192161304726298","0,00000083296284435444","0,00000128357708669947","0,00000117328925666264","0,00000068604866407896","0,00000001147059896583","0,00000334071710557333","0,00000569314746464751"
"-0,19739447794650069600","0,00000023610893499748","0,00000049609902400343","0,00000058035783771187","0,00000001401823577325","0,00000001119265693175","-0,00000005912658718094","0,00000100861173192449","0,00000114147091068878","0,00000001126577796987","0,00000001927216669267","0,00000153240784235047","0,00000054297167960583","0,00000191244176014466","0,00000082933921212391","0,00000127760144079425","0,00000116644646145751","0,00000068330767453958","0,00000001152709587347","0,00000333065040673045","0,00000568294907331816"
"-0,19539055244442452000","0,00000023531559660998","0,00000049393258586865","0,00000057868344082737","0,00000001400038034264","0,00000001121314454926","-0,00000005800943711596","0,00000100384123889143","0,00000113681286794412","0,00000001124222815862","0,00000001919102653203","0,00000152525690138953","0,00000054066921772631","0,00000190326719334202","0,00000082573371762072","0,00000127163972688956","0,00000115961583761583","0,00000068055881791640","0,00000001157798198530","0,00000332056176340122","0,00000567271832727578"
"-0,19338662694234837200","0,00000023452864908618","0,00000049176896713716","0,00000057701036864366","0,00000001398359983123","0,00000001123111863542","-0,00000005689703571355","0,00000099907717644516","0,00000113215580675344","0,00000001122145546858","0,00000001911160874020","0,00000151811060944586","0,00000053836484886758","0,00000189408934685506","0,00000082214636084487","0,00000126569194498539","0,00000115279738513762","0,00000067780209420940","0,00000001162325730131","0,00000331045117558565","0,00000566245522652038"
"-0,19138270144027222400","0,00000023374809242608","0,00000048960816780897","0,00000057533862116076","0,00000001396789423901","0,00000001124657919022","-0,00000005578938297370","0,00000099431954458567","0,00000112749972711674","0,00000001120345989978","0,00000001903391331718","0,00000151096896651945","0,00000053605857302961","0,00000188490822068378","0,00000081857714179634","0,00000125975809508173","0,00000114599110402286","0,00000067503750341859","0,00000001166292182152","0,00000330031864328374","0,00000565215977105196"
"-0,18937877593819607600","0,00000023297392662969","0,00000048745018788409","0,00000057366819837865","0,00000001395326356598","0,00000001125952621368","-0,00000005468647889642","0,00000098956834331298","0,00000112284462903402","0,00000001118824145219","0,00000001895794026298","0,00000150383197261030","0,00000053375039021243","0,00000187572381482818","0,00000081502606047515","0,00000125383817717859","0,00000113919699427156","0,00000067226504554396","0,00000001169697554591","0,00000329016416649548","0,00000564183196087052"
"-0,18737485043611992700","0,00000023220615169699","0,00000048529502736250","0,00000057199910029734","0,00000001393970781215","0,00000001126995970578","-0,00000005358832348170","0,00000098482357262707","0,00000111819051250527","0,00000001117580012583","0,00000001888368957758","0,00000149669962771842","0,00000053144030041602","0,00000186653612928827","0,00000081149311688129","0,00000124793219127598","0,00000113241505588372","0,00000066948472058553","0,00000001172541847449","0,00000327998774522089","0,00000563147179597605"
"-0,18537092493404377900","0,00000023144476762801","0,00000048314268624421","0,00000057033132691682","0,00000001392722697752","0,00000001127787966654","-0,00000005249491672955","0,00000098008523252794","0,00000111353737753051","0,00000001116613592069","0,00000001881116126099","0,00000148957193184380","0,00000052912830364039","0,00000185734516406404","0,00000080797831101477","0,00000124204013737388","0,00000112564528885933","0,00000066669652854328","0,00000001174825060727","0,00000326978937945995","0,00000562107927636856"
"-0,18336699943196760300","0,00000023068977442272","0,00000048099316452922","0,00000056866487823710","0,00000001391582106208","0,00000001128328609594","-0,00000005140625863996","0,00000097535332301561","0,00000110888522410972","0,00000001115924883678","0,00000001874035531322","0,00000148244888498644","0,00000052681439988554","0,00000184815091915550","0,00000080448164287557","0,00000123616201547230","0,00000111888769319841","0,00000066390046941722","0,00000001176547194423","0,00000325956906921267","0,00000561065440204805"
"-0,18136307392989145500","0,00000022994117208114","0,00000047884646221753","0,00000056699975425818","0,00000001390549006584","0,00000001128617899399","-0,00000005032234921294","0,00000097062784409006","0,00000110423405224292","0,00000001115513887409","0,00000001867127173425","0,00000147533048714635","0,00000052449858915146","0,00000183895339456263","0,00000080100311246371","0,00000123029782557123","0,00000111214226890094","0,00000066109654320735","0,00000001177708248538","0,00000324932681447905","0,00000560019717301452"
"-0,17935914842781530700","0,00000022919896060327","0,00000047670257930913","0,00000056533595498006","0,00000001389623398879","0,00000001128655836069","-0,00000004924318844848","0,00000096590879575130","0,00000109958386193009","0,00000001115380603262","0,00000001860391052410","0,00000146821673832352","0,00000052218087143816","0,00000182975259028545","0,00000079754271977919","0,00000122444756767069","0,00000110540901596693","0,00000065828474991366","0,00000001178308223072","0,00000323906261525909","0,00000558970758926796"
"-0,17735522292573915900","0,00000022846313998909","0,00000047456151580404","0,00000056367348040274","0,00000001388805283094","0,00000001128442419604","-0,00000004816877634659","0,00000096119617799933","0,00000109493465317125","0,00000001115525031238","0,00000001853827168276","0,00000146110763851796","0,00000051986124674563","0,00000182054850632395","0,00000079410046482200","0,00000121861124177067","0,00000109868793439638","0,00000065546508953617","0,00000001178347118025","0,00000322877647155278","0,00000557918565080838"
"-0,17535129742366301100","0,00000022773371023862","0,00000047242327170225","0,00000056201233052621","0,00000001388094659228","0,00000001127977650003","-0,00000004709911290726","0,00000095648999083415","0,00000109028642596638","0,00000001115947171336","0,00000001847435521023","0,00000145400318772965","0,00000051753971507388","0,00000181134114267814","0,00000079067634759214","0,00000121278884787116","0,00000109197902418929","0,00000065263756207486","0,00000001177824933397","0,00000321846838336014","0,00000556863135763578"
"-0,17334737192158686200","0,00000022701067135185","0,00000047028784700375","0,00000056035250535048","0,00000001387491527281","0,00000001127261527268","-0,00000004603419813050","0,00000095179023425576","0,00000108563918031549","0,00000001116647023557","0,00000001841216110650","0,00000144690338595861","0,00000051521627642291","0,00000180213049934800","0,00000078727036808961","0,00000120698038597218","0,00000108528228534565","0,00000064980216752974","0,00000001176741669188","0,00000320813835068115","0,00000555804470975015"
"-0,17134344641951068700","0,00000022629402332879","0,00000046815524170855","0,00000055869400487555","0,00000001386995887255","0,00000001126294051397","-0,00000004497403201630","0,00000094709690826415","0,00000108099291621858","0,00000001117624587900","0,00000001835168937159","0,00000143980823320484","0,00000051289093079272","0,00000179291657633355","0,00000078388252631442","0,00000120118585607371","0,00000107859771786548","0,00000064695890590080","0,00000001175097325398","0,00000319778637351582","0,00000554742570715150"
"-0,16933952091743453800","0,00000022558376616943","0,00000046602545581666","0,00000055703682910141","0,00000001386607739147","0,00000001125075222392","-0,00000004391861456467","0,00000094241001285933","0,00000107634763367566","0,00000001118879864365","0,00000001829294000550","0,00000143271772946832","0,00000051056367818330","0,00000178369937363478","0,00000078051282226656","0,00000119540525817576","0,00000107192532174876","0,00000064410777718806","0,00000001172891902026","0,00000318741245186414","0,00000553677434983983"
"-0,16733559541535839000","0,00000022487989987377","0,00000046389848932806","0,00000055538097802808","0,00000001386327082959","0,00000001123605040251","-0,00000004286794577560","0,00000093772954804130","0,00000107170333268671","0,00000001120412852952","0,00000001823591300821","0,00000142563187474907","0,00000050823451859465","0,00000177447889125170","0,00000077716125594603","0,00000118963859227833","0,00000106526509699550","0,00000064124878139150","0,00000001170125399074","0,00000317701658572613","0,00000552609063781514"
"-0,16533166991328224200","0,00000022418242444182","0,00000046177434224276","0,00000055372645165554","0,00000001386153918691","0,00000001121883504975","-0,00000004182202564910","0,00000093305551381006","0,00000106706001325174","0,00000001122223553662","0,00000001818060837973","0,00000141855066904709","0,00000050590345202679","0,00000176525512918429","0,00000077382782735284","0,00000118388585838142","0,00000105861704360569","0,00000063838191851113","0,00000001166797816540","0,00000316659877510177","0,00000551537457107742"
"-0,16332774441120609400","0,00000022349133987357","0,00000045965301456076","0,00000055207324998380","0,00000001386088246342","0,00000001119910616564","-0,00000004078085418517","0,00000092838791016560","0,00000106241767537075","0,00000001124311966495","0,00000001812702612006","0,00000141147411236236","0,00000050357047847970","0,00000175602808743257","0,00000077051253648698","0,00000117814705648503","0,00000105198116157935","0,00000063550718854694","0,00000001162909154426","0,00000315615901999107","0,00000550462614962668"
"-0,16132381890912994600","0,00000022280664616902","0,00000045753450628206","0,00000055042137301285","0,00000001386130065913","0,00000001117686375018","-0,00000003974443138380","0,00000092372673710794","0,00000105777631904373","0,00000001126678091449","0,00000001807516622921","0,00000140440220469490","0,00000050123559795338","0,00000174679776599654","0,00000076721538334845","0,00000117242218658915","0,00000104535745091646","0,00000063262459149895","0,00000001158459412730","0,00000314569732039403","0,00000549384537346292"
"-0,15931989340705377000","0,00000022212834332817","0,00000045541881740666","0,00000054877082074271","0,00000001386279377403","0,00000001115210780336","-0,00000003871275724499","0,00000091907199463706","0,00000105313594427070","0,00000001129321928526","0,00000001802502870716","0,00000139733494604471","0,00000049889881044785","0,00000173756416487618","0,00000076393636793725","0,00000116671124869380","0,00000103874591161703","0,00000062973412736714","0,00000001153448591453","0,00000313521367631065","0,00000548303224258613"
"-0,15731596790497762200","0,00000022145643135103","0,00000045330594793455","0,00000054712159317336","0,00000001386536180813","0,00000001112483832520","-0,00000003768583176875","0,00000091442368275297","0,00000104849655105165","0,00000001132243477726","0,00000001797661355393","0,00000139027233641177","0,00000049656011596308","0,00000172832728407151","0,00000076067549025339","0,00000116101424279896","0,00000103214654368106","0,00000062683579615152","0,00000001147876690596","0,00000312470808774093","0,00000547218675699633"
"-0,15531204240290147300","0,00000022079091023760","0,00000045119589786575","0,00000054547369030481","0,00000001386900476142","0,00000001109505531568","-0,00000003666365495507","0,00000090978180145566","0,00000104385813938658","0,00000001135442739047","0,00000001792992076951","0,00000138321437579611","0,00000049421951449910","0,00000171908712358252","0,00000075743275029686","0,00000115533116890464","0,00000102555934710855","0,00000062392959785209","0,00000001141743710157","0,00000311418055468486","0,00000546130891669349"
"-0,15330811690082532500","0,00000022013177998786","0,00000044908866720025","0,00000054382711213705","0,00000001387372263391","0,00000001106275877482","-0,00000003564622680396","0,00000090514635074515","0,00000103922070927548","0,00000001138919712491","0,00000001788495035390","0,00000137616106419770","0,00000049187700605589","0,00000170984368340921","0,00000075420814806767","0,00000114966202701085","0,00000101898432189950","0,00000062101553246884","0,00000001135049650137","0,00000310363107714245","0,00000545039872167764"
"-0,15130419139874917700","0,00000021947904060183","0,00000044698425593804","0,00000054218185867010","0,00000001387951542560","0,00000001102794870260","-0,00000003463354731542","0,00000090051733062142","0,00000103458426071837","0,00000001142674398058","0,00000001784170230709","0,00000136911240161656","0,00000048953259063346","0,00000170059696355159","0,00000075100168356581","0,00000114400681711757","0,00000101242146805390","0,00000061809360000178","0,00000001127794510536","0,00000309305965511370","0,00000543945617194877"
"-0,14930026589667300100","0,00000021882947421236","0,00000044487753668844","0,00000054053352155996","0,00000001388564446825","0,00000001099356506649","-0,00000003362177018339","0,00000089588924757993","0,00000102994051685576","0,00000001146404535374","0,00000001780041394918","0,00000136207170919784","0,00000048718882192633","0,00000169134305202679","0,00000074780536698588","0,00000113835628051186","0,00000100586371096780","0,00000061516403039261","0,00000001120548639024","0,00000308245767598432","0,00000542847266741120"
"-0,14729634039459685300","0,00000021817986295230","0,00000044276338206075","0,00000053887769246268","0,00000001389137109366","0,00000001096254783393","-0,00000003260704910183","0,00000089125660811614","0,00000102528120082819","0,00000001149807864069","0,00000001776132260024","0,00000135504230808670","0,00000048484825362903","0,00000168207803685198","0,00000074461120852250","0,00000113270115848079","0,00000099930397603723","0,00000061222705358302","0,00000001113882383270","0,00000307181652714001","0,00000541743960796926"
"-0,14529241489252070500","0,00000021753020682166","0,00000044064179205498","0,00000053721437137825","0,00000001389669530182","0,00000001093489700494","-0,00000003158938407073","0,00000088661941223004","0,00000102060631263565","0,00000001152884384142","0,00000001772442826026","0,00000134802419828315","0,00000048251088574156","0,00000167280191802715","0,00000074141920817567","0,00000112704145102435","0,00000099274226326219","0,00000060928266957301","0,00000001107795743276","0,00000306113620858077","0,00000540635699362296"
"-0,14328848939044455700","0,00000021688050582043","0,00000043851276667113","0,00000053554355830667","0,00000001390161709273","0,00000001091061257951","-0,00000003056877509010","0,00000088197765992163","0,00000101591585227814","0,00000001155634095592","0,00000001768973092925","0,00000134101737978718","0,00000048017671826392","0,00000166351469555229","0,00000073822936594538","0,00000112137715814253","0,00000098617857264268","0,00000060633087836258","0,00000001102288719041","0,00000305041672030660","0,00000539522482437230"
"-0,14128456388836840800","0,00000021623075994861","0,00000043637630590918","0,00000053386525324794","0,00000001390613646639","0,00000001088969455764","-0,00000002954522215994","0,00000087733135119092","0,00000101120981975567","0,00000001158056998421","0,00000001765723060721","0,00000133402185259880","0,00000047784575119611","0,00000165421636942742","0,00000073504168183163","0,00000111570827983535","0,00000097961290417870","0,00000060337167995174","0,00000001097361310564","0,00000303965806231751","0,00000538404310021728"
"-0,13928063838629226000","0,00000021558096920621","0,00000043423240976915","0,00000053217945620206","0,00000001391025342281","0,00000001087214293933","-0,00000002851872528025","0,00000087268048603790","0,00000100648821506823","0,00000001160153092627","0,00000001762692729413","0,00000132703761671800","0,00000047551798453812","0,00000164490693965252","0,00000073185615583442","0,00000111003481610280","0,00000097304525787025","0,00000060040507434047","0,00000001093013517847","0,00000302886023461350","0,00000537281182115789"
"-0,13727671288421608400","0,00000021493113359323","0,00000043208107825103","0,00000053048616716904","0,00000001391396796197","0,00000001085795772458","-0,00000002748928445102","0,00000086802506446258","0,00000100175103821583","0,00000001161922378212","0,00000001759882099002","0,00000132006467214478","0,00000047319341828996","0,00000163558640622760","0,00000072867278795376","0,00000110435676694488","0,00000096647563371733","0,00000059743106152879","0,00000001089245340888","0,00000301802323719455","0,00000536153098719413"
"-0,13527278738213993600","0,00000021428125310966","0,00000042992231135483","0,00000052878538614886","0,00000001391728008389","0,00000001084713891339","-0,00000002645689967225","0,00000086336508646495","0,00000099699828919846","0,00000001163364855174","0,00000001757291169488","0,00000131310301887915","0,00000047087205245164","0,00000162625476915267","0,00000072549157818965","0,00000109867413236159","0,00000095990403171995","0,00000059444964151669","0,00000001086056779688","0,00000300714707006069","0,00000535020059832601"
"-0,13326886188006378800","0,00000021363132775550","0,00000042775610908054","0,00000052707711314153","0,00000001392018978856","0,00000001083968650576","-0,00000002542157094396","0,00000085870055204501","0,00000099222996801613","0,00000001164480523515","0,00000001754919940870","0,00000130615265692110","0,00000046855388702314","0,00000161691202842771","0,00000072231252654208","0,00000109298691235293","0,00000095333045187809","0,00000059146081430417","0,00000001083447834248","0,00000299623173321189","0,00000533882065455353"
"-0,13126493637798764000","0,00000021298135753075","0,00000042558247142817","0,00000052536134814706","0,00000001392269707598","0,00000001083560050169","-0,00000002438329826613","0,00000085403146120277","0,00000098744607466882","0,00000001165269383233","0,00000001752768413150","0,00000129921358627064","0,00000046623892200447","0,00000160755818405273","0,00000071913563301105","0,00000108729510691890","0,00000094675489419176","0,00000058846457989123","0,00000001081418504566","0,00000298527722664817","0,00000532739115587668"
"-0,12926101087591149200","0,00000021233134243542","0,00000042340139839771","0,00000052363809116543","0,00000001392480194615","0,00000001083488090119","-0,00000002334208163876","0,00000084935781393822","0,00000098264660915656","0,00000001165731434329","0,00000001750836586326","0,00000129228580692776","0,00000046392715739563","0,00000159819323602773","0,00000071596089759656","0,00000108159871605951","0,00000094017735866097","0,00000058546093827787","0,00000001079968790643","0,00000297428355036952","0,00000531591210229547"
"-0,12725708537383534400","0,00000021168128246951","0,00000042121288998916","0,00000052190734219666","0,00000001392650439908","0,00000001083752770424","-0,00000002229792106187","0,00000084467961025137","0,00000097783157147932","0,00000001165866676804","0,00000001749124460398","0,00000128536931889246","0,00000046161859319661","0,00000158881718435272","0,00000071278832029862","0,00000107589773977474","0,00000093359784528570","0,00000058244988946410","0,00000001079098692479","0,00000296325070437594","0,00000530438349380989"
"-0,12525315987175916800","0,00000021103117763301","0,00000041901694620253","0,00000052016910124073","0,00000001392780443475","0,00000001084354091085","-0,00000002125081653544","0,00000083999685014221","0,00000097300096163712","0,00000001165675110656","0,00000001747632035368","0,00000127846412216475","0,00000045931322940743","0,00000157943002902768","0,00000070961790111722","0,00000107019217806460","0,00000092701635406597","0,00000057943143344990","0,00000001078808210074","0,00000295217868866744","0,00000529280533041995"
"-0,12324923436968301900","0,00000021038102792592","0,00000041681356703781","0,00000051842336829766","0,00000001392870205318","0,00000001085292052103","-0,00000002020076805947","0,00000083530953361074","0,00000096815477962996","0,00000001165156735886","0,00000001746359311234","0,00000127157021674462","0,00000045701106602807","0,00000157003177005262","0,00000070644964005237","0,00000106448203092910","0,00000092043288500177","0,00000057640557023529","0,00000001079097343428","0,00000294106750324401","0,00000528117761212565"
"-0,12124530886760687100","0,00000020973083334825","0,00000041460275249500","0,00000051667014336744","0,00000001392919725435","0,00000001086566653476","-0,00000001914777563398","0,00000083061766065697","0,00000096329302545783","0,00000001164311552495","0,00000001745306287997","0,00000126468760263207","0,00000045471210305855","0,00000156062240742754","0,00000070328353710406","0,00000105876729836822","0,00000091384743809309","0,00000057337229982026","0,00000001079966092540","0,00000292991714810566","0,00000526950033892698"
"-0,11924138336553072300","0,00000020908059389999","0,00000041238450257411","0,00000051490942645007","0,00000001392929003828","0,00000001088177895206","-0,00000001809183925895","0,00000082592123128089","0,00000095841569912073","0,00000001163139560481","0,00000001744472965656","0,00000125781627982711","0,00000045241634049885","0,00000155120194115244","0,00000070011959227230","0,00000105304798038198","0,00000090726001333995","0,00000057033162220481","0,00000001081414457412","0,00000291872762325238","0,00000525777351082395"
"-0,11723745786345456100","0,00000020843030958115","0,00000041015881727513","0,00000051314121754555","0,00000001392898040496","0,00000001090125777292","-0,00000001703295893438","0,00000082122024548250","0,00000095352280061866","0,00000001161640759845","0,00000001743859344212","0,00000125095624832973","0,00000045012377834898","0,00000154177037122732","0,00000069695780555707","0,00000104732407697037","0,00000090067061074234","0,00000056728353738894","0,00000001083442438042","0,00000290749892868417","0,00000524599712781655"
"-0,11523353236137841300","0,00000020777998039172","0,00000040792569659807","0,00000051136551665388","0,00000001392826835440","0,00000001092410299734","-0,00000001597113466029","0,00000081651470326181","0,00000094861432995163","0,00000001159815150587","0,00000001743465423665","0,00000124410750813994","0,00000044783441660894","0,00000153232769765218","0,00000069379817695840","0,00000104159558813338","0,00000089407923030026","0,00000056422804537266","0,00000001086050034432","0,00000289623106440104","0,00000523417118990479"
"-0,11322960685930226500","0,00000020712960633171","0,00000040568514054292","0,00000050958232377506","0,00000001392715388658","0,00000001095031462531","-0,00000001490636643666","0,00000081180460461881","0,00000094369028711964","0,00000001157662732708","0,00000001743291204015","0,00000123727005925773","0,00000044554825527873","0,00000152287392042701","0,00000069064070647626","0,00000103586251387103","0,00000088748587201371","0,00000056116514615595","0,00000001089237246580","0,00000288492403040298","0,00000522229569708867"
"-0,11122568135722610300","0,00000020647918740111","0,00000040343714910968","0,00000050779163890909","0,00000001392563700152","0,00000001097989265685","-0,00000001383865426349","0,00000080708994955350","0,00000093875067212268","0,00000001155183506206","0,00000001743336685261","0,00000123044390168310","0,00000044326529435835","0,00000151340903955183","0,00000068748539411067","0,00000103012485418331","0,00000088089053588269","0,00000055809483973883","0,00000001093004074488","0,00000287357782668999","0,00000521037064936818"
"-0,10922175585514995500","0,00000020582872359992","0,00000040118172229836","0,00000050599346205597","0,00000001392371769920","0,00000001101283709195","-0,00000001276799814080","0,00000080237073806589","0,00000093379548496075","0,00000001152377471082","0,00000001743601867405","0,00000122362903541606","0,00000044098553384779","0,00000150393305502663","0,00000068433223986163","0,00000102438260907022","0,00000087429322190720","0,00000055501712612129","0,00000001097350518154","0,00000286219245326208","0,00000519839604674332"
"-0,10721783035307380600","0,00000020517821492815","0,00000039891886010895","0,00000050418779321570","0,00000001392139597964","0,00000001104914793061","-0,00000001169439806856","0,00000079764697015598","0,00000092882472563386","0,00000001149244627336","0,00000001744086750444","0,00000121682546045660","0,00000043870897374707","0,00000149444596685141","0,00000068118124372913","0,00000101863577853176","0,00000086769393008725","0,00000055193200530333","0,00000001102276577579","0,00000285076791011924","0,00000518637188921411"
"-0,10521390485099764400","0,00000020452766138579","0,00000039664856254146","0,00000050237463238829","0,00000001391867184283","0,00000001108882517283","-0,00000001061785404680","0,00000079291864582375","0,00000092383839414200","0,00000001145784974968","0,00000001744791334381","0,00000121003317680473","0,00000043643561405617","0,00000148494777502616","0,00000067803240571317","0,00000101288436256793","0,00000086109266042282","0,00000054883947728495","0,00000001107782252763","0,00000283930419726147","0,00000517429817678052"
"-0,10320997934892149600","0,00000020387706297285","0,00000039437082959587","0,00000050055397957372","0,00000001391554528878","0,00000001113186881862","-0,00000000953836607550","0,00000078818576506922","0,00000091883649048517","0,00000001141998513978","0,00000001745715619214","0,00000120325218446044","0,00000043416545477510","0,00000147543847955090","0,00000067488572581375","0,00000100712836117873","0,00000085448941291392","0,00000054573954206616","0,00000001113867543706","0,00000282780131468878","0,00000516217490944258"
"-0,10120605384684534800","0,00000020322641968932","0,00000039208566127221","0,00000049872583477200","0,00000001391201631747","0,00000001117827886796","-0,00000000845593415467","0,00000078344832789239","0,00000091381901466338","0,00000001137885244366","0,00000001746859604944","0,00000119648248342373","0,00000043189849590386","0,00000146591808042561","0,00000067174120403088","0,00000100136777436417","0,00000084788418756056","0,00000054263219964694","0,00000001120532450408","0,00000281625926240116","0,00000515000208720027"
"-0,09920212834476918600","0,00000020258125627359","0,00000038979789211325","0,00000049689481639625","0,00000001390821269444","0,00000001122454835483","-0,00000000738333185424","0,00000077870823697241","0,00000090879496616625","0,00000001133788061471","0,00000001747942533280","0,00000118971029231533","0,00000042963143566836","0,00000145640220628818","0,00000066859642376911","0,00000099560557334523","0,00000084129623364369","0,00000053951678828950","0,00000001127250225845","0,00000280467525216940","0,00000513777163719372"
"-0,09719820284269303780","0,00000020194709746403","0,00000038751235666181","0,00000049506554285958","0,00000001390426218523","0,00000001126717031318","-0,00000000633333274414","0,00000077396739498846","0,00000090377334448342","0,00000001130049860632","0,00000001748683645930","0,00000118292182975596","0,00000042736097229449","0,00000144690648577645","0,00000066544896843298","0,00000098984472934293","0,00000083474480044430","0,00000053639264625604","0,00000001133494122993","0,00000279304649576428","0,00000512547548656306"
"-0,09519427734061688960","0,00000020132394326065","0,00000038522905491787","0,00000049323801416199","0,00000001390016478982","0,00000001130614474303","-0,00000000530593682438","0,00000076922580194052","0,00000089875414961488","0,00000001126670641850","0,00000001749082942895","0,00000117611709574563","0,00000042508710578226","0,00000143743091889044","0,00000066229883802250","0,00000098408524235726","0,00000082822988796238","0,00000053325977354654","0,00000001139264141852","0,00000278137299318581","0,00000511311363530828"
"-0,09319035183854072760","0,00000020071179366345","0,00000038294798688144","0,00000049141223030348","0,00000001389592050822","0,00000001134147164437","-0,00000000430114409495","0,00000076448345782861","0,00000089373738156064","0,00000001123650405123","0,00000001749140424174","0,00000116929609028433","0,00000042280983613167","0,00000142797550563014","0,00000065914603253767","0,00000097832711238822","0,00000082175149619794","0,00000053011817016102","0,00000001144560282423","0,00000276965474443398","0,00000510068608342939"
"-0,09118642633646457940","0,00000020011064867242","0,00000038066915255253","0,00000048958819128404","0,00000001389152934044","0,00000001137315101720","-0,00000000331895455585","0,00000075974036265273","0,00000088872304032070","0,00000001120989150452","0,00000001748856089768","0,00000116245881337205","0,00000042052916334271","0,00000141854024599555","0,00000065599055197848","0,00000097257033943582","0,00000081530962515097","0,00000052696783609947","0,00000001149382544704","0,00000275789174950879","0,00000508819283092639"
"-0,08918250083438843120","0,00000019952050828757","0,00000037839255193112","0,00000048776589710369","0,00000001388699128646","0,00000001140118286152","-0,00000000235936820708","0,00000075499651641286","0,00000088371112589505","0,00000001118686877837","0,00000001748229939677","0,00000115560526500881","0,00000041824508741539","0,00000140912513998668","0,00000065283239634494","0,00000096681492350005","0,00000080890427482147","0,00000052380877136190","0,00000001153730928697","0,00000274608400841024","0,00000507563387779927"
"-0,08717857533231226920","0,00000019894137250890","0,00000037611818501723","0,00000048594534776241","0,00000001388230634630","0,00000001142556717734","-0,00000000142238504865","0,00000075025191910902","0,00000087870163828369","0,00000001116743587279","0,00000001747261973900","0,00000114873544519460","0,00000041595760834971","0,00000139973018760352","0,00000064967156563705","0,00000096106086458092","0,00000080253544520945","0,00000052064097594829","0,00000001157605434401","0,00000273423152113834","0,00000506300922404804"
"-0,08517464983023612100","0,00000019837324133640","0,00000037384605181084","0,00000048412654326021","0,00000001387747451994","0,00000001144630396464","-0,00000000050800508055","0,00000074550657074120","0,00000087369457748663","0,00000001115159278776","0,00000001745952192437","0,00000114184935392942","0,00000041366672614567","0,00000139035538884607","0,00000064650805985480","0,00000095530816267841","0,00000079620313631490","0,00000051746444985866","0,00000001161006061816","0,00000272233428769308","0,00000505031886967270"
"-0,08317072432815995900","0,00000019781611477009","0,00000037157615231196","0,00000048230948359709","0,00000001387249580740","0,00000001146339322343","0,00000000038377169722","0,00000074076047130940","0,00000086868994350387","0,00000001113933952330","0,00000001744300595290","0,00000113494699121328","0,00000041137244080327","0,00000138100074371434","0,00000064334187899820","0,00000094955681779254","0,00000078990734813782","0,00000051427919309300","0,00000001163932810943","0,00000271039230807447","0,00000503756281467324"
"-0,08116679882608381080","0,00000019726999280994","0,00000036930848652059","0,00000048049416877305","0,00000001386737020866","0,00000001147683495371","0,00000000125294528465","0,00000073601362081363","0,00000086368773633540","0,00000001113067607939","0,00000001742307182456","0,00000112802835704616","0,00000040907475232250","0,00000137166625220831","0,00000064017302306725","0,00000094380682992331","0,00000078364808067822","0,00000051108520565131","0,00000001166385681780","0,00000269840558228249","0,00000502474105904967"
"-0,07916287332400766260","0,00000019673487545598","0,00000036704305443674","0,00000047868059878809","0,00000001386209772373","0,00000001148662915549","0,00000000209951568175","0,00000073126601925387","0,00000085868795598123","0,00000001112560245605","0,00000001739971953938","0,00000112109345142808","0,00000040677366070337","0,00000136235191432800","0,00000063700149206195","0,00000093805819907070","0,00000077742533393609","0,00000050788248753360","0,00000001168364674329","0,00000268637411031716","0,00000501185360280199"
"-0,07715894782193150060","0,00000019621076270819","0,00000036477985606039","0,00000047686877364221","0,00000001385667835262","0,00000001149277582875","0,00000000292348288851","0,00000072651766663014","0,00000085369060244135","0,00000001112411865326","0,00000001737294909734","0,00000111414227435903","0,00000040446916594588","0,00000135305773007341","0,00000063382728598229","0,00000093231092523473","0,00000077123910791144","0,00000050467103873986","0,00000001169869788589","0,00000267429789217848","0,00000499890044593019"
"-0,07515502231985535240","0,00000019569765456658","0,00000036251889139155","0,00000047505869333540","0,00000001385111209531","0,00000001149527497351","0,00000000372484690495","0,00000072176856294244","0,00000084869567571577","0,00000001112622467104","0,00000001734276049844","0,00000110717482583901","0,00000040216126805003","0,00000134378369944453","0,00000063065040482828","0,00000092656500841539","0,00000076508940260425","0,00000050145085927009","0,00000001170901024560","0,00000266217692786643","0,00000498588158843428"
"-0,07315109681777920430","0,00000019519555103115","0,00000036026016043022","0,00000047325035786768","0,00000001384539895182","0,00000001149412658976","0,00000000450360773105","0,00000071701870819075","0,00000084370317580448","0,00000001113192050937","0,00000001730915374269","0,00000110019110586802","0,00000039984996701582","0,00000133452982244136","0,00000062747084859992","0,00000092082044861269","0,00000075897621801454","0,00000049822194912429","0,00000001171458382243","0,00000265001121738103","0,00000497279703031425"
"-0,07114717131570304220","0,00000019470445210189","0,00000035800366317640","0,00000047144376723903","0,00000001383953892213","0,00000001148933067749","0,00000000525976536682","0,00000071226810237509","0,00000083871310270749","0,00000001114120616827","0,00000001727212883009","0,00000109319111444607","0,00000039753526284324","0,00000132529609906390","0,00000062428861729720","0,00000091507724582662","0,00000075289955414231","0,00000049498430830246","0,00000001171541861636","0,00000263780076072228","0,00000495964677157011"
"-0,06914324581362689400","0,00000019422435777881","0,00000035574939963010","0,00000046963892144947","0,00000001383353200625","0,00000001148088723672","0,00000000599331981225","0,00000070751674549545","0,00000083372545642479","0,00000001115408164773","0,00000001723168576063","0,00000108617485157314","0,00000039521715553230","0,00000131608252931215","0,00000062110371092013","0,00000090933540005718","0,00000074685941098754","0,00000049173793680461","0,00000001171151462741","0,00000262554555789016","0,00000494643081220186"
"-0,06713932031155074590","0,00000019375526806191","0,00000035349736979130","0,00000046783582049898","0,00000001382737820419","0,00000001146879626744","0,00000000670427106735","0,00000070276463755183","0,00000082874023695639","0,00000001117054694775","0,00000001718782453432","0,00000107914231724925","0,00000039289564508300","0,00000130688911318612","0,00000061791612946871","0,00000090359491130437","0,00000074085578855026","0,00000048848283463073","0,00000001170287185557","0,00000261324560888469","0,00000493314915220950"
"-0,06513539480947458380","0,00000019329718295118","0,00000035124757366001","0,00000046603446438757","0,00000001382107751593","0,00000001145305776965","0,00000000739261913212","0,00000069801177854423","0,00000082375744430229","0,00000001119060206833","0,00000001714054515115","0,00000107209351147439","0,00000039057073149533","0,00000129771585068581","0,00000061472587294294","0,00000089785577956820","0,00000073488868683044","0,00000048521900178082","0,00000001168949030084","0,00000260090091370586","0,00000491980179159302"
"-0,06313146930739843570","0,00000019285010244663","0,00000034900001123623","0,00000046423485311524","0,00000001381462994149","0,00000001143367174335","0,00000000805836400655","0,00000069325816847266","0,00000081877707846248","0,00000001121424700946","0,00000001708984761113","0,00000106502843424856","0,00000038824241476931","0,00000128856274181120","0,00000061153294134281","0,00000089211800484866","0,00000072895810582810","0,00000048194643825488","0,00000001167136996322","0,00000258851147235368","0,00000490638873035243"
"-0,06112754380532228060","0,00000019241402654826","0,00000034675468251996","0,00000046243698668199","0,00000001380803548085","0,00000001141063818853","0,00000000870150569065","0,00000068850380733711","0,00000081379913943696","0,00000001124148177116","0,00000001703573191426","0,00000105794708557176","0,00000038591069490492","0,00000127942978656231","0,00000060833733466833","0,00000088638158714576","0,00000072306404554323","0,00000047866514405292","0,00000001164851084272","0,00000257607728482814","0,00000489290996848772"
"-0,05912361830324613240","0,00000019198895525606","0,00000034451158751120","0,00000046064086508781","0,00000001380129413402","0,00000001138395710522","0,00000000932204418442","0,00000068374869513758","0,00000080882362722574","0,00000001127230635342","0,00000001697819806053","0,00000105084946544399","0,00000038357557190217","0,00000127031698493913","0,00000060513905291950","0,00000088064652645948","0,00000071720650597583","0,00000047537511917492","0,00000001162091293933","0,00000256359835112924","0,00000487936550599890"
"-0,05711969280116997730","0,00000019157488857004","0,00000034227072620995","0,00000045884648833272","0,00000001379440590101","0,00000001135362849339","0,00000000991997948786","0,00000067899283187408","0,00000080385054182882","0,00000001130672075625","0,00000001691724604995","0,00000104373557386526","0,00000038123704576106","0,00000126122433694166","0,00000060193809609631","0,00000087491282278984","0,00000071138548712591","0,00000047207636362090","0,00000001158857625304","0,00000255107467125698","0,00000486575534288597"
"-0,05511576729909382220","0,00000019117182649020","0,00000034003209861621","0,00000045705385641671","0,00000001378737078180","0,00000001131965235305","0,00000001049531160096","0,00000067423621754660","0,00000079887988324619","0,00000001134472497963","0,00000001685287588251","0,00000103660541083556","0,00000037889511648158","0,00000125215184256991","0,00000059873446419877","0,00000086918047613684","0,00000070560098899346","0,00000046876887739086","0,00000001155150078388","0,00000253850624521137","0,00000485207947914893"
"-0,05311184179701766710","0,00000019077976901654","0,00000033779570472998","0,00000045526296933977","0,00000001378018877641","0,00000001128202868420","0,00000001104804052373","0,00000066947885215513","0,00000079391165147786","0,00000001138631902357","0,00000001678508755822","0,00000102945897635488","0,00000037654978406374","0,00000124309950182387","0,00000059552815722688","0,00000086344948650046","0,00000069985301157849","0,00000046545266048478","0,00000001150968653182","0,00000252589307299240","0,00000483833791478777"
"-0,05110791629494151890","0,00000019039871614905","0,00000033556154455126","0,00000045347382710191","0,00000001377285988482","0,00000001124075748684","0,00000001157816625617","0,00000066472073569970","0,00000078894584652382","0,00000001143150288807","0,00000001671388107707","0,00000102229627042324","0,00000037420104850754","0,00000123406731470354","0,00000059231917518063","0,00000085771985388072","0,00000069414155488099","0,00000046212771290268","0,00000001146313349687","0,00000251323515460007","0,00000482453064980249"
"-0,04910399079286536380","0,00000019001905399416","0,00000033332930493302","0,00000045168380686600","0,00000001376669009308","0,00000001119924693673","0,00000001209288223010","0,00000065995978353570","0,00000078398135098058","0,00000001147642384780","0,00000001664313566465","0,00000101512301547415","0,00000037184735864890","0,00000122504960401645","0,00000058911896419136","0,00000085200234846235","0,00000068847004200950","0,00000045880234374237","0,00000001141587765785","0,00000250053826481008","0,00000481067152861737"
"-0,04710006529078920870","0,00000018963116865830","0,00000033109867272824","0,00000044989028579491","0,00000001376298538722","0,00000001116090520963","0,00000001259938187736","0,00000065519391101855","0,00000077901704744465","0,00000001151722917742","0,00000001657673054652","0,00000100794493394113","0,00000036948716332373","0,00000121604069257012","0,00000058593897039039","0,00000084630774043007","0,00000068284189607257","0,00000045548486210166","0,00000001137195499357","0,00000248780817839810","0,00000479677439565665"
"-0,04509613978871306050","0,00000018923506014147","0,00000032886964793692","0,00000044809326388863","0,00000001376174576724","0,00000001112573230553","0,00000001309766519795","0,00000065042311814827","0,00000077405293591603","0,00000001155391887693","0,00000001651466572268","0,00000100076202582418","0,00000036712046253204","0,00000120704058036455","0,00000058277919377773","0,00000084063602978389","0,00000067725711707020","0,00000045217526798057","0,00000001133136550402","0,00000247504489536413","0,00000478283925092035"
"-0,04309221428663690540","0,00000018883072844366","0,00000032664223055905","0,00000044629274114717","0,00000001376297123315","0,00000001109372822444","0,00000001358773219186","0,00000064564740492484","0,00000076908901639471","0,00000001158649294634","0,00000001645694119314","0,00000099357429112330","0,00000036474725627382","0,00000119804926739975","0,00000057963963435336","0,00000083498721652380","0,00000067171570500239","0,00000044887356137909","0,00000001129410918921","0,00000246224841570819","0,00000476886609440845"
"-0,04108828878456075030","0,00000018841817356488","0,00000032441642059464","0,00000044448871757052","0,00000001376666178493","0,00000001106489296635","0,00000001406958285911","0,00000064086677134826","0,00000076412528888070","0,00000001161495138564","0,00000001640355695790","0,00000098638172983849","0,00000036236754454908","0,00000118906675367570","0,00000057652029211730","0,00000082936130064981","0,00000066621765986914","0,00000044557974229722","0,00000001126018604913","0,00000244941873943026","0,00000475485492612096"
"-0,03908436328248460210","0,00000018799739550512","0,00000032219221804368","0,00000044268119315869","0,00000001377281742260","0,00000001103922653126","0,00000001454321719968","0,00000063608121741854","0,00000075916175337400","0,00000001163929419483","0,00000001635451301695","0,00000097918434196975","0,00000035998132735781","0,00000118009303919242","0,00000057342116706954","0,00000082375828216192","0,00000066076298167044","0,00000044229381073496","0,00000001122959608380","0,00000243655586653035","0,00000474080574605788"
"-0,03708043778040844700","0,00000018756839426439","0,00000031996962290619","0,00000044087016791167","0,00000001378143814615","0,00000001101672891918","0,00000001500863521358","0,00000063129074313567","0,00000075419840987461","0,00000001165952137391","0,00000001630980937030","0,00000097198212751707","0,00000035758860470001","0,00000117112812394990","0,00000057034225921008","0,00000081817816106012","0,00000065535167040630","0,00000043901576669231","0,00000001120233929320","0,00000242365979700845","0,00000472671855421921"
"-0,03507651227833229190","0,00000018713116984269","0,00000031774863518214","0,00000043905564182947","0,00000001379252395558","0,00000001099740013011","0,00000001546583690081","0,00000062649534849966","0,00000074923525838252","0,00000001167563292289","0,00000001626944601794","0,00000096477508648047","0,00000035518937657569","0,00000116217200794814","0,00000056728356853892","0,00000081262093734442","0,00000064998372607672","0,00000043574561016927","0,00000001117841567733","0,00000241073053086457","0,00000471259335060494"
"-0,03307258677625614370","0,00000018668572224001","0,00000031552925487156","0,00000043723761491209","0,00000001380607485089","0,00000001098124016404","0,00000001591482226136","0,00000062169503351051","0,00000074427229889774","0,00000001168762884175","0,00000001623342295988","0,00000095756321885993","0,00000035278364298485","0,00000115322469118714","0,00000056424509505607","0,00000080708661101482","0,00000064465914868170","0,00000043248334116584","0,00000001115782523621","0,00000239776806809871","0,00000469843013521509"
"-0,03106866127417998860","0,00000018623205145637","0,00000031331148197443","0,00000043541608715952","0,00000001382209083208","0,00000001096824902098","0,00000001635559129525","0,00000061688979816821","0,00000073930953142027","0,00000001169550913051","0,00000001620174019611","0,00000095034652465547","0,00000035037140392748","0,00000114428617366691","0,00000056122683876151","0,00000080157518207131","0,00000063937793822123","0,00000042922895968202","0,00000001114056796982","0,00000238477240871086","0,00000468422890804964"
"-0,02906473577210383350","0,00000018577015749174","0,00000031109531649076","0,00000043359105857177","0,00000001384057189915","0,00000001095842670092","0,00000001678814400246","0,00000061207964247277","0,00000073434695595010","0,00000001169927378917","0,00000001617439772664","0,00000094312500386707","0,00000034795265940358","0,00000113535645538743","0,00000055822879965526","0,00000079608665051390","0,00000063414009469532","0,00000042598246571781","0,00000001112664387816","0,00000237174355270104","0,00000466998966910861"
"-0,02706081027002768190","0,00000018530004034614","0,00000030888075842055","0,00000043176252914883","0,00000001386151805211","0,00000001095177320386","0,00000001721248038299","0,00000060726456642418","0,00000072938457248724","0,00000001169892281771","0,00000001615139555146","0,00000093589865649474","0,00000034552740941316","0,00000112643553634872","0,00000055525097773731","0,00000079062101634258","0,00000062894561810398","0,00000042274385927321","0,00000001111605296125","0,00000235868150006922","0,00000465571241839198"
"-0,02505688476795152680","0,00000018482170001957","0,00000030666780776379","0,00000042993049889071","0,00000001388492929094","0,00000001094828852981","0,00000001762860043686","0,00000060244457002245","0,00000072442238103169","0,00000001169445621615","0,00000001613273367058","0,00000092866748253848","0,00000034309565395621","0,00000111752341655077","0,00000055229337300766","0,00000078517827955737","0,00000062379450844718","0,00000041951314034822","0,00000001110879521907","0,00000234558625081543","0,00000464139715589977"
"-0,02305295926587537510","0,00000018433513651203","0,00000030445646452049","0,00000042809496779740","0,00000001391080561566","0,00000001094797267877","0,00000001803650416405","0,00000059761965326757","0,00000071946038158345","0,00000001168587398448","0,00000001611841208399","0,00000092143148199829","0,00000034065739303274","0,00000110862009599358","0,00000054935598546631","0,00000077975844015824","0,00000061868676572495","0,00000041629030894284","0,00000001110487065163","0,00000233245780493965","0,00000462704388163196"
"-0,02104903376379922350","0,00000018384034982351","0,00000030224672869064","0,00000042625593586891","0,00000001393914702626","0,00000001095082565073","0,00000001843619156458","0,00000059278981615955","0,00000071449857414251","0,00000001167317612270","0,00000001610843079170","0,00000091419065487418","0,00000033821262664275","0,00000109972557467715","0,00000054643881511327","0,00000077436149814522","0,00000061362238993728","0,00000041307536505707","0,00000001110427925892","0,00000231929616244189","0,00000461265259558856"
"-0,01904510826172306840","0,00000018333733995402","0,00000030003860027425","0,00000042441340310523","0,00000001396995352274","0,00000001095684744570","0,00000001882766263842","0,00000058795505869839","0,00000070953695870888","0,00000001165636263082","0,00000001610278979371","0,00000090694500116612","0,00000033576135478622","0,00000109083985260148","0,00000054354186194853","0,00000076898745351829","0,00000060860138108416","0,00000040986830869091","0,00000001110702104095","0,00000230610132332215","0,00000459822329776957"
"-0,01704118275964691680","0,00000018282610690355","0,00000029783207927132","0,00000042256736950637","0,00000001400322510510","0,00000001096603806367","0,00000001921091738560","0,00000058311538088408","0,00000070457553528255","0,00000001163543350883","0,00000001610148909001","0,00000089969452087414","0,00000033330357746318","0,00000108196292976657","0,00000054066512597209","0,00000076363630627746","0,00000060362373916560","0,00000040666913984436","0,00000001111309599772","0,00000229287328758042","0,00000458375598817499"
"-0,01503725725757076340","0,00000018230665067211","0,00000029562716568185","0,00000042071783507233","0,00000001403896177334","0,00000001097839750464","0,00000001958595580611","0,00000057827078271663","0,00000069961430386354","0,00000001161038875673","0,00000001610452868060","0,00000089243921399823","0,00000033083929467361","0,00000107309480617243","0,00000053780860718395","0,00000075830805642272","0,00000059868946418160","0,00000040347785851742","0,00000001112250412923","0,00000227961205521671","0,00000456925066680481"
"-0,01303333175549461000","0,00000018177897125970","0,00000029342385950583","0,00000041886479980310","0,00000001407716352747","0,00000001099392576862","0,00000001995277789994","0,00000057342126419603","0,00000069465326445183","0,00000001158122837452","0,00000001611190856550","0,00000088517908053839","0,00000032836850641751","0,00000106423548181905","0,00000053497230558411","0,00000075300270395408","0,00000059379855613215","0,00000040029446471010","0,00000001113524543547","0,00000226631762623101","0,00000455470733365905"
"-0,01102940625341845660","0,00000018124306866631","0,00000029122216074327","0,00000041700826369869","0,00000001411783036747","0,00000001101262285561","0,00000002031138366710","0,00000056856682532229","0,00000068969241704742","0,00000001154795236220","0,00000001612362874468","0,00000087791412049462","0,00000032589121269489","0,00000105538495670643","0,00000053215622117257","0,00000074772024887154","0,00000058895101501727","0,00000039711895842238","0,00000001115131991645","0,00000225299000062334","0,00000454012598873769"
"-0,00902548075134230500","0,00000018069894289195","0,00000028902206939416","0,00000041514822675909","0,00000001416096229336","0,00000001103448876560","0,00000002066177310759","0,00000056370746609540","0,00000068473176165033","0,00000001151056071978","0,00000001613968921816","0,00000087064433386691","0,00000032340741350574","0,00000104654323083457","0,00000052936035394934","0,00000074246069117509","0,00000058414684083694","0,00000039395133965427","0,00000001117072757216","0,00000223962917839368","0,00000452550663204075"
"-0,00702155524926615163","0,00000018014659393662","0,00000028682358545852","0,00000041328468898431","0,00000001420655930513","0,00000001105952349859","0,00000002100394622140","0,00000055884318651537","0,00000067977129826054","0,00000001146905344725","0,00000001616008998594","0,00000086336972065528","0,00000032091710885006","0,00000103771030420347","0,00000052658470391441","0,00000073722403086474","0,00000057938603359117","0,00000039079160840577","0,00000001119346840261","0,00000222623515954203","0,00000451084926356821"
"-0,00501762974718999826","0,00000017958602180031","0,00000028462670893632","0,00000041141765037435","0,00000001425462140278","0,00000001108772705459","0,00000002133790300855","0,00000055397398658219","0,00000067481102687806","0,00000001142343054461","0,00000001618483104801","0,00000085609028085971","0,00000031842029872787","0,00000102888617681313","0,00000052382927106778","0,00000073201026794048","0,00000057466859327996","0,00000038763976467688","0,00000001121954240780","0,00000221280794406840","0,00000449615388332008"
"-0,00301370424511384532","0,00000017901722648303","0,00000028243143982759","0,00000040954711092920","0,00000001430514858631","0,00000001111909943360","0,00000002166364346902","0,00000054909986629588","0,00000066985094750288","0,00000001137369201187","0,00000001621391240438","0,00000084880601448022","0,00000031591698313914","0,00000102007084866356","0,00000052109405540945","0,00000072681940240232","0,00000056999451990330","0,00000038449580846761","0,00000001124894958773","0,00000219934753197279","0,00000448142049129636"
"-0,00100977874303769216","0,00000017844020798477","0,00000028023777813231","0,00000040767307064886","0,00000001435814085572","0,00000001115364063561","0,00000002198116760282","0,00000054422082565641","0,00000066489106013502","0,00000001131983784902","0,00000001624733405505","0,00000084151692151679","0,00000031340716208389","0,00000101126431975474","0,00000051837905693943","0,00000072165143425026","0,00000056536381346120","0,00000038135973977794","0,00000001128168994239","0,00000218585392325520","0,00000446664908749705"
"0,00099414675903846078","0,00000017786518094911","0,00000027805327322518","0,00000040580277181247","0,00000001441069242336","0,00000001118819796251","0,00000002229174737290","0,00000053935169892992","0,00000065993450096047","0,00000001126556155210","0,00000001627990295217","0,00000083424532072864","0,00000031089959513012","0,00000100249328382869","0,00000051569143834446","0,00000071652332729140","0,00000056079143933197","0,00000037823245566302","0,00000001131515369539","0,00000217235076828578","0,00000445184977889463"
"0,00299807226111461394","0,00000017730236001959","0,00000027588547448088","0,00000040394345669914","0,00000001445989750158","0,00000001121961871618","0,00000002259665474224","0,00000053450732038251","0,00000065498440616525","0,00000001121455661716","0,00000001630642604793","0,00000082701353087496","0,00000030840304184584","0,00000099378443462739","0,00000051303836231131","0,00000071145204533283","0,00000055629236289391","0,00000037511485317797","0,00000001134673107031","0,00000215886171743469","0,00000443703267246156"
"0,00500199776319076688","0,00000017675174519623","0,00000027373438189942","0,00000040209512530889","0,00000001450575609037","0,00000001124790289662","0,00000002289588971082","0,00000052968769001419","0,00000065004077574936","0,00000001116682304421","0,00000001632690334232","0,00000081982155195576","0,00000030591750223104","0,00000098513777215084","0,00000051041982883999","0,00000070643758837455","0,00000055186658414701","0,00000037200693232281","0,00000001137642206715","0,00000214538677070192","0,00000442219776819785"
"0,00700592326526692025","0,00000017621333647901","0,00000027159999548080","0,00000040025777764169","0,00000001454826818974","0,00000001127305050384","0,00000002318945227865","0,00000052489280782496","0,00000064510360971279","0,00000001112236083324","0,00000001634133483534","0,00000081266938397104","0,00000030344297628572","0,00000097655329639905","0,00000050783583793048","0,00000070147995641658","0,00000054751410309128","0,00000036890869309752","0,00000001140422668593","0,00000213192592808748","0,00000440734506610350"
"0,00900984876734307362","0,00000017568713386795","0,00000026948231522502","0,00000039843141369757","0,00000001458743379969","0,00000001129506153782","0,00000002347734244573","0,00000052012267381482","0,00000064017290805556","0,00000001108116998424","0,00000001634972052700","0,00000080555702692079","0,00000030097946400989","0,00000096803100737201","0,00000050528638958279","0,00000069657914945890","0,00000054323491972672","0,00000036582013550212","0,00000001143014492662","0,00000211847918959137","0,00000439247456617851"
"0,01101377426941922530","0,00000017517313736304","0,00000026738134113207","0,00000039661603347651","0,00000001462325292022","0,00000001131393599858","0,00000002375956021206","0,00000051537728798376","0,00000063524867077765","0,00000001104325049723","0,00000001635206041729","0,00000079848448080502","0,00000029852696540355","0,00000095957090506972","0,00000050277148379693","0,00000069173516750151","0,00000053902903405333","0,00000036274125953659","0,00000001145417678925","0,00000210504655521358","0,00000437758626842289"
"0,01301769977149537860","0,00000017467134696427","0,00000026529707320196","0,00000039481163697853","0,00000001465572555132","0,00000001132967388611","0,00000002403610557764","0,00000051065665033179","0,00000063033089787908","0,00000001100860237220","0,00000001634835450620","0,00000079145174562373","0,00000029608548046668","0,00000095117298949219","0,00000050029112057288","0,00000068694801054442","0,00000053489644607110","0,00000035967206520094","0,00000001147632227380","0,00000209162802495412","0,00000436268017283662"
"0,01502162527357153200","0,00000017418176267166","0,00000026322951143469","0,00000039301822420360","0,00000001468485169300","0,00000001134227520041","0,00000002430697854246","0,00000050596076085891","0,00000062541958935983","0,00000001097722560914","0,00000001633860279375","0,00000078445882137691","0,00000029365500919931","0,00000094283726063941","0,00000049784529991065","0,00000068221767858763","0,00000053083715578005","0,00000035661255249517","0,00000001149658138027","0,00000207822359881299","0,00000434775627941970"
"0,01702555077564768540","0,00000017370438448520","0,00000026117865583025","0,00000039123579515175","0,00000001471063134525","0,00000001135173994148","0,00000002457217910653","0,00000050128961956511","0,00000062051474521991","0,00000001094912020807","0,00000001632280527994","0,00000077750570806457","0,00000029123555160141","0,00000093456371851138","0,00000049543402181024","0,00000067754417163113","0,00000052685116318016","0,00000035356272141928","0,00000001151495410867","0,00000206483327679018","0,00000433281458817215"
"0,01902947627772383700","0,00000017323921240489","0,00000025914450638865","0,00000038946434982296","0,00000001473306450808","0,00000001135806810933","0,00000002483170726985","0,00000049664322645040","0,00000061561636545932","0,00000001092428616898","0,00000001630096196475","0,00000077059240568671","0,00000028882710767300","0,00000092635236310811","0,00000049305728627165","0,00000067292748967493","0,00000052293846827144","0,00000035052257197327","0,00000001153144045900","0,00000205145705888571","0,00000431785509909396"
"0,02103340177979999210","0,00000017278624643073","0,00000025712706310989","0,00000038770388821724","0,00000001475215118149","0,00000001136125970395","0,00000002508556303242","0,00000049202158151478","0,00000061072445007806","0,00000001090272349187","0,00000001627307284820","0,00000076371891424332","0,00000028642967741408","0,00000091820319442959","0,00000049071509329488","0,00000066836763271902","0,00000051909907105389","0,00000034749210415714","0,00000001154604043125","0,00000203809494509956","0,00000430287781218513"
"0,02303732728187614380","0,00000017234548656272","0,00000025512632599396","0,00000038595441033459","0,00000001476789136548","0,00000001136131472534","0,00000002533374639424","0,00000048742468475824","0,00000060583899907612","0,00000001088443217674","0,00000001623913793028","0,00000075688523373441","0,00000028404326082464","0,00000091011621247583","0,00000048840744287993","0,00000066386460076341","0,00000051533297152751","0,00000034447131797089","0,00000001155875402543","0,00000202474693543173","0,00000428788272744565"
"0,02504125278395229540","0,00000017191693280086","0,00000025314229504087","0,00000038421591617501","0,00000001478028506004","0,00000001135823317350","0,00000002557625735531","0,00000048285253618080","0,00000060096001245352","0,00000001086941222359","0,00000001619915721099","0,00000075009136415998","0,00000028166785790468","0,00000090209141724682","0,00000048613433502680","0,00000065941839380810","0,00000051164016969230","0,00000034146021341452","0,00000001156958124154","0,00000201141302988224","0,00000427286984487554"
"0,02704517828602845050","0,00000017150058514515","0,00000025117497025062","0,00000038248840573849","0,00000001478933226518","0,00000001135201504843","0,00000002581309591562","0,00000047830513578243","0,00000059608749021024","0,00000001085766363242","0,00000001615313069033","0,00000074333730552003","0,00000027930346865421","0,00000089412880874257","0,00000048389576973549","0,00000065502901185308","0,00000050802066554825","0,00000033845879048802","0,00000001157852207957","0,00000199809322845107","0,00000425783916447479"
"0,02904910378810460210","0,00000017109644359560","0,00000024922435162320","0,00000038077187902504","0,00000001479503298089","0,00000001134266035013","0,00000002604426207518","0,00000047378248356316","0,00000059122143234630","0,00000001084918640324","0,00000001610105836830","0,00000073662305781455","0,00000027695009307323","0,00000088622838696306","0,00000048169174700600","0,00000065069645489835","0,00000050447445909538","0,00000033546704919141","0,00000001158557653952","0,00000198478753113823","0,00000424279068624339"
"0,03105302929018075730","0,00000017070450815219","0,00000024729043915862","0,00000037906633603465","0,00000001479738720719","0,00000001133016907861","0,00000002626975583399","0,00000046928457952297","0,00000058636183886168","0,00000001084398053603","0,00000001604294024491","0,00000072994862104354","0,00000027460773116172","0,00000087839015190832","0,00000047952226683833","0,00000064642072294393","0,00000050100155033367","0,00000033248498952467","0,00000001159074462140","0,00000197149593794371","0,00000422772441018135"
"0,03305695479225691240","0,00000017032477881493","0,00000024537323285688","0,00000037737177676734","0,00000001479639494405","0,00000001131454123386","0,00000002648957719205","0,00000046481142366187","0,00000058150870975639","0,00000001084204603080","0,00000001597877632015","0,00000072331399520702","0,00000027227638291971","0,00000087061410357832","0,00000047738732923248","0,00000064220181598980","0,00000049760193926313","0,00000032951261148781","0,00000001159402632521","0,00000195821844886753","0,00000421264033628868"
"0,03506088029433306050","0,00000016995725558383","0,00000024347273271797","0,00000037568820122309","0,00000001479205619150","0,00000001129577681588","0,00000002670372614935","0,00000046036301597986","0,00000057666204503043","0,00000001084338288756","0,00000001590856659402","0,00000071671918030497","0,00000026995604834717","0,00000086290024197308","0,00000047528693418845","0,00000063803973403596","0,00000049427562588376","0,00000032654991508084","0,00000001159542165094","0,00000194495506390966","0,00000419753846456536"
"0,03706480579640921560","0,00000016960193845887","0,00000024158893874191","0,00000037401560940191","0,00000001478437094952","0,00000001127387582467","0,00000002691220270591","0,00000045593935647693","0,00000057182184468380","0,00000001084799110629","0,00000001583231106652","0,00000071016417633740","0,00000026764672744412","0,00000085524856709259","0,00000047322108170624","0,00000063393447708242","0,00000049102261019556","0,00000032359690030374","0,00000001159493059860","0,00000193170578307013","0,00000418241879501140"
"0,03906873129848537070","0,00000016925882744007","0,00000023972185092867","0,00000037235400130380","0,00000001477333921812","0,00000001124883826023","0,00000002711500686171","0,00000045154044515309","0,00000056698810871650","0,00000001085587068701","0,00000001575000973765","0,00000070364898330430","0,00000026534842021056","0,00000084765907893686","0,00000047118977178584","0,00000062988604512918","0,00000048784289219852","0,00000032065356715652","0,00000001159255316819","0,00000191847060634893","0,00000416728132762680"
"0,04107265680056151890","0,00000016892792252742","0,00000023787146927828","0,00000037070337692875","0,00000001475896099730","0,00000001122066412257","0,00000002731213861676","0,00000044716628200834","0,00000056216083712852","0,00000001086702162970","0,00000001566166260742","0,00000069717360120568","0,00000026306112664648","0,00000084013177750588","0,00000046919300442727","0,00000062589443817624","0,00000048473647189265","0,00000031771991563918","0,00000001158828935970","0,00000190524953374605","0,00000415212606241156"
"0,04307658230263767400","0,00000016860922372092","0,00000023603779379072","0,00000036906373627677","0,00000001474123628705","0,00000001118935341167","0,00000002750359797106","0,00000044281686704268","0,00000055734002991988","0,00000001088144393438","0,00000001556726967581","0,00000069073803004154","0,00000026078484675189","0,00000083266666279966","0,00000046723077963052","0,00000062195965622358","0,00000048170334927796","0,00000031479594575172","0,00000001158213917314","0,00000189204256526149","0,00000413695299936568"
"0,04508050780471382910","0,00000016830273102056","0,00000023422082446600","0,00000036743507934786","0,00000001472016508738","0,00000001115490612755","0,00000002768938492461","0,00000043849220025610","0,00000055252568709056","0,00000001089913760103","0,00000001546683094284","0,00000068434226981188","0,00000025851958052677","0,00000082526373481819","0,00000046530309739558","0,00000061808169927123","0,00000047874352435443","0,00000031188165749413","0,00000001157410260850","0,00000187884970089527","0,00000412176213848916"
"0,04708443330678997730","0,00000016800844442636","0,00000023242056130412","0,00000036581740614201","0,00000001469574739828","0,00000001111732227020","0,00000002786949947740","0,00000043419228164861","0,00000054771780864057","0,00000001092010262967","0,00000001536034640850","0,00000067798632051669","0,00000025626532797115","0,00000081792299356147","0,00000046340995772247","0,00000061426056731917","0,00000047585699712207","0,00000030897705086643","0,00000001156417966579","0,00000186567094064737","0,00000410655347978200"
"0,04908835880886613240","0,00000016772636393831","0,00000023063700430507","0,00000036421071665924","0,00000001466798321977","0,00000001107660183962","0,00000002804394162945","0,00000042991711122020","0,00000054291639456991","0,00000001094433902029","0,00000001524781607280","0,00000067167018215598","0,00000025402208908501","0,00000081064443902951","0,00000046155136061117","0,00000061049626036741","0,00000047304376758087","0,00000030608212586861","0,00000001155237034500","0,00000185250628451780","0,00000409132702324419"
"0,05109228431094228750","0,00000016744921708306","0,00000022887046580563","0,00000036262005183407","0,00000001463959184503","0,00000001103593960122","0,00000002821313532590","0,00000042568008824469","0,00000053813647088775","0,00000001096981656967","0,00000001513598053023","0,00000066543828340574","0,00000025179584668066","0,00000080346214461530","0,00000045974094589509","0,00000060682707852065","0,00000047032184799173","0,00000030321569505799","0,00000001154008765792","0,00000183941426292570","0,00000407612635352907"
"0,05309620981301843570","0,00000016716973138725","0,00000022712125814256","0,00000036105045260105","0,00000001461329256728","0,00000001099853032039","0,00000002837750451192","0,00000042149461199588","0,00000053339306360327","0,00000001099450507461","0,00000001503158037529","0,00000065933505294195","0,00000024959258357041","0,00000079641018371186","0,00000045799235340761","0,00000060329132188362","0,00000046770925061553","0,00000030039657099189","0,00000001152874461632","0,00000182645340629022","0,00000406099505528994"
"0,05510013531509459080","0,00000016688790685089","0,00000022538938131587","0,00000035950191896018","0,00000001458908538652","0,00000001096437399714","0,00000002853704918751","0,00000041736068247375","0,00000052868617271646","0,00000001101840453509","0,00000001493461560799","0,00000065336049076463","0,00000024741229975427","0,00000078948855631917","0,00000045630558314873","0,00000059988899045631","0,00000046520597545227","0,00000029762475367032","0,00000001151834122020","0,00000181362371461135","0,00000404593312852681"
"0,05710406081717074590","0,00000016660374347397","0,00000022367483532555","0,00000035797445091147","0,00000001456697030274","0,00000001093347063146","0,00000002869176935267","0,00000041327829967833","0,00000052401579822732","0,00000001104151495112","0,00000001484508622832","0,00000064751459687377","0,00000024525499523223","0,00000078269726243725","0,00000045468063511846","0,00000059662008423871","0,00000046281202250195","0,00000029490024309328","0,00000001150887746956","0,00000180092518788909","0,00000403094057323967"
"0,05910798631924690100","0,00000016631724125649","0,00000022197762017161","0,00000035646804845490","0,00000001454694731595","0,00000001090582022335","0,00000002884166500740","0,00000040924746360960","0,00000051938194013585","0,00000001106383632270","0,00000001476299223630","0,00000064179737126937","0,00000024312067000429","0,00000077603630206609","0,00000045311750931678","0,00000059348460323084","0,00000046052739176457","0,00000029222303926077","0,00000001150035336440","0,00000178835782612345","0,00000401601738942853"
"0,06111191182132304920","0,00000016602840019846","0,00000022029773585404","0,00000035498271159048","0,00000001452901642614","0,00000001088142277282","0,00000002898673615170","0,00000040526817426757","0,00000051478459844206","0,00000001108536864984","0,00000001468833363190","0,00000063620881395144","0,00000024100932407046","0,00000076950567520570","0,00000045161620574371","0,00000059048254743269","0,00000045835208324013","0,00000028959314217278","0,00000001149276890473","0,00000177592162931443","0,00000400116357709338"
"0,06311583732339920430","0,00000016573722029988","0,00000021863518237285","0,00000035351844031822","0,00000001451317763332","0,00000001086027827987","0,00000002912698278557","0,00000040134043165223","0,00000051022377314594","0,00000001110611193252","0,00000001462111041515","0,00000063074892491996","0,00000023892095743072","0,00000076310538185606","0,00000045017672439925","0,00000058761391684426","0,00000045628609692863","0,00000028701055182932","0,00000001148612409053","0,00000176361659746202","0,00000398637913623423"
"0,06511976282547535240","0,00000016544370156073","0,00000021698995972803","0,00000035207523463810","0,00000001449943093749","0,00000001084238674449","0,00000002926240490901","0,00000039746423576359","0,00000050569946424749","0,00000001112606617075","0,00000001456132258603","0,00000062541770417494","0,00000023685557008509","0,00000075683542201719","0,00000044879906528338","0,00000058487871146555","0,00000045432943283006","0,00000028447526823039","0,00000001148041892182","0,00000175144273056622","0,00000397166406685107"
"0,06712368832755151450","0,00000016514784398104","0,00000021536206791959","0,00000035065309455014","0,00000001448777633864","0,00000001082774816668","0,00000002939300252202","0,00000039363958660165","0,00000050121167174671","0,00000001114523136453","0,00000001450897014454","0,00000062021515171639","0,00000023481316203356","0,00000075069579568908","0,00000044748322839612","0,00000058227693129656","0,00000045248209094444","0,00000028198729137598","0,00000001147565339859","0,00000173940002862704","0,00000395701836894391"
"0,06912761382962766270","0,00000016484964756079","0,00000021375150694752","0,00000034925202005432","0,00000001447821383678","0,00000001081636254646","0,00000002951877562459","0,00000038986648416640","0,00000049676039564361","0,00000001116360751386","0,00000001446405309070","0,00000061514126754430","0,00000023279373327614","0,00000074468650287173","0,00000044622921373746","0,00000057980857633729","0,00000045074407127176","0,00000027954662126610","0,00000001147182752084","0,00000172748849164448","0,00000394244204251275"
"0,07113153933170381080","0,00000016454911229998","0,00000021215827681183","0,00000034787201115066","0,00000001447074343190","0,00000001080822988380","0,00000002963972421674","0,00000038614492845785","0,00000049234563593818","0,00000001118119461874","0,00000001442657142448","0,00000061019605165866","0,00000023079728381282","0,00000073880754356514","0,00000044503702130740","0,00000057747364658775","0,00000044911537381201","0,00000027715325790074","0,00000001146894128857","0,00000171570811961853","0,00000392793508755758"
"0,07313546483377997290","0,00000016424623819861","0,00000021058237751251","0,00000034651306783914","0,00000001446536512401","0,00000001080335017872","0,00000002975584829846","0,00000038247491947599","0,00000048796739263043","0,00000001119799267917","0,00000001439652514591","0,00000060537950405949","0,00000022882381364360","0,00000073305891776931","0,00000044390665110595","0,00000057527214204792","0,00000044759599856521","0,00000027480720127992","0,00000001146699470178","0,00000170405891254919","0,00000391349750407841"
"0,07513939033585612100","0,00000016394102525670","0,00000020902380904957","0,00000034517519011978","0,00000001446207891311","0,00000001080172343122","0,00000002986714786974","0,00000037885645722083","0,00000048362566572034","0,00000001121400169515","0,00000001437391425497","0,00000060069162474678","0,00000022687332276848","0,00000072744062548425","0,00000044283810313310","0,00000057320406271781","0,00000044618594553134","0,00000027250845140361","0,00000001146598776048","0,00000169254087043647","0,00000389912929207523"
"0,07714331583793226920","0,00000016363347347422","0,00000020748257142300","0,00000034385837799257","0,00000001446088479919","0,00000001080334964129","0,00000002997362293060","0,00000037528954169237","0,00000047932045520793","0,00000001122922166668","0,00000001435873875167","0,00000059613241372053","0,00000022494581118746","0,00000072195266670995","0,00000044183137738885","0,00000057126940859743","0,00000044488521471042","0,00000027025700827184","0,00000001146592046465","0,00000168115399328037","0,00000388483045154805"
"0,07914724134000843130","0,00000016332358285119","0,00000020595866463281","0,00000034256263145750","0,00000001446178278226","0,00000001080822880893","0,00000003007527348102","0,00000037177417289060","0,00000047505176109320","0,00000001124365259376","0,00000001435099863600","0,00000059170187098074","0,00000022304127890055","0,00000071659504144641","0,00000044088647387321","0,00000056946817968676","0,00000044369380610243","0,00000026805287188459","0,00000001146679281431","0,00000166989828108088","0,00000387060098249686"
"0,08115116684208457940","0,00000016301135338761","0,00000020445208867899","0,00000034128795051459","0,00000001446477286232","0,00000001081636093415","0,00000003017209952102","0,00000036831035081552","0,00000047081958337613","0,00000001125729447639","0,00000001435069390797","0,00000058739999652742","0,00000022115972590774","0,00000071136774969363","0,00000044000339258616","0,00000056780037598582","0,00000044261171970738","0,00000026589604224187","0,00000001146860480945","0,00000165877373383800","0,00000385644088492167"
"0,08315509234416072760","0,00000016269678508346","0,00000020296284356154","0,00000034003433516383","0,00000001446985503936","0,00000001082774601695","0,00000003026410105058","0,00000036489807546715","0,00000046662392205674","0,00000001127014731457","0,00000001435782456757","0,00000058322679036055","0,00000021930115220903","0,00000070627079145161","0,00000043918213352772","0,00000056626599749459","0,00000044163895552527","0,00000026378651934368","0,00000001147135645007","0,00000164778035155174","0,00000384235015882248"
"0,08515901784623688960","0,00000016237987793877","0,00000020149092928048","0,00000033880178540522","0,00000001447702931338","0,00000001084238405732","0,00000003035127806972","0,00000036153734684547","0,00000046246477713502","0,00000001128221110830","0,00000001437239061481","0,00000057918225248014","0,00000021746555780443","0,00000070130416672035","0,00000043842269669789","0,00000056486504421309","0,00000044077551355611","0,00000026172430319001","0,00000001147504773617","0,00000163691813422210","0,00000382832880419928"
"0,08716294334831303780","0,00000016206063195352","0,00000020003634583578","0,00000033759030123876","0,00000001448629568440","0,00000001086027505527","0,00000003043363057842","0,00000035822816495048","0,00000045834214861098","0,00000001129348585758","0,00000001439439204969","0,00000057526638288620","0,00000021565294269393","0,00000069646787549986","0,00000043772508209665","0,00000056359751614131","0,00000044002139379988","0,00000025970939378087","0,00000001147967866775","0,00000162618708184907","0,00000381437682105207"
"0,08916686885038919990","0,00000016173904712771","0,00000019859909322746","0,00000033639988266445","0,00000001449765415240","0,00000001088141901079","0,00000003051115857669","0,00000035497052978219","0,00000045425603648461","0,00000001130397156241","0,00000001442382887220","0,00000057147918157872","0,00000021386330687753","0,00000069176191779013","0,00000043708928972402","0,00000056246341327925","0,00000043937659625659","0,00000025774179111626","0,00000001148524924481","0,00000161558719443265","0,00000380049420938086"
"0,09117079435246534800","0,00000016141512346135","0,00000019717917145552","0,00000033523052968228","0,00000001451110471738","0,00000001090581592388","0,00000003058386206453","0,00000035176444134060","0,00000045020644075591","0,00000001131366822278","0,00000001446070108235","0,00000056782064855769","0,00000021209665035523","0,00000068718629359116","0,00000043651531957999","0,00000056146273562691","0,00000043884112092624","0,00000025582149519617","0,00000001149175946736","0,00000160511847197285","0,00000378668096918565"
"0,09317471985454149620","0,00000016108886095443","0,00000019577658051995","0,00000033408224229227","0,00000001452664737935","0,00000001093346579455","0,00000003065174104194","0,00000034860989962570","0,00000044619336142488","0,00000001132257583871","0,00000001450500868014","0,00000056429078382313","0,00000021035297312704","0,00000068274100290295","0,00000043600317166457","0,00000056059548318429","0,00000043841496780883","0,00000025394850602061","0,00000001149920933538","0,00000159478091446966","0,00000377293710046643"
"0,09517864535661765820","0,00000016076025960695","0,00000019439132042075","0,00000033295502049441","0,00000001454428213831","0,00000001096436862280","0,00000003071479550892","0,00000034550690463750","0,00000044221679849153","0,00000001133069441019","0,00000001455675166556","0,00000056088958737503","0,00000020863227519294","0,00000067842604572550","0,00000043555284597774","0,00000055986165595139","0,00000043809813690436","0,00000025212282358957","0,00000001150759884889","0,00000158457452192309","0,00000375926260322321"
"0,09718257085869380640","0,00000016042931941892","0,00000019302339115793","0,00000033184886428871","0,00000001456400899426","0,00000001099852440862","0,00000003077302546547","0,00000034245545637600","0,00000043827675195585","0,00000001133802393722","0,00000001461593003862","0,00000055761705921339","0,00000020693455655295","0,00000067424142205882","0,00000043516434251952","0,00000055926125392821","0,00000043789062821282","0,00000025034444790306","0,00000001151692800788","0,00000157449929433314","0,00000374565747745599"
"0,09918649636076995460","0,00000016009604039034","0,00000019167279273149","0,00000033076377367515","0,00000001458582794718","0,00000001103593315201","0,00000003082643091159","0,00000033945555484119","0,00000043437322181784","0,00000001134456441979","0,00000001468254379931","0,00000055447319933821","0,00000020525981720707","0,00000067018713190290","0,00000043483766128990","0,00000055879427711475","0,00000043779244173423","0,00000024861337896108","0,00000001152719681235","0,00000156455523169980","0,00000373212172316476"
"0,10119042186284611700","0,00000015978499292191","0,00000019035855754548","0,00000032969628721830","0,00000001460793320895","0,00000001107334955558","0,00000003088163424122","0,00000033654033112917","0,00000043052830174440","0,00000001135028853855","0,00000001474974269365","0,00000055149054085579","0,00000020361936828593","0,00000066631713965339","0,00000043459260402568","0,00000055846159758317","0,00000043781203486172","0,00000024694338356965","0,00000001153727785618","0,00000155479799456970","0,00000371871898431520"
"0,10319434736492226500","0,00000015952074741434","0,00000018909971800396","0,00000032864294348274","0,00000001462851899139","0,00000001110752832192","0,00000003094525784830","0,00000033374291633602","0,00000042676408540241","0,00000001135516897411","0,00000001481067646764","0,00000054870161687243","0,00000020202452092020","0,00000066268540970593","0,00000043444897246365","0,00000055826408740561","0,00000043795786498843","0,00000024534822853479","0,00000001154604373326","0,00000154528324348949","0,00000370551290487301"
"0,10519827286699841300","0,00000015930330386763","0,00000018789627410692","0,00000032760374246846","0,00000001464758529451","0,00000001113846945102","0,00000003101730173282","0,00000033106331046176","0,00000042308057279189","0,00000001135920572647","0,00000001486534512128","0,00000054610642738813","0,00000020047527510987","0,00000065929194206055","0,00000043440676660381","0,00000055820174658208","0,00000043822993211435","0,00000024382791385649","0,00000001155349444358","0,00000153601097845915","0,00000369250348483816"
"0,10720219836907457500","0,00000015913266228179","0,00000018674822585438","0,00000032657868417545","0,00000001466513211831","0,00000001116617294289","0,00000003109776589479","0,00000032850151350637","0,00000041947776391283","0,00000001136239879565","0,00000001491374865458","0,00000054370497240288","0,00000019897163085494","0,00000065613673671722","0,00000043446598644617","0,00000055827457511257","0,00000043862823623950","0,00000024238243953477","0,00000001155962998714","0,00000152698119947870","0,00000367969072421068"
"0,10920612387115072300","0,00000015900882265682","0,00000018565557324633","0,00000032556776860373","0,00000001468115946280","0,00000001119063879752","0,00000003118665033420","0,00000032605752546986","0,00000041595565876522","0,00000001136474818162","0,00000001495588706753","0,00000054149725191669","0,00000019751358815542","0,00000065321979367595","0,00000043462663199071","0,00000055848257299709","0,00000043915277736386","0,00000024101180556961","0,00000001156445036395","0,00000151819390654812","0,00000366707462299055"
"0,11121004937322687100","0,00000015893178499270","0,00000018461831628276","0,00000032457099575329","0,00000001469566732796","0,00000001121186701493","0,00000003128395505106","0,00000032373134635223","0,00000041251425734908","0,00000001136625388440","0,00000001499176036013","0,00000053948326592956","0,00000019610114701130","0,00000065054111293674","0,00000043488870323745","0,00000055882574023564","0,00000043980355548745","0,00000023971601196103","0,00000001156795557401","0,00000150964909966743","0,00000365465518117778"
"0,11321397487530303300","0,00000015890154928945","0,00000018363645496369","0,00000032358836562412","0,00000001470865571380","0,00000001122985759510","0,00000003138968004537","0,00000032152297615347","0,00000040915355966439","0,00000001136691590399","0,00000001502136853239","0,00000053766301444148","0,00000019473430742258","0,00000064810069449959","0,00000043525220018637","0,00000055930407682822","0,00000044058057061025","0,00000023849505870901","0,00000001157014561730","0,00000150134677883661","0,00000364243239877236"
"0,11521790037737918200","0,00000015891811554706","0,00000018270998928910","0,00000032261987821624","0,00000001472012462032","0,00000001124461053804","0,00000003150382531713","0,00000031943241487360","0,00000040587356571116","0,00000001136673424038","0,00000001504471158430","0,00000053603649745247","0,00000019341306938926","0,00000064589853836451","0,00000043571712283749","0,00000055991758277482","0,00000044148382273227","0,00000023734894581357","0,00000001157102049384","0,00000149328694405568","0,00000363040627577430"
"0,11722182587945533000","0,00000015898148376554","0,00000018183891925901","0,00000032166553352964","0,00000001473007404753","0,00000001125612584375","0,00000003162639086633","0,00000031745966251260","0,00000040267427548939","0,00000001136570889358","0,00000001506178951586","0,00000053460371496250","0,00000019213743291134","0,00000064393464453148","0,00000043628347119080","0,00000056066625807544","0,00000044251331185352","0,00000023627767327469","0,00000001157058020363","0,00000148546959532462","0,00000361857681218359"
"0,11922575138153149200","0,00000015909165394488","0,00000018102324487341","0,00000032072533156432","0,00000001473850399541","0,00000001126440351222","0,00000003175737669298","0,00000031560471907048","0,00000039955568899909","0,00000001136383986358","0,00000001507260232707","0,00000053336466697160","0,00000019090739798883","0,00000064220901300052","0,00000043695124524630","0,00000056155010273010","0,00000044366903797398","0,00000023528124109238","0,00000001156882474666","0,00000147789473264344","0,00000360694400800024"
"0,12122967688360764000","0,00000015924862608508","0,00000018026296613229","0,00000031979927232027","0,00000001474541446397","0,00000001126944354347","0,00000003189678279707","0,00000031386758454723","0,00000039651780624024","0,00000001136112715039","0,00000001507715001794","0,00000053231935347976","0,00000018972296462172","0,00000064072164377162","0,00000043772044500399","0,00000056256911673878","0,00000044495100109366","0,00000023435964926664","0,00000001156575412293","0,00000147056235601214","0,00000359550786322425"
"0,12323360238568378800","0,00000015945240018614","0,00000017955808303567","0,00000031888735579751","0,00000001475080545321","0,00000001127124593748","0,00000003204460917861","0,00000031224825894287","0,00000039356062721284","0,00000001135757075400","0,00000001507543258846","0,00000053146777448697","0,00000018858413281001","0,00000063947253684478","0,00000043859107046388","0,00000056372330010148","0,00000044635920121256","0,00000023351289779747","0,00000001156136833245","0,00000146347246543072","0,00000358426837785562"
"0,12523752788775993600","0,00000015970297624807","0,00000017890859558353","0,00000031798958199603","0,00000001475467696313","0,00000001126981069425","0,00000003220085583760","0,00000031074674225738","0,00000039068415191691","0,00000001135317067442","0,00000001506745003863","0,00000053080992999324","0,00000018749090255370","0,00000063846169222000","0,00000043956312162595","0,00000056501265281822","0,00000044789363833068","0,00000023274098668487","0,00000001155566737521","0,00000145662506089918","0,00000357322555189434"
"0,12724145338983611200","0,00000016000035427087","0,00000017831450377588","0,00000031710595091583","0,00000001475702899373","0,00000001126513781380","0,00000003236552277404","0,00000030936303449077","0,00000038788838035244","0,00000001134792691165","0,00000001505320236845","0,00000053034581999856","0,00000018644327385280","0,00000063768910989727","0,00000044063659849022","0,00000056643717488897","0,00000044955431244802","0,00000023204391592884","0,00000001154865125122","0,00000145002014241752","0,00000356237938534041"
"0,12924537889191226000","0,00000016034453425452","0,00000017777580761273","0,00000031623646255691","0,00000001475786154502","0,00000001125722729611","0,00000003253860998792","0,00000030809713564304","0,00000038517331251943","0,00000001134183946568","0,00000001503268957793","0,00000053007544450295","0,00000018544124670729","0,00000063715478987662","0,00000044181150105667","0,00000056799686631376","0,00000045134122356457","0,00000023142168552938","0,00000001154031996047","0,00000144365770998574","0,00000355172987819384"
"0,13124930439398840900","0,00000016073551619904","0,00000017729250709406","0,00000031538111691927","0,00000001475717461698","0,00000001124607914119","0,00000003272011747925","0,00000030694904571419","0,00000038253894841787","0,00000001133490833651","0,00000001500591166706","0,00000052999880350639","0,00000018448482111720","0,00000063685873215802","0,00000044308782932532","0,00000056969172709257","0,00000045325437168035","0,00000023087429548649","0,00000001153067350296","0,00000143753776360384","0,00000354127703045463"
"0,13325322989606455700","0,00000016117330010442","0,00000017686460221989","0,00000031453991400291","0,00000001475496820962","0,00000001123169334904","0,00000003291004524802","0,00000030591876470421","0,00000037998528804778","0,00000001132713352415","0,00000001497286863584","0,00000053011589700889","0,00000018357399708250","0,00000063680093674148","0,00000044446558329616","0,00000057152175722541","0,00000045529375679535","0,00000023040174580017","0,00000001151971187870","0,00000143166030327182","0,00000353102084212278"
"0,13525715539814070500","0,00000016165788597067","0,00000017649209299020","0,00000031371285380783","0,00000001475124232294","0,00000001121406991966","0,00000003310839329425","0,00000030500629261311","0,00000037751233140914","0,00000001131851502860","0,00000001493356048428","0,00000053042672501045","0,00000018270877460320","0,00000063698140362700","0,00000044594476296919","0,00000057348695671227","0,00000045745937890957","0,00000023000403647041","0,00000001150743508768","0,00000142602532898968","0,00000352096131319828"
"0,13726108090021685300","0,00000016218927379778","0,00000017617497940500","0,00000031289993633403","0,00000001474599695694","0,00000001119320885304","0,00000003331516161792","0,00000030421162944089","0,00000037512007850197","0,00000001130905284985","0,00000001488798721237","0,00000053093128751106","0,00000018188915367931","0,00000063740013281459","0,00000044752536834442","0,00000057558732555316","0,00000045975123802300","0,00000022968116749723","0,00000001149384312991","0,00000142063284075742","0,00000351109844368113"
"0,13926500640229302900","0,00000016276746358575","0,00000017591326146430","0,00000031210116158151","0,00000001473923211162","0,00000001116911014919","0,00000003353035021903","0,00000030353477518755","0,00000037280852932625","0,00000001129874698791","0,00000001483614882011","0,00000053162958451073","0,00000018111513431082","0,00000063805712430423","0,00000044920739942183","0,00000057782286374808","0,00000046216933413566","0,00000022943313888062","0,00000001147893600538","0,00000141548283857504","0,00000350143223357135"
"0,14126893190436917700","0,00000016339245533458","0,00000017570693916808","0,00000031131652955027","0,00000001473094778698","0,00000001114177380811","0,00000003375395909759","0,00000030297572985308","0,00000037057768388199","0,00000001128759744277","0,00000001477804530751","0,00000053252161600946","0,00000018038671649773","0,00000063895237809594","0,00000045099085620143","0,00000058019357129703","0,00000046471366724753","0,00000022925995062057","0,00000001146271371409","0,00000141057532244253","0,00000349196268286892"
"0,14327285740644532500","0,00000016406424904428","0,00000017555601251635","0,00000031054604024031","0,00000001472114398303","0,00000001111119982979","0,00000003398598825360","0,00000030253449343750","0,00000036842754216919","0,00000001127560421444","0,00000001471367667455","0,00000053360738200725","0,00000017970390024005","0,00000064008589418970","0,00000045287573868323","0,00000058269944820000","0,00000046738423735862","0,00000022916160271710","0,00000001144517625605","0,00000140591029235991","0,00000348268979157384"
"0,14527678290852147300","0,00000016478284471484","0,00000017546048150911","0,00000030978969365163","0,00000001470982069975","0,00000001107738821425","0,00000003422643768706","0,00000030221106594079","0,00000036635810418785","0,00000001126276730291","0,00000001464304292125","0,00000053488688250409","0,00000017906668553776","0,00000064145767258553","0,00000045486204686722","0,00000058534049445699","0,00000047018104446894","0,00000022913809517019","0,00000001142632363126","0,00000140148774832716","0,00000347361355968612"
"0,14728070841059762200","0,00000016554824234627","0,00000017542034614637","0,00000030904748978423","0,00000001469697793715","0,00000001104033896147","0,00000003447530739796","0,00000030200544736296","0,00000036436936993797","0,00000001124908670819","0,00000001456614404761","0,00000053636011749999","0,00000017847507239088","0,00000064306771328342","0,00000045694978075340","0,00000058811671006802","0,00000047310408857847","0,00000022918942797986","0,00000001140615583970","0,00000139730769034430","0,00000346473398720576"
"0,14928463391267377000","0,00000016636044193856","0,00000017543560642811","0,00000030831942863811","0,00000001468261569523","0,00000001100005207146","0,00000003473259738631","0,00000030191763770400","0,00000036246133941955","0,00000001123456243027","0,00000001448298005361","0,00000053802708699495","0,00000017792906079940","0,00000064491601628337","0,00000045913894034177","0,00000059102809503306","0,00000047615336968722","0,00000022931560114609","0,00000001138467288139","0,00000139337011841132","0,00000345605107413276"
"0,15128855941474994600","0,00000016720184426724","0,00000017550765986079","0,00000030759871490850","0,00000001466880170540","0,00000001095959831305","0,00000003498893277351","0,00000030195368264739","0,00000036066296666341","0,00000001122002292813","0,00000001440047590584","0,00000053988911159232","0,00000017743248126651","0,00000064700228221717","0,00000046142577131882","0,00000059406571675850","0,00000047933948096045","0,00000022951801334339","0,00000001136288623887","0,00000138970927617116","0,00000344758782332694"
"0,15329248491682609400","0,00000016805485010784","0,00000017563790395086","0,00000030687855329065","0,00000001465760369906","0,00000001092204845509","0,00000003523493868098","0,00000030211962787658","0,00000035900320570037","0,00000001120629666075","0,00000001432555657087","0,00000054194751189549","0,00000017698916429541","0,00000064932621171662","0,00000046380651937104","0,00000059722064265067","0,00000048267301556341","0,00000022979806324624","0,00000001134180739466","0,00000138635940726679","0,00000343936723764817"
"0,15529641041890224200","0,00000016891945946036","0,00000017582633869833","0,00000030615894378454","0,00000001464902167622","0,00000001088740249758","0,00000003547061510870","0,00000030241547339158","0,00000035748205653043","0,00000001119338362813","0,00000001425822204870","0,00000054420228790443","0,00000017659910988608","0,00000065188780478172","0,00000046628118449844","0,00000060049287270959","0,00000048615397349611","0,00000023015575085465","0,00000001132143634877","0,00000138332051169820","0,00000343138931709642"
"0,15730033592097839000","0,00000016979567232479","0,00000017607296410319","0,00000030543988639018","0,00000001464305563687","0,00000001085566044051","0,00000003569596205667","0,00000030284121919238","0,00000035609951915359","0,00000001118128383026","0,00000001419847233933","0,00000054665343961915","0,00000017626231803853","0,00000065468706141247","0,00000046884976670101","0,00000060388240693525","0,00000048978235475854","0,00000023059107616863","0,00000001130177310119","0,00000138059258946540","0,00000342365406167171"
"0,15930426142305453800","0,00000017068348870115","0,00000017637778016545","0,00000030472138110756","0,00000001463970558102","0,00000001082682228388","0,00000003591097952491","0,00000030339686527898","0,00000035485559356985","0,00000001116999726715","0,00000001414630744275","0,00000054930096703966","0,00000017597878875276","0,00000065772398160887","0,00000047151226597875","0,00000060738924532765","0,00000049355815935071","0,00000023110403918816","0,00000001128281765194","0,00000137817564056837","0,00000341616147137403"
"0,16130818692513071400","0,00000017158290858943","0,00000017674078688509","0,00000030400342793670","0,00000001463897150866","0,00000001080088802770","0,00000003611566751341","0,00000030408241165138","0,00000035375027977921","0,00000001115952393880","0,00000001410172735897","0,00000055214487016595","0,00000017574852202878","0,00000066099856537091","0,00000047426868233167","0,00000061101338788679","0,00000049748138727261","0,00000023169463991325","0,00000001126457000101","0,00000137606966500713","0,00000340891154620338"
"0,16331211242720686200","0,00000017249393198962","0,00000017716198426213","0,00000030328602687758","0,00000001464085341980","0,00000001077785767196","0,00000003631002602216","0,00000030489785830959","0,00000035278357778168","0,00000001114986384520","0,00000001406473208799","0,00000055518514899802","0,00000017557151786657","0,00000066451081269860","0,00000047711901575976","0,00000061475483461267","0,00000050155203852425","0,00000023236287834390","0,00000001124703014839","0,00000137427466278168","0,00000340190428615977"
"0,16531603792928301100","0,00000017341655890174","0,00000017764137229656","0,00000030256917793021","0,00000001464535131443","0,00000001075773121667","0,00000003649405505118","0,00000030584320525361","0,00000035195548757724","0,00000001114101698635","0,00000001403532162981","0,00000055842180353587","0,00000017544777626614","0,00000066826072359194","0,00000048006326626301","0,00000061861358550530","0,00000050577011310562","0,00000023310875448010","0,00000001123019809409","0,00000137279063389200","0,00000339513969124319"
"0,16731996343135915900","0,00000017435078932578","0,00000017817895098838","0,00000030185288109459","0,00000001465246519255","0,00000001074050866183","0,00000003666775460045","0,00000030691845248342","0,00000035126600916591","0,00000001113298336227","0,00000001401349598443","0,00000056185483377951","0,00000017537729722749","0,00000067224829805092","0,00000048310143384145","0,00000062258964056466","0,00000051013561101673","0,00000023393226832187","0,00000001121407383811","0,00000137161757833811","0,00000338861776145364"
"0,16932388893343530700","0,00000017529662326173","0,00000017877472033760","0,00000030113713637072","0,00000001466219505418","0,00000001072619000743","0,00000003683112466998","0,00000030812359999904","0,00000035071514254768","0,00000001112576297294","0,00000001399925515184","0,00000056548423972892","0,00000017536008075063","0,00000067647353607556","0,00000048623351849505","0,00000062668299979077","0,00000051464853225757","0,00000023483341986919","0,00000001119865738045","0,00000137075549612000","0,00000338233849679112"
"0,17132781443551145500","0,00000017625406070960","0,00000017942868034421","0,00000030042194375859","0,00000001467454089929","0,00000001071477525347","0,00000003698416525977","0,00000030945864780046","0,00000035030288772255","0,00000001111935581836","0,00000001399259913205","0,00000056931002138412","0,00000017539612683554","0,00000068093643766584","0,00000048945952022383","0,00000063089366318362","0,00000051930887682815","0,00000023581220912207","0,00000001118394872111","0,00000137020438723767","0,00000337630189725564"
"0,17333173993758763100","0,00000017722310166940","0,00000018014083100821","0,00000029970730325821","0,00000001468950272790","0,00000001070626439996","0,00000003712687636982","0,00000031092359588769","0,00000035002924469051","0,00000001111376189855","0,00000001399352792506","0,00000057333217874511","0,00000017548543548223","0,00000068563700282177","0,00000049277943902778","0,00000063522163074321","0,00000052411664472846","0,00000023686863608051","0,00000001116994786009","0,00000136996425169113","0,00000337050796284719"
"0,17533566543966377900","0,00000017820374614111","0,00000018091117232960","0,00000029899321486958","0,00000001470708054001","0,00000001070065744689","0,00000003725925800013","0,00000031251844426072","0,00000034989421345159","0,00000001110898121348","0,00000001400204153087","0,00000057755071181187","0,00000017562800669071","0,00000069057523154335","0,00000049619327490690","0,00000063966690246954","0,00000052907183595850","0,00000023800270074451","0,00000001115665479738","0,00000137003508948037","0,00000336495669356578"
"0,17733959094173992700","0,00000017919599412474","0,00000018173970430839","0,00000029827967859270","0,00000001472727433561","0,00000001069795439427","0,00000003738131015070","0,00000031424319291955","0,00000034989779400576","0,00000001110501376318","0,00000001401813994948","0,00000058196562058442","0,00000017582384046096","0,00000069575112383057","0,00000049970102786119","0,00000064422947836262","0,00000053417445051828","0,00000023921440311407","0,00000001114406953299","0,00000137041690060539","0,00000335964808941140"
"0,17934351644381607600","0,00000018019984562029","0,00000018262642694456","0,00000029756669442757","0,00000001475008411470","0,00000001069815524210","0,00000003749303282152","0,00000031609784186419","0,00000035003998635303","0,00000001110185954763","0,00000001404182318088","0,00000058657690506275","0,00000017607293679299","0,00000070116467968345","0,00000050330269789066","0,00000064890935842243","0,00000053942448840780","0,00000024050374318918","0,00000001113219206693","0,00000137110968506619","0,00000335458215038405"
"0,18134744194589222400","0,00000018121530062776","0,00000018357134023813","0,00000029685426237418","0,00000001477550987729","0,00000001070125999036","0,00000003759442601260","0,00000031808239109463","0,00000035032079049340","0,00000001109951856684","0,00000001407309122509","0,00000059138456524686","0,00000017637529568681","0,00000070681589910197","0,00000050699828499530","0,00000065370654264899","0,00000054482194962705","0,00000024187072096986","0,00000001112102239918","0,00000137211344286278","0,00000334975887648373"
"0,18335136744796837200","0,00000018224235914715","0,00000018457444418910","0,00000029614238243255","0,00000001480355162338","0,00000001070726863908","0,00000003768548972395","0,00000032019684061088","0,00000035074020642688","0,00000001109799082080","0,00000001411194408209","0,00000059638860113675","0,00000017673091714240","0,00000071270478208614","0,00000051078778917511","0,00000065862103104229","0,00000055036683417603","0,00000024331533645609","0,00000001111056052975","0,00000137342817399515","0,00000334517826771045"
"0,18535529295004454800","0,00000018328102117846","0,00000018563573879745","0,00000029543105460266","0,00000001483420935296","0,00000001071618118824","0,00000003776622395555","0,00000032244119041292","0,00000035129823415345","0,00000001109727630952","0,00000001415838175189","0,00000060158901273242","0,00000017713980115977","0,00000071883132863595","0,00000051467121043010","0,00000066365282360233","0,00000055605914205475","0,00000024483758964788","0,00000001110080645863","0,00000137505387846330","0,00000334084032406419"
"0,18735921845212069600","0,00000018433128672169","0,00000018675522406320","0,00000029472027888451","0,00000001486748306603","0,00000001072799763784","0,00000003783662870741","0,00000032481544050078","0,00000035199487367313","0,00000001109737503299","0,00000001421240423448","0,00000060698580003388","0,00000017760194773893","0,00000072519553875142","0,00000051864854876025","0,00000066880192032911","0,00000056189887326321","0,00000024643748054523","0,00000001109176018584","0,00000137699055626724","0,00000333674504554498"
"0,18936314395419684400","0,00000018539315577684","0,00000018793289998634","0,00000029401005527812","0,00000001490337276260","0,00000001074271798789","0,00000003789670397953","0,00000032731959087443","0,00000035283012498590","0,00000001109828699122","0,00000001427401152988","0,00000061257896304112","0,00000017811735687986","0,00000073179741243253","0,00000052271980416558","0,00000067406832122264","0,00000056788602780139","0,00000024811500914814","0,00000001108342171136","0,00000137923820740696","0,00000333289243215279"
"0,19136706945627299200","0,00000018646662834390","0,00000018916876656687","0,00000029330038378348","0,00000001494187844266","0,00000001076034223838","0,00000003794644977191","0,00000032995364153389","0,00000035380398809178","0,00000001110001218421","0,00000001434320363807","0,00000061836850175414","0,00000017868602858257","0,00000073863694967929","0,00000052688497664608","0,00000067945202628290","0,00000057402060566932","0,00000024987017545661","0,00000001107579103521","0,00000138179683188246","0,00000332928248388764"
"0,19337099495834914000","0,00000018755170442289","0,00000019046282380480","0,00000029259126440058","0,00000001498300010622","0,00000001078087038932","0,00000003798586608454","0,00000033271759247915","0,00000035491646299076","0,00000001110255061195","0,00000001441998055906","0,00000062435441617295","0,00000017930796284707","0,00000074571415049170","0,00000053114406620176","0,00000068495303550991","0,00000058030260686698","0,00000025170297947063","0,00000001106886815737","0,00000138466642969374","0,00000332591520074952"
"0,19537492046042528900","0,00000018864838401380","0,00000019181507170012","0,00000029188269712943","0,00000001502673775328","0,00000001080430244070","0,00000003801495291744","0,00000033561144371022","0,00000035616754968284","0,00000001110590227445","0,00000001450434229285","0,00000063053670629753","0,00000017998315967334","0,00000075302901486976","0,00000053549707283261","0,00000069057134890366","0,00000058673203139437","0,00000025361342119021","0,00000001106265307785","0,00000138784700084081","0,00000332279058273844"
"0,19737884596250146500","0,00000018975666711662","0,00000019322551025283","0,00000029117468197003","0,00000001507309138382","0,00000001083063839253","0,00000003803371027059","0,00000033863519522709","0,00000035755724816802","0,00000001111006717171","0,00000001459628883944","0,00000063691537212790","0,00000018071161906139","0,00000076058154281346","0,00000053994399653862","0,00000069630696646415","0,00000059330887925150","0,00000025560150061536","0,00000001105714579665","0,00000139133854532365","0,00000331990862985438"
"0,19938277146457761300","0,00000019087655373137","0,00000019469413946293","0,00000029046721892237","0,00000001512206099787","0,00000001085987824480","0,00000003804213814401","0,00000034178884702976","0,00000035908555844630","0,00000001111504530372","0,00000001469582019883","0,00000064349041366405","0,00000018149334101123","0,00000076837173432281","0,00000054448483731982","0,00000070215988819138","0,00000060003315043836","0,00000025766721774606","0,00000001105234631376","0,00000139514106314228","0,00000331726934209736"
"0,20138669696665376100","0,00000019201047966261","0,00000019621654307875","0,00000028977005781523","0,00000001516974763251","0,00000001088974891286","0,00000003805373551427","0,00000034505755338499","0,00000036074903508256","0,00000001112014362282","0,00000001479580217395","0,00000065022120754954","0,00000018232648840717","0,00000077635998020772","0,00000054909396650484","0,00000070811640603127","0,00000060687198070757","0,00000025979201775107","0,00000001104852961344","0,00000139929004155978","0,00000331493854648980"
"0,20339062246872990900","0,00000019316088071494","0,00000019778830484859","0,00000028909294847737","0,00000001521225232485","0,00000001091797731204","0,00000003808200135796","0,00000034842646855955","0,00000036254423264168","0,00000001112466908133","0,00000001488910056777","0,00000065706713042791","0,00000018320922413355","0,00000078450667127807","0,00000055374575542234","0,00000071416281192974","0,00000061379250581176","0,00000026195734579913","0,00000001104597067993","0,00000140382096783923","0,00000331298207005411"
"0,20539454797080605700","0,00000019432775688835","0,00000019940942477246","0,00000028843589090879","0,00000001524957507490","0,00000001094456344233","0,00000003812693567509","0,00000035189559255344","0,00000036447115112365","0,00000001112862167925","0,00000001497571538027","0,00000066402818229918","0,00000018414154819038","0,00000079281180753389","0,00000055844020407233","0,00000072029910588680","0,00000062079472575092","0,00000026416320189026","0,00000001104466951322","0,00000140873384198062","0,00000331139991279031"
"0,20739847347288223300","0,00000019551110818284","0,00000020107990285036","0,00000028779888510950","0,00000001528171588265","0,00000001096950730375","0,00000003818853846565","0,00000035546492536665","0,00000036652979052848","0,00000001113200141659","0,00000001505564661146","0,00000067110436316334","0,00000018512346057764","0,00000080127538897516","0,00000056317731245480","0,00000072652528790243","0,00000062787864052506","0,00000026640958602445","0,00000001104462611332","0,00000141402866398396","0,00000331019207469838"
"0,20940239897495838100","0,00000019671093459841","0,00000020279973908229","0,00000028718193107948","0,00000001530867474811","0,00000001099280889629","0,00000003826680972965","0,00000035913446699918","0,00000036872015085616","0,00000001113480829334","0,00000001512889426133","0,00000067829567302038","0,00000018615496129534","0,00000080989741560188","0,00000056795708056976","0,00000073284135797664","0,00000063504425013416","0,00000026869649820170","0,00000001104584048023","0,00000141970543384924","0,00000330935855577832"
"0,21140632447703453000","0,00000019792723613506","0,00000020456893346825","0,00000028658502881874","0,00000001533045167127","0,00000001101446821994","0,00000003836174946708","0,00000036290421745103","0,00000037104223210670","0,00000001113704230950","0,00000001519545832989","0,00000068560211187032","0,00000018723605034348","0,00000081867788741406","0,00000057277950841721","0,00000073924731610943","0,00000064229155457824","0,00000027102393842201","0,00000001104831261394","0,00000142576415157648","0,00000330889935603015"
"0,21341024997911067800","0,00000019916001279280","0,00000020638748600824","0,00000028600817832728","0,00000001534704665213","0,00000001103448527472","0,00000003847335767794","0,00000036677417672221","0,00000037349603428009","0,00000001113870346508","0,00000001525533881714","0,00000069302367971314","0,00000018836672772205","0,00000082761680441169","0,00000057764459599713","0,00000074574316230080","0,00000064962055385729","0,00000027339190668537","0,00000001105204251446","0,00000143220481716566","0,00000330881447545386"
"0,21541417548118682600","0,00000020040926457162","0,00000020825539670226","0,00000028545137960511","0,00000001535845969069","0,00000001105286006062","0,00000003860163436224","0,00000037074434481271","0,00000037608155737634","0,00000001113979176007","0,00000001530853572307","0,00000070056037654886","0,00000018954699343107","0,00000083671416659478","0,00000058255234330955","0,00000075232889655075","0,00000065703124797132","0,00000027580040299180","0,00000001105703018179","0,00000143902743061679","0,00000330910391404944"
"0,21741810098326297400","0,00000020167499147152","0,00000021017266555030","0,00000028491463265221","0,00000001536469078696","0,00000001106959257764","0,00000003874657951997","0,00000037481472172254","0,00000037879880139544","0,00000001114030719448","0,00000001535504904769","0,00000070821220237746","0,00000019077684747053","0,00000084596997396332","0,00000058750275035444","0,00000075900451885928","0,00000066452363692031","0,00000027824942734128","0,00000001106327561592","0,00000144623199192986","0,00000330976767181690"
"0,21942202648533915000","0,00000020295719349250","0,00000021213929255238","0,00000028439793746860","0,00000001536573994093","0,00000001108468282578","0,00000003890819315114","0,00000037898530745169","0,00000038164776633740","0,00000001114024976829","0,00000001539487879099","0,00000071597915719896","0,00000019205628984042","0,00000085538422651732","0,00000059249581713183","0,00000076577002922639","0,00000067209772070428","0,00000028073897973383","0,00000001107077881686","0,00000145381850110489","0,00000331080574875624"
"0,22142595198741529800","0,00000020425587063456","0,00000021415527770848","0,00000028390129405426","0,00000001536160715261","0,00000001109813080504","0,00000003908647525574","0,00000038325610200017","0,00000038462845220222","0,00000001113961948152","0,00000001542802495299","0,00000072386124101335","0,00000019338532054075","0,00000086495692425677","0,00000059753154364169","0,00000077262542765208","0,00000067975349932322","0,00000028326906016944","0,00000001107953978461","0,00000146178695814186","0,00000331221814486746"
"0,22342987748949144600","0,00000020557102289771","0,00000021622062101861","0,00000028342470240921","0,00000001535229242199","0,00000001110993651542","0,00000003928142583377","0,00000038762710536796","0,00000038774085898989","0,00000001113841633417","0,00000001545448753366","0,00000073185845382062","0,00000019476393957153","0,00000087468806718168","0,00000060260992988404","0,00000077957071413635","0,00000068749097277713","0,00000028583966864810","0,00000001108955851916","0,00000147013736304078","0,00000331400486015055"
"0,22543380299156759400","0,00000020690265028193","0,00000021833532248278","0,00000028296816253343","0,00000001533779574907","0,00000001112009995692","0,00000003949304488524","0,00000039209831755508","0,00000039098498670041","0,00000001113664032623","0,00000001547426653303","0,00000073997079562078","0,00000019619214693274","0,00000088457765529204","0,00000060773097585888","0,00000078660588867920","0,00000069531014106602","0,00000028845080516982","0,00000001110083502052","0,00000147886971580165","0,00000331616589460553"
"0,22743772849364374300","0,00000020825075278724","0,00000022049938210097","0,00000028253167442694","0,00000001531811713385","0,00000001112862112954","0,00000003972133241014","0,00000039666973856153","0,00000039436083533379","0,00000001113429145770","0,00000001548736195108","0,00000074819826641384","0,00000019766994262439","0,00000089462568858786","0,00000061289468156620","0,00000079373095128063","0,00000070321100418988","0,00000029110246973461","0,00000001111336928869","0,00000148798401642446","0,00000331870124823238"
"0,22944165399571989100","0,00000020961533041363","0,00000022271279987319","0,00000028211523808973","0,00000001529325657634","0,00000001113550003328","0,00000003996628840848","0,00000040134136838730","0,00000039786840489003","0,00000001113136972858","0,00000001549377378782","0,00000075654086619978","0,00000019919732664648","0,00000090483216706913","0,00000061810104700600","0,00000080094590194064","0,00000071119356214871","0,00000029379466234245","0,00000001112716132366","0,00000149748026490922","0,00000332161092103111"
"0,23144557949779606700","0,00000021099638316110","0,00000022497557579944","0,00000028171885352180","0,00000001526321407653","0,00000001114073666814","0,00000004022791288025","0,00000040611320703239","0,00000040150769536912","0,00000001112787513888","0,00000001549350204324","0,00000076499859497862","0,00000020077429899901","0,00000091519709073585","0,00000062335007217829","0,00000080825074065922","0,00000071925781494251","0,00000029652738299335","0,00000001114221112544","0,00000150735846125593","0,00000332489491300172"
"0,23344950499987221500","0,00000021239391102966","0,00000022728770987971","0,00000028134252072314","0,00000001522798963442","0,00000001114433103412","0,00000004050620582545","0,00000041098525449681","0,00000040527870677107","0,00000001112380768859","0,00000001548654671735","0,00000077357145275034","0,00000020240085968197","0,00000092572045958804","0,00000062864175708307","0,00000081564546743639","0,00000072740376257129","0,00000029930063168732","0,00000001115851869402","0,00000151761860546459","0,00000332855322414420"
"0,23545343050194836300","0,00000021380791401929","0,00000022964920211402","0,00000028098623969377","0,00000001518758325002","0,00000001114628313123","0,00000004080116724409","0,00000041595751078055","0,00000040918143909587","0,00000001111916737771","0,00000001547290781015","0,00000078225943951496","0,00000020407700869538","0,00000093640227362567","0,00000063397610172032","0,00000082313008227214","0,00000073563140503504","0,00000030211440842434","0,00000001117608402942","0,00000152826069753519","0,00000333258585445857"
"0,23745735600402451100","0,00000021523839213001","0,00000023206005250236","0,00000028065001043368","0,00000001514199492332","0,00000001114659295945","0,00000004111279713616","0,00000042102997588361","0,00000041321589234353","0,00000001111395420625","0,00000001545258532163","0,00000079106255527246","0,00000020580274603923","0,00000094724253284876","0,00000063935310609007","0,00000083070458516647","0,00000074394074233376","0,00000030496871320442","0,00000001119490713162","0,00000153928473746775","0,00000333699280394481"
"0,23946128150610065900","0,00000021668534536181","0,00000023452026104472","0,00000028033383294287","0,00000001509122465432","0,00000001114526051879","0,00000004144109550167","0,00000042620264980600","0,00000041738206651405","0,00000001110816817420","0,00000001542557925180","0,00000079998080002286","0,00000020757807171351","0,00000095824123725731","0,00000064477277019230","0,00000083836897611937","0,00000075233177446745","0,00000030786354602756","0,00000001121498800062","0,00000155069072526225","0,00000334177407260293"
"0,24146520700817683500","0,00000021814877371469","0,00000023702982774112","0,00000028003770722134","0,00000001503527244303","0,00000001114228580926","0,00000004178606234061","0,00000043147553254771","0,00000042167996160742","0,00000001110180928156","0,00000001539188960066","0,00000080901417376614","0,00000020940298571824","0,00000096939838685131","0,00000065023509402701","0,00000084612325513086","0,00000076080450143612","0,00000031079890689376","0,00000001123632663643","0,00000156247866091869","0,00000334692966043293"
"0,24346913251025298300","0,00000021962867718865","0,00000023958875259154","0,00000027976163326909","0,00000001497413828944","0,00000001113766883084","0,00000004214769765298","0,00000043684862410875","0,00000042610957762364","0,00000001109487752834","0,00000001535151636820","0,00000081816267650231","0,00000021127748805340","0,00000098071398163077","0,00000065574007759420","0,00000085396742220093","0,00000076935892323976","0,00000031377479580302","0,00000001125892303905","0,00000157464854443709","0,00000335245956743481"
"0,24547305801232913200","0,00000022112505578370","0,00000024219703559599","0,00000027950561108612","0,00000001490782219356","0,00000001113140958354","0,00000004252600143879","0,00000044232192448911","0,00000043067091456272","0,00000001108737291453","0,00000001530445955443","0,00000082742630823138","0,00000021320157871900","0,00000099218802159568","0,00000066128772089389","0,00000086190147732957","0,00000077799503987837","0,00000031679121275534","0,00000001128277720848","0,00000158720037581743","0,00000335836379360856"
"0,24747698351440528000","0,00000022263790949982","0,00000024485467675448","0,00000027926964067243","0,00000001483632415537","0,00000001112350806737","0,00000004292097369804","0,00000044789543368879","0,00000043536397242466","0,00000001107929544014","0,00000001525071915934","0,00000083680506895333","0,00000021517525771504","0,00000100382050674605","0,00000066687802392605","0,00000086992542051680","0,00000078671285135195","0,00000031984815775072","0,00000001130788914471","0,00000160013415505972","0,00000336464233895420"
"0,24948090901648142800","0,00000022416723833703","0,00000024756167606699","0,00000027905372202803","0,00000001475964417489","0,00000001111396428231","0,00000004333261443071","0,00000045356915170780","0,00000044018875120945","0,00000001107064510516","0,00000001519029518294","0,00000084629895866817","0,00000021719852504152","0,00000101561143708187","0,00000067251098669070","0,00000087803925176261","0,00000079551235766051","0,00000032294563078916","0,00000001133425884775","0,00000161344988216396","0,00000337129520347171"
"0,25148483451855757600","0,00000022569407306774","0,00000025029580581817","0,00000027887131628251","0,00000001468281056458","0,00000001110367425933","0,00000004374504267061","0,00000045930691547364","0,00000044510993742971","0,00000001106214752240","0,00000001512940362835","0,00000085586881753110","0,00000021925893204715","0,00000102749534764935","0,00000067817203902238","0,00000088620518118451","0,00000080436999532452","0,00000032606598118243","0,00000001135969083720","0,00000162704940346360","0,00000337826052286036"
"0,25348876002063375200","0,00000022719944446438","0,00000025303483829267","0,00000027873588456548","0,00000001461085163691","0,00000001109353402936","0,00000004414237745152","0,00000046507256191380","0,00000045009221759807","0,00000001105452830469","0,00000001507426049867","0,00000086547548569731","0,00000022134403008065","0,00000103940677349471","0,00000068384661075562","0,00000089438541890003","0,00000081326220086447","0,00000032919155824231","0,00000001138198963268","0,00000164083456529212","0,00000338547643281940"
"0,25549268552270987200","0,00000022868335252694","0,00000025577877349049","0,00000027864742687696","0,00000001454376739186","0,00000001108354359241","0,00000004452461877344","0,00000047086609102831","0,00000045513559171452","0,00000001104778745202","0,00000001502486579391","0,00000087511896316679","0,00000022345381914200","0,00000105134571461793","0,00000068953470189043","0,00000090257996490916","0,00000082218897428036","0,00000033232236196880","0,00000001140115523417","0,00000165480536764951","0,00000339294293334883"
"0,25749661102478604800","0,00000023014579725542","0,00000025852761141163","0,00000027860594321693","0,00000001448155782946","0,00000001107370294848","0,00000004489176663637","0,00000047668750281714","0,00000046024005977907","0,00000001104192496438","0,00000001498121951407","0,00000088479924993954","0,00000022558829923122","0,00000106331217101903","0,00000069523631242680","0,00000091078881921192","0,00000083115031557219","0,00000033545839236191","0,00000001141718764168","0,00000166896181053577","0,00000340066002444866"
"0,25950053652686222400","0,00000023158677864983","0,00000026128135205609","0,00000027861143358539","0,00000001442422294969","0,00000001106401209757","0,00000004524382104031","0,00000048253679728031","0,00000046540562179171","0,00000001103694084180","0,00000001494332165914","0,00000089451634601558","0,00000022774747034830","0,00000107530614269800","0,00000070095144236475","0,00000091901198180828","0,00000084014622473996","0,00000033859964942162","0,00000001143008685521","0,00000168330389395091","0,00000340862770611887"
"0,26150446202893834500","0,00000023300629671016","0,00000026403999542387","0,00000027866389798235","0,00000001437176275255","0,00000001105447103967","0,00000004558078198526","0,00000048841397441782","0,00000047063227775244","0,00000001103283508425","0,00000001491117222914","0,00000090427025139489","0,00000022993133249325","0,00000108732762965484","0,00000070668009170425","0,00000092724945269827","0,00000084917670178366","0,00000034174613314793","0,00000001143985287477","0,00000169783161789491","0,00000341684597835948"
"0,26350838753101452100","0,00000023440435143641","0,00000026680354151497","0,00000027876333640781","0,00000001432417723805","0,00000001104507977480","0,00000004590264947122","0,00000049431903422966","0,00000047592002766126","0,00000001102960769174","0,00000001488477122405","0,00000091406096607748","0,00000023213988566605","0,00000109937663188955","0,00000071242226044533","0,00000093550123188187","0,00000085824174670331","0,00000034489784354086","0,00000001144648570034","0,00000171254498236779","0,00000342531484117049"
"0,26551231303309064100","0,00000023578094282859","0,00000026957199032938","0,00000027890974886177","0,00000001428146640618","0,00000001103583830294","0,00000004620942349820","0,00000050025197671583","0,00000048126887151818","0,00000001102725866428","0,00000001486411864388","0,00000092388849006334","0,00000023437312986672","0,00000111145314940213","0,00000071817794858797","0,00000094376731935909","0,00000086734135949889","0,00000034805478060040","0,00000001144998533194","0,00000172744398736953","0,00000343403429455188"
"0,26751623853516681700","0,00000023713607088669","0,00000027234534186712","0,00000027910313534422","0,00000001424363025694","0,00000001102674662410","0,00000004650110406618","0,00000050621280187633","0,00000048667880932319","0,00000001102578800186","0,00000001484921448862","0,00000093375282335248","0,00000023663106509525","0,00000112355718219258","0,00000072394715613217","0,00000095204771512992","0,00000087647554017041","0,00000035121694432655","0,00000001145035176955","0,00000174252863290015","0,00000344300433850367"
"0,26952016403724293700","0,00000023846973561072","0,00000027512359612817","0,00000027934349585517","0,00000001421066879035","0,00000001101780473827","0,00000004677769117517","0,00000051220150971117","0,00000049214984107629","0,00000001102519570448","0,00000001484005875829","0,00000094365396594490","0,00000023891369135165","0,00000113568873026090","0,00000072972988307795","0,00000096034241919437","0,00000088564428871787","0,00000035438433471930","0,00000001144758501318","0,00000175779891895964","0,00000345222497302585"
"0,27152408953931911300","0,00000023978193700067","0,00000027790675311254","0,00000027963083039461","0,00000001418258200638","0,00000001100901264547","0,00000004703918482518","0,00000051821810022034","0,00000049768196677749","0,00000001102548177214","0,00000001483665145287","0,00000095359191784060","0,00000024122100863591","0,00000114784779360710","0,00000073552612942528","0,00000096865143155243","0,00000089484760514127","0,00000035755695177867","0,00000001144168506284","0,00000177325484554801","0,00000346169619811843"
"0,27352801504139528900","0,00000024107267505655","0,00000028069481282023","0,00000027996513896255","0,00000001415936990505","0,00000001100037034568","0,00000004728558501619","0,00000052426257340385","0,00000050327518642678","0,00000001102664620484","0,00000001483899257238","0,00000096356667903957","0,00000024355301694803","0,00000116003437223116","0,00000074133589517419","0,00000097697475220411","0,00000090408548944061","0,00000036073479550464","0,00000001143265191851","0,00000178889641266524","0,00000347141801378139"
"0,27553194054347141000","0,00000024234194977834","0,00000028348777525124","0,00000028034642155899","0,00000001414103248636","0,00000001099187783891","0,00000004751689174821","0,00000053033492926169","0,00000050892950002416","0,00000001102868900258","0,00000001484708211680","0,00000097357824954182","0,00000024590971628801","0,00000117224846613310","0,00000074715918032466","0,00000098531238114941","0,00000091335794161589","0,00000036391786589723","0,00000001142048558021","0,00000180472362031135","0,00000348139042001475"
"0,27753586604554758600","0,00000024358976116607","0,00000028628564040556","0,00000028077467818393","0,00000001412756975030","0,00000001098353512516","0,00000004773310502125","0,00000053643516779386","0,00000051464490756964","0,00000001103161016537","0,00000001486092008613","0,00000098362662934735","0,00000024829110665585","0,00000118449007531290","0,00000075299598487670","0,00000099366431838833","0,00000092266496166711","0,00000036710616295642","0,00000001140518604792","0,00000182073646848632","0,00000349161341681850"
"0,27953979154762370600","0,00000024481610921971","0,00000028908840828321","0,00000028124990883736","0,00000001411898169687","0,00000001097534220443","0,00000004793422483529","0,00000054256328900037","0,00000052042140906321","0,00000001103540969319","0,00000001488050648039","0,00000099371181845615","0,00000025069718805156","0,00000119675919977058","0,00000075884630883030","0,00000100203056392086","0,00000093200654959426","0,00000037029968668222","0,00000001138675332166","0,00000183693495719017","0,00000350208700419265"
"0,28154371704969988200","0,00000024602099393928","0,00000029189607888417","0,00000028177211351928","0,00000001411526832608","0,00000001096729907672","0,00000004812025119035","0,00000054871929288121","0,00000052625900450487","0,00000001104008758606","0,00000001490584129956","0,00000100383381686823","0,00000025312796047513","0,00000120905583950613","0,00000076471015218547","0,00000101041111774700","0,00000094138270539735","0,00000037349843707463","0,00000001136518740141","0,00000185331908642289","0,00000351281118213718"
"0,28354764255177605800","0,00000024720441532478","0,00000029470865220846","0,00000028234129222971","0,00000001411642963793","0,00000001095940574202","0,00000004829118408642","0,00000055490317943638","0,00000053215769389462","0,00000001104564384397","0,00000001493692454365","0,00000101399262458359","0,00000025558342392656","0,00000122137999451955","0,00000077058751494221","0,00000101880597986676","0,00000095079342907639","0,00000037670241413365","0,00000001134048828719","0,00000186988885618448","0,00000352378595065211"
"0,28555156805385217800","0,00000024836637337620","0,00000029752612825606","0,00000028295744496862","0,00000001412246563241","0,00000001095166220035","0,00000004844702352349","0,00000056111494866589","0,00000053811747723247","0,00000001105207846692","0,00000001497375621266","0,00000102418824160222","0,00000025806357840586","0,00000123373166481084","0,00000077647839710051","0,00000102721515028014","0,00000096023872063136","0,00000037991161785928","0,00000001131265597898","0,00000188664426647495","0,00000353501130973744"
"0,28755549355592835400","0,00000024950686809354","0,00000030034850702698","0,00000028362057173604","0,00000001413337630952","0,00000001094406845169","0,00000004858776950158","0,00000056735460056973","0,00000054413835451841","0,00000001105939145492","0,00000001501633630659","0,00000103442066792413","0,00000026056842391302","0,00000124611085038000","0,00000078238279866038","0,00000103563862898714","0,00000096971858006227","0,00000038312604825152","0,00000001128169047680","0,00000190358531729428","0,00000354648725939315"
"0,28955941905800447500","0,00000025062589947680","0,00000030317578852122","0,00000028433067253195","0,00000001414916166927","0,00000001093662449604","0,00000004871342202068","0,00000057362213514790","0,00000055022032575244","0,00000001106758280795","0,00000001506466482544","0,00000104468990354932","0,00000026309796044804","0,00000125851755122703","0,00000078830071962181","0,00000104407641598775","0,00000097923300736912","0,00000038634570531037","0,00000001124759178064","0,00000192071200864249","0,00000355821379961926"
"0,29156334456008065100","0,00000025172346752599","0,00000030600797273877","0,00000028508774735636","0,00000001416982171165","0,00000001092933033342","0,00000004882398108079","0,00000057991755240041","0,00000055636339093457","0,00000001107665252603","0,00000001511874176920","0,00000105499594847778","0,00000026565218801092","0,00000127095176735194","0,00000079423215998482","0,00000105252851128197","0,00000098878200255191","0,00000038957058903583","0,00000001121035989049","0,00000193802434051956","0,00000357019093041576"
"0,29356727006215682600","0,00000025279957224111","0,00000030884505967965","0,00000028589179620927","0,00000001419535643667","0,00000001092218596382","0,00000004891944668191","0,00000058624085232725","0,00000056256755006479","0,00000001108660060915","0,00000001517856713788","0,00000106533880270953","0,00000026823110660167","0,00000128341349875471","0,00000080017711974938","0,00000106099491486982","0,00000099836556561063","0,00000039280069942789","0,00000001116999480637","0,00000195552231292551","0,00000358241865178265"
"0,29557119556423294700","0,00000025385421362215","0,00000031168704934384","0,00000028674281909067","0,00000001422576584433","0,00000001091519138723","0,00000004899981882404","0,00000059259203492843","0,00000056883280314310","0,00000001109742705731","0,00000001524414093148","0,00000107571846624454","0,00000027083471622028","0,00000129590274543536","0,00000080613559891552","0,00000106947562675128","0,00000100798369654530","0,00000039603603648657","0,00000001112649652827","0,00000197320592586033","0,00000359489696371994"
"0,29757512106630912300","0,00000025488739166911","0,00000031453394173136","0,00000028764081600057","0,00000001426104993461","0,00000001090834660366","0,00000004906509750718","0,00000059897110020393","0,00000057515915016951","0,00000001110913187051","0,00000001531546315000","0,00000108613493908284","0,00000027346301686675","0,00000130841950739387","0,00000081210759748322","0,00000107797064692635","0,00000101763639535590","0,00000039927660021185","0,00000001107986505618","0,00000199107517932403","0,00000360762586622761"
"0,29957904656838524300","0,00000025589910638199","0,00000031738573684219","0,00000028858578693896","0,00000001430120870754","0,00000001090165161311","0,00000004911528273133","0,00000060537804815378","0,00000058154659114401","0,00000001112171504875","0,00000001539253379343","0,00000109658822122441","0,00000027611600854109","0,00000132096378463026","0,00000081809311545248","0,00000108647997539504","0,00000102732366204244","0,00000040252239060375","0,00000001103010039012","0,00000200913007331659","0,00000362060535930568"
"0,30158297207046141900","0,00000025690230644538","0,00000032024050586211","0,00000028956956907193","0,00000001434245453095","0,00000001089568566609","0,00000004916819263277","0,00000061179981028386","0,00000058796825396754","0,00000001113374110137","0,00000001546952480384","0,00000110705049570409","0,00000027879342369537","0,00000133351755376343","0,00000082408153038461","0,00000109499607422763","0,00000103701775606145","0,00000040576718155849","0,00000001098141208442","0,00000202725471242172","0,00000363375017796098"
"0,30358689757253754000","0,00000025790994054385","0,00000032309631997689","0,00000029058399956554","0,00000001438099977273","0,00000001089102801313","0,00000004924164534778","0,00000061822331810011","0,00000059439726654106","0,00000001114377453769","0,00000001554060812329","0,00000111749394555669","0,00000028149499478170","0,00000134606279141231","0,00000083006221984089","0,00000110351140549438","0,00000104669093686946","0,00000040900474697233","0,00000001093800969344","0,00000204533320122312","0,00000364697505720035"
"0,30559082307461371500","0,00000025892200867739","0,00000032595317918652","0,00000029162907841980","0,00000001441684443286","0,00000001088767865422","0,00000004933564087636","0,00000062464857160251","0,00000060083362886455","0,00000001115181535773","0,00000001560578375176","0,00000112791857078223","0,00000028422072180008","0,00000135859949757689","0,00000083603518382133","0,00000111202596919530","0,00000105634320446646","0,00000041223508684526","0,00000001089989321716","0,00000206336553972078","0,00000366027999702378"
"0,30759474857668989100","0,00000025993851084602","0,00000032881108349102","0,00000029270480563470","0,00000001444998851134","0,00000001088563758936","0,00000004945017921851","0,00000063107557079106","0,00000060727734093802","0,00000001115786356148","0,00000001566505168927","0,00000113832437138070","0,00000028697060475049","0,00000137112767225718","0,00000084200042232592","0,00000112053976533039","0,00000106597455885245","0,00000041545820117729","0,00000001086706265560","0,00000208135172791471","0,00000367366499743127"
"0,30959867407876601200","0,00000026095944704972","0,00000033167003289037","0,00000029381118121026","0,00000001448043200818","0,00000001088490481856","0,00000004958526037424","0,00000063750431566578","0,00000061372840276147","0,00000001116191914894","0,00000001571841193581","0,00000114871134735210","0,00000028974464363295","0,00000138364731545317","0,00000084795793535466","0,00000112905279389964","0,00000107558500002744","0,00000041867408996841","0,00000001083951800875","0,00000209929176580490","0,00000368713005842284"
"0,31160259958084218800","0,00000026198481728850","0,00000033453002738458","0,00000029494820514646","0,00000001450817492337","0,00000001088548034181","0,00000004974088434353","0,00000064393480622664","0,00000062018681433489","0,00000001116398212011","0,00000001576586449138","0,00000115907949869643","0,00000029254283844746","0,00000139615842716486","0,00000085390772290756","0,00000113756505490307","0,00000108517452799143","0,00000042188275321862","0,00000001081725927661","0,00000211718565339136","0,00000370067517999846"
"0,31360652508291830800","0,00000026301462156237","0,00000033739106697364","0,00000029611587744330","0,00000001453321725693","0,00000001088736415911","0,00000004991705112639","0,00000065036704247367","0,00000062665257565830","0,00000001116405247498","0,00000001580740935598","0,00000116942882541369","0,00000029536518919400","0,00000140866100739226","0,00000085984978498461","0,00000114607654834066","0,00000109474314274440","0,00000042508419092793","0,00000001080028645919","0,00000213503339067408","0,00000371430036215816"
"0,31561045058499448400","0,00000026404885987131","0,00000034025315165757","0,00000029731419810079","0,00000001455555900883","0,00000001089055627047","0,00000005011376072283","0,00000065680102440685","0,00000063312568673168","0,00000001116213021357","0,00000001584304652961","0,00000117975932750388","0,00000029821169587259","0,00000142115505613535","0,00000086578412158582","0,00000115458727421242","0,00000110429084428638","0,00000042827840309633","0,00000001078859955647","0,00000215283497765307","0,00000372800560490192"
"0,31761437608707066000","0,00000026508753221533","0,00000034311628143635","0,00000029854316711893","0,00000001457520017909","0,00000001089505667588","0,00000005033101313283","0,00000066323675202618","0,00000063960614755505","0,00000001115821533587","0,00000001587277601228","0,00000119007100496701","0,00000030108235848322","0,00000143364057339416","0,00000087171073271118","0,00000116309723251835","0,00000111381763261735","0,00000043146538972382","0,00000001078219856847","0,00000217059041432833","0,00000374179090822974"
"0,31961830158914678000","0,00000026613063859442","0,00000034598045630999","0,00000029980278449772","0,00000001459214076771","0,00000001090086537534","0,00000005056880835641","0,00000066967422533168","0,00000064609395812839","0,00000001115230784187","0,00000001589659780398","0,00000120036385780306","0,00000030397717702590","0,00000144611755916866","0,00000087762961836069","0,00000117160642325845","0,00000112332350773731","0,00000043464515081041","0,00000001078108349518","0,00000218829970069984","0,00000375565627214163"
"0,32162222709122295600","0,00000026717817900860","0,00000034884567627848","0,00000030109305023715","0,00000001460638077469","0,00000001090798236886","0,00000005082714639355","0,00000067611344432332","0,00000065258911845170","0,00000001114440773159","0,00000001591451190471","0,00000121063788601204","0,00000030689615150062","0,00000145858601345887","0,00000088354077853436","0,00000118011484643272","0,00000113280846964627","0,00000043781768635609","0,00000001078525433660","0,00000220596283676763","0,00000376960169663758"
"0,32362615259329907700","0,00000026823015345786","0,00000035171194134184","0,00000030241396433723","0,00000001461792020001","0,00000001091640765643","0,00000005110602724427","0,00000068255440900113","0,00000065909162852500","0,00000001113451500502","0,00000001592651831447","0,00000122089308959396","0,00000030983928190738","0,00000147104593626478","0,00000088944421323218","0,00000118862250204115","0,00000114227251834422","0,00000044098299636087","0,00000001079471109273","0,00000222357982253168","0,00000378362718171760"
"0,32563007809537525300","0,00000026928656194219","0,00000035457925150005","0,00000030376552679796","0,00000001462675904370","0,00000001092614123805","0,00000005140545090855","0,00000068899711936509","0,00000066560148834828","0,00000001112262966216","0,00000001593261703326","0,00000123112946854881","0,00000031280656824618","0,00000148349732758640","0,00000089533992245416","0,00000119712939008375","0,00000115171565383117","0,00000044414108082474","0,00000001080945376357","0,00000224115065799199","0,00000379773272738169"
"0,32763400359745142900","0,00000027034740446161","0,00000035744760675312","0,00000030514773761933","0,00000001463289730574","0,00000001093718311372","0,00000005172541738641","0,00000069544157541521","0,00000067211869792153","0,00000001110875170300","0,00000001593280806109","0,00000124134702287658","0,00000031579801051703","0,00000149594018742372","0,00000090122790620029","0,00000120563551056052","0,00000116113787610711","0,00000044729193974770","0,00000001082948234913","0,00000225867534314857","0,00000381191833362984"
"0,32963792909952754900","0,00000027141268101610","0,00000036031700710104","0,00000030656059680135","0,00000001463633498613","0,00000001094953328345","0,00000005206592667784","0,00000070188777715148","0,00000067864325724476","0,00000001109288112756","0,00000001592709139795","0,00000125154575257729","0,00000031881360871992","0,00000150837451577674","0,00000090710816447058","0,00000121414086347146","0,00000117053918517205","0,00000045043557312975","0,00000001085479684940","0,00000227615387800141","0,00000382618400046206"
"0,33164185460160372500","0,00000027248239160568","0,00000036318745254383","0,00000030800410434402","0,00000001463707208488","0,00000001096319174723","0,00000005242697878283","0,00000070833572457391","0,00000068517516631797","0,00000001107501793583","0,00000001591546704384","0,00000126172565765093","0,00000032185336285486","0,00000152080031264547","0,00000091298069726502","0,00000122264544881657","0,00000117991958102598","0,00000045357198097090","0,00000001088539726438","0,00000229358626255052","0,00000384052972787834"
"0,33364578010367984500","0,00000027355653623033","0,00000036605894308147","0,00000030947826024733","0,00000001463510860199","0,00000001097815850507","0,00000005280857370140","0,00000071478541768249","0,00000069171442514116","0,00000001105516212780","0,00000001589793499876","0,00000127188673809750","0,00000032491727292183","0,00000153321757802990","0,00000091884550458361","0,00000123114926659584","0,00000118927906366891","0,00000045670116327115","0,00000001092128359407","0,00000231097249679589","0,00000385495551587869"
"0,33564970560575602100","0,00000027463511489006","0,00000036893147871397","0,00000031098306451129","0,00000001463044453745","0,00000001099443355695","0,00000005321071143354","0,00000072123685647724","0,00000069826103371433","0,00000001103331370349","0,00000001587449526271","0,00000128202899391700","0,00000032800533892085","0,00000154562631193003","0,00000092470258642636","0,00000123965231680929","0,00000119861763310083","0,00000045982312003048","0,00000001096245583847","0,00000232831258073753","0,00000386946136446311"
"0,33765363110783214200","0,00000027571812758487","0,00000037180505944133","0,00000031251851713589","0,00000001462307989127","0,00000001101201690289","0,00000005363339197925","0,00000072769004095813","0,00000070481499203748","0,00000001100947266289","0,00000001584514783570","0,00000129215242510943","0,00000033111756085192","0,00000155802651434587","0,00000093055194279326","0,00000124815459945690","0,00000120793528932175","0,00000046293785124891","0,00000001100891399758","0,00000234560651437544","0,00000388404727363158"
"0,33965755660990831800","0,00000027680557431476","0,00000037467968526354","0,00000031408461812115","0,00000001461301466344","0,00000001103090854289","0,00000005407661533853","0,00000073414497112519","0,00000071137630011060","0,00000001098363900599","0,00000001580989271772","0,00000130225703167480","0,00000033425393871502","0,00000157041818527741","0,00000093639357368432","0,00000125665611453868","0,00000121723203233166","0,00000046604535692644","0,00000001106065807141","0,00000236285429770961","0,00000389871324338413"
"0,34166148211198449400","0,00000027789745507973","0,00000037755535618062","0,00000031568136746705","0,00000001460024885397","0,00000001105110847693","0,00000005454038151138","0,00000074060164697840","0,00000071794495793370","0,00000001095581273281","0,00000001576872990877","0,00000131234281361309","0,00000033741447251017","0,00000158280132472466","0,00000094222747909953","0,00000126515686205463","0,00000122650786213057","0,00000046914563706305","0,00000001111768805995","0,00000238005593074004","0,00000391345927372074"
"0,34366540761406061400","0,00000027899376987977","0,00000038043207219255","0,00000031730876517359","0,00000001458478246286","0,00000001107261670503","0,00000005502469049780","0,00000074706006851776","0,00000072452096550678","0,00000001092599384333","0,00000001572165940885","0,00000132240977092432","0,00000034059916223737","0,00000159517593268760","0,00000094805365903889","0,00000127365684200474","0,00000123576277871847","0,00000047223869165876","0,00000001118000396319","0,00000239721141346674","0,00000392828536464142"
"0,34566933311613679000","0,00000028009451871490","0,00000038330983329934","0,00000031896681124079","0,00000001456661549010","0,00000001109543322718","0,00000005552954229779","0,00000075352023574329","0,00000073110432282984","0,00000001089418233757","0,00000001566868121796","0,00000133245790360847","0,00000034380800789660","0,00000160754200916626","0,00000095387211350241","0,00000128215605438903","0,00000124499678209537","0,00000047532452071357","0,00000001124760578116","0,00000241432074588971","0,00000394319151614616"
"0,34767325861821291000","0,00000028119970158510","0,00000038618863950098","0,00000032065550566862","0,00000001454574793569","0,00000001111955804339","0,00000005605493691135","0,00000075998214865496","0,00000073769502990288","0,00000001086037821552","0,00000001560979533611","0,00000134248721166556","0,00000034704100948788","0,00000161989955416061","0,00000095968284249008","0,00000129065449920748","0,00000125420987226126","0,00000047840312422747","0,00000001132049351383","0,00000243138392800894","0,00000395817772823497"
"0,34967718412028908600","0,00000028230931849039","0,00000038906849079748","0,00000032237484845711","0,00000001452217979964","0,00000001114499115365","0,00000005660087433848","0,00000076644580725280","0,00000074429308672590","0,00000001082458147717","0,00000001554500176329","0,00000135249769509557","0,00000035029816701120","0,00000163224856767067","0,00000096548584600191","0,00000129915217646010","0,00000126340204921614","0,00000048147450220046","0,00000001139866716121","0,00000244840095982443","0,00000397324400090784"
"0,35168110962236526200","0,00000028341581288176","0,00000039194581662643","0,00000032412017187841","0,00000001449859524747","0,00000001117015477287","0,00000005714912832735","0,00000077290677836241","0,00000075089220942263","0,00000001078970372816","0,00000001547982549797","0,00000136249234076261","0,00000035356124389063","0,00000164458635311646","0,00000097128570661662","0,00000130764723188411","0,00000127258055093273","0,00000048455209203620","0,00000001147658239774","0,00000246534510849722","0,00000398834977819614"
"0,35368503512444138300","0,00000028451162821023","0,00000039481704642539","0,00000032588680820471","0,00000001447767844471","0,00000001119347111597","0,00000005768147262615","0,00000077936062880942","0,00000075748611411680","0,00000001075865657409","0,00000001541979153865","0,00000137247413553074","0,00000035681200355021","0,00000165691021391801","0,00000097708700691294","0,00000131613781121672","0,00000128175261538370","0,00000048764933113836","0,00000001154869489784","0,00000248218964118831","0,00000400345450413123"
"0,35568896062651755800","0,00000028559676447580","0,00000039768218019438","0,00000032767475743599","0,00000001445942939134","0,00000001121494018294","0,00000005819790723487","0,00000078580735859384","0,00000076407480080841","0,00000001073144001497","0,00000001536489988532","0,00000138244307939998","0,00000036005044598996","0,00000166922015007532","0,00000098288974689087","0,00000132462391445795","0,00000129091824256908","0,00000049076621950692","0,00000001161500466152","0,00000249893455789772","0,00000401855817871311"
"0,35769288612859367900","0,00000028667122167847","0,00000040054121793339","0,00000032948401957226","0,00000001444384808738","0,00000001123456197379","0,00000005869843215352","0,00000079224696771565","0,00000077065826949747","0,00000001070805405079","0,00000001531515053797","0,00000139239917237032","0,00000036327657120987","0,00000168151616158839","0,00000098869392655041","0,00000133310554160778","0,00000130007743248885","0,00000049390275714190","0,00000001167551168878","0,00000251557985862544","0,00000403366080194178"
"0,35969681163066985500","0,00000028773499981824","0,00000040339415964242","0,00000033131459461352","0,00000001443093453282","0,00000001125233648852","0,00000005918304738208","0,00000079867945617486","0,00000077723652018398","0,00000001068849868156","0,00000001527054349661","0,00000140234241444176","0,00000036649037920995","0,00000169379824845722","0,00000099449954589156","0,00000134158269266621","0,00000130923018514302","0,00000049705894404329","0,00000001173021597960","0,00000253212554337148","0,00000404876237381725"
"0,36170073713274597500","0,00000028878809889510","0,00000040624100532147","0,00000033316648255976","0,00000001442068872767","0,00000001126826372711","0,00000005965175292056","0,00000080510482397147","0,00000078380955286793","0,00000001067277390728","0,00000001523107876124","0,00000141227280561430","0,00000036969186999019","0,00000170606641068181","0,00000100030660491431","0,00000135005536763325","0,00000131837650053158","0,00000050023478021109","0,00000001177911753401","0,00000254857161213583","0,00000406386289433950"
"0,36370466263482215100","0,00000028983051890907","0,00000040908175497055","0,00000033503968341100","0,00000001441311067192","0,00000001128234368959","0,00000006010454876897","0,00000081152307110549","0,00000079037736754932","0,00000001066087972794","0,00000001519675633187","0,00000142219034588794","0,00000037288104355058","0,00000171832064826216","0,00000100611510361868","0,00000135852356650890","0,00000132751637865454","0,00000050343026564530","0,00000001182221635199","0,00000256491806491849","0,00000407896236350854"
"0,36570858813689832700","0,00000029086225986013","0,00000041191640858964","0,00000033693419716723","0,00000001440820036557","0,00000001129457637594","0,00000006054143492730","0,00000081793419757690","0,00000079693996422815","0,00000001065281614356","0,00000001516757620847","0,00000143209503526269","0,00000037605789989115","0,00000173056096119826","0,00000101192504200466","0,00000136698728929316","0,00000133664981951190","0,00000050664540034593","0,00000001185951243354","0,00000258116490171946","0,00000409406078132437"
"0,36771251363897444700","0,00000029188332174829","0,00000041474496617876","0,00000033885002382844","0,00000001440595780862","0,00000001130496178616","0,00000006096241139555","0,00000082433820338571","0,00000080349734290444","0,00000001064858315411","0,00000001514353839107","0,00000144198687373853","0,00000037922243901187","0,00000174278734949013","0,00000101773642007225","0,00000137544653598602","0,00000134577682310365","0,00000050988018431296","0,00000001189100577867","0,00000259731212253875","0,00000410915814778699"
"0,36971643914105062300","0,00000029289370457355","0,00000041756742773790","0,00000034078716339464","0,00000001440638300108","0,00000001131349992026","0,00000006136747817372","0,00000083073508853192","0,00000081004950357816","0,00000001064818075962","0,00000001512464287966","0,00000145186586131548","0,00000038237466091276","0,00000175499981313776","0,00000102354923782144","0,00000138390130658749","0,00000135489738942980","0,00000051313461754641","0,00000001191669638737","0,00000261335972737635","0,00000412425446289640"
"0,37172036464312674400","0,00000029389340833591","0,00000042038379326706","0,00000034274561586583","0,00000001440947594294","0,00000001132019077823","0,00000006175663526182","0,00000083712485301554","0,00000081659644624933","0,00000001065160896007","0,00000001511088967423","0,00000146173199799353","0,00000038551456559380","0,00000176719835214115","0,00000102936349525225","0,00000139235160109756","0,00000136401151849034","0,00000051640870004626","0,00000001193658425965","0,00000262930771623226","0,00000413934972665261"
"0,37372429014520292000","0,00000029488243303536","0,00000042319406276625","0,00000034472538124201","0,00000001441523663420","0,00000001132503436008","0,00000006212988265983","0,00000084350749683655","0,00000082313817091794","0,00000001065886775547","0,00000001510227877480","0,00000147158528377268","0,00000038864215305501","0,00000177938296650030","0,00000103517919236467","0,00000140079741951624","0,00000137311921028528","0,00000051970243181253","0,00000001195066939551","0,00000264515608910648","0,00000415444393905560"
"0,37572821564727909600","0,00000029586077867192","0,00000042599823623545","0,00000034672645952318","0,00000001442366507487","0,00000001132803066581","0,00000006248722036777","0,00000084988301999496","0,00000082967467758400","0,00000001066995714581","0,00000001509881018135","0,00000148142571865294","0,00000039175742329639","0,00000179155365621521","0,00000104099632915869","0,00000140923876184353","0,00000138222046481462","0,00000052301581284521","0,00000001195895179494","0,00000266090484599902","0,00000416953710010538"
"0,37773214114935521600","0,00000029682844524557","0,00000042879631367468","0,00000034874885070934","0,00000001443476126494","0,00000001132917969541","0,00000006282864838563","0,00000085625142249078","0,00000083620596624750","0,00000001068487713110","0,00000001510048389389","0,00000149125330263429","0,00000039486037631792","0,00000180371042128588","0,00000104681490563433","0,00000141767562807943","0,00000139131528207836","0,00000052634884314431","0,00000001196143145794","0,00000267655398690987","0,00000418462920980195"
"0,37973606665143139200","0,00000029778543275632","0,00000043158829508393","0,00000035079255480048","0,00000001444852520441","0,00000001132848144888","0,00000006315416671341","0,00000086261270432399","0,00000084273203690845","0,00000001070362771134","0,00000001510729991242","0,00000150106803571675","0,00000039795101211962","0,00000181585326171231","0,00000105263492179157","0,00000142610801822393","0,00000140040366207649","0,00000052970152270981","0,00000001195810838453","0,00000269210351183903","0,00000419972026814532"
"0,38173999215350751200","0,00000029873174120417","0,00000043437418046320","0,00000035285757179662","0,00000001446495689328","0,00000001132593592623","0,00000006346377535111","0,00000086896686549460","0,00000084925288956684","0,00000001072620888653","0,00000001511925823694","0,00000151086991790031","0,00000040102933070148","0,00000182798217749449","0,00000105845637763043","0,00000143453593227704","0,00000140948560480901","0,00000053307385154172","0,00000001194898257468","0,00000270755342078650","0,00000421481027513547"
"0,38374391765558368800","0,00000029966737058912","0,00000043715396981249","0,00000035494390169774","0,00000001448405633156","0,00000001132154312746","0,00000006375747429873","0,00000087531390600262","0,00000085576852422267","0,00000001075262065666","0,00000001513635886745","0,00000152065894918497","0,00000040409533206350","0,00000184009716863244","0,00000106427927315089","0,00000144295937023875","0,00000141856111027594","0,00000053646582964005","0,00000001193405402841","0,00000272290371375229","0,00000422989923077241"
"0,38574784315765986400","0,00000030059232091117","0,00000043992766313181","0,00000035705154450385","0,00000001450582351924","0,00000001131530305256","0,00000006403526355628","0,00000088165382584803","0,00000086227894087595","0,00000001078286302174","0,00000001515860180395","0,00000153043512957073","0,00000040714901620569","0,00000185219823512615","0,00000107010360835296","0,00000145137833210907","0,00000142763017847726","0,00000053987745700478","0,00000001191332274572","0,00000273815439073639","0,00000424498713505615"
"0,38775176865973598500","0,00000030150659217031","0,00000044269526042114","0,00000035918050021496","0,00000001453025845632","0,00000001130721570153","0,00000006429714312374","0,00000088798662503084","0,00000086878413952667","0,00000001081693598177","0,00000001518598704643","0,00000154019845905759","0,00000041019038312804","0,00000186428537697562","0,00000107592938323665","0,00000145979281788800","0,00000143669280941297","0,00000054330873363593","0,00000001188678872660","0,00000275330545173881","0,00000426007398798667"
"0,38975569416181216100","0,00000030241018436656","0,00000044545676168050","0,00000036133076883105","0,00000001455736114281","0,00000001129728107438","0,00000006454311300113","0,00000089431230355106","0,00000087528412017484","0,00000001085483953674","0,00000001521851459491","0,00000154994893764556","0,00000041321943283055","0,00000187635859418084","0,00000108175659780194","0,00000146820282757554","0,00000144574900308308","0,00000054675965953349","0,00000001185445197106","0,00000276835689675953","0,00000427515978956399"
"0,39175961966388828100","0,00000030330309749990","0,00000044821216690988","0,00000036350235035212","0,00000001458713157870","0,00000001128549917111","0,00000006477317318844","0,00000090063086140867","0,00000088177888282045","0,00000001089657368666","0,00000001525618444937","0,00000155968656533462","0,00000041623616531322","0,00000188841788674183","0,00000108758525204885","0,00000147660836117168","0,00000145479875948759","0,00000055023023469746","0,00000001181631247909","0,00000278330872579857","0,00000429024453978809"
"0,39376354516596445700","0,00000030418533157034","0,00000045096147610929","0,00000036569524477819","0,00000001461956976399","0,00000001127186999171","0,00000006498732368567","0,00000090694229860368","0,00000088826842746351","0,00000001094213843152","0,00000001529899660982","0,00000156941134212479","0,00000041924058057605","0,00000190046325465858","0,00000109341534597736","0,00000148500941867643","0,00000146384207862650","0,00000055372045912784","0,00000001177237025069","0,00000279816093885592","0,00000430532823865898"
"0,39576747066804057700","0,00000030505688657788","0,00000045370468927871","0,00000036790945210925","0,00000001465467569869","0,00000001125639353619","0,00000006518556449283","0,00000091324661513610","0,00000089475275410400","0,00000001099153377133","0,00000001534695107626","0,00000157912326801606","0,00000042223267861905","0,00000191249469793109","0,00000109924687958748","0,00000149340600008978","0,00000147287896049980","0,00000055723033282464","0,00000001172262528588","0,00000281291353593159","0,00000432041088617667"
"0,39777139617011675300","0,00000030591776252252","0,00000045644180641816","0,00000037014497234529","0,00000001469244938279","0,00000001123906980454","0,00000006536789560990","0,00000091954381100591","0,00000090123186274195","0,00000001104475970609","0,00000001540004784869","0,00000158882234300843","0,00000042521245944221","0,00000192451221655935","0,00000110507985287921","0,00000150179810541174","0,00000148190940510750","0,00000056075985578784","0,00000001166707758463","0,00000282756651702556","0,00000433549248234114"
"0,39977532167219292900","0,00000030676795940425","0,00000045917282752762","0,00000037240180548632","0,00000001473289081629","0,00000001121989879676","0,00000006553431703690","0,00000092583388621313","0,00000090770575337734","0,00000001110181623580","0,00000001545828692711","0,00000159850856710190","0,00000042817992304553","0,00000193651581054338","0,00000111091426585255","0,00000151018573464231","0,00000149093341244959","0,00000056430902801746","0,00000001160572714697","0,00000284211988213785","0,00000435057302715241"
"0,40177924717426905000","0,00000030761327636006","0,00000046189772809769","0,00000037466561414408","0,00000001477275728350","0,00000001119973517286","0,00000006570580785426","0,00000093211828676005","0,00000091417189664480","0,00000001115876336167","0,00000001551822193869","0,00000160817986771157","0,00000043115154647394","0,00000194851031606741","0,00000111674291644097","0,00000151855513483053","0,00000149994173941151","0,00000056786443637139","0,00000001154454945848","0,00000285659665455611","0,00000436564336187259"
"0,40378317267634522600","0,00000030845951252693","0,00000046461648361893","0,00000037692206093028","0,00000001480880606872","0,00000001117943359283","0,00000006590334714243","0,00000093839845864899","0,00000092062776317896","0,00000001121166108491","0,00000001557640651060","0,00000161783417225253","0,00000043414380677235","0,00000196050056931566","0,00000112255860257793","0,00000152689255302544","0,00000150892514287870","0,00000057141266770753","0,00000001148952000480","0,00000287101985756797","0,00000438069432776382"
"0,40578709817842134600","0,00000030930666790485","0,00000046732909409133","0,00000037917114584494","0,00000001484103717196","0,00000001115899405668","0,00000006612693490141","0,00000094467440187994","0,00000092707335297983","0,00000001126050940554","0,00000001563284064285","0,00000162747148072478","0,00000043715670394078","0,00000197248657028816","0,00000112836132426342","0,00000153519798922704","0,00000151788362285115","0,00000057495372202589","0,00000001144063878590","0,00000288538949117345","0,00000439572592482609"
"0,40779102368049752200","0,00000031015474249382","0,00000047003555951491","0,00000038141286888805","0,00000001486945059322","0,00000001113841656439","0,00000006637657113119","0,00000095094611645291","0,00000093350866604739","0,00000001130530832354","0,00000001568752433543","0,00000163709179312832","0,00000044019023797921","0,00000198446831898489","0,00000113415108149745","0,00000154347144343533","0,00000152681717932887","0,00000057848759932646","0,00000001139790580180","0,00000289970555537254","0,00000441073815305940"
"0,40979494918257369800","0,00000031100373629385","0,00000047273587988966","0,00000038364723005961","0,00000001489404633250","0,00000001111770111598","0,00000006665225583179","0,00000095721360236790","0,00000093993370238166","0,00000001134605783892","0,00000001574045758835","0,00000164669510946315","0,00000044324440888766","0,00000199644581540585","0,00000113992787428002","0,00000155171291565032","0,00000153572581231185","0,00000058201429960924","0,00000001136132105250","0,00000291396805016524","0,00000442573101246376"
"0,41179887468464981800","0,00000031185364930493","0,00000047543005521558","0,00000038587422935963","0,00000001491482438978","0,00000001109684771143","0,00000006695398900319","0,00000096347685962491","0,00000094634846198264","0,00000001138275795167","0,00000001579164040160","0,00000165628142972926","0,00000044631921666611","0,00000200841905955105","0,00000114569170261113","0,00000155992240587200","0,00000154460952180009","0,00000058553382287424","0,00000001133088453799","0,00000292817697555155","0,00000444070450303917"
"0,41380280018672599400","0,00000031270448152706","0,00000047811808549267","0,00000038809386678809","0,00000001493178476509","0,00000001107585635076","0,00000006728177064539","0,00000096973588822393","0,00000095275294485031","0,00000001141540866181","0,00000001584107277519","0,00000166585075392667","0,00000044941466131457","0,00000202038805142049","0,00000115144256649078","0,00000156809991410037","0,00000155346830779360","0,00000058904616912146","0,00000001130659625828","0,00000294233233153147","0,00000445565862478562"
"0,41580672568880211400","0,00000031355623296025","0,00000048079997072093","0,00000039030614234501","0,00000001494492745841","0,00000001105472703396","0,00000006763560075841","0,00000097599068816496","0,00000095914715098469","0,00000001144400996932","0,00000001588875470911","0,00000167540308205537","0,00000045253074283304","0,00000203235279101416","0,00000115718046591897","0,00000157624544033543","0,00000156230217029238","0,00000059255133835089","0,00000001128845621336","0,00000295643411810501","0,00000447059337770311"
"0,41781065119087829000","0,00000031440890360449","0,00000048347571090037","0,00000039251105603038","0,00000001495425246974","0,00000001103345976103","0,00000006801547934224","0,00000098224125944802","0,00000096553108038577","0,00000001146856187421","0,00000001593468620337","0,00000168493841411536","0,00000045566746122151","0,00000204431327833206","0,00000116290540089570","0,00000158435898457719","0,00000157111110929641","0,00000059604933056253","0,00000001127646440323","0,00000297048233527216","0,00000448550876179165"
"0,41981457669295446600","0,00000031526249345978","0,00000048614530603097","0,00000039470860784421","0,00000001495975979909","0,00000001101205453197","0,00000006842140639687","0,00000098848760207309","0,00000097190473305356","0,00000001148906437648","0,00000001597886725796","0,00000169445675010664","0,00000045882481648000","0,00000205626951337420","0,00000116861737142096","0,00000159244054682563","0,00000157989512480571","0,00000059954014575639","0,00000001127062082790","0,00000298447698303292","0,00000450040477705124"
"0,42181850219503058700","0,00000031611700252613","0,00000048880875611275","0,00000039689879778648","0,00000001496144944646","0,00000001099051134679","0,00000006885338192231","0,00000099472971604018","0,00000097826810898804","0,00000001150551747612","0,00000001602129787288","0,00000170395809002921","0,00000046200280860850","0,00000206822149614058","0,00000117431637749477","0,00000160049012708077","0,00000158865421682028","0,00000060302378393246","0,00000001127092548737","0,00000299841806138729","0,00000451528142348187"
"0,42382242769710676300","0,00000031697243080353","0,00000049146606114570","0,00000039908162585721","0,00000001495932141184","0,00000001096883020547","0,00000006931140591856","0,00000100096760134928","0,00000098462120818923","0,00000001151792117315","0,00000001606197804814","0,00000171344243388307","0,00000046520143760700","0,00000208016922663119","0,00000118000241911711","0,00000160850772534260","0,00000159738838534010","0,00000060650024509074","0,00000001127737838163","0,00000301230557033528","0,00000453013870108354"
"0,42582635319918288300","0,00000031782877829198","0,00000049411722112981","0,00000040125709205639","0,00000001495337569524","0,00000001094701110803","0,00000006979547838561","0,00000100720125800040","0,00000099096403065712","0,00000001152627546755","0,00000001610090778373","0,00000172290978166822","0,00000046842070347551","0,00000209211270484603","0,00000118567549628799","0,00000161649334161113","0,00000160609763036520","0,00000060996952923124","0,00000001128997951068","0,00000302613950987688","0,00000454497660985626"
"0,42783027870125905900","0,00000031868604499149","0,00000049676223606510","0,00000040342519638402","0,00000001494361229666","0,00000001092505405446","0,00000007030559932348","0,00000101343068599354","0,00000099729657639171","0,00000001153058035933","0,00000001613808707966","0,00000173236013338466","0,00000047166060621404","0,00000210405193078511","0,00000119133560900741","0,00000162444697588634","0,00000161478195189555","0,00000061343163635396","0,00000001130872887453","0,00000303991988001209","0,00000455979514980002"
"0,42983420420333517900","0,00000031954423090205","0,00000049940110595156","0,00000040558593884010","0,00000001493003121608","0,00000001090295904475","0,00000007084176873215","0,00000101965588532869","0,00000100361884539301","0,00000001153083584848","0,00000001617351593593","0,00000174179348903239","0,00000047492114582257","0,00000211598690444843","0,00000119698275727537","0,00000163236862816825","0,00000162344134993117","0,00000061688656645888","0,00000001133362647318","0,00000305364668074091","0,00000457459432091483"
"0,43183812970541135500","0,00000032040333602367","0,00000050203383078920","0,00000040773931942464","0,00000001491263245353","0,00000001088072607893","0,00000007140398661163","0,00000102587685600586","0,00000100993083766101","0,00000001152704193502","0,00000001620719435252","0,00000175120984861141","0,00000047820232230111","0,00000212791762583598","0,00000120261694109187","0,00000164025829845685","0,00000163207582447206","0,00000062033431954603","0,00000001136467230661","0,00000306731991206334","0,00000458937412320068"
"0,43384205520748753100","0,00000032126336035633","0,00000050466041057800","0,00000040988533813763","0,00000001489141600899","0,00000001085835515697","0,00000007199225296191","0,00000103209359802505","0,00000101623255319571","0,00000001151919861893","0,00000001623912232946","0,00000176060921212172","0,00000048150413564966","0,00000213984409494776","0,00000120823816045691","0,00000164811598675214","0,00000164068537551821","0,00000062377489561538","0,00000001140186637485","0,00000308093957397939","0,00000460413455665758"
"0,43584598070956365200","0,00000032212430390006","0,00000050728084531797","0,00000041202399497907","0,00000001486638188247","0,00000001083584627888","0,00000007260656778301","0,00000103830611138625","0,00000102252399199711","0,00000001150730590022","0,00000001626929986672","0,00000176999157956332","0,00000048482658586821","0,00000215176631178378","0,00000121384641537049","0,00000165594169305412","0,00000164927000306962","0,00000062720829466695","0,00000001144520867788","0,00000309450566648905","0,00000461887562128552"
"0,43784990621163982800","0,00000032298616665483","0,00000050989513500912","0,00000041415528994896","0,00000001483753007396","0,00000001081319944467","0,00000007324693107491","0,00000104451439608947","0,00000102880515406522","0,00000001149136377889","0,00000001629772696432","0,00000177935695093620","0,00000048816967295678","0,00000216368427634404","0,00000121944170583260","0,00000166373541736280","0,00000165782970712630","0,00000063063451670074","0,00000001149469921570","0,00000310801818959232","0,00000463359731708451"
"0,43985383171371594800","0,00000032384894862066","0,00000051250327965144","0,00000041627922304730","0,00000001480486058347","0,00000001079041465432","0,00000007391334283762","0,00000105071845213471","0,00000103507603940003","0,00000001147137225493","0,00000001632440362226","0,00000178870532624038","0,00000049153339691536","0,00000217559798862853","0,00000122502403184326","0,00000167149715967817","0,00000166636448768824","0,00000063405356171674","0,00000001155033798832","0,00000312147714328920","0,00000464829964405454"
"0,44185775721579212400","0,00000032471264979754","0,00000051510527924492","0,00000041839579427410","0,00000001476837341099","0,00000001076749190785","0,00000007460580307114","0,00000105691827952196","0,00000104133664800154","0,00000001144733132836","0,00000001634932984053","0,00000179803670547585","0,00000049491775774394","0,00000218750744863725","0,00000123059339340245","0,00000167922692000023","0,00000167487434475544","0,00000063746542971495","0,00000001161212499573","0,00000313488252757969","0,00000466298260219561"
"0,44386168271786830000","0,00000032557727018548","0,00000051770113378958","0,00000042050500362935","0,00000001472806855653","0,00000001074443120525","0,00000007532431177547","0,00000106311387825123","0,00000104758697986975","0,00000001141924099916","0,00000001637250561913","0,00000180735108864261","0,00000049832275544253","0,00000219941265637021","0,00000123614979051018","0,00000168692469832898","0,00000168335927832791","0,00000064087012069538","0,00000001168006023794","0,00000314823434246380","0,00000467764619150774"
"0,44586560821994442000","0,00000032644280978447","0,00000052029084328541","0,00000042260685111305","0,00000001468394602008","0,00000001072123254652","0,00000007606886895060","0,00000106930524832252","0,00000105382703500467","0,00000001138710126733","0,00000001639393095807","0,00000181664847574066","0,00000050174839001113","0,00000221131361182741","0,00000124169322316645","0,00000169459049466442","0,00000169181928840564","0,00000064426763465802","0,00000001175414371494","0,00000316153258794152","0,00000469229041199090"
"0,44786953372202059600","0,00000032730926859451","0,00000052287440773241","0,00000042470133672520","0,00000001463600580165","0,00000001069789593166","0,00000007683947459654","0,00000107549238973582","0,00000106005681340628","0,00000001135091213289","0,00000001641360585735","0,00000182592886677000","0,00000050519466144974","0,00000222321031500884","0,00000124722369137126","0,00000170222430900656","0,00000170025437498864","0,00000064765797160287","0,00000001183437542673","0,00000317477726401285","0,00000470691526364511"
"0,44987345922409671700","0,00000032817664661561","0,00000052545182713059","0,00000042678846046580","0,00000001458424790124","0,00000001067442136068","0,00000007763612871329","0,00000108167530249114","0,00000106627631507460","0,00000001131067359582","0,00000001643153031695","0,00000183519226173063","0,00000050866156975836","0,00000223510276591451","0,00000125274119512461","0,00000170982614135539","0,00000170866453807690","0,00000065104113152994","0,00000001192075537333","0,00000318796837067779","0,00000472152074647037"
"0,45187738472617289300","0,00000032903645647681","0,00000052801746573607","0,00000042887134427167","0,00000001453254267619","0,00000001065461603884","0,00000007843088341875","0,00000108784068033745","0,00000107247511716748","0,00000001126918464844","0,00000001645325715171","0,00000184443398584574","0,00000051212151588809","0,00000224696594539824","0,00000125824597969724","0,00000171739783352383","0,00000171706398102005","0,00000065442078555331","0,00000001200496855316","0,00000320109836555907","0,00000473607528091638"
"0,45388131022824901300","0,00000032988021080716","0,00000053056568780499","0,00000043095311007959","0,00000001448476048387","0,00000001064228717143","0,00000007919579083082","0,00000109397521702374","0,00000107864279684275","0,00000001122924428306","0,00000001648433917644","0,00000185364936433853","0,00000051554690079003","0,00000225877483431386","0,00000126373829035991","0,00000172494122732479","0,00000172546690716771","0,00000065780060478705","0,00000001207869996470","0,00000321415970627943","0,00000475054728743288"
"0,45588523573032518900","0,00000033070790960667","0,00000053309649333735","0,00000043303375788958","0,00000001444090132428","0,00000001063743475846","0,00000007993085094950","0,00000110007891255000","0,00000108477935410042","0,00000001119085249968","0,00000001652477639113","0,00000186283839720898","0,00000051893772446419","0,00000227052943266138","0,00000126921812711260","0,00000173245632275827","0,00000173387331651989","0,00000066118058923117","0,00000001214194960794","0,00000322715239283886","0,00000476493676601985"
"0,45788916123240136500","0,00000033151955287534","0,00000053560988233316","0,00000043511328770163","0,00000001440096519741","0,00000001064005879991","0,00000008063606377478","0,00000110615176691622","0,00000109088478894049","0,00000001115400929828","0,00000001657456879579","0,00000187200108445711","0,00000052229398691055","0,00000228222974044079","0,00000127468548995532","0,00000173994311982428","0,00000174228320907659","0,00000066456073888567","0,00000001219471748287","0,00000324007642523737","0,00000477924371667730"
"0,45989308673447748500","0,00000033231514061316","0,00000053810585479241","0,00000043719169951574","0,00000001436495210327","0,00000001065015929580","0,00000008131142930668","0,00000111219378012242","0,00000109695910136296","0,00000001111871467889","0,00000001663371639041","0,00000188113742608290","0,00000052561568812913","0,00000229387575765209","0,00000128014037888808","0,00000174740161852281","0,00000175069658483779","0,00000066794105375055","0,00000001223700358951","0,00000325293180347495","0,00000479346813940523"
"0,46189701223655366100","0,00000033309467282014","0,00000054058441071510","0,00000043926899333192","0,00000001433286204185","0,00000001066773624612","0,00000008195694754519","0,00000111820495216860","0,00000110300229136783","0,00000001108496864149","0,00000001670221917500","0,00000189024742208637","0,00000052890282811992","0,00000230546748429529","0,00000128558279391086","0,00000175483181885386","0,00000175911344380352","0,00000067132153382581","0,00000001226880792784","0,00000326571852755160","0,00000480761003420364"
"0,46390093773862978200","0,00000033385814949627","0,00000054304555010123","0,00000044134516915016","0,00000001430469501316","0,00000001069278965086","0,00000008257261849030","0,00000112418528305474","0,00000110901435895510","0,00000001105277118609","0,00000001678007714956","0,00000189933107246751","0,00000053215540688291","0,00000231700492037038","0,00000129101273502368","0,00000176223372081744","0,00000176753378597375","0,00000067470217911144","0,00000001229013049787","0,00000327843659746733","0,00000482166940107253"
"0,46590486324070595800","0,00000033460557064155","0,00000054548927295081","0,00000044342022697046","0,00000001428045101719","0,00000001072531951004","0,00000008315844214202","0,00000113013477278086","0,00000111499530412477","0,00000001102212231269","0,00000001686729031408","0,00000190838837722633","0,00000053537342441812","0,00000232848806587737","0,00000129643020222653","0,00000176960732441354","0,00000177595761134850","0,00000067808298960745","0,00000001230097129960","0,00000329108601322212","0,00000483564624001190"
"0,46790878874278213300","0,00000033533693625599","0,00000054791557926383","0,00000044549416679282","0,00000001426013005395","0,00000001076532582364","0,00000008371441850036","0,00000113605342134695","0,00000112094512687684","0,00000001099302202128","0,00000001696385866857","0,00000191741933636281","0,00000053855688072555","0,00000233991692081624","0,00000130183519551940","0,00000177695262964216","0,00000178438491992777","0,00000068146396531384","0,00000001230133033303","0,00000330366677481600","0,00000484954055102174"
"0,46991271424485825400","0,00000033605224633959","0,00000055032446904029","0,00000044756698861725","0,00000001424373212343","0,00000001081280859168","0,00000008424054756530","0,00000114194122875301","0,00000112686382721131","0,00000001096547031186","0,00000001706978221303","0,00000192642394987697","0,00000054170577580518","0,00000235129148518702","0,00000130722771490231","0,00000178426963650331","0,00000179281571171155","0,00000068484510623061","0,00000001229120759816","0,00000331617888224894","0,00000486335233410206"
"0,47191663974693443000","0,00000033675150089234","0,00000055271594228020","0,00000044963869244374","0,00000001423125722564","0,00000001086776781415","0,00000008473682933685","0,00000114779819499904","0,00000113275140512818","0,00000001093946718445","0,00000001718506094745","0,00000193540221776880","0,00000054482010965702","0,00000236261175898968","0,00000131260776037525","0,00000179155834499698","0,00000180124998669985","0,00000068822641235775","0,00000001227060309498","0,00000332862233552096","0,00000487708158925287"
"0,47392056524901055000","0,00000033743469991425","0,00000055508999898354","0,00000045170927827229","0,00000001422270536057","0,00000001093020349105","0,00000008520326381501","0,00000115362432008504","0,00000113860786062745","0,00000001091501263903","0,00000001730969487184","0,00000194435414003830","0,00000054789988228108","0,00000237387774222424","0,00000131797533193822","0,00000179881875512318","0,00000180968774489266","0,00000069160788369527","0,00000001223951682351","0,00000334099713463205","0,00000489072831647415"
"0,47592449075108672600","0,00000033810184340531","0,00000055744663915033","0,00000045377874610290","0,00000001421807652823","0,00000001100011562237","0,00000008563985099978","0,00000115941960401102","0,00000114443319370912","0,00000001089210667560","0,00000001744368398619","0,00000195327971668547","0,00000055094509367735","0,00000238508943489070","0,00000132333042959122","0,00000180605086688189","0,00000181812898628998","0,00000069498952024317","0,00000001219794878373","0,00000335330327958222","0,00000490429251576590"
"0,47792841625316290200","0,00000033875293136552","0,00000055978586278056","0,00000045584709593558","0,00000001421737072861","0,00000001107750420813","0,00000008604659089116","0,00000116518404677697","0,00000115022740437319","0,00000001087074929417","0,00000001758702829051","0,00000196217894771031","0,00000055395574384583","0,00000239624683698904","0,00000132867305333425","0,00000181325468027314","0,00000182657371089182","0,00000069837132200145","0,00000001214589897566","0,00000336554077037145","0,00000491777418712814"
"0,47993234175523902200","0,00000033938796379489","0,00000056210766987424","0,00000045791432777032","0,00000001422058796172","0,00000001116236924832","0,00000008642348348915","0,00000117091764838289","0,00000115599049261966","0,00000001085094049474","0,00000001773972778480","0,00000197105183311283","0,00000055693183278652","0,00000240734994851928","0,00000133400320316731","0,00000182043019529690","0,00000183502191869817","0,00000070175328897011","0,00000001208336739928","0,00000337770960699977","0,00000493117333056086"
"0,48193626725731519800","0,00000034000694069342","0,00000056441206043135","0,00000045998044160712","0,00000001422772822756","0,00000001125471074294","0,00000008677052879375","0,00000117662040882878","0,00000116172245844853","0,00000001083268027731","0,00000001790178246905","0,00000197989837289302","0,00000055987336049942","0,00000241839876948142","0,00000133932087909040","0,00000182757741195319","0,00000184347360970904","0,00000070513542114914","0,00000001201035405460","0,00000338980978946715","0,00000494448994606405"
"0,48394019275939131900","0,00000034060986206110","0,00000056669903445191","0,00000046204543744599","0,00000001423879152612","0,00000001135452869199","0,00000008708772680495","0,00000118229232811464","0,00000116742330185980","0,00000001081596864187","0,00000001807319234327","0,00000198871856705088","0,00000056278032698454","0,00000242939329987545","0,00000134462608110352","0,00000183469633024200","0,00000185192878392442","0,00000070851771853855","0,00000001192685894162","0,00000340184131777361","0,00000495772403363773"
"0,48594411826146749500","0,00000034119672789794","0,00000056896859193592","0,00000046410931528692","0,00000001425377785740","0,00000001146182309547","0,00000008737507752277","0,00000118793340624048","0,00000117309302285347","0,00000001080080558843","0,00000001825395740746","0,00000199751241558641","0,00000056565273224186","0,00000244033353970137","0,00000134991880920667","0,00000184178695016334","0,00000186038744134432","0,00000071190018113834","0,00000001183288206034","0,00000341380419191914","0,00000497087559328188"
"0,48794804376354361500","0,00000034176753820393","0,00000057122073288336","0,00000046617207512991","0,00000001427268722141","0,00000001157659395338","0,00000008763258094719","0,00000119354364320628","0,00000117873162142953","0,00000001078719111698","0,00000001844407766161","0,00000200627991849961","0,00000056849057627140","0,00000245121948895918","0,00000135519906339986","0,00000184884927171720","0,00000186884958196873","0,00000071528280894851","0,00000001172842341076","0,00000342569841190374","0,00000498394462499651"
"0,48995196926561979100","0,00000034232229297908","0,00000057345545729425","0,00000046823371697496","0,00000001429551961815","0,00000001169884126572","0,00000008786023707823","0,00000119912303901206","0,00000118433909758800","0,00000001077512522753","0,00000001864355310573","0,00000201502107579049","0,00000057129385907315","0,00000246205114764889","0,00000136046684368307","0,00000185588329490358","0,00000187731520579766","0,00000071866560196906","0,00000001161348299288","0,00000343752397772742","0,00000499693112878162"
"0,49195589476769596700","0,00000034286099222338","0,00000057567276516858","0,00000047029424082208","0,00000001432227504761","0,00000001182856503249","0,00000008805804591587","0,00000120467159365781","0,00000118991545132887","0,00000001076460792008","0,00000001885238373982","0,00000202373588745903","0,00000057406258064711","0,00000247282851577049","0,00000136572215005631","0,00000186288901972248","0,00000188578431283110","0,00000072204856019998","0,00000001148806080669","0,00000344928088939017","0,00000500983510463721"
"0,49395982026977208700","0,00000034338363593684","0,00000057787265650635","0,00000047235364667126","0,00000001435295350979","0,00000001196576525369","0,00000008822600746013","0,00000121018930714354","0,00000119546068265214","0,00000001075563919462","0,00000001907056956387","0,00000203242435350525","0,00000057679674099328","0,00000248355159332399","0,00000137096498251959","0,00000186986644617391","0,00000189425690306905","0,00000072543168364128","0,00000001135215685220","0,00000346096914689200","0,00000502265655256327"
"0,49596374577184826300","0,00000034389022411945","0,00000058005513130756","0,00000047441193452250","0,00000001438755500470","0,00000001211044192932","0,00000008836412171099","0,00000121567617946923","0,00000120097479155780","0,00000001074821905116","0,00000001929811057789","0,00000204108647392914","0,00000057949634011167","0,00000249422038030938","0,00000137619534107289","0,00000187681557425787","0,00000190273297651152","0,00000072881497229296","0,00000001120577112942","0,00000347258875023290","0,00000503539547255982"
"0,49796767127392438400","0,00000034438075677121","0,00000058222018957222","0,00000047646910437580","0,00000001442607953234","0,00000001226259505938","0,00000008847238866846","0,00000122113221063490","0,00000120645777804587","0,00000001074234748969","0,00000001953500678187","0,00000204972224873070","0,00000058216137800226","0,00000250483487672666","0,00000138141322571623","0,00000188373640397434","0,00000191121253315851","0,00000073219842615502","0,00000001104890363833","0,00000348413969941287","0,00000504805186462684"
"0,49997159677600056000","0,00000034485523389214","0,00000058436783130032","0,00000047852515623117","0,00000001446852709270","0,00000001242222464387","0,00000008855080833254","0,00000122655740064053","0,00000121190964211634","0,00000001073802451022","0,00000001978125817582","0,00000205833167790993","0,00000058479185466507","0,00000251539508257584","0,00000138661863644960","0,00000189062893532334","0,00000191969557301001","0,00000073558204522745","0,00000001088155437894","0,00000349562199443191","0,00000506062572876434"
"Sweep Time (mili secs)5,661000E+3",,,,,,,,,,,,,,,,,,,,
