Variable Source,dev1,dev2,dev3,dev4,dev5,dev6,dev7,dev8,dev9,dev10,dev11,dev12,dev13,dev14,dev15,dev16,dev17,Dev 18,Dev 19,Dev 20
"-0,49998722875999979100","0,00000034790545365458","0,00000082805408607296","0,00000073253925946039","0,00000001048601957626","0,00000000923826426858","-0,00000019780043421870","0,00000176208237876294","0,00000175830261343364","0,00000000974626742821","0,00000002341663896454","0,00000257152813594670","0,00000096029552507634","0,00000334851079562193","0,00000148357193474423","0,00000225981431067828","0,00000215563718429468","0,00000110558703000500","0,00000001013796605644","0,00000489840961278776","0,00000712251467314876"
"-0,49798330325792361500","0,00000034763480556061","0,00000082653559238148","0,00000073412419011224","0,00000001040510542837","0,00000000935324855661","-0,00000019680665066627","0,00000175841635467795","0,00000175574997918478","0,00000000990756817152","0,00000002363075854558","0,00000256837577804486","0,00000095814167976657","0,00000334241168737865","0,00000148127401119146","0,00000225530917957662","0,00000215089213724238","0,00000110375064980767","0,00000001024454016112","0,00000489552001362271","0,00000712965970769261"
"-0,49597937775584749500","0,00000034736891479981","0,00000082501545924948","0,00000073568011506779","0,00000001033244827785","0,00000000946441952981","-0,00000019581768242270","0,00000175472630060227","0,00000175317003658880","0,00000001006093113908","0,00000002382986878036","0,00000256513356022335","0,00000095597873583327","0,00000333626824370494","0,00000147892657762952","0,00000225075893949406","0,00000214609140867127","0,00000110190248537371","0,00000001034510779901","0,00000489250327464011","0,00000713644367174753"
"-0,49397545225377131900","0,00000034710778137216","0,00000082349368667696","0,00000073720703432704","0,00000001026804812472","0,00000000957177718819","-0,00000019483352948798","0,00000175101221653590","0,00000175056278564570","0,00000001020635633091","0,00000002401396966889","0,00000256180148248217","0,00000095380669327643","0,00000333008046460079","0,00000147652963405841","0,00000224616359043062","0,00000214123499858137","0,00000110004253670311","0,00000001043966897011","0,00000488935939583996","0,00000714286656531351"
"-0,49197152675169519800","0,00000034685140527767","0,00000082197027466391","0,00000073870494788999","0,00000001021190496896","0,00000000967532153174","-0,00000019385419186210","0,00000174727410247884","0,00000174792822635548","0,00000001034384374699","0,00000002418306121117","0,00000255837954482132","0,00000095162555209606","0,00000332384835006621","0,00000147408318047813","0,00000224152313238628","0,00000213632290697267","0,00000109817080379588","0,00000001052822367443","0,00000488608837722227","0,00000714892838839055"
"-0,48996760124961902200","0,00000034659978651634","0,00000082044522321033","0,00000074017385575665","0,00000001016401881058","0,00000000977505256048","-0,00000019287966954507","0,00000174351195843110","0,00000174526635871813","0,00000001047339338732","0,00000002433714340720","0,00000255486774724079","0,00000094943531229215","0,00000331757190010120","0,00000147158721688869","0,00000223683756536106","0,00000213135513384517","0,00000109628728665201","0,00000001061077191196","0,00000488269021878702","0,00000715462914097866"
"-0,48796367574754284600","0,00000034635292508818","0,00000081891853231624","0,00000074161375792700","0,00000001012438964957","0,00000000987097027439","-0,00000019190996253690","0,00000173972578439267","0,00000174257718273366","0,00000001059500525192","0,00000002447621625698","0,00000255126608974060","0,00000094723597386471","0,00000331125111470575","0,00000146904174329007","0,00000223210688935494","0,00000212633167919887","0,00000109439198527151","0,00000001068731368270","0,00000487916492053423","0,00000715996882307784"
"-0,48595975024546672600","0,00000034611082099317","0,00000081739020198161","0,00000074302465440105","0,00000001009301748594","0,00000000996307467348","-0,00000019094507083757","0,00000173591558036356","0,00000173986069840206","0,00000001070867934077","0,00000002460027976050","0,00000254757457232073","0,00000094502753681374","0,00000330488599387986","0,00000146644675968229","0,00000222733110436794","0,00000212125254303378","0,00000109248489965437","0,00000001075784898665","0,00000487551248246390","0,00000716494743468809"
"-0,48395582474339055000","0,00000034587347423132","0,00000081586023220647","0,00000074440654517881","0,00000001006990231969","0,00000001005136575775","-0,00000018998499444709","0,00000173208134634375","0,00000173711690572335","0,00000001081441565389","0,00000002470933391777","0,00000254379319498120","0,00000094281000113923","0,00000329847653762354","0,00000146380226606534","0,00000222251021040004","0,00000211611772534988","0,00000109056602980060","0,00000001082237782382","0,00000487173290457601","0,00000716956497580940"
"-0,48195189924131443000","0,00000034564088480263","0,00000081432862299079","0,00000074575943026026","0,00000001005504415082","0,00000001013584352719","-0,00000018902973336546","0,00000172822308233326","0,00000173434580469751","0,00000001091221419125","0,00000002480337872879","0,00000253992195772199","0,00000094058336684119","0,00000329202274593678","0,00000146110826243922","0,00000221764420745126","0,00000211092722614719","0,00000108863537571020","0,00000001088090019420","0,00000486782618687058","0,00000717382144644177"
"-0,47994797373923825400","0,00000034541305270711","0,00000081279537433460","0,00000074708330964541","0,00000001004844297932","0,00000001021650798182","-0,00000018807928759268","0,00000172434078833209","0,00000173154739532454","0,00000001100207495288","0,00000002488241419355","0,00000253596086054311","0,00000093834763391961","0,00000328552461881959","0,00000145836474880393","0,00000221273309552158","0,00000210568104542570","0,00000108669293738315","0,00000001093341609779","0,00000486379232934759","0,00000717771684658521"
"-0,47794404823716213300","0,00000034518997794474","0,00000081126048623788","0,00000074837818333427","0,00000001005009880520","0,00000001029335912162","-0,00000018713365712875","0,00000172043446434022","0,00000172872167760445","0,00000001108399793876","0,00000002494644031207","0,00000253190990344456","0,00000093610280237450","0,00000327898215627197","0,00000145557172515947","0,00000220777687461101","0,00000210037918318542","0,00000108473871481948","0,00000001097992553460","0,00000485963133200706","0,00000718125117623972"
"-0,47594012273508595700","0,00000034497166051553","0,00000080972395870063","0,00000074964405132682","0,00000001006001162846","0,00000001036639694660","-0,00000018619284197367","0,00000171650411035767","0,00000172586865153724","0,00000001115798314891","0,00000002499545708433","0,00000252776908642634","0,00000093384887220586","0,00000327239535829390","0,00000145272919150585","0,00000220277554471956","0,00000209502163942633","0,00000108277270801916","0,00000001102042850462","0,00000485534319484899","0,00000718442443540529"
"-0,47393619723300978200","0,00000034475810041948","0,00000080818579172286","0,00000075088091362308","0,00000001007818144909","0,00000001043562145675","-0,00000018525684212744","0,00000171254972638444","0,00000172298831712291","0,00000001122403058330","0,00000002502946451034","0,00000252353840948845","0,00000093158584341368","0,00000326576422488541","0,00000144983714784305","0,00000219772910584721","0,00000208960841414845","0,00000108079491698222","0,00000001105492500785","0,00000485092791787336","0,00000718723662408193"
"-0,47193227173093366100","0,00000034454929765660","0,00000080664598530457","0,00000075208877022303","0,00000001010460826711","0,00000001050103265209","-0,00000018432565759006","0,00000170857131242051","0,00000172008067436145","0,00000001128214024196","0,00000002504846259009","0,00000251921787263089","0,00000092931371599797","0,00000325908875604648","0,00000144689559417109","0,00000219263755799398","0,00000208413950735177","0,00000107880534170864","0,00000001108341504429","0,00000484638550108019","0,00000718968774226963"
"-0,46992834622885748500","0,00000034434525222687","0,00000080510453944575","0,00000075326762112669","0,00000001013929208249","0,00000001056263053260","-0,00000018339928836153","0,00000170456886846590","0,00000171714572325287","0,00000001133231212487","0,00000002505245132360","0,00000251480747585366","0,00000092703248995872","0,00000325236895177711","0,00000144390453048996","0,00000218750090115985","0,00000207861491903629","0,00000107680398219842","0,00000001110589861395","0,00000484171594446947","0,00000719177778996840"
"-0,46792442072678136500","0,00000034414596413030","0,00000080356145414641","0,00000075441746633404","0,00000001018223289526","0,00000001062041509829","-0,00000018247773444184","0,00000170054239452060","0,00000171418346379717","0,00000001137454623205","0,00000002504143071085","0,00000251030721915676","0,00000092474216529594","0,00000324560481207731","0,00000144086395679966","0,00000218231913534483","0,00000207303464920201","0,00000107479083845157","0,00000001112237571682","0,00000483691924804120","0,00000719350676717823"
"-0,46592049522470518900","0,00000034395143336689","0,00000080201672940654","0,00000075553830584510","0,00000001023343070540","0,00000001067438634916","-0,00000018156099583101","0,00000169649189058462","0,00000171119389599434","0,00000001140884256348","0,00000002501540075185","0,00000250571710254018","0,00000092244274200962","0,00000323879633694707","0,00000143777387310019","0,00000217709226054893","0,00000206739869784894","0,00000107276591046808","0,00000001113284635290","0,00000483199541179539","0,00000719487467389913"
"-0,46391656972262901300","0,00000034376165993664","0,00000080047036522615","0,00000075663013965985","0,00000001029288551292","0,00000001072454428520","-0,00000018064907252902","0,00000169241735665795","0,00000170817701984439","0,00000001143520111916","0,00000002497436144660","0,00000250103712600394","0,00000092013422009977","0,00000323194352638640","0,00000143463427939156","0,00000217182027677213","0,00000206170706497707","0,00000107072919824796","0,00000001113731052219","0,00000482694443573202","0,00000719588151013110"
"-0,46191264422055289300","0,00000034357664383956","0,00000079892236160523","0,00000075769296777831","0,00000001036059731782","0,00000001077088890643","-0,00000017974196453589","0,00000168831879274059","0,00000170513283534732","0,00000001145362189911","0,00000002491831279510","0,00000249626728954802","0,00000091781659956638","0,00000322504638039529","0,00000143144517567375","0,00000216650318401444","0,00000205595975058639","0,00000106868070179120","0,00000001113576822470","0,00000482176631985111","0,00000719652727587413"
"-0,45990871871847671700","0,00000034339638507563","0,00000079737271854379","0,00000075872679020046","0,00000001043656612010","0,00000001081342021283","-0,00000017883967185160","0,00000168419619883255","0,00000170206134250312","0,00000001146410490331","0,00000002484725479734","0,00000249140759317243","0,00000091548988040947","0,00000321810489897375","0,00000142820656194678","0,00000216114098227587","0,00000205015675467693","0,00000106662042109781","0,00000001112821946042","0,00000481646106415265","0,00000719681197112823"
"-0,45790479321640059600","0,00000034322088364486","0,00000079582143604183","0,00000075973160692632","0,00000001052079191975","0,00000001085213820441","-0,00000017794219447616","0,00000168004957493381","0,00000169896254131180","0,00000001146665013177","0,00000002476118745334","0,00000248645803687718","0,00000091315406262901","0,00000321111908212178","0,00000142491843821063","0,00000215573367155640","0,00000204429807724866","0,00000106454835616779","0,00000001111466422935","0,00000481102866863665","0,00000719673559589339"
"-0,45590086771432442000","0,00000034305013954725","0,00000079426851409934","0,00000076070741795588","0,00000001061327471678","0,00000001088704288116","-0,00000017704953240958","0,00000167587892104440","0,00000169583643177336","0,00000001146125758449","0,00000002466011076308","0,00000248141862066225","0,00000091080914622502","0,00000320408892983937","0,00000142158080446532","0,00000215028125185604","0,00000203838371830159","0,00000106246450700112","0,00000001109510253150","0,00000480546913330309","0,00000719629815016962"
"-0,45389694221224824400","0,00000034288415278280","0,00000079271395271633","0,00000076165422328913","0,00000001071401451118","0,00000001091813424310","-0,00000017616168565184","0,00000167168423716429","0,00000169268301388779","0,00000001144792726146","0,00000002454402472656","0,00000247628934452765","0,00000090845513119750","0,00000319701444212652","0,00000141819366071084","0,00000214478372317480","0,00000203241367783573","0,00000106036887359783","0,00000001106953436686","0,00000479978245815199","0,00000719549963395691"
"-0,45189301671017212400","0,00000034272292335152","0,00000079115775189279","0,00000076257202292609","0,00000001082301130296","0,00000001094541229021","-0,00000017527865420295","0,00000166746552329350","0,00000168950228765510","0,00000001142665916269","0,00000002441292934380","0,00000247107020847338","0,00000090609201754645","0,00000318989561898324","0,00000141475700694719","0,00000213924108551266","0,00000202638795585107","0,00000105826145595790","0,00000001103795973543","0,00000479396864318334","0,00000719434004725527"
"-0,44988909120809594800","0,00000034255526879915","0,00000078959231908852","0,00000076344610727083","0,00000001093208258237","0,00000001096946004678","-0,00000017440039428803","0,00000166323026776488","0,00000168629738459621","0,00000001140144014151","0,00000002427804481452","0,00000246579833502685","0,00000090372527562310","0,00000318272824070938","0,00000141128738431523","0,00000213366741600114","0,00000202032971143990","0,00000105614369978644","0,00000001100477775107","0,00000478806740324339","0,00000719294506413043"
"-0,44788516570601982800","0,00000034237000667149","0,00000078801006176331","0,00000076426176672743","0,00000001103304583965","0,00000001099086053708","-0,00000017352686213218","0,00000165898595891130","0,00000168307143623203","0,00000001137625705124","0,00000002415059133845","0,00000246051084671546","0,00000090136037577873","0,00000317550808760481","0,00000140780133395578","0,00000212807679177177","0,00000201426210369450","0,00000105401705078856","0,00000001097438752765","0,00000478211845317837","0,00000719144035864810"
"-0,44588124020394365200","0,00000034216713696851","0,00000078641097991715","0,00000076501900129590","0,00000001112590107480","0,00000001100961376111","-0,00000017265805773542","0,00000165473259673275","0,00000167982444256256","0,00000001135110989189","0,00000002403056891560","0,00000245520774353922","0,00000089899731801331","0,00000316823515966953","0,00000140429885586887","0,00000212246921282453","0,00000200818513261488","0,00000105188150896427","0,00000001094678906515","0,00000477612179298828","0,00000718982593080829"
"-0,44387731470186753100","0,00000034194665969023","0,00000078479507355006","0,00000076571781097623","0,00000001121064828783","0,00000001102571971887","-0,00000017179398109774","0,00000165047018122924","0,00000167655640358781","0,00000001132599866346","0,00000002391797754597","0,00000244988902549813","0,00000089663610232686","0,00000316090945690354","0,00000140077995005448","0,00000211684467915942","0,00000200209879820104","0,00000104973707431355","0,00000001092198236359","0,00000477007742267314","0,00000718810178061100"
"-0,44187338919979135500","0,00000034170857483664","0,00000078316234266202","0,00000076635819576842","0,00000001128728747873","0,00000001103917841037","-0,00000017093463221914","0,00000164619871240076","0,00000167326731930778","0,00000001130092336594","0,00000002381281722955","0,00000244455469259218","0,00000089427672871937","0,00000315353097930684","0,00000139724461651262","0,00000211120319077646","0,00000199600310045297","0,00000104758374683642","0,00000001089996742295","0,00000476398534223293","0,00000718626790805623"
"-0,43986946369771517900","0,00000034145288240774","0,00000078151278725304","0,00000076694015567248","0,00000001135581864750","0,00000001104998983559","-0,00000017008001109962","0,00000164191819024732","0,00000166995718972246","0,00000001127588399933","0,00000002371508796634","0,00000243920474482138","0,00000089191919719085","0,00000314609972687942","0,00000139369285524329","0,00000210554474767563","0,00000198989803937068","0,00000104542152653287","0,00000001088074424325","0,00000475784555166766","0,00000718432431314397"
"-0,43786553819563905900","0,00000034117958240354","0,00000077984640732312","0,00000076746369068840","0,00000001141624179414","0,00000001105815399455","-0,00000016923011773919","0,00000163762861476892","0,00000166662601483185","0,00000001125088056364","0,00000002362478975636","0,00000243383918218572","0,00000088956350774129","0,00000313861569962129","0,00000139012466624648","0,00000209986934985693","0,00000198378361495417","0,00000104325041340290","0,00000001086431282448","0,00000475165805097732","0,00000718227099587424"
"-0,43586161269356288300","0,00000034088867482402","0,00000077816320287226","0,00000076792880081619","0,00000001146855691865","0,00000001106367088724","-0,00000016838495213783","0,00000163332998596555","0,00000166327379463596","0,00000001122591305887","0,00000002354192259958","0,00000242845800468521","0,00000088720966037069","0,00000313107889753245","0,00000138654004952221","0,00000209417699732037","0,00000197765982720343","0,00000104107040744652","0,00000001085067316664","0,00000474542284016193","0,00000718010795624702"
"-0,43385768719148676300","0,00000034058015966921","0,00000077646317390045","0,00000076833548605584","0,00000001151276402104","0,00000001106654051367","-0,00000016754451429556","0,00000162902230383722","0,00000165990052913478","0,00000001120098148501","0,00000002346648649603","0,00000242306121231985","0,00000088485765507905","0,00000312348932061290","0,00000138293900507045","0,00000208846769006595","0,00000197152667611847","0,00000103888150866371","0,00000001083982526973","0,00000473913991922146","0,00000717783519426233"
"-0,43185376168941058700","0,00000034025403693908","0,00000077474632040771","0,00000076868374640735","0,00000001154886310130","0,00000001106676287382","-0,00000016670880421236","0,00000162470556838392","0,00000165650621832832","0,00000001117608584207","0,00000002339848144569","0,00000241764880508963","0,00000088250749186638","0,00000311584696886263","0,00000137932153289123","0,00000208274142809367","0,00000196538416169928","0,00000103668371705449","0,00000001083176913376","0,00000473280928815594","0,00000717545270992015"
"-0,42984983618733441100","0,00000033991030663365","0,00000077301264239402","0,00000076897358187073","0,00000001157685415943","0,00000001106433796771","-0,00000016587782188825","0,00000162037977960565","0,00000165309086221657","0,00000001115122613004","0,00000002333790744856","0,00000241222078299456","0,00000088015917073267","0,00000310815184228166","0,00000137568763298453","0,00000207699821140352","0,00000195923228394587","0,00000103447703261885","0,00000001082650475871","0,00000472643094696535","0,00000717296050322049"
"-0,42784591068525829000","0,00000033954896875291","0,00000077126213985939","0,00000076920499244597","0,00000001159673719544","0,00000001105926579533","-0,00000016505156732322","0,00000161604493750243","0,00000164965446079954","0,00000001112640234893","0,00000002328476450465","0,00000240677714603464","0,00000087781269167793","0,00000310040394086997","0,00000137203730535036","0,00000207123803999551","0,00000195307104285824","0,00000103226145535679","0,00000001082403214460","0,00000472000489564970","0,00000717035857416335"
"-0,42584198518318211400","0,00000033917002329686","0,00000076949481280382","0,00000076937797813307","0,00000001160851220931","0,00000001105154635668","-0,00000016423004051727","0,00000161170104207424","0,00000164619701407722","0,00000001110161449873","0,00000002323905261396","0,00000240131789420986","0,00000087546805470215","0,00000309260326462757","0,00000136837054998872","0,00000206546091386964","0,00000194690043843638","0,00000103003698526831","0,00000001082435129141","0,00000471353113420899","0,00000716764692274874"
"-0,42383805968110599400","0,00000033877347026551","0,00000076771066122731","0,00000076949253893204","0,00000001161217920106","0,00000001104117965176","-0,00000016341324147040","0,00000160734809332108","0,00000164271852204962","0,00000001107686257945","0,00000002320077177648","0,00000239584302752023","0,00000087312525980533","0,00000308474981355445","0,00000136468736689961","0,00000205966683302590","0,00000194072047068030","0,00000102780362235341","0,00000001082746219916","0,00000470700966264321","0,00000716482554897663"
"-0,42183413417902981800","0,00000033835930965885","0,00000076590968512985","0,00000076954867484288","0,00000001160773817068","0,00000001102816568058","-0,00000016260117018261","0,00000160298609124296","0,00000163921898471673","0,00000001105214659108","0,00000002316992199222","0,00000239035254596574","0,00000087078430698748","0,00000307684358765062","0,00000136098775608302","0,00000205385579746430","0,00000193453113959000","0,00000102556136661210","0,00000001083336486784","0,00000470044048095237","0,00000716189445284705"
"-0,41983020867695369800","0,00000033792754147688","0,00000076409188451146","0,00000076954638586557","0,00000001159518911818","0,00000001101250444313","-0,00000016179382665390","0,00000159861503583987","0,00000163569840207856","0,00000001102746653363","0,00000002314650326118","0,00000238484644954640","0,00000086844519624859","0,00000306888458691609","0,00000135727171753896","0,00000204802780718484","0,00000192833244516547","0,00000102331021804436","0,00000001084205929745","0,00000469382358913646","0,00000715885363435999"
"-0,41782628317487752200","0,00000033747816571961","0,00000076225725937212","0,00000076948567200013","0,00000001157453204354","0,00000001099419593941","-0,00000016099121088428","0,00000159423492711182","0,00000163215677413510","0,00000001100282240709","0,00000002313051558335","0,00000237932473826221","0,00000086610792758866","0,00000306087281135084","0,00000135353925126742","0,00000204218286218751","0,00000192212438740671","0,00000102105017665021","0,00000001085354548799","0,00000468715898719549","0,00000715570309351544"
"-0,41582235767280134600","0,00000033701118238702","0,00000076040580971184","0,00000076936653324656","0,00000001154576694678","0,00000001097324016942","-0,00000016019332287373","0,00000158984576505881","0,00000162859410088635","0,00000001097821421147","0,00000002312195895873","0,00000237378741211316","0,00000086377250100770","0,00000305280826095487","0,00000134979035726842","0,00000203632096247232","0,00000191590696631374","0,00000101878124242964","0,00000001086782343946","0,00000468044667512946","0,00000715244283031342"
"-0,41381843217072522500","0,00000033652659147914","0,00000075853753553062","0,00000076918896960485","0,00000001150889382789","0,00000001094963713316","-0,00000015940016262227","0,00000158544754968083","0,00000162501038233232","0,00000001095364194676","0,00000002312083338734","0,00000236823447109926","0,00000086143891650570","0,00000304469093572820","0,00000134602503554194","0,00000203044210803927","0,00000190968018188654","0,00000101650341538265","0,00000001088489315186","0,00000467368665293837","0,00000714907284475391"
"-0,41181450666864905000","0,00000033602439299594","0,00000075665243682846","0,00000076895298107500","0,00000001146391268688","0,00000001092338683064","-0,00000015861173012989","0,00000158104028097788","0,00000162140561847300","0,00000001092910561297","0,00000002312713886915","0,00000236266591522051","0,00000085910717408266","0,00000303652083567081","0,00000134224328608798","0,00000202454629888836","0,00000190344403412511","0,00000101421669550925","0,00000001090475462520","0,00000466687892062221","0,00000714559313683692"
"-0,40981058116657292900","0,00000033550458693744","0,00000075475051360536","0,00000076865856765701","0,00000001141082352373","0,00000001089448926185","-0,00000015782802539658","0,00000157662395894998","0,00000161777980930840","0,00000001090460521010","0,00000002314087540419","0,00000235708174447690","0,00000085677727373859","0,00000302829796078271","0,00000133844510890656","0,00000201863353501958","0,00000189719852302947","0,00000101192108280942","0,00000001092740785946","0,00000466002347818099","0,00000714200370656246"
"-0,40780665566449675300","0,00000033496717330363","0,00000075283176586131","0,00000076830572935089","0,00000001134962633846","0,00000001086294442679","-0,00000015704904842236","0,00000157219858359710","0,00000161413295483852","0,00000001088014073814","0,00000002316204299244","0,00000235148195886844","0,00000085444921547348","0,00000302002231106390","0,00000133463050399766","0,00000201270381643293","0,00000189094364859959","0,00000100961657728318","0,00000001095285285466","0,00000465312032561470","0,00000713830455393051"
"-0,40580273016242057700","0,00000033441215209451","0,00000075089619359632","0,00000076789446615664","0,00000001128032113106","0,00000001082875232546","-0,00000015627479920722","0,00000156776415491927","0,00000161046505506335","0,00000001085571219709","0,00000002319064163390","0,00000234586655839512","0,00000085212299928733","0,00000301169388651437","0,00000133079947136129","0,00000200675714312843","0,00000188467941083550","0,00000100730317893052","0,00000001098108961079","0,00000464616946292336","0,00000713449567894108"
"-0,40379880466034445700","0,00000033383952331009","0,00000074894379681040","0,00000076742477807425","0,00000001120290790154","0,00000001079191295786","-0,00000015550527775117","0,00000156332067291646","0,00000160677610998289","0,00000001083131958697","0,00000002322667132858","0,00000234023554305695","0,00000084979862518014","0,00000300331268713414","0,00000132695201099745","0,00000200079351510606","0,00000187840580973718","0,00000100498088775144","0,00000001101211812785","0,00000463917089010695","0,00000713057708159417"
"-0,40179487915826828100","0,00000033324928695035","0,00000074697457550353","0,00000076689666510372","0,00000001111738664988","0,00000001075242632400","-0,00000015474048405419","0,00000155886813758870","0,00000160306611959715","0,00000001080696290775","0,00000002327013207648","0,00000233458891285393","0,00000084747609315192","0,00000299487871292319","0,00000132308812290613","0,00000199481293236583","0,00000187212284530464","0,00000100264970374594","0,00000001104593840584","0,00000463212460716547","0,00000712654876188977"
"-0,39979095365619216100","0,00000033265192765998","0,00000074499741363290","0,00000076633158163148","0,00000001103088778717","0,00000001071355720857","-0,00000015397659024130","0,00000155440531538911","0,00000159934316469800","0,00000001078342963993","0,00000002331451175768","0,00000232891809841822","0,00000084515055021077","0,00000298640845367378","0,00000131920826567118","0,00000198881885475198","0,00000186582921076613","0,00000100030732208038","0,00000001107994176046","0,00000462502675032727","0,00000712241513755641"
"-0,39778702815411598500","0,00000033205793008363","0,00000074302119515571","0,00000076575098204397","0,00000001095054172448","0,00000001067857039627","-0,00000015320976843750","0,00000154993097277086","0,00000159561532607733","0,00000001076150726398","0,00000002335329825227","0,00000232321453038199","0,00000084281714336477","0,00000297791839917815","0,00000131531289787643","0,00000198281474210875","0,00000185952359934992","0,00000099795143792114","0,00000001111151950740","0,00000461787345582068","0,00000711818062632258"
"-0,39578310265203980900","0,00000033146729422130","0,00000074104592007196","0,00000076515486634119","0,00000001087634846180","0,00000001064746588710","-0,00000015244001864280","0,00000154544510973394","0,00000159188260373514","0,00000001074119577990","0,00000002338649156024","0,00000231747820874524","0,00000084047587261394","0,00000296940854943631","0,00000131140201952188","0,00000197680059443616","0,00000185320601105601","0,00000099558205126820","0,00000001114067164668","0,00000461066472364571","0,00000711384522818828"
"-0,39377917714996368800","0,00000033088002007299","0,00000073907158838164","0,00000076454323452313","0,00000001080830799914","0,00000001062024368107","-0,00000015166734085719","0,00000154094772627835","0,00000158814499767142","0,00000001072249518768","0,00000002341409168160","0,00000231170913350796","0,00000083812673795827","0,00000296087890444826","0,00000130747563060753","0,00000197077641173420","0,00000184687644588439","0,00000099319916212157","0,00000001116739817828","0,00000460340055380235","0,00000710940894315352"
"-0,39177525164788751200","0,00000033029610763870","0,00000073709820008475","0,00000076391608658980","0,00000001074642033650","0,00000001059690377817","-0,00000015089173508067","0,00000153643882240409","0,00000158440250788618","0,00000001070540548734","0,00000002343609861635","0,00000230590730467017","0,00000083576973939775","0,00000295232946421399","0,00000130353373113338","0,00000196474219400286","0,00000184053490383508","0,00000099080277048124","0,00000001119169910221","0,00000459608094629060","0,00000710487177121830"
"-0,38977132614581139200","0,00000032971555691844","0,00000073512575518130","0,00000076327342254119","0,00000001069068547387","0,00000001057744617840","-0,00000015011320131325","0,00000153191839811116","0,00000158065513437942","0,00000001068992667886","0,00000002345251236448","0,00000230007272223185","0,00000083340487693241","0,00000294376022873351","0,00000129957632109943","0,00000195869794124215","0,00000183418138490805","0,00000098839287634723","0,00000001121357441847","0,00000458870590111046","0,00000710023371238261"
"-0,38776740064373521600","0,00000032913836791219","0,00000073315425367128","0,00000076261524237731","0,00000001064110341126","0,00000001056187088176","-0,00000014933173955492","0,00000152738645339956","0,00000157690287715113","0,00000001067605876226","0,00000002346333292600","0,00000229420538619301","0,00000083103215056222","0,00000293517119800682","0,00000129560340050568","0,00000195264365345207","0,00000182781588910333","0,00000098596947971952","0,00000001123302412706","0,00000458127541826194","0,00000709549476664645"
"-0,38576347514165909600","0,00000032856454061997","0,00000073118369555470","0,00000076194154609816","0,00000001059767414866","0,00000001055017788826","-0,00000014854734980568","0,00000152284298826929","0,00000157314573620132","0,00000001066380173752","0,00000002346856030091","0,00000228830529655365","0,00000082865156028719","0,00000292656237203391","0,00000129161496935213","0,00000194657933063262","0,00000182143841642090","0,00000098353258059812","0,00000001125004822797","0,00000457378949774502","0,00000709065493400984"
"-0,38375954963958292000","0,00000032799407504177","0,00000072921408083155","0,00000076125233370373","0,00000001056039768609","0,00000001054236719789","-0,00000014776003206554","0,00000151828800272035","0,00000156938371152999","0,00000001065315560466","0,00000002346819448921","0,00000228237245331378","0,00000082626310610733","0,00000291793375081479","0,00000128761102763879","0,00000194050497278380","0,00000181504896686077","0,00000098108217898302","0,00000001126464672121","0,00000456624813955973","0,00000708571421447275"
"-0,38175562413750674400","0,00000032742697117759","0,00000072724540950183","0,00000076054760519402","0,00000001052927402352","0,00000001053843881066","-0,00000014696978633449","0,00000151372149675274","0,00000156561680313713","0,00000001064412036366","0,00000002346223549090","0,00000227640685647338","0,00000082386678802263","0,00000290928533434945","0,00000128359157536564","0,00000193442057990560","0,00000180864754042294","0,00000097861827487424","0,00000001127681960678","0,00000455865134370604","0,00000708067260803520"
"-0,37975169863543062300","0,00000032686322902743","0,00000072527768156555","0,00000075982736056904","0,00000001050430316098","0,00000001053839272655","-0,00000014617661261253","0,00000150914347036647","0,00000156184501102276","0,00000001063669601454","0,00000002345068330597","0,00000227040850603246","0,00000082146260603309","0,00000290061712263790","0,00000127955661253270","0,00000192832615199804","0,00000180223413710741","0,00000097614086827176","0,00000001128656688468","0,00000455099911018396","0,00000707553011469719"
"-0,37774777313335444700","0,00000032630284859130","0,00000072331089702270","0,00000075909159982879","0,00000001048548509845","0,00000001054222894558","-0,00000014538051089967","0,00000150455392356152","0,00000155806833518685","0,00000001063088255728","0,00000002343353793443","0,00000226437740199101","0,00000081905056013871","0,00000289192911568014","0,00000127550613913995","0,00000192222168906110","0,00000179580875691417","0,00000097364995917559","0,00000001129388855491","0,00000454329143899350","0,00000707028673445871"
"-0,37574384763127832700","0,00000032574582986918","0,00000072134505587329","0,00000075834032297326","0,00000001047281983594","0,00000001054994746774","-0,00000014458148119589","0,00000149995285633790","0,00000155428677562943","0,00000001062667999189","0,00000002341079937628","0,00000225831354434905","0,00000081663065033950","0,00000288322131347616","0,00000127144015518741","0,00000191610719109479","0,00000178937139984323","0,00000097114554758572","0,00000001129878461746","0,00000453552833013465","0,00000706494246731977"
"-0,37373992212920215100","0,00000032519217286109","0,00000071938015811732","0,00000075757353000245","0,00000001046630737344","0,00000001056154829304","-0,00000014377952350122","0,00000149534026869562","0,00000155050033235048","0,00000001062408831837","0,00000002338246763151","0,00000225221693310657","0,00000081420287663544","0,00000287449371602597","0,00000126735866067506","0,00000190998265809911","0,00000178292206589458","0,00000096862763350217","0,00000001130125507234","0,00000452770978360742","0,00000705949731328036"
"-0,37173599662712597500","0,00000032464187756702","0,00000071741620375477","0,00000075679122091638","0,00000001046594771096","0,00000001057703142146","-0,00000014297463781563","0,00000149071616063466","0,00000154670900535001","0,00000001062310753672","0,00000002334854270013","0,00000224608756826356","0,00000081176723902655","0,00000286574632332957","0,00000126326165560292","0,00000190384809007406","0,00000177646075506824","0,00000096609621692492","0,00000001130129991955","0,00000451983579941179","0,00000705395127234049"
"-0,36973207112504985500","0,00000032409494398697","0,00000071545319278566","0,00000075599339571502","0,00000001047174084849","0,00000001059639685302","-0,00000014216682413914","0,00000148608053215504","0,00000154291279462801","0,00000001062373764694","0,00000002330902458214","0,00000223992544982003","0,00000080932373751282","0,00000285697913538695","0,00000125914913997098","0,00000189770348701963","0,00000176998746736419","0,00000096355129785398","0,00000001129891915909","0,00000451190637754778","0,00000704830434450015"
"-0,36772814562297367900","0,00000032355137212094","0,00000071349112520999","0,00000075518005439840","0,00000001048368678605","0,00000001061964458772","-0,00000014135608247174","0,00000148143338325674","0,00000153911170018449","0,00000001062597864903","0,00000002326391327754","0,00000223373057777599","0,00000080687237209425","0,00000284819215219812","0,00000125502111377924","0,00000189154884893583","0,00000176350220278244","0,00000096099287628934","0,00000001129411279095","0,00000450392151801538","0,00000704255652975935"
"-0,36572422012089755800","0,00000032301116196894","0,00000071153000102775","0,00000075435119696650","0,00000001050178552362","0,00000001064677462554","-0,00000014054241281344","0,00000147677471393978","0,00000153530572201945","0,00000001062983054299","0,00000002321320878632","0,00000222750295213142","0,00000080441314277084","0,00000283938537376307","0,00000125087757702770","0,00000188538417582267","0,00000175700496132298","0,00000095842095223102","0,00000001128688081514","0,00000449588122081459","0,00000703670782811808"
"-0,36372029461882138200","0,00000032247431353095","0,00000070956982023894","0,00000075350682341932","0,00000001052603706120","0,00000001067778696650","-0,00000013972581516423","0,00000147210452420415","0,00000153149486013289","0,00000001063529332882","0,00000002315691110849","0,00000222124257288633","0,00000080194604954260","0,00000283055880008181","0,00000124671852971636","0,00000187920946768013","0,00000175049574298582","0,00000095583552567900","0,00000001127722323166","0,00000448778548594542","0,00000703075823957635"
"-0,36171636911674520700","0,00000032194082680699","0,00000070761058284357","0,00000075264693375687","0,00000001055644139880","0,00000001071268161059","-0,00000013890628952411","0,00000146742281404985","0,00000152767911452480","0,00000001064236700652","0,00000002309502024405","0,00000221494944004072","0,00000079947109240951","0,00000282171243115434","0,00000124254397184522","0,00000187302472450822","0,00000174397454777096","0,00000095323659663329","0,00000001126514004051","0,00000447963431340786","0,00000702470776413416"
"-0,35971244361466908600","0,00000032141070179705","0,00000070565228884164","0,00000075177152797914","0,00000001059299853642","0,00000001075145855782","-0,00000013808383589308","0,00000146272958347688","0,00000152385848519519","0,00000001065105157609","0,00000002302753619300","0,00000220862355359459","0,00000079698827137159","0,00000281284626698065","0,00000123835390341428","0,00000186682994630693","0,00000173744137567840","0,00000095062416509388","0,00000001125063124169","0,00000447142770320191","0,00000701855640179150"
"-0,35770851811259291000","0,00000032088393850113","0,00000070369493823313","0,00000075088060608614","0,00000001063570847405","0,00000001079411780817","-0,00000013725845427115","0,00000145802483248523","0,00000152003297214405","0,00000001066134703753","0,00000002295445895533","0,00000220226491354794","0,00000079449758642883","0,00000280396030756075","0,00000123414832442354","0,00000186062513307628","0,00000173089622670813","0,00000094799823106079","0,00000001123369683519","0,00000446316565532757","0,00000701230415254837"
"-0,35570459261051679000","0,00000032036053691924","0,00000070173853101806","0,00000074997416807787","0,00000001068457121170","0,00000001084065936166","-0,00000013643014465831","0,00000145330856107492","0,00000151620257537140","0,00000001067325339083","0,00000002287578853105","0,00000219587351990076","0,00000079199903758123","0,00000279505455289464","0,00000122992723487300","0,00000185441028481626","0,00000172433910086016","0,00000094535879453400","0,00000001121433682102","0,00000445484816978485","0,00000700595101640478"
"-0,35370066710844061400","0,00000031984049705136","0,00000069978306719643","0,00000074905221395432","0,00000001073958674937","0,00000001089108321828","-0,00000013559890705457","0,00000144858076924595","0,00000151236729487721","0,00000001068677063601","0,00000002279152492016","0,00000218944937265307","0,00000078949262482880","0,00000278612900298231","0,00000122569063476267","0,00000184818540152686","0,00000171776999813449","0,00000094270585551352","0,00000001119255119918","0,00000444647524657374","0,00000699949699336072"
"-0,35169674160636449400","0,00000031932381889751","0,00000069782854676823","0,00000074811474371549","0,00000001080075508705","0,00000001094538937804","-0,00000013476474145991","0,00000144384145699830","0,00000150852713066151","0,00000001070189877305","0,00000002270166812266","0,00000218299247180485","0,00000078697834817152","0,00000277718365782377","0,00000122143852409253","0,00000184195048320809","0,00000171118891853111","0,00000094003941399934","0,00000001116833996967","0,00000443804688569424","0,00000699294208341620"
"-0,34969281610428831800","0,00000031880398235955","0,00000069586785504081","0,00000074716113460111","0,00000001086254939621","0,00000001099966490892","-0,00000013392996830466","0,00000143909426695119","0,00000150467725506110","0,00000001071796161274","0,00000002261196540941","0,00000217650943342913","0,00000078444917031031","0,00000276821204732271","0,00000121717771962917","0,00000183570904535871","0,00000170459736462969","0,00000093736793331411","0,00000001114361203660","0,00000442957242804435","0,00000698632356055155"
"-0,34768889060221214200","0,00000031827446733936","0,00000069389387732152","0,00000074619076385087","0,00000001091944284830","0,00000001104999687890","-0,00000013309690801913","0,00000143434284172385","0,00000150081284041281","0,00000001073428296584","0,00000002252816405129","0,00000217000687359894","0,00000078189805394606","0,00000275920770138284","0,00000121291503813917","0,00000182946460347748","0,00000169799683900988","0,00000093469987678046","0,00000001112027630410","0,00000442106121452206","0,00000697967869874710"
"-0,34568496510013602100","0,00000031773527383695","0,00000069190661361036","0,00000074520363146478","0,00000001097143544331","0,00000001109638528799","-0,00000013226556060330","0,00000142958718131627","0,00000149693388671664","0,00000001075086283235","0,00000002245026404831","0,00000216348479231426","0,00000077932499907879","0,00000275017062000414","0,00000120865047962253","0,00000182321715756440","0,00000169138734167168","0,00000093203524439839","0,00000001109833277217","0,00000441251324512738","0,00000697300749800285"
"-0,34368103959805984500","0,00000031718640185230","0,00000068990606390733","0,00000074419973744283","0,00000001101852718125","0,00000001113883013619","-0,00000013143592605718","0,00000142482728572844","0,00000149304039397258","0,00000001076770121227","0,00000002237826540045","0,00000215694318957509","0,00000077673000570847","0,00000274110080318663","0,00000120438404407924","0,00000181696670761946","0,00000168476887261509","0,00000092937403616790","0,00000001107778144080","0,00000440392851986030","0,00000696630995831881"
"-0,34167711409598372500","0,00000031662785138543","0,00000068789222821242","0,00000074317908178503","0,00000001106071806212","0,00000001117733142349","-0,00000013060800438077","0,00000142006315496038","0,00000148913236218064","0,00000001078479810561","0,00000002231216810773","0,00000215038206538145","0,00000077411307383512","0,00000273199825093030","0,00000120011573150930","0,00000181071325364268","0,00000167814143184010","0,00000092671625208898","0,00000001105862231000","0,00000439530703872083","0,00000695958607969496"
"-0,33967318859390754900","0,00000031605962243633","0,00000068586510652565","0,00000074214166449138","0,00000001109800808592","0,00000001121188914991","-0,00000012978179557408","0,00000141529478901208","0,00000148520979134081","0,00000001080215351235","0,00000002225197217013","0,00000214380141973332","0,00000077147420345874","0,00000272286296323515","0,00000119584554191273","0,00000180445679563404","0,00000167150501934673","0,00000092406189216165","0,00000001104085537976","0,00000438664880170895","0,00000695283586213132"
"-0,33766926309183137300","0,00000031548171500500","0,00000068382469884700","0,00000074108748556188","0,00000001113039725265","0,00000001124250331543","-0,00000012895729963709","0,00000141052218788353","0,00000148127268145310","0,00000001081976743251","0,00000002219767758766","0,00000213720125263071","0,00000076881339457932","0,00000271369494010119","0,00000119157347528951","0,00000179819733359356","0,00000166485963513497","0,00000092141095638590","0,00000001102448065009","0,00000437795380882469","0,00000694605930562787"
"-0,33566533758975525300","0,00000031489412909144","0,00000068177100517648","0,00000074001654499653","0,00000001115788556231","0,00000001126917392006","-0,00000012813451656982","0,00000140574535157475","0,00000147732103251751","0,00000001083763986608","0,00000002214928436033","0,00000213058156407362","0,00000076613064719687","0,00000270449418152840","0,00000118729953163964","0,00000179193486752122","0,00000165820527920481","0,00000091876344476172","0,00000001100949812098","0,00000436922206006802","0,00000693925641018463"
"-0,33366141208767907700","0,00000031429686469566","0,00000067970402551409","0,00000073892884279532","0,00000001118047301490","0,00000001129190096380","-0,00000012731344637226","0,00000140096428008573","0,00000147335484453403","0,00000001085577081307","0,00000002210679248812","0,00000212394235406205","0,00000076342596131138","0,00000269526068751680","0,00000118302371096314","0,00000178566939741703","0,00000165154195155627","0,00000091611935728913","0,00000001099590779245","0,00000436045355543897","0,00000693242717580160"
"-0,33165748658560295600","0,00000031368992181764","0,00000067762375985983","0,00000073782437895826","0,00000001119815961042","0,00000001131068444664","-0,00000012649408904440","0,00000139617897341646","0,00000146937411750267","0,00000001087416027346","0,00000002207020197105","0,00000211728362259599","0,00000076069933692286","0,00000268599445806638","0,00000117874601325999","0,00000177940092328099","0,00000164486965218934","0,00000091347869396811","0,00000001098370966447","0,00000435164829493751","0,00000692557160247876"
"-0,32965356108352678000","0,00000031307330045740","0,00000067553020821369","0,00000073670315348535","0,00000001121094534886","0,00000001132552436860","-0,00000012567644458626","0,00000139138943156696","0,00000146537885142343","0,00000001089280824727","0,00000002203951280910","0,00000211060536967546","0,00000075795077403130","0,00000267669549317714","0,00000117446643853019","0,00000177312944511310","0,00000163818838110401","0,00000091084145479868","0,00000001097290373706","0,00000434280627856366","0,00000691868969021612"
"-0,32764963558145066000","0,00000031244700061493","0,00000067342337057569","0,00000073556516637659","0,00000001121883023024","0,00000001133642072966","-0,00000012486051299783","0,00000138659565453722","0,00000146136904629630","0,00000001091171473449","0,00000002201472500229","0,00000210390759530044","0,00000075518027263671","0,00000266736379284909","0,00000117018498677375","0,00000176685496291336","0,00000163149813830030","0,00000090820763978082","0,00000001096349001022","0,00000433392750631741","0,00000691178143901369"
"-0,32564571007937448400","0,00000031181102229023","0,00000067130324694581","0,00000073441041763197","0,00000001122181425454","0,00000001134337352983","-0,00000012404629427911","0,00000138179764232723","0,00000145734470212129","0,00000001093087973512","0,00000002199583855060","0,00000209719029947094","0,00000075238783273909","0,00000265799935708221","0,00000116590165799067","0,00000176057747668177","0,00000162479892377819","0,00000090557724891454","0,00000001095546848395","0,00000432501197819877","0,00000690484684887146"
"-0,32364178457729830800","0,00000031116536548330","0,00000066916983732406","0,00000073323890725150","0,00000001121989742177","0,00000001134638276910","-0,00000012323378843010","0,00000137699539493701","0,00000145330581889840","0,00000001095030324916","0,00000002198285345404","0,00000209045348218695","0,00000074957345433843","0,00000264860218587652","0,00000116161645218095","0,00000175429698641833","0,00000161809073753770","0,00000090295028219985","0,00000001094883915824","0,00000431605969420773","0,00000689788591978943"
"-0,32163785907522218800","0,00000031051003019414","0,00000066702314171044","0,00000073205063523518","0,00000001121307973193","0,00000001134544844749","-0,00000012242299545081","0,00000137218891236655","0,00000144925239662762","0,00000001096998527662","0,00000002197576971262","0,00000208369714344849","0,00000074673713743474","0,00000263917227923201","0,00000115732936934458","0,00000174801349212303","0,00000161137357957882","0,00000090032673963673","0,00000001094360203309","0,00000430707065434429","0,00000689089865176760"
"-0,31963393357314601200","0,00000030984501642275","0,00000066486316010495","0,00000073084560158300","0,00000001120136118502","0,00000001134057056498","-0,00000012161391534122","0,00000136737819461584","0,00000144518443530896","0,00000001098992581748","0,00000002197458732632","0,00000207692128325554","0,00000074387888202801","0,00000262970963714868","0,00000115304040948156","0,00000174172699379589","0,00000160464744990154","0,00000089770662122519","0,00000001093975710851","0,00000429804485860846","0,00000688388504480597"
"-0,31763000807106989100","0,00000030917032416914","0,00000066268989250759","0,00000072962380629498","0,00000001118474178104","0,00000001133174912158","-0,00000012080654810134","0,00000136256324168490","0,00000144110193494241","0,00000001101012487176","0,00000002197930629516","0,00000207012590160811","0,00000074099868811825","0,00000262021425962654","0,00000114874957259191","0,00000173543749143689","0,00000159791234850587","0,00000089508992696523","0,00000001093730438450","0,00000428898230700023","0,00000687684509890455"
"-0,31562608256899371500","0,00000030848595343329","0,00000066050333891835","0,00000072838524937110","0,00000001116322151999","0,00000001131898411728","-0,00000012000089373118","0,00000135774405357372","0,00000143700489552799","0,00000001103058243945","0,00000002198992661912","0,00000206331099850620","0,00000073809655570545","0,00000261068614666557","0,00000114445685867560","0,00000172914498504604","0,00000159116827539182","0,00000089247665685685","0,00000001093624386106","0,00000427988299951961","0,00000686977881406332"
"-0,31362215706691754000","0,00000030779190421522","0,00000065830349933725","0,00000072712993081137","0,00000001113680040187","0,00000001130227555210","-0,00000011919695223072","0,00000135292063028230","0,00000143289331706567","0,00000001105129852056","0,00000002200644829821","0,00000205647657394981","0,00000073517248478962","0,00000260112529826579","0,00000114016226773266","0,00000172284947462334","0,00000158441523055937","0,00000088986681090005","0,00000001093657553817","0,00000427074693616659","0,00000686268619028230"
"-0,31161823156484141900","0,00000030708817651492","0,00000065609037376427","0,00000072585785061578","0,00000001110547842667","0,00000001128162342602","-0,00000011839472359998","0,00000134809297181063","0,00000142876719955548","0,00000001107227311507","0,00000002202887133244","0,00000204962262793894","0,00000073222647537075","0,00000259153171442719","0,00000113586579976307","0,00000171655096016879","0,00000157765321400854","0,00000088726038909483","0,00000001093829941586","0,00000426157411694118","0,00000685556722756148"
"-0,30961430606276524300","0,00000030637477033239","0,00000065386396219942","0,00000072456900878435","0,00000001106925559441","0,00000001125702773905","-0,00000011759420783895","0,00000134326107815873","0,00000142462654299740","0,00000001109350622300","0,00000002205719572179","0,00000204274916047358","0,00000072925852744885","0,00000258190539514977","0,00000113156745476684","0,00000171024944168239","0,00000157088222573931","0,00000088465739144119","0,00000001094141549411","0,00000425236454184336","0,00000684842192590086"
"-0,30761038056068912300","0,00000030565168566763","0,00000065162426464270","0,00000072326340531706","0,00000001102813190507","0,00000001122848849119","-0,00000011679540494762","0,00000133842494932659","0,00000142047134739144","0,00000001111499784434","0,00000002209142146628","0,00000203585617155374","0,00000072626864102392","0,00000257224634043354","0,00000112726723274397","0,00000170394491916414","0,00000156410226575169","0,00000088205781793912","0,00000001094592377293","0,00000424311821087316","0,00000684125028530045"
"-0,30560645505861294700","0,00000030491892252064","0,00000064937128109410","0,00000072194104021392","0,00000001098210735866","0,00000001119600568244","-0,00000011599831492601","0,00000133358458531420","0,00000141630161273759","0,00000001113674797909","0,00000002213154856589","0,00000202894366117942","0,00000072325681609595","0,00000256255455027848","0,00000112296513369445","0,00000169763739261404","0,00000155731333404569","0,00000087946166858864","0,00000001095182425231","0,00000423383512403055","0,00000683405230576023"
"-0,30360252955653677100","0,00000030417648089143","0,00000064710501155364","0,00000072060191347492","0,00000001093118195519","0,00000001115957931279","-0,00000011520293777411","0,00000132873998612158","0,00000141211733903586","0,00000001115875662725","0,00000002217757702063","0,00000202201162935062","0,00000072022305266494","0,00000255283002468461","0,00000111866115761828","0,00000169132686203209","0,00000155051543062129","0,00000087686894338974","0,00000001095911693226","0,00000422451528131555","0,00000682682798728022"
"-0,30159860405446065000","0,00000030342436077998","0,00000064482545602130","0,00000071924602510008","0,00000001087535569464","0,00000001111920938225","-0,00000011440927349193","0,00000132389115174872","0,00000140791852628625","0,00000001118102378883","0,00000002222950683051","0,00000201506007606733","0,00000071716735073090","0,00000254307276365192","0,00000111435530451548","0,00000168501332741828","0,00000154370855547850","0,00000087427964234241","0,00000001096780181277","0,00000421515868272816","0,00000681957732986040"
"-0,29959467855238447500","0,00000030266962785109","0,00000064254276278802","0,00000071788036368095","0,00000001081934087060","0,00000001107805537946","-0,00000011361464580104","0,00000131903732325219","0,00000140371184009846","0,00000001120202194432","0,00000002228074671992","0,00000200809355800377","0,00000071411373779766","0,00000253329983308633","0,00000111004552719033","0,00000167869331749320","0,00000153689140835415","0,00000087169038141633","0,00000001097677710631","0,00000420575906348437","0,00000681227914942188"
"-0,29759075305030835400","0,00000030191934776951","0,00000064026708014470","0,00000071651191780910","0,00000001076784977667","0,00000001103927679305","-0,00000011281637842304","0,00000131417774168855","0,00000139950394608221","0,00000001122022357422","0,00000002232470541330","0,00000200111663183413","0,00000071108624136905","0,00000252352829889375","0,00000110572977844714","0,00000167236336097739","0,00000153006268898504","0,00000086909777658115","0,00000001098494102532","0,00000419631015880022","0,00000680491226188572"
"-0,29558682754823217800","0,00000030117352053525","0,00000063799840809137","0,00000071514068748454","0,00000001072088241285","0,00000001100287362303","-0,00000011201447135792","0,00000130931240705782","0,00000139529484423750","0,00000001123562867854","0,00000002236138291062","0,00000199412929755841","0,00000070808486144506","0,00000251375816107419","0,00000110140805828591","0,00000166602345787088","0,00000152322239737118","0,00000086650182783688","0,00000001099229356980","0,00000418681196867568","0,00000679747666725193"
"-0,29358290204615605800","0,00000030043214614832","0,00000063573674662800","0,00000071376667270727","0,00000001067843877912","0,00000001096884586940","-0,00000011120892460570","0,00000130444131935999","0,00000139108453456432","0,00000001124823725727","0,00000002239077921191","0,00000198713155517662","0,00000070510959802571","0,00000250398941962765","0,00000109708036670664","0,00000165967360817365","0,00000151637053351256","0,00000086390253518351","0,00000001099883473976","0,00000417726449311077","0,00000678997236552051"
"-0,29157897654407988200","0,00000029969522460870","0,00000063348209575461","0,00000071238987347728","0,00000001064051887550","0,00000001093719353215","-0,00000011039973816637","0,00000129956447859505","0,00000138687301706268","0,00000001125804931042","0,00000002241289431715","0,00000198012340468874","0,00000070216045111098","0,00000249422207455412","0,00000109274670370933","0,00000165331381188570","0,00000150950709740920","0,00000086129989862105","0,00000001100456453519","0,00000416766773210549","0,00000678239935669145"
"-0,28957505104200370600","0,00000029896275591641","0,00000063123445547119","0,00000071101028979457","0,00000001060712270198","0,00000001090791661128","-0,00000010958691203992","0,00000129468188476302","0,00000138266029173258","0,00000001126506483798","0,00000002242772822634","0,00000197310484609480","0,00000069923742070087","0,00000248445612585361","0,00000108840706929398","0,00000164694406900704","0,00000150263208906108","0,00000085869391814948","0,00000001100948295610","0,00000415802168565983","0,00000677475764076477"
"-0,28757112553992758600","0,00000029823474007144","0,00000062899382577775","0,00000070962792165915","0,00000001057825025857","0,00000001088101510680","-0,00000010877044622637","0,00000128979353786389","0,00000137844635857401","0,00000001126928383996","0,00000002243528093949","0,00000196607587939477","0,00000069634050679540","0,00000247469157352611","0,00000108406146346059","0,00000164056437953767","0,00000149574550846821","0,00000085608459376883","0,00000001101359000248","0,00000414832635377379","0,00000676704721774045"
"-0,28556720003785141000","0,00000029751117707379","0,00000062676020667428","0,00000070824276907101","0,00000001055390154526","0,00000001085648901870","-0,00000010795034072570","0,00000128489943789765","0,00000137423121758698","0,00000001127070631636","0,00000002243555245660","0,00000195903650458867","0,00000069346970939456","0,00000246492841757163","0,00000107970988620916","0,00000163417474347758","0,00000148884735563059","0,00000085347192547907","0,00000001101688567433","0,00000413858173644738","0,00000675926808761851"
"-0,28356327453577528900","0,00000029679206692346","0,00000062453359816078","0,00000070685483203016","0,00000001053407656205","0,00000001083433834699","-0,00000010712659553792","0,00000127999958486432","0,00000137001486877149","0,00000001126933226716","0,00000002242854277766","0,00000195198672167649","0,00000069062502849834","0,00000245516665799017","0,00000107535233753969","0,00000162777516082678","0,00000148193763054822","0,00000085085591328023","0,00000001101936997166","0,00000412878783368059","0,00000675142025039893"
"-0,28155934903369911300","0,00000029607740962045","0,00000062231400023726","0,00000070546411053659","0,00000001051877530894","0,00000001081456309167","-0,00000010629921066303","0,00000127509397876389","0,00000136579731212753","0,00000001126516169239","0,00000002241425190267","0,00000194492653065823","0,00000068780646410675","0,00000244540629478172","0,00000107098881745218","0,00000162136563158526","0,00000147501633322110","0,00000084823655717228","0,00000001102104289447","0,00000411894464547343","0,00000674350370608172"
"-0,27955542353162293700","0,00000029536720516476","0,00000062010141290371","0,00000070407060459031","0,00000001050799778594","0,00000001079716325273","-0,00000010546818610103","0,00000127018261959635","0,00000136157854765511","0,00000001125819459203","0,00000002239267983164","0,00000193785593153390","0,00000068501401621979","0,00000243564732794629","0,00000106661932594663","0,00000161494615575303","0,00000146808346364922","0,00000084561385715524","0,00000001102190444275","0,00000410905217182589","0,00000673551845466687"
"-0,27755149802954681700","0,00000029466145355639","0,00000061789583616013","0,00000070267431419131","0,00000001050174399304","0,00000001078213883017","-0,00000010463352185192","0,00000126526550736172","0,00000135735857535423","0,00000001124843096608","0,00000002236382656457","0,00000193077492430349","0,00000068224768483745","0,00000242588975748388","0,00000106224386302304","0,00000160851673333008","0,00000146113902183260","0,00000084298781322910","0,00000001102195461650","0,00000409911041273797","0,00000672746449615440"
"-0,27554757252747064100","0,00000029396015479535","0,00000061569727000653","0,00000070127523933960","0,00000001050001393025","0,00000001076948982400","-0,00000010379521791569","0,00000126034264205999","0,00000135313739522489","0,00000001123587081455","0,00000002232769210145","0,00000192368350896701","0,00000067950746995975","0,00000241613358339448","0,00000105786242868141","0,00000160207736431642","0,00000145418300777122","0,00000084035842539387","0,00000001102119341573","0,00000408911936820968","0,00000671934183054430"
"-0,27354364702539452100","0,00000029326330888162","0,00000061350571444290","0,00000069987338003517","0,00000001050280759756","0,00000001075921623422","-0,00000010295327429236","0,00000125541402369115","0,00000134891500726708","0,00000001122051413743","0,00000002228427644229","0,00000191658168552445","0,00000067679337158667","0,00000240637880567809","0,00000105347502292174","0,00000159562804871205","0,00000144721542146509","0,00000083772569364954","0,00000001101962084043","0,00000407907903824101","0,00000671115045783656"
"-0,27153972152331834500","0,00000029257091581522","0,00000061132116946925","0,00000069846873627803","0,00000001051012499497","0,00000001075131806082","-0,00000010210769098191","0,00000125047965225522","0,00000134469141148080","0,00000001120236093473","0,00000002223357958709","0,00000190946945397581","0,00000067410538971822","0,00000239662542433472","0,00000104908164574403","0,00000158916878651696","0,00000144023626291421","0,00000083508961799612","0,00000001101723689061","0,00000406898942283197","0,00000670289037803119"
"-0,26953579602124216900","0,00000029188297559614","0,00000060914363508556","0,00000069706130806817","0,00000001052196612248","0,00000001074579530380","-0,00000010125846798436","0,00000124553952775218","0,00000134046660786607","0,00000001118141120644","0,00000002217560153584","0,00000190234681432109","0,00000067144352435440","0,00000238687343936437","0,00000104468229714828","0,00000158269957773115","0,00000143324553211857","0,00000083245019843360","0,00000001101404156626","0,00000405885052198255","0,00000669456159112819"
"-0,26753187051916604800","0,00000029119948822437","0,00000060697311129186","0,00000069565109540559","0,00000001053833098010","0,00000001074264796317","-0,00000010040560529969","0,00000124059365018205","0,00000133624059642287","0,00000001115766495257","0,00000002211034228854","0,00000189521376656030","0,00000066880777549520","0,00000237712285076703","0,00000104027697713449","0,00000157622042235464","0,00000142624322907819","0,00000082980743496198","0,00000001101003486739","0,00000404866233569276","0,00000668616409712756"
"-0,26552794501708987200","0,00000029052045369993","0,00000060480959808812","0,00000069423809829030","0,00000001055921956782","0,00000001074187603893","-0,00000009954910292791","0,00000123564201954482","0,00000133201337715121","0,00000001113112217311","0,00000002203780184520","0,00000188807031069343","0,00000066619814314064","0,00000236737365854271","0,00000103586568570265","0,00000156973132038740","0,00000141922935379305","0,00000082716132758127","0,00000001100521679399","0,00000403842486396259","0,00000667769789602930"
"-0,26352401951501375200","0,00000028984587202281","0,00000060265309547436","0,00000069282231672230","0,00000001058463188564","0,00000001074347953107","-0,00000009868896086902","0,00000123068463584048","0,00000132778495005108","0,00000001110178286807","0,00000002195798020582","0,00000188091644672048","0,00000066361462729070","0,00000235762586269141","0,00000103144842285278","0,00000156323227182946","0,00000141220390626316","0,00000082451187629146","0,00000001099958734607","0,00000402813810679204","0,00000666916298783340"
"-0,26152009401293757600","0,00000028917574319301","0,00000060050360345057","0,00000069140375070158","0,00000001061456793357","0,00000001074745843959","-0,00000009782517912302","0,00000122572149906905","0,00000132355531512250","0,00000001106964703744","0,00000002187087737039","0,00000187375217464146","0,00000066105722794539","0,00000234787946321312","0,00000102702518858487","0,00000155672327668079","0,00000140516688648852","0,00000082185908109256","0,00000001099314652362","0,00000401780206418112","0,00000666055937253988"
"-0,25951616851086145600","0,00000028851006721054","0,00000059836112201676","0,00000068998240022814","0,00000001064902771160","0,00000001075381276450","-0,00000009695775768991","0,00000122075260923051","0,00000131932447236544","0,00000001103471468122","0,00000002177649333892","0,00000186657749445636","0,00000065852594510471","0,00000233813446010785","0,00000102259598289892","0,00000155020433494142","0,00000139811829446913","0,00000081920294198456","0,00000001098589432664","0,00000400741673612982","0,00000665188705014872"
"-0,25751224300878528000","0,00000028784884407538","0,00000059622565117292","0,00000068855826530199","0,00000001068801121973","0,00000001076254250580","-0,00000009608669656968","0,00000121577796632488","0,00000131509242177993","0,00000001099698579943","0,00000002167482811140","0,00000185939240616518","0,00000065602077876865","0,00000232839085337559","0,00000101816080579493","0,00000154367544661133","0,00000139105813020499","0,00000081654345896747","0,00000001097783075514","0,00000399698212263815","0,00000664314602065993"
"-0,25550831750670910400","0,00000028719207378754","0,00000059409719091905","0,00000068713134592313","0,00000001073151845796","0,00000001077364766348","-0,00000009521199576235","0,00000121079757035214","0,00000131085916336595","0,00000001095646039204","0,00000002156588168784","0,00000185219690976793","0,00000065354172893723","0,00000231864864301635","0,00000101371965727289","0,00000153713661169052","0,00000138398639369609","0,00000081388063204128","0,00000001096895580911","0,00000398649822370610","0,00000663433628407351"
"-0,25350439200463298300","0,00000028653975634703","0,00000059197574125516","0,00000068570164209155","0,00000001077954942630","0,00000001078712823755","-0,00000009433365526790","0,00000120581142131231","0,00000130662469712351","0,00000001091313845907","0,00000002144965406823","0,00000184499100526460","0,00000065108879561043","0,00000230890782903013","0,00000100927253733282","0,00000153058783017900","0,00000137690308494244","0,00000081121446120599","0,00000001095926948856","0,00000397596503933368","0,00000662545784038946"
"-0,25150046650255680800","0,00000028589189175383","0,00000058986130218124","0,00000068426915380725","0,00000001083210412474","0,00000001080298422800","-0,00000009345167508634","0,00000120081951920537","0,00000130238902305260","0,00000001086702000052","0,00000002132614525258","0,00000183777469265519","0,00000064866197878826","0,00000229916841141692","0,00000100481944597471","0,00000152402910207677","0,00000136980820394404","0,00000080854494646161","0,00000001094877179348","0,00000396538256952088","0,00000661651068960778"
"-0,24949654100048065900","0,00000028523889208512","0,00000058774784136363","0,00000068282883198232","0,00000001088480228827","0,00000001081948973960","-0,00000009256456833919","0,00000119582689217117","0,00000129815088241600","0,00000001082173301971","0,00000002120168626255","0,00000183054761407321","0,00000064624578023500","0,00000228943291726644","0,00000100037175286999","0,00000151747056641755","0,00000136270208884403","0,00000080587215990933","0,00000001093898569795","0,00000395476344194380","0,00000660750904371065"
"-0,24749261549840451100","0,00000028457116941804","0,00000058562932646867","0,00000068137562752883","0,00000001093326365186","0,00000001083491887710","-0,00000009167084814796","0,00000119083856834952","0,00000129390901647644","0,00000001078090551998","0,00000002108260811980","0,00000182330941165214","0,00000064382470171495","0,00000227970387366840","0,00000099594082769012","0,00000151092236223507","0,00000135558507778552","0,00000080319617365034","0,00000001093143417604","0,00000394412028427855","0,00000659846711468025"
"-0,24548868999632836300","0,00000028388872375260","0,00000058350575749636","0,00000067990954044679","0,00000001097748821551","0,00000001084927164050","-0,00000009077051451266","0,00000118585454774043","0,00000128966342523394","0,00000001074453750133","0,00000002096891082435","0,00000181606008539201","0,00000064139874322809","0,00000226998128062281","0,00000099152667043509","0,00000150438448952933","0,00000134845717076852","0,00000080051698768466","0,00000001092611722776","0,00000393345309652513","0,00000658938490251660"
"-0,24348476449425221500","0,00000028319155508880","0,00000058137713444670","0,00000067843057073620","0,00000001101747597922","0,00000001086254802982","-0,00000008986356743328","0,00000118087483034389","0,00000128541410868849","0,00000001071262896375","0,00000002086059437618","0,00000180879963529280","0,00000063896790477443","0,00000226026513812965","0,00000098712928110489","0,00000149785694830034","0,00000134131836779303","0,00000079783460201227","0,00000001092303485309","0,00000392276187868354","0,00000658026240721968"
"-0,24148083899217606700","0,00000028247966342663","0,00000057924345731970","0,00000067693871839705","0,00000001105322694299","0,00000001087474804503","-0,00000008895000690981","0,00000117589941615991","0,00000128116106684010","0,00000001068517990725","0,00000002075765877530","0,00000180152806135451","0,00000063653218635396","0,00000225055544618895","0,00000098274865969954","0,00000149133973854809","0,00000133416866885905","0,00000079514901663318","0,00000001092218705204","0,00000391204663075377","0,00000657109962878950"
"-0,23947691349009989100","0,00000028175304876611","0,00000057710472611534","0,00000067543398342934","0,00000001108474110683","0,00000001088587168615","-0,00000008802983294228","0,00000117092830518848","0,00000127690429968877","0,00000001066219033182","0,00000002066010402170","0,00000179424536357714","0,00000063409158796670","0,00000224085220480068","0,00000097838480621902","0,00000148483286027257","0,00000132700807396659","0,00000079246023154739","0,00000001092357382462","0,00000390130735273583","0,00000656189656722606"
"-0,23747298798802374300","0,00000028101171110722","0,00000057496094083363","0,00000067391636583308","0,00000001111201847073","0,00000001089591895318","-0,00000008710304553066","0,00000116596149742962","0,00000127264380723448","0,00000001064366023747","0,00000002056793011539","0,00000178695154196070","0,00000063164610961264","0,00000223115541396486","0,00000097403772066335","0,00000147833631347381","0,00000131983658311563","0,00000078976824675490","0,00000001092719517082","0,00000389054404462972","0,00000655265322252936"
"-0,23546906248594759400","0,00000028025565044996","0,00000057281210147457","0,00000067238586560827","0,00000001113505903469","0,00000001090488984611","-0,00000008616964467497","0,00000116099899288331","0,00000126837958947725","0,00000001062958962419","0,00000002048113705637","0,00000177964659650518","0,00000062919575129177","0,00000222146507368148","0,00000096970740303252","0,00000147185009815178","0,00000131265419630619","0,00000078707306225570","0,00000001093305109064","0,00000387975670643543","0,00000654336959469939"
"-0,23346513698387144600","0,00000027948486679435","0,00000057065820803817","0,00000067084248275490","0,00000001115386279872","0,00000001091278436494","-0,00000008522963037520","0,00000115604079154955","0,00000126411164641708","0,00000001061997849200","0,00000002039972484463","0,00000177233052721059","0,00000062674051300410","0,00000221178118395054","0,00000096539385332652","0,00000146537421430650","0,00000130546091353825","0,00000078437467804980","0,00000001094114158408","0,00000386894533815297","0,00000653404568373616"
"-0,23146121148179529800","0,00000027869936014037","0,00000056849926052441","0,00000066928621727298","0,00000001116842976281","0,00000001091960250968","-0,00000008428300263135","0,00000115108689342836","0,00000125983997805396","0,00000001061482684088","0,00000002032369348018","0,00000176500333407692","0,00000062428039474963","0,00000220210374477204","0,00000096109707154537","0,00000145890866193795","0,00000129825673481183","0,00000078167309413720","0,00000001095146665114","0,00000385810993978233","0,00000652468148963967"
"-0,22945728597971912200","0,00000027789913048803","0,00000056633525893330","0,00000066771706916250","0,00000001117875992696","0,00000001092534428032","-0,00000008332976144343","0,00000114613729851972","0,00000125556458438789","0,00000001061413467083","0,00000002025304296302","0,00000175766501710417","0,00000062181539652836","0,00000219243275614599","0,00000095681705768905","0,00000145245344104615","0,00000129104166012692","0,00000077896831051790","0,00000001096402629182","0,00000384725051132352","0,00000651527701240992"
"-0,22745336047764297400","0,00000027708417783733","0,00000056416620326484","0,00000066613503842347","0,00000001118485329117","0,00000001093000967687","-0,00000008236990681143","0,00000114119200682363","0,00000125128546541888","0,00000001061790198186","0,00000002018777329315","0,00000175031557629235","0,00000061934551834029","0,00000218276821807238","0,00000095255381175758","0,00000144600855163109","0,00000128381568948352","0,00000077626032719190","0,00000001097882050612","0,00000383636705277654","0,00000650583225204690"
"-0,22544943497556682600","0,00000027625450218826","0,00000056199209351904","0,00000066454012505588","0,00000001118670985545","0,00000001093359869932","-0,00000008140343873535","0,00000113625101834010","0,00000124700262114693","0,00000001062612877397","0,00000002012788447056","0,00000174295501164145","0,00000061687076018542","0,00000217311013055121","0,00000094830733375094","0,00000143957399369278","0,00000127657882288163","0,00000077354914415919","0,00000001099584929404","0,00000382545956414139","0,00000649634720855062"
"-0,22344550947349067800","0,00000027541010354083","0,00000055981292969588","0,00000066293232905974","0,00000001118432961978","0,00000001093611134768","-0,00000008043035721519","0,00000113131433306913","0,00000124271605157202","0,00000001063881504715","0,00000002007337649526","0,00000173558332315147","0,00000061439112206375","0,00000216345849358249","0,00000094407762366915","0,00000143314976723120","0,00000126933106032124","0,00000077083476141979","0,00000001101511265559","0,00000381452804541806","0,00000648682188192108"
"-0,22144158397141453000","0,00000027455098189504","0,00000055762871179537","0,00000066131165043504","0,00000001117771258418","0,00000001093754762195","-0,00000007945066225096","0,00000112638195101072","0,00000123842575669417","0,00000001065596080141","0,00000002002424936724","0,00000172820051082242","0,00000061190660397527","0,00000215381330716621","0,00000093986468151219","0,00000142673587224637","0,00000126207240180237","0,00000076811717897368","0,00000001103661059076","0,00000380357249660656","0,00000647725627215828"
"-0,21943765846933838100","0,00000027367713725089","0,00000055543943981751","0,00000065967808918179","0,00000001116685874865","0,00000001093790752211","-0,00000007846435384265","0,00000112145387216486","0,00000123413173651338","0,00000001067756603675","0,00000001998050308652","0,00000172080657465429","0,00000060941720591999","0,00000214417457130237","0,00000093566850728008","0,00000142033230873828","0,00000125480284732501","0,00000076539639682086","0,00000001106034309954","0,00000379259291770689","0,00000646765037926221"
"-0,21743373296726220500","0,00000027278856960837","0,00000055324511376231","0,00000065803164529998","0,00000001115176811317","0,00000001093719104819","-0,00000007747143199026","0,00000111653009653156","0,00000122983399102964","0,00000001070363075316","0,00000001994213765308","0,00000171340151464709","0,00000060692292789792","0,00000213454228599097","0,00000093148910097280","0,00000141393907670693","0,00000124752239688917","0,00000076267241496135","0,00000001108631018195","0,00000378158930871904","0,00000645800420323288"
"-0,21542980746518605700","0,00000027188527896750","0,00000055104573362975","0,00000065637231878962","0,00000001113244067776","0,00000001093539820016","-0,00000007647189669379","0,00000111161062411082","0,00000122553252024296","0,00000001073415495065","0,00000001990915306692","0,00000170598533080081","0,00000060442376990904","0,00000212491645123202","0,00000092732646259037","0,00000140755617615232","0,00000124023105049483","0,00000075994523339514","0,00000001111451183798","0,00000377056166964302","0,00000644831774407029"
"-0,21342588196310990900","0,00000027096726532826","0,00000054884129941984","0,00000065470010965071","0,00000001110887644241","0,00000001093252897804","-0,00000007546574795325","0,00000110669545490263","0,00000122122732415332","0,00000001076913862922","0,00000001988154932806","0,00000169855802311545","0,00000060191973195336","0,00000211529706702551","0,00000092318059213277","0,00000140118360707446","0,00000123292880814200","0,00000075721485212222","0,00000001114494806763","0,00000375951000047883","0,00000643859100177444"
"-0,21142195646103376100","0,00000027003452869065","0,00000054663181113259","0,00000065301501788324","0,00000001108107540713","0,00000001092858338183","-0,00000007445298576863","0,00000110178458890700","0,00000121691840276075","0,00000001080858178886","0,00000001985932643648","0,00000169111959159102","0,00000059941081403087","0,00000210568413337144","0,00000091905148960002","0,00000139482136947334","0,00000122561566983068","0,00000075448127114260","0,00000001117761887091","0,00000374843430122646","0,00000642882397634533"
"-0,20941803095895761300","0,00000026908706905469","0,00000054441726876798","0,00000065131704348721","0,00000001104903757190","0,00000001092356141152","-0,00000007343361013993","0,00000109687802612392","0,00000121260575606523","0,00000001085248442958","0,00000001984248439218","0,00000168367003622751","0,00000059689701614159","0,00000209607765026981","0,00000091493915499210","0,00000138846946334896","0,00000121829163556088","0,00000075174449045628","0,00000001121252424780","0,00000373733457188592","0,00000641901666778295"
"-0,20741410545688146500","0,00000026812488642036","0,00000054219767232602","0,00000064960618646263","0,00000001101276293674","0,00000001091746306712","-0,00000007240762106716","0,00000109197576655340","0,00000120828938406676","0,00000001090084655137","0,00000001983102319518","0,00000167620935702492","0,00000059437833828550","0,00000208647761772063","0,00000091084358830903","0,00000138212788870132","0,00000121095670533258","0,00000074900451006325","0,00000001124966419831","0,00000372621081245721","0,00000640916907608731"
"-0,20541017995480528900","0,00000026714798078767","0,00000053997302180672","0,00000064788244680950","0,00000001097225150164","0,00000001091028834862","-0,00000007137501855031","0,00000108707781019544","0,00000120396928676534","0,00000001095366815424","0,00000001982494284546","0,00000166873755398326","0,00000059185478046262","0,00000207688403572389","0,00000090676478955079","0,00000137579664553042","0,00000120361087914580","0,00000074626132996353","0,00000001128903872245","0,00000371506302294032","0,00000639928120125841"
"-0,20340625445272914000","0,00000026615635215661","0,00000053774331721006","0,00000064614582452781","0,00000001092750326660","0,00000001090203725602","-0,00000007033580258938","0,00000108218415705004","0,00000119964546416098","0,00000001101094923819","0,00000001982424334302","0,00000166125462710252","0,00000058932634267293","0,00000206729690427959","0,00000090270275871740","0,00000136947573383627","0,00000119625415700052","0,00000074351495015710","0,00000001133064782021","0,00000370389120333526","0,00000638935304329624"
"-0,20140232895065299200","0,00000026515000052720","0,00000053550855853605","0,00000064439631961756","0,00000001087851823163","0,00000001089270978933","-0,00000006928997318437","0,00000107729480711719","0,00000119531791625368","0,00000001107268980321","0,00000001982892468788","0,00000165376057638271","0,00000058679302491644","0,00000205771622338774","0,00000089865749580884","0,00000136316515361886","0,00000118888653889676","0,00000074076537064397","0,00000001137449149158","0,00000369269535364203","0,00000637938460220082"
"-0,19939840344857684400","0,00000026414231030734","0,00000053327209868479","0,00000064264040960284","0,00000001082946984785","0,00000001088296571618","-0,00000006824122443116","0,00000107240986988721","0,00000119098259901908","0,00000001113450803548","0,00000001983407901369","0,00000164626555941346","0,00000058426280130050","0,00000204814270777989","0,00000089462846253279","0,00000135686755034702","0,00000118151720370359","0,00000073801108072006","0,00000001141731170233","0,00000368148224030110","0,00000636936994968794"
"-0,19739447794650069600","0,00000026314666590495","0,00000053103729055637","0,00000064088457200772","0,00000001078453156639","0,00000001087346480421","-0,00000006719325042559","0,00000106752945485042","0,00000118663546843282","0,00000001119202212115","0,00000001983479845414","0,00000163877973378441","0,00000058174364593246","0,00000203857707218764","0,00000089061512059691","0,00000135058556948960","0,00000117415533029010","0,00000073525056968127","0,00000001145585041821","0,00000367025862975295","0,00000635930315747343"
"-0,19539055244442452000","0,00000026216306732003","0,00000052880413415078","0,00000063912880683220","0,00000001074370338726","0,00000001086420705341","-0,00000006614605116768","0,00000106265356200680","0,00000118227652449491","0,00000001124523206023","0,00000001983108300921","0,00000163130309949557","0,00000057923555881231","0,00000202901931661096","0,00000088661747000120","0,00000134431921104658","0,00000116680091865630","0,00000073248383752762","0,00000001149010763920","0,00000365902452199758","0,00000634918422555728"
"-0,19338662694234837200","0,00000026119151455259","0,00000052657262946804","0,00000063737311407628","0,00000001070698531046","0,00000001085519246378","-0,00000006509962665743","0,00000105778219135638","0,00000117790576720535","0,00000001129413785273","0,00000001982293267892","0,00000162383565654694","0,00000057673853994005","0,00000201946944104987","0,00000088263551074566","0,00000133806847501798","0,00000115945396880217","0,00000072971088425911","0,00000001152008336532","0,00000364777991703499","0,00000633901315393949"
"-0,19138270144027222400","0,00000026023200760262","0,00000052434277650813","0,00000063561749373995","0,00000001067437733598","0,00000001084642103533","-0,00000006405397689483","0,00000105291534289913","0,00000117352319656414","0,00000001133873949863","0,00000001981034746325","0,00000161637740493851","0,00000057425258931570","0,00000200992744550436","0,00000087866924283029","0,00000133183336140379","0,00000115211448072772","0,00000072693170987572","0,00000001154577759656","0,00000363652481486519","0,00000632878994262007"
"-0,18937877593819607600","0,00000025928454647013","0,00000052211457527107","0,00000063386194582323","0,00000001064587946382","0,00000001083789276805","-0,00000006300910187988","0,00000104805301663507","0,00000116912881257127","0,00000001137903699794","0,00000001979332736222","0,00000160892834467028","0,00000057177770693923","0,00000200039332997443","0,00000087471866625510","0,00000132561387020401","0,00000114478245443295","0,00000072414631437747","0,00000001156719033292","0,00000362525921548816","0,00000631851459159901"
"-0,18737485043611992700","0,00000025834913115510","0,00000051988802575684","0,00000063210647032611","0,00000001062149169399","0,00000001082960766195","-0,00000006196500161259","0,00000104319521256419","0,00000116472261522675","0,00000001141503035066","0,00000001977187237582","0,00000160148847574226","0,00000056931389281067","0,00000199086709446009","0,00000087078378102007","0,00000131941000141865","0,00000113745788991787","0,00000072135469776434","0,00000001158432157440","0,00000361398311890392","0,00000630818710087632"
"-0,18537092493404377900","0,00000025742576165755","0,00000051766312796545","0,00000063035106724859","0,00000001060121402648","0,00000001082156571702","-0,00000006092167609296","0,00000103834193068650","0,00000116030460453058","0,00000001144671955678","0,00000001974598250405","0,00000159405779815445","0,00000056686114693000","0,00000198134873896133","0,00000086686458712521","0,00000131322175504769","0,00000113014078718246","0,00000071855686003636","0,00000001159717132101","0,00000360269652511245","0,00000629780747045198"
"-0,18336699943196760300","0,00000025651443797748","0,00000051543988189690","0,00000062859573659066","0,00000001058504646130","0,00000001081376693327","-0,00000005987912532098","0,00000103349317100199","0,00000115587478048276","0,00000001147410461632","0,00000001971565774691","0,00000158663631190684","0,00000056441946929723","0,00000197183826347816","0,00000086296108457052","0,00000130704913109115","0,00000112283114622673","0,00000071575280119350","0,00000001160573957274","0,00000359139943411377","0,00000628737570032602"
"-0,18136307392989145500","0,00000025561516011487","0,00000051321828755119","0,00000062684047835234","0,00000001057298899844","0,00000001080621131069","-0,00000005883734929665","0,00000102864893351066","0,00000115143314308329","0,00000001149718552927","0,00000001968089810441","0,00000157922401699943","0,00000056198885991235","0,00000196233566801057","0,00000085907327335601","0,00000130089212954901","0,00000111552896705069","0,00000071294252123577","0,00000001161002632959","0,00000358009184590787","0,00000627689179049841"
"-0,17935914842781530700","0,00000025472792806974","0,00000051099834492832","0,00000062508529253362","0,00000001056504163791","0,00000001079889884928","-0,00000005779634801998","0,00000102380921821252","0,00000114697969233216","0,00000001151596229562","0,00000001964170357653","0,00000157182091343223","0,00000055956931877537","0,00000195284095255856","0,00000085520115348166","0,00000129475075042129","0,00000110823424965432","0,00000071012602016318","0,00000001161003159157","0,00000356877376049475","0,00000626635574096917"
"-0,17735522292573915900","0,00000025385274184209","0,00000050878005402828","0,00000062333017913449","0,00000001056120437970","0,00000001079182954905","-0,00000005675612149096","0,00000101897402510755","0,00000114251442822938","0,00000001153043491538","0,00000001959807416328","0,00000156442700120523","0,00000055716084588628","0,00000194335411712213","0,00000085134472494748","0,00000128862499370798","0,00000110094699403763","0,00000070730329797572","0,00000001160575535866","0,00000355744517787441","0,00000625576755173829"
"-0,17535129742366301100","0,00000025298960143190","0,00000050656341485109","0,00000062157513815497","0,00000001056147722381","0,00000001078500341000","-0,00000005571666970959","0,00000101414335419578","0,00000113803735077495","0,00000001154060338856","0,00000001955000986467","0,00000155704228031844","0,00000055476344124509","0,00000193387516170129","0,00000084750398775348","0,00000128251485940908","0,00000109366720020063","0,00000070447435467339","0,00000001159719763088","0,00000354610609804685","0,00000624512722280578"
"-0,17334737192158686200","0,00000025213850683919","0,00000050434842739674","0,00000061982016959505","0,00000001056586017025","0,00000001077842043212","-0,00000005467799267588","0,00000100931720547718","0,00000113354845996887","0,00000001154646771514","0,00000001949751068069","0,00000154966675077186","0,00000055237710485180","0,00000192440408629603","0,00000084367894189964","0,00000127642034752460","0,00000108639486814330","0,00000070163919025620","0,00000001158435840822","0,00000353475652101207","0,00000623443475417162"
"-0,17134344641951068700","0,00000025129945806395","0,00000050213509166522","0,00000061806527345472","0,00000001057435321902","0,00000001077208061541","-0,00000005364009038983","0,00000100449557895177","0,00000112904775581113","0,00000001154802789513","0,00000001944057661133","0,00000154230041256548","0,00000055000183670641","0,00000191494089090635","0,00000083986958738598","0,00000127034145805452","0,00000107912999786566","0,00000069879780472413","0,00000001156723769068","0,00000352339644677008","0,00000622369014583584"
"-0,16933952091743453800","0,00000025047245510619","0,00000049992340765654","0,00000061631044973400","0,00000001058695637011","0,00000001076598395988","-0,00000005260296285143","0,00000099967847461954","0,00000112453523830174","0,00000001154528392853","0,00000001937920765661","0,00000153494326569930","0,00000054763763680890","0,00000190548557553226","0,00000083607592421249","0,00000126427819099886","0,00000107187258936769","0,00000069595019807720","0,00000001154583547827","0,00000351202587532086","0,00000621289339779841"
"-0,16733559541535839000","0,00000024965749796589","0,00000049771337537070","0,00000061455569843287","0,00000001060366962353","0,00000001076013046552","-0,00000005156661006068","0,00000099486589248050","0,00000112001090744070","0,00000001153823581534","0,00000001931340381652","0,00000152759531017333","0,00000054528450515930","0,00000189603814017375","0,00000083229795237916","0,00000125823054635761","0,00000106462264264941","0,00000069309637031540","0,00000001152015177098","0,00000350064480666443","0,00000620204451005935"
"-0,16533166991328224200","0,00000024885458664307","0,00000049550499480771","0,00000061280101955135","0,00000001062449297927","0,00000001075452013234","-0,00000005053103201759","0,00000099005783253464","0,00000111547476322801","0,00000001152688355555","0,00000001924316509106","0,00000152025654598756","0,00000054294244175759","0,00000188659858483082","0,00000082853567188601","0,00000125219852413076","0,00000105738015771080","0,00000069023632143873","0,00000001149018656881","0,00000348925324080077","0,00000619114348261865"
"-0,16332774441120609400","0,00000024806372113773","0,00000049329826596755","0,00000061104641308942","0,00000001064942643733","0,00000001074915296033","-0,00000004949622872215","0,00000098525429478196","0,00000111092680566366","0,00000001151122714918","0,00000001916849148023","0,00000151292697314200","0,00000054061144660378","0,00000187716690950348","0,00000082478908273303","0,00000124618212431833","0,00000105014513455188","0,00000068737005144720","0,00000001145593987176","0,00000347785117772990","0,00000618019031547632"
"-0,16132381890912994600","0,00000024728490144986","0,00000049109318885023","0,00000060929187904710","0,00000001067846999772","0,00000001074402894950","-0,00000004846220017437","0,00000098045527922247","0,00000110636703474767","0,00000001149126659621","0,00000001908938298404","0,00000150560659163664","0,00000053829151969786","0,00000186774311419172","0,00000082105818492021","0,00000124018134692032","0,00000104291757317263","0,00000068449756034079","0,00000001141741167984","0,00000346643861745181","0,00000616918500863235"
"-0,15931989340705377000","0,00000024651812757946","0,00000048888976345574","0,00000060753741742437","0,00000001071162366043","0,00000001073914809984","-0,00000004742894637424","0,00000097566078585616","0,00000110179545048002","0,00000001146700189666","0,00000001900583960247","0,00000149829540147149","0,00000053598266103984","0,00000185832719889555","0,00000081734297844757","0,00000123419619193671","0,00000103569747357307","0,00000068161884811952","0,00000001137460199303","0,00000345501555996649","0,00000615812756208674"
"-0,15731596790497762200","0,00000024576339952653","0,00000048668798978410","0,00000060578302822125","0,00000001074888742547","0,00000001073451041136","-0,00000004639646732177","0,00000097087081468303","0,00000109721205286071","0,00000001143843305051","0,00000001891786133554","0,00000149099340264655","0,00000053368487062972","0,00000184891916361495","0,00000081364346331510","0,00000122822665936751","0,00000102848483575318","0,00000067873391478338","0,00000001132751081135","0,00000344358200527396","0,00000614701797583950"
"-0,15531204240290147300","0,00000024502071729107","0,00000048448786783530","0,00000060402871143772","0,00000001079026129284","0,00000001073011588405","-0,00000004536476301695","0,00000096608536570309","0,00000109261684188976","0,00000001140556005777","0,00000001882544818323","0,00000148370059516181","0,00000053139814846749","0,00000183951900834994","0,00000080995963952280","0,00000122227274921273","0,00000102127965971298","0,00000067584276033238","0,00000001127613813480","0,00000343213795337421","0,00000613585624989062"
"-0,15330811690082532500","0,00000024429008087309","0,00000048228939760933","0,00000060227446707379","0,00000001083574526252","0,00000001072596451792","-0,00000004433383345978","0,00000096130443891633","0,00000108800981756715","0,00000001136838291844","0,00000001872860014556","0,00000147641697901727","0,00000052912249455316","0,00000183012673310052","0,00000080629150707067","0,00000121633446147236","0,00000101408194545245","0,00000067294538476650","0,00000001122048396336","0,00000342068340426724","0,00000612464238424010"
"-0,15130419139874917700","0,00000024357149027258","0,00000048009257910621","0,00000060052029512947","0,00000001088533933454","0,00000001072205631296","-0,00000004330367865027","0,00000095652803432275","0,00000108339097989289","0,00000001132690163252","0,00000001862731722252","0,00000146914255421294","0,00000052685790888672","0,00000182074233786667","0,00000080263906595871","0,00000121041179614640","0,00000100689169297161","0,00000067004178808576","0,00000001116054829705","0,00000340921835795306","0,00000611337637888795"
"-0,14930026589667300100","0,00000024285597516121","0,00000047789587034810","0,00000059876273217151","0,00000001093494134108","0,00000001071881163416","-0,00000004226902884207","0,00000095175693617152","0,00000107876588446081","0,00000001128471269416","0,00000001852634769840","0,00000146187734808361","0,00000052459527516427","0,00000181136896611063","0,00000079900801455403","0,00000120450335801469","0,00000099971780033361","0,00000066712912713291","0,00000001110088160278","0,00000339773545859493","0,00000610206861152345"
"-0,14729634039459685300","0,00000024213456521063","0,00000047569772935717","0,00000059699831476670","0,00000001098044911438","0,00000001071665084653","-0,00000004122461428884","0,00000094699192871180","0,00000107414008686472","0,00000001124541259753","0,00000001843043985750","0,00000145462138796407","0,00000052232547708188","0,00000180200976129460","0,00000079540405122373","0,00000119860775185706","0,00000099256916560162","0,00000066420455875071","0,00000001104603434749","0,00000338622735035614","0,00000609072945983591"
"-0,14529241489252070500","0,00000024140726042084","0,00000047349815613344","0,00000059522704291503","0,00000001102186265441","0,00000001071557395005","-0,00000004017043499057","0,00000094223301194359","0,00000106951358710464","0,00000001120900134261","0,00000001833959369981","0,00000144737467385434","0,00000052004851463956","0,00000179266472341859","0,00000079182717596783","0,00000119272497767353","0,00000098544578877564","0,00000066126808293916","0,00000001099600653118","0,00000337469403323670","0,00000607935892382533"
"-0,14328848939044455700","0,00000024067406079184","0,00000047129715067689","0,00000059344891661649","0,00000001105918196119","0,00000001071558094474","-0,00000003910649094727","0,00000093748018586689","0,00000106488638518055","0,00000001117547892942","0,00000001825380922534","0,00000144013720575440","0,00000051776438783730","0,00000178333385248259","0,00000078827738878631","0,00000118685503546408","0,00000097834766985566","0,00000065831969969825","0,00000001095079815383","0,00000336313550723659","0,00000606795700349169"
"-0,14128456388836840800","0,00000023993496632364","0,00000046909471298754","0,00000059166393587110","0,00000001109240703471","0,00000001071667183058","-0,00000003803278215893","0,00000093273345048171","0,00000106025848109247","0,00000001114484535794","0,00000001817308643409","0,00000143290898366426","0,00000051547309667511","0,00000177401714848661","0,00000078475468967918","0,00000118099792522872","0,00000097127480884170","0,00000065535940902800","0,00000001091040921547","0,00000335155177235583","0,00000605652369883502"
"-0,13928063838629226000","0,00000023918997701623","0,00000046689084306537","0,00000058987210067886","0,00000001112153787497","0,00000001071884660758","-0,00000003694930862555","0,00000092799280578803","0,00000105562987484038","0,00000001111710062819","0,00000001809742532605","0,00000142569000758391","0,00000051317464115299","0,00000176471461143064","0,00000078125907864644","0,00000117515364696745","0,00000096422720573374","0,00000065238721092840","0,00000001087483971607","0,00000333994282859441","0,00000604505900985529"
"-0,13727671288421608400","0,00000023843909286962","0,00000046468554091040","0,00000058807341103975","0,00000001114657448198","0,00000001072210527574","-0,00000003585607034715","0,00000092325825178586","0,00000105100056642430","0,00000001109224474015","0,00000001802682590123","0,00000141848027751336","0,00000051086902127094","0,00000175542624131469","0,00000077779055568808","0,00000116932220068027","0,00000095720486053179","0,00000064940310539945","0,00000001084408965565","0,00000332830867595233","0,00000603356293655253"
"-0,13527278738213993600","0,00000023768231388379","0,00000046247880652261","0,00000058626786695378","0,00000001116751685573","0,00000001072644783505","-0,00000003475306732370","0,00000091852978847520","0,00000104637055584421","0,00000001107027769384","0,00000001796128815963","0,00000141127979345261","0,00000050855623702895","0,00000174615203813875","0,00000077434912080411","0,00000116350358636718","0,00000095020777323585","0,00000064640709244114","0,00000001081815903421","0,00000331664931442959","0,00000602203547892671"
"-0,13326886188006378800","0,00000023691964005876","0,00000046027063990201","0,00000058445546842096","0,00000001118436499622","0,00000001073187428553","-0,00000003364029955523","0,00000091380741585606","0,00000104173984310013","0,00000001105119948924","0,00000001790081210124","0,00000140408855540166","0,00000050623628842703","0,00000173689200190283","0,00000077093477399453","0,00000115769780402817","0,00000094323594384592","0,00000064339917205349","0,00000001079704785174","0,00000330496474402619","0,00000601047663697785"
"-0,13126493637798764000","0,00000023615107139453","0,00000045806104104860","0,00000058263621544128","0,00000001119711890346","0,00000001073838462716","-0,00000003251776704171","0,00000090909113392842","0,00000103710842819204","0,00000001103501012637","0,00000001784539772607","0,00000139690656336050","0,00000050390917546518","0,00000172764613260693","0,00000076754751525934","0,00000115190485366325","0,00000093628937236200","0,00000064037934423649","0,00000001078075610824","0,00000329325496474213","0,00000599888641070595"
"-0,12926101087591149200","0,00000023537660789108","0,00000045585000996238","0,00000058081010801474","0,00000001120577857743","0,00000001074597885995","-0,00000003138546978317","0,00000090438094269229","0,00000103247631111996","0,00000001102170960521","0,00000001779504503412","0,00000138973381732914","0,00000050157489814339","0,00000171841443025104","0,00000076418734459853","0,00000114612473527242","0,00000092936805878408","0,00000063734760899013","0,00000001076928380371","0,00000328151997657742","0,00000598726480011100"
"-0,12725708537383534400","0,00000023459624954843","0,00000045363754664335","0,00000057897714614134","0,00000001121034401816","0,00000001075465698391","-0,00000003024340777959","0,00000089967684214768","0,00000102784349188387","0,00000001101129792578","0,00000001774975402538","0,00000138257031730758","0,00000049923345646167","0,00000170919689483516","0,00000076085426201212","0,00000114035744885568","0,00000092247200311218","0,00000063430396631443","0,00000001076263093817","0,00000326975977953204","0,00000597561180519300"
"-0,12525315987175916800","0,00000023380999636658","0,00000045142365109150","0,00000057713732982108","0,00000001121081522562","0,00000001076441899902","-0,00000002909158103097","0,00000089497883229457","0,00000102320997048379","0,00000001100377508806","0,00000001770952469986","0,00000137541606329581","0,00000049688485042002","0,00000169999352635931","0,00000075754826750009","0,00000113460299441302","0,00000091560120534628","0,00000063124841620937","0,00000001076079751159","0,00000325797437360601","0,00000596392742595196"
"-0,12324923436968301900","0,00000023301784834551","0,00000044920832330685","0,00000057529065905396","0,00000001120719219983","0,00000001077526490528","-0,00000002792998953732","0,00000089028691313298","0,00000101857574691970","0,00000001099914109207","0,00000001767435705755","0,00000136827105529384","0,00000049452908001843","0,00000169080432482346","0,00000075426936106244","0,00000112886137194446","0,00000090875566548639","0,00000062818095867497","0,00000001076378352399","0,00000324616375879931","0,00000595221166238787"
"-0,12124530886760687100","0,00000023221980548524","0,00000044699156328938","0,00000057343713383999","0,00000001119947494079","0,00000001078719470271","-0,00000002675863329864","0,00000088560108466289","0,00000101394082119162","0,00000001099739593779","0,00000001764425109846","0,00000136113529330167","0,00000049216614525691","0,00000168162929022763","0,00000075101754269919","0,00000112313258144998","0,00000090193538353251","0,00000062510159371121","0,00000001077158897536","0,00000323432793511196","0,00000594046451450074"
"-0,11924138336553072300","0,00000023141586778576","0,00000044477337103911","0,00000057157675417915","0,00000001118766344848","0,00000001080020839130","-0,00000002557751231492","0,00000088092134688432","0,00000100930519329953","0,00000001099853962524","0,00000001761920682259","0,00000135400877731929","0,00000048979604613546","0,00000167246842257182","0,00000074779281241032","0,00000111741662292959","0,00000089514035948464","0,00000062201032131811","0,00000001078421386571","0,00000322246690254395","0,00000592868598229056"
"-0,11723745786345456100","0,00000023060603524708","0,00000044255374655602","0,00000056970952007146","0,00000001117175772292","0,00000001081430597104","-0,00000002438662658616","0,00000087624769979725","0,00000100466886324345","0,00000001100257215440","0,00000001759922422993","0,00000134689150734671","0,00000048741878265407","0,00000166332172185602","0,00000074459517019584","0,00000111171349638329","0,00000088837059334277","0,00000061890714149565","0,00000001080165819503","0,00000321058066109528","0,00000591687606575734"
"-0,11523353236137841300","0,00000022979030786919","0,00000044033268984012","0,00000056783543151691","0,00000001115175776411","0,00000001082948744194","-0,00000002318597611237","0,00000087158014340170","0,00000100003183102336","0,00000001100949352529","0,00000001758430332049","0,00000133978348338393","0,00000048503435481275","0,00000165418918808024","0,00000074142461605575","0,00000110602320181108","0,00000088162608510692","0,00000061579205424384","0,00000001082392196333","0,00000319866921076595","0,00000590503476490106"
"-0,11322960685930226500","0,00000022896868565209","0,00000043811020089142","0,00000056595448851550","0,00000001112766357203","0,00000001084575280400","-0,00000002197556089355","0,00000086691867769766","0,00000099539409663928","0,00000001101930373790","0,00000001757444409427","0,00000133268470543095","0,00000048264276261150","0,00000164507082124448","0,00000073828114999004","0,00000110034573921295","0,00000087490683477707","0,00000061266505956269","0,00000001085100517060","0,00000318673255155596","0,00000589316207972175"
"-0,11122568135722610300","0,00000022814116859579","0,00000043588627970990","0,00000056406669106724","0,00000001109947514670","0,00000001086310205722","-0,00000002075538092969","0,00000086226330268512","0,00000099075566009119","0,00000001103200279222","0,00000001756964655126","0,00000132559517348776","0,00000048024400605032","0,00000163596662134873","0,00000073516477199873","0,00000109468110858891","0,00000086821284235323","0,00000060952615745218","0,00000001088290781684","0,00000317477068346531","0,00000588125801021939"
"-0,10922175585514995500","0,00000022730775670027","0,00000043366092629557","0,00000056217203917211","0,00000001106719248811","0,00000001088153520160","-0,00000001952543622080","0,00000085761401836410","0,00000098611652137911","0,00000001104759068827","0,00000001756991069147","0,00000131851488755437","0,00000047783808512920","0,00000162687658839299","0,00000073207548208180","0,00000108902930993896","0,00000086154410783540","0,00000060637534791232","0,00000001091962990206","0,00000316278360649400","0,00000586932255639398"
"-0,10721783035307380600","0,00000022646844996556","0,00000043143414064843","0,00000056027053283012","0,00000001103081559627","0,00000001090105223714","-0,00000001828572676688","0,00000085297082473459","0,00000098147668050302","0,00000001106606742604","0,00000001757523651489","0,00000131144384763078","0,00000047542499984814","0,00000161780072237727","0,00000072901328023925","0,00000108339034326310","0,00000085490063122358","0,00000060321263094312","0,00000001096117142625","0,00000315077132064204","0,00000585735571824553"
"-0,10521390485099764400","0,00000022562324839163","0,00000042920592276847","0,00000055836217204128","0,00000001099034447117","0,00000001092165316383","-0,00000001703625256791","0,00000084833372179659","0,00000097683613746293","0,00000001108743300552","0,00000001758562402154","0,00000130438205371698","0,00000047300475020716","0,00000160873902330156","0,00000072597816647110","0,00000107776420856133","0,00000084828241251777","0,00000060003800654456","0,00000001100753238942","0,00000313873382590941","0,00000584535749577403"
"-0,10320997934892149600","0,00000022477215197850","0,00000042697627265571","0,00000055644695680558","0,00000001094577911281","0,00000001094333798169","-0,00000001577701362392","0,00000084370270955009","0,00000097219489225885","0,00000001111168742673","0,00000001760107321139","0,00000129732950581298","0,00000047057733620624","0,00000159969149116587","0,00000072297014077733","0,00000107215090583364","0,00000084168945171796","0,00000059685147471665","0,00000001105871279156","0,00000312667112229613","0,00000583332788897949"
"-0,10120605384684534800","0,00000022391516072616","0,00000042474519031014","0,00000055452488712302","0,00000001089711952120","0,00000001096610669070","-0,00000001450800993489","0,00000083907778799511","0,00000096755294489076","0,00000001113883068966","0,00000001762158408447","0,00000129028620391878","0,00000046814275784539","0,00000159065812597020","0,00000071998920315795","0,00000106655043508005","0,00000083512174882417","0,00000059365303545939","0,00000001111471263267","0,00000311458320980219","0,00000582126689786190"
"-0,09920212834476918600","0,00000022306888079357","0,00000042251296627687","0,00000055259955706008","0,00000001084765273774","0,00000001098790084678","-0,00000001325026041833","0,00000083445209790662","0,00000096290489910701","0,00000001116622436423","0,00000001764250408049","0,00000128324935965644","0,00000046570351657785","0,00000158163187482185","0,00000071702260979542","0,00000106095173025243","0,00000082858663602630","0,00000059044170217461","0,00000001117094683647","0,00000310246391041043","0,00000580916210235861"
"-0,09719820284269303780","0,00000022224991833969","0,00000042027989110104","0,00000055067456068324","0,00000001080066580384","0,00000001100666200584","-0,00000001202478399175","0,00000082981878005959","0,00000095824535865593","0,00000001119123002039","0,00000001765918063919","0,00000127621618464803","0,00000046326211385687","0,00000157260568482811","0,00000071405761687218","0,00000105534372530268","0,00000082209144551428","0,00000058721648826412","0,00000001122283032667","0,00000309030704610370","0,00000579700108240695"
"-0,09519427734061688960","0,00000022145827336451","0,00000041804596478264","0,00000054874989799249","0,00000001075615871951","0,00000001102239016788","-0,00000001083158065515","0,00000082517783445404","0,00000095357432353751","0,00000001121384765812","0,00000001767161376057","0,00000126918667889354","0,00000046081854968244","0,00000156357955598900","0,00000071109422438825","0,00000104972642023081","0,00000081563617728810","0,00000058397739372793","0,00000001127036310327","0,00000307811261688200","0,00000578478383800692"
"-0,09319035183854072760","0,00000022069394586803","0,00000041581118732168","0,00000054682556898785","0,00000001071413148474","0,00000001103508533291","-0,00000000967065040853","0,00000082052926108995","0,00000094889179375176","0,00000001123407727744","0,00000001767980344462","0,00000126216084239299","0,00000045837282405458","0,00000155455348830451","0,00000070813243234362","0,00000104409981503680","0,00000080922083134776","0,00000058072441856604","0,00000001131354516627","0,00000306588062274532","0,00000577251036915854"
"-0,09118642633646457940","0,00000021995693585026","0,00000041357555871814","0,00000054490157366930","0,00000001067458409953","0,00000001104474750091","-0,00000000854199325188","0,00000081587305996733","0,00000094419776929868","0,00000001125191887833","0,00000001768374969136","0,00000125513867514636","0,00000045592493697327","0,00000154552748177464","0,00000070517224073829","0,00000103846390972067","0,00000080284540769327","0,00000057745756277845","0,00000001135237651566","0,00000305361106369368","0,00000576018067586179"
"-0,08918250083438843120","0,00000021924724331120","0,00000041133907897204","0,00000054297791203686","0,00000001063751656389","0,00000001105137667188","-0,00000000744560918522","0,00000081120923108617","0,00000093949225017827","0,00000001126737246081","0,00000001768345250077","0,00000124812017715365","0,00000045347488843852","0,00000153650153639940","0,00000070221364957226","0,00000103281870428241","0,00000079650990632463","0,00000057417682636515","0,00000001138685715145","0,00000304130393972706","0,00000574779475811667"
"-0,08717857533231226920","0,00000021856486825084","0,00000040910174808338","0,00000054105458409051","0,00000001060292887781","0,00000001105497284584","-0,00000000638149820854","0,00000080653777444649","0,00000093477523639052","0,00000001128043802486","0,00000001767891187286","0,00000124110534841488","0,00000045102267845033","0,00000152747565217878","0,00000069925665884553","0,00000102716419872202","0,00000079021432724182","0,00000057088220932615","0,00000001141698707365","0,00000302895925084547","0,00000573535261592319"
"-0,08517464983023612100","0,00000021790981066919","0,00000040686356605214","0,00000053913158983026","0,00000001057082104130","0,00000001105553602278","-0,00000000534966032183","0,00000080185869004827","0,00000093004672793544","0,00000001129111557049","0,00000001767012780763","0,00000123409418893003","0,00000044856830700869","0,00000151844982911277","0,00000069630126855810","0,00000102150039303950","0,00000078395867044487","0,00000056757371166145","0,00000001144276628224","0,00000301657699704890","0,00000572285424928134"
"-0,08317072432815995900","0,00000021728207056624","0,00000040462453287834","0,00000053720892925611","0,00000001054119305435","0,00000001105306620270","-0,00000000435009552510","0,00000079717197789152","0,00000092530672481303","0,00000001129940509770","0,00000001765710030508","0,00000122708669869911","0,00000044611177411361","0,00000150942406720140","0,00000069334747870997","0,00000101582728723486","0,00000077774293593376","0,00000056425133337105","0,00000001146419477722","0,00000300415717833737","0,00000571029965819113"
"-0,08116679882608381080","0,00000021668164794200","0,00000040238464856196","0,00000053528660236805","0,00000001051404491696","0,00000001104756338560","-0,00000000338280381836","0,00000079247763797623","0,00000092055522702329","0,00000001130530660649","0,00000001763982936521","0,00000122008287772212","0,00000044365307976509","0,00000150039836644464","0,00000069039528930114","0,00000101014488130808","0,00000077156712370849","0,00000056091507445495","0,00000001148127255861","0,00000299169979471086","0,00000569768884265256"
"-0,07916287332400766260","0,00000021610854279646","0,00000040014391310302","0,00000053336460916610","0,00000001048937662914","0,00000001103902757148","-0,00000000244778520159","0,00000078777567030242","0,00000091579223456621","0,00000001130882009686","0,00000001761831498801","0,00000121308272599905","0,00000044119222396313","0,00000149137272684250","0,00000068744470033162","0,00000100445317525918","0,00000076543123376907","0,00000055756493491314","0,00000001149399962640","0,00000297920484616938","0,00000568502180266562"
"-0,07715894782193150060","0,00000021556275512963","0,00000039790232650152","0,00000053144294965024","0,00000001046718819088","0,00000001102745876033","-0,00000000154503967480","0,00000078306607487007","0,00000091101774744181","0,00000001130994556881","0,00000001759255717350","0,00000120608624352991","0,00000043872920670773","0,00000148234714839499","0,00000068449571180139","0,00000099875216908814","0,00000075933526611549","0,00000055420091474563","0,00000001150237598058","0,00000296667233271293","0,00000567229853823031"
"-0,07515502231985535240","0,00000021504428494151","0,00000039565988875744","0,00000052952162382049","0,00000001044747960219","0,00000001101285695217","-0,00000000067456723799","0,00000077834885167919","0,00000090623176565006","0,00000001130868302234","0,00000001756255592166","0,00000119909343031470","0,00000043626402799888","0,00000147332163110210","0,00000068154832371047","0,00000099304186279498","0,00000075327922074776","0,00000055082301395242","0,00000001150640162116","0,00000295410225434151","0,00000565951904934664"
"-0,07315109681777920430","0,00000021455313223208","0,00000039341659987080","0,00000052760063167683","0,00000001043025086306","0,00000001099522214699","0,00000000016363210884","0,00000077362400072977","0,00000090143428919099","0,00000001130503245745","0,00000001752831123250","0,00000119210428635342","0,00000043379668783659","0,00000146429617496383","0,00000067860253605885","0,00000098732225637969","0,00000074726309766587","0,00000054743123253351","0,00000001150607654814","0,00000294149461105511","0,00000564668333601461"
"-0,07114717131570304220","0,00000021408929700137","0,00000039117245984159","0,00000052567997321927","0,00000001041550197349","0,00000001097455434478","0,00000000096955836569","0,00000076889152202183","0,00000089662531806458","0,00000001129899387414","0,00000001748982310602","0,00000118511881164606","0,00000043132718622086","0,00000145527077998018","0,00000067565834884653","0,00000098159334984227","0,00000074128689686983","0,00000054402557048889","0,00000001150140076152","0,00000292884940285374","0,00000563379139823421"
"-0,06914324581362689400","0,00000021365277924936","0,00000038892746866982","0,00000052375964844781","0,00000001040323293349","0,00000001095085354556","0,00000000174321153257","0,00000076415141555535","0,00000089180485227085","0,00000001129056727240","0,00000001744709154222","0,00000117813700619264","0,00000042885552315169","0,00000144624544615116","0,00000067271576207350","0,00000097585514318272","0,00000073535061835963","0,00000054060602781857","0,00000001149237426130","0,00000291616662973740","0,00000562084323600545"
"-0,06713932031155074590","0,00000021324357897605","0,00000038668162635547","0,00000052183965736244","0,00000001039344374305","0,00000001092411974931","0,00000000248459160946","0,00000075940368133034","0,00000088697289180977","0,00000001127975265225","0,00000001740011654109","0,00000117115886999313","0,00000042638169862907","0,00000143722017347676","0,00000066977477573979","0,00000097010763640105","0,00000072945426213527","0,00000053717260452255","0,00000001147899704748","0,00000290344629170609","0,00000560783884932832"
"-0,06513539480947458380","0,00000021286169618145","0,00000038443493289856","0,00000051991999996318","0,00000001038613440217","0,00000001089435295605","0,00000000319369859638","0,00000075464831934680","0,00000088212943668137","0,00000001126655001367","0,00000001734889810265","0,00000116418440304756","0,00000042390571265302","0,00000142819496195698","0,00000066683538984537","0,00000096435082949724","0,00000072359782819677","0,00000053372530060083","0,00000001146126912005","0,00000289068838875980","0,00000559477823820283"
"-0,06313146930739843570","0,00000021250713086556","0,00000038218738829908","0,00000051800067625001","0,00000001038130491086","0,00000001086155316576","0,00000000387053249331","0,00000074988532960472","0,00000087727448688564","0,00000001125095935668","0,00000001729343622688","0,00000115721360535591","0,00000042142756522352","0,00000141916981159182","0,00000066389760439025","0,00000095858472247131","0,00000071778131654410","0,00000053026411605341","0,00000001143919047902","0,00000287789292089855","0,00000558166140262898"
"-0,06112754380532228060","0,00000021217988302837","0,00000037993899255703","0,00000051608168622295","0,00000001037895526911","0,00000001082572037845","0,00000000451509330027","0,00000074511471210412","0,00000087240804242257","0,00000001123298068126","0,00000001723373091379","0,00000115024647691820","0,00000041894725634057","0,00000141014472238128","0,00000066096141937443","0,00000095280931532324","0,00000071200472717728","0,00000052678905088028","0,00000001141276112440","0,00000286505988812232","0,00000556848834260676"
"-0,05912361830324613240","0,00000021187995266989","0,00000037768974567242","0,00000051416302988198","0,00000001037908547693","0,00000001078685459413","0,00000000512738101725","0,00000074033646684498","0,00000086753010329217","0,00000001121261398742","0,00000001716978216338","0,00000114328301773440","0,00000041646478600419","0,00000140111969432537","0,00000065802683479792","0,00000094702460805305","0,00000070626806009631","0,00000052330010508145","0,00000001138198105617","0,00000285218929043112","0,00000555525905813617"
"-0,05711969280116997730","0,00000021160733979011","0,00000037543964764524","0,00000051224470722711","0,00000001038169553431","0,00000001074495581278","0,00000000570739564425","0,00000073555059382731","0,00000086264066949443","0,00000001118985927517","0,00000001710158997564","0,00000113632322780454","0,00000041398015421436","0,00000139209472742407","0,00000065509385066070","0,00000094123060066073","0,00000070057131530118","0,00000051979727865692","0,00000001134685027433","0,00000283928112782494","0,00000554197354921722"
"-0,05511576729909382220","0,00000021136204438903","0,00000037318869847549","0,00000051032671825834","0,00000001038678544125","0,00000001070002403441","0,00000000625513718127","0,00000073075709305110","0,00000085773974102937","0,00000001116471654449","0,00000001702915435059","0,00000112936710712860","0,00000041149336097109","0,00000138306982167740","0,00000065216246696279","0,00000093542729314628","0,00000069491449279189","0,00000051628057160668","0,00000001130736877890","0,00000282633540030380","0,00000552863181584991"
"-0,05311184179701766710","0,00000021114406646667","0,00000037093689816317","0,00000050840906297566","0,00000001039435519776","0,00000001065205925902","0,00000000677060562831","0,00000072595596451637","0,00000085282731789697","0,00000001113718579539","0,00000001695247528821","0,00000112241465570660","0,00000040900440627438","0,00000137404497708535","0,00000064923268370417","0,00000092961468550971","0,00000068929759256845","0,00000051274998393075","0,00000001126353656987","0,00000281335210786768","0,00000551523385803423"
"-0,05110791629494151890","0,00000021095340602300","0,00000036868424670829","0,00000050649174137909","0,00000001040440480383","0,00000001060106148661","0,00000000725380098537","0,00000072114720822310","0,00000084790340009724","0,00000001110726702787","0,00000001687155278852","0,00000111546587353851","0,00000040651329012423","0,00000136502019364793","0,00000064630450088486","0,00000092379277775100","0,00000068372061463085","0,00000050920551562911","0,00000001121535364723","0,00000280033125051659","0,00000550177967577018"
"-0,04910399079286536380","0,00000021076880237178","0,00000036643088467005","0,00000050457186409215","0,00000001041601754204","0,00000001055087815362","0,00000000772458312838","0,00000071633441370239","0,00000084297429826153","0,00000001107716783718","0,00000001679020650909","0,00000110851051239674","0,00000040401907283501","0,00000135600524873160","0,00000064337929160587","0,00000091797113398154","0,00000067819046619057","0,00000050566221673496","0,00000001116685334333","0,00000278727911383781","0,00000548826680660755"
"-0,04710006529078920870","0,00000021056899482674","0,00000036417695260767","0,00000050264654173839","0,00000001042827669494","0,00000001050535669649","0,00000000820281193324","0,00000071152117048533","0,00000083804632302121","0,00000001104909581858","0,00000001671225610754","0,00000110153832405364","0,00000040152081472109","0,00000134700991970286","0,00000064045842896822","0,00000091215931831270","0,00000067271405445907","0,00000050213513728149","0,00000001112206899051","0,00000277420198341865","0,00000547469278809609"
"-0,04509613978871306050","0,00000021035398338788","0,00000036192245052115","0,00000050071577431781","0,00000001044118226254","0,00000001046449711521","0,00000000868848739996","0,00000070670747857194","0,00000083311947437628","0,00000001102305097207","0,00000001663770158386","0,00000109454930850923","0,00000039901851578248","0,00000133803420656169","0,00000063754191297192","0,00000090635733074448","0,00000066729137943635","0,00000049862427726869","0,00000001108100058877","0,00000276109985925908","0,00000546105762023581"
"-0,04309221428663690540","0,00000021012376805520","0,00000035966737841048","0,00000049877956183041","0,00000001045473424483","0,00000001042829940979","0,00000000918160952854","0,00000070189333796219","0,00000082819375232674","0,00000001099903329765","0,00000001656654293805","0,00000108754346576351","0,00000039651217601918","0,00000132907810930810","0,00000063462974361696","0,00000090056517127688","0,00000066192244112242","0,00000049512963669657","0,00000001104364813811","0,00000274797274135913","0,00000544736130302671"
"-0,04108828878456075030","0,00000020987834882870","0,00000035741173627568","0,00000049683790427619","0,00000001046893264183","0,00000001039676358022","0,00000000968217831899","0,00000069707874865610","0,00000082326915687258","0,00000001097704279531","0,00000001649878017012","0,00000108052079581646","0,00000039400179543119","0,00000132014162794209","0,00000063172192090334","0,00000089478283990990","0,00000065660723951727","0,00000049165121556513","0,00000001101001163852","0,00000273482062971878","0,00000543360383646879"
"-0,03908436328248460210","0,00000020961772570837","0,00000035515552411674","0,00000049489080165514","0,00000001048377745352","0,00000001036988962651","0,00000001019019377129","0,00000069226371065366","0,00000081834568801380","0,00000001095707946506","0,00000001643441328005","0,00000107348129866810","0,00000039148737401850","0,00000131122476246366","0,00000062881844483106","0,00000088901033664354","0,00000065134577462090","0,00000048818901387436","0,00000001098009109001","0,00000272164352433803","0,00000541978522056205"
"-0,03708043778040844700","0,00000020934189869423","0,00000035289874193365","0,00000049293825396728","0,00000001049926867991","0,00000001034767754866","0,00000001070565588545","0,00000068744822395488","0,00000081342334575041","0,00000001093914330690","0,00000001637344226786","0,00000106642497431842","0,00000038896891178111","0,00000130232751287281","0,00000062591931540013","0,00000088324766147781","0,00000064613804643331","0,00000048474303162427","0,00000001095388649259","0,00000270844142521689","0,00000540590545530649"
"-0,03507651227833229190","0,00000020905086778626","0,00000035064138972643","0,00000049098026121259","0,00000001051540632100","0,00000001033012734666","0,00000001122856466147","0,00000068263228855976","0,00000080850213008241","0,00000001092323432083","0,00000001631586713353","0,00000105935182276743","0,00000038644640871904","0,00000129344987916954","0,00000062302453261054","0,00000087749481441269","0,00000064098405495451","0,00000048131326881486","0,00000001093139784624","0,00000269521433235536","0,00000539196454070211"
"-0,03307258677625614370","0,00000020874463298448","0,00000034838346749506","0,00000048901682339107","0,00000001053219037678","0,00000001031723902052","0,00000001175892009936","0,00000067781590446828","0,00000080358204100980","0,00000001090935250684","0,00000001626168787708","0,00000105226184401511","0,00000038391986483227","0,00000128459186135385","0,00000062013409646229","0,00000087175179544819","0,00000063588380018449","0,00000047789972544612","0,00000001091262515096","0,00000268196224575343","0,00000537796247674891"
"-0,03106866127417998860","0,00000020842319428887","0,00000034612497523955","0,00000048704794050274","0,00000001054962084727","0,00000001030901257023","0,00000001229672219910","0,00000067299907168046","0,00000079866307853256","0,00000001089749786494","0,00000001621090449850","0,00000104515503806148","0,00000038138928012081","0,00000127575345942573","0,00000061724800695538","0,00000086601860458432","0,00000063083728212325","0,00000047450240151807","0,00000001089756840677","0,00000266868516541111","0,00000536389926344688"
"-0,02906473577210383350","0,00000020808655169945","0,00000034386591295991","0,00000048507361254758","0,00000001056769773245","0,00000001030544799580","0,00000001284197096070","0,00000066818179019630","0,00000079374524265072","0,00000001088767039513","0,00000001616351699780","0,00000103803140490653","0,00000037885465458465","0,00000126693467338520","0,00000061436626408982","0,00000086029524182106","0,00000062584450077080","0,00000047112129703068","0,00000001088622761365","0,00000265538309132839","0,00000534977490079604"
"-0,02706081027002768190","0,00000020773470521620","0,00000034160628065612","0,00000048309383952561","0,00000001058642103233","0,00000001030654529723","0,00000001339466638416","0,00000066336406001579","0,00000078882853336426","0,00000001087987009740","0,00000001611952537496","0,00000103089094455027","0,00000037631598822380","0,00000125813550323224","0,00000061148886786560","0,00000085458170715842","0,00000062090545612713","0,00000046775641198398","0,00000001087860277161","0,00000264205602350528","0,00000533558938879637"
"-0,02505688476795152680","0,00000020736765483913","0,00000033934607832819","0,00000048110862143681","0,00000001060579074691","0,00000001031230447451","0,00000001395480846948","0,00000065854588113894","0,00000078391295067319","0,00000001087409697176","0,00000001607892962999","0,00000102373365699269","0,00000037377328103826","0,00000124935594896687","0,00000060861581828272","0,00000084887800059641","0,00000061602014819224","0,00000046440774637795","0,00000001087469388065","0,00000262870396194178","0,00000532134272744789"
"-0,02305295926587537510","0,00000020698540056824","0,00000033708530597612","0,00000047911795828118","0,00000001062580687619","0,00000001032272552765","0,00000001452239721666","0,00000065372725356573","0,00000077899849457750","0,00000001087035101821","0,00000001604172976290","0,00000101655954223379","0,00000037122653302802","0,00000124059601058907","0,00000060574711534118","0,00000084318412213501","0,00000061118857696613","0,00000046107530021260","0,00000001087450094077","0,00000261532690663788","0,00000530703491675058"
"-0,02104903376379922350","0,00000020658794240353","0,00000033482396359991","0,00000047712185005874","0,00000001064646942016","0,00000001033780845665","0,00000001509743262570","0,00000064890817729619","0,00000077408516507720","0,00000001086863223675","0,00000001600792577368","0,00000100936860027357","0,00000036867574419309","0,00000123185568809885","0,00000060288275904099","0,00000083750007177424","0,00000060641074244881","0,00000045775907348793","0,00000001087802395197","0,00000260192485759359","0,00000529266595670445"
"-0,01904510826172306840","0,00000020617528034500","0,00000033256205119955","0,00000047512029676947","0,00000001066777837883","0,00000001035755326150","0,00000001567991469660","0,00000064408865233030","0,00000076917296217229","0,00000001086894062738","0,00000001597751766233","0,00000100216083111204","0,00000036612091453347","0,00000122313498149621","0,00000060002274938214","0,00000083182584951408","0,00000060168664464027","0,00000045445906620393","0,00000001088526291424","0,00000258849781480890","0,00000527823584730950"
"-0,01704118275964691680","0,00000020574741439265","0,00000033029956877506","0,00000047311329841339","0,00000001068973375220","0,00000001038195994221","0,00000001626984342937","0,00000063926867866806","0,00000076426188586276","0,00000001087127619009","0,00000001595050542885","0,00000099493623474919","0,00000036356204404915","0,00000121443389078116","0,00000059716708636463","0,00000082616145535455","0,00000059701628354051","0,00000045117527836061","0,00000001089621782759","0,00000257504577828382","0,00000526374458856573"
"-0,01503725725757076340","0,00000020530434454648","0,00000032803651632643","0,00000047110085499048","0,00000001071233554027","0,00000001041102849877","0,00000001686721882399","0,00000063444825630947","0,00000075935193614862","0,00000001087563892489","0,00000001592688907324","0,00000098769481118502","0,00000036099913274014","0,00000120575241595368","0,00000059431576998847","0,00000082050688929564","0,00000059239965914954","0,00000044790770995797","0,00000001091088869203","0,00000256156874801834","0,00000524919218047314"
"-0,01303333175549461000","0,00000020484607080649","0,00000032577289385365","0,00000046908296650074","0,00000001073558374303","0,00000001044475893119","0,00000001747204088047","0,00000062962738525455","0,00000075444311302986","0,00000001088202883177","0,00000001590666859550","0,00000098043656041954","0,00000035843218060643","0,00000119709055701378","0,00000059146880025365","0,00000081486215133734","0,00000058783677146735","0,00000044465636099601","0,00000001092927550753","0,00000254806672401247","0,00000523457862303173"
"-0,01102940625341845660","0,00000020437259317268","0,00000032350870135673","0,00000046705963294419","0,00000001075947836050","0,00000001048315123947","0,00000001808430959881","0,00000062480606550327","0,00000074953541650649","0,00000001089044591075","0,00000001588984399564","0,00000097316148245274","0,00000035586118764803","0,00000118844831396145","0,00000058862617716017","0,00000080922724147967","0,00000058332762049394","0,00000044142123147472","0,00000001095137827412","0,00000253453970626621","0,00000521990391624150"
"-0,00902548075134230500","0,00000020388391164504","0,00000032124393883568","0,00000046503085432081","0,00000001078401939266","0,00000001052620542360","0,00000001870402497901","0,00000061998429705565","0,00000074462884657851","0,00000001090089016181","0,00000001587641527365","0,00000096586957728462","0,00000035328615386494","0,00000117982568679671","0,00000058578790070803","0,00000080360215972262","0,00000057887220622932","0,00000043820232139411","0,00000001097719699179","0,00000252098769477955","0,00000520516806010245"
"-0,00702155524926615163","0,00000020338002622359","0,00000031897860629048","0,00000046299663063062","0,00000001080920683952","0,00000001057392148359","0,00000001933118702107","0,00000061516207991168","0,00000073972340324591","0,00000001091336158496","0,00000001586638242952","0,00000095856084491519","0,00000035070707925716","0,00000117122267551955","0,00000058295397089724","0,00000079798690606619","0,00000057447052867347","0,00000043499963075417","0,00000001100673166053","0,00000250741068955249","0,00000519037105461457"
"-0,00501762974718999826","0,00000020286093690832","0,00000031671270372114","0,00000046095696187360","0,00000001083504070108","0,00000001062629941944","0,00000001996579572499","0,00000061033941407137","0,00000073481908650870","0,00000001092786018019","0,00000001585974546327","0,00000095123528534443","0,00000034812396382468","0,00000116263928012996","0,00000058012438772779","0,00000079238148051038","0,00000057012258782641","0,00000043181315955491","0,00000001103998228035","0,00000249380869058505","0,00000517551289977788"
"-0,00301370424511384532","0,00000020232664369922","0,00000031444623112766","0,00000045891184804975","0,00000001086152097733","0,00000001068333923114","0,00000002060785109077","0,00000060551629953472","0,00000072991589636687","0,00000001094438594752","0,00000001585650437490","0,00000094389289857236","0,00000034553680756751","0,00000115407550062796","0,00000057729915119968","0,00000078678588305519","0,00000056582838368814","0,00000042864290779633","0,00000001107694885125","0,00000248018169787721","0,00000516059359559236"
"-0,00100977874303769216","0,00000020177714659631","0,00000031217918851004","0,00000045686128915909","0,00000001088864766829","0,00000001074504091870","0,00000002125735311841","0,00000060069273630171","0,00000072501383282043","0,00000001096293888693","0,00000001585665916439","0,00000093653368459898","0,00000034294561048564","0,00000114553133701353","0,00000057447826131291","0,00000078120011370062","0,00000056158791625864","0,00000042548887547843","0,00000001111763137323","0,00000246652971142897","0,00000514561314205803"
"0,00099414675903846078","0,00000020122652238972","0,00000030991719547552","0,00000045480884920079","0,00000001091495694764","0,00000001080672571407","0,00000002189450538661","0,00000059587359654907","0,00000072011329652796","0,00000001098162121638","0,00000001585745389718","0,00000092917671032046","0,00000034035872021212","0,00000113700556151804","0,00000057166693867607","0,00000077563914989998","0,00000055740170996140","0,00000042234351595506","0,00000001115893571812","0,00000245285163279470","0,00000513059919475559"
"0,00299807226111461394","0,00000020068884786963","0,00000030766587163134","0,00000045275809217405","0,00000001093898498911","0,00000001086371484920","0,00000002249951147406","0,00000059106375245349","0,00000071521468814803","0,00000001099853515383","0,00000001585613263868","0,00000092184104263299","0,00000033778448437997","0,00000112849694637284","0,00000056887040389772","0,00000077011796910660","0,00000055327028921989","0,00000041919928258009","0,00000001119776775774","0,00000243914636352875","0,00000511557940926577"
"0,00500199776319076688","0,00000020016412303602","0,00000030542521697749","0,00000045070901807886","0,00000001096073179267","0,00000001091600832411","0,00000002307237138077","0,00000058626320401498","0,00000071031800768066","0,00000001101368069927","0,00000001585269538891","0,00000091452668153658","0,00000033522290298921","0,00000112000549157793","0,00000056608865697787","0,00000076463657132046","0,00000054919365403412","0,00000041605617535352","0,00000001123412749211","0,00000242541390363113","0,00000510055378558857"
"0,00700592326526692025","0,00000019965234788890","0,00000030319523151399","0,00000044866162691522","0,00000001098019735835","0,00000001096360613879","0,00000002361308510673","0,00000058147195123354","0,00000070542325512583","0,00000001102705785271","0,00000001584714214785","0,00000090723362703122","0,00000033267397603982","0,00000111153119713331","0,00000056332169791651","0,00000075919495654158","0,00000054517180440407","0,00000041291419427535","0,00000001126801492122","0,00000241165425310183","0,00000508552232372399"
"0,00900984876734307362","0,00000019915352242827","0,00000030097591524082","0,00000044661591868313","0,00000001099738168614","0,00000001100650829323","0,00000002412165265195","0,00000057668999410916","0,00000070053043048356","0,00000001103866661414","0,00000001583947291552","0,00000089996187911691","0,00000033013770353181","0,00000110307406303897","0,00000056056952671366","0,00000075379312476995","0,00000054120474032975","0,00000040977333934557","0,00000001129943004507","0,00000239786741194085","0,00000507048502367203"
"0,01101377426941922530","0,00000019866764665412","0,00000029876726815800","0,00000044457189338260","0,00000001101228477603","0,00000001104471478744","0,00000002459807401642","0,00000057191733264185","0,00000069563953375383","0,00000001104850698357","0,00000001582968769190","0,00000089271143779365","0,00000032761408546518","0,00000109463408929493","0,00000055783214336930","0,00000074843107600556","0,00000053729246181116","0,00000040663361056419","0,00000001132837286367","0,00000238405338014820","0,00000505544188543269"
"0,01301769977149537860","0,00000019819472056646","0,00000029656929026551","0,00000044252955101362","0,00000001102490662802","0,00000001107822562142","0,00000002504234920015","0,00000056715396683161","0,00000069075056493665","0,00000001105657896099","0,00000001581778647700","0,00000088548230306145","0,00000032510312183993","0,00000108621127590118","0,00000055510954788343","0,00000074310881024843","0,00000053343496884830","0,00000040349500793120","0,00000001135484337700","0,00000237021215772387","0,00000504039290900597"
"0,01502162527357153200","0,00000019773474416529","0,00000029438198156336","0,00000044048889157620","0,00000001103524724213","0,00000001110704079517","0,00000002545447820313","0,00000056239989667843","0,00000068586352403203","0,00000001106288254641","0,00000001580376927082","0,00000087827447492029","0,00000032260481265606","0,00000107780562285771","0,00000055240174025607","0,00000073782632749855","0,00000052963226144117","0,00000040035753144662","0,00000001137884158507","0,00000235634374466787","0,00000502533809439186"
"0,01702555077564768540","0,00000019728771745061","0,00000029220534205155","0,00000043844991507033","0,00000001104330661834","0,00000001113116030869","0,00000002583446102537","0,00000055765512218232","0,00000068097841103995","0,00000001106741773982","0,00000001578763607337","0,00000087108795337020","0,00000032011915791356","0,00000106941713016454","0,00000054970872048720","0,00000073258362775592","0,00000052588433958976","0,00000039722118111043","0,00000001140036748789","0,00000234244814098019","0,00000501027744159037"
"0,01902947627772383700","0,00000019685364042241","0,00000029003937173008","0,00000043641262149601","0,00000001104908475666","0,00000001115058416198","0,00000002618229766687","0,00000055291964334328","0,00000067609522596042","0,00000001107018454123","0,00000001576938688462","0,00000086392273841115","0,00000031764615761244","0,00000106104579782165","0,00000054703048857683","0,00000072738071102054","0,00000052219120329409","0,00000039408595692264","0,00000001141942108545","0,00000232852534666083","0,00000499521095060151"
"0,02103340177979999210","0,00000019643251308070","0,00000028788407059895","0,00000043437701085325","0,00000001105258165708","0,00000001116531235503","0,00000002649798812762","0,00000054819346016130","0,00000067121396879344","0,00000001107118295063","0,00000001574902170460","0,00000085677883004316","0,00000031518581175271","0,00000105269162582906","0,00000054436704452495","0,00000072221757729241","0,00000051855285255415","0,00000039095185888324","0,00000001143600237774","0,00000231457536170980","0,00000498013862142526"
"0,02303732728187614380","0,00000019602433542548","0,00000028573943865815","0,00000043234308314204","0,00000001105379731961","0,00000001117534488786","0,00000002678153240762","0,00000054347657263639","0,00000066633463953900","0,00000001107041296803","0,00000001572654053330","0,00000084965622826621","0,00000031273812033435","0,00000104435461418675","0,00000054171838833158","0,00000071709422657153","0,00000051496928736994","0,00000038781888699225","0,00000001145011136478","0,00000230059818612709","0,00000496506045406163"
"0,02504125278395229540","0,00000019562910745674","0,00000028360547590770","0,00000043031083836238","0,00000001105273174425","0,00000001118068176045","0,00000002703293050688","0,00000053876898076854","0,00000066145723819712","0,00000001106787459342","0,00000001570194337072","0,00000084255493308032","0,00000031030308335737","0,00000103603476289474","0,00000053908451999669","0,00000071201065885790","0,00000051144050774146","0,00000038468704124965","0,00000001146174804656","0,00000228659381991270","0,00000494997644851062"
"0,02704517828602845050","0,00000019524682917450","0,00000028148218234758","0,00000042828027651428","0,00000001104938493100","0,00000001118132297281","0,00000002725218242540","0,00000053407068455776","0,00000065658176476779","0,00000001106356782681","0,00000001567523021685","0,00000083547494448549","0,00000030788070082176","0,00000102773207195301","0,00000053646543952031","0,00000070696687415153","0,00000050796651366870","0,00000038155632165544","0,00000001147091242308","0,00000227256226306664","0,00000493488660477223"
"0,02904910378810460210","0,00000019487750057873","0,00000027936955797781","0,00000042625139759772","0,00000001104375687985","0,00000001117726852494","0,00000002743928816317","0,00000052938168400405","0,00000065170821925100","0,00000001105749266819","0,00000001564640107171","0,00000082841626248170","0,00000030547097272754","0,00000101944654136157","0,00000053386114690243","0,00000070196287245240","0,00000050454730515168","0,00000037842672820964","0,00000001147760449434","0,00000225850351558890","0,00000491979092284646"
"0,03105302929018075730","0,00000019452112166946","0,00000027726760279837","0,00000042422420161273","0,00000001103584759081","0,00000001116851841684","0,00000002759424772020","0,00000052470197910740","0,00000064683660164677","0,00000001104964911757","0,00000001561545593528","0,00000082137888706897","0,00000030307389907469","0,00000101117817112043","0,00000053127164214304","0,00000069699865376052","0,00000050118288219039","0,00000037529826091223","0,00000001148182426034","0,00000224441757747949","0,00000490468940273330"
"0,03305695479225691240","0,00000019417769244667","0,00000027517631680927","0,00000042219868855928","0,00000001102565706388","0,00000001115507264851","0,00000002771706109648","0,00000052003156986782","0,00000064196691195508","0,00000001104003717494","0,00000001558239480757","0,00000081436281824729","0,00000030068947986323","0,00000100292696122957","0,00000052869692524214","0,00000069207421807589","0,00000049787324478482","0,00000037217091976322","0,00000001148357172108","0,00000223030444873840","0,00000488958204443277"
"0,03506088029433306050","0,00000019384721291037","0,00000027309570001051","0,00000042017485843739","0,00000001101318529905","0,00000001113693121994","0,00000002780772829202","0,00000051537045628531","0,00000063709915017595","0,00000001102865684031","0,00000001554721768858","0,00000080736805601667","0,00000029831771509314","0,00000099469291168900","0,00000052613699619975","0,00000068718956539852","0,00000049461839293499","0,00000036904470476261","0,00000001148284687657","0,00000221616412936563","0,00000487446884794485"
"0,03706480579640921560","0,00000019352968306056","0,00000027102575240209","0,00000041815271124706","0,00000001099843229633","0,00000001111409413115","0,00000002786624930681","0,00000051071863835986","0,00000063223331630936","0,00000001101550811367","0,00000001550992457832","0,00000080039460037709","0,00000029595860476443","0,00000098647602249872","0,00000052359185501585","0,00000068234469572839","0,00000049141832664088","0,00000036591961591039","0,00000001147964972679","0,00000220199661936119","0,00000485934981326956"
"0,03906873129848537070","0,00000019322510289724","0,00000026896647398401","0,00000041613224698827","0,00000001098139805572","0,00000001108656138212","0,00000002789262414085","0,00000050607611609148","0,00000062736941035532","0,00000001100059099503","0,00000001547051547677","0,00000079344245132857","0,00000029361214887709","0,00000097827629365873","0,00000052106150169045","0,00000067753960906552","0,00000048827304590251","0,00000036279565320657","0,00000001147398027176","0,00000218780191872507","0,00000484422494040688"
"0,04107265680056151890","0,00000019293347242040","0,00000026691786475626","0,00000041411346566104","0,00000001096208257722","0,00000001105433297286","0,00000002788685279416","0,00000050144288948017","0,00000062250743231383","0,00000001098390548438","0,00000001542899038393","0,00000078651160887110","0,00000029127834743114","0,00000097009372516903","0,00000051854593622355","0,00000067277430540989","0,00000048518255071986","0,00000035967281665115","0,00000001146583851147","0,00000217358002745727","0,00000482909422935682"
"0,04307658230263767400","0,00000019265479163005","0,00000026487992471886","0,00000041209636726537","0,00000001094048586082","0,00000001101740890337","0,00000002784893526671","0,00000049681895852592","0,00000061764738218489","0,00000001096545158173","0,00000001538534929982","0,00000077960207300469","0,00000028895720042657","0,00000096192831702962","0,00000051604515861514","0,00000066804878476152","0,00000048214684109294","0,00000035655110624412","0,00000001145522444591","0,00000215933094555780","0,00000481395768011938"
"0,04508050780471382910","0,00000019238906052619","0,00000026285265387179","0,00000041008095180125","0,00000001091660790653","0,00000001097578917365","0,00000002777887155853","0,00000049220432322874","0,00000061278925996850","0,00000001094522928707","0,00000001533959222443","0,00000077271384372932","0,00000028664870786337","0,00000095378006924050","0,00000051355916886523","0,00000066336304712040","0,00000047916591702176","0,00000035343052198549","0,00000001144213807510","0,00000214505467302665","0,00000479881529269456"
"0,04708443330678997730","0,00000019213627910881","0,00000026083605221507","0,00000040806721926868","0,00000001089044871434","0,00000001092947378370","0,00000002767666166960","0,00000048759898358862","0,00000060793306566466","0,00000001092323860041","0,00000001529171915776","0,00000076584692104501","0,00000028435286974155","0,00000094564898180167","0,00000051108796697382","0,00000065871709248652","0,00000047623977850630","0,00000035031106387526","0,00000001142657939903","0,00000213075120986383","0,00000478366706708236"
"0,04908835880886613240","0,00000019189644737792","0,00000025883011974868","0,00000040605516966766","0,00000001086200828427","0,00000001087846273352","0,00000002754230559992","0,00000048300293960557","0,00000060307879927337","0,00000001089947952175","0,00000001524173009980","0,00000075900130495175","0,00000028206968606111","0,00000093753505471313","0,00000050863155294091","0,00000065411092085990","0,00000047336842554657","0,00000034719273191343","0,00000001140854841770","0,00000211642055606933","0,00000476851300328278"
"0,05109228431094228750","0,00000019165630249524","0,00000025683629845164","0,00000040405398527224","0,00000001083391161938","0,00000001082716844894","0,00000002740543260873","0,00000047842911275879","0,00000059823549509641","0,00000001087586021756","0,00000001519158771315","0,00000075220185998726","0,00000027979771063737","0,00000092947419715411","0,00000050620323157046","0,00000064957409876669","0,00000047057765185609","0,00000034409038649337","0,00000001138961266971","0,00000210210643519106","0,00000475335087106015"
"0,05309620981301843570","0,00000019140258162249","0,00000025485603030295","0,00000040207284835647","0,00000001080878372279","0,00000001078000335583","0,00000002729567195524","0,00000047389042452748","0,00000059341218743556","0,00000001085428885432","0,00000001514325466038","0,00000074547345068924","0,00000027753549728565","0,00000092150231830382","0,00000050381630766645","0,00000064513619273304","0,00000046789325114836","0,00000034101888800845","0,00000001137133969367","0,00000208785257077692","0,00000473817844017880"
"0,05510013531509459080","0,00000019113528475967","0,00000025288931530261","0,00000040011175892035","0,00000001078662459448","0,00000001073696745417","0,00000002721302363947","0,00000046938687491165","0,00000058860887629082","0,00000001083476543204","0,00000001509673094149","0,00000073881607705769","0,00000027528304600594","0,00000091361941816228","0,00000050147078122887","0,00000064079720275896","0,00000046531522342338","0,00000033797823645867","0,00000001135372948956","0,00000207365896282692","0,00000472299571063874"
"0,05710406081717074590","0,00000019085441190678","0,00000025093615345062","0,00000039817071696387","0,00000001076743423445","0,00000001069806074396","0,00000002715748766141","0,00000046491846391128","0,00000058382556166220","0,00000001081728995072","0,00000001505201655649","0,00000073222973909263","0,00000027304035679825","0,00000090582549672948","0,00000049916665225773","0,00000063655712884445","0,00000046284356868116","0,00000033496843184404","0,00000001133678205740","0,00000205952561134105","0,00000470780268243997"
"0,05910798631924690100","0,00000019055996306382","0,00000024899654474699","0,00000039624972248704","0,00000001075121264271","0,00000001066328322521","0,00000002712906402106","0,00000046048519152639","0,00000057906224354968","0,00000001080186241035","0,00000001500911150537","0,00000072571443679404","0,00000027080742966258","0,00000089812055400542","0,00000049690392075302","0,00000063241597098950","0,00000046047828692169","0,00000033198947416454","0,00000001132049739718","0,00000204545251631931","0,00000469259935558248"
"0,06111191182132304920","0,00000019025193823079","0,00000024707048919170","0,00000039434877548986","0,00000001073795981926","0,00000001063263489791","0,00000002712775271841","0,00000045608705775696","0,00000057431892195328","0,00000001078848281094","0,00000001496801578814","0,00000071927017016192","0,00000026858426459893","0,00000089050458999010","0,00000049468258671475","0,00000062837372919412","0,00000045821937814498","0,00000032904136342019","0,00000001130487550890","0,00000203143967776171","0,00000467738573006628"
"0,06311583732339920430","0,00000018993033740769","0,00000024515798678477","0,00000039246787597232","0,00000001072767576409","0,00000001060611576207","0,00000002715355375348","0,00000045172406260301","0,00000056959559687299","0,00000001077715115249","0,00000001492872940479","0,00000071289693919628","0,00000026637086160729","0,00000088297760468352","0,00000049250265014292","0,00000062443040345831","0,00000045606684235102","0,00000032612409961099","0,00000001128991639257","0,00000201748709566824","0,00000466216180589137"
"0,06511976282547535240","0,00000018959516059453","0,00000024325903752619","0,00000039060702393443","0,00000001072036047721","0,00000001058372581769","0,00000002720646712626","0,00000044739620606453","0,00000056489226830881","0,00000001076786743499","0,00000001489125235532","0,00000070659474389712","0,00000026416722068767","0,00000087553959808568","0,00000049036411103752","0,00000062058599378206","0,00000045402067953981","0,00000032323768273692","0,00000001127562004817","0,00000200359477003890","0,00000464692758305774"
"0,06712368832755151450","0,00000018924640779129","0,00000024137364141596","0,00000038876621937618","0,00000001071601395861","0,00000001056546506476","0,00000002728649283675","0,00000044310348814152","0,00000056020893626074","0,00000001076063165845","0,00000001485558463974","0,00000070036358426443","0,00000026197334184007","0,00000086819057019658","0,00000048826696939856","0,00000061684050016538","0,00000045208088971136","0,00000032038211279800","0,00000001126198647572","0,00000198976270087370","0,00000463168306156539"
"0,06912761382962766270","0,00000018888407899798","0,00000023950179845409","0,00000038694546229758","0,00000001071463620830","0,00000001055133350329","0,00000002739363088495","0,00000043884590883398","0,00000055554560072878","0,00000001075544382287","0,00000001482172625804","0,00000069420346029822","0,00000025978922506449","0,00000086093052101623","0,00000048621122522603","0,00000061319392260827","0,00000045024747286566","0,00000031755738979422","0,00000001124901567521","0,00000197599088817263","0,00000461642824141433"
"0,07113153933170381080","0,00000018850817421460","0,00000023764350864056","0,00000038514475269863","0,00000001071622722627","0,00000001054133113327","0,00000002752788127086","0,00000043462346814192","0,00000055090226171294","0,00000001075230392824","0,00000001478967721023","0,00000068811437199849","0,00000025761487036092","0,00000085375945054462","0,00000048419687851994","0,00000060964626111072","0,00000044852042900272","0,00000031476351372559","0,00000001123670764664","0,00000196227933193569","0,00000460116312260456"
"0,07313546483377997290","0,00000018811869344115","0,00000023579877197539","0,00000038336409057932","0,00000001072078701253","0,00000001053545795470","0,00000002768924399449","0,00000043043616606532","0,00000054627891921321","0,00000001075121197456","0,00000001475943749630","0,00000068209631936523","0,00000025545027772937","0,00000084667735878174","0,00000048222392928029","0,00000060619751567274","0,00000044689975812254","0,00000031200048459210","0,00000001122506239002","0,00000194862803216289","0,00000458588770513607"
"0,07513939033585612100","0,00000018771563667763","0,00000023396758845857","0,00000038160347593966","0,00000001072831556708","0,00000001053371396760","0,00000002787771905582","0,00000042628400260420","0,00000054167557322958","0,00000001075216796185","0,00000001473100711625","0,00000067614930239845","0,00000025329544716984","0,00000083968424572761","0,00000048029237750707","0,00000060284768629433","0,00000044538546022510","0,00000030926830239375","0,00000001121407990533","0,00000193503698885422","0,00000457060198900887"
"0,07714331583793226920","0,00000018729900392404","0,00000023214995809010","0,00000037986290877964","0,00000001073881288991","0,00000001053609917194","0,00000002809330645486","0,00000042216697775855","0,00000053709222376208","0,00000001075517189009","0,00000001470438607009","0,00000067027332109814","0,00000025115037868233","0,00000083278011138222","0,00000047840222320029","0,00000059959677297548","0,00000044397753531042","0,00000030656696713054","0,00000001120376019259","0,00000192150620200968","0,00000455530597422296"
"0,07914724134000843130","0,00000018686879518038","0,00000023034588086998","0,00000037814238909928","0,00000001075227898102","0,00000001054261356775","0,00000002833600619161","0,00000041808509152836","0,00000053252887081068","0,00000001076022375928","0,00000001467957435781","0,00000066446837546431","0,00000024901507226683","0,00000082596495574557","0,00000047655346635994","0,00000059644477571621","0,00000044267598337850","0,00000030389647880247","0,00000001119410325179","0,00000190803567162928","0,00000453999966077833"
"0,08115116684208457940","0,00000018642501044665","0,00000022855535679821","0,00000037644191689855","0,00000001076871384043","0,00000001055325715501","0,00000002860581826607","0,00000041403834391365","0,00000052798551437539","0,00000001076732356944","0,00000001465657197942","0,00000065873446549696","0,00000024688952792335","0,00000081923877881766","0,00000047474610698603","0,00000059339169451649","0,00000044148080442933","0,00000030125683740955","0,00000001118510908294","0,00000189462539771301","0,00000452468304867498"
"0,08315509234416072760","0,00000018596764972285","0,00000022677838587480","0,00000037476149217748","0,00000001078811746811","0,00000001056802993372","0,00000002890274267825","0,00000041002673491442","0,00000052346215445622","0,00000001077647132054","0,00000001463537893491","0,00000065307159119608","0,00000024477374565189","0,00000081260158059850","0,00000047298014507855","0,00000059043752937635","0,00000044039199846291","0,00000029864804295177","0,00000001117677768602","0,00000188127538026088","0,00000450935613791292"
"0,08515901784623688960","0,00000018549671300898","0,00000022501496809973","0,00000037310111493605","0,00000001081048986408","0,00000001058693190389","0,00000002922677942813","0,00000040605026453065","0,00000051895879105315","0,00000001078766701261","0,00000001461599522428","0,00000064747975256168","0,00000024266772545245","0,00000080605336108807","0,00000047125558063751","0,00000058758228029577","0,00000043940956547925","0,00000029607009542914","0,00000001116910906105","0,00000186798561927287","0,00000449401892849215"
"0,08716294334831303780","0,00000018501220030504","0,00000022326510347302","0,00000037146078517427","0,00000001083583102834","0,00000001060996306551","0,00000002957792851573","0,00000040210893276235","0,00000051447542416620","0,00000001080091064563","0,00000001459842084754","0,00000064195894959375","0,00000024057146732502","0,00000079959412028639","0,00000046957241366291","0,00000058482594727476","0,00000043853350547834","0,00000029352299484164","0,00000001116210320802","0,00000185475611474901","0,00000447867142041266"
"0,08916686885038919990","0,00000018451411161103","0,00000022152879199466","0,00000036984050289213","0,00000001086414096089","0,00000001063712341859","0,00000002995618994103","0,00000039820273960953","0,00000051001205379536","0,00000001081620221961","0,00000001458265580468","0,00000063650918229230","0,00000023848497126961","0,00000079322385819345","0,00000046793064415474","0,00000058216853031331","0,00000043776381846019","0,00000029100674118929","0,00000001115576012693","0,00000184158686668927","0,00000446331361367446"
"0,09117079435246534800","0,00000018400244692695","0,00000021980603366465","0,00000036824026808964","0,00000001089541966171","0,00000001066841296313","0,00000003036156370405","0,00000039433168507218","0,00000050556867994064","0,00000001083354173454","0,00000001456870009571","0,00000063113045065733","0,00000023640823728622","0,00000078694257480924","0,00000046633027211300","0,00000057961002941143","0,00000043710050442479","0,00000028852133447209","0,00000001115007981778","0,00000182847787509367","0,00000444794550827755"
"0,09317471985454149620","0,00000018347720625281","0,00000021809682848300","0,00000036666008076680","0,00000001092966713083","0,00000001070383169912","0,00000003079404980477","0,00000039049576915030","0,00000050114530260202","0,00000001085292919043","0,00000001455655372062","0,00000062582275468883","0,00000023434126537485","0,00000078075027013378","0,00000046477129753771","0,00000057715044456912","0,00000043654356337215","0,00000028606677469002","0,00000001114506228057","0,00000181542913996220","0,00000443256710422192"
"0,09517864535661765820","0,00000018293838958859","0,00000021640117644969","0,00000036509994092360","0,00000001096688336823","0,00000001074337962656","0,00000003125364824321","0,00000038669499184389","0,00000049674192177952","0,00000001087436458727","0,00000001454621667941","0,00000062058609438681","0,00000023228405553549","0,00000077464694416706","0,00000046325372042885","0,00000057478977578638","0,00000043609299530226","0,00000028364306184310","0,00000001114070751531","0,00000180244066129487","0,00000441717840150757"
"0,09718257085869380640","0,00000018238599693430","0,00000021471907756474","0,00000036355984856005","0,00000001100706837391","0,00000001078705674547","0,00000003174035901935","0,00000038292935315295","0,00000049235853747312","0,00000001089784792508","0,00000001453768897209","0,00000061542046975126","0,00000023023660776815","0,00000076863259690909","0,00000046177754078642","0,00000057252802306320","0,00000043574880021512","0,00000028125019593132","0,00000001113701552199","0,00000178951243909167","0,00000440177940013451"
"0,09918649636076995460","0,00000018182002828994","0,00000021305053182814","0,00000036203980367614","0,00000001105022214789","0,00000001083486305582","0,00000003225418213321","0,00000037919885307748","0,00000048799514968284","0,00000001092337920383","0,00000001453097059865","0,00000061032588078219","0,00000022819892207283","0,00000076270722835985","0,00000046034275861043","0,00000057036518639959","0,00000043551097811074","0,00000027888817695468","0,00000001113398630061","0,00000177664447335260","0,00000438637010010274"
"0,10119042186284611700","0,00000018126119070446","0,00000021140511629235","0,00000036053945842951","0,00000001109270196620","0,00000001088240897298","0,00000003276774645745","0,00000037552810466503","0,00000048366631380765","0,00000001094885506205","0,00000001452526545597","0,00000060535130240348","0,00000022618495493721","0,00000075691288794183","0,00000045896530509343","0,00000056832153342784","0,00000043538793032383","0,00000027656773446648","0,00000001113168901802","0,00000176391094832010","0,00000437100491870854"
"0,10319434736492226500","0,00000018073019122680","0,00000020979240800985","0,00000035905846497778","0,00000001113086510493","0,00000001092530491227","0,00000003325368086476","0,00000037194172096314","0,00000047938658524652","0,00000001097217213823","0,00000001451977744092","0,00000060054570953902","0,00000022420866284896","0,00000075129162507752","0,00000045766111142795","0,00000056641733178025","0,00000043538805818911","0,00000027429959801999","0,00000001113019284106","0,00000175138604823659","0,00000435573827324820"
"0,10519827286699841300","0,00000018022702985696","0,00000020821240698063","0,00000035759682332094","0,00000001116471156406","0,00000001096355087370","0,00000003371198535513","0,00000036843970197182","0,00000047515596399946","0,00000001099333043237","0,00000001451450655351","0,00000059590910218880","0,00000022227004580810","0,00000074584343976692","0,00000045643017761401","0,00000056465258145683","0,00000043551136170657","0,00000027208376761522","0,00000001112949776973","0,00000173906977310208","0,00000434057016372171"
"0,10720219836907457500","0,00000017975170659495","0,00000020666511320469","0,00000035615453345901","0,00000001119424134359","0,00000001099714685727","0,00000003414265992856","0,00000036502204769107","0,00000047097445006647","0,00000001101232994448","0,00000001450945279373","0,00000059144148035283","0,00000022036910381462","0,00000074056833201002","0,00000045527250365161","0,00000056302728245757","0,00000043575784087623","0,00000026992024325218","0,00000001112960380404","0,00000172696212291657","0,00000432550059012909"
"0,10920612387115072300","0,00000017930422144077","0,00000020515052668203","0,00000035473159539198","0,00000001121945444354","0,00000001102609286298","0,00000003454570458506","0,00000036168875812087","0,00000046684204344754","0,00000001102917067454","0,00000001450461616158","0,00000058714284403111","0,00000021850583686851","0,00000073546630180682","0,00000045418808954073","0,00000056154143478247","0,00000043612749569807","0,00000026780902493085","0,00000001113051094399","0,00000171506309768005","0,00000431052955247032"
"0,11121004937322687100","0,00000017888457439440","0,00000020366864741265","0,00000035332800911985","0,00000001124035086389","0,00000001105038889083","0,00000003492111932461","0,00000035843983326124","0,00000046275874414267","0,00000001104385262257","0,00000001449999665706","0,00000058301319322363","0,00000021668024496979","0,00000073053734915733","0,00000045317693528139","0,00000056019503843153","0,00000043662032617210","0,00000026575011265124","0,00000001113221918956","0,00000170337269739253","0,00000429565705074541"
"0,11321397487530303300","0,00000017849276545586","0,00000020221947539655","0,00000035194377464262","0,00000001125693060464","0,00000001107003494082","0,00000003526890414723","0,00000035527527311218","0,00000045872455215187","0,00000001105637578856","0,00000001449559428018","0,00000057905252793040","0,00000021489232811844","0,00000072578147406155","0,00000045223904087359","0,00000055898809340475","0,00000043723633229831","0,00000026374350641335","0,00000001113472854077","0,00000169189092205401","0,00000428088308495435"
"0,11521790037737918200","0,00000017812879462515","0,00000020080301063373","0,00000035057889196028","0,00000001126919366581","0,00000001108503101295","0,00000003558905905292","0,00000035219507767368","0,00000045473946747514","0,00000001106674017252","0,00000001449140903094","0,00000057526084815142","0,00000021314208631448","0,00000072119867651946","0,00000045137440631731","0,00000055792059970214","0,00000043797551407672","0,00000026178920621718","0,00000001113803899761","0,00000168061777166448","0,00000426620765509715"
"0,11722182587945533000","0,00000017779266190225","0,00000019941925312420","0,00000034923336107285","0,00000001127714004738","0,00000001109537710721","0,00000003588158404166","0,00000034919924694574","0,00000045080349011247","0,00000001107494577443","0,00000001448744090932","0,00000057163815388668","0,00000021142951955789","0,00000071678895653109","0,00000045058303161257","0,00000055699255732368","0,00000043883787150731","0,00000025988721206273","0,00000001114215056009","0,00000166955324622395","0,00000425163076117382"
"0,11922575138153149200","0,00000017748436728718","0,00000019806820286795","0,00000034790718198032","0,00000001128076974935","0,00000001110107322362","0,00000003614647911347","0,00000034628778092837","0,00000044691662006387","0,00000001108099259431","0,00000001448368991534","0,00000056818444513619","0,00000020975462784869","0,00000071255231409641","0,00000044986491675936","0,00000055620396626939","0,00000043982340459009","0,00000025803752395000","0,00000001114706322820","0,00000165869734573242","0,00000423715240318434"
"0,12122967688360764000","0,00000017720391077994","0,00000019674985986497","0,00000034660035468269","0,00000001128008277173","0,00000001110211936217","0,00000003638374426834","0,00000034346067962156","0,00000044307885732933","0,00000001108488063215","0,00000001448015604899","0,00000056489972189994","0,00000020811741118686","0,00000070848874921544","0,00000044922006175768","0,00000055555482653926","0,00000044093211332506","0,00000025624014187898","0,00000001115277700194","0,00000164805007018988","0,00000422277258112871"
"0,12323360238568378800","0,00000017695129238052","0,00000019546422411528","0,00000034531287917996","0,00000001127507911452","0,00000001109851552285","0,00000003659337950628","0,00000034071794302531","0,00000043929020190886","0,00000001108660988796","0,00000001447683931028","0,00000056178398417794","0,00000020651786957241","0,00000070459826188818","0,00000044864846660754","0,00000055504513813329","0,00000044216399771221","0,00000025449506584969","0,00000001115929188132","0,00000163761141959634","0,00000420849129500695"
"0,12523752788775993600","0,00000017672651208892","0,00000019421129561887","0,00000034404475547212","0,00000001126575877772","0,00000001109026170567","0,00000003677538482727","0,00000033805957113963","0,00000043555065380246","0,00000001108618036172","0,00000001447373969920","0,00000055883723197019","0,00000020495600300534","0,00000070088085211462","0,00000044815013130893","0,00000055467490105148","0,00000044351905775155","0,00000025280229586212","0,00000001116660786633","0,00000162738139395180","0,00000419430854481904"
"0,12724145338983611200","0,00000017652956990515","0,00000019299107437574","0,00000034279598355919","0,00000001125212176132","0,00000001107735791064","0,00000003692976023133","0,00000033548556396452","0,00000043186021301011","0,00000001108359205345","0,00000001447085721575","0,00000055605946527669","0,00000020343181148566","0,00000069733651989477","0,00000044772505586185","0,00000055444411529384","0,00000044499729344308","0,00000025116183191626","0,00000001117472495697","0,00000161735999325625","0,00000418022433056499"
"0,12924537889191226000","0,00000017636046582920","0,00000019180356038589","0,00000034156656344116","0,00000001123416806533","0,00000001105980413774","0,00000003705650571846","0,00000033299592149997","0,00000042821887953184","0,00000001107884496314","0,00000001446819185994","0,00000055345068409743","0,00000020194529501335","0,00000069396526522862","0,00000044737324026631","0,00000055435278086036","0,00000044659870478680","0,00000024957367401213","0,00000001118364315325","0,00000160754721750970","0,00000416623865224480"
"0,13124930439398840900","0,00000017621919986107","0,00000019064875364933","0,00000034035649511803","0,00000001121189768974","0,00000001103760038698","0,00000003715562128864","0,00000033059064374598","0,00000042462665336763","0,00000001107193909079","0,00000001446574363176","0,00000055101088843241","0,00000020049645358842","0,00000069076708811617","0,00000044709468452230","0,00000055440089775104","0,00000044832329178271","0,00000024803782214971","0,00000001119336245516","0,00000159794306671214","0,00000415235150985847"
"0,13325322989606455700","0,00000017610577200077","0,00000018952665416604","0,00000033916577858979","0,00000001118531063457","0,00000001101074665836","0,00000003722710694189","0,00000032826973070255","0,00000042108353451749","0,00000001106287443641","0,00000001446351253121","0,00000054874007828165","0,00000019908528721087","0,00000068774198855743","0,00000044688938862982","0,00000055458846596588","0,00000045017105443080","0,00000024655427632902","0,00000001120388286270","0,00000158854754086358","0,00000413856290340599"
"0,13525715539814070500","0,00000017602018224829","0,00000018843726193603","0,00000033799441385646","0,00000001115440689979","0,00000001097924295188","0,00000003727096267820","0,00000032603318236969","0,00000041758952298141","0,00000001105165099999","0,00000001446149855829","0,00000054663825364513","0,00000019771179588070","0,00000068488996655239","0,00000044675735258887","0,00000055491548550488","0,00000045214199273108","0,00000024512303655004","0,00000001121520437588","0,00000157936063996402","0,00000412487283288737"
"0,13726108090021685300","0,00000017596243060363","0,00000018738057695931","0,00000033684240091803","0,00000001111918648543","0,00000001094308926753","0,00000003728718849758","0,00000032388099874740","0,00000041414461875940","0,00000001103826878153","0,00000001445970171301","0,00000054470541452285","0,00000019637597959791","0,00000068221102210106","0,00000044669857639946","0,00000055538195636804","0,00000045423610668355","0,00000024374410281278","0,00000001122732699469","0,00000157038236401346","0,00000411128129830261"
"0,13926500640229302900","0,00000017593251706680","0,00000018635659923587","0,00000033570973977450","0,00000001107964939147","0,00000001090228560533","0,00000003727578440001","0,00000032181317983567","0,00000041074882185145","0,00000001102272778103","0,00000001445812199536","0,00000054294156091482","0,00000019507783836250","0,00000067970515520343","0,00000044671306006158","0,00000055598787855537","0,00000045645339628821","0,00000024241747511724","0,00000001124025071914","0,00000156161271301189","0,00000409778829965171"
"0,14126893190436917700","0,00000017593044163779","0,00000018536532876571","0,00000033459643042587","0,00000001103579561792","0,00000001085683196527","0,00000003723675038551","0,00000031982972563450","0,00000040740213225757","0,00000001100502799849","0,00000001445675940535","0,00000054134669282104","0,00000019381737217447","0,00000067737236585951","0,00000044680080357523","0,00000055673325206686","0,00000045879386154506","0,00000024114315346342","0,00000001125397554921","0,00000155305168695931","0,00000408439383693466"
"0,14327285740644532500","0,00000017595620431660","0,00000018440676554883","0,00000033350247287213","0,00000001098762516477","0,00000001080672834734","0,00000003717008645407","0,00000031793063614390","0,00000040410454997775","0,00000001098516943392","0,00000001445561394297","0,00000053992081024151","0,00000019259458103382","0,00000067521265406929","0,00000044696180694042","0,00000055761807690251","0,00000046125750245409","0,00000023992113785133","0,00000001126850148493","0,00000154469928585574","0,00000407109791015148"
"0,14527678290852147300","0,00000017600980510324","0,00000018348090958523","0,00000033242786711330","0,00000001093513803203","0,00000001075197475156","0,00000003707579260570","0,00000031611591136386","0,00000040085607501200","0,00000001096315208731","0,00000001445468560822","0,00000053866391317622","0,00000019140946494055","0,00000067322601983278","0,00000044719607015713","0,00000055864235306232","0,00000046384431901531","0,00000023875142828094","0,00000001128382852627","0,00000153655550970116","0,00000405790051930215"
"0,14728070841059762200","0,00000017609124399771","0,00000018258776087491","0,00000033137261314937","0,00000001087833421970","0,00000001069257117791","0,00000003695386884039","0,00000031438555129438","0,00000039765670736032","0,00000001093897595866","0,00000001445397440110","0,00000053757600162518","0,00000019026202389466","0,00000067141246314997","0,00000044750359322539","0,00000055980608054629","0,00000046655431122872","0,00000023763402475228","0,00000001129995667325","0,00000152862035849558","0,00000404480166438668"
"0,14928463391267377000","0,00000017620052099999","0,00000018172731941788","0,00000033033671098034","0,00000001081721372778","0,00000001062851762640","0,00000003680431515814","0,00000031273955593547","0,00000039450644702270","0,00000001091264104797","0,00000001445348032162","0,00000053665707558838","0,00000018915225789615","0,00000066977198402087","0,00000044788437614517","0,00000056110925935442","0,00000046938747909431","0,00000023656892726534","0,00000001131688592586","0,00000152089383223899","0,00000403180134540506"
"0,15128855941474994600","0,00000017633823867190","0,00000018091188546111","0,00000032931910969948","0,00000001075696336489","0,00000001056515835927","0,00000003665491802509","0,00000031119975381812","0,00000039143606134048","0,00000001088640551859","0,00000001445237401023","0,00000053591548705322","0,00000018808408369009","0,00000066834477856109","0,00000044835841094844","0,00000056254301671319","0,00000047234467229460","0,00000023557186382684","0,00000001133347631315","0,00000151339387409842","0,00000401896067536796"
"0,15329248491682609400","0,00000017650499957524","0,00000018015375925160","0,00000032831875840008","0,00000001070276993967","0,00000001050783763874","0,00000003653346390737","0,00000030978797347333","0,00000038847631765499","0,00000001086252753385","0,00000001444982610739","0,00000053535958800706","0,00000018706141802154","0,00000066717104288626","0,00000044894568966716","0,00000056409847984904","0,00000047542674051208","0,00000023465856244351","0,00000001134858786414","0,00000150613842724088","0,00000400634076728602"
"0,15529641041890224200","0,00000017670080371001","0,00000017945294078934","0,00000032733565708212","0,00000001065463345213","0,00000001045655546482","0,00000003643995280498","0,00000030850421490109","0,00000038562721596624","0,00000001084100709376","0,00000001444583661309","0,00000053498937844992","0,00000018608426089051","0,00000066625077699639","0,00000044964621230132","0,00000056577564876199","0,00000047863368374674","0,00000023382902311534","0,00000001136222057885","0,00000149912749166637","0,00000399394162115924"
"0,15730033592097839000","0,00000017692565107621","0,00000017880943007434","0,00000032636980574562","0,00000001061255390225","0,00000001041131183750","0,00000003637438471792","0,00000030734847810141","0,00000038288875627421","0,00000001082184419832","0,00000001444040552734","0,00000053480485838179","0,00000018515261229699","0,00000066558398089146","0,00000045045997885092","0,00000056757452345203","0,00000048196550199860","0,00000023308324584234","0,00000001137437445728","0,00000149236106737490","0,00000398176323698762"
"0,15930426142305453800","0,00000017717954167384","0,00000017822322710659","0,00000032542120439058","0,00000001057653129005","0,00000001037210675679","0,00000003633675964620","0,00000030632076307429","0,00000038026093857892","0,00000001080503884752","0,00000001443353285013","0,00000053480602780267","0,00000018426647224099","0,00000066517065457148","0,00000045138698931597","0,00000056949510391916","0,00000048542219526766","0,00000023242123062450","0,00000001138504949941","0,00000148583915436645","0,00000396980561477117"
"0,16130818692513071400","0,00000017746247550289","0,00000017769433188611","0,00000032448985301698","0,00000001054656561552","0,00000001033894022269","0,00000003632707758981","0,00000030542106981972","0,00000037774376288036","0,00000001079059104137","0,00000001442521858147","0,00000053499288671257","0,00000018342584072251","0,00000066501079803646","0,00000045242724369646","0,00000057153739016339","0,00000048900376355390","0,00000023184297746183","0,00000001139424570526","0,00000147956175264104","0,00000395806875450988"
"0,16331211242720686200","0,00000017777445256338","0,00000017722274441287","0,00000032357575162484","0,00000001052265687866","0,00000001031181223519","0,00000003634533854875","0,00000030464939833771","0,00000037533722917854","0,00000001077850077986","0,00000001441546272136","0,00000053536543511148","0,00000018263071774154","0,00000066510441128638","0,00000045358074199240","0,00000057370138218471","0,00000049271020685733","0,00000023134848635432","0,00000001140196307482","0,00000147352886219867","0,00000394655265620376"
"0,16531603792928301100","0,00000017811547285529","0,00000017680846468690","0,00000032267890021414","0,00000001050480507947","0,00000001029072279430","0,00000003639154252303","0,00000030400574862826","0,00000037304133747345","0,00000001076876806300","0,00000001440426526979","0,00000053592367299940","0,00000018188110329809","0,00000066545149432126","0,00000045484748420377","0,00000057598707998312","0,00000049654152517796","0,00000023093775730198","0,00000001140820160810","0,00000146774048303932","0,00000393525731985279"
"0,16731996343135915900","0,00000017848553637863","0,00000017645149270817","0,00000032179929878490","0,00000001049301021795","0,00000001027567190002","0,00000003646568951263","0,00000030349012069136","0,00000037085608776509","0,00000001076139289078","0,00000001439162622678","0,00000053666760037633","0,00000018117699739216","0,00000066605204714108","0,00000045622747033060","0,00000057839448355862","0,00000050049771851577","0,00000023061079030481","0,00000001141296130509","0,00000146219661516301","0,00000392418274545699"
"0,16932388893343530700","0,00000017888464313340","0,00000017615182847671","0,00000032093694733712","0,00000001048727229410","0,00000001026665955234","0,00000003656777951757","0,00000030310251452702","0,00000036878148005346","0,00000001075637526321","0,00000001437754559230","0,00000053759721724227","0,00000018051840002374","0,00000066690606974586","0,00000045772070037286","0,00000058092359291122","0,00000050457878687078","0,00000023036758536280","0,00000001141624216579","0,00000145689725856973","0,00000391332893301635"
"0,17132781443551145500","0,00000017931279311960","0,00000017590947199250","0,00000032009184587078","0,00000001048759130792","0,00000001026368575127","0,00000003669781253785","0,00000030284293013524","0,00000036681751433856","0,00000001075371518029","0,00000001436202336638","0,00000053871252359723","0,00000017990531119284","0,00000066801356213558","0,00000045932717433057","0,00000058357440804091","0,00000050878473024298","0,00000023020814247595","0,00000001141804419020","0,00000145184241325949","0,00000390269588253088"
"0,17333173993758763100","0,00000017976998633722","0,00000017572442325555","0,00000031926399438590","0,00000001049396725941","0,00000001026675049681","0,00000003685578857345","0,00000030271136751601","0,00000036496419062040","0,00000001075341264201","0,00000001434505954900","0,00000054001351944120","0,00000017933773089945","0,00000066937452431026","0,00000046104689220372","0,00000058634692894770","0,00000051311554863237","0,00000023013246164427","0,00000001141836737833","0,00000144703207923227","0,00000389228359400056"
"0,17533566543966377900","0,00000018025622278628","0,00000017559668226585","0,00000031845339288246","0,00000001050640014858","0,00000001027585378895","0,00000003704170762439","0,00000030270782666934","0,00000036322150889897","0,00000001075546764838","0,00000001432665414017","0,00000054150020477418","0,00000017881565914358","0,00000067098895626988","0,00000046287985399232","0,00000058924115563157","0,00000051757124203896","0,00000023014054286776","0,00000001141721173016","0,00000144246625648809","0,00000388209206742541"
"0,17733959094173992700","0,00000018077150246676","0,00000017552624902341","0,00000031766004136048","0,00000001052488997541","0,00000001029099562770","0,00000003725556969065","0,00000030283230759523","0,00000036158946917427","0,00000001075988019939","0,00000001430680713988","0,00000054317257959618","0,00000017833909592522","0,00000067285685801446","0,00000046482605969636","0,00000059225708809254","0,00000052215181046273","0,00000023023238614641","0,00000001141457724571","0,00000143814494502694","0,00000387212130280542"
"0,17934351644381607600","0,00000018131582537867","0,00000017551312352822","0,00000031688393981996","0,00000001054943673992","0,00000001031217601306","0,00000003749737477225","0,00000030308481029368","0,00000036006807144630","0,00000001076665029505","0,00000001428551854814","0,00000054503064390718","0,00000017790804124439","0,00000067497822954399","0,00000046688550931585","0,00000059539472633061","0,00000052685725390369","0,00000023040799148023","0,00000001141046392498","0,00000143406814484883","0,00000386237130014060"
"0,18134744194589222400","0,00000018188919152201","0,00000017555730578029","0,00000031612508826088","0,00000001058004044209","0,00000001033939494502","0,00000003776712286919","0,00000030346533476468","0,00000035865731571507","0,00000001077577793535","0,00000001426278836495","0,00000054707439770720","0,00000017752249510106","0,00000067735307085846","0,00000046905820285077","0,00000059865407034576","0,00000053168757236185","0,00000023066735886921","0,00000001140487176796","0,00000143023585595374","0,00000385284205943094"
"0,18335136744796837200","0,00000018249160089678","0,00000017565879577961","0,00000031538348668326","0,00000001061670108194","0,00000001037265242359","0,00000003806481398145","0,00000030397388100824","0,00000035735720198057","0,00000001078726312031","0,00000001423861659030","0,00000054930384099624","0,00000017718245749526","0,00000067998138195789","0,00000047134414030115","0,00000060203512013801","0,00000053664276583720","0,00000023101048831336","0,00000001139780077465","0,00000142664807834169","0,00000384353358067644"
"0,18535529295004454800","0,00000018312305350298","0,00000017581759352619","0,00000031465913508708","0,00000001065941865946","0,00000001041194844876","0,00000003839044810905","0,00000030461044902435","0,00000035616773024280","0,00000001080110584990","0,00000001421300322420","0,00000055171897377428","0,00000017688792842697","0,00000068286316284227","0,00000047374332166696","0,00000060553787570735","0,00000054172283432974","0,00000023143737981268","0,00000001138925094505","0,00000142330481201267","0,00000383444586387710"
"0,18735921845212069600","0,00000018378354934061","0,00000017603369902003","0,00000031395203347236","0,00000001070819317465","0,00000001045728302054","0,00000003874402525198","0,00000030537503881302","0,00000035508890050176","0,00000001081730612414","0,00000001418594826665","0,00000055431979604134","0,00000017663890789620","0,00000068599841351159","0,00000047625574694822","0,00000060916233705378","0,00000054692777783947","0,00000023194803336715","0,00000001137922227916","0,00000142020605696669","0,00000382557890903293"
"0,18936314395419684400","0,00000018447308840966","0,00000017630711226112","0,00000031326218183910","0,00000001076302462751","0,00000001050865613893","0,00000003912554541024","0,00000030626765037425","0,00000035412071275746","0,00000001083586394303","0,00000001415745171764","0,00000055710630779740","0,00000017643539590294","0,00000068938713396587","0,00000047888141614492","0,00000061290850417731","0,00000055225759636639","0,00000023254244897680","0,00000001136771477699","0,00000141735181320373","0,00000381693271614392"
"0,19136706945627299200","0,00000018519167071014","0,00000017663783324947","0,00000031258958018728","0,00000001082391301804","0,00000001056606780392","0,00000003953500858384","0,00000030728828370804","0,00000035326316700989","0,00000001085677930657","0,00000001412751357718","0,00000056007850904249","0,00000017627739244720","0,00000069302932420510","0,00000048162032925707","0,00000061677637707793","0,00000055771228991050","0,00000023322062664161","0,00000001135472843853","0,00000141474208072381","0,00000380850728521007"
"0,19337099495834914000","0,00000018593929624205","0,00000017702586198508","0,00000031193422851692","0,00000001089085834624","0,00000001062951801552","0,00000003997241477277","0,00000030843693881438","0,00000035251626325905","0,00000001088005221475","0,00000001409613384527","0,00000056323639977658","0,00000017616489752897","0,00000069692498422928","0,00000048447248628466","0,00000062076595575564","0,00000056329185847181","0,00000023398256636159","0,00000001134026326378","0,00000141237685952692","0,00000380030261623138"
"0,19537492046042528900","0,00000018671596500539","0,00000017747119846794","0,00000031129612682800","0,00000001096386061211","0,00000001069900677373","0,00000004043776397702","0,00000030971361569328","0,00000035188000150494","0,00000001090568266757","0,00000001406331252191","0,00000056657997999968","0,00000017609791114826","0,00000070107411403841","0,00000048743788722769","0,00000062487724021045","0,00000056899630205031","0,00000023482826813673","0,00000001132431925275","0,00000141025614961307","0,00000379231870920786"
"0,19737884596250146500","0,00000018752167700016","0,00000017797384269805","0,00000031067527512055","0,00000001104291981566","0,00000001077453407854","0,00000004093105619662","0,00000031111831434474","0,00000035135438174757","0,00000001093367066504","0,00000001402904960709","0,00000057010924971180","0,00000017607643330507","0,00000070547671363249","0,00000049051653208617","0,00000062911023044235","0,00000057482562064599","0,00000023575773196703","0,00000001130689640543","0,00000140837995098224","0,00000378455556413950"
"0,19938277146457761300","0,00000018835643222636","0,00000017853379467543","0,00000031007167339454","0,00000001112803595687","0,00000001085609992996","0,00000004145229143154","0,00000031265103476875","0,00000035093940398693","0,00000001096401620716","0,00000001399334510081","0,00000057382420891293","0,00000017610046399939","0,00000071013278301152","0,00000049370842086009","0,00000063346492645134","0,00000058077981425887","0,00000023677095785251","0,00000001128799472182","0,00000140674826363445","0,00000377701318102630"
"0,20138669696665376100","0,00000018921777864342","0,00000017915067873555","0,00000030947411643367","0,00000001121225953534","0,00000001093785921839","0,00000004197662451865","0,00000031430794655138","0,00000035064915360311","0,00000001099410955479","0,00000001395947901555","0,00000057771911850440","0,00000017617697320001","0,00000071502225924442","0,00000049699137745593","0,00000063792731305109","0,00000058684261470267","0,00000023785696740712","0,00000001126950728540","0,00000140541019452689","0,00000376969295539461"
"0,20339062246872990900","0,00000019010326421079","0,00000017982411921393","0,00000030887139902163","0,00000001128864105063","0,00000001101396683424","0,00000004247921029480","0,00000031608521927871","0,00000035049771597619","0,00000001102134096882","0,00000001393073136375","0,00000058178823938754","0,00000017631293087570","0,00000072012507940013","0,00000050034322578015","0,00000064248337505526","0,00000059299775379111","0,00000023900478224486","0,00000001125332717965","0,00000140441485061674","0,00000376259628277079"
"0,20539454797080605700","0,00000019101288892846","0,00000018055411611056","0,00000030826352115841","0,00000001135718050276","0,00000001108442277749","0,00000004296004875998","0,00000031798285295073","0,00000035048509110617","0,00000001104571044924","0,00000001390710214541","0,00000058603157156234","0,00000017650833702646","0,00000072544124347863","0,00000050376396583277","0,00000064713311246385","0,00000059924523152420","0,00000024021440236572","0,00000001123945440455","0,00000140376223190400","0,00000375572316315483"
"0,20739847347288223300","0,00000019194665279644","0,00000018134066942545","0,00000030765048284402","0,00000001141787789172","0,00000001114922704816","0,00000004341913991421","0,00000032000084756744","0,00000035061127899305","0,00000001106721799606","0,00000001388859136054","0,00000059044911502881","0,00000017676319165230","0,00000073097075147994","0,00000050725359761377","0,00000065187652527686","0,00000060558504790194","0,00000024148582776970","0,00000001122788896012","0,00000140345233838869","0,00000374907359654674"
"0,20940239897495838100","0,00000019290455581472","0,00000018218377915858","0,00000030703228407845","0,00000001147073321751","0,00000001120837964624","0,00000004385648375747","0,00000032213920312884","0,00000035087627963684","0,00000001108586360927","0,00000001387519900914","0,00000059504086978694","0,00000017707749475321","0,00000073671360340405","0,00000051081212112316","0,00000065671361349430","0,00000061201720292432","0,00000024281905845680","0,00000001121863084636","0,00000140348517007079","0,00000374264758294651"
"0,21140632447703453000","0,00000019388659798330","0,00000018308344530997","0,00000030640892486171","0,00000001151574648013","0,00000001126188057173","0,00000004427208028978","0,00000032439791963493","0,00000035128009303754","0,00000001110164728886","0,00000001386692509121","0,00000059980683583674","0,00000017745124632919","0,00000074266979925096","0,00000051443953636094","0,00000066164437711615","0,00000061854169659134","0,00000024421409442702","0,00000001121168006325","0,00000140386072695031","0,00000373644512235414"
"0,21341024997911067800","0,00000019489277930218","0,00000018403966787962","0,00000030578040519380","0,00000001155291767958","0,00000001130972982464","0,00000004466592951112","0,00000032677699708571","0,00000035182271919513","0,00000001111456903486","0,00000001386376960674","0,00000060474701317820","0,00000017788444638024","0,00000074883933902067","0,00000051813584332711","0,00000066666881614243","0,00000062515852890301","0,00000024567093568036","0,00000001120703661082","0,00000140457900902724","0,00000373046621476964"
"0,21541417548118682600","0,00000019592309977137","0,00000018505244686751","0,00000030514672507471","0,00000001158224681586","0,00000001135192740496","0,00000004503803142150","0,00000032927643548118","0,00000035250415810963","0,00000001112462884724","0,00000001386573255573","0,00000060986140181133","0,00000017837709490637","0,00000075522222271318","0,00000052190104202167","0,00000067178693057313","0,00000063186769985933","0,00000024718958221683","0,00000001120470048904","0,00000140564001630159","0,00000372471086019299"
"0,21741810098326297400","0,00000019697755939087","0,00000018612178227366","0,00000030450788450445","0,00000001160373388897","0,00000001138847331269","0,00000004538838602092","0,00000033189623482134","0,00000035332440978104","0,00000001113182672602","0,00000001387281393820","0,00000061515000173612","0,00000017892919190757","0,00000076181845032849","0,00000052573513244461","0,00000067699872040825","0,00000063866920946029","0,00000024877003403641","0,00000001120467169793","0,00000140704374877336","0,00000371917905862422"
"0,21942202648533915000","0,00000019805615816066","0,00000018724767409806","0,00000030386388348302","0,00000001161737889892","0,00000001141936754784","0,00000004571699330938","0,00000033463639510619","0,00000035428347420934","0,00000001113616267119","0,00000001388501375413","0,00000062061281295258","0,00000017954073738385","0,00000076862802186660","0,00000052963811459595","0,00000068230418564779","0,00000064556305770590","0,00000025041229113912","0,00000001120695023748","0,00000140879020644254","0,00000371387081006330"
"0,22142595198741529800","0,00000019915889608076","0,00000018843012234072","0,00000030321472201041","0,00000001162318184569","0,00000001144461011040","0,00000004602385328687","0,00000033749691633574","0,00000035538135139455","0,00000001113763668275","0,00000001390233200352","0,00000062624983546071","0,00000018021173133519","0,00000077565093732751","0,00000053360998847567","0,00000068770332629176","0,00000065254924459615","0,00000025211635352495","0,00000001121153610769","0,00000141087938930914","0,00000370878611451025"
"0,22342987748949144600","0,00000020028577315117","0,00000018966912700163","0,00000030256040008662","0,00000001162114272929","0,00000001146420100037","0,00000004630896595341","0,00000034047779850997","0,00000035661804133666","0,00000001113624876071","0,00000001392476868638","0,00000063206106926050","0,00000018094217376161","0,00000078288719671123","0,00000053765075408378","0,00000069319614234014","0,00000065962777013104","0,00000025388222119390","0,00000001121842930857","0,00000141331129737316","0,00000370392497196506"
"0,22543380299156759400","0,00000020143678937188","0,00000019096468808079","0,00000030190091771166","0,00000001161126154973","0,00000001147814021775","0,00000004657233130898","0,00000034357904162889","0,00000035799354403568","0,00000001113199890505","0,00000001395232380271","0,00000063804651435196","0,00000018173206466311","0,00000079033680001774","0,00000054176041142028","0,00000069878263379295","0,00000066679863431059","0,00000025570989414597","0,00000001122762984012","0,00000141608593063459","0,00000369928738242774"
"0,22743772849364374300","0,00000020261194474289","0,00000019231680557820","0,00000030123627488553","0,00000001159353830700","0,00000001148642776255","0,00000004681394935359","0,00000034680064569251","0,00000035950785949160","0,00000001112488711579","0,00000001398499735251","0,00000064420617073508","0,00000018258140403967","0,00000079799974724706","0,00000054593896048517","0,00000070446280065018","0,00000067406183713478","0,00000025759937238116","0,00000001123913770232","0,00000141920328909344","0,00000369487334589828"
"0,22944165399571989100","0,00000020381123926420","0,00000019372547949386","0,00000030056647160823","0,00000001156797300109","0,00000001148906363476","0,00000004703382008724","0,00000035014261070082","0,00000036116098770442","0,00000001111491339293","0,00000001402278933577","0,00000065054003840987","0,00000018349019189131","0,00000080587603839917","0,00000055018640127845","0,00000071023664291183","0,00000068141737860361","0,00000025955065589948","0,00000001125295289519","0,00000142266337274971","0,00000369068286237668"
"0,23144557949779606700","0,00000020503467293582","0,00000019519070982778","0,00000029989150787975","0,00000001153456563202","0,00000001148604783439","0,00000004723194350993","0,00000035360493665381","0,00000036295292867415","0,00000001110207773645","0,00000001406569975250","0,00000065704811737633","0,00000018445842821802","0,00000081396567347409","0,00000055450273380011","0,00000071610416057790","0,00000068886525871709","0,00000026156374470091","0,00000001126907541872","0,00000142646618160340","0,00000368671593186295"
"0,23344950499987221500","0,00000020628224575774","0,00000019671249657995","0,00000029921138370009","0,00000001149331619978","0,00000001147738036142","0,00000004740831962166","0,00000035718762355150","0,00000036488368240078","0,00000001108638014637","0,00000001411372860269","0,00000066373040763445","0,00000018548611301981","0,00000082226865247181","0,00000055888795805017","0,00000072206535364839","0,00000069640547747521","0,00000026363863878547","0,00000001128750527292","0,00000143061171565450","0,00000368297255435708"
"0,23545343050194836300","0,00000020755395772997","0,00000019829083975038","0,00000029852609906926","0,00000001144422470437","0,00000001146306121587","0,00000004756294842243","0,00000036089067139388","0,00000036695324888431","0,00000001106782062268","0,00000001416687588635","0,00000067058690918423","0,00000018657324629666","0,00000083078497539233","0,00000056334207402861","0,00000072812022212331","0,00000070403803487798","0,00000026577533815315","0,00000001130824245778","0,00000143509997490301","0,00000367945272985907"
"0,23745735600402451100","0,00000020884980885250","0,00000019992573933905","0,00000029783565398726","0,00000001138729114579","0,00000001144309039773","0,00000004769582991223","0,00000036471408018095","0,00000036916162812474","0,00000001104639916539","0,00000001422514160347","0,00000067761762202568","0,00000018771982804859","0,00000083951464223565","0,00000056786508173544","0,00000073426876600264","0,00000071176293092540","0,00000026797384280395","0,00000001133128697330","0,00000143993095934895","0,00000367615645836893"
"0,23946128150610065900","0,00000021016979912534","0,00000020161719534598","0,00000029714004845408","0,00000001132251552404","0,00000001141746790701","0,00000004780696409108","0,00000036865784991271","0,00000037150882012208","0,00000001102211577448","0,00000001428852575407","0,00000068482254615880","0,00000018892585827560","0,00000084845765300177","0,00000057245698117067","0,00000074051098528640","0,00000071958016561746","0,00000027023415273787","0,00000001135663881949","0,00000144510466899230","0,00000367308373988665"
"0,24146520700817683500","0,00000021151392854847","0,00000020336520777117","0,00000029643928246973","0,00000001124989783913","0,00000001138619374370","0,00000004789635095896","0,00000037272198058916","0,00000037399482487632","0,00000001099497044997","0,00000001435702833813","0,00000069220168158358","0,00000019019133697767","0,00000085761400769069","0,00000057711777233427","0,00000074684687997458","0,00000072748973895417","0,00000027255626795491","0,00000001138429799634","0,00000145062110383307","0,00000367023457441223"
"0,24346913251025298300","0,00000021288219712192","0,00000020516977661460","0,00000029573335603421","0,00000001116943809104","0,00000001134926790780","0,00000004796399051588","0,00000037690647221030","0,00000037661964238747","0,00000001096496319185","0,00000001443064935565","0,00000069975502830003","0,00000019151626415482","0,00000086698370630241","0,00000058184745522627","0,00000075327645006718","0,00000073549165093552","0,00000027494018845507","0,00000001141426450385","0,00000145648026387125","0,00000366760896194568"
"0,24547305801232913200","0,00000021427460484566","0,00000020703090187629","0,00000029502226914751","0,00000001108113627979","0,00000001130669039931","0,00000004800988276184","0,00000038121132477613","0,00000037938327265552","0,00000001093209400013","0,00000001450938880664","0,00000070748258630815","0,00000019290063980704","0,00000087656674883693","0,00000058664602984666","0,00000075979969556420","0,00000074358590156152","0,00000027738591423836","0,00000001144653834203","0,00000146268214910685","0,00000366520690248698"
"0,24747698351440528000","0,00000021569115171971","0,00000020894858355623","0,00000029430602180964","0,00000001098499240536","0,00000001125846121824","0,00000004803402769684","0,00000038563653828665","0,00000038228571568047","0,00000001089636287480","0,00000001459324669110","0,00000071538435560793","0,00000019434446393434","0,00000088636313529426","0,00000059151349619543","0,00000076641661646565","0,00000075177249083216","0,00000027989344530476","0,00000001148111951087","0,00000146922675953987","0,00000366302839603616"
"0,24948090901648142800","0,00000021713183774406","0,00000021092282165442","0,00000029358461402059","0,00000001088100646777","0,00000001120458036458","0,00000004803642532087","0,00000039018211274186","0,00000038532697146232","0,00000001085776981586","0,00000001468222300902","0,00000072346033619937","0,00000019584773653671","0,00000089637286567438","0,00000059644985427260","0,00000077312721277151","0,00000076005141874745","0,00000028246278165429","0,00000001151800801037","0,00000147611409517030","0,00000366107344259319"
"0,25148483451855757600","0,00000021858395285011","0,00000021294111439997","0,00000029287609911695","0,00000001077725655971","0,00000001114954015930","0,00000004803991290427","0,00000039481627288618","0,00000038848575168249","0,00000001081915369991","0,00000001477117458316","0,00000073165884439552","0,00000019739907297068","0,00000090653743533538","0,00000060143548326864","0,00000077991505925812","0,00000076839408673980","0,00000028507835189651","0,00000001155406743984","0,00000148335135481967","0,00000365939013297489"
"0,25348876002063375200","0,00000022003478696926","0,00000021499096002198","0,00000029219853043530","0,00000001068182077390","0,00000001109783292337","0,00000004806732771736","0,00000039950724346403","0,00000039174076802236","0,00000001078335340354","0,00000001485495823625","0,00000073992819650941","0,00000019898708859281","0,00000091679833963532","0,00000060645076237403","0,00000078676373070178","0,00000077677189624163","0,00000028772458464100","0,00000001158616139855","0,00000149094573730950","0,00000365802655799804"
"0,25549268552270987200","0,00000022148434010151","0,00000021707235852045","0,00000029155190797565","0,00000001059469911034","0,00000001104945865680","0,00000004811866976014","0,00000040425502447541","0,00000039509202048195","0,00000001075036892676","0,00000001493357396829","0,00000074826839254104","0,00000020061178340309","0,00000092715557857420","0,00000061149569158879","0,00000079367322710250","0,00000078518484725295","0,00000029040147988776","0,00000001161428988652","0,00000149889724263978","0,00000365698271766263"
"0,25749661102478604800","0,00000022293261224686","0,00000021918530989537","0,00000029093623173798","0,00000001051589156902","0,00000001100441735957","0,00000004819393903260","0,00000040905961592032","0,00000039853950906125","0,00000001072020026957","0,00000001500702177929","0,00000075667943249042","0,00000020227315740151","0,00000093760915215203","0,00000061657027091290","0,00000080064354846027","0,00000079363293977374","0,00000029310903763679","0,00000001163845290374","0,00000150720587081051","0,00000365625861196869"
"0,25950053652686222400","0,00000022437960340530","0,00000022132981414676","0,00000029035150172231","0,00000001044539814996","0,00000001096270903169","0,00000004829313553475","0,00000041392101779876","0,00000040208323376026","0,00000001069284743197","0,00000001507530166924","0,00000076516131635753","0,00000020397121058808","0,00000094815906036880","0,00000062167450034637","0,00000080767469477510","0,00000080211617380401","0,00000029584725788808","0,00000001165865045021","0,00000151587162182169","0,00000365585424091619"
"0,26150446202893834500","0,00000022582531357683","0,00000022350587127460","0,00000028979771792863","0,00000001038321885313","0,00000001092433367317","0,00000004841625926658","0,00000041883923011072","0,00000040572319457899","0,00000001066831041395","0,00000001513841363816","0,00000077371404414238","0,00000020570594296281","0,00000095880530322452","0,00000062680837988920","0,00000081476666604699","0,00000081063454934377","0,00000029861614064165","0,00000001167488252593","0,00000152489449567334","0,00000365576960450515"
"0,26350838753101452100","0,00000022726974276147","0,00000022571348127890","0,00000028927488035694","0,00000001032935367856","0,00000001088929128400","0,00000004856331022810","0,00000042381425285621","0,00000040945939151742","0,00000001064658921552","0,00000001519635768602","0,00000078233761584498","0,00000020747735452568","0,00000096954788071917","0,00000063197190954139","0,00000082191946227594","0,00000081918806639301","0,00000030141568589748","0,00000001168714913090","0,00000153427449236543","0,00000365600470273555"
"0,26551231303309064100","0,00000022871289095920","0,00000022795264415965","0,00000028878298900724","0,00000001028380262623","0,00000001085758186417","0,00000004873428841931","0,00000042884608603523","0,00000041329182457557","0,00000001062768383668","0,00000001524913381284","0,00000079103203146532","0,00000020928544527670","0,00000098038679285278","0,00000063716508930293","0,00000082913308346194","0,00000082777672495172","0,00000030424589365558","0,00000001169545026513","0,00000154401161189798","0,00000365655953560742"
"0,26751623853516681700","0,00000023015475817003","0,00000023022335991687","0,00000028832204387953","0,00000001024656569615","0,00000001082920541370","0,00000004892919384021","0,00000043393472964778","0,00000041722049375343","0,00000001061159427742","0,00000001529674201862","0,00000079979729100340","0,00000021113021521586","0,00000099132203962532","0,00000064238791917384","0,00000083640752960500","0,00000083640052501992","0,00000030710676391595","0,00000001169978592861","0,00000155410585427099","0,00000365743410312073"
"0,26952016403724293700","0,00000023159534439396","0,00000023252562855054","0,00000028789204497381","0,00000001021764288831","0,00000001080416193258","0,00000004914802649079","0,00000043908018369386","0,00000042124539905101","0,00000001059832053775","0,00000001533918230335","0,00000080863339445921","0,00000021301166434318","0,00000100235362103681","0,00000064764039915410","0,00000084374280070511","0,00000084505946659760","0,00000030999829667859","0,00000001170015612134","0,00000156455721948444","0,00000365862840527549"
"0,27152408953931911300","0,00000023303464963098","0,00000023485945006068","0,00000028749299229009","0,00000001019703420272","0,00000001078245142081","0,00000004939078637107","0,00000044428244817346","0,00000042536654046829","0,00000001058786261767","0,00000001537645466704","0,00000081754034183277","0,00000021492979265865","0,00000101348153708724","0,00000065292252924372","0,00000085113889676228","0,00000085375354968476","0,00000031292049194350","0,00000001169656084333","0,00000157536570753836","0,00000366014244207171"
"0,27352801504139528900","0,00000023447267388110","0,00000023722482444727","0,00000028712488582835","0,00000001018473963938","0,00000001076407387839","0,00000004965747348102","0,00000044954152308660","0,00000042958391800529","0,00000001058022051718","0,00000001540855910968","0,00000082651813312408","0,00000021688460016226","0,00000102470578777661","0,00000065823430944270","0,00000085859581777651","0,00000086248277428140","0,00000031587334971068","0,00000001168900009456","0,00000158653131843272","0,00000366197621350938"
"0,27553194054347141000","0,00000023590941714432","0,00000023962175171032","0,00000028678772558861","0,00000001018075919828","0,00000001074902930532","0,00000004994808782067","0,00000045485740843326","0,00000043389753166200","0,00000001057539423627","0,00000001543549563128","0,00000083556676833312","0,00000021887608685402","0,00000103602637310493","0,00000066357573975104","0,00000086611356374780","0,00000087124714038752","0,00000031885686998012","0,00000001167747387505","0,00000159805405216754","0,00000366412971958850"
"0,27753586604554758600","0,00000023734487942063","0,00000024205023184982","0,00000028648151157086","0,00000001018509287943","0,00000001073731770160","0,00000005026262939000","0,00000046023010421345","0,00000043830738143842","0,00000001057338377494","0,00000001545726423183","0,00000084468624745990","0,00000022090425273394","0,00000104744329307219","0,00000066894682016874","0,00000087369213467614","0,00000088004664800312","0,00000032187105275184","0,00000001166198218479","0,00000160993390874282","0,00000366660296030908"
"0,27953979154762370600","0,00000023877906071004","0,00000024451026486579","0,00000028620624377510","0,00000001019774068283","0,00000001072893906724","0,00000005060109818902","0,00000046565961042717","0,00000044281346733456","0,00000001057418913321","0,00000001547386491134","0,00000085387657050443","0,00000022296909780200","0,00000105895654767840","0,00000067434755069579","0,00000088133153056154","0,00000088888129712821","0,00000032491589802582","0,00000001164252502378","0,00000162217088815855","0,00000366939593567111"
"0,28154371704969988200","0,00000024021196101255","0,00000024700185075822","0,00000028596192220133","0,00000001021870260847","0,00000001072389340222","0,00000005096349421773","0,00000047114592707442","0,00000044741578935040","0,00000001057781031106","0,00000001548529766980","0,00000086313773746669","0,00000022507062205820","0,00000107056613692355","0,00000067977793133221","0,00000088903175140400","0,00000089775108776277","0,00000032799140580207","0,00000001161910239203","0,00000163476499041474","0,00000367250864567459"
"0,28354764255177605800","0,00000024164358032816","0,00000024952498952710","0,00000028574854684955","0,00000001024797865636","0,00000001072218070656","0,00000005134981747612","0,00000047668905415519","0,00000045211434748596","0,00000001058424730850","0,00000001549156250722","0,00000087246974834670","0,00000022720882550256","0,00000108227206080764","0,00000068523796207798","0,00000089679279720351","0,00000090665601990682","0,00000033109757608059","0,00000001159171428953","0,00000164771621551137","0,00000367594109031952"
"0,28555156805385217800","0,00000024307391865686","0,00000025207968117244","0,00000028556611771976","0,00000001028556882650","0,00000001072380098024","0,00000005176006796420","0,00000048228899166950","0,00000045690914174123","0,00000001059350012552","0,00000001549265942359","0,00000088187260314445","0,00000022938370813507","0,00000109407431933068","0,00000069072764293311","0,00000090461466796008","0,00000091559609356034","0,00000033423440886138","0,00000001156036071627","0,00000166102456344847","0,00000367969326960590"
"0,28755549355592835400","0,00000024450297599866","0,00000025466592569424","0,00000028541463481197","0,00000001033147311888","0,00000001072875422328","0,00000005219424568197","0,00000048794573961733","0,00000046180017211622","0,00000001060556876213","0,00000001548858841892","0,00000089134630185994","0,00000023159526995572","0,00000110597291249266","0,00000069624697389760","0,00000091249736367371","0,00000092457130872335","0,00000033740190414444","0,00000001152504167228","0,00000167469003422601","0,00000368376518353374"
"0,28955941905800447500","0,00000024593075235355","0,00000025728372309250","0,00000028529409812616","0,00000001038569153351","0,00000001073704043566","0,00000005265235062943","0,00000049365929799869","0,00000046678743861091","0,00000001062045321833","0,00000001547934949321","0,00000090089084449317","0,00000023384351096453","0,00000111796784029358","0,00000070179595497144","0,00000092044088434439","0,00000093358166539583","0,00000034060006192976","0,00000001148575715753","0,00000168871262784402","0,00000368815683210303"
"0,29156334456008065100","0,00000024735724772155","0,00000025993307336721","0,00000028520450766235","0,00000001044822407039","0,00000001074865961740","0,00000005313438280657","0,00000049942966681358","0,00000047187094122532","0,00000001063815349411","0,00000001546494264644","0,00000091050623104414","0,00000023612843116148","0,00000113005910273344","0,00000070737458615465","0,00000092844522997213","0,00000094262716357780","0,00000034382888221736","0,00000001144250717203","0,00000170309234430247","0,00000369286821531377"
"0,29356727006215682600","0,00000024878246210264","0,00000026261397651839","0,00000028514586342053","0,00000001051907072951","0,00000001076361176849","0,00000005364034221340","0,00000050525684606200","0,00000047705067995944","0,00000001065866958948","0,00000001544536787864","0,00000092019246151285","0,00000023845003054658","0,00000114224669981225","0,00000071298286744721","0,00000093651040055693","0,00000095170780326925","0,00000034708836500722","0,00000001139529171579","0,00000171782918360138","0,00000369789933316597"
"0,29557119556423294700","0,00000025020639549683","0,00000026532643254602","0,00000028511816540070","0,00000001059823151088","0,00000001078189688893","0,00000005417022884991","0,00000051114083574394","0,00000048232665481328","0,00000001068200150444","0,00000001542062518979","0,00000092994953589930","0,00000024080830911983","0,00000115453063153001","0,00000071862079884914","0,00000094463639609878","0,00000096082358447018","0,00000035037851029935","0,00000001134411078880","0,00000173292314574075","0,00000370325018565961"
"0,29757512106630912300","0,00000025162904790411","0,00000026807044145011","0,00000028512141360286","0,00000001068570641450","0,00000001080351497872","0,00000005472404271612","0,00000051708163585942","0,00000048769886578682","0,00000001070814923899","0,00000001539071457989","0,00000093977745420350","0,00000024320326688123","0,00000116691089788670","0,00000072428838036042","0,00000095282321659769","0,00000096997450718059","0,00000035369931809375","0,00000001128896439106","0,00000174837423072057","0,00000370892077279471"
"0,29957904656838524300","0,00000025305041932449","0,00000027084600323066","0,00000028515560802701","0,00000001078149544036","0,00000001082846603786","0,00000005530178381201","0,00000052307924640842","0,00000049316731288008","0,00000001073711279312","0,00000001535563604896","0,00000094967621642544","0,00000024563490383078","0,00000117938749888234","0,00000072998561198106","0,00000096107086205366","0,00000097916057140048","0,00000035705078839042","0,00000001122985252258","0,00000176418243854084","0,00000371491109457126"
"0,30158297207046141900","0,00000025446656848484","0,00000027363805034868","0,00000028522185206966","0,00000001087791999245","0,00000001085441586349","0,00000005588299738990","0,00000052911145862369","0,00000049870041543343","0,00000001076700374322","0,00000001531982252017","0,00000095961293443676","0,00000024809294886414","0,00000119190816087095","0,00000073569593532408","0,00000096934544415581","0,00000098835577769271","0,00000036041638226407","0,00000001117090493886","0,00000178021516595490","0,00000372117555160824"
"0,30358689757253754000","0,00000025587355411204","0,00000027643151526517","0,00000028532124912731","0,00000001096730147475","0,00000001087903025274","0,00000005644722870212","0,00000053515606373795","0,00000050426659278725","0,00000001079593366568","0,00000001528770691673","0,00000096955472010910","0,00000025056713087699","0,00000120442061020653","0,00000074140279200253","0,00000097761307459326","0,00000099753412662011","0,00000036377956078940","0,00000001111625139542","0,00000179633980971607","0,00000372766854452462"
"0,30559082307461371500","0,00000025727137620608","0,00000027922639798015","0,00000028545379919997","0,00000001104963988725","0,00000001090230920561","0,00000005699447774867","0,00000054121306175122","0,00000050986584494155","0,00000001082390256049","0,00000001525928923864","0,00000097950157344248","0,00000025305744986933","0,00000121692484688910","0,00000074710618201639","0,00000098587375336602","0,00000100669561818270","0,00000036714032396643","0,00000001106589189226","0,00000181255636982436","0,00000373439007332039"
"0,30759474857668989100","0,00000025866003476697","0,00000028202269849360","0,00000028561950228763","0,00000001112493522996","0,00000001092425272211","0,00000005752474452953","0,00000054728245266348","0,00000051549817189632","0,00000001085091042766","0,00000001523456948589","0,00000098945349443689","0,00000025556390584116","0,00000122942087091865","0,00000075280610536566","0,00000099412748047408","0,00000101584025238047","0,00000037049867179515","0,00000001101982642938","0,00000182886484627976","0,00000374134013799557"
"0,30959867407876601200","0,00000026003952979471","0,00000028482041680554","0,00000028581835839029","0,00000001119318750289","0,00000001094486080222","0,00000005803802904472","0,00000055336423647475","0,00000052116357365156","0,00000001087695726718","0,00000001521354765850","0,00000099941048309232","0,00000025808649879248","0,00000124190868229519","0,00000075850256205036","0,00000100237425591744","0,00000102496802921342","0,00000037385460427556","0,00000001097805500678","0,00000184526523908228","0,00000374851873855015"
"0,31160259958084218800","0,00000026140986128929","0,00000028761955291595","0,00000028605036750795","0,00000001125439670601","0,00000001096413344596","0,00000005853433129424","0,00000055945841318501","0,00000052686205020728","0,00000001090204307906","0,00000001519622375645","0,00000100937253940878","0,00000026062522872328","0,00000125438828101870","0,00000076419555207047","0,00000101061407969611","0,00000103407894868155","0,00000037720812140766","0,00000001094057762446","0,00000186175754823192","0,00000375592587498412"
"0,31360652508291830800","0,00000026277102925071","0,00000029042010682484","0,00000028631552964063","0,00000001130856283935","0,00000001098207065333","0,00000005901365127808","0,00000056556498279427","0,00000053259360156347","0,00000001092616786330","0,00000001518259777976","0,00000101933966338627","0,00000026318009563357","0,00000126685966708921","0,00000076988507542600","0,00000101884695181009","0,00000104317301078487","0,00000038055922319145","0,00000001090739428242","0,00000187834177372867","0,00000376356154729750"
"0,31561045058499448400","0,00000026412303367898","0,00000029322207853221","0,00000028661384478830","0,00000001135568590289","0,00000001099867242431","0,00000005947598899624","0,00000057168394530253","0,00000053835822772014","0,00000001094933161988","0,00000001517266972841","0,00000102931185502479","0,00000026575109952335","0,00000127932284050669","0,00000077557113211694","0,00000102707287225937","0,00000105225021552337","0,00000038390790962693","0,00000001087850498066","0,00000189501791557254","0,00000377142575549027"
"0,31761437608707066000","0,00000026546587457409","0,00000029602546803805","0,00000028694531295098","0,00000001139576589664","0,00000001101393875892","0,00000005992134444873","0,00000057781530070979","0,00000054415592867728","0,00000001097153434883","0,00000001516643960241","0,00000103928911432433","0,00000026833824039261","0,00000129177780127116","0,00000078125372214330","0,00000103529184104395","0,00000106131056289705","0,00000038725418071410","0,00000001085390971918","0,00000191178597376352","0,00000377951849956245"
"0,31961830158914678000","0,00000026679955193605","0,00000029883027534238","0,00000028730993412866","0,00000001142880282060","0,00000001102786965715","0,00000006034971763554","0,00000058395904901605","0,00000054998670443489","0,00000001099277605013","0,00000001516390740175","0,00000104927144128491","0,00000027094151824136","0,00000130422454938261","0,00000078693284550508","0,00000104350385816384","0,00000107035405290591","0,00000039059803645296","0,00000001083360849797","0,00000192864594830162","0,00000378783977951402"
"0,32162222709122295600","0,00000026812406576486","0,00000030163650044519","0,00000028770770832134","0,00000001145479667477","0,00000001104046511900","0,00000006076110855667","0,00000059011519022131","0,00000055585055499298","0,00000001101305672378","0,00000001516507312645","0,00000105925883590651","0,00000027356093306960","0,00000131666308484104","0,00000079260850220227","0,00000105170892361903","0,00000107938068554996","0,00000039393947684351","0,00000001081760131705","0,00000194559783918683","0,00000379638959534500"
"0,32362615259329907700","0,00000026943941606051","0,00000030444414334647","0,00000028813863552903","0,00000001147374745915","0,00000001105172514448","0,00000006115551721213","0,00000059628372432557","0,00000056174748035154","0,00000001103237636979","0,00000001516993677649","0,00000106925129818914","0,00000027619648487733","0,00000132909340764645","0,00000079828069223489","0,00000105990703740952","0,00000108839046082918","0,00000039727850188575","0,00000001080588817641","0,00000196264164641916","0,00000380516794705537"
"0,32563007809537525300","0,00000027074560282301","0,00000030725320404623","0,00000028860271575172","0,00000001148565517373","0,00000001106164973357","0,00000006153294360191","0,00000060246465132883","0,00000056767748051057","0,00000001105073498816","0,00000001517849835189","0,00000107924882813280","0,00000027884817366454","0,00000134151551779885","0,00000080394941560291","0,00000106809819953532","0,00000109738337874359","0,00000040061511157968","0,00000001079846907605","0,00000197977736999860","0,00000381417483464514"
"0,32763400359745142900","0,00000027204262605235","0,00000031006368254447","0,00000028909994898941","0,00000001149051981852","0,00000001107023888629","0,00000006189338772601","0,00000060865797123109","0,00000057364055547008","0,00000001106813257888","0,00000001519075785263","0,00000108925142573748","0,00000028151599943124","0,00000135392941529823","0,00000080961467230636","0,00000107628240999643","0,00000110635943929319","0,00000040394930592530","0,00000001079534401597","0,00000199700500992516","0,00000382341025811431"
"0,32963792909952754900","0,00000027333048574853","0,00000031287557884119","0,00000028963033524211","0,00000001148834139352","0,00000001107749260263","0,00000006223684958444","0,00000061486368403234","0,00000057963670523006","0,00000001108456914195","0,00000001520671527872","0,00000109925909100320","0,00000028419996217743","0,00000136633510014460","0,00000081527646234522","0,00000108445966879284","0,00000111531864247796","0,00000040728108492261","0,00000001079651299617","0,00000201432456619883","0,00000383287421746289"
"0,33164185460160372500","0,00000027460918191157","0,00000031568889293639","0,00000029019387450981","0,00000001147911989872","0,00000001108341088260","0,00000006256332917719","0,00000062108178973260","0,00000058566592979052","0,00000001110004467738","0,00000001522637063015","0,00000110927182392994","0,00000028690006190311","0,00000137873257233795","0,00000082093478571950","0,00000109262997592455","0,00000112426098829792","0,00000041061044857162","0,00000001080197601664","0,00000203173603881963","0,00000384256671269086"
"0,33364578010367984500","0,00000027587871454144","0,00000031850362483007","0,00000029079056679252","0,00000001146285533413","0,00000001108799372619","0,00000006287282650427","0,00000062731228833186","0,00000059172822915144","0,00000001111455918517","0,00000001524972390694","0,00000111928962451771","0,00000028961629860827","0,00000139112183187828","0,00000082658964242920","0,00000110079333139157","0,00000113318647675305","0,00000041393739687231","0,00000001081173307740","0,00000204923942778753","0,00000385248774379823"
"0,33564970560575602100","0,00000027713908363816","0,00000032131977452223","0,00000029142041209023","0,00000001143954769976","0,00000001109124113340","0,00000006316534156567","0,00000063355517983011","0,00000059782360331285","0,00000001112811266531","0,00000001527677510907","0,00000112931249276651","0,00000029234867229292","0,00000140350287876559","0,00000083224103247431","0,00000110894973519389","0,00000114209510784338","0,00000041726192982469","0,00000001082578417844","0,00000206683473310255","0,00000386263731078500"
"0,33765363110783214200","0,00000027839028920173","0,00000032413734201286","0,00000029208341040294","0,00000001140919699558","0,00000001109315310423","0,00000006344087436139","0,00000063981046422736","0,00000060395205227472","0,00000001114070511781","0,00000001530752423656","0,00000113934042867634","0,00000029509718295706","0,00000141587571299989","0,00000083788895585484","0,00000111709918733151","0,00000115098688156888","0,00000042058404742876","0,00000001084412931976","0,00000208452195476469","0,00000387301541365117"
"0,33965755660990831800","0,00000027963233123215","0,00000032695632730197","0,00000029277956173065","0,00000001137180322162","0,00000001109372963868","0,00000006369942489144","0,00000064607814152362","0,00000061011357603707","0,00000001115233654266","0,00000001534197128939","0,00000114937343224719","0,00000029786183060069","0,00000142824033458117","0,00000084353341257078","0,00000112524168780445","0,00000115986179792956","0,00000042390374968452","0,00000001086676850136","0,00000210230109277394","0,00000388362205239674"
"0,34166148211198449400","0,00000028086520972940","0,00000032977673038957","0,00000029350886607337","0,00000001132736637786","0,00000001109297073676","0,00000006394099315581","0,00000065235821171887","0,00000061630817459989","0,00000001116300693986","0,00000001538011626757","0,00000115941150347907","0,00000030064261522380","0,00000144059674350943","0,00000084917440262215","0,00000113337723661268","0,00000116871985692543","0,00000042722103659198","0,00000001089370172323","0,00000212017214713031","0,00000389445722702172"
"0,34366540761406061400","0,00000028208892469351","0,00000033259855127564","0,00000029427132343110","0,00000001127588646432","0,00000001109087639846","0,00000006416557915451","0,00000065865067481312","0,00000062253584796319","0,00000001117271630943","0,00000001542195917109","0,00000116945464237199","0,00000030343953682640","0,00000145294493978467","0,00000085481192600893","0,00000114150583375622","0,00000117756105855648","0,00000043053590815112","0,00000001092492898539","0,00000213813511783379","0,00000390552093752609"
"0,34566933311613679000","0,00000028330347612446","0,00000033542178996019","0,00000029506693380382","0,00000001121736348098","0,00000001108744662378","0,00000006437318288753","0,00000066495553080637","0,00000062879659612696","0,00000001118146465134","0,00000001546749999997","0,00000117950284892592","0,00000030625259540849","0,00000146528492340690","0,00000086044598273112","0,00000114962747923506","0,00000118638540282271","0,00000043384836436195","0,00000001096045028783","0,00000215619000488439","0,00000391681318390986"
"0,34767325861821291000","0,00000028450886402225","0,00000033824644644322","0,00000029589569719155","0,00000001115179742784","0,00000001108268141273","0,00000006456380435487","0,00000067127277969863","0,00000063509041909120","0,00000001118925196562","0,00000001551673875419","0,00000118955612314089","0,00000030908179097007","0,00000147761669437611","0,00000086607657278874","0,00000115774217304921","0,00000119519288972413","0,00000043715840522448","0,00000001100026563054","0,00000217433680828210","0,00000392833396617303"
"0,34967718412028908600","0,00000028570508838689","0,00000034107252072472","0,00000029675761359428","0,00000001107918830492","0,00000001107658076529","0,00000006473744355654","0,00000067760242148987","0,00000064141731685592","0,00000001119607825224","0,00000001556967543377","0,00000119961446501689","0,00000031192712351113","0,00000148994025269231","0,00000087170369618177","0,00000116584991519866","0,00000120398351926072","0,00000044046603073869","0,00000001104437501354","0,00000219257552802693","0,00000394008328431559"
"0,35168110962236526200","0,00000028690554843741","0,00000034389961064172","0,00000029765594075286","0,00000001100609288261","0,00000001106999333590","0,00000006491496722238","0,00000068393703645528","0,00000064776179356542","0,00000001120185336396","0,00000001562307219844","0,00000120967105606018","0,00000031479087024322","0,00000150226205107546","0,00000087733017236471","0,00000117396263073403","0,00000121276412459679","0,00000044377500138060","0,00000001108867321368","0,00000221082234891097","0,00000395196934207122"
"0,35368503512444138300","0,00000028812364339286","0,00000034672731403123","0,00000029859393640812","0,00000001093906793133","0,00000001106376777894","0,00000006511724208224","0,00000069026920487000","0,00000065410835336402","0,00000001120648715349","0,00000001567369120795","0,00000121971907777704","0,00000031767530837789","0,00000151458854224555","0,00000088295882079208","0,00000118209224470594","0,00000122154153889660","0,00000044708907762619","0,00000001112905500781","0,00000222899345572632","0,00000396390034317357"
"0,35568896062651755800","0,00000028935937325323","0,00000034955563089325","0,00000029957160056006","0,00000001087811345108","0,00000001105790409444","0,00000006534426813614","0,00000069659892673404","0,00000066045699625170","0,00000001120997962083","0,00000001572153246231","0,00000122975853016748","0,00000032058043791512","0,00000152691972620257","0,00000088858964146387","0,00000119023875711437","0,00000123031576216016","0,00000045040825947547","0,00000001116552039594","0,00000224708884847297","0,00000397587628762264"
"0,35769288612859367900","0,00000029061273801853","0,00000035238456122778","0,00000030058893320868","0,00000001082322944185","0,00000001105240228239","0,00000006559604538406","0,00000070292620204738","0,00000066680772222848","0,00000001121233076599","0,00000001576659596152","0,00000123978941323148","0,00000032350625885492","0,00000153925560294653","0,00000089422263438007","0,00000119840216795934","0,00000123908679438748","0,00000045373254692845","0,00000001119806937806","0,00000226510852715092","0,00000398789717541843"
"0,35969681163066985500","0,00000029188373768875","0,00000035521410503482","0,00000030164593435398","0,00000001077441590365","0,00000001104726234278","0,00000006587257382600","0,00000070925103081004","0,00000067316053129436","0,00000001121354058897","0,00000001580888170558","0,00000124981172696904","0,00000032645277119729","0,00000155159617247742","0,00000089985779954069","0,00000120658247724085","0,00000124785463557854","0,00000045706193998511","0,00000001122670195418","0,00000228305249176018","0,00000399996300656094"
"0,36170073713274597500","0,00000029317237226390","0,00000035804426231436","0,00000030274260399597","0,00000001073167283648","0,00000001104248427562","0,00000006617385346197","0,00000071557341302202","0,00000067951542344932","0,00000001121360908976","0,00000001584838969448","0,00000125982547138018","0,00000032941997494224","0,00000156394143479525","0,00000090549513694574","0,00000121477968495888","0,00000125661928573336","0,00000046039643864547","0,00000001125141812430","0,00000230092074230075","0,00000401207378105018"
"0,36370466263482215100","0,00000029447864174397","0,00000036087503306642","0,00000030387894213463","0,00000001069500024033","0,00000001103806808090","0,00000006649988429197","0,00000072189334868331","0,00000068587239869338","0,00000001121253626837","0,00000001588511992822","0,00000126983064646489","0,00000033240787008975","0,00000157629138990001","0,00000091113464659520","0,00000122299379111345","0,00000126538074485193","0,00000046373604290951","0,00000001127221788842","0,00000231871327877262","0,00000402422949888613"
"0,36570858813689832700","0,00000029580254612896","0,00000036370641729098","0,00000030505494876998","0,00000001066439811521","0,00000001103401375863","0,00000006685066631600","0,00000072821083779391","0,00000069223145702654","0,00000001121032212479","0,00000001591907240682","0,00000127982725222316","0,00000033541645663984","0,00000158864603779171","0,00000091677632848908","0,00000123122479570455","0,00000127413901293424","0,00000046708075277724","0,00000001128910124653","0,00000233643010117579","0,00000403643016006880"
"0,36771251363897444700","0,00000029714408541888","0,00000036653841498805","0,00000030627062390201","0,00000001063986646112","0,00000001103032130882","0,00000006722619953405","0,00000073452588035383","0,00000069859259844878","0,00000001120696665903","0,00000001595024713025","0,00000128981528865500","0,00000033844573459249","0,00000160100537847034","0,00000092242018262737","0,00000123947269873219","0,00000128289408998031","0,00000047043056824867","0,00000001130206819864","0,00000235407120951027","0,00000404867576459819"
"0,36971643914105062300","0,00000029850325961372","0,00000036937102615763","0,00000030752596753073","0,00000001062140527806","0,00000001102699073144","0,00000006762648394612","0,00000074083847636306","0,00000070495582296012","0,00000001120246987108","0,00000001597864409854","0,00000129979475576041","0,00000034149570394772","0,00000161336941193591","0,00000092806620901009","0,00000124773750019636","0,00000129164597599013","0,00000047378548932378","0,00000001131111874474","0,00000237163660377606","0,00000406096631247430"
"0,37172036464312674400","0,00000029988006871348","0,00000037220425079972","0,00000030882097965612","0,00000001060901456602","0,00000001102402202652","0,00000006805151955222","0,00000074714862582160","0,00000071132113056055","0,00000001119683176095","0,00000001600426331167","0,00000130976565353939","0,00000034456636470551","0,00000162573813818841","0,00000093371440763723","0,00000125601920009706","0,00000130039467096370","0,00000047714551600259","0,00000001131625288485","0,00000238912628397315","0,00000407330180369714"
"0,37372429014520292000","0,00000030127451271817","0,00000037503808891432","0,00000031015566027820","0,00000001060269432501","0,00000001102141519404","0,00000006850130635235","0,00000075345632872946","0,00000071768852125008","0,00000001119005232864","0,00000001602710476965","0,00000131972798199194","0,00000034765771686588","0,00000163811155722785","0,00000093936477850878","0,00000126431779843429","0,00000130914017490102","0,00000048051064828508","0,00000001131747061895","0,00000240654025010154","0,00000408568223826669"
"0,37572821564727909600","0,00000030268659162779","0,00000037787254050143","0,00000031153000939696","0,00000001060244455503","0,00000001101917023401","0,00000006897584434651","0,00000075976158508663","0,00000072405799502870","0,00000001118213157414","0,00000001604716847247","0,00000132968174111806","0,00000035076976042881","0,00000165048966905422","0,00000094501732162476","0,00000127263329520806","0,00000131788248780209","0,00000048388088617126","0,00000001131477194704","0,00000242387850216124","0,00000409810761618296"
"0,37773214114935521600","0,00000030411630544233","0,00000038070760556105","0,00000031294402701240","0,00000001060826525608","0,00000001101728714643","0,00000006947513353469","0,00000076606439489311","0,00000073042955189641","0,00000001117306949746","0,00000001606445442014","0,00000133962693091774","0,00000035390249539432","0,00000166287247366753","0,00000095067203698515","0,00000128096569041836","0,00000132662160966691","0,00000048725622966114","0,00000001130815686914","0,00000244114104015225","0,00000411057793744596"
"0,37973606665143139200","0,00000030556365416179","0,00000038354328409318","0,00000031439771312452","0,00000001062015642815","0,00000001101576593129","0,00000006999917391689","0,00000077236475814891","0,00000073680319185322","0,00000001116286609860","0,00000001607896261266","0,00000134956355139100","0,00000035705592176240","0,00000167525997106777","0,00000095632892458996","0,00000128931498406519","0,00000133535754049548","0,00000049063667875470","0,00000001129762538523","0,00000245832786407456","0,00000412309320205567"
"0,38173999215350751200","0,00000030702863778617","0,00000038637957609781","0,00000031589106773333","0,00000001063811807125","0,00000001101460658861","0,00000007054796549313","0,00000077866267485402","0,00000074317891489911","0,00000001115152137755","0,00000001609069305002","0,00000135949160253782","0,00000036023003953304","0,00000168765216125495","0,00000096198798443919","0,00000129768117614856","0,00000134409028028780","0,00000049402223345196","0,00000001128317749531","0,00000247543897392817","0,00000413565341001211"
"0,38374391765558368800","0,00000030851125631548","0,00000038921648157495","0,00000031742409083881","0,00000001066215018537","0,00000001101380911837","0,00000007112150826338","0,00000078495814500845","0,00000074955672103411","0,00000001113903533431","0,00000001609964573223","0,00000136941108435821","0,00000036342484870626","0,00000170004904422906","0,00000096764921653284","0,00000130606426666845","0,00000135281982904387","0,00000049741289375290","0,00000001126481319939","0,00000249247436971309","0,00000414825856131526"
"0,38574784315765986400","0,00000031001150974972","0,00000039205400052461","0,00000031899678244098","0,00000001069225277053","0,00000001101337352057","0,00000007171980222767","0,00000079125116861219","0,00000075593661025819","0,00000001112540796889","0,00000001610582065928","0,00000137932199685217","0,00000036664034928205","0,00000171245061999011","0,00000097331262087091","0,00000131446425562489","0,00000136154618676370","0,00000050080865965753","0,00000001124253249747","0,00000250943405142932","0,00000416090865596514"
"0,38775176865973598500","0,00000031152939808888","0,00000039489213294677","0,00000032060914253983","0,00000001072842582671","0,00000001101329979523","0,00000007234284738598","0,00000079754174566524","0,00000076231858257137","0,00000001111063928129","0,00000001610921783118","0,00000138922434001970","0,00000036987654126041","0,00000172485688853809","0,00000097897819745339","0,00000132288114301785","0,00000137026935344727","0,00000050420953116586","0,00000001121633538955","0,00000252631801907685","0,00000417360369396173"
"0,38975569416181216100","0,00000031306492133296","0,00000039773087884144","0,00000032226117113536","0,00000001077066935391","0,00000001101358794233","0,00000007299064373832","0,00000080382987616761","0,00000076870263797364","0,00000001109472927150","0,00000001610983724793","0,00000139911811386080","0,00000037313342464133","0,00000173726784987301","0,00000098464594628030","0,00000133131492884735","0,00000137898932909459","0,00000050761550827787","0,00000001118622187562","0,00000254312627265568","0,00000418634367530505"
"0,39175961966388828100","0,00000031461807948197","0,00000040057023820862","0,00000032395286822758","0,00000001081898335215","0,00000001101423796188","0,00000007366319128468","0,00000081011556011929","0,00000077508877646501","0,00000001107767793953","0,00000001610767890952","0,00000140900331837546","0,00000037641099942483","0,00000174968350399486","0,00000099031586735162","0,00000133976561311338","0,00000138770611370567","0,00000051102659099357","0,00000001115219195569","0,00000255985881216582","0,00000419912859999509"
"0,39376354516596445700","0,00000031618887253590","0,00000040341021104831","0,00000032568423381647","0,00000001087336782141","0,00000001101524985387","0,00000007436049002507","0,00000081639879752028","0,00000078147699804546","0,00000001105948528538","0,00000001610274281596","0,00000141887995356370","0,00000037970926561090","0,00000176210385090364","0,00000099598796066737","0,00000134823319581594","0,00000139641970728049","0,00000051444277931297","0,00000001111424562976","0,00000257651563760727","0,00000421195846803184"
"0,39576747066804057700","0,00000031777730049476","0,00000040625079736051","0,00000032745526790205","0,00000001093382276170","0,00000001101662361832","0,00000007508253995948","0,00000082267958837059","0,00000078786730271501","0,00000001104015130904","0,00000001609502896724","0,00000142874801942550","0,00000038302822319954","0,00000177452889059937","0,00000100166222622753","0,00000135671767695504","0,00000140513010981907","0,00000051786407323605","0,00000001107238289783","0,00000259309674898002","0,00000422483327941532"
"0,39777139617011675300","0,00000031938336335854","0,00000040909199714521","0,00000032926597048431","0,00000001100034817301","0,00000001101835925521","0,00000007582934108792","0,00000082895793267021","0,00000079425969047366","0,00000001101967601051","0,00000001608453736337","0,00000143860751596087","0,00000038636787219075","0,00000178695862308202","0,00000100733866403211","0,00000136521905653067","0,00000141383732132139","0,00000052129047276283","0,00000001102660375989","0,00000260960214628407","0,00000423775303414552"
"0,39977532167219292900","0,00000032100706112724","0,00000041193381040243","0,00000033111634156325","0,00000001107294405536","0,00000001102045676455","0,00000007660089341039","0,00000083523383041915","0,00000080065416132140","0,00000001099805938980","0,00000001607126800435","0,00000144845844316981","0,00000038972821258453","0,00000179939304835161","0,00000101301727408111","0,00000137373733454283","0,00000142254134178747","0,00000052472197789329","0,00000001097690821594","0,00000262603182951943","0,00000425071773222244"
"0,40177924717426905000","0,00000032262929289347","0,00000041477070576401","0,00000033298657140510","0,00000001114520624546","0,00000001102187631032","0,00000007737387141015","0,00000084150305792942","0,00000080704467173566","0,00000001097696487651","0,00000001605857244160","0,00000145829437190358","0,00000039310129934342","0,00000181181497889461","0,00000101869135776453","0,00000138224447724633","0,00000143122813052167","0,00000052815559349741","0,00000001092746761431","0,00000264238258715335","0,00000426373401912400"
"0,40378317267634522600","0,00000032423095774982","0,00000041759715186183","0,00000033485685027608","0,00000001121073058007","0,00000001102157805651","0,00000007812494957047","0,00000084776139151307","0,00000081342517819390","0,00000001095805590024","0,00000001604980222655","0,00000146810887301346","0,00000039647918742996","0,00000182420722719747","0,00000102435421647235","0,00000139071245089599","0,00000143988364682837","0,00000053158832444517","0,00000001088245330329","0,00000265865120765308","0,00000427680854032814"
"0,40578709817842134600","0,00000032581205569630","0,00000042041314869588","0,00000033672717817619","0,00000001126951705917","0,00000001101956200312","0,00000007885412789135","0,00000085400883117007","0,00000081979568069610","0,00000001094133246098","0,00000001604495735921","0,00000147790194649943","0,00000039986187684416","0,00000183656979326021","0,00000103000585020459","0,00000139914125549179","0,00000144850789070757","0,00000053502017073655","0,00000001084186528289","0,00000267483769101863","0,00000428994129583484"
"0,40779102368049752200","0,00000032737258673291","0,00000042321869626616","0,00000033859755510544","0,00000001132156568278","0,00000001101582815014","0,00000007956140637278","0,00000086024537690044","0,00000082615617924226","0,00000001092679455875","0,00000001604403783957","0,00000148767359236150","0,00000040324936758600","0,00000184890267708283","0,00000103564625896124","0,00000140753089103374","0,00000145710086215926","0,00000053845113237157","0,00000001080570355312","0,00000269094203724999","0,00000430313228564412"
"0,40979494918257369800","0,00000032891255085964","0,00000042601379457267","0,00000034046798106381","0,00000001136687645089","0,00000001101037649759","0,00000008024678501478","0,00000086647102870418","0,00000083250667383239","0,00000001091444219353","0,00000001604704366763","0,00000149742381059967","0,00000040664165965550","0,00000186120587866531","0,00000104127544274231","0,00000141588135752184","0,00000146566256118345","0,00000054188120935022","0,00000001077396811396","0,00000270696424634717","0,00000431638150975597"
"0,41179887468464981800","0,00000033043194807650","0,00000042879844361541","0,00000034233845605131","0,00000001140544936349","0,00000001100320704545","0,00000008091026381733","0,00000087268578658128","0,00000083884716446649","0,00000001090427536532","0,00000001605397484340","0,00000150715260121394","0,00000041003875305265","0,00000187347939800766","0,00000104689340154778","0,00000142419265495609","0,00000147419298778014","0,00000054531040167249","0,00000001074665896542","0,00000272290431831016","0,00000432968896817040"
"0,41380280018672599400","0,00000033193077838348","0,00000043157264339438","0,00000034420898006795","0,00000001143728442060","0,00000001099431979373","0,00000008155184278045","0,00000087888965053174","0,00000084517765114455","0,00000001089629407414","0,00000001606483136687","0,00000151685996420431","0,00000041344064777745","0,00000188572323510989","0,00000105250013537767","0,00000143246478333649","0,00000148269214194933","0,00000054873870933840","0,00000001072377610750","0,00000273876225313897","0,00000434305466088740"
"0,41580672568880211400","0,00000033340904178059","0,00000043433639390958","0,00000034607955311371","0,00000001146238162221","0,00000001098371474243","0,00000008217152190412","0,00000088508262055558","0,00000085149813386658","0,00000001089049831997","0,00000001607961323804","0,00000152654589957078","0,00000041684734382991","0,00000189793738997199","0,00000105809564423197","0,00000144069774266303","0,00000149116002369102","0,00000055216613234794","0,00000001070531954020","0,00000275453805083359","0,00000435647858790696"
"0,41781065119087829000","0,00000033486673826783","0,00000043708969516101","0,00000034795017518861","0,00000001148074096831","0,00000001097139189154","0,00000008276930118835","0,00000089126469665277","0,00000085780861263258","0,00000001088688810282","0,00000001609832045691","0,00000153621040731335","0,00000042025884121001","0,00000191012186259397","0,00000106367992811068","0,00000144889153293573","0,00000149959663300520","0,00000055559267070111","0,00000001069128926351","0,00000277023171139402","0,00000436996074922910"
"0,41981457669295446600","0,00000033630386784519","0,00000043983254714868","0,00000034982084629264","0,00000001149236245892","0,00000001095735124108","0,00000008334518063314","0,00000089743587882334","0,00000086410908744254","0,00000001088546342269","0,00000001612095302349","0,00000154585348743202","0,00000042367513991777","0,00000192227665297581","0,00000106925298701380","0,00000145704615415457","0,00000150800196989188","0,00000055901832439791","0,00000001068168527745","0,00000278584323482027","0,00000438350114485381"
"0,42181850219503058700","0,00000033772043051268","0,00000044256494987257","0,00000035169156642580","0,00000001149724609403","0,00000001094159279103","0,00000008389916023849","0,00000090359616706726","0,00000087039955829647","0,00000001088622427958","0,00000001614751093777","0,00000155547513992679","0,00000042709623995318","0,00000193440176111753","0,00000107481482094134","0,00000146516160631957","0,00000151637603435106","0,00000056244309343834","0,00000001067650758200","0,00000280137262111233","0,00000439709977478110"
"0,42382242769710676300","0,00000033911642627029","0,00000044528690333270","0,00000035356233558809","0,00000001149539187363","0,00000001092411654140","0,00000008443124000439","0,00000090974556138456","0,00000087668002519437","0,00000001088917067348","0,00000001617799419975","0,00000156507536479766","0,00000043052214131624","0,00000194649718701912","0,00000108036542989328","0,00000147323788943071","0,00000152471882638274","0,00000056586697782240","0,00000001067575617718","0,00000281681987027021","0,00000441075663901095"
"0,42582635319918288300","0,00000034049185511803","0,00000044799840752906","0,00000035543315377951","0,00000001148679979774","0,00000001090492249219","0,00000008494141993086","0,00000091588406177521","0,00000088295048813623","0,00000001089430260441","0,00000001621240280944","0,00000157465416204462","0,00000043395284400695","0,00000195856293068058","0,00000108590481386964","0,00000148127500348800","0,00000153303034598691","0,00000056928997755009","0,00000001067943106297","0,00000283218498229390","0,00000442447173754338"
"0,42783027870125905900","0,00000034184671705590","0,00000045069946246164","0,00000035730402100006","0,00000001147146986634","0,00000001088401064340","0,00000008542970001788","0,00000092201166823924","0,00000088921094712206","0,00000001090162007235","0,00000001625073676683","0,00000158421153166769","0,00000043738834802531","0,00000197059899210191","0,00000109143297287042","0,00000148927294849144","0,00000154131059316358","0,00000057271209262141","0,00000001068753223938","0,00000284746795718340","0,00000443824507037838"
"0,42983420420333517900","0,00000034318101208389","0,00000045339006813046","0,00000035917493724975","0,00000001144940207945","0,00000001086138099502","0,00000008589608026547","0,00000092812838077663","0,00000089546140215185","0,00000001091112307730","0,00000001629299607192","0,00000159374747366686","0,00000044082865337133","0,00000198260537128312","0,00000109694990689560","0,00000149723172444104","0,00000154955956791275","0,00000057613332303636","0,00000001070005970642","0,00000286266879493872","0,00000445207663751595"
"0,43183812970541135500","0,00000034449474020201","0,00000045607022453551","0,00000036104590252856","0,00000001142059643706","0,00000001083703354706","0,00000008634056067361","0,00000093423419938738","0,00000090170185322561","0,00000001092281161928","0,00000001633918072471","0,00000160326198804212","0,00000044427376004499","0,00000199458206822420","0,00000110245561594519","0,00000150515133133677","0,00000155777727023442","0,00000057955366879495","0,00000001071701346407","0,00000287778749555986","0,00000446596643895609"
"0,43384205520748753100","0,00000034578790141025","0,00000045873993167679","0,00000036291691683651","0,00000001138505293916","0,00000001081096829953","0,00000008676314124231","0,00000094032912407150","0,00000090793230034334","0,00000001093668569827","0,00000001638929072521","0,00000161275507479349","0,00000044772366804631","0,00000200652908292515","0,00000110795010001920","0,00000151303176917866","0,00000156596370012858","0,00000058297312989716","0,00000001073839351234","0,00000289282405904681","0,00000447991447469880"
"0,43584598070956365200","0,00000034706049570862","0,00000046139918955431","0,00000036478798017359","0,00000001134277158577","0,00000001078318525241","0,00000008716382197157","0,00000094641315482898","0,00000091415274350503","0,00000001095274531428","0,00000001644332607341","0,00000162222673392095","0,00000045117837737528","0,00000201844641538597","0,00000111343335911762","0,00000152087303796670","0,00000157411885759525","0,00000058639170634301","0,00000001076419985122","0,00000290777848539957","0,00000449392074474409"
"0,43784990621163982800","0,00000034831252309711","0,00000046404799816805","0,00000036665909253979","0,00000001129375237688","0,00000001075368440570","0,00000008754260286139","0,00000095248629165983","0,00000092036318271069","0,00000001097099046731","0,00000001650128676931","0,00000163167696542451","0,00000045463788803190","0,00000203033406560667","0,00000111890539324045","0,00000152867513770089","0,00000158224274263441","0,00000058980939813248","0,00000001079443248073","0,00000292265077461814","0,00000450798524909195"
"0,43985383171371594800","0,00000034954398357573","0,00000046668635751802","0,00000036853025393513","0,00000001123799531248","0,00000001072246575942","0,00000008789948391177","0,00000095854853456405","0,00000092656361796031","0,00000001099142115736","0,00000001656317281292","0,00000164110576930418","0,00000045810220001618","0,00000204219203358723","0,00000112436620238770","0,00000153643806838122","0,00000159033535524606","0,00000059322620526559","0,00000001082909140086","0,00000293744092670254","0,00000452210798774238"
"0,44185775721579212400","0,00000035075487714448","0,00000046931426760423","0,00000037040146435960","0,00000001117550039259","0,00000001068952931355","0,00000008823446512271","0,00000096459988354163","0,00000093275404925390","0,00000001101403738442","0,00000001662898420423","0,00000165051314555994","0,00000046157131332810","0,00000205402031932767","0,00000112981578655935","0,00000154416183000771","0,00000159839669543022","0,00000059664212774232","0,00000001086817661160","0,00000295214894165274","0,00000453628896069538"
"0,44386168271786830000","0,00000035194520380335","0,00000047193172842666","0,00000037227272381321","0,00000001110626761719","0,00000001065487506811","0,00000008854754649420","0,00000097064033859257","0,00000093893447659146","0,00000001103883914851","0,00000001669872094324","0,00000165989909419180","0,00000046504522796768","0,00000206581892282799","0,00000113525414575542","0,00000155184642258034","0,00000160642676318687","0,00000060005716556269","0,00000001091168811297","0,00000296677481946876","0,00000455052816795096"
"0,44586560821994442000","0,00000035311496355235","0,00000047453873998533","0,00000037414403229594","0,00000001103029698630","0,00000001061850302308","0,00000008883872802626","0,00000097666989971688","0,00000094510489997298","0,00000001106582644961","0,00000001677238302995","0,00000166926361519976","0,00000046852394393491","0,00000207758784408817","0,00000114068127997590","0,00000155949184609912","0,00000161442555851603","0,00000060347131872669","0,00000001095962590495","0,00000298131856015059","0,00000456482560950910"
"0,44786953372202059600","0,00000035426415639148","0,00000047713530228023","0,00000037601538980780","0,00000001094758849991","0,00000001058041317846","0,00000008910800971887","0,00000098268856691456","0,00000095126531939847","0,00000001109499928772","0,00000001684997046437","0,00000167860670858382","0,00000047200746122979","0,00000208932708310822","0,00000114609718922079","0,00000156709810056406","0,00000162239308141767","0,00000060688458723431","0,00000001101198998756","0,00000299578016369824","0,00000457918128536982"
"0,44987345922409671700","0,00000035539278232073","0,00000047972141531136","0,00000037788679634880","0,00000001085814215801","0,00000001054060553427","0,00000008935539157204","0,00000098869634018560","0,00000095741573486793","0,00000001112635766286","0,00000001693148324649","0,00000168792837434398","0,00000047549577985232","0,00000210103663988815","0,00000115150187349009","0,00000157466518597514","0,00000163032933189182","0,00000061029697108557","0,00000001106878036078","0,00000301015963011170","0,00000459359519553311"
"0,45187738472617289300","0,00000035651481858804","0,00000048229963914343","0,00000037975792358452","0,00000001077058291359","0,00000001050426806408","0,00000008961831629265","0,00000099469754459265","0,00000096355651537428","0,00000001115766037065","0,00000001701291364630","0,00000169722380560156","0,00000047898011883538","0,00000211272427346534","0,00000115690404325527","0,00000158221039290490","0,00000163825696514097","0,00000061370962123118","0,00000001112678310010","0,00000302446254589910","0,00000460800685690974"
"0,45388131022824901300","0,00000035764424244136","0,00000048487253384116","0,00000038162844318057","0,00000001069353571960","0,00000001047658874148","0,00000008993422658757","0,00000100069650519835","0,00000096968802991044","0,00000001118666620673","0,00000001709025393379","0,00000170648819547787","0,00000048245169721183","0,00000212439774287716","0,00000116231240898780","0,00000158975101192589","0,00000164619863636764","0,00000061712368862186","0,00000001118278428101","0,00000303869449756856","0,00000462235578641049"
"0,45588523573032518900","0,00000035878105388068","0,00000048744009940455","0,00000038349835513695","0,00000001062700057605","0,00000001045756756647","0,00000009030312245680","0,00000100669322200269","0,00000097581027847642","0,00000001121337517111","0,00000001716350410896","0,00000171572154397291","0,00000048591051498167","0,00000213605704812362","0,00000116772697068767","0,00000159728704303810","0,00000165415434557183","0,00000062053917325760","0,00000001123678390350","0,00000305285548512009","0,00000463664198403534"
"0,45788916123240136500","0,00000035992525290600","0,00000049000233583359","0,00000038536765945366","0,00000001057097748294","0,00000001044720453904","0,00000009072500390034","0,00000101268769500569","0,00000098192326107221","0,00000001123778726377","0,00000001723266417181","0,00000172492385108668","0,00000048935657214492","0,00000214770218920472","0,00000117314772835488","0,00000160481848624152","0,00000166212409275353","0,00000062395607513842","0,00000001128878196757","0,00000306694550855367","0,00000465086544978431"
"0,45989308673447748500","0,00000036107683951733","0,00000049255924312830","0,00000038723635613070","0,00000001052546644027","0,00000001044549965921","0,00000009119987091819","0,00000101867992420735","0,00000098802697769782","0,00000001125990248473","0,00000001729773412234","0,00000173409511681918","0,00000049278986870155","0,00000215933316612045","0,00000117857468198944","0,00000161234534153617","0,00000167010787791275","0,00000062737439426430","0,00000001133877847322","0,00000308096456786931","0,00000466502618365740"
"0,46189701223655366100","0,00000036223581371466","0,00000049511082128866","0,00000038910444516806","0,00000001049046744804","0,00000001045245292696","0,00000009172772351035","0,00000102466990960765","0,00000099412142835325","0,00000001127972083398","0,00000001735871396055","0,00000174323534117042","0,00000049621040465158","0,00000217094997887083","0,00000118400783159134","0,00000161986760892204","0,00000167810570104948","0,00000063079413063525","0,00000001138677342046","0,00000309491266306701","0,00000467912418565459"
"0,46390093773862978200","0,00000036340217549799","0,00000049765707031468","0,00000039097192656576","0,00000001046598050624","0,00000001046806434230","0,00000009230856167683","0,00000103065765120660","0,00000100020661303849","0,00000001129724231153","0,00000001741560368644","0,00000175234452414039","0,00000049961817999501","0,00000218255262745584","0,00000118944717716059","0,00000162738528839913","0,00000168611756216373","0,00000063421528425126","0,00000001143276680929","0,00000310878979414677","0,00000469315945577590"
"0,46590486324070595800","0,00000036457592486732","0,00000050019799020635","0,00000039283880032378","0,00000001045200561489","0,00000001049233390523","0,00000009294238541761","0,00000103664314900420","0,00000100628253175355","0,00000001131246691736","0,00000001746840330001","0,00000176142266572909","0,00000050301319473183","0,00000219414111187549","0,00000119489271869718","0,00000163489837996744","0,00000169414346125549","0,00000063763785511235","0,00000001147675863969","0,00000312259596110860","0,00000470713199402132"
"0,46790878874278213300","0,00000036575706182266","0,00000050273358096369","0,00000039470506644212","0,00000001044854277397","0,00000001052526161574","0,00000009362919473271","0,00000104262640300045","0,00000101234918449842","0,00000001132539465149","0,00000001751711280127","0,00000177046976593653","0,00000050639544886205","0,00000220571543212978","0,00000120034445620111","0,00000164240688362697","0,00000170218339832477","0,00000064106184321850","0,00000001151874891168","0,00000313633116395248","0,00000472104180039086"
"0,46991271424485825400","0,00000036694558636400","0,00000050526384258668","0,00000039657072492080","0,00000001045559198349","0,00000001056684747385","0,00000009436898962211","0,00000104860741319535","0,00000101840657127311","0,00000001133602551391","0,00000001756173219020","0,00000177948582476269","0,00000050976494238566","0,00000221727558821871","0,00000120580238967239","0,00000164991079937772","0,00000171023737337156","0,00000064448724856973","0,00000001155873762525","0,00000314999540267842","0,00000473488887488451"
"0,47191663974693443000","0,00000036814149849135","0,00000050778877507533","0,00000039843577575981","0,00000001047315324345","0,00000001061709147954","0,00000009516177008583","0,00000105458617958891","0,00000102445469207762","0,00000001134435950462","0,00000001760226146681","0,00000178847084220759","0,00000051312167530267","0,00000222882158014228","0,00000121126651911101","0,00000165741012721970","0,00000171830538639587","0,00000064791407116602","0,00000001159672478041","0,00000316358867728643","0,00000474867321750227"
"0,47392056524901055000","0,00000036934479820469","0,00000051030837842963","0,00000040030021895914","0,00000001050122655384","0,00000001067599363282","0,00000009600753612386","0,00000106056270218111","0,00000103049354691194","0,00000001135039662362","0,00000001763870063110","0,00000179742481827122","0,00000051646564761308","0,00000224035340790048","0,00000121673684451697","0,00000166490486715289","0,00000172638743739770","0,00000065134231100738","0,00000001163271037715","0,00000317711098777649","0,00000476239482824414"
"0,47592449075108672600","0,00000037055548550404","0,00000051282265264960","0,00000040216405451880","0,00000001053981191468","0,00000001074355393369","0,00000009690628773620","0,00000106653698097197","0,00000103652313577608","0,00000001135413687092","0,00000001767104968307","0,00000180634775295359","0,00000051979685931687","0,00000225187107149333","0,00000122221336589028","0,00000167239501917730","0,00000173448352637704","0,00000065477196809380","0,00000001166669441547","0,00000319056233414862","0,00000477605370711013"
"0,47792841625316290200","0,00000037177356038940","0,00000051533159773522","0,00000040402728243879","0,00000001058890932595","0,00000001081977238215","0,00000009785802492285","0,00000107250901596147","0,00000104254345867003","0,00000001135558024650","0,00000001769930862272","0,00000181523964625468","0,00000052311531041407","0,00000226337457092081","0,00000122769608323094","0,00000167988058329294","0,00000174259365333390","0,00000065820304242530","0,00000001169867689538","0,00000320394271640280","0,00000478964985410023"
"0,47993234175523902200","0,00000037299902286075","0,00000051783521368650","0,00000040588990271911","0,00000001064851878766","0,00000001090464897820","0,00000009886274768382","0,00000107847880714963","0,00000104855451559380","0,00000001135472675038","0,00000001772347745004","0,00000182410049817451","0,00000052642100090466","0,00000227486390618293","0,00000123318499653894","0,00000168736155949979","0,00000175071781826827","0,00000066163553400186","0,00000001172865781687","0,00000321725213453905","0,00000480318326921444"
"0,48193626725731519800","0,00000037423187291811","0,00000052033350050344","0,00000040775191535975","0,00000001071864029981","0,00000001099818372184","0,00000009992045601909","0,00000108444635453643","0,00000105455630654739","0,00000001135157638255","0,00000001774355616505","0,00000183293030871307","0,00000052971393078864","0,00000228633907727968","0,00000123868010581428","0,00000169483794779787","0,00000175885602118016","0,00000066506944282349","0,00000001175663717994","0,00000323049058855736","0,00000481665395245276"
"0,48394019275939131900","0,00000037547211056147","0,00000052282645818603","0,00000040961332036072","0,00000001079927386240","0,00000001110037661306","0,00000010103114992868","0,00000109041165812189","0,00000106054883153079","0,00000001134612914301","0,00000001775954476774","0,00000184172907787036","0,00000053299410006602","0,00000229780008421108","0,00000124418141105696","0,00000170230974818716","0,00000176700826206957","0,00000066850476889019","0,00000001178261498460","0,00000324365807845772","0,00000483006190381520"
"0,48594411826146749500","0,00000037671973579084","0,00000052531408673428","0,00000041147411772202","0,00000001089041947543","0,00000001121122765187","0,00000010219482941257","0,00000109637471790599","0,00000106653209054401","0,00000001133838503177","0,00000001777144325811","0,00000185049680564639","0,00000053626150873680","0,00000230924692697711","0,00000124968891226699","0,00000170977696066768","0,00000177517454093649","0,00000067194151220196","0,00000001180659123084","0,00000325675460424015","0,00000484340712330175"
"0,48794804376354361500","0,00000037797474860621","0,00000052779638614819","0,00000041333430744365","0,00000001099207713889","0,00000001133073683827","0,00000010341149447078","0,00000110233553388875","0,00000107250608358704","0,00000001132834404882","0,00000001777925163616","0,00000185923349204114","0,00000053951615680097","0,00000232067960557779","0,00000125520260944437","0,00000171723958523942","0,00000178335485778092","0,00000067537967275880","0,00000001182856591866","0,00000326978016590464","0,00000485668961091242"
"0,48995196926561979100","0,00000037923714900758","0,00000053027335642776","0,00000041519388952561","0,00000001110424685280","0,00000001145890417226","0,00000010468114510330","0,00000110829410607016","0,00000107847081065989","0,00000001131600619416","0,00000001778296990189","0,00000186793913705463","0,00000054275804425853","0,00000233209812001310","0,00000126072250258908","0,00000172469762190238","0,00000179154921260287","0,00000067881925056070","0,00000001184853904806","0,00000328273476345119","0,00000486990936664719"
"0,49195589476769596700","0,00000038050693699495","0,00000053274499757299","0,00000041705286396790","0,00000001122692861714","0,00000001159572965384","0,00000010600378131013","0,00000111425043445021","0,00000108442627176256","0,00000001130137146779","0,00000001778259805530","0,00000187661374068685","0,00000054598717110949","0,00000234350247028304","0,00000126624859170115","0,00000173215107065655","0,00000179975760540234","0,00000068226024560768","0,00000001186651061905","0,00000329561839687979","0,00000488306639050608"
"0,49395982026977208700","0,00000038178411256833","0,00000053521130958387","0,00000041891123077051","0,00000001136012243192","0,00000001174121328300","0,00000010737940309127","0,00000112020451902892","0,00000109037246689504","0,00000001128443986971","0,00000001777813609639","0,00000188525730293781","0,00000054920353735385","0,00000235489265638763","0,00000127178087678055","0,00000173959993150195","0,00000180798003617932","0,00000068570265789972","0,00000001188248063162","0,00000330843106619046","0,00000489616068248908"
"0,49596374577184826300","0,00000038306867572771","0,00000053767229246041","0,00000042076898993345","0,00000001150382829714","0,00000001189535505976","0,00000010880801044672","0,00000112615635980628","0,00000109630939605733","0,00000001126521139992","0,00000001776958402516","0,00000189386982380749","0,00000055240714299160","0,00000236626867832686","0,00000127731935782730","0,00000174704420443857","0,00000181621650493382","0,00000068914648743683","0,00000001189644908578","0,00000332117277138319","0,00000490919224259620"
"0,49796767127392438400","0,00000038436062647309","0,00000054012794620261","0,00000042262614145672","0,00000001165804621279","0,00000001205815498410","0,00000011028960337648","0,00000113210595678229","0,00000110223705924945","0,00000001124368605843","0,00000001775694184161","0,00000190245130329591","0,00000055559798802274","0,00000237763053610072","0,00000128286403484139","0,00000175448388946641","0,00000182446701166584","0,00000069259173421901","0,00000001190841598152","0,00000333384351245798","0,00000492216107082743"
"0,49997159677600056000","0,00000038565996480448","0,00000054257827081046","0,00000042448268534032","0,00000001182277617889","0,00000001222961305603","0,00000011182418188056","0,00000113805330995695","0,00000110815545647138","0,00000001121986384523","0,00000001774020954573","0,00000191100174140306","0,00000055877607244729","0,00000238897822970922","0,00000128841490782283","0,00000176191898658548","0,00000183273155637537","0,00000069603839824625","0,00000001191838131884","0,00000334644328941483","0,00000493506716718277"
