Variable Source,dev1,dev2,dev3,dev4,dev5,dev6,dev7,dev8,dev9,dev10,dev11,dev12,dev13,dev14,dev15,dev16,dev17,Dev 18,Dev 19,Dev 20
"-0,49993858631900023300","0,00000001188140105035","0,00000001169656459013","0,00000001196058335247","0,00000001280554221535","0,00000001414055740639","0,00000016137718241111","0,00000004301474632458","0,00000501584127776935","0,00000307037457972417","0,00000000683963074623","0,00000072548012811356","0,00000238423595965796","0,00000013587957363651","0,00000262289897873505","0,00000001155123644017","0,00000101794749596816","0,00000762459804619872","0,00000251747690708941","0,00000750729572994979","0,00000110923586891751"
"-0,49793466368168559600","0,00000001199859140037","0,00000001181299093701","0,00000001204462566549","0,00000001274710508024","0,00000001379479549563","0,00000015987460383339","0,00000004269872583008","0,00000500716618164469","0,00000310228555905222","0,00000000705227991522","0,00000072488518059415","0,00000234944842598367","0,00000013614003462348","0,00000261477425952316","0,00000001161650211202","0,00000103759564859814","0,00000762270127440110","0,00000249368465058811","0,00000742803891849276","0,00000110011707054223"
"-0,49593074104437096000","0,00000001210790765395","0,00000001192220381432","0,00000001212296117281","0,00000001269221582230","0,00000001347141881274","0,00000015847732489346","0,00000004239099066615","0,00000499861564537178","0,00000313202470817168","0,00000000725972991912","0,00000072427149221005","0,00000231716658305940","0,00000013638355633656","0,00000260680775437608","0,00000001168003305928","0,00000105605404866037","0,00000762134826696510","0,00000247150018140242","0,00000735370387408190","0,00000109152130263085"
"-0,49392681840705632300","0,00000001220934981110","0,00000001202420322207","0,00000001219558987441","0,00000001264087444153","0,00000001317042735771","0,00000015718534559133","0,00000004209154083278","0,00000499018966895061","0,00000315959202708257","0,00000000746198075793","0,00000072363906296125","0,00000228739043088518","0,00000013661013877573","0,00000259899946329381","0,00000001174182928196","0,00000107332269615485","0,00000762053902389073","0,00000245092349953231","0,00000728429059671721","0,00000108344856518337"
"-0,49192289576974174100","0,00000001230291787181","0,00000001211898916026","0,00000001226251177032","0,00000001259308093792","0,00000001289182113055","0,00000015599866592701","0,00000004180037632998","0,00000498188825238119","0,00000318498751578487","0,00000000765903243166","0,00000072298789284776","0,00000226011996946098","0,00000013681978194101","0,00000259134938627635","0,00000001180189078006","0,00000108940159108157","0,00000762027354517798","0,00000243195460497781","0,00000721979908639869","0,00000107589885819978"
"-0,48991897313242710500","0,00000001238861183608","0,00000001220656162890","0,00000001232372686051","0,00000001254883531147","0,00000001263560013126","0,00000015491728590048","0,00000004151749715775","0,00000497371139566350","0,00000320821117427858","0,00000000785088494029","0,00000072231798186957","0,00000223535519878682","0,00000013701248583239","0,00000258385752332369","0,00000001186021755359","0,00000110429073344054","0,00000762055183082685","0,00000241459349773890","0,00000716022934312634","0,00000106887218168008"
"-0,48791505049511246800","0,00000001246643170392","0,00000001228692062797","0,00000001237923514500","0,00000001250813756219","0,00000001240176435983","0,00000015394120551175","0,00000004124290331609","0,00000496565909879756","0,00000322926300256372","0,00000000803753828384","0,00000072162933002670","0,00000221309611886270","0,00000013718825044986","0,00000257652387443585","0,00000001191680960254","0,00000111799012323176","0,00000762137388083734","0,00000239884017781559","0,00000710558136690016","0,00000106236853562429"
"-0,48591112785779783100","0,00000001253637747532","0,00000001236006615749","0,00000001242903662379","0,00000001247098769008","0,00000001219031381628","0,00000015307042476083","0,00000004097659480499","0,00000495773136178335","0,00000324814300064027","0,00000000821899246230","0,00000072092193731912","0,00000219334272968861","0,00000013734707579344","0,00000256934843961281","0,00000001197166692690","0,00000113049976045523","0,00000762273969520946","0,00000238469464520788","0,00000705585515772015","0,00000105638792003239"
"-0,48390720522048319400","0,00000001259844915028","0,00000001242599821744","0,00000001247313129687","0,00000001243738569513","0,00000001200124850058","0,00000015230494364770","0,00000004071857162446","0,00000494992818462089","0,00000326485116850824","0,00000000839524747567","0,00000072019580374686","0,00000217609503126455","0,00000013748896186312","0,00000256233121885458","0,00000001202478952669","0,00000114181964511094","0,00000762464927394320","0,00000237215689991576","0,00000701105071558630","0,00000105093033490438"
"-0,48190328258316855700","0,00000001265264672881","0,00000001248471680784","0,00000001251151916424","0,00000001240733157734","0,00000001183456841276","0,00000015164476217237","0,00000004046883377450","0,00000494224956731018","0,00000327938750616763","0,00000000856630332395","0,00000071945092930990","0,00000216135302359053","0,00000013761390865890","0,00000255547221216116","0,00000001207617740190","0,00000115194977719890","0,00000762710261703857","0,00000236122694193924","0,00000697116804049863","0,00000104599578024027"
"-0,47989935994585392000","0,00000001269897021090","0,00000001253622192867","0,00000001254420022591","0,00000001238082533672","0,00000001169027355280","0,00000015108988033484","0,00000004022738125510","0,00000493469550985120","0,00000329175201361843","0,00000000873216000715","0,00000071868731400824","0,00000214911670666654","0,00000013772191618078","0,00000254877141953255","0,00000001212583055254","0,00000116089015671910","0,00000763009972449555","0,00000235190477127832","0,00000693620713245713","0,00000104158425604005"
"-0,47789543730853928400","0,00000001273741959656","0,00000001258051357995","0,00000001257117448188","0,00000001235786697327","0,00000001156836392071","0,00000015064029813512","0,00000003999421406628","0,00000492726601224397","0,00000330194469086065","0,00000000889281752525","0,00000071790495784189","0,00000213938608049258","0,00000013781298442875","0,00000254222884096874","0,00000001217374897859","0,00000116864078367156","0,00000763364059631416","0,00000234419038793300","0,00000690616799146180","0,00000103769576230373"
"-0,47589151467122470200","0,00000001276799488578","0,00000001261759176167","0,00000001259244193213","0,00000001233845648698","0,00000001146883951649","0,00000015029601557319","0,00000003976933220801","0,00000491996107448847","0,00000330996553789429","0,00000000904827587827","0,00000071710386081085","0,00000213216114506866","0,00000013788711340283","0,00000253584447646975","0,00000001221993268006","0,00000117520165805625","0,00000763772523249440","0,00000233808379190327","0,00000688105061751263","0,00000103433029903131"
"-0,47388759203391006600","0,00000001279069607857","0,00000001264745647383","0,00000001260800257669","0,00000001232259387785","0,00000001139170034013","0,00000015005703264906","0,00000003955273568032","0,00000491278069658472","0,00000331581455471935","0,00000000919853506620","0,00000071628402291512","0,00000212744190039477","0,00000013794430310301","0,00000252961832603556","0,00000001226438165696","0,00000118057277987320","0,00000764235363303625","0,00000233358498318914","0,00000686085501060964","0,00000103148786622278"
"-0,47188366939659542900","0,00000001280552317491","0,00000001267010771642","0,00000001261785641553","0,00000001231027914589","0,00000001133694639164","0,00000014992334936273","0,00000003934442448319","0,00000490572487853271","0,00000331949174133582","0,00000000934359508904","0,00000071544544415469","0,00000212522834647092","0,00000013798455352929","0,00000252355038966618","0,00000001230709590928","0,00000118475414912240","0,00000764752579793973","0,00000233069396179061","0,00000684558117075281","0,00000102916846387815"
"-0,46987974675928079200","0,00000001281247617483","0,00000001268554548946","0,00000001262200344868","0,00000001230151229110","0,00000001130457767102","0,00000014989496571420","0,00000003914439861663","0,00000489879362033245","0,00000332099709774371","0,00000000948345594679","0,00000071458812452956","0,00000212552048329710","0,00000013800786468167","0,00000251764066736162","0,00000001234807543702","0,00000118774576580384","0,00000765324172720483","0,00000232941072770767","0,00000683522909794216","0,00000102737209199741"
"-0,46787582412196615500","0,00000001281155507830","0,00000001269376979294","0,00000001262044367611","0,00000001229629331347","0,00000001129459417826","0,00000014997188170348","0,00000003895265808064","0,00000489198692198392","0,00000332033062394302","0,00000000961811763946","0,00000071371206403974","0,00000212831831087331","0,00000013801423656015","0,00000251188915912186","0,00000001238732024018","0,00000118954762991752","0,00000765950142083156","0,00000232973528094034","0,00000682979879217767","0,00000102609875058057"
"-0,46587190148465151800","0,00000001280275988534","0,00000001269478062686","0,00000001261317709784","0,00000001229462221301","0,00000001130699591338","0,00000015015409733055","0,00000003876920287522","0,00000488530478348714","0,00000331749231993375","0,00000000974758016703","0,00000071281726268523","0,00000213362182919956","0,00000013800366916473","0,00000250629586494690","0,00000001242483031876","0,00000119015974146346","0,00000766630487881991","0,00000233166762148860","0,00000682929025345936","0,00000102534843962762"
"-0,46386797884733688100","0,00000001278609059595","0,00000001268857799122","0,00000001260020371387","0,00000001229649898971","0,00000001134178287635","0,00000015044161259542","0,00000003859403300036","0,00000487874720484210","0,00000331248218571589","0,00000000987184352952","0,00000071190372046603","0,00000214143103827584","0,00000013797616249541","0,00000250086078483676","0,00000001246060567276","0,00000118958210044164","0,00000767365210116988","0,00000233520774935246","0,00000683370348178721","0,00000102512115913857"
"-0,46186405621002230000","0,00000001276154721012","0,00000001267516188602","0,00000001258152352418","0,00000001230192364357","0,00000001139895506720","0,00000015083442749809","0,00000003842714845607","0,00000487231418604880","0,00000330530022128945","0,00000000999090772692","0,00000071097143738213","0,00000215174593810216","0,00000013793171655219","0,00000249558391879143","0,00000001249464630218","0,00000118781470685207","0,00000768154308788147","0,00000234035566453191","0,00000684303847716124","0,00000102541690911342"
"-0,45986013357270766300","0,00000001272912972785","0,00000001265453231126","0,00000001255713652880","0,00000001231089617461","0,00000001147851248591","0,00000015133254203856","0,00000003826854924235","0,00000486600572710724","0,00000329594642665442","0,00000001010477275923","0,00000071002041343353","0,00000216456652867851","0,00000013787033133507","0,00000249046526681090","0,00000001252695220703","0,00000118485756069474","0,00000768997783895469","0,00000234711136702696","0,00000685729523958143","0,00000102623568955216"
"-0,45785621093539302600","0,00000001268883814915","0,00000001262668926695","0,00000001252704272771","0,00000001232341658280","0,00000001158045513249","0,00000015193595621683","0,00000003811823535919","0,00000485982182801743","0,00000328442080181082","0,00000001021343862645","0,00000070905064862025","0,00000217989281000489","0,00000013779200684405","0,00000248550482889518","0,00000001255752338729","0,00000118071066196967","0,00000769895635438953","0,00000235547485683761","0,00000687647376904779","0,00000102757750045479"
"-0,45585228829807839000","0,00000001264067247401","0,00000001259163275307","0,00000001249124212091","0,00000001233948486816","0,00000001170478300694","0,00000015264467003291","0,00000003797620680660","0,00000485376248877935","0,00000327072334675863","0,00000001031690532858","0,00000070806214294227","0,00000219772478208131","0,00000013769674307913","0,00000248070260504427","0,00000001258635984298","0,00000117537401067684","0,00000770847863418599","0,00000236544613396386","0,00000690057406556033","0,00000102944234182133"
"-0,45384836566076375300","0,00000001258463270243","0,00000001254936276963","0,00000001244973470841","0,00000001235910103069","0,00000001185149610925","0,00000015345868348678","0,00000003784246358458","0,00000484782770939302","0,00000325485406149786","0,00000001041517286563","0,00000070705489639959","0,00000221806244490776","0,00000013758454004032","0,00000247605859525817","0,00000001261346157409","0,00000116884760681625","0,00000771854467834408","0,00000237702519840570","0,00000692959612911903","0,00000103183021365175"
"-0,45184444302344911600","0,00000001252071883442","0,00000001249987931663","0,00000001240252049020","0,00000001238226507038","0,00000001202059443943","0,00000015437799657845","0,00000003771700569312","0,00000484201748985843","0,00000323681294602851","0,00000001050824123758","0,00000070602890899222","0,00000224090579848425","0,00000013745539772760","0,00000247157279953688","0,00000001263882858062","0,00000116113145038792","0,00000772915448686379","0,00000239021205016315","0,00000696353995972390","0,00000103474111594608"
"-0,44984052038613447900","0,00000001245532145120","0,00000001244853880303","0,00000001235427106843","0,00000001240645392158","0,00000001219443466566","0,00000015531381350827","0,00000003760154301388","0,00000483655517311434","0,00000321836699919498","0,00000001059594099219","0,00000070501041385461","0,00000226416336282308","0,00000013733383591400","0,00000246741399708644","0,00000001266204318764","0,00000115309997127272","0,00000773958724260481","0,00000240370165831170","0,00000699870337196154","0,00000103781526846534"
"-0,44783659774881984200","0,00000001239483113399","0,00000001240069763779","0,00000001230965804526","0,00000001242914451862","0,00000001235537345610","0,00000015617733847661","0,00000003749778542850","0,00000483166410209949","0,00000320128321984168","0,00000001067810267719","0,00000070402564412120","0,00000228574365793656","0,00000013724437437254","0,00000246375096711290","0,00000001268268772021","0,00000114562759935155","0,00000774912212842685","0,00000241618899192688","0,00000703138418041853","0,00000104069289097059"
"-0,44583267511150526100","0,00000001233924788279","0,00000001235635582089","0,00000001226868142069","0,00000001245033686151","0,00000001250341081077","0,00000015696857148346","0,00000003740573293697","0,00000482734427681390","0,00000318556160796862","0,00000001075472629257","0,00000070307459979201","0,00000230564668382469","0,00000013718701310322","0,00000246058370961626","0,00000001270076217833","0,00000113871433462441","0,00000775775914432989","0,00000242767405100868","0,00000706158238509487","0,00000104337398346182"
"-0,44382875247419062400","0,00000001228857169760","0,00000001231551335235","0,00000001223134119471","0,00000001247003095024","0,00000001263854672966","0,00000015768751252882","0,00000003732538553929","0,00000482359569725755","0,00000317120216357578","0,00000001082581183835","0,00000070215728086701","0,00000232387244048747","0,00000013716175210603","0,00000245791222459651","0,00000001271626656200","0,00000113236017709129","0,00000776549829031395","0,00000243815683555711","0,00000708929798599057","0,00000104585854593903"
"-0,44182482983687598700","0,00000001224280257842","0,00000001227817023215","0,00000001219763736732","0,00000001248822678482","0,00000001276078121277","0,00000015833416161270","0,00000003725674323547","0,00000482041836343046","0,00000315820488666318","0,00000001089135931451","0,00000070127368734623","0,00000234042092792491","0,00000013716859138099","0,00000245573651205366","0,00000001272920087123","0,00000112656512675221","0,00000777233956637901","0,00000244763734557216","0,00000711453098310563","0,00000104814657840223"
"-0,43982090719956135100","0,00000001220194052526","0,00000001224432646032","0,00000001216756993853","0,00000001250492436525","0,00000001287011426010","0,00000015890851873508","0,00000003719980602551","0,00000481781227533261","0,00000314656977723082","0,00000001095136872106","0,00000070042381922965","0,00000235529214613699","0,00000013720753092808","0,00000245405657198771","0,00000001273956510602","0,00000112132918360716","0,00000777828297252509","0,00000245611558105384","0,00000713728137644003","0,00000105023808085141"
"-0,43781698456224671400","0,00000001216598553811","0,00000001221398203683","0,00000001214113890834","0,00000001252012369152","0,00000001296654587165","0,00000015941058389598","0,00000003715457390941","0,00000481577743296401","0,00000313629683527868","0,00000001100584005801","0,00000069960767651728","0,00000236848609512373","0,00000013727857074731","0,00000245287240439866","0,00000001274735926635","0,00000111665234765613","0,00000778332850875217","0,00000246359154200215","0,00000715754916599380","0,00000105213305328658"
"-0,43581306192493207700","0,00000001213493761697","0,00000001218713696169","0,00000001211834427673","0,00000001253382476363","0,00000001305007604742","0,00000015984035709538","0,00000003712104688716","0,00000481431383632467","0,00000312738606080678","0,00000001105477332534","0,00000069882525920912","0,00000238000277488512","0,00000013738171083868","0,00000245218400928650","0,00000001275258335224","0,00000111253461889914","0,00000778747617506027","0,00000247006522841708","0,00000717533435176692","0,00000105383149570773"
"-0,43380913928761744000","0,00000001210879676184","0,00000001216379123491","0,00000001209918604373","0,00000001254602758160","0,00000001312070478742","0,00000016019783833330","0,00000003709922495877","0,00000481342148541457","0,00000311983745381511","0,00000001109816852306","0,00000069807656730516","0,00000238984218542116","0,00000013751695120218","0,00000245199138665124","0,00000001275523736368","0,00000110897599733617","0,00000779072597144938","0,00000247553664029863","0,00000719063693375939","0,00000105533340811487"
"-0,43180521665030280300","0,00000001208756297272","0,00000001214394485648","0,00000001208366420931","0,00000001255673214540","0,00000001317843209163","0,00000016048302760973","0,00000003708910812423","0,00000481310038023372","0,00000311365101430367","0,00000001113602565117","0,00000069736160080541","0,00000239800432673185","0,00000013768429183783","0,00000245229453649288","0,00000001275532130067","0,00000110597648296723","0,00000779307789791950","0,00000248000577764681","0,00000720345691197122","0,00000105663879050799"
"-0,42980129401298822200","0,00000001207123624962","0,00000001212759782640","0,00000001207177877350","0,00000001256593845506","0,00000001322325796007","0,00000016069592492467","0,00000003709069638355","0,00000481335052078213","0,00000310882674227247","0,00000001116834470967","0,00000069668035970987","0,00000240448919881719","0,00000013788373274561","0,00000245309345881142","0,00000001275283516322","0,00000110353607579232","0,00000779453195447062","0,00000248347264046161","0,00000721379428640240","0,00000105774764288709"
"-0,42779737137567358500","0,00000001205981659253","0,00000001211475014468","0,00000001206352973627","0,00000001257364651055","0,00000001325518239273","0,00000016083653027813","0,00000003710398973673","0,00000481417190705978","0,00000310536463772149","0,00000001119512569856","0,00000069603284401853","0,00000240929680167719","0,00000013811527392553","0,00000245438815360685","0,00000001274777895132","0,00000110165477581144","0,00000779508814110276","0,00000248593722874304","0,00000722164905705294","0,00000105865996525218"
"-0,42579344873835894800","0,00000001205330400145","0,00000001210540181130","0,00000001205891709765","0,00000001257985631190","0,00000001327420538960","0,00000016090484367009","0,00000003712898818376","0,00000481556453906668","0,00000310326470065075","0,00000001121636861784","0,00000069541905373140","0,00000241242713531183","0,00000013837891537759","0,00000245617862087919","0,00000001274015266497","0,00000110033258302459","0,00000779474645781591","0,00000248739954249110","0,00000722702122392283","0,00000105937575760325"
"-0,42378952610104431100","0,00000001205169847638","0,00000001209955282628","0,00000001205794085761","0,00000001258456785909","0,00000001328032695070","0,00000016090086510057","0,00000003716569172465","0,00000481752841680283","0,00000310252693106024","0,00000001123207346751","0,00000069483898884848","0,00000241388019972113","0,00000013867465710179","0,00000245846486062842","0,00000001272995630418","0,00000109956949743177","0,00000779350690461006","0,00000248785958170578","0,00000722991078701207","0,00000105989501994031"
"-0,42178560346372967500","0,00000001205500001733","0,00000001209720318961","0,00000001206060101617","0,00000001258778115212","0,00000001327354707603","0,00000016082459456955","0,00000003721410035940","0,00000482006354026823","0,00000310315132894997","0,00000001124224024756","0,00000069429264936976","0,00000241365599490508","0,00000013900249909812","0,00000246124687285454","0,00000001271718986893","0,00000109936551903297","0,00000779136948148523","0,00000248731734638708","0,00000723031774632068","0,00000106021775226335"
"-0,41978168082641503800","0,00000001206320862428","0,00000001209835290130","0,00000001206689757333","0,00000001258949619100","0,00000001325386576557","0,00000016067603207705","0,00000003727421408800","0,00000482316990946288","0,00000310513789431992","0,00000001124686895801","0,00000069378003529526","0,00000241175452086368","0,00000013936244136659","0,00000246452465755757","0,00000001270185335924","0,00000109972064782821","0,00000778833418844141","0,00000248577283653501","0,00000722824210184863","0,00000106034395457238"
"-0,41777775818910040100","0,00000001207632429725","0,00000001210300196133","0,00000001207683052908","0,00000001258971297573","0,00000001322128301933","0,00000016045517762306","0,00000003734603291046","0,00000482684752438679","0,00000310848662717011","0,00000001124595959885","0,00000069330114662495","0,00000240817577759693","0,00000013975448390721","0,00000246829821473749","0,00000001268394677511","0,00000110063488381747","0,00000778440102547860","0,00000248322605214957","0,00000722368385359594","0,00000106027362686738"
"-0,41577383555178582000","0,00000001209434703623","0,00000001211115036972","0,00000001209039988342","0,00000001258843150630","0,00000001317579883731","0,00000016016203120758","0,00000003742955682677","0,00000483109638503994","0,00000311319752750053","0,00000001123951217007","0,00000069285598335886","0,00000240291976510483","0,00000014017862671996","0,00000247256754439431","0,00000001266347011653","0,00000110210822700076","0,00000777956999259680","0,00000247967699323075","0,00000721664300156261","0,00000106000676914838"
"-0,41376991291447118300","0,00000001211727684122","0,00000001212279812646","0,00000001210760563636","0,00000001258565178271","0,00000001311741321952","0,00000015979659283062","0,00000003752478583694","0,00000483591649142234","0,00000311927059531118","0,00000001122752667169","0,00000069244454549697","0,00000239598648338739","0,00000014063486980484","0,00000247733264652803","0,00000001264042338350","0,00000110414067737809","0,00000777384108979601","0,00000247512565977856","0,00000720711954574863","0,00000105954338141535"
"-0,41176599027715654600","0,00000001214511371223","0,00000001213794523155","0,00000001212844778790","0,00000001258137380498","0,00000001304612616595","0,00000015935886249216","0,00000003763171994097","0,00000484130784353398","0,00000312670583060207","0,00000001121000310369","0,00000069206683303929","0,00000238737593244460","0,00000014112321316187","0,00000248259352113864","0,00000001261480657602","0,00000110673223494944","0,00000776721431707623","0,00000246957205179299","0,00000719511348615400","0,00000105888346366832"
"-0,40976206763984190900","0,00000001217785764924","0,00000001215659168499","0,00000001215292633803","0,00000001257559757308","0,00000001296193767659","0,00000015884884019222","0,00000003775035913886","0,00000484727044137488","0,00000313550323337318","0,00000001118694146608","0,00000069172284598582","0,00000237708811227645","0,00000014164365679103","0,00000248835016822615","0,00000001258661969409","0,00000110988289971482","0,00000775968967443745","0,00000246301616927404","0,00000718062482277873","0,00000105802701590726"
"-0,40775814500252727200","0,00000001221550865227","0,00000001217873748679","0,00000001218104128675","0,00000001256832308704","0,00000001286484775146","0,00000015826652593079","0,00000003788070343060","0,00000485380428494503","0,00000314566280362453","0,00000001115834175886","0,00000069141258433655","0,00000236512302288296","0,00000014219620069234","0,00000249460258779056","0,00000001255586273772","0,00000111359267167422","0,00000775126716187969","0,00000245545801222172","0,00000716365355562282","0,00000105697403813219"
"-0,40575422236521263600","0,00000001225806672131","0,00000001220438263694","0,00000001221279263407","0,00000001255955034683","0,00000001275485639055","0,00000015761191970786","0,00000003802275281619","0,00000486090937424443","0,00000315718454135611","0,00000001112420398204","0,00000069113604809149","0,00000235148066426412","0,00000014278084486578","0,00000250135077983187","0,00000001252253570691","0,00000111786155082766","0,00000774194677940294","0,00000244689758063603","0,00000714419968468626","0,00000105572453034310"
"-0,40375029972789799900","0,00000001230553185636","0,00000001223352713544","0,00000001224818037998","0,00000001254927935248","0,00000001263196359386","0,00000015688502152345","0,00000003817650729565","0,00000486858570927308","0,00000317006844656793","0,00000001108452813560","0,00000069089323725064","0,00000233616103641993","0,00000014339758931136","0,00000250859474435007","0,00000001248663860164","0,00000112268953717513","0,00000773172852700720","0,00000243733487451696","0,00000712226320996905","0,00000105427849254000"
"-0,40174637709058336200","0,00000001235790405743","0,00000001226617098229","0,00000001228720452449","0,00000001253751010397","0,00000001249616936140","0,00000015608583137756","0,00000003834196686895","0,00000487683329003098","0,00000318431451925998","0,00000001103931421955","0,00000069068415181399","0,00000231916413935040","0,00000014404643402907","0,00000251633448134517","0,00000001244817142193","0,00000112807663071662","0,00000772061240469247","0,00000242676989386452","0,00000709784413147120","0,00000105263592472288"
"-0,39974245445326878100","0,00000001241058724535","0,00000001229914030899","0,00000001232656905376","0,00000001252564217604","0,00000001235901586640","0,00000015528274475889","0,00000003850802822262","0,00000488503301710073","0,00000319866473832356","0,00000001099392276744","0,00000069047763877968","0,00000230205772754292","0,00000014468793772597","0,00000252402906234387","0,00000001240971809016","0,00000113353193724463","0,00000770949921577013","0,00000241613082282416","0,00000707317197733016","0,00000105096184403712"
"-0,39773853181595414400","0,00000001245898534099","0,00000001232926124702","0,00000001236297795396","0,00000001251507514342","0,00000001223204528213","0,00000015454415715616","0,00000003866358804315","0,00000489256579106496","0,00000321186108265000","0,00000001095371431283","0,00000069024254514581","0,00000228640955548490","0,00000014528265910907","0,00000253113755887285","0,00000001237386252871","0,00000113856456255163","0,00000769928976355157","0,00000240634584554133","0,00000705047627568338","0,00000104942126762810"
"-0,39573460917863950700","0,00000001250309834433","0,00000001235653379637","0,00000001239643122509","0,00000001250580900611","0,00000001211525760859","0,00000015387006856938","0,00000003880864633054","0,00000489943161192366","0,00000322390355223929","0,00000001091868885571","0,00000068997887091241","0,00000227221962317635","0,00000014583059817840","0,00000253765997093211","0,00000001234060473760","0,00000114317450663763","0,00000768998404803678","0,00000239741496201605","0,00000702975702653087","0,00000104801419549581"
"-0,39373068654132487000","0,00000001254292625539","0,00000001238095795707","0,00000001242692886716","0,00000001249784376412","0,00000001200865284577","0,00000015326047899855","0,00000003894320308480","0,00000490563047967682","0,00000323479214709143","0,00000001088884639609","0,00000068968661607945","0,00000225948793061726","0,00000014633175493393","0,00000254359629852166","0,00000001230994471681","0,00000114736176950263","0,00000768158206922576","0,00000238933817224830","0,00000701101422987261","0,00000104674062764026"
"-0,39172676390401023300","0,00000001257846907416","0,00000001240253372909","0,00000001245447088015","0,00000001249117941743","0,00000001191223099368","0,00000015271538844366","0,00000003906725830591","0,00000491116239432446","0,00000324452686720642","0,00000001086418693397","0,00000068936578064695","0,00000224821447780763","0,00000014678612937569","0,00000254894654164150","0,00000001228188246635","0,00000115112635114662","0,00000767408382711852","0,00000238211547623809","0,00000699424788570862","0,00000104560056406144"
"-0,38972284126669559600","0,00000001260972680064","0,00000001242126111244","0,00000001247905726407","0,00000001248581596606","0,00000001182599205231","0,00000015223479690472","0,00000003918081199389","0,00000491602735586656","0,00000325310771258426","0,00000001084471046934","0,00000068901636461491","0,00000223839926474747","0,00000014719372150365","0,00000255371070029162","0,00000001225641798622","0,00000115446825156960","0,00000766748932171505","0,00000237574687398542","0,00000697945799403889","0,00000104459400475936"
"-0,38771891862938096000","0,00000001263669943483","0,00000001243714010713","0,00000001250068801893","0,00000001248175341000","0,00000001174993602167","0,00000015181870438173","0,00000003928386414873","0,00000492022536430314","0,00000326053468322496","0,00000001083041700221","0,00000068863836798331","0,00000223004229143677","0,00000014755453131784","0,00000255788877447203","0,00000001223355127642","0,00000115738747077158","0,00000766179855301535","0,00000237023236549029","0,00000696664455486343","0,00000104372094973401"
"-0,38571499599206637800","0,00000001265938697674","0,00000001245017071314","0,00000001251936314471","0,00000001247899174925","0,00000001168406290175","0,00000015146711087468","0,00000003937641477043","0,00000492375641963418","0,00000326680777912850","0,00000001082130653257","0,00000068823179075217","0,00000222314355787553","0,00000014786855881823","0,00000256148076418272","0,00000001221328233694","0,00000115988400875256","0,00000765701152101943","0,00000236557195075269","0,00000695580756818223","0,00000104298139898540"
"-0,38371107335475174200","0,00000001267778942635","0,00000001246035293049","0,00000001253508264142","0,00000001247753098382","0,00000001162837269256","0,00000015118001638357","0,00000003945846385899","0,00000492662052185969","0,00000327192700029489","0,00000001081737906043","0,00000068779663292149","0,00000221770306406376","0,00000014813580400485","0,00000256448666942370","0,00000001219561116780","0,00000116195786551253","0,00000765312822572728","0,00000236176562977264","0,00000694694703399529","0,00000104237535251352"
"-0,38170715071743710500","0,00000001269190678367","0,00000001246768675917","0,00000001254784650907","0,00000001247737111370","0,00000001158286539409","0,00000015095742090841","0,00000003953001141442","0,00000492881767097967","0,00000327589234672413","0,00000001081863458579","0,00000068733289449126","0,00000221372081000145","0,00000014835626687767","0,00000256690649019496","0,00000001218053776898","0,00000116360904105150","0,00000765014866713890","0,00000235881340255012","0,00000694006295230261","0,00000104190281031838"
"-0,37970322808012246800","0,00000001270173904871","0,00000001247217219918","0,00000001255765474765","0,00000001247851213888","0,00000001154754100635","0,00000015079932444920","0,00000003959105743671","0,00000493034786699412","0,00000327870381841623","0,00000001082507310864","0,00000068684057546148","0,00000221119679568860","0,00000014852994743671","0,00000256874022649651","0,00000001216806214049","0,00000116483753536946","0,00000764807284525430","0,00000235671526908514","0,00000693515532310419","0,00000104156377239997"
"-0,37769930544280783100","0,00000001270728622145","0,00000001247380925053","0,00000001256450735715","0,00000001248095405939","0,00000001152239952933","0,00000015070572700593","0,00000003964160192585","0,00000493121110990304","0,00000328036141537117","0,00000001083669462898","0,00000068631967583216","0,00000221013102112521","0,00000014865684568197","0,00000256998787832835","0,00000001215818428233","0,00000116564334846642","0,00000764690076007347","0,00000235547122937770","0,00000693222414640004","0,00000104135823875829"
"-0,37569538280549319400","0,00000001270854830191","0,00000001247259791320","0,00000001256840433759","0,00000001248469687520","0,00000001150744096304","0,00000015067662857861","0,00000003968164488186","0,00000493140739970643","0,00000328086513758897","0,00000001085349914683","0,00000068577019560329","0,00000221052348631129","0,00000014873696161344","0,00000257064944569047","0,00000001215090419450","0,00000116602648034238","0,00000764663241159642","0,00000235508128342780","0,00000693126942219015","0,00000104128620939336"
"-0,37369146016817855700","0,00000001270552529008","0,00000001246853818721","0,00000001256934568896","0,00000001248974058632","0,00000001150266530748","0,00000015071202916723","0,00000003971118630474","0,00000493093673640429","0,00000328021498506962","0,00000001087548666216","0,00000068519213477487","0,00000221237419124683","0,00000014877029523113","0,00000257072492858288","0,00000001214622187699","0,00000116598693099733","0,00000764726779982314","0,00000235554543123543","0,00000693229115047453","0,00000104134768430515"
"-0,37168753753086392100","0,00000001269821718596","0,00000001246163007255","0,00000001256733141125","0,00000001249608519276","0,00000001150807256264","0,00000015081192877180","0,00000003973022619447","0,00000492979911999662","0,00000327841095781311","0,00000001090265717500","0,00000068458549334691","0,00000221568313593184","0,00000014875684653503","0,00000257021432700557","0,00000001214413732981","0,00000116552470043127","0,00000764880692475363","0,00000235686367280060","0,00000693528933125317","0,00000104154266349369"
"-0,36968361489354933900","0,00000001268662398955","0,00000001245187356922","0,00000001256236150448","0,00000001250373069451","0,00000001152366272853","0,00000015097632739232","0,00000003973876455107","0,00000492799455048342","0,00000327545305581946","0,00000001093501068533","0,00000068395027131940","0,00000222045032036631","0,00000014869661552515","0,00000256911764095855","0,00000001214465055297","0,00000116463978864421","0,00000765124978638789","0,00000235903600812332","0,00000694026396452607","0,00000104187114695895"
"-0,36767969225623470200","0,00000001267074570085","0,00000001243926867722","0,00000001255443596864","0,00000001251267709157","0,00000001154943580514","0,00000015120522502878","0,00000003973680137452","0,00000492552302786468","0,00000327134127908866","0,00000001097254719315","0,00000068328646869235","0,00000222667574455024","0,00000014858960220148","0,00000256743487044181","0,00000001214776154645","0,00000116333219563615","0,00000765459638472593","0,00000236206243720357","0,00000694721505029323","0,00000104233313470096"
"-0,36567576961892006600","0,00000001265058231986","0,00000001242381539656","0,00000001254355480373","0,00000001252292438394","0,00000001158539179247","0,00000015149862168119","0,00000003972433666484","0,00000492238455214042","0,00000326607562762071","0,00000001101526669847","0,00000068259408546575","0,00000223435940848364","0,00000014843580656402","0,00000256516601545536","0,00000001215347031025","0,00000116160192140708","0,00000765884671976775","0,00000236594296004135","0,00000695614258855466","0,00000104292862671970"
"-0,36367184698160542900","0,00000001262613384658","0,00000001240551372722","0,00000001252971800975","0,00000001253447257163","0,00000001163153069054","0,00000015185651734954","0,00000003970137042202","0,00000491857912331062","0,00000325965610141561","0,00000001106316920129","0,00000068187312163960","0,00000224350131216649","0,00000014823522861278","0,00000256231107599919","0,00000001216177684439","0,00000115944896595701","0,00000766400079151333","0,00000237067757663668","0,00000696704657931034","0,00000104365762301517"
"-0,36166792434429079200","0,00000001259740028102","0,00000001238436366922","0,00000001251292558670","0,00000001254732165463","0,00000001168785249932","0,00000015227891203384","0,00000003966790264607","0,00000491410674137530","0,00000325208270047336","0,00000001111625470160","0,00000068112357721391","0,00000225410145559882","0,00000014798786834776","0,00000255887005207331","0,00000001217268114886","0,00000115687332928593","0,00000767005859996269","0,00000237626628698955","0,00000697992702256029","0,00000104452012358738"
"-0,35966400170697615500","0,00000001256438162316","0,00000001236036522255","0,00000001249317753458","0,00000001256147163294","0,00000001175435721884","0,00000015276580573408","0,00000003962393333697","0,00000490896740633444","0,00000324335542479396","0,00000001117452319941","0,00000068034545218867","0,00000226615983878060","0,00000014769372576895","0,00000255484294367772","0,00000001218618322365","0,00000115387501139385","0,00000767702014511583","0,00000238270909109995","0,00000699478391830451","0,00000104551612843632"
"-0,35766007906966151800","0,00000001252707787302","0,00000001233351838721","0,00000001247047385339","0,00000001257692250656","0,00000001183104484907","0,00000015331719845027","0,00000003956946249474","0,00000490316111818806","0,00000323347427437741","0,00000001123797469472","0,00000067953874656389","0,00000227967646171185","0,00000014735280087635","0,00000255022975081241","0,00000001220228306877","0,00000115045401228077","0,00000768488542697273","0,00000239000598896789","0,00000701161726654299","0,00000104664563756200"
"-0,35565615643234693700","0,00000001248548903059","0,00000001230382316320","0,00000001244481454314","0,00000001259367427549","0,00000001191791539004","0,00000015393309018240","0,00000003950449011937","0,00000489668787693614","0,00000322243924922371","0,00000001130660918752","0,00000067870346033956","0,00000229465132439256","0,00000014696509366997","0,00000254503047347739","0,00000001222098068422","0,00000114661033194668","0,00000769365444553341","0,00000239815698059337","0,00000703042706727572","0,00000104790865096441"
"-0,35365223379503230000","0,00000001243961509586","0,00000001227127955053","0,00000001241619960381","0,00000001261172693974","0,00000001201496884173","0,00000015461348093048","0,00000003942901621086","0,00000488954768257869","0,00000321025034933286","0,00000001138042667781","0,00000067783959351568","0,00000231108442682273","0,00000014653060414981","0,00000253924511167265","0,00000001224227607000","0,00000114234397039158","0,00000770332720079787","0,00000240716206597639","0,00000705121332050273","0,00000104930516864356"
"-0,35164831115771766300","0,00000001238945606885","0,00000001223588754918","0,00000001238462903541","0,00000001263108049929","0,00000001212220520414","0,00000015535837069451","0,00000003934304076921","0,00000488174053511571","0,00000319690757470487","0,00000001145942716560","0,00000067694714609226","0,00000232897576900237","0,00000014604933231586","0,00000253287366539820","0,00000001226616922610","0,00000113765492761548","0,00000771390369276610","0,00000241702124511694","0,00000707397602622399","0,00000105083519059944"
"-0,34964438852040302700","0,00000001233905676198","0,00000001220052330432","0,00000001235257300016","0,00000001265020053659","0,00000001223063348026","0,00000015610616317352","0,00000003925253971002","0,00000487389573941245","0,00000318354538546659","0,00000001153862778268","0,00000067605430039309","0,00000234691076856396","0,00000014556913031599","0,00000252646362633044","0,00000001229068625167","0,00000113295832764649","0,00000772451857269188","0,00000242690131296295","0,00000709675945251926","0,00000105236081187768"
"-0,34764046588308839000","0,00000001229246198768","0,00000001216806296108","0,00000001232250166027","0,00000001266755263405","0,00000001233126267307","0,00000015679526206655","0,00000003916348894888","0,00000486664260033414","0,00000317129824174490","0,00000001161304566082","0,00000067518923874198","0,00000236347484314000","0,00000014513785029809","0,00000252056248614579","0,00000001231385324584","0,00000112866929451271","0,00000773430649182900","0,00000243596906446231","0,00000711760786746827","0,00000105374412752391"
"-0,34563654324577375300","0,00000001224967174594","0,00000001213850651946","0,00000001229441501573","0,00000001268313679167","0,00000001242409278257","0,00000015742566737361","0,00000003907588848578","0,00000485998111788079","0,00000316016614353980","0,00000001168268080003","0,00000067435196113893","0,00000237866799273048","0,00000014475549226215","0,00000251517024484423","0,00000001233567020860","0,00000112478782821414","0,00000774326745017745","0,00000244422449961503","0,00000713652127107102","0,00000105498513753811"
"-0,34363262060845911600","0,00000001221068603678","0,00000001211185397947","0,00000001226831306655","0,00000001269695300945","0,00000001250912380875","0,00000015799737909469","0,00000003898973832073","0,00000485391129205239","0,00000315014909085128","0,00000001174753320032","0,00000067354246758394","0,00000239249021733540","0,00000014442205620817","0,00000251028690242577","0,00000001235613713995","0,00000112131392875078","0,00000775140144773724","0,00000245166761842111","0,00000715349966332751","0,00000105608384192030"
"-0,34162869797114447900","0,00000001217550486018","0,00000001208810534111","0,00000001224419581274","0,00000001270900128740","0,00000001258635575163","0,00000015851039722979","0,00000003890503845374","0,00000484843312284895","0,00000314124708367936","0,00000001180760286167","0,00000067276075807700","0,00000240494151695477","0,00000014413754213615","0,00000250591245889042","0,00000001237525403991","0,00000111824759612264","0,00000775870848450837","0,00000245829842088055","0,00000716854304423774","0,00000105704024067047"
"-0,33962477533382989800","0,00000001214412821615","0,00000001206726060437","0,00000001222206325427","0,00000001271928162551","0,00000001265578861119","0,00000015896472177892","0,00000003882178888479","0,00000484354661027047","0,00000313346012202402","0,00000001186288978409","0,00000067200683261812","0,00000241602189158859","0,00000014390195004609","0,00000250204691423816","0,00000001239302090846","0,00000111558883032971","0,00000776518856049083","0,00000246411690699335","0,00000718165141380171","0,00000105785433378862"
"-0,33762085269651526100","0,00000001211655610469","0,00000001204931976925","0,00000001220191539117","0,00000001272779402379","0,00000001271742238744","0,00000015936035274207","0,00000003873998961389","0,00000483925175431694","0,00000312678820588527","0,00000001191339396758","0,00000067128069120729","0,00000242573134123684","0,00000014371527993799","0,00000249869026846901","0,00000001240943774561","0,00000111333763137200","0,00000777084167568463","0,00000246912307675950","0,00000719282477201942","0,00000105852612127475"
"-0,33561693005920062400","0,00000001209278852580","0,00000001203428283577","0,00000001218375222343","0,00000001273453848223","0,00000001277125708038","0,00000015969729011924","0,00000003865964064103","0,00000483554855498837","0,00000312123133526310","0,00000001195911541214","0,00000067058233384453","0,00000243406986589955","0,00000014357753181185","0,00000249584252158296","0,00000001242450455135","0,00000111149399924949","0,00000777566783008976","0,00000247331693017901","0,00000720206311889087","0,00000105905560312886"
"-0,33361300742188598800","0,00000001207282547948","0,00000001202214980390","0,00000001216757375104","0,00000001273951500083","0,00000001281729269000","0,00000015997553391044","0,00000003858074196623","0,00000483243701228476","0,00000311678951015753","0,00000001200005411777","0,00000066991176052982","0,00000244103746557670","0,00000014348870566767","0,00000249350367358001","0,00000001243822132569","0,00000111005793396220","0,00000777966702370623","0,00000247669846725189","0,00000720936645441606","0,00000105944277935095"
"-0,33160908478457135100","0,00000001205666696573","0,00000001201292067366","0,00000001215337997402","0,00000001274272357959","0,00000001285552921632","0,00000016019508411566","0,00000003850329358948","0,00000482991712620610","0,00000311346273056854","0,00000001203621008447","0,00000066926897126317","0,00000244663414026829","0,00000014344880150545","0,00000249167372446015","0,00000001245058806863","0,00000110902943551012","0,00000778283925653404","0,00000247926768797812","0,00000721473477859499","0,00000105968764994103"
"-0,32960516214725671400","0,00000001204431298454","0,00000001200659544505","0,00000001214117089235","0,00000001274416421852","0,00000001288596665932","0,00000016035594073491","0,00000003842729551077","0,00000482798889675240","0,00000311125099649614","0,00000001206758331223","0,00000066865396604458","0,00000245085988997432","0,00000014345781932520","0,00000249035267422340","0,00000001246160478016","0,00000110840850389326","0,00000778518452857318","0,00000248102459235771","0,00000721816809142767","0,00000105979021489909"
"-0,32760123950994207700","0,00000001203576353593","0,00000001200317411806","0,00000001213094650604","0,00000001274383691761","0,00000001290860501901","0,00000016045810376817","0,00000003835274773011","0,00000482665232392365","0,00000311015430794032","0,00000001209417380107","0,00000066806674487404","0,00000245371471469480","0,00000014351575912690","0,00000248954052286976","0,00000001247127146029","0,00000110819513911161","0,00000778670283982365","0,00000248196918039065","0,00000721966639291408","0,00000105975047422513"
"-0,32559731687262749600","0,00000001203101861988","0,00000001200265669270","0,00000001212270681508","0,00000001274174167687","0,00000001292344429539","0,00000016050157321546","0,00000003827965024750","0,00000482590740771987","0,00000311017266490110","0,00000001211598155098","0,00000066750730775156","0,00000245519861442973","0,00000014362262091056","0,00000248923727039921","0,00000001247958810901","0,00000110838934116517","0,00000778739419028547","0,00000248210145207696","0,00000721922968305424","0,00000105956842791915"
"-0,32359339423531285900","0,00000001203007823640","0,00000001200504316896","0,00000001211645181949","0,00000001273787849628","0,00000001293048448846","0,00000016048634907678","0,00000003820800306294","0,00000482575414814103","0,00000311130606737846","0,00000001213300656195","0,00000066697565467714","0,00000245531158917910","0,00000014377840467619","0,00000248944291681176","0,00000001248655472634","0,00000110899111005394","0,00000778725857995861","0,00000248142140741662","0,00000721685796184813","0,00000105924407598115"
"-0,32158947159799822200","0,00000001203294238549","0,00000001201033354685","0,00000001211218151926","0,00000001273224737586","0,00000001292972559821","0,00000016041243135212","0,00000003813780617643","0,00000482619254518716","0,00000311355451537241","0,00000001214524883400","0,00000066647178565078","0,00000245405363894291","0,00000014398311042377","0,00000249015746210741","0,00000001249217131226","0,00000111000044577793","0,00000778629600884310","0,00000247992904640965","0,00000721255122929577","0,00000105877741841113"
"-0,31958554896068358500","0,00000001203961106715","0,00000001201852782636","0,00000001210989591438","0,00000001272484831561","0,00000001292116762465","0,00000016027982004148","0,00000003806905958797","0,00000482722259885824","0,00000311691800888295","0,00000001215270836711","0,00000066599570067247","0,00000245142476372117","0,00000014423673815332","0,00000249138090628617","0,00000001249643786677","0,00000111141734833713","0,00000778450647693892","0,00000247762436905603","0,00000720630948539715","0,00000105816845520910"
"-0,31758162632336894800","0,00000001205008428137","0,00000001202962600750","0,00000001210959500486","0,00000001271568131552","0,00000001290481056779","0,00000016008851514486","0,00000003800176329755","0,00000482884430915428","0,00000312139654791007","0,00000001215538516130","0,00000066554739974222","0,00000244742496351387","0,00000014453928786482","0,00000249311324934802","0,00000001249935438988","0,00000111324181773154","0,00000778188998424608","0,00000247450737535577","0,00000719813273015227","0,00000105741718637504"
"-0,31557770368605431200","0,00000001206436202817","0,00000001204362809026","0,00000001211127879070","0,00000001270474637559","0,00000001288065442761","0,00000015983851666227","0,00000003793591730519","0,00000483105767607527","0,00000312699013245378","0,00000001215327921655","0,00000066512688286003","0,00000244205423832102","0,00000014489075955829","0,00000249535449129298","0,00000001250092088159","0,00000111547385396117","0,00000777844653076457","0,00000247057806530887","0,00000718802096356112","0,00000105652361190897"
"-0,31357378104873967500","0,00000001208244430753","0,00000001206053407465","0,00000001211494727190","0,00000001269204349582","0,00000001284869920411","0,00000015952982459370","0,00000003787152161087","0,00000483386269962123","0,00000313369876251408","0,00000001214639053287","0,00000066473415002590","0,00000243531258814261","0,00000014529115323372","0,00000249810463212103","0,00000001250113734190","0,00000111811345702601","0,00000777417611649440","0,00000246583643891533","0,00000717597418562373","0,00000105548773181088"
"-0,31156985841142503800","0,00000001210433111947","0,00000001208034396066","0,00000001212060044845","0,00000001267757267622","0,00000001280894489731","0,00000015916243893915","0,00000003780857621460","0,00000483725937979213","0,00000314152243809097","0,00000001213471911027","0,00000066436920123982","0,00000242720001297865","0,00000014574046889111","0,00000250136367183219","0,00000001250000377080","0,00000112116062692606","0,00000776907874143556","0,00000246028249617514","0,00000716199239634007","0,00000105430954608077"
"-0,30956593577411045700","0,00000001213002246397","0,00000001210305774830","0,00000001212823832037","0,00000001266133391678","0,00000001276139150719","0,00000015873635969863","0,00000003774708111638","0,00000484124771658800","0,00000315046115918445","0,00000001211826494873","0,00000066403203650180","0,00000241771651282913","0,00000014623870653045","0,00000250513161042645","0,00000001249752016830","0,00000112461536366133","0,00000776315440558806","0,00000245391623708832","0,00000714607559571015","0,00000105298905471864"
"-0,30756201313679582000","0,00000001215951834104","0,00000001212867543756","0,00000001213786088764","0,00000001264332721750","0,00000001270603903377","0,00000015825158687213","0,00000003768703631621","0,00000484582771000882","0,00000316051492579451","0,00000001209702804826","0,00000066372265581184","0,00000240686208769406","0,00000014678586615176","0,00000250940844790381","0,00000001249368653439","0,00000112847766723180","0,00000775640310895190","0,00000244673766165485","0,00000712822378373397","0,00000105152625772450"
"-0,30555809049948118300","0,00000001219281875068","0,00000001215719702845","0,00000001214946815027","0,00000001262355257839","0,00000001264288747703","0,00000015770812045966","0,00000003762844181409","0,00000485099936005460","0,00000317168373792116","0,00000001207100840886","0,00000066344105916993","0,00000239463673757343","0,00000014738194775503","0,00000251419418426427","0,00000001248850286908","0,00000113274753763750","0,00000774882485152707","0,00000243874676987474","0,00000710843696041153","0,00000104992115509833"
"-0,30355416786216654600","0,00000001222992369289","0,00000001218862252097","0,00000001216306010826","0,00000001260200999944","0,00000001257193683697","0,00000015710596046121","0,00000003757129761001","0,00000485676266672533","0,00000318396759556440","0,00000001204020603053","0,00000066318724657608","0,00000238104046246724","0,00000014802695134026","0,00000251948881950783","0,00000001248196917237","0,00000113742497487840","0,00000774041963331357","0,00000242994356174799","0,00000708671512574283","0,00000104817374684015"
"-0,30155024522485190900","0,00000001227083316766","0,00000001222295191511","0,00000001217863676161","0,00000001257869948066","0,00000001249318711361","0,00000015644510687678","0,00000003751560370398","0,00000486311763002102","0,00000319736649872423","0,00000001200462091327","0,00000066296121803029","0,00000236607326237550","0,00000014872087690745","0,00000252529235363449","0,00000001247408544425","0,00000114250997895452","0,00000773118745431142","0,00000242032803727460","0,00000706305827972788","0,00000104628403294995"
"-0,29954632258753727300","0,00000001231209498473","0,00000001225748877483","0,00000001219485725300","0,00000001255549282470","0,00000001241351209560","0,00000015578133692455","0,00000003746797019723","0,00000486954984130156","0,00000321076283926034","0,00000001196803906257","0,00000066273802233334","0,00000235107675709867","0,00000014943405871275","0,00000253116912334589","0,00000001246569627667","0,00000114758058675597","0,00000772189174849714","0,00000241070351403590","0,00000703946273727763","0,00000104441158757461"
"-0,29754239995022263600","0,00000001235025695381","0,00000001228953666408","0,00000001221038072510","0,00000001253426183425","0,00000001233978557160","0,00000015517042782268","0,00000003743500719097","0,00000487554489192685","0,00000322303900903243","0,00000001193424648391","0,00000066249270828600","0,00000233739256643723","0,00000015013683101231","0,00000253668346534368","0,00000001245764626154","0,00000115221483517289","0,00000771329594984729","0,00000240187330961323","0,00000701792481330306","0,00000104271598486101"
"-0,29553847731290799900","0,00000001238531907492","0,00000001231909558287","0,00000001222520717793","0,00000001251500650929","0,00000001227200754162","0,00000015461237957119","0,00000003741671468521","0,00000488110278189687","0,00000323419500804050","0,00000001190324317731","0,00000066222527588826","0,00000232502069039118","0,00000015082919380612","0,00000254183537962786","0,00000001244993539888","0,00000115641272420528","0,00000770540005836186","0,00000239383742400658","0,00000699844450780418","0,00000104119722480915"
"-0,29353455467559341800","0,00000001241728134803","0,00000001234616553119","0,00000001223933661147","0,00000001249772684983","0,00000001221017800565","0,00000015410719217007","0,00000003741309267994","0,00000488622351121165","0,00000324423083628456","0,00000001187502914275","0,00000066193572514014","0,00000231396112896051","0,00000015151114709419","0,00000254662486619841","0,00000001244256368867","0,00000116017425385312","0,00000769820407404085","0,00000238659585721596","0,00000698102182078097","0,00000103985530741902"
"-0,29153063203827878100","0,00000001244614377317","0,00000001237074650905","0,00000001225276902574","0,00000001248242285587","0,00000001215429696370","0,00000015365486561932","0,00000003742414117516","0,00000489090707987116","0,00000325314649376460","0,00000001184960438024","0,00000066162405604164","0,00000230421388214522","0,00000015218269087651","0,00000255105192505535","0,00000001243553113093","0,00000116349942411643","0,00000769170799688427","0,00000238014860924137","0,00000696565675223343","0,00000103869023269064"
"-0,28952670940096414400","0,00000001247190635032","0,00000001239283851645","0,00000001226550442072","0,00000001246909452742","0,00000001210436441576","0,00000015325539991893","0,00000003744986017088","0,00000489515348787542","0,00000326094198048062","0,00000001182696888977","0,00000066129026859274","0,00000229577894994532","0,00000015284382515310","0,00000255511655619868","0,00000001242883772565","0,00000116638823499521","0,00000768591182689212","0,00000237449568008281","0,00000695234930216158","0,00000103770200062399"
"-0,28752278676364950700","0,00000001249456907948","0,00000001241244155338","0,00000001227754279643","0,00000001245774186446","0,00000001206038036183","0,00000015290879506892","0,00000003749024966710","0,00000489896273522443","0,00000326761729643262","0,00000001180712267136","0,00000066093436279346","0,00000228865633236081","0,00000015349454992394","0,00000255881875962838","0,00000001242248347283","0,00000116884068648945","0,00000768081556406439","0,00000236963706974027","0,00000694109947056541","0,00000103689061121909"
"-0,28551886412633487000","0,00000001251413196067","0,00000001242955561984","0,00000001228888415285","0,00000001244836486699","0,00000001202234480192","0,00000015261505106928","0,00000003754530966381","0,00000490233482191817","0,00000327317244162061","0,00000001179006572499","0,00000066055633864378","0,00000228284602939168","0,00000015413486518903","0,00000256215853534448","0,00000001241646837247","0,00000117085677859915","0,00000767641920840108","0,00000236557277821375","0,00000693190725744492","0,00000103625606447592"
"-0,28351494148902023300","0,00000001253059499387","0,00000001244418071584","0,00000001229952848999","0,00000001244096353503","0,00000001199025773602","0,00000015237416792000","0,00000003761504016101","0,00000490526974795667","0,00000327760741604457","0,00000001177579805067","0,00000066015619614372","0,00000227834804103793","0,00000015476477094839","0,00000256513588334695","0,00000001241079242457","0,00000117243651132431","0,00000767272275990220","0,00000236230280550327","0,00000692477266280010","0,00000103579836039449"
"-0,28151101885170559700","0,00000001254395817908","0,00000001245631684138","0,00000001230947580785","0,00000001243553786857","0,00000001196411916414","0,00000015218614562110","0,00000003769944115872","0,00000490776751333990","0,00000328092221970452","0,00000001176431964840","0,00000065973393529328","0,00000227516236729957","0,00000015538426720200","0,00000256775080363581","0,00000001240545562913","0,00000117357988466495","0,00000766972621856774","0,00000235982715160881","0,00000691969568663096","0,00000103551749897481"
"-0,27950709621439101500","0,00000001255422151631","0,00000001246596399645","0,00000001231872610643","0,00000001243208786761","0,00000001194392908627","0,00000015205098417256","0,00000003779851265691","0,00000490982811806788","0,00000328311685260045","0,00000001175563051817","0,00000065928955609244","0,00000227328900817660","0,00000015599335394987","0,00000257000329621106","0,00000001240045798615","0,00000117428689862104","0,00000766742958439771","0,00000235814581653038","0,00000691667632893751","0,00000103541348021686"
"-0,27750317357707637800","0,00000001256138500556","0,00000001247312218106","0,00000001232727938573","0,00000001243061353214","0,00000001192968750242","0,00000015196868357440","0,00000003791225465560","0,00000491145156214060","0,00000328419131473236","0,00000001174973066000","0,00000065882305854121","0,00000227272796366901","0,00000015659203119199","0,00000257189336107269","0,00000001239579949564","0,00000117455755319260","0,00000766583285739210","0,00000235725880026797","0,00000691571458971973","0,00000103548630412065"
"-0,27549925093976174200","0,00000001256544864683","0,00000001247779139520","0,00000001233513564575","0,00000001243111486218","0,00000001192139441258","0,00000015193924382660","0,00000003804066715479","0,00000491263784555807","0,00000328414560610026","0,00000001174662007387","0,00000065833444263960","0,00000227347923377681","0,00000015718029892837","0,00000257342099822070","0,00000001239148015758","0,00000117439184837962","0,00000766493603755091","0,00000235716610282159","0,00000691681046897763","0,00000103573597068618"
"-0,27349532830244710500","0,00000001256641244011","0,00000001247997163887","0,00000001234229488649","0,00000001243359185771","0,00000001191904981676","0,00000015196266492918","0,00000003818375015447","0,00000491338696832028","0,00000328297972670413","0,00000001174629875978","0,00000065782370838760","0,00000227554281849999","0,00000015775815715901","0,00000257458620765510","0,00000001238749997199","0,00000117378978418210","0,00000766473912487415","0,00000235786772419124","0,00000691996396671121","0,00000103616247991344"
"-0,27149140566513246800","0,00000001256427638540","0,00000001247966291208","0,00000001234875710795","0,00000001243804451874","0,00000001192265371495","0,00000015203894688213","0,00000003834150365464","0,00000491369893042724","0,00000328069367654399","0,00000001174876671775","0,00000065729085578521","0,00000227891871783855","0,00000015832560588391","0,00000257538898937588","0,00000001238385893886","0,00000117275136060005","0,00000766524211936181","0,00000235936366437691","0,00000692517508292047","0,00000103676583180245"
"-0,26948748302781783100","0,00000001255904048272","0,00000001247686521483","0,00000001235452231013","0,00000001244447284528","0,00000001193220610715","0,00000015216808968544","0,00000003851392765531","0,00000491357373187894","0,00000327728745561983","0,00000001175402394777","0,00000065673588483243","0,00000228360693179251","0,00000015888264510306","0,00000257582934338304","0,00000001238055705819","0,00000117127657763347","0,00000766644502101390","0,00000236165392337861","0,00000693244381760540","0,00000103754602635320"
"-0,26748356039050319400","0,00000001255070473205","0,00000001247157854711","0,00000001235959049303","0,00000001245287683731","0,00000001194770699337","0,00000015235009333912","0,00000003870102215648","0,00000491301137267538","0,00000327276106393165","0,00000001176207044983","0,00000065615879552927","0,00000228960746036184","0,00000015942927481647","0,00000257590726967659","0,00000001237759432998","0,00000116936543528234","0,00000766834782983041","0,00000236473850119634","0,00000694177017076602","0,00000103850306356568"
"-0,26547963775318855800","0,00000001253926913339","0,00000001246380290892","0,00000001236396165665","0,00000001246325649484","0,00000001196915637361","0,00000015258495784318","0,00000003890278715813","0,00000491201185281657","0,00000326711450147945","0,00000001177290622394","0,00000065555958787572","0,00000229692030354657","0,00000015996549502413","0,00000257562276825653","0,00000001237497075423","0,00000116701793354668","0,00000767095054581135","0,00000236861739783009","0,00000695315414240232","0,00000103963694343991"
"-0,26347571511587397600","0,00000001252473368675","0,00000001245353830028","0,00000001236763580098","0,00000001247561181787","0,00000001199655424785","0,00000015287268319760","0,00000003911922266029","0,00000491057517230250","0,00000326034776826324","0,00000001178653127009","0,00000065493826187177","0,00000230554546134667","0,00000016049130572606","0,00000257497583912284","0,00000001237268633094","0,00000116423407242649","0,00000767425316895671","0,00000237329061327988","0,00000696659573251429","0,00000104094766597587"
"-0,26147179247855933900","0,00000001250709839213","0,00000001244078472116","0,00000001237061292604","0,00000001248994280640","0,00000001202990061612","0,00000015321326940240","0,00000003935032866294","0,00000490870133113317","0,00000325246086428301","0,00000001180294558830","0,00000065429481751744","0,00000231548293376217","0,00000016100670692224","0,00000257396648227554","0,00000001237074106011","0,00000116101385192176","0,00000767825569926650","0,00000237875814754568","0,00000698209494110194","0,00000104243523117357"
"-0,25946786984124470300","0,00000001248636324953","0,00000001242554217158","0,00000001237289303182","0,00000001250624946042","0,00000001206919547839","0,00000015360671645756","0,00000003959610516608","0,00000490639032930859","0,00000324345378953876","0,00000001182214917855","0,00000065362925481273","0,00000232673272079305","0,00000016151169861267","0,00000257259469771463","0,00000001236913494175","0,00000115735727203249","0,00000768295813674071","0,00000238502000062752","0,00000699965176816528","0,00000104409963903302"
"-0,25746394720393006600","0,00000001246252825894","0,00000001240781065154","0,00000001237447611831","0,00000001252453177995","0,00000001211443883468","0,00000015405302436309","0,00000003985655216972","0,00000490364216682875","0,00000323332654403049","0,00000001184414204085","0,00000065294157375762","0,00000233929482243931","0,00000016200628079737","0,00000257086048544010","0,00000001236786797584","0,00000115326433275869","0,00000768836048137934","0,00000239207617252538","0,00000701926621370429","0,00000104594088955420"
"-0,25546002456661542900","0,00000001243559342036","0,00000001238759016103","0,00000001237536218553","0,00000001254478976498","0,00000001216563068499","0,00000015455219311900","0,00000004013166967386","0,00000490045684369366","0,00000322207912775820","0,00000001186892417520","0,00000065223177435213","0,00000235316923870096","0,00000016249045347632","0,00000256876384545195","0,00000001236694016240","0,00000114873503410035","0,00000769446273318240","0,00000239992666323927","0,00000704093827771898","0,00000104795898273712"
"-0,25345610192930079200","0,00000001240555873381","0,00000001236488070006","0,00000001237555123346","0,00000001256702341550","0,00000001222277102931","0,00000015510422272527","0,00000004042145767849","0,00000489683435990331","0,00000320971154072190","0,00000001189649558160","0,00000065149985659625","0,00000236835596957799","0,00000016296421664952","0,00000256630477775019","0,00000001236635150142","0,00000114376937605747","0,00000770126489214988","0,00000240857147276918","0,00000706466796020935","0,00000105015391858178"
"-0,25145217929198615500","0,00000001237242419927","0,00000001233968226862","0,00000001237504326211","0,00000001259123273153","0,00000001228585986765","0,00000015570911318191","0,00000004072591618361","0,00000489277471545770","0,00000319622378292157","0,00000001192685626004","0,00000065074582048998","0,00000238485501507041","0,00000016342757031699","0,00000256348328233481","0,00000001236610199290","0,00000113836735863006","0,00000770876695828179","0,00000241801060111512","0,00000709045526117539","0,00000105252569708818"
"-0,24944825665467154600","0,00000001233925527098","0,00000001231439753635","0,00000001237462728216","0,00000001261541131832","0,00000001234926590730","0,00000015631624685143","0,00000004102902667088","0,00000488861276158370","0,00000318274052888553","0,00000001195734078191","0,00000064999194046730","0,00000240138514512279","0,00000016385176462979","0,00000256057133325072","0,00000001236628870571","0,00000113298591267863","0,00000771635388524080","0,00000242746157235928","0,00000711615840244129","0,00000105487682794680"
"-0,24744433401735690900","0,00000001230911740318","0,00000001229142917287","0,00000001237509230428","0,00000001263755278117","0,00000001240735785560","0,00000015687500609633","0,00000004131477062194","0,00000488468334950816","0,00000317038645314208","0,00000001198528371857","0,00000064926049096220","0,00000241666512967969","0,00000016420804973901","0,00000255784090454283","0,00000001236700870874","0,00000112808196906368","0,00000772341062668960","0,00000243614191058387","0,00000713963560583122","0,00000105700982084813"
"-0,24544041138004230000","0,00000001228201059587","0,00000001227077717818","0,00000001237643832846","0,00000001265765712007","0,00000001246013571252","0,00000015738539091661","0,00000004158314803680","0,00000488098647923109","0,00000315916155569122","0,00000001201068507003","0,00000064855147197467","0,00000243069496874112","0,00000016449642564464","0,00000255529199621114","0,00000001236826200198","0,00000112365552778523","0,00000772993718262818","0,00000244405161578887","0,00000716088687134517","0,00000105892467579216"
"-0,24343648874272766400","0,00000001225793484905","0,00000001225244155229","0,00000001237866535471","0,00000001267572433501","0,00000001250759947809","0,00000015784740131226","0,00000004183415891544","0,00000487752215075248","0,00000314906583653294","0,00000001203354483629","0,00000064786488350472","0,00000244347466230708","0,00000016471689234669","0,00000255292460825564","0,00000001237004858543","0,00000111970658884328","0,00000773593355305655","0,00000245119068797429","0,00000717991219898315","0,00000106062139277890"
"-0,24143256610541302700","0,00000001223689016272","0,00000001223642229520","0,00000001238177338303","0,00000001269175442601","0,00000001254974915228","0,00000015826103728330","0,00000004206780325788","0,00000487429036407234","0,00000314009929566724","0,00000001205386301734","0,00000064720072555235","0,00000245500421037756","0,00000016486944984516","0,00000255073874067635","0,00000001237236845909","0,00000111623515223781","0,00000774139973797471","0,00000245755912714013","0,00000719671158874516","0,00000106209997180835"
"-0,23942864346809839000","0,00000001221887653688","0,00000001222271940690","0,00000001238576241342","0,00000001270574739305","0,00000001258658473511","0,00000015862629882972","0,00000004228408106412","0,00000487129111919066","0,00000313226193309414","0,00000001207163961319","0,00000064655899811755","0,00000246528361295257","0,00000016495409814004","0,00000254873439347324","0,00000001237522162296","0,00000111324121796884","0,00000774633573738265","0,00000246315693328638","0,00000721128504063119","0,00000106336041288050"
"-0,23742472083078378100","0,00000001220389397152","0,00000001221133288739","0,00000001239063244587","0,00000001271770323614","0,00000001261810622657","0,00000015894318595151","0,00000004248299233414","0,00000486852441610744","0,00000312555374881362","0,00000001208687462384","0,00000064593970120033","0,00000247431287003211","0,00000016497083723134","0,00000254691156664634","0,00000001237860807705","0,00000111072478603636","0,00000775074155128038","0,00000246798410641306","0,00000722363255464125","0,00000106440271599536"
"-0,23542079819346914400","0,00000001219194246666","0,00000001220226273668","0,00000001239638348039","0,00000001272762195528","0,00000001264431362667","0,00000015921169864869","0,00000004266453706796","0,00000486599025482269","0,00000311997474282568","0,00000001209956804928","0,00000064534283480068","0,00000248209198161618","0,00000016491966711905","0,00000254527026019563","0,00000001238252782134","0,00000110868585644037","0,00000775461717966789","0,00000247204064652016","0,00000723375413077533","0,00000106522688115293"
"-0,23341687555615450700","0,00000001218302202229","0,00000001219550895476","0,00000001240301551698","0,00000001273550355048","0,00000001266520693540","0,00000015943183692125","0,00000004282871526557","0,00000486368863533640","0,00000311552491513034","0,00000001210971988952","0,00000064476839891861","0,00000248862094770477","0,00000016480058780318","0,00000254381047412112","0,00000001238698085585","0,00000110712442918088","0,00000775796262254519","0,00000247532655360767","0,00000724164976903344","0,00000106583290835320"
"-0,23141295291883987000","0,00000001217713263840","0,00000001219107154164","0,00000001241052855564","0,00000001274134802171","0,00000001268078615276","0,00000015960360076918","0,00000004297552692698","0,00000486161955764858","0,00000311220426572758","0,00000001211733014456","0,00000064421639355412","0,00000249389976829789","0,00000016461359928373","0,00000254253220842281","0,00000001239196718057","0,00000110604050425787","0,00000776077787991227","0,00000247784182767560","0,00000724731946941557","0,00000106622079759618"
"-0,22940903028152526100","0,00000001217427431500","0,00000001218895049732","0,00000001241892259637","0,00000001274515536900","0,00000001269105127876","0,00000015972699019250","0,00000004310497205218","0,00000485978302175922","0,00000311001279461740","0,00000001212239881439","0,00000064368681870720","0,00000249792844339554","0,00000016435870156070","0,00000254143546310069","0,00000001239748679551","0,00000110543408167136","0,00000776306295176914","0,00000247958646872395","0,00000725076323192173","0,00000106639054888186"
"-0,22740510764421062400","0,00000001217444705209","0,00000001218914582178","0,00000001242819763916","0,00000001274692559234","0,00000001269600231340","0,00000015980200519119","0,00000004321705064117","0,00000485817902766833","0,00000310895050179982","0,00000001212492589902","0,00000064317967437785","0,00000250070697299771","0,00000016403589463408","0,00000254052023815477","0,00000001240353970065","0,00000110530516142134","0,00000776481783811580","0,00000248056047675273","0,00000725198105655192","0,00000106634216221025"
"-0,22540118500689598800","0,00000001217765084967","0,00000001219165751505","0,00000001243835368403","0,00000001274665869173","0,00000001269563925666","0,00000015982864576527","0,00000004331176269395","0,00000485680757537590","0,00000310901738727482","0,00000001212491139845","0,00000064269496056608","0,00000250223535710441","0,00000016364517850387","0,00000253978653358505","0,00000001241012589600","0,00000110565374350782","0,00000776604253895224","0,00000248076385176192","0,00000725097294330614","0,00000106607563758135"
"-0,22339726236958137900","0,00000001218388570774","0,00000001219648557710","0,00000001244939073096","0,00000001274435466716","0,00000001268996210856","0,00000015980691191472","0,00000004338910821053","0,00000485566866488193","0,00000311021345104240","0,00000001212235531268","0,00000064223267727189","0,00000250251359571564","0,00000016318655317009","0,00000253923434939153","0,00000001241724538157","0,00000110647982793078","0,00000776673705427847","0,00000248019659375152","0,00000724773889218438","0,00000106559097499515"
"-0,22139333973226674200","0,00000001219315162630","0,00000001220363000796","0,00000001246130877995","0,00000001274001351865","0,00000001267897086910","0,00000015973680363956","0,00000004344908719090","0,00000485476229618643","0,00000311253869310258","0,00000001211725764170","0,00000064179282449527","0,00000250154168883140","0,00000016266001863272","0,00000253886368557420","0,00000001242489815735","0,00000110778341469024","0,00000776690138409448","0,00000247885870272155","0,00000724227890318664","0,00000106488817445166"
"-0,21938941709495210500","0,00000001220544860535","0,00000001221309080760","0,00000001247410783102","0,00000001273363524618","0,00000001266266553827","0,00000015961832093978","0,00000004349169963507","0,00000485408846928939","0,00000311599311345534","0,00000001210961838551","0,00000064137540223623","0,00000249931963645168","0,00000016206557489176","0,00000253867454213307","0,00000001243308422334","0,00000110956450378619","0,00000776653552840028","0,00000247675017867200","0,00000723459297631293","0,00000106396723595088"
"-0,21738549445763746800","0,00000001222077664489","0,00000001222486797604","0,00000001248778788415","0,00000001272521984976","0,00000001264104611607","0,00000015945146381537","0,00000004351694554302","0,00000485364718419082","0,00000312057671210068","0,00000001209943754413","0,00000064098041049477","0,00000249584743857649","0,00000016140322194722","0,00000253866691906814","0,00000001244180357954","0,00000111182309521863","0,00000776563948719587","0,00000247387102160286","0,00000722468111156325","0,00000106282815949280"
"-0,21538157182032285900","0,00000001223913574491","0,00000001223896151328","0,00000001250234893936","0,00000001271476732940","0,00000001261411260251","0,00000015923623226635","0,00000004352482491477","0,00000485343844089071","0,00000312628948903862","0,00000001208671511754","0,00000064060784927088","0,00000249112509520583","0,00000016067295979910","0,00000253884081637940","0,00000001245105622596","0,00000111455918898757","0,00000776421326048124","0,00000247022123151415","0,00000721254330893760","0,00000106147094507743"
"-0,21337764918300822200","0,00000001226052590543","0,00000001225537141931","0,00000001251779099663","0,00000001270227768508","0,00000001258186499758","0,00000015897262629270","0,00000004351533775031","0,00000485346223938907","0,00000313313144426914","0,00000001207145110575","0,00000064025771856456","0,00000248515260633969","0,00000015987478844740","0,00000253919623406686","0,00000001246084216259","0,00000111777278509300","0,00000776225684825640","0,00000246580080840585","0,00000719817956843597","0,00000105989559270476"
"-0,21137372654569358500","0,00000001228494712643","0,00000001227409769413","0,00000001253411405596","0,00000001268775091681","0,00000001254430330128","0,00000015866064589443","0,00000004348848404965","0,00000485371857968589","0,00000314110257779224","0,00000001205364550875","0,00000063993001837582","0,00000247792997197809","0,00000015900870789211","0,00000253973317213052","0,00000001247116138942","0,00000112146388353492","0,00000775977025052134","0,00000246060975227797","0,00000718158989005837","0,00000105810210237480"
"-0,20936980390837894900","0,00000001231239940792","0,00000001229514033775","0,00000001255131811737","0,00000001267118702459","0,00000001250142751362","0,00000015830029107155","0,00000004344426381278","0,00000485420746178117","0,00000315020288960793","0,00000001203329832656","0,00000063962474870466","0,00000246945719212100","0,00000015807471813324","0,00000254045163057037","0,00000001248201390647","0,00000112563248431333","0,00000775675346727607","0,00000245464806313051","0,00000716277427380479","0,00000105609047408755"
"-0,20736588127106434000","0,00000001234288274990","0,00000001231849935017","0,00000001256940318084","0,00000001265258600841","0,00000001245323763459","0,00000015789156182404","0,00000004338267703970","0,00000485492888567492","0,00000316043237971621","0,00000001201040955916","0,00000063934190955107","0,00000245973426676845","0,00000015707281917078","0,00000254135160938643","0,00000001249339971373","0,00000113027858742823","0,00000775320649852058","0,00000244791574096347","0,00000714173271967524","0,00000105386070784300"
"-0,20536195863374970300","0,00000001237639715237","0,00000001234417473138","0,00000001258836924639","0,00000001263194786829","0,00000001239973366420","0,00000015743445815192","0,00000004330372373041","0,00000485588285136713","0,00000317179104811708","0,00000001198497920655","0,00000063908150091506","0,00000244876119592043","0,00000015600301100474","0,00000254243310857868","0,00000001250531881121","0,00000113540219287963","0,00000774912934425488","0,00000244041278577685","0,00000711846522766971","0,00000105141280364116"
"-0,20335803599643506600","0,00000001241294261533","0,00000001237216648138","0,00000001260821631399","0,00000001260927260422","0,00000001234091560244","0,00000015692898005517","0,00000004320740388492","0,00000485706935885781","0,00000318427889481053","0,00000001195700726874","0,00000063884352279662","0,00000243653797957693","0,00000015486529363512","0,00000254369612814712","0,00000001251777119889","0,00000114100330066752","0,00000774452200447897","0,00000243213919757065","0,00000709297179778822","0,00000104874676148203"
"-0,20135411335912042900","0,00000001245251913878","0,00000001240247460018","0,00000001262894438367","0,00000001258456021619","0,00000001227678344931","0,00000015637512753380","0,00000004309371750322","0,00000485848840814695","0,00000319789591979657","0,00000001192649374573","0,00000063862797519576","0,00000242306461773795","0,00000015365966706191","0,00000254514066809177","0,00000001253075687679","0,00000114708191079190","0,00000773938447919284","0,00000242309497634487","0,00000706525243003074","0,00000104586258136560"
"-0,19935019072180582000","0,00000001249226771868","0,00000001243241163675","0,00000001264875174366","0,00000001255940921915","0,00000001221254977172","0,00000015581914615018","0,00000004297657979959","0,00000486002104431641","0,00000321151649972634","0,00000001189606708073","0,00000063841586644118","0,00000240954970285474","0,00000015245931652761","0,00000254668264230633","0,00000001254296765499","0,00000115313911113984","0,00000773415499027453","0,00000241403512099795","0,00000703760377499667","0,00000104299916421534"
"-0,19734626808449118300","0,00000001252932935100","0,00000001245929014007","0,00000001266583668221","0,00000001253541812802","0,00000001215342713655","0,00000015530728146665","0,00000004286990598829","0,00000486154831244804","0,00000322401501125100","0,00000001186835571694","0,00000063818820486159","0,00000239720182737853","0,00000015133742727469","0,00000254823796468451","0,00000001255309534359","0,00000115867598959839","0,00000772927175960204","0,00000240571463042836","0,00000701232248328538","0,00000104039541095472"
"-0,19534234544717654600","0,00000001256370403573","0,00000001248311011013","0,00000001268019919931","0,00000001251258694281","0,00000001209941554380","0,00000015483953348323","0,00000004277369606932","0,00000486307021254184","0,00000323539145437055","0,00000001184335965437","0,00000063794499045698","0,00000238602099130932","0,00000015029399930316","0,00000254980663522633","0,00000001256113994258","0,00000116369254616756","0,00000772473478717540","0,00000239813350463610","0,00000698940855489687","0,00000103805132158373"
"-0,19333842280986191000","0,00000001259539177288","0,00000001250387154695","0,00000001269183929497","0,00000001249091566351","0,00000001205051499349","0,00000015441590219990","0,00000004268795004270","0,00000486458674459781","0,00000324564582908497","0,00000001182107889301","0,00000063768622322736","0,00000237600719464710","0,00000014932903261303","0,00000255138865393178","0,00000001256710145198","0,00000116818878084734","0,00000772054407299459","0,00000239129174362116","0,00000696886198983114","0,00000103596689610237"
"-0,19133450017254730000","0,00000001262439256244","0,00000001252157445051","0,00000001270075696918","0,00000001247040429013","0,00000001200672548559","0,00000015403638761667","0,00000004261266790840","0,00000486609790861595","0,00000325477813539428","0,00000001180151343287","0,00000063741190317272","0,00000236716043739188","0,00000014844252720428","0,00000255298402080086","0,00000001257097987177","0,00000117216469363774","0,00000771669961705962","0,00000238518934738354","0,00000695068278808819","0,00000103414213451065"
"-0,18933057753523266400","0,00000001265070640442","0,00000001253621882082","0,00000001270695222195","0,00000001245105282266","0,00000001196804702013","0,00000015370098973355","0,00000004254784966645","0,00000486760370459626","0,00000326278837329848","0,00000001178466327395","0,00000063712203029307","0,00000235948071954366","0,00000014763448307692","0,00000255459273583357","0,00000001257277520196","0,00000117562028453876","0,00000771320141937048","0,00000237982631592324","0,00000693487094966802","0,00000103257703680856"
"-0,18732665489791802700","0,00000001267433329881","0,00000001254780465788","0,00000001271042505328","0,00000001243286126111","0,00000001193447959709","0,00000015340970855052","0,00000004249349531683","0,00000486910413253874","0,00000326967654279756","0,00000001177052841624","0,00000063681660458841","0,00000235296804110243","0,00000014690490023095","0,00000255621479902991","0,00000001257248744255","0,00000117855555355039","0,00000771004947992718","0,00000237520264924027","0,00000692142647457062","0,00000103127160299611"
"-0,18532273226060341800","0,00000001269527324562","0,00000001255633196168","0,00000001271117546317","0,00000001241582960547","0,00000001190602321647","0,00000015316254406760","0,00000004244960485954","0,00000487059919244339","0,00000327544264389152","0,00000001175910885975","0,00000063649562605873","0,00000234762240206820","0,00000014625377866637","0,00000255785021038988","0,00000001257011659353","0,00000118097050067264","0,00000770724379872972","0,00000237131834733462","0,00000691034936279601","0,00000103022583307328"
"-0,18331880962328878100","0,00000001271352624485","0,00000001256180073224","0,00000001270920345161","0,00000001239995785575","0,00000001188267787829","0,00000015295949628477","0,00000004241617829459","0,00000487208888431022","0,00000328008667658037","0,00000001175040460447","0,00000063615909470404","0,00000234344380244097","0,00000014568111838317","0,00000255949896991348","0,00000001256566265492","0,00000118286512590551","0,00000770478437577809","0,00000236817341020630","0,00000690163961434417","0,00000102943972704010"
"-0,18131488698597414400","0,00000001272909229649","0,00000001256421096954","0,00000001270450901860","0,00000001238524601194","0,00000001186444358252","0,00000015280056520205","0,00000004239321562198","0,00000487357320813921","0,00000328360864086410","0,00000001174441565041","0,00000063580701052433","0,00000234043224222074","0,00000014518691938137","0,00000256116107760071","0,00000001255912562670","0,00000118423942924899","0,00000770267121107229","0,00000236576783785529","0,00000689529722921512","0,00000102891328489654"
"-0,17931096434865950700","0,00000001274197140055","0,00000001256356267359","0,00000001269709216416","0,00000001237169407405","0,00000001185132032919","0,00000015268575081942","0,00000004238071684170","0,00000487505216393038","0,00000328600853674272","0,00000001174114199757","0,00000063543937351961","0,00000233858772140750","0,00000014477118166095","0,00000256283653345158","0,00000001255050550887","0,00000118509341070309","0,00000770090430461234","0,00000236410163028161","0,00000689132220740884","0,00000102864650664262"
"-0,17730704171134489800","0,00000001275216355702","0,00000001255985584439","0,00000001268695288827","0,00000001235930204208","0,00000001184330811828","0,00000015261505313690","0,00000004237868195376","0,00000487652575168371","0,00000328728636421622","0,00000001174058364594","0,00000063505618368988","0,00000233791024000126","0,00000014443390522193","0,00000256452533746607","0,00000001253980230145","0,00000118542707026781","0,00000769948365639822","0,00000236317478748526","0,00000688971454892535","0,00000102863939227833"
"-0,17530311907403026100","0,00000001275966876590","0,00000001255309048194","0,00000001267409119093","0,00000001234806991601","0,00000001184040694979","0,00000015258847215447","0,00000004238711095815","0,00000487799397139922","0,00000328744212328461","0,00000001174274059553","0,00000063465744103513","0,00000233839979800202","0,00000014417509006429","0,00000256622748964419","0,00000001252701600442","0,00000118524040794314","0,00000769840926642993","0,00000236298730946623","0,00000689047425376463","0,00000102889194180368"
"-0,17329919643671562500","0,00000001276448702721","0,00000001254326658624","0,00000001265850707215","0,00000001233799769587","0,00000001184261682373","0,00000015260600787215","0,00000004240600385488","0,00000487945682307689","0,00000328647581394788","0,00000001174761284633","0,00000063424314555536","0,00000234005639540977","0,00000014399473618804","0,00000256794298998595","0,00000001251214661780","0,00000118453342372909","0,00000769768113470749","0,00000236353919622452","0,00000689360132192669","0,00000102940415521866"
"-0,17129527379940098800","0,00000001276661834092","0,00000001253038415728","0,00000001264020053193","0,00000001232908538164","0,00000001184993774010","0,00000015266766028993","0,00000004243536064395","0,00000488091430671674","0,00000328438743620603","0,00000001175520039835","0,00000063381329725059","0,00000234288003222452","0,00000014389284359318","0,00000256967183849133","0,00000001249519414157","0,00000118330611762565","0,00000769729926123087","0,00000236483044776013","0,00000689909575341153","0,00000103017603252327"
"-0,16929135116208637900","0,00000001276606270706","0,00000001251444319507","0,00000001261917157027","0,00000001232133297332","0,00000001186236969889","0,00000015277342940780","0,00000004247518132535","0,00000488236642231875","0,00000328117699005907","0,00000001176550325159","0,00000063336789612080","0,00000234687070844627","0,00000014386941227971","0,00000257141403516034","0,00000001247615857573","0,00000118155848963283","0,00000769726364600010","0,00000236686106407307","0,00000690695754821915","0,00000103120757371752"
"-0,16728742852477174200","0,00000001276282012561","0,00000001249544369961","0,00000001259542018716","0,00000001231474047092","0,00000001187991270011","0,00000015292331522578","0,00000004252546589908","0,00000488381316988294","0,00000327684447550699","0,00000001177852140604","0,00000063290694216599","0,00000235202842407502","0,00000014392444224763","0,00000257316957999299","0,00000001245503992030","0,00000117929053975063","0,00000769757428901516","0,00000236963104516333","0,00000691718670634955","0,00000103249877880140"
"-0,16528350588745710500","0,00000001275689059657","0,00000001247338567090","0,00000001256894638261","0,00000001230930787443","0,00000001190256674376","0,00000015311731774386","0,00000004258621436515","0,00000488525454940930","0,00000327138989254980","0,00000001179425486171","0,00000063243043538617","0,00000235835317911076","0,00000014405793349694","0,00000257493847298926","0,00000001243183817526","0,00000117650226797904","0,00000769823119027605","0,00000237314039103092","0,00000692978322780273","0,00000103404964777492"
"-0,16327958325014246800","0,00000001274827411995","0,00000001244826910894","0,00000001253975015661","0,00000001230503518386","0,00000001193033182983","0,00000015335543696203","0,00000004265742672356","0,00000488669056089783","0,00000326481324118749","0,00000001181270361859","0,00000063193837578134","0,00000236584497355351","0,00000014426988602764","0,00000257672071414917","0,00000001240655334062","0,00000117319367431807","0,00000769923434978279","0,00000237738910167583","0,00000694474711257869","0,00000103586018063807"
"-0,16127566061282785900","0,00000001273697069575","0,00000001242009401372","0,00000001250783150917","0,00000001230192239921","0,00000001196320795833","0,00000015363767288031","0,00000004273910297431","0,00000488812120434853","0,00000325711452142006","0,00000001183386767669","0,00000063143076335149","0,00000237450380740325","0,00000014456029983972","0,00000257851630347270","0,00000001237918541638","0,00000116936475876772","0,00000770058376753536","0,00000238237717709806","0,00000696207836067743","0,00000103793037739085"
"-0,15927173797551322200","0,00000001272298032396","0,00000001238886038526","0,00000001247319044029","0,00000001229996952047","0,00000001200119512925","0,00000015396402549869","0,00000004283124311738","0,00000488954647976140","0,00000324829373324752","0,00000001185774703601","0,00000063090759809663","0,00000238432968065998","0,00000014492917493320","0,00000258032524095987","0,00000001234973440253","0,00000116501552132798","0,00000770227944353376","0,00000238810461729762","0,00000698177697209895","0,00000104026023803327"
"-0,15726781533819858500","0,00000001270630300458","0,00000001235456822354","0,00000001243582694996","0,00000001229917654764","0,00000001204429334260","0,00000015433449481716","0,00000004293384715280","0,00000489096638713644","0,00000323835087666986","0,00000001188434169654","0,00000063036888001675","0,00000239532259332371","0,00000014537651130806","0,00000258214752661067","0,00000001231820029909","0,00000116014596199886","0,00000770432137777800","0,00000239457142227449","0,00000700384294684325","0,00000104284976256532"
"-0,15526389270088394900","0,00000001268693873763","0,00000001231721752857","0,00000001239574103819","0,00000001229954348073","0,00000001209250259837","0,00000015474908083574","0,00000004304691508055","0,00000489238092647365","0,00000322728595168709","0,00000001191365165829","0,00000062981460911186","0,00000240748254539445","0,00000014590230896431","0,00000258398316042509","0,00000001228458310604","0,00000115475608078036","0,00000770670957026808","0,00000240177759202870","0,00000702827628491032","0,00000104569895098700"
"-0,15325997006356934000","0,00000001266488752308","0,00000001227680830035","0,00000001235293270498","0,00000001230107031973","0,00000001214582289658","0,00000015520778355442","0,00000004317044690064","0,00000489379009777303","0,00000321509895829920","0,00000001194567692125","0,00000062924478538196","0,00000242080953687217","0,00000014650656790196","0,00000258583214240315","0,00000001224888282339","0,00000114884587767247","0,00000770944402100399","0,00000240972312656022","0,00000705507698630018","0,00000104880780329832"
"-0,15125604742625470300","0,00000001264014936096","0,00000001223334053887","0,00000001230740195032","0,00000001230375706465","0,00000001220425423720","0,00000015571060297319","0,00000004330444261306","0,00000489519390103458","0,00000320178989650620","0,00000001198041748543","0,00000062865940882704","0,00000243530356775690","0,00000014718928812099","0,00000258769447254484","0,00000001221109945113","0,00000114241535267520","0,00000771252472998574","0,00000241840802586907","0,00000708424505101281","0,00000105217631949927"
"-0,14925212478894006600","0,00000001261521494828","0,00000001219068916549","0,00000001226252236208","0,00000001230694735357","0,00000001226296724241","0,00000015621547057489","0,00000004343821234848","0,00000489648619918250","0,00000318846218056143","0,00000001201561895124","0,00000062807201156742","0,00000244985375666305","0,00000014790101507300","0,00000258945688852599","0,00000001217394045087","0,00000113600119649057","0,00000771570673207238","0,00000242711650454062","0,00000711336852427372","0,00000105552761479811"
"-0,14724820215162545700","0,00000001259257498207","0,00000001215272910154","0,00000001222166752812","0,00000001230998482456","0,00000001231713253436","0,00000015668031784233","0,00000004356106623755","0,00000489756085514097","0,00000317621922471825","0,00000001204902691910","0,00000062749612572341","0,00000246334922220506","0,00000014859229420957","0,00000259100612802242","0,00000001214011328419","0,00000113014009982060","0,00000771874506212297","0,00000243513277716024","0,00000714003545130841","0,00000105858480440310"
"-0,14524427951431082000","0,00000001257222946235","0,00000001211946034702","0,00000001218483744844","0,00000001231286947762","0,00000001236675011304","0,00000015710514477551","0,00000004367300428029","0,00000489841786891000","0,00000316506102897666","0,00000001208064138899","0,00000062693175129500","0,00000247578996438292","0,00000014926312553072","0,00000259234219103414","0,00000001210961795109","0,00000112483206266530","0,00000772163972013750","0,00000244245684372794","0,00000716424583211686","0,00000106134788831425"
"-0,14324035687699618300","0,00000001255417838910","0,00000001209088290193","0,00000001215203212303","0,00000001231560131276","0,00000001241181997846","0,00000015748995137443","0,00000004377402647668","0,00000489905724048959","0,00000315498759333666","0,00000001211046236093","0,00000062637888828221","0,00000248717598319664","0,00000014991350903643","0,00000259346507756115","0,00000001208245445158","0,00000112007708502467","0,00000772439070611597","0,00000244908870424371","0,00000718599966669908","0,00000106381686653154"
"-0,14123643423968154600","0,00000001253842176233","0,00000001206699676627","0,00000001212325155191","0,00000001231818032998","0,00000001245234213062","0,00000015783473763908","0,00000004386413282673","0,00000489947896987973","0,00000314599891779825","0,00000001213848983491","0,00000062583753668502","0,00000249750727864621","0,00000015054344472671","0,00000259437478760344","0,00000001205862278565","0,00000111587516689870","0,00000772699802005839","0,00000245502835870755","0,00000720529695505508","0,00000106599173905499"
"-0,13923251160236693700","0,00000001252495958203","0,00000001204780194005","0,00000001209849573507","0,00000001232060652927","0,00000001248831656952","0,00000015813950356948","0,00000004394332333043","0,00000489968305708044","0,00000313809500236142","0,00000001216472381094","0,00000062530769650344","0,00000250678385073164","0,00000015115293260155","0,00000259507132116102","0,00000001203812295331","0,00000111222630828739","0,00000772946166196476","0,00000246027580711947","0,00000722213769718485","0,00000106787250588459"
"-0,13722858896505230100","0,00000001251379184822","0,00000001203329842326","0,00000001207776467250","0,00000001232287991063","0,00000001251974329515","0,00000015840424916562","0,00000004401159798780","0,00000489966950209169","0,00000313127584702618","0,00000001218916428901","0,00000062478936773747","0,00000251500569945292","0,00000015174197266096","0,00000259555467823389","0,00000001202095495454","0,00000110913050919075","0,00000773178163183507","0,00000246483104947946","0,00000723652189308838","0,00000106945916702033"
"-0,13522466632773766400","0,00000001250491856088","0,00000001202348621590","0,00000001206105836422","0,00000001232500047407","0,00000001254662230752","0,00000015862897442750","0,00000004406895679882","0,00000489943830491351","0,00000312554145179254","0,00000001221181126912","0,00000062428255038711","0,00000252217282481006","0,00000015231056490495","0,00000259582485882205","0,00000001200711878937","0,00000110658776960878","0,00000773395792966932","0,00000246869408578753","0,00000724844954276569","0,00000107075172246223"
"-0,13322074369042302700","0,00000001249833972002","0,00000001201836531797","0,00000001204837681021","0,00000001232696821958","0,00000001256895360663","0,00000015881367935512","0,00000004411539976350","0,00000489898946554588","0,00000312089181666048","0,00000001223266475127","0,00000062378724445236","0,00000252828522680306","0,00000015285870933349","0,00000259588186292549","0,00000001199661445777","0,00000110459808954147","0,00000773599055546752","0,00000247186491604367","0,00000725792064621677","0,00000107175017221028"
"-0,13121682105310841800","0,00000001249405532564","0,00000001201793572948","0,00000001203972001048","0,00000001232878314717","0,00000001258673719248","0,00000015895836394848","0,00000004415092688183","0,00000489832298398881","0,00000311732694163001","0,00000001225172473547","0,00000062330344993321","0,00000253334290543191","0,00000015338640594661","0,00000259572569054422","0,00000001198944195976","0,00000110316146898883","0,00000773787950922967","0,00000247434354024788","0,00000726493520344163","0,00000107245451626448"
"-0,12921289841579378100","0,00000001249206537773","0,00000001202219745042","0,00000001203508796503","0,00000001233044525683","0,00000001259997306506","0,00000015906302820758","0,00000004417553815383","0,00000489743886024230","0,00000311484682670112","0,00000001226899122171","0,00000062283116682968","0,00000253734586069661","0,00000015389365474429","0,00000259535634167823","0,00000001198560129533","0,00000110227790795085","0,00000773962479095576","0,00000247612995840017","0,00000726949321444025","0,00000107286475462483"
"-0,12720897577847914400","0,00000001249236987630","0,00000001203115048079","0,00000001203448067387","0,00000001233195454857","0,00000001260866122439","0,00000015912767213242","0,00000004418923357948","0,00000489633709430635","0,00000311345147187383","0,00000001228446420999","0,00000062237039514175","0,00000254029409259717","0,00000015438045572654","0,00000259477381632753","0,00000001198509246448","0,00000110194740642754","0,00000774122640064580","0,00000247722417050054","0,00000727159467921264","0,00000107298088729133"
"-0,12520505314116450700","0,00000001249496882135","0,00000001204479482059","0,00000001203789813698","0,00000001233331102239","0,00000001261280167045","0,00000015915229572300","0,00000004419201315879","0,00000489501768618095","0,00000311314087714812","0,00000001229814370032","0,00000062192113486943","0,00000254218760113359","0,00000015484680889336","0,00000259397811449212","0,00000001198791546722","0,00000110216996441889","0,00000774268433829978","0,00000247762617654897","0,00000727123959775881","0,00000107280291426398"
"-0,12320113050384988400","0,00000001249986221288","0,00000001206313046982","0,00000001204534035437","0,00000001233451467827","0,00000001261239440324","0,00000015913689897932","0,00000004418387689175","0,00000489348063586611","0,00000311391504252401","0,00000001231002969269","0,00000062148338601272","0,00000254302638630586","0,00000015529271424475","0,00000259296923617200","0,00000001199407030354","0,00000110294558192491","0,00000774399860391770","0,00000247733597654548","0,00000726842797007875","0,00000107233083554278"
"-0,12119720786653526100","0,00000001250705005088","0,00000001208615742849","0,00000001205680732604","0,00000001233556551624","0,00000001260743942278","0,00000015908148190138","0,00000004416482477838","0,00000489172594336183","0,00000311577396800148","0,00000001232012218710","0,00000062105714857161","0,00000254281044811399","0,00000015571817178070","0,00000259174718136716","0,00000001200355697345","0,00000110427425894560","0,00000774516919749957","0,00000247635357049007","0,00000726315979617246","0,00000107156465112774"
"-0,11919328522922063800","0,00000001251653233536","0,00000001211387569658","0,00000001207229905198","0,00000001233646353627","0,00000001259793672905","0,00000015898604448918","0,00000004413485681866","0,00000488975360866810","0,00000311871765358054","0,00000001232842118356","0,00000062064242254612","0,00000254153978655797","0,00000015612318150122","0,00000259031195007761","0,00000001201637547694","0,00000110615599548095","0,00000774619611904539","0,00000247467895838273","0,00000725543507603993","0,00000107050436101884"
"-0,11718936259190600200","0,00000001252830906632","0,00000001214628527412","0,00000001209181553221","0,00000001233720873839","0,00000001258388632206","0,00000015885058674272","0,00000004409397301259","0,00000488756363178493","0,00000312274609926119","0,00000001233492668205","0,00000062023920793623","0,00000253921440163781","0,00000015650774340631","0,00000258866354230335","0,00000001203252581401","0,00000110859079153096","0,00000774707936855515","0,00000247231214022346","0,00000724525380968119","0,00000106914996521610"
"-0,11518543995459137900","0,00000001254238024376","0,00000001218338616108","0,00000001211535676672","0,00000001233780112257","0,00000001256528820181","0,00000015867510866200","0,00000004404217336019","0,00000488515601271232","0,00000312785930504343","0,00000001233963868260","0,00000061984750474196","0,00000253583429335350","0,00000015687185749597","0,00000258680195804437","0,00000001205200798467","0,00000111157864709564","0,00000774781894602886","0,00000246925311601227","0,00000723261599709621","0,00000106750146371950"
"-0,11318151731727674200","0,00000001255874586767","0,00000001222517835747","0,00000001214292275550","0,00000001233824068884","0,00000001254214236829","0,00000015845961024702","0,00000004397945786144","0,00000488253075145026","0,00000313405727092725","0,00000001234255718518","0,00000061946731296329","0,00000253139946170505","0,00000015721552377019","0,00000258472719730068","0,00000001207482198890","0,00000111511956217499","0,00000774841485146651","0,00000246550188574915","0,00000721752163828500","0,00000106555885652906"
"-0,11117759467996211900","0,00000001257740593806","0,00000001227166186330","0,00000001217451349857","0,00000001233852743717","0,00000001251444882151","0,00000015820409149778","0,00000004390582651636","0,00000487968784799877","0,00000314133999691267","0,00000001234368218981","0,00000061909863260023","0,00000252590990669245","0,00000015753874222898","0,00000258243926007228","0,00000001210096782673","0,00000111921353676900","0,00000774886708486811","0,00000246105844943411","0,00000719997073324757","0,00000106332214364476"
"-0,10917367204264748200","0,00000001259836045493","0,00000001232283667856","0,00000001221012899591","0,00000001233866136759","0,00000001248220756147","0,00000015790855241428","0,00000004382127932492","0,00000487662730235783","0,00000314970748299967","0,00000001234301369648","0,00000061874146365277","0,00000251936562831571","0,00000015784151287234","0,00000257993814635916","0,00000001213044549813","0,00000112386057087768","0,00000774917564623365","0,00000245592280706714","0,00000717996328198390","0,00000106079132506662"
"-0,10716974940533285900","0,00000001262160941827","0,00000001237870280325","0,00000001224976924754","0,00000001233864248007","0,00000001244541858817","0,00000015757299299652","0,00000004372581628715","0,00000487334911452744","0,00000315915972918826","0,00000001234055170519","0,00000061839580612093","0,00000251176662657483","0,00000015812383570026","0,00000257722385616133","0,00000001216325500312","0,00000112906066450102","0,00000774934053556314","0,00000245009495864824","0,00000715749928449401","0,00000105796640079463"
"-0,10516582676801822200","0,00000001264715282810","0,00000001243926023737","0,00000001229343425344","0,00000001233847077463","0,00000001240408190161","0,00000015719741324450","0,00000004361943740303","0,00000486985328450762","0,00000316969673547844","0,00000001233629621595","0,00000061806166000469","0,00000250311290146980","0,00000015838571071276","0,00000257429638947879","0,00000001219939634169","0,00000113481381763902","0,00000774936175285657","0,00000244357490417742","0,00000713257874077789","0,00000105484737082879"
"-0,10316190413070359900","0,00000001267499068440","0,00000001250450898093","0,00000001234112401362","0,00000001233814625127","0,00000001235819750178","0,00000015678181315822","0,00000004350214267257","0,00000486613981229835","0,00000318131850187021","0,00000001233024722875","0,00000061773902530407","0,00000249340445300062","0,00000015862713790982","0,00000257115574631153","0,00000001223886951385","0,00000114112003029170","0,00000774923929811395","0,00000243636264365467","0,00000710520165083554","0,00000105143423516910"
"-0,10115798149338896300","0,00000001270512298718","0,00000001257444903391","0,00000001239283852808","0,00000001233766890998","0,00000001230776538869","0,00000015632619273768","0,00000004337393209577","0,00000486220869789964","0,00000319402502836357","0,00000001232240474359","0,00000061742790201905","0,00000248264128116730","0,00000015884811729144","0,00000256780192665956","0,00000001228167451959","0,00000114797930245904","0,00000774897317133527","0,00000242845817708000","0,00000707536801466696","0,00000104772699381556"
"-0,09915405885607433970","0,00000001273454396492","0,00000001264379174224","0,00000001244449825592","0,00000001233723794042","0,00000001225742710286","0,00000015586800864700","0,00000004324451230788","0,00000485838566790505","0,00000320676416623235","0,00000001231392581847","0,00000061712008198680","0,00000247181061762052","0,00000015905587846206","0,00000256454450840033","0,00000001232462507114","0,00000115483050659389","0,00000774860560619029","0,00000242051974081600","0,00000704554974685668","0,00000104403346500376"
"-0,09715013621875970290","0,00000001276024784612","0,00000001270724845182","0,00000001249202365623","0,00000001233705253222","0,00000001221182418480","0,00000015544471755031","0,00000004312358994415","0,00000485499644890814","0,00000321848376675041","0,00000001230596751138","0,00000061680735704449","0,00000246189969401094","0,00000015925765102610","0,00000256169306941128","0,00000001236453488074","0,00000116111251514909","0,00000774817883634877","0,00000241320557122526","0,00000701821876198925","0,00000104066146696928"
"-0,09514621358144507990","0,00000001278223463078","0,00000001276481916265","0,00000001253541472902","0,00000001233711268539","0,00000001217095663451","0,00000015505631944761","0,00000004301116500458","0,00000485204104090890","0,00000322918382991775","0,00000001229852982232","0,00000061648972719212","0,00000245290851033857","0,00000015945343498355","0,00000255924760969241","0,00000001240140394838","0,00000116682532812466","0,00000774769286181070","0,00000240651566830778","0,00000699337506006464","0,00000103761099971212"
"-0,09314229094413044310","0,00000001280050431890","0,00000001281650387474","0,00000001257467147429","0,00000001233741839994","0,00000001213482445200","0,00000015470281433888","0,00000004290723748917","0,00000484951944390735","0,00000323886435573435","0,00000001229161275129","0,00000061616719242968","0,00000244483706660341","0,00000015964323033441","0,00000255720812924372","0,00000001243523227406","0,00000117196894552059","0,00000774714768257609","0,00000240045003206358","0,00000697101864108287","0,00000103488206323229"
"-0,09113836830681582010","0,00000001281505691047","0,00000001286230258807","0,00000001260979389203","0,00000001233796967585","0,00000001210342763727","0,00000015438420222415","0,00000004281180739793","0,00000484743165790348","0,00000324752534420023","0,00000001228521629829","0,00000061583975275717","0,00000243768536280545","0,00000015982703707869","0,00000255557462806521","0,00000001246601985779","0,00000117654336733687","0,00000774654329864493","0,00000239500866249263","0,00000695114950504394","0,00000103247465752979"
"-0,08913444566950118330","0,00000001282589240550","0,00000001290221530265","0,00000001264078198225","0,00000001233876651313","0,00000001207676619031","0,00000015410048310339","0,00000004272487473085","0,00000484577768289729","0,00000325516679531539","0,00000001227934046332","0,00000061550740817461","0,00000243145339894471","0,00000016000485521639","0,00000255434710615689","0,00000001249376669956","0,00000118054859357351","0,00000774587971001722","0,00000239019155959496","0,00000693376765194785","0,00000103038878260460"
"-0,08713052303218656040","0,00000001283301080398","0,00000001293624201849","0,00000001266763574494","0,00000001233980891178","0,00000001205484011112","0,00000015385165697662","0,00000004264643948792","0,00000484455751888878","0,00000326178870907981","0,00000001227398524638","0,00000061517015868197","0,00000242614117502117","0,00000016017668474750","0,00000255352556351875","0,00000001251847279938","0,00000118398462423051","0,00000774515691669297","0,00000238599872337055","0,00000691887308179459","0,00000102862443845674"
"-0,08512660039487193740","0,00000001283641210593","0,00000001296438273558","0,00000001269035518011","0,00000001234109687181","0,00000001203764939971","0,00000015363772384384","0,00000004257650166916","0,00000484377116587795","0,00000326739108549351","0,00000001226915064747","0,00000061482800427928","0,00000242174869103484","0,00000016034252567202","0,00000255311000015079","0,00000001254013815724","0,00000118685145930787","0,00000774437491867218","0,00000238243015381940","0,00000690646579458416","0,00000102718162508621"
"-0,08312267775755730060","0,00000001283609631132","0,00000001298663745391","0,00000001270894028775","0,00000001234263039320","0,00000001202519405607","0,00000015345868370504","0,00000004251506127456","0,00000484341862386480","0,00000327197392455648","0,00000001226483666659","0,00000061448094496652","0,00000241827594698573","0,00000016050237798996","0,00000255310041605301","0,00000001255876277314","0,00000118914909880559","0,00000774353371595484","0,00000237948585094152","0,00000689654579031657","0,00000102606034249300"
"-0,08111875512024267770","0,00000001283206342018","0,00000001300300617350","0,00000001272339106787","0,00000001234440947596","0,00000001201747408021","0,00000015331453656023","0,00000004246211830413","0,00000484349989284933","0,00000327553722626872","0,00000001226104330374","0,00000061412898074370","0,00000241572294287381","0,00000016065624170132","0,00000255349681122542","0,00000001257434664708","0,00000119087754272366","0,00000774263330854095","0,00000237716581473690","0,00000688911306899182","0,00000102526059067711"
"-0,07911483248292804080","0,00000001282431343249","0,00000001301348889434","0,00000001273370752046","0,00000001234643412009","0,00000001201448947212","0,00000015320528240940","0,00000004241767275785","0,00000484401497283154","0,00000327808099063024","0,00000001225777055893","0,00000061377211161081","0,00000241408967869911","0,00000016080411680609","0,00000255429918566800","0,00000001258688977907","0,00000119203679106210","0,00000774167369643053","0,00000237547004520555","0,00000688416763060991","0,00000102478236963854"
"-0,07711090984561341790","0,00000001281284634826","0,00000001301808561643","0,00000001273988964553","0,00000001234870432559","0,00000001201624023180","0,00000015313092125255","0,00000004238172463574","0,00000484496386381143","0,00000327960521764103","0,00000001225501843214","0,00000061341033756786","0,00000241337615446162","0,00000016094600330428","0,00000255550753938077","0,00000001259639216911","0,00000119262684382089","0,00000774065487962355","0,00000237439854234747","0,00000688170947517082","0,00000102462567937730"
"-0,07510698720829878110","0,00000001279766216748","0,00000001301679633977","0,00000001274193744308","0,00000001235122009247","0,00000001202272635926","0,00000015309145308969","0,00000004235427393778","0,00000484634656578901","0,00000328010990730109","0,00000001225278692338","0,00000061304365861484","0,00000241358237016133","0,00000016108190119588","0,00000255712187236372","0,00000001260285381718","0,00000119264770100004","0,00000773957685812003","0,00000237395130616265","0,00000688173860267458","0,00000102479051989339"
"-0,07310306457098415810","0,00000001277876089017","0,00000001300962106436","0,00000001273985091310","0,00000001235398142071","0,00000001203394785450","0,00000015308687792082","0,00000004233532066399","0,00000484816307876426","0,00000327959505961043","0,00000001225107603265","0,00000061267207475176","0,00000241470832579826","0,00000016121181048090","0,00000255914218461686","0,00000001260627472330","0,00000119209936259955","0,00000773843963191996","0,00000237412833665109","0,00000688425501312117","0,00000102527689118679"
"-0,07109914193366952130","0,00000001275614251630","0,00000001299655979021","0,00000001273363005560","0,00000001235698831032","0,00000001204990471750","0,00000015311719574593","0,00000004232486481436","0,00000485041340273719","0,00000327806067456904","0,00000001224988575995","0,00000061229558597862","0,00000241675402137239","0,00000016133573115933","0,00000256156847614017","0,00000001260665488747","0,00000119098182861942","0,00000773724320102335","0,00000237492963381280","0,00000688925870651060","0,00000102608479325753"
"-0,06909521929635489840","0,00000001272980704590","0,00000001297761251730","0,00000001272327487057","0,00000001236024076130","0,00000001207059694829","0,00000015318240656502","0,00000004232290638889","0,00000485309753770781","0,00000327550675217692","0,00000001224921610528","0,00000061191419229541","0,00000241971945688373","0,00000016145366323117","0,00000256440074693367","0,00000001260399430967","0,00000118929509905964","0,00000773598756543020","0,00000237635519764778","0,00000689674968284286","0,00000102721422610558"
"-0,06709129665904026150","0,00000001269975447895","0,00000001295277924565","0,00000001270878535802","0,00000001236373877365","0,00000001209602454684","0,00000015328251037810","0,00000004232944538759","0,00000485621548367610","0,00000327193329243407","0,00000001224906706864","0,00000061152789370214","0,00000242360463233228","0,00000016156560669644","0,00000256763899699735","0,00000001259829298993","0,00000118703917392023","0,00000773467272514050","0,00000237840502815602","0,00000690672794211796","0,00000102866518973096"
"-0,06508737402172563860","0,00000001266598481546","0,00000001292205997525","0,00000001269016151794","0,00000001236748234737","0,00000001212618751318","0,00000015341750718516","0,00000004234448181044","0,00000485976724064207","0,00000326734029534050","0,00000001224943865003","0,00000061113669019880","0,00000242840954771803","0,00000016167156155511","0,00000257128322633121","0,00000001258955092822","0,00000118421405320117","0,00000773329868015425","0,00000238107912533752","0,00000691919348433589","0,00000103043768413366"
"-0,06308345138441100180","0,00000001262849805542","0,00000001288545470609","0,00000001266740335034","0,00000001237147148246","0,00000001216108584728","0,00000015358739698621","0,00000004236801565746","0,00000486375280860573","0,00000326172776089620","0,00000001225033084946","0,00000061074058178540","0,00000243413420304100","0,00000016177152780721","0,00000257533343493525","0,00000001257776812456","0,00000118081973690247","0,00000773186543047146","0,00000238437748919230","0,00000693414630949667","0,00000103253170931369"
"-0,06107952874709637880","0,00000001258729419884","0,00000001284296343819","0,00000001264051085521","0,00000001237570617892","0,00000001220071954916","0,00000015379217978124","0,00000004240004692864","0,00000486817218756706","0,00000325509568910117","0,00000001225174366691","0,00000061033956846194","0,00000244077859830117","0,00000016186550545271","0,00000257978962280948","0,00000001256294457894","0,00000117685622502413","0,00000773037297609212","0,00000238830011972033","0,00000695158641760027","0,00000103494726527104"
"-0,05907560610978174890","0,00000001254237324572","0,00000001279458617154","0,00000001260948403256","0,00000001238018643675","0,00000001224508861882","0,00000015403185557026","0,00000004244057562398","0,00000487302537752608","0,00000324744407995542","0,00000001225367710239","0,00000060993365022841","0,00000244834273349855","0,00000016195349449164","0,00000258465178995389","0,00000001254508029137","0,00000117232351756615","0,00000772882131701624","0,00000239284701692164","0,00000697151380864671","0,00000103768435200571"
"-0,05707168347246711900","0,00000001249373519606","0,00000001274032290614","0,00000001257432288239","0,00000001238491225595","0,00000001229419305625","0,00000015430642435326","0,00000004248960174348","0,00000487831237848277","0,00000323877293345893","0,00000001225613115590","0,00000060952282708481","0,00000245682660863315","0,00000016203549492397","0,00000258991993636848","0,00000001252417526184","0,00000116722161452853","0,00000772721045324381","0,00000239801818079620","0,00000699392848263599","0,00000104074296951771"
"-0,05506776083515248920","0,00000001244138004985","0,00000001268017364200","0,00000001253502740469","0,00000001238988363653","0,00000001234803286145","0,00000015461588613025","0,00000004254712528714","0,00000488403319043715","0,00000322908224961173","0,00000001225910582744","0,00000060910709903116","0,00000246623022370495","0,00000016211150674973","0,00000259559406205325","0,00000001250022949035","0,00000116155051591126","0,00000772554038477484","0,00000240381361134403","0,00000701883043956811","0,00000104412311780703"
"-0,05306383819783785930","0,00000001238530780710","0,00000001261413837910","0,00000001249159759947","0,00000001239510057847","0,00000001240660803443","0,00000015496024090122","0,00000004261314625497","0,00000489018781338920","0,00000321837202841379","0,00000001226260111702","0,00000060868646606744","0,00000247655357871395","0,00000016218152996890","0,00000260167416700820","0,00000001247324297691","0,00000115531022171436","0,00000772381111160932","0,00000241023330856513","0,00000704621967944306","0,00000104782479687368"
"-0,05105991556052322940","0,00000001232551846780","0,00000001254221711745","0,00000001244403346672","0,00000001240056308177","0,00000001246991857518","0,00000015533948866618","0,00000004268766464696","0,00000489677624733894","0,00000320664226986513","0,00000001226661702462","0,00000060826092819365","0,00000248779667366017","0,00000016224556458148","0,00000260816025123334","0,00000001244321572151","0,00000114850073193781","0,00000772202263374726","0,00000241727727245950","0,00000707609620226084","0,00000105184800671765"
"-0,04905599292320859950","0,00000001226614576729","0,00000001246999689842","0,00000001239640266105","0,00000001240598687926","0,00000001253269040634","0,00000015572288153365","0,00000004276137459803","0,00000490326114415532","0,00000319486899678104","0,00000001227044118354","0,00000060783511846387","0,00000249911455750448","0,00000016232135968605","0,00000261455541618506","0,00000001241313761598","0,00000114169253548675","0,00000772033068504452","0,00000242436073939262","0,00000710598659636031","0,00000105586031130956"
"-0,04705207028589396960","0,00000001221132344089","0,00000001240306476338","0,00000001235277283707","0,00000001241108770373","0,00000001258964945052","0,00000015607967161218","0,00000004282497024313","0,00000490910515570729","0,00000318402823197684","0,00000001227336122709","0,00000060741366993216","0,00000250966227920779","0,00000016242666438119","0,00000262036276331979","0,00000001238599855215","0,00000113545612126633","0,00000771889099935699","0,00000243089894573002","0,00000713341745008029","0,00000105952927462005"
"-0,04504814764857933970","0,00000001216105148861","0,00000001234142071231","0,00000001231314399477","0,00000001241586555517","0,00000001264079570774","0,00000015640985890175","0,00000004287845158225","0,00000491430828199486","0,00000317411997545251","0,00000001227537715525","0,00000060699658259852","0,00000251943983877008","0,00000016256147866688","0,00000262558229263752","0,00000001236179853002","0,00000112979148927654","0,00000771770357668466","0,00000243689189147168","0,00000715838876342080","0,00000106285489664909"
"-0,04304422501126470980","0,00000001211532991043","0,00000001228506474523","0,00000001227751613416","0,00000001242032043360","0,00000001268612917799","0,00000015671344340238","0,00000004292181861538","0,00000491887052301803","0,00000316514422720807","0,00000001227648896803","0,00000060658385646295","0,00000252844723619136","0,00000016272580254314","0,00000263021400413824","0,00000001234053754960","0,00000112469863951738","0,00000771676841702754","0,00000244233957661760","0,00000718090053638183","0,00000106583717739671"
"-0,04104030237395008000","0,00000001207415870637","0,00000001223399686213","0,00000001224588925523","0,00000001242445233901","0,00000001272564986127","0,00000015699042511406","0,00000004295507134254","0,00000492279187877679","0,00000315710098724351","0,00000001227669666542","0,00000060617549152546","0,00000253668447147163","0,00000016291963600996","0,00000263425789782197","0,00000001232221561087","0,00000112017757198884","0,00000771608552038561","0,00000244724200116779","0,00000720095276896337","0,00000106847611686289"
"-0,03903637973663545010","0,00000001203753787642","0,00000001218821706301","0,00000001221826335799","0,00000001242826127140","0,00000001275935775759","0,00000015724080403679","0,00000004297820976372","0,00000492607234927115","0,00000314999025555883","0,00000001227600024743","0,00000060577148778603","0,00000254415154461089","0,00000016314297906734","0,00000263771397368869","0,00000001230683271385","0,00000111622828669094","0,00000771565488675889","0,00000245159916512224","0,00000721854546116545","0,00000107077171504764"
"-0,03703245709932082020","0,00000001200546742058","0,00000001214772534788","0,00000001219463844243","0,00000001243174723077","0,00000001278725286693","0,00000015746458017057","0,00000004299123387891","0,00000492871193450111","0,00000314381203215403","0,00000001227439971406","0,00000060537184524467","0,00000255084845560913","0,00000016339583171528","0,00000264058223173841","0,00000001229438885852","0,00000111285078362367","0,00000771547651614738","0,00000245541106848095","0,00000723367861298803","0,00000107272397195096"
"-0,03502853446200619030","0,00000001197794733885","0,00000001211252171672","0,00000001217501450855","0,00000001243491021712","0,00000001280933518931","0,00000015766175351541","0,00000004299414368813","0,00000493071063446666","0,00000313856631702911","0,00000001227189506531","0,00000060497656390139","0,00000255677520446637","0,00000016367819395379","0,00000264286267197114","0,00000001228488404490","0,00000111004506278703","0,00000771555040855106","0,00000245867771124394","0,00000724635222443115","0,00000107433288757284"
"-0,03302461182469156740","0,00000001195497763124","0,00000001208260616955","0,00000001215939155636","0,00000001243775023045","0,00000001282560472471","0,00000015783232407129","0,00000004298693919136","0,00000493206844916781","0,00000313425311018407","0,00000001226848630118","0,00000060458564375618","0,00000256193179118259","0,00000016399006578285","0,00000264455529438686","0,00000001227831827298","0,00000110781112418102","0,00000771587656396995","0,00000246139909341118","0,00000725656629549478","0,00000107559846191330"
"-0,03102068918737693400","0,00000001193655829774","0,00000001205797870636","0,00000001214776958585","0,00000001244026727076","0,00000001283606147315","0,00000015797629183823","0,00000004296962038862","0,00000493278537860456","0,00000313087241161892","0,00000001226417342166","0,00000060419908480904","0,00000256631821575780","0,00000016433144720248","0,00000264566009898558","0,00000001227469154276","0,00000110614896780564","0,00000771645498240404","0,00000246357521498269","0,00000726432082617893","0,00000107652069497231"
"-0,02901676655006230410","0,00000001192268933835","0,00000001203863932716","0,00000001214014859703","0,00000001244246133806","0,00000001284070543462","0,00000015809365681621","0,00000004294218727989","0,00000493286142277691","0,00000312842422133364","0,00000001225895642676","0,00000060381688705997","0,00000256993447819200","0,00000016470233821267","0,00000264617708576730","0,00000001227400385423","0,00000110505859366089","0,00000771728566385333","0,00000246520607595847","0,00000726961581648361","0,00000107709958674990"
"-0,02701284391274767420","0,00000001191337075307","0,00000001202458803193","0,00000001213652858989","0,00000001244433243233","0,00000001283953660912","0,00000015818441900525","0,00000004290463986518","0,00000493229658168486","0,00000312690853932825","0,00000001225283531647","0,00000060343905050897","0,00000257278057848519","0,00000016510273881342","0,00000264610625473202","0,00000001227625520741","0,00000110454000174677","0,00000771836860831783","0,00000246629167633851","0,00000727245126640881","0,00000107733513724605"
"-0,02500892127543304780","0,00000001190860254190","0,00000001201582482069","0,00000001213690956444","0,00000001244588055359","0,00000001283255499665","0,00000015824857840534","0,00000004285697814450","0,00000493109085532840","0,00000312632536560274","0,00000001224581009081","0,00000060306557515604","0,00000257485651663737","0,00000016553264900474","0,00000264544760587974","0,00000001228144560229","0,00000110459319206329","0,00000771970381579753","0,00000246683201612281","0,00000727282717595452","0,00000107722734646077"
"-0,02300499863811841790","0,00000001190838470485","0,00000001201234969343","0,00000001214129152067","0,00000001244710570182","0,00000001281976059722","0,00000015828613501648","0,00000004279920211783","0,00000492924424370753","0,00000312667470015710","0,00000001223788074976","0,00000060269646100118","0,00000257616229264853","0,00000016599206878661","0,00000264420113921046","0,00000001228957503887","0,00000110521816461043","0,00000772129128629243","0,00000246682709531138","0,00000727074354512076","0,00000107677621439406"
"-0,02100107600080378810","0,00000001191271724191","0,00000001201416265015","0,00000001214967445859","0,00000001244800787704","0,00000001280115341081","0,00000015829708883867","0,00000004273131178518","0,00000492675674682227","0,00000312795654299135","0,00000001222904729333","0,00000060233170804440","0,00000257669790651869","0,00000016648099815905","0,00000264236685472418","0,00000001230064351715","0,00000110641491938820","0,00000772313101980254","0,00000246627691390422","0,00000726620037390752","0,00000107598174104591"
"-0,01899715336348915820","0,00000001192160015308","0,00000001202126369086","0,00000001216205837819","0,00000001244858707924","0,00000001277673343744","0,00000015828143987192","0,00000004265330714656","0,00000492362836467260","0,00000313017089410548","0,00000001221930972151","0,00000060197131628568","0,00000257646335824783","0,00000016699943712205","0,00000263994475242089","0,00000001231465103713","0,00000110818345639660","0,00000772522301632785","0,00000246518147190132","0,00000725919766231481","0,00000107484392641633"
"-0,01699323072617452830","0,00000001193503343836","0,00000001203365281555","0,00000001217844327947","0,00000001244884330841","0,00000001274650067710","0,00000015823918811621","0,00000004256518820195","0,00000491985909725853","0,00000313331775349950","0,00000001220866803432","0,00000060161528572504","0,00000257545864783596","0,00000016754738567561","0,00000263693483230061","0,00000001233159759882","0,00000111052377563564","0,00000772756727586836","0,00000246354076930268","0,00000724973541034261","0,00000107336277050532"
"-0,01498930808885989840","0,00000001195301709776","0,00000001205133002422","0,00000001219882916244","0,00000001244877656457","0,00000001271045512978","0,00000015817033357156","0,00000004246695495136","0,00000491544894458006","0,00000313739712117339","0,00000001219712223174","0,00000060126361636247","0,00000257368377528308","0,00000016812484381974","0,00000263333709436333","0,00000001235148320220","0,00000111343587710530","0,00000773016379842407","0,00000246135480610831","0,00000723781361799093","0,00000107153827331287"
"-0,01298538545154526850","0,00000001197555113126","0,00000001207429531687","0,00000001222321602710","0,00000001244838684771","0,00000001266859679551","0,00000015807487623795","0,00000004235860739479","0,00000491039790663718","0,00000314240899712716","0,00000001218467231378","0,00000060091630819797","0,00000257113874058919","0,00000016873181155442","0,00000262915153860904","0,00000001237430784728","0,00000111691976080560","0,00000773301258399499","0,00000245862358231820","0,00000722343228525978","0,00000106937043483899"
"-0,01098146281423064040","0,00000001200263553888","0,00000001210254869350","0,00000001225160387343","0,00000001244767415783","0,00000001262092567426","0,00000015795281611540","0,00000004224014553225","0,00000490470598342990","0,00000314835338136082","0,00000001217131828043","0,00000060057336123154","0,00000256782354375428","0,00000016936828887967","0,00000262437816503776","0,00000001240007153407","0,00000112097542673652","0,00000773611363258111","0,00000245534709793236","0,00000720659141214914","0,00000106685925508368"
"-0,00897754017691601049","0,00000001203427032061","0,00000001213609015412","0,00000001228399270146","0,00000001244663849493","0,00000001256744176604","0,00000015780415320390","0,00000004211156936372","0,00000489837317495822","0,00000315523027387436","0,00000001215706013170","0,00000060023477546318","0,00000256373818477837","0,00000017003427579547","0,00000261901697364947","0,00000001242877426255","0,00000112560287489808","0,00000773946694418243","0,00000245152535295078","0,00000718729099865903","0,00000106400473404694"
"-0,00697361753960138060","0,00000001207045547646","0,00000001217491969872","0,00000001232038251117","0,00000001244527985902","0,00000001250814507086","0,00000015762888750345","0,00000004197287888921","0,00000489139948122214","0,00000316303967466777","0,00000001214189786759","0,00000059990055089289","0,00000255888266366144","0,00000017072977230185","0,00000261306796444419","0,00000001246041603273","0,00000113080210529026","0,00000774307251879895","0,00000244715834737347","0,00000716553104478944","0,00000106080687172876"
"-0,00496969490228675159","0,00000001211119100641","0,00000001221903732730","0,00000001236077330256","0,00000001244359825008","0,00000001244303558870","0,00000015742701901406","0,00000004182407410872","0,00000488378490222165","0,00000317178158374107","0,00000001212583148810","0,00000059957068752068","0,00000255325698040350","0,00000017145477839878","0,00000260653113742190","0,00000001249499684462","0,00000113657311791308","0,00000774693035643068","0,00000244224608120042","0,00000714131155054037","0,00000105726566812915"
"-0,00296577226497212214","0,00000001215647691048","0,00000001226844303986","0,00000001240516507563","0,00000001244159366812","0,00000001237211331958","0,00000015719854773571","0,00000004166515502225","0,00000487552943795676","0,00000318145600109425","0,00000001210886099323","0,00000059924518534653","0,00000254686113500455","0,00000017220929408627","0,00000259940649258261","0,00000001253251669821","0,00000114291591276653","0,00000775104045707761","0,00000243678855443164","0,00000711463251591182","0,00000105338112324811"
"-0,00096184962765749247","0,00000001220631318866","0,00000001232313683641","0,00000001245355783039","0,00000001243926611315","0,00000001229537826349","0,00000015694347366842","0,00000004149612162980","0,00000486663308842746","0,00000319206292672731","0,00000001209098638297","0,00000059892404437046","0,00000253969512746459","0,00000017299331936433","0,00000259169402992632","0,00000001257297559349","0,00000114983048985060","0,00000775540282073974","0,00000243078576706712","0,00000708549394090379","0,00000104915323708563"
"0,00104207300965713698","0,00000001225695447628","0,00000001237844254704","0,00000001250192495990","0,00000001243671156750","0,00000001221900934716","0,00000015668406095843","0,00000004133083877601","0,00000485783319410450","0,00000320272523611666","0,00000001207324359105","0,00000059860714745816","0,00000253244561222935","0,00000017377064177262","0,00000258406460348035","0,00000001261280230687","0,00000115674886653124","0,00000775966743730527","0,00000242473849529295","0,00000705631423902118","0,00000104493202776439"
"0,00304599564697176665","0,00000001230465540866","0,00000001242968400187","0,00000001254623985722","0,00000001243402601351","0,00000001214918549733","0,00000015644257375203","0,00000004118317130553","0,00000484986709545860","0,00000321256580473871","0,00000001205666855120","0,00000059829437747536","0,00000252579924374456","0,00000017450504885082","0,00000257718906727199","0,00000001264842561474","0,00000116310306017435","0,00000776348429666239","0,00000241914751529522","0,00000702951182376887","0,00000104106751340705"
"0,00504991828428639610","0,00000001234941598581","0,00000001247686120090","0,00000001258650252234","0,00000001243120945119","0,00000001208590671399","0,00000015621901204921","0,00000004105311921834","0,00000484273479248977","0,00000322158463259347","0,00000001204126126342","0,00000059798573442205","0,00000251975602201022","0,00000017519654059892","0,00000257106742130126","0,00000001267984551708","0,00000116889307077994","0,00000776685339881110","0,00000241401282707391","0,00000700508669514687","0,00000103755969401360"
"0,00705384092160102512","0,00000001239123620773","0,00000001251997414412","0,00000001262271295527","0,00000001242826188054","0,00000001202917299715","0,00000015601337584996","0,00000004094068251447","0,00000483643628519800","0,00000322978171968092","0,00000001202702172771","0,00000059768121829823","0,00000251431594702634","0,00000017584511701693","0,00000256569966556815","0,00000001270706201392","0,00000117411889834802","0,00000776977474375140","0,00000240933443062904","0,00000698303885315517","0,00000103440856958406"
"0,00905776355891565501","0,00000001243011607441","0,00000001255902283153","0,00000001265487115601","0,00000001242518330155","0,00000001197898434680","0,00000015582566515430","0,00000004084586119389","0,00000483097157358330","0,00000323715706600108","0,00000001201394994406","0,00000059738082910390","0,00000250947901879290","0,00000017645077810486","0,00000256108580007266","0,00000001273007510524","0,00000117878054287857","0,00000777224833148328","0,00000240511232596060","0,00000696336829779378","0,00000103161414011842"
"0,01106168619623028490","0,00000001246605558586","0,00000001259400726314","0,00000001268297712455","0,00000001242197371423","0,00000001193534076295","0,00000015565587996221","0,00000004076865525662","0,00000482634065764566","0,00000324371067155393","0,00000001200204591249","0,00000059708456683906","0,00000250524523730992","0,00000017701352386268","0,00000255722582481479","0,00000001274888479104","0,00000118287800437161","0,00000777427416200676","0,00000240134651306859","0,00000694607502906270","0,00000102917640561668"
"0,01306560883354491300","0,00000001249905474208","0,00000001262492743895","0,00000001270703086090","0,00000001241863311857","0,00000001189824224560","0,00000015550402027370","0,00000004070906470265","0,00000482254353738508","0,00000324944253633949","0,00000001199130963297","0,00000059679243150372","0,00000250161460257738","0,00000017753335429042","0,00000255411973979455","0,00000001276349107133","0,00000118641128282712","0,00000777585223532183","0,00000239803699195302","0,00000693115904696192","0,00000102709536607884"
"0,01506953147085954290","0,00000001252911354306","0,00000001265178335895","0,00000001272703236506","0,00000001241516151458","0,00000001186768879474","0,00000015537008608877","0,00000004066708953198","0,00000481958021280157","0,00000325435266035775","0,00000001198174110553","0,00000059650442309786","0,00000249858711459530","0,00000017801026938807","0,00000255176754501192","0,00000001277389394610","0,00000118938037824512","0,00000777698255142849","0,00000239518376261388","0,00000691862035149145","0,00000102537102150490"
"0,01707345410817417280","0,00000001255623198881","0,00000001267457502315","0,00000001274298163703","0,00000001241155890225","0,00000001184368041037","0,00000015525407740741","0,00000004064272974462","0,00000481745068389512","0,00000325844104360871","0,00000001197334033015","0,00000059622054162149","0,00000249616277336367","0,00000017844426915562","0,00000255016924046692","0,00000001278009341536","0,00000119178529062560","0,00000777766511032673","0,00000239278682505117","0,00000690845894265129","0,00000102400337189486"
"0,01907737674548880270","0,00000001258041007932","0,00000001269330243154","0,00000001275487867681","0,00000001240782528160","0,00000001182621709250","0,00000015515599422964","0,00000004063598534056","0,00000481615495066574","0,00000326170768609237","0,00000001196610730684","0,00000059594078707462","0,00000249434157888249","0,00000017883535359308","0,00000254932482615954","0,00000001278208947910","0,00000119362601996856","0,00000777789991201657","0,00000239084617926490","0,00000690067482044144","0,00000102299241724872"
"0,02108129938280343260","0,00000001260164781460","0,00000001270796558412","0,00000001276272348439","0,00000001240396065260","0,00000001181529884113","0,00000015507583655544","0,00000004064685631980","0,00000481569301311342","0,00000326415258780873","0,00000001196004203560","0,00000059566515945724","0,00000249312353115176","0,00000017918352270044","0,00000254923430208979","0,00000001277988213733","0,00000119490256627399","0,00000777768695649800","0,00000238936182525505","0,00000689526798486188","0,00000102233815756648"
"0,02308522202011806250","0,00000001261994519465","0,00000001271856448091","0,00000001276651605978","0,00000001239996501528","0,00000001181092565625","0,00000015501360438482","0,00000004067534268235","0,00000481606487123817","0,00000326577574875779","0,00000001195514451643","0,00000059539365876934","0,00000249250863017148","0,00000017948877647772","0,00000254989766825765","0,00000001277347139004","0,00000119561492954191","0,00000777702624377101","0,00000238833376302164","0,00000689223843591264","0,00000102204059284815"
"0,02508914465743269230","0,00000001263530221946","0,00000001272509912188","0,00000001276625640298","0,00000001239583836962","0,00000001181309753787","0,00000015496929771778","0,00000004072144442820","0,00000481727052503998","0,00000326657716893955","0,00000001195141474932","0,00000059512628501094","0,00000249249687594166","0,00000017975111492490","0,00000255131492466314","0,00000001276285723724","0,00000119576310977231","0,00000777591777383562","0,00000238776199256467","0,00000689158617359370","0,00000102209972309371"
"0,02709306729474731880","0,00000001264771888904","0,00000001272756950706","0,00000001276194451398","0,00000001239158071562","0,00000001182181448598","0,00000015494291655432","0,00000004078516155735","0,00000481930997451885","0,00000326655684835401","0,00000001194885273428","0,00000059486303818203","0,00000249308826846228","0,00000017997053804199","0,00000255348607130625","0,00000001274803967892","0,00000119534710696519","0,00000777436154669181","0,00000238764651388412","0,00000689331119790507","0,00000102251554830317"
"0,02909698993206194860","0,00000001265719520338","0,00000001272597563643","0,00000001275358039279","0,00000001238719205329","0,00000001183707650058","0,00000015493446089443","0,00000004086649406981","0,00000482218321967480","0,00000326571478700117","0,00000001194745847131","0,00000059460391828261","0,00000249428280773336","0,00000018014704582899","0,00000255641110818698","0,00000001272901871508","0,00000119436692112055","0,00000777235756233960","0,00000238798732698001","0,00000689741350884675","0,00000102328806847653"
"0,03110091256937657850","0,00000001266373116249","0,00000001272031750999","0,00000001274116403941","0,00000001238267238263","0,00000001185888358169","0,00000015494393073813","0,00000004096544196557","0,00000482589026050780","0,00000326405098488104","0,00000001194723196041","0,00000059434892531268","0,00000249608049375489","0,00000018028063828589","0,00000256009003530533","0,00000001270579434574","0,00000119282255223839","0,00000776990582077897","0,00000238878443185233","0,00000690389310641873","0,00000102441728361380"
"0,03310483520669121190","0,00000001266732676637","0,00000001271059512775","0,00000001272469545384","0,00000001237802170363","0,00000001188723572929","0,00000015497132608540","0,00000004108200524463","0,00000483043109701787","0,00000326156544199360","0,00000001194817320157","0,00000059409805927225","0,00000249848132652687","0,00000018037131541271","0,00000256452285266131","0,00000001267836657087","0,00000119071400031871","0,00000776700632200994","0,00000239003782850108","0,00000691274999062102","0,00000102590319371496"
"0,03510875784400583480","0,00000001266798201501","0,00000001269680848970","0,00000001270417463608","0,00000001237324001630","0,00000001192213294338","0,00000015501664693625","0,00000004121618390699","0,00000483580572920500","0,00000325825815833887","0,00000001195028219480","0,00000059385132016130","0,00000250148530604930","0,00000018041907720943","0,00000256970956025490","0,00000001264673539049","0,00000118804126536151","0,00000776365906603249","0,00000239174751692627","0,00000692398416145361","0,00000102774579878002"
"0,03711268048132046470","0,00000001266569690842","0,00000001267895759585","0,00000001267960158612","0,00000001236832732064","0,00000001196357522397","0,00000015507989329068","0,00000004136797795266","0,00000484201415706920","0,00000325412913391684","0,00000001195355894010","0,00000059360870797984","0,00000250509243232218","0,00000018042392367606","0,00000257565015808612","0,00000001261090080460","0,00000118480434736679","0,00000775986405284663","0,00000239391349712789","0,00000693759561891651","0,00000102994509880899"
"0,03911660311863509460","0,00000001266047144660","0,00000001265704244620","0,00000001265097630397","0,00000001236328361664","0,00000001201156257105","0,00000015516106514869","0,00000004153738738163","0,00000484905638061046","0,00000324917836872751","0,00000001195800343746","0,00000059337022272788","0,00000250930270534552","0,00000018038585481259","0,00000258234464615496","0,00000001257086281319","0,00000118100324633456","0,00000775562128245237","0,00000239653576910594","0,00000695358436300972","0,00000103250109380185"
"0,04112052575594972450","0,00000001265230562954","0,00000001263106304073","0,00000001261829878963","0,00000001235810890431","0,00000001206609498463","0,00000015526016251028","0,00000004172441219391","0,00000485693239982879","0,00000324340586277087","0,00000001196361568689","0,00000059313586440541","0,00000251411612511930","0,00000018030487061904","0,00000258979302446143","0,00000001252662141626","0,00000117663796226480","0,00000775093075484969","0,00000239961433286042","0,00000697195039373324","0,00000103541378375862"
"0,04312444839326435440","0,00000001264119945724","0,00000001260101937947","0,00000001258156904310","0,00000001235280318364","0,00000001212717246471","0,00000015537718537544","0,00000004192905238949","0,00000486564221472418","0,00000323681161604694","0,00000001197039568839","0,00000059290563301242","0,00000251953269164354","0,00000018018097109539","0,00000259799529300551","0,00000001247817661382","0,00000117170849515752","0,00000774579247003860","0,00000240314918839134","0,00000699269371108706","0,00000103868316867929"
"0,04512837103057898420","0,00000001262715292972","0,00000001256691146240","0,00000001254078706437","0,00000001234736645464","0,00000001219479501128","0,00000015551213374418","0,00000004215130796837","0,00000487518582529664","0,00000322939562855571","0,00000001197834344196","0,00000059267952854893","0,00000252555240491822","0,00000018001415624165","0,00000260695145178722","0,00000001242552840587","0,00000116621484501273","0,00000774020642801910","0,00000240714033569869","0,00000701581431507118","0,00000104230924856385"
"0,04713229366789361410","0,00000001261016604696","0,00000001252873928953","0,00000001249595285345","0,00000001234179871730","0,00000001226896262434","0,00000015566500761650","0,00000004239117893055","0,00000488556323154616","0,00000322115790029719","0,00000001198745894760","0,00000059245755101493","0,00000253217526494336","0,00000017980442605781","0,00000261666150080655","0,00000001236867679240","0,00000116015701183041","0,00000773417262879120","0,00000241158777478247","0,00000704131220568562","0,00000104629202341232"
"0,04913621630520824400","0,00000001259023880896","0,00000001248650286085","0,00000001244706641034","0,00000001233609997163","0,00000001234967530390","0,00000015583580699240","0,00000004264866527604","0,00000489677443347274","0,00000321209843127136","0,00000001199774220530","0,00000059223970041042","0,00000253940127171895","0,00000017955178054389","0,00000262712544006350","0,00000001230762177341","0,00000115353499561058","0,00000772769107235488","0,00000241649150564269","0,00000706918738293036","0,00000105063149322469"
"0,05114013894252287390","0,00000001256966033446","0,00000001244385054791","0,00000001239764974642","0,00000001233049453287","0,00000001243027898028","0,00000015601094625369","0,00000004290321299532","0,00000490789892702239","0,00000320297398589010","0,00000001200856135821","0,00000059202023127658","0,00000254671704755063","0,00000017926810480324","0,00000263751721783891","0,00000001224714818988","0,00000114690109113580","0,00000772129986118865","0,00000242144603234361","0,00000709713190676855","0,00000105496896057281"
"0,05314406157983750380","0,00000001255071974219","0,00000001240443072227","0,00000001235122487310","0,00000001232520671626","0,00000001250411958381","0,00000015617683978217","0,00000004313426807888","0,00000491801620814111","0,00000319454132856528","0,00000001201928454946","0,00000059179339815459","0,00000255360921474404","0,00000017896528393923","0,00000264701078241363","0,00000001219204088278","0,00000114080759318866","0,00000771553709777101","0,00000242604585894952","0,00000712283783716335","0,00000105894572802856"
"0,05514798421715213370","0,00000001253341703214","0,00000001236824338392","0,00000001230779179037","0,00000001232023652179","0,00000001257119711448","0,00000015633348757785","0,00000004334183052672","0,00000492712627682890","0,00000318680045929690","0,00000001202991177906","0,00000059155920104445","0,00000256007777329918","0,00000017864331795187","0,00000265560613378765","0,00000001214229985211","0,00000113525450176916","0,00000771040278210196","0,00000243029098546041","0,00000714630517411475","0,00000106256179559192"
"0,05715190685446676360","0,00000001251775220432","0,00000001233528853287","0,00000001226735049822","0,00000001231558394948","0,00000001263151157229","0,00000015648088964072","0,00000004352590033885","0,00000493522913308575","0,00000317975137808496","0,00000001204044304700","0,00000059131763994616","0,00000256612272321605","0,00000017830220684115","0,00000266330327196098","0,00000001209792509787","0,00000113024181687730","0,00000770589691418150","0,00000243418141187630","0,00000716753391762275","0,00000106581716326291"
"0,05915582949178139340","0,00000001250372525872","0,00000001230556616911","0,00000001222990099666","0,00000001231124899931","0,00000001268506295725","0,00000015661904597079","0,00000004368647751525","0,00000494232477691168","0,00000317339408492947","0,00000001205087835329","0,00000059106871485972","0,00000257174406449464","0,00000017794195060708","0,00000267010219693361","0,00000001205891662006","0,00000112576953851307","0,00000770201949400963","0,00000243771713819716","0,00000718652406768736","0,00000106871183104152"
"0,06115975212909602330","0,00000001249133619534","0,00000001227907629264","0,00000001219544328570","0,00000001230723167130","0,00000001273185126936","0,00000015674795656806","0,00000004382356205594","0,00000494841320830666","0,00000316772857983041","0,00000001206121769792","0,00000059081242578512","0,00000257694179713497","0,00000017756254924965","0,00000267600290870555","0,00000001202527441868","0,00000112183766667648","0,00000769877052158635","0,00000244089816442302","0,00000720327562430857","0,00000107124579892774"
"0,06316367476641064630","0,00000001248058501419","0,00000001225581890347","0,00000001216397736532","0,00000001230353196543","0,00000001277187650861","0,00000015686762143252","0,00000004393715396090","0,00000495349442727072","0,00000316275486278779","0,00000001207146108089","0,00000059054877272238","0,00000258171592113702","0,00000017716400276887","0,00000268100540727678","0,00000001199699849372","0,00000111844620136753","0,00000769614999691165","0,00000244372449055386","0,00000721778858748638","0,00000107341906692158"
"0,06516759740372528310","0,00000001247147171527","0,00000001223579400159","0,00000001213550323553","0,00000001230014988171","0,00000001280513867500","0,00000015697804056417","0,00000004402725323015","0,00000495756843380385","0,00000315847293380161","0,00000001208160850221","0,00000059027775567148","0,00000258606643650081","0,00000017674631116473","0,00000268510969264733","0,00000001197408884520","0,00000111559514258622","0,00000769415791998555","0,00000244619611658968","0,00000723006295722080","0,00000107523163502305"
"0,06717152004103990600","0,00000001246399629856","0,00000001221900158700","0,00000001211002089633","0,00000001229708542014","0,00000001283163776854","0,00000015707921396303","0,00000004409385986368","0,00000496063522790604","0,00000315488279287187","0,00000001209165996188","0,00000058999937463244","0,00000258999334322632","0,00000017630947443723","0,00000268831576481717","0,00000001195654547310","0,00000111328449033254","0,00000769279429080804","0,00000244831304253049","0,00000724009873351182","0,00000107668350323213"
"0,06917544267835454290","0,00000001245815876409","0,00000001220544165971","0,00000001208753034772","0,00000001229433858072","0,00000001285137378923","0,00000015717114162907","0,00000004413697386150","0,00000496269480957730","0,00000315198443999857","0,00000001210161545989","0,00000058971362960524","0,00000259349664131356","0,00000017585349258638","0,00000269062362378632","0,00000001194436837744","0,00000111151424460650","0,00000769205910937911","0,00000245007526837629","0,00000724789591635944","0,00000107777467154883"
"0,07117936531566916580","0,00000001245395911184","0,00000001219511421971","0,00000001206803158969","0,00000001229190936345","0,00000001286434673706","0,00000015725382356232","0,00000004415659522359","0,00000496374717881763","0,00000314977787518171","0,00000001211147499624","0,00000058942052058990","0,00000259657633076253","0,00000017537836561217","0,00000269203326955478","0,00000001193755755820","0,00000111028440540810","0,00000769195237569878","0,00000245148279412707","0,00000725345450576367","0,00000107850513997316"
"0,07318328795298380260","0,00000001245139734181","0,00000001218801926700","0,00000001205152462226","0,00000001228979776833","0,00000001287055661203","0,00000015732725976276","0,00000004415272394996","0,00000496379233562702","0,00000314826309842129","0,00000001212123857094","0,00000058912004758640","0,00000259923241157323","0,00000017488409351461","0,00000269254470212254","0,00000001193611301540","0,00000110959497273734","0,00000769247408976704","0,00000245253561978284","0,00000725677450172450","0,00000107887490850510"
"0,07518721059029842560","0,00000001245047345401","0,00000001218415680159","0,00000001203800944542","0,00000001228800379536","0,00000001287000341415","0,00000015739145023039","0,00000004412536004062","0,00000496283028000549","0,00000314744010971730","0,00000001213090618398","0,00000058881221059475","0,00000260146488374566","0,00000017437067629369","0,00000269215792148960","0,00000001194003474902","0,00000110944594659421","0,00000769362425158388","0,00000245323374534359","0,00000725785590424193","0,00000107888397714466"
"0,07719113322761306240","0,00000001245118744843","0,00000001218352682347","0,00000001202748605916","0,00000001228652744454","0,00000001286268714341","0,00000015744639496522","0,00000004407450349556","0,00000496086101195302","0,00000314730890906976","0,00000001214047783537","0,00000058849700961495","0,00000260327374727981","0,00000017383811394941","0,00000269087292765596","0,00000001194932275907","0,00000110983732697872","0,00000769540286114932","0,00000245357717080933","0,00000725669871331597","0,00000107853234589184"
"0,07919505586492768540","0,00000001245353932508","0,00000001218612933264","0,00000001201995446350","0,00000001228536871586","0,00000001284860779982","0,00000015749209396725","0,00000004400015431477","0,00000495788453146962","0,00000314786949647866","0,00000001214995352510","0,00000058817444464700","0,00000260465900217570","0,00000017328640648178","0,00000268868972062163","0,00000001196397704555","0,00000111076911389087","0,00000769780991846334","0,00000245356589618006","0,00000725330292894661","0,00000107782001474664"
"0,08119897850224232220","0,00000001245752908395","0,00000001219196432911","0,00000001201541465842","0,00000001228452760934","0,00000001282776538338","0,00000015752854723647","0,00000004390231249827","0,00000495390083855528","0,00000314912187194400","0,00000001215933325318","0,00000058784451569090","0,00000260562064843331","0,00000017271555389079","0,00000268560830038661","0,00000001198399760846","0,00000111224130733065","0,00000770084542352595","0,00000245319992145577","0,00000724766855113385","0,00000107674698370906"
"0,08320290113955694510","0,00000001246315672505","0,00000001220103181287","0,00000001201386664394","0,00000001228400412496","0,00000001280015989407","0,00000015755575477289","0,00000004378097804605","0,00000494890993321002","0,00000315106603546577","0,00000001216861701960","0,00000058750722274665","0,00000260615868605266","0,00000017212555617645","0,00000268162866695089","0,00000001200938444780","0,00000111425390729808","0,00000770450937633716","0,00000245247924663647","0,00000723979557987769","0,00000107531325277910"
"0,08520682377687158190","0,00000001247042224837","0,00000001221333178393","0,00000001201531042004","0,00000001228379826273","0,00000001276579133192","0,00000015757371657650","0,00000004363615095812","0,00000494291181543382","0,00000315370198704399","0,00000001217780482437","0,00000058716256581425","0,00000260627311503373","0,00000017151641333875","0,00000267675082031447","0,00000001204013756357","0,00000111680691379314","0,00000770880177689695","0,00000245140387172215","0,00000722968401517814","0,00000107351882195676"
"0,08721074641418620490","0,00000001247932565392","0,00000001222886424227","0,00000001201974598673","0,00000001228391002266","0,00000001272465969691","0,00000015758243264731","0,00000004346783123446","0,00000493590648522669","0,00000315702972667865","0,00000001218689666748","0,00000058681054489370","0,00000260596393537653","0,00000017088812537770","0,00000267097476047736","0,00000001207625695577","0,00000111990032681583","0,00000771372262520533","0,00000244997379671282","0,00000721733385703519","0,00000107136369124204"
"0,08921466905150082780","0,00000001248986694169","0,00000001224762918792","0,00000001202717334401","0,00000001228433940473","0,00000001267676498904","0,00000015758190298532","0,00000004327601887509","0,00000492789394258863","0,00000316104925436975","0,00000001219589254894","0,00000058645115998500","0,00000260523114708107","0,00000017024069229329","0,00000266430048743955","0,00000001211774262439","0,00000112353414636617","0,00000771927192126230","0,00000244818902160848","0,00000720274510544885","0,00000106884786063494"
"0,09121859168881546470","0,00000001250204611169","0,00000001226962662085","0,00000001203759249188","0,00000001228508640895","0,00000001262210720832","0,00000015757212759052","0,00000004306071387999","0,00000491887418751963","0,00000316576057011728","0,00000001220479246874","0,00000058608441108815","0,00000260407475014733","0,00000016957411408552","0,00000265672800120104","0,00000001216459456945","0,00000112770837244414","0,00000772544966506786","0,00000244604954640912","0,00000718591776041911","0,00000106597133013545"
"0,09322251432613008760","0,00000001251586316391","0,00000001229485654108","0,00000001205100343034","0,00000001228615103532","0,00000001256068635474","0,00000015755310646291","0,00000004282191624918","0,00000490884722001971","0,00000317116367392126","0,00000001221359642688","0,00000058571029820314","0,00000260249474457531","0,00000016888839075440","0,00000264825730176184","0,00000001221681279093","0,00000113242300504975","0,00000773225585662201","0,00000244355537111475","0,00000716685182194597","0,00000106273409974359"
"0,09522643696344472440","0,00000001253131809835","0,00000001232331894860","0,00000001206740615938","0,00000001228753328384","0,00000001249250242831","0,00000015752483960251","0,00000004255962598265","0,00000489781304008885","0,00000317725856578167","0,00000001222230442337","0,00000058532882132999","0,00000260049113036503","0,00000016818352229992","0,00000263888838912194","0,00000001227439728885","0,00000113767804418300","0,00000773969049592475","0,00000244070649572536","0,00000714554729002943","0,00000105913616945935"
"0,09723035960075934740","0,00000001254841091502","0,00000001235501384342","0,00000001208680067902","0,00000001228923315450","0,00000001241755542902","0,00000015748732700929","0,00000004227384308040","0,00000488577164772706","0,00000318404524569853","0,00000001223091645820","0,00000058493998046868","0,00000259806390751648","0,00000016745950872209","0,00000262862126328135","0,00000001233734806319","0,00000114347348984388","0,00000774775358297608","0,00000243750292024096","0,00000712200416466950","0,00000105517753928272"
"0,09923428223807398420","0,00000001256714161392","0,00000001238994122553","0,00000001210918698925","0,00000001229125064732","0,00000001233584535687","0,00000015744056868328","0,00000004196456754243","0,00000487272304293433","0,00000319152371367182","0,00000001223943253138","0,00000058454377561923","0,00000259521307602966","0,00000016671635002090","0,00000261745592424006","0,00000001240566511397","0,00000114980934203241","0,00000775644511777599","0,00000243394464466154","0,00000709622244586617","0,00000105085820921372"
"0,10123820487538860700","0,00000001258603802688","0,00000001242529046596","0,00000001213235306247","0,00000001229354317098","0,00000001225376964342","0,00000015738856188924","0,00000004165667758217","0,00000485974965952882","0,00000319907447168796","0,00000001224746121594","0,00000058415134728076","0,00000259226685290923","0,00000016600403570168","0,00000260634780197822","0,00000001247354911645","0,00000115616355343029","0,00000776506157346903","0,00000243033116383996","0,00000707034245702279","0,00000104653688413250"
"0,10324212751270324400","0,00000001260362798575","0,00000001245825093574","0,00000001215408687111","0,00000001229606813416","0,00000001217772572018","0,00000015733530389198","0,00000004137505141305","0,00000484793393132866","0,00000320607802173335","0,00000001225461108491","0,00000058377383595244","0,00000258955345515987","0,00000016537255526975","0,00000259625232647596","0,00000001253520074593","0,00000116201407671924","0,00000777289942319971","0,00000242696197262907","0,00000704650452154272","0,00000104257226891923"
"0,10524605015001786700","0,00000001261991149053","0,00000001248882263487","0,00000001217438841516","0,00000001229882553686","0,00000001210771358717","0,00000015728079469150","0,00000004111968903508","0,00000483727585833385","0,00000321253436380799","0,00000001226088213829","0,00000058341124163425","0,00000258707288278157","0,00000016482190872512","0,00000258716949773330","0,00000001259062000241","0,00000116736091189927","0,00000777995866696803","0,00000242383707102886","0,00000702470863942595","0,00000103896436357392"
"0,10724997278733250400","0,00000001263488854122","0,00000001251700556335","0,00000001219325769463","0,00000001230181537910","0,00000001204373324438","0,00000015722503428778","0,00000004089059044824","0,00000482777544054440","0,00000321844349791188","0,00000001226627437608","0,00000058306356432620","0,00000258482513577434","0,00000016435209606779","0,00000257909931575023","0,00000001263980688587","0,00000117220405897038","0,00000778623930477399","0,00000242095645903934","0,00000700495481067247","0,00000103571316809655"
"0,10925389542464712700","0,00000001264855913782","0,00000001254279972118","0,00000001221069470950","0,00000001230503766086","0,00000001198578469181","0,00000015716802268083","0,00000004068775565254","0,00000481943267796030","0,00000322380542404501","0,00000001227078779828","0,00000058273080402829","0,00000258281021413817","0,00000016396311729775","0,00000257204178052675","0,00000001268276139634","0,00000117654351793257","0,00000779174133661760","0,00000241832013666050","0,00000698724303528231","0,00000103281868248714"
"0,11125781806196176300","0,00000001266092328032","0,00000001256620510836","0,00000001222669945979","0,00000001230849238214","0,00000001193386792947","0,00000015710975987066","0,00000004051118464797","0,00000481224757058156","0,00000322862014220740","0,00000001227442240489","0,00000058241296074051","0,00000258102811787307","0,00000016365497241501","0,00000256599689206287","0,00000001271948353379","0,00000118037928878583","0,00000779646476249885","0,00000241592810389236","0,00000697157331325544","0,00000103028090674568"
"0,11326174069927638600","0,00000001267198096874","0,00000001258722172489","0,00000001224127194549","0,00000001231217954295","0,00000001188798295735","0,00000015705024585726","0,00000004036087743455","0,00000480622011840817","0,00000323288765239904","0,00000001227717819591","0,00000058211003446287","0,00000257947884697903","0,00000016342766141957","0,00000256096465035857","0,00000001274997329825","0,00000118371137153016","0,00000780040958241775","0,00000241378036073489","0,00000695794564459188","0,00000102809984087217"
"0,11526566333659102300","0,00000001268173220306","0,00000001260584957077","0,00000001225441216660","0,00000001231609914329","0,00000001184812977546","0,00000015698948064063","0,00000004023683401227","0,00000480135032144013","0,00000323660795461993","0,00000001227905517135","0,00000058182202519537","0,00000257816240145606","0,00000016328118431142","0,00000255694505541386","0,00000001277423068969","0,00000118653976616558","0,00000780357579637429","0,00000241187690718811","0,00000694636002929162","0,00000102627548486661"
"0,11726958597390564600","0,00000001269017698330","0,00000001262208864599","0,00000001226612012312","0,00000001232025118316","0,00000001181430838379","0,00000015692746422077","0,00000004013905438113","0,00000479763817967745","0,00000323978104887006","0,00000001228005333119","0,00000058154893293800","0,00000257707878130415","0,00000016321554109056","0,00000255393810722874","0,00000001279225570813","0,00000118886447269207","0,00000780596340436847","0,00000241021774325202","0,00000693681646735466","0,00000102480783872900"
"0,11927350861122028300","0,00000001269731530944","0,00000001263593895057","0,00000001227639581506","0,00000001232463566255","0,00000001178651878234","0,00000015686419659769","0,00000004006753854112","0,00000479508369312012","0,00000324240693514945","0,00000001228017267545","0,00000058129075769078","0,00000257622798652331","0,00000016323073175700","0,00000255194380580322","0,00000001280404835357","0,00000119068549110963","0,00000780757240640030","0,00000240880286892662","0,00000692931495878100","0,00000102369690245935"
"0,12127743124853490600","0,00000001270314718149","0,00000001264740048450","0,00000001228523924241","0,00000001232925258146","0,00000001176476097111","0,00000015679967777137","0,00000004002228649226","0,00000479368686176815","0,00000324448561345808","0,00000001227941320412","0,00000058104749945369","0,00000257561001711353","0,00000016332675631074","0,00000255096215113728","0,00000001280960862600","0,00000119200282141827","0,00000780840280246976","0,00000240763228421190","0,00000692385550357064","0,00000102294267605764"
"0,12328135388584952900","0,00000001270767259944","0,00000001265647324778","0,00000001229265040517","0,00000001233410193991","0,00000001174903495011","0,00000015673390774183","0,00000004000329823454","0,00000479344768562152","0,00000324601708379597","0,00000001227777491720","0,00000058081915822673","0,00000257522487307482","0,00000016350361475177","0,00000255099314323094","0,00000001280893652542","0,00000119281646361799","0,00000780845459257688","0,00000240670598910786","0,00000692043810172359","0,00000102254515952389"
"0,12528527652316415200","0,00000001271089156331","0,00000001266315724040","0,00000001229862930334","0,00000001233918373787","0,00000001173934071933","0,00000015666688650906","0,00000004001057376795","0,00000479436616468026","0,00000324700134616310","0,00000001227525781469","0,00000058060573400992","0,00000257507255440717","0,00000016376130708010","0,00000255203678208418","0,00000001280203205184","0,00000119312641770879","0,00000780772777672163","0,00000240602398361452","0,00000691906275323984","0,00000102250435285809"
"0,12728919916047878900","0,00000001271280407309","0,00000001266745246238","0,00000001230317593693","0,00000001234449797537","0,00000001173567827878","0,00000015659861407306","0,00000004004411309250","0,00000479644229894434","0,00000324743840055949","0,00000001227186189659","0,00000058040722680324","0,00000257515306111059","0,00000016409983329572","0,00000255409306769702","0,00000001278889520525","0,00000119293268369066","0,00000780622235490403","0,00000240558626773185","0,00000691972945811939","0,00000102282025606024"
"0,12929312179779342500","0,00000001271341012877","0,00000001266935891371","0,00000001230629030592","0,00000001235004465239","0,00000001173804762845","0,00000015652909043383","0,00000004010391620820","0,00000479967608841378","0,00000324732824698512","0,00000001226758716290","0,00000058022363660670","0,00000257546639318508","0,00000016451919339864","0,00000255716200006945","0,00000001276952598566","0,00000119223526156360","0,00000780393832712408","0,00000240539284145988","0,00000692243821636224","0,00000102349286913034"
"0,13129704443510806200","0,00000001271270973037","0,00000001266887659438","0,00000001230797241033","0,00000001235582376894","0,00000001174644876834","0,00000015645831559138","0,00000004018998311503","0,00000480406753308858","0,00000324667088544001","0,00000001226243361363","0,00000058005496342029","0,00000257601255063062","0,00000016501938738886","0,00000256124357920147","0,00000001274392439306","0,00000119103415132763","0,00000780087569338176","0,00000240544370479859","0,00000692718902796840","0,00000102452219206839"
"0,13330096707242267100","0,00000001271070287787","0,00000001266600550441","0,00000001230822225015","0,00000001236183532501","0,00000001176088169845","0,00000015638628954570","0,00000004030231381300","0,00000480961663296873","0,00000324546631592414","0,00000001225640124876","0,00000057990120724403","0,00000257679153344724","0,00000016560041526637","0,00000256633780509308","0,00000001271209042745","0,00000118932935298273","0,00000779703445367709","0,00000240573885774799","0,00000693398189293785","0,00000102590822487440"
"0,13530488970973730800","0,00000001270738957128","0,00000001266074564379","0,00000001230703982538","0,00000001236807932061","0,00000001178134641879","0,00000015631301229679","0,00000004044090830212","0,00000481632338805423","0,00000324371453843752","0,00000001224949006831","0,00000057976236807790","0,00000257780334163491","0,00000016626227703117","0,00000257244467774427","0,00000001267402408884","0,00000118712086652890","0,00000779241460801007","0,00000240627830030807","0,00000694281681127061","0,00000102765096754835"
"0,13730881234705194500","0,00000001270276981060","0,00000001265309701251","0,00000001230442513603","0,00000001237455575574","0,00000001180784292935","0,00000015623848384465","0,00000004060576658237","0,00000482418779834508","0,00000324141555298016","0,00000001224170007227","0,00000057963844592190","0,00000257904797519366","0,00000016700497268328","0,00000257956419715506","0,00000001262972537723","0,00000118440869196616","0,00000778701615638068","0,00000240706203247884","0,00000695369378296667","0,00000102975042009026"
"0,13931273498436658200","0,00000001269684359583","0,00000001264305961059","0,00000001230037818209","0,00000001238126463039","0,00000001184037123014","0,00000015616270418928","0,00000004079688865376","0,00000483320986384129","0,00000323856935955204","0,00000001223303126064","0,00000057952944077605","0,00000258052543412346","0,00000016782850222267","0,00000258769636332545","0,00000001257919429261","0,00000118119282929449","0,00000778083909878894","0,00000240809005426029","0,00000696661280802603","0,00000103220658250012"
"0,14131665762168119100","0,00000001268961092697","0,00000001263063343801","0,00000001229489896356","0,00000001238820594457","0,00000001187893132115","0,00000015608567333068","0,00000004101427451629","0,00000484338958454286","0,00000323517595815317","0,00000001222348363342","0,00000057943535264033","0,00000258223571842434","0,00000016873286564937","0,00000259684117625542","0,00000001252243083498","0,00000117747327851389","0,00000777388343523484","0,00000240936236565243","0,00000698157388644870","0,00000103501945477793"
"0,14332058025899582800","0,00000001268107180401","0,00000001261581849479","0,00000001228798748044","0,00000001239537969827","0,00000001192352320238","0,00000015600739126886","0,00000004125792416996","0,00000485472696044977","0,00000323123534878355","0,00000001221305719061","0,00000057935618151475","0,00000258417882809627","0,00000016971806296336","0,00000260699863594498","0,00000001245943500435","0,00000117325003962437","0,00000776614916571839","0,00000241087896665526","0,00000699857701823467","0,00000103818903692369"
"0,14532450289631046500","0,00000001267122622697","0,00000001259861478091","0,00000001227964373273","0,00000001240278589151","0,00000001197414687383","0,00000015592785800381","0,00000004152783761477","0,00000486722199156204","0,00000322674753144318","0,00000001220175193221","0,00000057929192739931","0,00000258635476313928","0,00000017078409416464","0,00000261816874239413","0,00000001239020680071","0,00000116852311262593","0,00000775763629023958","0,00000241263985726877","0,00000701762220338394","0,00000104171532893741"
"0,14732842553362510100","0,00000001266007419583","0,00000001257902229639","0,00000001226986772044","0,00000001241042452426","0,00000001203080233551","0,00000015584707353553","0,00000004182401485071","0,00000488087467787967","0,00000322171250613206","0,00000001218956785822","0,00000057924259029400","0,00000258876352355334","0,00000017193095925322","0,00000263035149560288","0,00000001231474622407","0,00000116329249751856","0,00000774834480879842","0,00000241464503749297","0,00000703870944189651","0,00000104559833081907"
"0,14933234817093971000","0,00000001264761571060","0,00000001255704104121","0,00000001225865944356","0,00000001241829559655","0,00000001209348958742","0,00000015576503786402","0,00000004214645587780","0,00000489568501940265","0,00000321613027285019","0,00000001217650496865","0,00000057920817019883","0,00000259140510933848","0,00000017315865822910","0,00000264354689557121","0,00000001223305327442","0,00000115755819430227","0,00000773827472139489","0,00000241689450732785","0,00000706183873377238","0,00000104983804256869"
"0,15133627080825434700","0,00000001263481994868","0,00000001253459246764","0,00000001224747697000","0,00000001242630767193","0,00000001215718046970","0,00000015568763191007","0,00000004247023589907","0,00000491043487694588","0,00000321046962399807","0,00000001216384124719","0,00000057917427112238","0,00000259414178583315","0,00000017441627584856","0,00000265669540575018","0,00000001215187183540","0,00000115179943991096","0,00000772826422557743","0,00000241920256693828","0,00000708509516153308","0,00000105408443594987"
"0,15334019344556898400","0,00000001262265608745","0,00000001251359802794","0,00000001223777836768","0,00000001243436931400","0,00000001221684682254","0,00000015562073659444","0,00000004277043011756","0,00000492390611132427","0,00000320519935197617","0,00000001215285467755","0,00000057912649707324","0,00000259683581837586","0,00000017565289686789","0,00000266873748959084","0,00000001207794579063","0,00000114649547127853","0,00000771915151889445","0,00000242138351648912","0,00000710656380770012","0,00000105798748272623"
"0,15534411608288362100","0,00000001261112412692","0,00000001249405772211","0,00000001222956363659","0,00000001244248052275","0,00000001227248864594","0,00000015556435191715","0,00000004304703853328","0,00000493609872253782","0,00000320031945678451","0,00000001214354525974","0,00000057906484805140","0,00000259948720696660","0,00000017686852128711","0,00000267967314709319","0,00000001201127514012","0,00000114164628840498","0,00000771093660134595","0,00000242343735598037","0,00000712624467227351","0,00000106154718289777"
"0,15734803872019823000","0,00000001260022406710","0,00000001247597155014","0,00000001222283277675","0,00000001245064129819","0,00000001232410593988","0,00000015551847787819","0,00000004330006114622","0,00000494701271058652","0,00000319582993842308","0,00000001213591299374","0,00000057898932405687","0,00000260209595160536","0,00000017806314910619","0,00000268950237825723","0,00000001195185988386","0,00000113725189129032","0,00000770361947293194","0,00000242536408541202","0,00000714413775525325","0,00000106476353646448"
"0,15935196135751286700","0,00000001258995590796","0,00000001245933951205","0,00000001221758578814","0,00000001245885164030","0,00000001237169870437","0,00000015548311447755","0,00000004352949795638","0,00000495664807547038","0,00000319173079689188","0,00000001212995787957","0,00000057889992508964","0,00000260466205229215","0,00000017923678032516","0,00000269822518308295","0,00000001189970002186","0,00000113331227993453","0,00000769720013365240","0,00000242716370478408","0,00000716024305663934","0,00000106763654342638"
"0,16135588399482750400","0,00000001258031964953","0,00000001244416160781","0,00000001221382267076","0,00000001246711154910","0,00000001241526693941","0,00000015545826171525","0,00000004373534896377","0,00000496500481718939","0,00000318802203219092","0,00000001212567991722","0,00000057879665114971","0,00000260718550902696","0,00000018038941494400","0,00000270584156157035","0,00000001185479555411","0,00000112982745433763","0,00000769167858350735","0,00000242883621409655","0,00000717456057643177","0,00000107016620378345"
"0,16335980663214211300","0,00000001257131529180","0,00000001243043783745","0,00000001221154342463","0,00000001247542102458","0,00000001245481064501","0,00000015544391959129","0,00000004391761416838","0,00000497208293574356","0,00000318470364432019","0,00000001212307910670","0,00000057867950223709","0,00000260966632180981","0,00000018152105296271","0,00000271235151371945","0,00000001181714648062","0,00000112679741449960","0,00000768705482249677","0,00000243038161334942","0,00000718709031463055","0,00000107235251753571"
"0,16536372926945675000","0,00000001256294283476","0,00000001241816820096","0,00000001221074804973","0,00000001248378006674","0,00000001249032982116","0,00000015544008810565","0,00000004407629357021","0,00000497788243113289","0,00000318177563327969","0,00000001212215544799","0,00000057854847835177","0,00000261210449064068","0,00000018263169438130","0,00000271775503953023","0,00000001178675280139","0,00000112422216042046","0,00000768332885062068","0,00000243179990254271","0,00000719783227123567","0,00000107419548468314"
"0,16736765190677138600","0,00000001255520227842","0,00000001240735269833","0,00000001221143654606","0,00000001249218867558","0,00000001252182446785","0,00000015544676725834","0,00000004421138716927","0,00000498240330335738","0,00000317923799906943","0,00000001212290894111","0,00000057840357949376","0,00000261450001551958","0,00000018372133919976","0,00000272205213900270","0,00000001176361451641","0,00000112210169210020","0,00000768050066787907","0,00000243309108167640","0,00000720678644624714","0,00000107569510522575"
"0,16937157454408602300","0,00000001254809362278","0,00000001239799132957","0,00000001221360891364","0,00000001250064685111","0,00000001254929458510","0,00000015546395704937","0,00000004432289496555","0,00000498564555241702","0,00000317709074168939","0,00000001212533958605","0,00000057824480566305","0,00000261685289644651","0,00000018478998741810","0,00000272524281213685","0,00000001174773162568","0,00000112043600953882","0,00000767857027427194","0,00000243425515075050","0,00000721395283966496","0,00000107685137916354"
"0,17137549718140063200","0,00000001254161686784","0,00000001239008409467","0,00000001221726515245","0,00000001250915459331","0,00000001257274017290","0,00000015549165747872","0,00000004441081695906","0,00000498760917831181","0,00000317533386113960","0,00000001212944738281","0,00000057807215685965","0,00000261916313342146","0,00000018583763903632","0,00000272732705893269","0,00000001173910412921","0,00000111922511273632","0,00000767753766979929","0,00000243529210976500","0,00000721933145148913","0,00000107766430649650"
"0,17337941981871526900","0,00000001253577201359","0,00000001238363099365","0,00000001222240526249","0,00000001251771190220","0,00000001259216123125","0,00000015552986854641","0,00000004447515314979","0,00000498829418104177","0,00000317396735742003","0,00000001213523233139","0,00000057788563308355","0,00000262143072644445","0,00000018686429405441","0,00000272830487939022","0,00000001173773202700","0,00000111846900169270","0,00000767740285446112","0,00000243620195871991","0,00000722292228171964","0,00000107813388722465"
"0,17538334245602990600","0,00000001253055906005","0,00000001237863202649","0,00000001222902924378","0,00000001252631877777","0,00000001260755776015","0,00000015557859025243","0,00000004451590353774","0,00000498770056060688","0,00000317299123053070","0,00000001214269443180","0,00000057768523433476","0,00000262365567551546","0,00000018786995247238","0,00000272817627350944","0,00000001174361531904","0,00000111816767640796","0,00000767816582825743","0,00000243698469761523","0,00000722472533035650","0,00000107826012134797"
"0,17738726509334454300","0,00000001252597800720","0,00000001237508719320","0,00000001223713709630","0,00000001253497522002","0,00000001261892975960","0,00000015563782259678","0,00000004453306812291","0,00000498582831700714","0,00000317240548047160","0,00000001215183368402","0,00000057747096061327","0,00000262583798063450","0,00000018885461429022","0,00000272694124129034","0,00000001175675400534","0,00000111832113688211","0,00000767982659118822","0,00000243764032645096","0,00000722474059739970","0,00000107804300886648"
"0,17939118773065915200","0,00000001252202885505","0,00000001237299649377","0,00000001224672882006","0,00000001254368122896","0,00000001262627722960","0,00000015570756557946","0,00000004452664690531","0,00000498267745024256","0,00000317221010724273","0,00000001216265008807","0,00000057724281191909","0,00000262797764180156","0,00000018981827950793","0,00000272459978273293","0,00000001177714808590","0,00000111892938311513","0,00000768238514325350","0,00000243816884522710","0,00000722296808284925","0,00000107748254978016"
"0,18139511036797378900","0,00000001251871160360","0,00000001237235992821","0,00000001225780441505","0,00000001255243680457","0,00000001262960017016","0,00000015578781920048","0,00000004449663988494","0,00000497824796031314","0,00000317240511084410","0,00000001217514364394","0,00000057700078825221","0,00000263007465901666","0,00000019076094812553","0,00000272115189783721","0,00000001180479756071","0,00000111999241510704","0,00000768584148445325","0,00000243857025394364","0,00000721940778670515","0,00000107657874408902"
"0,18339903300528842500","0,00000001251602625284","0,00000001237317749652","0,00000001227036388128","0,00000001256124194687","0,00000001262889858126","0,00000015587858345982","0,00000004444304706178","0,00000497253984721888","0,00000317299049127570","0,00000001218931435164","0,00000057674488961263","0,00000263212903227978","0,00000019168262014300","0,00000271659758660317","0,00000001183970242977","0,00000112151023285783","0,00000769019561478749","0,00000243884455260059","0,00000721405970896740","0,00000107533159179306"
"0,18540295564260306200","0,00000001251397280279","0,00000001237544919870","0,00000001228440721875","0,00000001257009665585","0,00000001262417246291","0,00000015597985835750","0,00000004436586843585","0,00000496555311095977","0,00000317396624853753","0,00000001220516221115","0,00000057647511600036","0,00000263414076159093","0,00000019258329556034","0,00000271093684903082","0,00000001188186269309","0,00000112348283636750","0,00000769544753425620","0,00000243899174119795","0,00000720692384963599","0,00000107374109289227"
"0,18740687827991767100","0,00000001251255125343","0,00000001237917503475","0,00000001229993442746","0,00000001257900093151","0,00000001261542181512","0,00000015609164389351","0,00000004426510400715","0,00000495728775153582","0,00000317533238262959","0,00000001222268722249","0,00000057619146741539","0,00000263610984695010","0,00000019346297437756","0,00000270416968512015","0,00000001193127835067","0,00000112591022563605","0,00000770159724285940","0,00000243901181973571","0,00000719800020871093","0,00000107180724738667"
"0,18941080091723230800","0,00000001251176160477","0,00000001238435500466","0,00000001231694550740","0,00000001258795477386","0,00000001260264663788","0,00000015621394006784","0,00000004414075377566","0,00000494774376894702","0,00000317708889355189","0,00000001224188938565","0,00000057589394385773","0,00000263803628835731","0,00000019432165659465","0,00000269629609487118","0,00000001198794940250","0,00000112879240066348","0,00000770864474059708","0,00000243890478821389","0,00000718728878619221","0,00000106953005527624"
"0,19141472355454694500","0,00000001251160385681","0,00000001239098910844","0,00000001233544045858","0,00000001259695818288","0,00000001258584693119","0,00000015634674688051","0,00000004399281774141","0,00000493692116319338","0,00000317923578130442","0,00000001226276870063","0,00000057558254532738","0,00000263992008581254","0,00000019515934221162","0,00000268731607828389","0,00000001205187584859","0,00000113212936144979","0,00000771659002746924","0,00000243867064663247","0,00000717478958207984","0,00000106690951656100"
"0,19341864619186155400","0,00000001251207800955","0,00000001239907734609","0,00000001235541928099","0,00000001260601115859","0,00000001256502269504","0,00000015649006433151","0,00000004382129590437","0,00000492481993427490","0,00000318177304588719","0,00000001228532516743","0,00000057525727182432","0,00000264176123931580","0,00000019597603122847","0,00000267722963535829","0,00000001212305768893","0,00000113592110799499","0,00000772543310347588","0,00000243830939499145","0,00000716050259637382","0,00000106394563124093"
"0,19542256882917619100","0,00000001251318406299","0,00000001240861971760","0,00000001237688197464","0,00000001261511370098","0,00000001254017392945","0,00000015664389242085","0,00000004362618826456","0,00000491144008219157","0,00000318470068730019","0,00000001230955878605","0,00000057491812334858","0,00000264355974886709","0,00000019677172364519","0,00000266603676609437","0,00000001220149492353","0,00000114016764029906","0,00000773517396861700","0,00000243782103329085","0,00000714442782907415","0,00000106063839931604"
"0,19742649146649082800","0,00000001251492201712","0,00000001241961622299","0,00000001239982853953","0,00000001262426581005","0,00000001251130063441","0,00000015680823114851","0,00000004340749482197","0,00000489678160694340","0,00000318801870554342","0,00000001233546955650","0,00000057456509990013","0,00000264531561446640","0,00000019754641946178","0,00000265373747049214","0,00000001228718755238","0,00000114486895836202","0,00000774581262289261","0,00000243720556153065","0,00000712656528018082","0,00000105698782078633"
"0,19943041410380546400","0,00000001251729187195","0,00000001243206686223","0,00000001242425897566","0,00000001263346748580","0,00000001247840280993","0,00000015698308051451","0,00000004316521557661","0,00000488084450853038","0,00000319172710061688","0,00000001236305747877","0,00000057419820147899","0,00000264702883611375","0,00000019830011867825","0,00000264033174855160","0,00000001238013557549","0,00000115002506218385","0,00000775734906630269","0,00000243646297971086","0,00000710691494969384","0,00000105299389565179"
"0,20143433674112007400","0,00000001251979886725","0,00000001244455505618","0,00000001244836545237","0,00000001264188757333","0,00000001244459739105","0,00000015715460208392","0,00000004291982800640","0,00000486494918572530","0,00000319551802927526","0,00000001239037439611","0,00000057383321904857","0,00000264864964155332","0,00000019901386114066","0,00000262696049231675","0,00000001247290439044","0,00000115521055104919","0,00000776882492731306","0,00000243566114272422","0,00000708712504833220","0,00000104898938780958"
"0,20343825937843471000","0,00000001252194824277","0,00000001245566422565","0,00000001247034013902","0,00000001264869491772","0,00000001241300131285","0,00000015730895742184","0,00000004269180958931","0,00000485041603730091","0,00000319908364827324","0,00000001241547215177","0,00000057348594357226","0,00000265012825852931","0,00000019966868669507","0,00000261476459383162","0,00000001255805939479","0,00000116000002424264","0,00000777928183438950","0,00000243486790546347","0,00000706884378681488","0,00000104530706115682"
"0,20544218201574934700","0,00000001252373999852","0,00000001246539437064","0,00000001249018303560","0,00000001265388951897","0,00000001238361457533","0,00000015744614652828","0,00000004248116032532","0,00000483724506325723","0,00000320242395761083","0,00000001243835074576","0,00000057315637505006","0,00000265146468704173","0,00000020026459534148","0,00000260374405309619","0,00000001263560058856","0,00000116439348176420","0,00000778871978753201","0,00000243408326792862","0,00000705207116514190","0,00000104194691569351"
"0,20744610465306398400","0,00000001252517413449","0,00000001247374549116","0,00000001250789414212","0,00000001265747137709","0,00000001235643717849","0,00000015756616940322","0,00000004228788021443","0,00000482543626359425","0,00000320553895728802","0,00000001245901017807","0,00000057284451348199","0,00000265265892709057","0,00000020080158707989","0,00000259389887011046","0,00000001270552797173","0,00000116839092361387","0,00000779713878674061","0,00000243330723011966","0,00000703680718331325","0,00000103890895141966"
"0,20945002729037859300","0,00000001252625065069","0,00000001248071758720","0,00000001252347345857","0,00000001265944049208","0,00000001233146912232","0,00000015766902604667","0,00000004211196925665","0,00000481498963831198","0,00000320842864730481","0,00000001247745044870","0,00000057255035886803","0,00000265371097867584","0,00000020127966191029","0,00000258522904487445","0,00000001276784154432","0,00000117199234979166","0,00000780453883201528","0,00000243253979203659","0,00000702305184132893","0,00000103619316833526"
"0,21145394992769323000","0,00000001252696954712","0,00000001248631065876","0,00000001253692098496","0,00000001265979686393","0,00000001230871040683","0,00000015775471645862","0,00000004195342745197","0,00000480590518741040","0,00000321109302766121","0,00000001249367155766","0,00000057227391120819","0,00000265462084179753","0,00000020169881983270","0,00000257773457738814","0,00000001282254130632","0,00000117519776029755","0,00000781091992335602","0,00000243178095367941","0,00000701080513918894","0,00000103379956644032"
"0,21345787256500786700","0,00000001252733082378","0,00000001249052470585","0,00000001254823672129","0,00000001265854049265","0,00000001228816103201","0,00000015782324063909","0,00000004181225480039","0,00000479818291088953","0,00000321353209835720","0,00000001250767350493","0,00000057201517050247","0,00000265538851645564","0,00000020205906084710","0,00000257141546765154","0,00000001286962725773","0,00000117800715513157","0,00000781628206076285","0,00000243103071504813","0,00000700006707689328","0,00000103172814573483"
"0,21546179520232250400","0,00000001252733448066","0,00000001249335972846","0,00000001255742066755","0,00000001265567137823","0,00000001226982099787","0,00000015787459858807","0,00000004168845130193","0,00000479182280874936","0,00000321574585939280","0,00000001251945629053","0,00000057177413675087","0,00000265601400265018","0,00000020236038495351","0,00000256627171566465","0,00000001290909939855","0,00000118042053429369","0,00000782062524423575","0,00000243028907614273","0,00000699083765444195","0,00000102997890621880"
"0,21746571783963711300","0,00000001252698051777","0,00000001249481572659","0,00000001256447282374","0,00000001265118952067","0,00000001225369030441","0,00000015790879030555","0,00000004158201695656","0,00000478682488098989","0,00000321773431076801","0,00000001252901991446","0,00000057155080995338","0,00000265649730038115","0,00000020260279215191","0,00000256230332142746","0,00000001294095772878","0,00000118243789778393","0,00000782394947377473","0,00000242955603696323","0,00000698311687183495","0,00000102855184789223"
"0,21946964047695174900","0,00000001252626893511","0,00000001249489270025","0,00000001256939318987","0,00000001264509491998","0,00000001223976895162","0,00000015792581579154","0,00000004149295176430","0,00000478318912761113","0,00000321949745248281","0,00000001253636437670","0,00000057134519011002","0,00000265683840964854","0,00000020278628244232","0,00000255951028493998","0,00000001296520224842","0,00000118405924560228","0,00000782625474937978","0,00000242883159750963","0,00000697690472907228","0,00000102744697075510"
"0,22147356311426638600","0,00000001252519973267","0,00000001249359064943","0,00000001257218176594","0,00000001263738757616","0,00000001222805693951","0,00000015792567504604","0,00000004142125572514","0,00000478091554861306","0,00000322103528453722","0,00000001254148967727","0,00000057115727722077","0,00000265703733045235","0,00000020291085582472","0,00000255789260620221","0,00000001298183295747","0,00000118528457774874","0,00000782754107105091","0,00000242811575778191","0,00000697220122615394","0,00000102666427480744"
"0,22347748575158102300","0,00000001252377291046","0,00000001249090957413","0,00000001257283855194","0,00000001262806748920","0,00000001221855426808","0,00000015790836806905","0,00000004136692883909","0,00000478000414399570","0,00000322234780693123","0,00000001254439581616","0,00000057098707128563","0,00000265709406279259","0,00000020297651229912","0,00000255745028521415","0,00000001299084985594","0,00000118611389422332","0,00000782780843878812","0,00000242740851778009","0,00000696900636307993","0,00000102620376004922"
"0,22548140838889563200","0,00000001252198846848","0,00000001248684947436","0,00000001257136354788","0,00000001261713465910","0,00000001221126093732","0,00000015787389486057","0,00000004132997110615","0,00000478045491375904","0,00000322343501966485","0,00000001254508279337","0,00000057083457230462","0,00000265700860666925","0,00000020298325186552","0,00000255818332197579","0,00000001299225294381","0,00000118654719502600","0,00000782705685259140","0,00000242670987750416","0,00000696732013985025","0,00000102606542648047"
"0,22748533102621026900","0,00000001251984640673","0,00000001248141035011","0,00000001256775675375","0,00000001260458908587","0,00000001220617694725","0,00000015782225542060","0,00000004131038252630","0,00000478226785790309","0,00000322429692273806","0,00000001254355060891","0,00000057069978027772","0,00000265678096208234","0,00000020293107452392","0,00000256009171648714","0,00000001298604222110","0,00000118658448015681","0,00000782528631246076","0,00000242601983695413","0,00000696714255646490","0,00000102624927410116"
"0,22948925366352490600","0,00000001251734672520","0,00000001247459220139","0,00000001256201816956","0,00000001259043076950","0,00000001220330229784","0,00000015775344974913","0,00000004130816309957","0,00000478544297642783","0,00000322493351615088","0,00000001253979926277","0,00000057058269520494","0,00000265641112903185","0,00000020281998027432","0,00000256317546874820","0,00000001297221768779","0,00000118622574961572","0,00000782249681839620","0,00000242533839612998","0,00000696847361292388","0,00000102675530291132"
"0,23149317630083951500","0,00000001251448942390","0,00000001246639502818","0,00000001255414779530","0,00000001257465971000","0,00000001220263698912","0,00000015766747784618","0,00000004132331282593","0,00000478998026933328","0,00000322534479990330","0,00000001253382875495","0,00000057048331708628","0,00000265589910751779","0,00000020264996911672","0,00000256743457875897","0,00000001295077934390","0,00000118547100340275","0,00000781868837039771","0,00000242466555503173","0,00000697131330922720","0,00000102758351291092"
"0,23349709893815415200","0,00000001251127450282","0,00000001245681883051","0,00000001254414563098","0,00000001255727590737","0,00000001220418102107","0,00000015756433971173","0,00000004135583170540","0,00000479587973661943","0,00000322553077399533","0,00000001252563908545","0,00000057040164592174","0,00000265524489754015","0,00000020242104105112","0,00000257286904651944","0,00000001292172718942","0,00000118432024151789","0,00000781386096846530","0,00000242400131365937","0,00000697566164537484","0,00000102873390409999"
"0,23550102157546878900","0,00000001250770196198","0,00000001244586360835","0,00000001253201167660","0,00000001253827936160","0,00000001220793439369","0,00000015744403534579","0,00000004140571973798","0,00000480314137828628","0,00000322549143842696","0,00000001251523025428","0,00000057033768171131","0,00000265444849909893","0,00000020213319607752","0,00000257947887202962","0,00000001288506122435","0,00000118277346396114","0,00000780801461259897","0,00000242334567201291","0,00000698151862136681","0,00000103020647647850"
"0,23750494421278342500","0,00000001250377180136","0,00000001243352936172","0,00000001251774593215","0,00000001251767007269","0,00000001221389710700","0,00000015730656474836","0,00000004147297692366","0,00000481176519433383","0,00000322522679319819","0,00000001250260226143","0,00000057029142445500","0,00000265350991219414","0,00000020178643419592","0,00000258726405528951","0,00000001284078144869","0,00000118083067073251","0,00000780114930279871","0,00000242269863009234","0,00000698888423720312","0,00000103200123004648"
"0,23950886685009803400","0,00000001249948402096","0,00000001241981609061","0,00000001250134839763","0,00000001249544804065","0,00000001222206916097","0,00000015715192791944","0,00000004155760326244","0,00000482175118476209","0,00000322473683830902","0,00000001248775510690","0,00000057026287415281","0,00000265242913682577","0,00000020138075540632","0,00000259622459629911","0,00000001278888786245","0,00000117849186183199","0,00000779326503906453","0,00000242206018789765","0,00000699775849288375","0,00000103411816480390"
"0,24151278948741267100","0,00000001249483862080","0,00000001240472379503","0,00000001248281907305","0,00000001247161326547","0,00000001223245055563","0,00000015698012485902","0,00000004165959875433","0,00000483309934957105","0,00000322402157375946","0,00000001247068879070","0,00000057025203080474","0,00000265120617299383","0,00000020091615970871","0,00000260636049505841","0,00000001272938046561","0,00000117575703725958","0,00000778436182139643","0,00000242143034542887","0,00000700814138840872","0,00000103655728075079"
"0,24351671212472730800","0,00000001248983560086","0,00000001238825247497","0,00000001246215795841","0,00000001244616574716","0,00000001224504129096","0,00000015679115556712","0,00000004177896339933","0,00000484580968876071","0,00000322308099954949","0,00000001245140331282","0,00000057025889441079","0,00000264984102069831","0,00000020039264710311","0,00000261767175156742","0,00000001266225925818","0,00000117262619701528","0,00000777443964979441","0,00000242080910268597","0,00000702003292377801","0,00000103931857788712"
"0,24552063476204194500","0,00000001248447496114","0,00000001237040213043","0,00000001243936505370","0,00000001241910548571","0,00000001225984136697","0,00000015658502004372","0,00000004191569719742","0,00000485988220233107","0,00000322191511567914","0,00000001242989867326","0,00000057028346497095","0,00000264833367993922","0,00000019981021758950","0,00000263015836582614","0,00000001258752424017","0,00000116909934109910","0,00000776349852425846","0,00000242019645966897","0,00000703343309899164","0,00000104240205621291"
"0,24752455739935655400","0,00000001247875670166","0,00000001235117276142","0,00000001241444035893","0,00000001239043248113","0,00000001227685078366","0,00000015636171828884","0,00000004206980014863","0,00000487531689028214","0,00000322052392214838","0,00000001240617487202","0,00000057032574248523","0,00000264668415071655","0,00000019916887116790","0,00000264382033783457","0,00000001250517541157","0,00000116517646951103","0,00000775153844478858","0,00000241959241637786","0,00000704834191404959","0,00000104580771572816"
"0,24952848003667119100","0,00000001247268082240","0,00000001233056436793","0,00000001238738387409","0,00000001236014673341","0,00000001229606954102","0,00000015612125030246","0,00000004224127225293","0,00000489211375261390","0,00000321890741895723","0,00000001238023190911","0,00000057038572695363","0,00000264489243303031","0,00000019846860783829","0,00000265865766759270","0,00000001241521277237","0,00000116085758225107","0,00000773855941138479","0,00000241899697281264","0,00000706475936895188","0,00000104953555643286"
"0,25153240267398580000","0,00000001246617109855","0,00000001231021728597","0,00000001236033250457","0,00000001233039159866","0,00000001231640599866","0,00000015588372447625","0,00000004241551418091","0,00000490888256557094","0,00000321721145847554","0,00000001235409733837","0,00000057044773523117","0,00000264318428045912","0,00000019776373415288","0,00000267347357316982","0,00000001232535167122","0,00000115650878915835","0,00000772563542404498","0,00000241845719691540","0,00000708131039061360","0,00000105327439411399"
"0,25353632531130043700","0,00000001245915130531","0,00000001229177185155","0,00000001233542315574","0,00000001230331043299","0,00000001233676851619","0,00000015566924920186","0,00000004257792660312","0,00000492423310539784","0,00000321558189307320","0,00000001232979871365","0,00000057049608417289","0,00000264178544658161","0,00000019710855666384","0,00000268707127263520","0,00000001224330745672","0,00000115249620007200","0,00000771384048276707","0,00000241802015662820","0,00000709661990594988","0,00000105671304455850"
"0,25554024794861507300","0,00000001245162144267","0,00000001227522806466","0,00000001231265582761","0,00000001227890323639","0,00000001235715709360","0,00000015547782447930","0,00000004272850951957","0,00000493816537209458","0,00000321401872275020","0,00000001230733603495","0,00000057053077377877","0,00000264069593139779","0,00000019650307537118","0,00000269945076598885","0,00000001216908012888","0,00000114881981499201","0,00000770317458755105","0,00000241768585195106","0,00000711068791496072","0,00000105985150776640"
"0,25754417058592971000","0,00000001244358151062","0,00000001226058592530","0,00000001229203052017","0,00000001225717000886","0,00000001237757173089","0,00000015530945030856","0,00000004286726293026","0,00000495067936566117","0,00000321252194750654","0,00000001228670930228","0,00000057055180404883","0,00000263991573490765","0,00000019594729027491","0,00000271061205323076","0,00000001210266968770","0,00000114547963391839","0,00000769363773839693","0,00000241745428288397","0,00000712351441764610","0,00000106268978373770"
"0,25954809322324434700","0,00000001243503150918","0,00000001224784543348","0,00000001227354723343","0,00000001223811075040","0,00000001239801242806","0,00000015516412668965","0,00000004299418683518","0,00000496177508609761","0,00000321109156734221","0,00000001226791851563","0,00000057055917498306","0,00000263944485711120","0,00000019544120137501","0,00000272055513436094","0,00000001204407613317","0,00000114247565685114","0,00000768522993530470","0,00000241732544942694","0,00000713509941400603","0,00000106522787247238"
"0,26155201586055898400","0,00000001242597143834","0,00000001223700658920","0,00000001225720596739","0,00000001222172546101","0,00000001241847918512","0,00000015504185362256","0,00000004310928123434","0,00000497145253340390","0,00000320972758225723","0,00000001225096367500","0,00000057055288658146","0,00000263928329800843","0,00000019498480867150","0,00000272928000937938","0,00000001199329946531","0,00000113980788379025","0,00000767795117827437","0,00000241729935157995","0,00000714544290404052","0,00000106746577397045"
"0,26355593849787362100","0,00000001241640129810","0,00000001222806939245","0,00000001224300672204","0,00000001220801414070","0,00000001243897200207","0,00000015494263110730","0,00000004321254612774","0,00000497971170758003","0,00000320842999225159","0,00000001223584478040","0,00000057053293884403","0,00000263943105759934","0,00000019457811216436","0,00000273678667828608","0,00000001195033968411","0,00000113747631473572","0,00000767180146730594","0,00000241737598934302","0,00000715454488774956","0,00000106940348823191"
"0,26555986113518820200","0,00000001240632108846","0,00000001222103384323","0,00000001223094949738","0,00000001219697678946","0,00000001245949087889","0,00000015486645914386","0,00000004330398151537","0,00000498655260862602","0,00000320719879732528","0,00000001222256183182","0,00000057049933177077","0,00000263988813588394","0,00000019422111185361","0,00000274307514108105","0,00000001191519678956","0,00000113548094968756","0,00000766678080239941","0,00000241755536271614","0,00000716240536513315","0,00000107104101525676"
"0,26756378377250283900","0,00000001239573080943","0,00000001221589994155","0,00000001222103429342","0,00000001218861340730","0,00000001248003581560","0,00000015481333773224","0,00000004338358739724","0,00000499197523654186","0,00000320603399747832","0,00000001221111482926","0,00000057045206536169","0,00000264065453286223","0,00000019391380773924","0,00000274814539776429","0,00000001188787078168","0,00000113382178864577","0,00000766288918355477","0,00000241783747169931","0,00000716902433619129","0,00000107237835504501"
"0,26956770640981747600","0,00000001238463046099","0,00000001221266768741","0,00000001221326111016","0,00000001218292399420","0,00000001250060681219","0,00000015478326687245","0,00000004345136377334","0,00000499597959132755","0,00000320493559271069","0,00000001220150377272","0,00000057039113961678","0,00000264173024853419","0,00000019365619982124","0,00000275199744833579","0,00000001186836166045","0,00000113249883161034","0,00000766012661077202","0,00000241822231629254","0,00000717440180092399","0,00000107341550759664"
"0,27157162904713211300","0,00000001237302004315","0,00000001221133708080","0,00000001220762994759","0,00000001217990855018","0,00000001252120386867","0,00000015477624656449","0,00000004350731064368","0,00000499856567298308","0,00000320390358302241","0,00000001219372866221","0,00000057031655453603","0,00000264311528289984","0,00000019344828809963","0,00000275463129279555","0,00000001185666942588","0,00000113151207858128","0,00000765849308405118","0,00000241870989649581","0,00000717853775933124","0,00000107415247291166"
"0,27357555168444674900","0,00000001236089955592","0,00000001221190812172","0,00000001220414080572","0,00000001217956707524","0,00000001254182698502","0,00000015479227680835","0,00000004355142800826","0,00000499973348150846","0,00000320293796841346","0,00000001218778949772","0,00000057022831011946","0,00000264480963595918","0,00000019329007257439","0,00000275604693114358","0,00000001185279407797","0,00000113086152955858","0,00000765798860339223","0,00000241930021230914","0,00000718143221141304","0,00000107458925099007"
"0,27557947432176138600","0,00000001234826899929","0,00000001221438081018","0,00000001220279368454","0,00000001218189956936","0,00000001256247616127","0,00000015483135760404","0,00000004358371586707","0,00000499948301690370","0,00000320203874888386","0,00000001218368627925","0,00000057012640636706","0,00000264681330771220","0,00000019318155324554","0,00000275624436337987","0,00000001185673561673","0,00000113054718454225","0,00000765861316879517","0,00000241999326373252","0,00000718308515716939","0,00000107472584183187"
"0,27758339695907602300","0,00000001233512837325","0,00000001221875514618","0,00000001220358858405","0,00000001218690603256","0,00000001258315139739","0,00000015489348895155","0,00000004360417422012","0,00000499781427916878","0,00000320120592443359","0,00000001218141900681","0,00000057001084327884","0,00000264912629815890","0,00000019312273011307","0,00000275522358950443","0,00000001186849404213","0,00000113056904353228","0,00000766036678026001","0,00000242078905076596","0,00000718349659660029","0,00000107456224543706"
"0,27958731959639066000","0,00000001232147767782","0,00000001222503112971","0,00000001220652550427","0,00000001219458646483","0,00000001260385269340","0,00000015497867085088","0,00000004361280306741","0,00000499472726830371","0,00000320043949506267","0,00000001218098768038","0,00000056988162085478","0,00000265174860729929","0,00000019311360317697","0,00000275298460951725","0,00000001188806935420","0,00000113092710652868","0,00000766324943778675","0,00000242168757340944","0,00000718266652970575","0,00000107409846180564"
"0,28159124223370524100","0,00000001230731691299","0,00000001223320876078","0,00000001221160444517","0,00000001220494086617","0,00000001262458004929","0,00000015508690330204","0,00000004360960240893","0,00000499022198430850","0,00000319973946077108","0,00000001218239229998","0,00000056973873909489","0,00000265468023513336","0,00000019315417243726","0,00000274952742341833","0,00000001191546155293","0,00000113162137353144","0,00000766726114137538","0,00000242268883166298","0,00000718059495648575","0,00000107333449093761"
"0,28359516487101987800","0,00000001229264607876","0,00000001224328803938","0,00000001221882540678","0,00000001221796923659","0,00000001264533346507","0,00000015521818630503","0,00000004359457224469","0,00000498429842718313","0,00000319910582155883","0,00000001218563286561","0,00000056958219799918","0,00000265792118166111","0,00000019324443789393","0,00000274485203120768","0,00000001195067063832","0,00000113265184454057","0,00000767240189102591","0,00000242379282552657","0,00000717728187694031","0,00000107227033283297"
"0,28559908750833451500","0,00000001227746517513","0,00000001225526896551","0,00000001222818838907","0,00000001223367157608","0,00000001266611294072","0,00000015537251985984","0,00000004356771257468","0,00000497695659692761","0,00000319853857742593","0,00000001219070937725","0,00000056941199756764","0,00000266147144688255","0,00000019338439954698","0,00000273895843288530","0,00000001199369661036","0,00000113401851955607","0,00000767867168673834","0,00000242499955500021","0,00000717272729106942","0,00000107090598749171"
"0,28760301014564915200","0,00000001226177420210","0,00000001226915153918","0,00000001223969339207","0,00000001225204788464","0,00000001268691847626","0,00000015554990396647","0,00000004352902339892","0,00000496819649354194","0,00000319803772837236","0,00000001219762183492","0,00000056922813780027","0,00000266533103079768","0,00000019357405739640","0,00000273184662845118","0,00000001204453946907","0,00000113572139857793","0,00000768607052851266","0,00000242630902008390","0,00000716693119887309","0,00000106924145491385"
"0,28960693278296378800","0,00000001224557315967","0,00000001228493576039","0,00000001225334041576","0,00000001227309816227","0,00000001270775007169","0,00000015575033862493","0,00000004347850471738","0,00000495801811702611","0,00000319760327439813","0,00000001220637023862","0,00000056903061869707","0,00000266949993340648","0,00000019381341144221","0,00000272351661790532","0,00000001210319921443","0,00000113776048160616","0,00000769459841634888","0,00000242772122077765","0,00000715989360035130","0,00000106727673509938"
"0,29161085542027842500","0,00000001222886204785","0,00000001230262162913","0,00000001226912946014","0,00000001229682240898","0,00000001272860772700","0,00000015597382383522","0,00000004341615653009","0,00000494642146738014","0,00000319723521550325","0,00000001221695458833","0,00000056881944025804","0,00000267397815470897","0,00000019410246168440","0,00000271396840124773","0,00000001216967584645","0,00000114013576864075","0,00000770425535024700","0,00000242923615708145","0,00000715161449550407","0,00000106501182804830"
"0,29361477805759306200","0,00000001221164086662","0,00000001232220914541","0,00000001228706052522","0,00000001232322062476","0,00000001274949144219","0,00000015622035959733","0,00000004334197883703","0,00000493340654460402","0,00000319693355168770","0,00000001222937488407","0,00000056859460248319","0,00000267876569470515","0,00000019444120812297","0,00000270320197847840","0,00000001224396936513","0,00000114284725968171","0,00000771504133020701","0,00000243085382899530","0,00000714209388433139","0,00000106244673376060"
"0,29561870069490764300","0,00000001219390961600","0,00000001234369830922","0,00000001230713361099","0,00000001235229280962","0,00000001277040121726","0,00000015648994591126","0,00000004325597163820","0,00000491897334869775","0,00000319669828295149","0,00000001224363112583","0,00000056835610537250","0,00000268386255339501","0,00000019482965075792","0,00000269121734959733","0,00000001232607977047","0,00000114589495472903","0,00000772695635622892","0,00000243257423651920","0,00000713133176683326","0,00000105958145223630"
"0,29762262333222228000","0,00000001217566829597","0,00000001236708912056","0,00000001232934871746","0,00000001238403896354","0,00000001279133705222","0,00000015678258277702","0,00000004315813493362","0,00000490312187966132","0,00000319652940929462","0,00000001225972331361","0,00000056810394892599","0,00000268926873077855","0,00000019526778958924","0,00000267801451460453","0,00000001241600706247","0,00000114927885378272","0,00000774000042831272","0,00000243439737965316","0,00000711932814300968","0,00000105641598347539"
"0,29962654596953691700","0,00000001215691690655","0,00000001239238157944","0,00000001235370584463","0,00000001241845908654","0,00000001281229894706","0,00000015709827019460","0,00000004304846872327","0,00000488585213749475","0,00000319642693071709","0,00000001227765144742","0,00000056783813314365","0,00000269498422685578","0,00000019575562461695","0,00000266359347350000","0,00000001251375124113","0,00000115299895684278","0,00000775417354645842","0,00000243632325839716","0,00000710608301286066","0,00000105295032747786"
"0,30163046860685155400","0,00000001213921887788","0,00000001241779802780","0,00000001237822126978","0,00000001245280397531","0,00000001283229616878","0,00000015741184676344","0,00000004293819881057","0,00000486860738507030","0,00000319638899028163","0,00000001229569136862","0,00000056757263098759","0,00000270063358139136","0,00000019623476416543","0,00000264918474318388","0,00000001261118711467","0,00000115674450718608","0,00000776830607965416","0,00000243820571134441","0,00000709273463525994","0,00000104947589512131"
"0,30363439124416619100","0,00000001212413764013","0,00000001244156080758","0,00000001240091127022","0,00000001248432442656","0,00000001285033798437","0,00000015769815108296","0,00000004283855099896","0,00000485283088526028","0,00000319641373105095","0,00000001231211891859","0,00000056732141541994","0,00000270584133414997","0,00000019664681655908","0,00000263601884055634","0,00000001270018949132","0,00000116020474808951","0,00000778122839688807","0,00000243989857708806","0,00000708042126908130","0,00000104628409728329"
"0,30563831388148082800","0,00000001211167319328","0,00000001246366991877","0,00000001242177584593","0,00000001251302044028","0,00000001286642439383","0,00000015795718315316","0,00000004274952528842","0,00000483852263806467","0,00000319650115302507","0,00000001232693409732","0,00000056708448644070","0,00000271060748513160","0,00000019699178179788","0,00000262409576561737","0,00000001278075837108","0,00000116337967955308","0,00000779294049816016","0,00000244140185562814","0,00000706914291432472","0,00000104337493396381"
"0,30764223651879546400","0,00000001210182553735","0,00000001248412536138","0,00000001244081499692","0,00000001253889201648","0,00000001288055539716","0,00000015818894297404","0,00000004267112167896","0,00000482568264348348","0,00000319665125620398","0,00000001234013690483","0,00000056686184404987","0,00000271493203433625","0,00000019726965988185","0,00000261341551836697","0,00000001285289375394","0,00000116626930157678","0,00000780344238347043","0,00000244271554696463","0,00000705889957099022","0,00000104074840516288"
"0,30964615915611010100","0,00000001209459467232","0,00000001250292713541","0,00000001245802872320","0,00000001256193915516","0,00000001289273099436","0,00000015839343054560","0,00000004260334017057","0,00000481431090151672","0,00000319686404058768","0,00000001235172734110","0,00000056665348824744","0,00000271881498176393","0,00000019748045081098","0,00000260397809880514","0,00000001291659563991","0,00000116887361416061","0,00000781273405281887","0,00000244383965109753","0,00000704969123907778","0,00000103840451088049"
"0,31165008179342468200","0,00000001208998059821","0,00000001252007524086","0,00000001247341702475","0,00000001258216185631","0,00000001290295118543","0,00000015857064586785","0,00000004254618076327","0,00000480440741216436","0,00000319713950617616","0,00000001236170540614","0,00000056645941903341","0,00000272225632741463","0,00000019762415458527","0,00000259578350693189","0,00000001297186402898","0,00000117119261730457","0,00000782081550620549","0,00000244477416802685","0,00000704151791858742","0,00000103634325111663"
"0,31365400443073931900","0,00000001208798331501","0,00000001253556967773","0,00000001248697990159","0,00000001259956011993","0,00000001291121597037","0,00000015872058894077","0,00000004249964345704","0,00000479597217542643","0,00000319747765296944","0,00000001237007109994","0,00000056627963640779","0,00000272525607128836","0,00000019770077120472","0,00000258883174274720","0,00000001301869892117","0,00000117322631100867","0,00000782768674363029","0,00000244551909775259","0,00000703437960951912","0,00000103456462587132"
"0,31565792706805395600","0,00000001208860282272","0,00000001254941044602","0,00000001249871735371","0,00000001261413394603","0,00000001291752534918","0,00000015884325976438","0,00000004246372825189","0,00000478900519130291","0,00000319787848096751","0,00000001237682442252","0,00000056611414037058","0,00000272781421338511","0,00000019771030066934","0,00000258312280625109","0,00000001305710031646","0,00000117497469527290","0,00000783334776509326","0,00000244607444027475","0,00000702827631187290","0,00000103306863514455"
"0,31766184970536859300","0,00000001209183912134","0,00000001256159754572","0,00000001250862938110","0,00000001262588333461","0,00000001292187932187","0,00000015893865833867","0,00000004243843514782","0,00000478350645979381","0,00000319834199017037","0,00000001238196537386","0,00000056596293092177","0,00000272993075370489","0,00000019765274297912","0,00000257865669744356","0,00000001308706821485","0,00000117643777009726","0,00000783779857059441","0,00000244644019559332","0,00000702320802564874","0,00000103185527893633"
"0,31966577234268323000","0,00000001209769221087","0,00000001257213097684","0,00000001251671598378","0,00000001263480828566","0,00000001292427788842","0,00000015900678466364","0,00000004242376414482","0,00000477947598089913","0,00000319886818057802","0,00000001238549395397","0,00000056582600806137","0,00000273160569224769","0,00000019752809813406","0,00000257543341632459","0,00000001310860261636","0,00000117761553548175","0,00000784103916013374","0,00000244661636370830","0,00000701917475084665","0,00000103092455724664"
"0,32166969497999786700","0,00000001210616209131","0,00000001258101073938","0,00000001252297716174","0,00000001264090879918","0,00000001292472104885","0,00000015904763873929","0,00000004241971524291","0,00000477691375461886","0,00000319945705219046","0,00000001238741016285","0,00000056570337178938","0,00000273283902901351","0,00000019733636613416","0,00000257345296289420","0,00000001312170352097","0,00000117850799142637","0,00000784306953371124","0,00000244660294461971","0,00000701617648746664","0,00000103027647007550"
"0,32367361761731250300","0,00000001211724876266","0,00000001258823683334","0,00000001252741291497","0,00000001264418487518","0,00000001292320880314","0,00000015906122056562","0,00000004242628844207","0,00000477581978095302","0,00000320010860500768","0,00000001238771400049","0,00000056559502210579","0,00000273363076400236","0,00000019707754697943","0,00000257271533715238","0,00000001312637092868","0,00000117911513793113","0,00000784388969132692","0,00000244639993832752","0,00000701421323550869","0,00000102991101742289"
"0,32567754025462714000","0,00000001213095222492","0,00000001259380925872","0,00000001253002324349","0,00000001264463651366","0,00000001291974115131","0,00000015904753014264","0,00000004244348374231","0,00000477619405990159","0,00000320082283902970","0,00000001238640546691","0,00000056550095901060","0,00000273398089721423","0,00000019675164066985","0,00000257322053909913","0,00000001312260483951","0,00000117943697499601","0,00000784349963298078","0,00000244600734483176","0,00000701328499497281","0,00000102982819928883"
"0,32768146289194172200","0,00000001214727247810","0,00000001259772801551","0,00000001253080814729","0,00000001264226371461","0,00000001291431809334","0,00000015900656747034","0,00000004247130114362","0,00000477803659146458","0,00000320159975425651","0,00000001238348456209","0,00000056542118250383","0,00000273388942864913","0,00000019635864720544","0,00000257496856873445","0,00000001311040525344","0,00000117947350262103","0,00000784189935867282","0,00000244542516413241","0,00000701339176585900","0,00000103002801567331"
"0,32968538552925635800","0,00000001216620952218","0,00000001259999310373","0,00000001252976762637","0,00000001263706647804","0,00000001290693962925","0,00000015893833254871","0,00000004250974064601","0,00000478134737564198","0,00000320243935068811","0,00000001237895128603","0,00000056535569258545","0,00000273335635830705","0,00000019589856658620","0,00000257795942605835","0,00000001308977217048","0,00000117922472080618","0,00000783908886840303","0,00000244465339622948","0,00000701453354816727","0,00000103051046657633"
"0,33168930816657099500","0,00000001218776335718","0,00000001260060452336","0,00000001252690168073","0,00000001262904480394","0,00000001289760575903","0,00000015884282537777","0,00000004255880224948","0,00000478612641243381","0,00000320334162832451","0,00000001237280563875","0,00000056530448925549","0,00000273238168618800","0,00000019537139881211","0,00000258219311107082","0,00000001306070559062","0,00000117869062955147","0,00000783506816217142","0,00000244369204112296","0,00000701671034189760","0,00000103127555199789"
"0,33369323080388563200","0,00000001221193398308","0,00000001259956227441","0,00000001252221031037","0,00000001261819869232","0,00000001288631648268","0,00000015872004595752","0,00000004261848595403","0,00000479237370184005","0,00000320430658716569","0,00000001236504762023","0,00000056526757251392","0,00000273096541229197","0,00000019477714388319","0,00000258766962377186","0,00000001302320551388","0,00000117787122885688","0,00000782983723997798","0,00000244254109881286","0,00000701992214705000","0,00000103232327193800"
"0,33569715344120026900","0,00000001223872139990","0,00000001259686635688","0,00000001251569351529","0,00000001260452814317","0,00000001287307180020","0,00000015856999428794","0,00000004268879175966","0,00000480008924386071","0,00000320533422721166","0,00000001235567723048","0,00000056524494236077","0,00000272910753661896","0,00000019411580179943","0,00000259438896416147","0,00000001297727194024","0,00000117676651872243","0,00000782339610182272","0,00000244120056929918","0,00000702416896362447","0,00000103365362639664"
"0,33770107607851490600","0,00000001226812560763","0,00000001259251677076","0,00000001250735129549","0,00000001258803315650","0,00000001285787171159","0,00000015839267036904","0,00000004276971966636","0,00000480927303849579","0,00000320642454846242","0,00000001234469446950","0,00000056523659879602","0,00000272680805916898","0,00000019338737256083","0,00000260235113223966","0,00000001292290486970","0,00000117537649914811","0,00000781574474770564","0,00000243967045258191","0,00000702945079162101","0,00000103526661537383"
"0,33970499871582954200","0,00000001230014660627","0,00000001258651351607","0,00000001249718365097","0,00000001256871373230","0,00000001284071621685","0,00000015818807420083","0,00000004286126967414","0,00000481992508574528","0,00000320757755091797","0,00000001233209933729","0,00000056524254181968","0,00000272406697994202","0,00000019259185616739","0,00000261155612800641","0,00000001286010430228","0,00000117370117013392","0,00000780688317762674","0,00000243795074866106","0,00000703576763103962","0,00000103716223886955"
"0,34170892135314412400","0,00000001233478439582","0,00000001257885659279","0,00000001248519058174","0,00000001254656987058","0,00000001282160531598","0,00000015795620578330","0,00000004296344178300","0,00000483204538560919","0,00000320879323457831","0,00000001231789183384","0,00000056526277143174","0,00000272088429893809","0,00000019172925261912","0,00000262200395146174","0,00000001278887023796","0,00000117174053167986","0,00000779681139158601","0,00000243604145753662","0,00000704311948188030","0,00000103934049688382"
"0,34371284399045876100","0,00000001237203897628","0,00000001256954600093","0,00000001247137208778","0,00000001252160157134","0,00000001280053900898","0,00000015769706511644","0,00000004307623599294","0,00000484563393808753","0,00000321007159944345","0,00000001230207195916","0,00000056529728763221","0,00000271726001615718","0,00000019079956191601","0,00000263369460260565","0,00000001270920267674","0,00000116949458378594","0,00000778552938958346","0,00000243394257920860","0,00000705150634414305","0,00000104180138941663"
"0,34571676662777339700","0,00000001241191034765","0,00000001255858174049","0,00000001245572816910","0,00000001249380883457","0,00000001277751729585","0,00000015741065220027","0,00000004319965230395","0,00000486069074318027","0,00000321141264551337","0,00000001228463971325","0,00000056534609042108","0,00000271319413159929","0,00000018980278405806","0,00000264662808143812","0,00000001262110161864","0,00000116696332645215","0,00000777303717161908","0,00000243165411367700","0,00000706092821782787","0,00000104454491646798"
"0,34772068926508803400","0,00000001245439850993","0,00000001254596381147","0,00000001243825882571","0,00000001246319166027","0,00000001275254017659","0,00000015709696703479","0,00000004333369071605","0,00000487721580088744","0,00000321281637278808","0,00000001226559509611","0,00000056540917979836","0,00000270868664526443","0,00000018873891904527","0,00000266080438795917","0,00000001252456706364","0,00000116414675967849","0,00000775933473769288","0,00000242917606094181","0,00000707138510293476","0,00000104757107803788"
"0,34972461190240267100","0,00000001249950346312","0,00000001253169221387","0,00000001241896405759","0,00000001242975004845","0,00000001272560765121","0,00000015675600961998","0,00000004347835122922","0,00000489520911120902","0,00000321428278126758","0,00000001224493810773","0,00000056548655576404","0,00000270373755715259","0,00000018760796687765","0,00000267622352216879","0,00000001241959901175","0,00000116104488346496","0,00000774442208780486","0,00000242650842100304","0,00000708287699946372","0,00000105087987412631"
"0,35172853453971730800","0,00000001254408310999","0,00000001251708540347","0,00000001239975250742","0,00000001239642915335","0,00000001269838989662","0,00000015641643793012","0,00000004362294906763","0,00000491316850470594","0,00000321572035519253","0,00000001222396103457","0,00000056556589282184","0,00000269881882675648","0,00000018648732282937","0,00000269161792508140","0,00000001231467022922","0,00000115793568019876","0,00000772955860843713","0,00000242385704113036","0,00000709437619591013","0,00000105418644674853"
"0,35373245717703194500","0,00000001258499535330","0,00000001250346183607","0,00000001238253281788","0,00000001236617412919","0,00000001267255708976","0,00000015610690993947","0,00000004375679945547","0,00000492959181193911","0,00000321703757880358","0,00000001220395616307","0,00000056563486547545","0,00000269440241356880","0,00000018545438217462","0,00000270572003771141","0,00000001221825348231","0,00000115509713226711","0,00000771600368607178","0,00000242142776859345","0,00000710485498076938","0,00000105720593791979"
"0,35573637981434658200","0,00000001262224019305","0,00000001249082151167","0,00000001236730498896","0,00000001233898497600","0,00000001264810923063","0,00000015582742564804","0,00000004387990239272","0,00000494447903290853","0,00000321823445210072","0,00000001218492349324","0,00000056569347372487","0,00000269048831758955","0,00000018450914491341","0,00000271852986005884","0,00000001213034877102","0,00000115252923967000","0,00000770375732070882","0,00000241922060339230","0,00000711431335404147","0,00000105993834764008"
"0,35774030245166116300","0,00000001265581762924","0,00000001247916443026","0,00000001235406902066","0,00000001231486169375","0,00000001262504631923","0,00000015557798505582","0,00000004399225787940","0,00000495783016761420","0,00000321931097508397","0,00000001216686302506","0,00000056574171757010","0,00000268707653881873","0,00000018365161104573","0,00000273004739212367","0,00000001205095609535","0,00000115023200240743","0,00000769281951234826","0,00000241723554552691","0,00000712275131572640","0,00000106238367590941"
"0,35974422508897580000","0,00000001268572766186","0,00000001246849059184","0,00000001234282491298","0,00000001229380428246","0,00000001260336835555","0,00000015535858816282","0,00000004409386591549","0,00000496964521605612","0,00000322026714775331","0,00000001214977475855","0,00000056577959701115","0,00000268416707725634","0,00000018288178057158","0,00000274027263390592","0,00000001198007545530","0,00000114820542047940","0,00000768319026099009","0,00000241547259499729","0,00000713016886582417","0,00000106454192272778"
"0,36174814772629043600","0,00000001271197029093","0,00000001245879999642","0,00000001233357266592","0,00000001227581274212","0,00000001258307533960","0,00000015516923496902","0,00000004418472650100","0,00000497992417823430","0,00000322110297010875","0,00000001213365869370","0,00000056580711204802","0,00000268175993290237","0,00000018219965349096","0,00000274920558540556","0,00000001191770685088","0,00000114644949388590","0,00000767486956663430","0,00000241393175180343","0,00000713656600433478","0,00000106641308809518"
"0,36375207036360507300","0,00000001273454551644","0,00000001245009264400","0,00000001232631227948","0,00000001226088707274","0,00000001256416727138","0,00000015500992547444","0,00000004426483963593","0,00000498866705414872","0,00000322181844215029","0,00000001211851483051","0,00000056582426268070","0,00000267985510575684","0,00000018160522980387","0,00000275684624662262","0,00000001186385028207","0,00000114496422262695","0,00000766785742928091","0,00000241261301594534","0,00000714194273125823","0,00000106799717201161"
"0,36575599300091971000","0,00000001275345333839","0,00000001244236853457","0,00000001232104375367","0,00000001224902727431","0,00000001254664415089","0,00000015488065967907","0,00000004433420532027","0,00000499587384379939","0,00000322241356387793","0,00000001210434316899","0,00000056583104890919","0,00000267845259581973","0,00000018109850951032","0,00000276319461755709","0,00000001181850574888","0,00000114374960670254","0,00000766215384892991","0,00000241151638742301","0,00000714629904659451","0,00000106929417447708"
"0,36775991563823434700","0,00000001276869375677","0,00000001243562766814","0,00000001231776708848","0,00000001224023334684","0,00000001253050597813","0,00000015478143758292","0,00000004439282355404","0,00000500154454718632","0,00000322288833529167","0,00000001209114370913","0,00000056582747073349","0,00000267755240309106","0,00000018067949261029","0,00000276825069820896","0,00000001178167325131","0,00000114280564611267","0,00000765775882558131","0,00000241064186623645","0,00000714963495034364","0,00000107030409549159"
"0,36976383827554898400","0,00000001278026677160","0,00000001242987004470","0,00000001231648228390","0,00000001223450529031","0,00000001251575275309","0,00000015471225918598","0,00000004444069433722","0,00000500567916430949","0,00000322324275639151","0,00000001207891645093","0,00000056581352815361","0,00000267715452757081","0,00000018034817910380","0,00000277201448857824","0,00000001175335278937","0,00000114213234085734","0,00000765467235923509","0,00000240998945238565","0,00000715195044250560","0,00000107102693505513"
"0,37176776091286356500","0,00000001278817238287","0,00000001242509566426","0,00000001231718933995","0,00000001223184310475","0,00000001250238447579","0,00000015467312448825","0,00000004447781766982","0,00000500827769516892","0,00000322347682717744","0,00000001206766139439","0,00000056578922116954","0,00000267725896925899","0,00000018010456899084","0,00000277448598866493","0,00000001173354436304","0,00000114172969093655","0,00000765289444989126","0,00000240955914587062","0,00000715324552308040","0,00000107146269316771"
"0,37377168355017820200","0,00000001279241059057","0,00000001242130452682","0,00000001231988825662","0,00000001223224679013","0,00000001249040114621","0,00000015466403348974","0,00000004450419355184","0,00000500934013976459","0,00000322359054764948","0,00000001205737853952","0,00000056575454978129","0,00000267786572815560","0,00000017994866227141","0,00000277566519846903","0,00000001172224797233","0,00000114159769635030","0,00000765242509754982","0,00000240935094669135","0,00000715352019206804","0,00000107161136982932"
"0,37577560618749283900","0,00000001279298139472","0,00000001241849663237","0,00000001232457903392","0,00000001223571634647","0,00000001247980276435","0,00000015468498619044","0,00000004451982198328","0,00000500886649809652","0,00000322358391780761","0,00000001204806788630","0,00000056570951398885","0,00000267897480426064","0,00000017988045894552","0,00000277555211799053","0,00000001171946361725","0,00000114173635709859","0,00000765326430221078","0,00000240936485484785","0,00000715277444946852","0,00000107147296503997"
"0,37777952882480747600","0,00000001278988479531","0,00000001241667198092","0,00000001233126167183","0,00000001224225177376","0,00000001247058933023","0,00000015473598259035","0,00000004452470296413","0,00000500685677016470","0,00000322345693765184","0,00000001203972943475","0,00000056565411379223","0,00000268058619757411","0,00000017989995901315","0,00000277414674722944","0,00000001172519129778","0,00000114214567318142","0,00000765541206387413","0,00000240960087034011","0,00000715100829528184","0,00000107104747879965"
"0,37978345146212211200","0,00000001278312079234","0,00000001241583057246","0,00000001233993617037","0,00000001225185307201","0,00000001246276084384","0,00000015481702268948","0,00000004451883649441","0,00000500331095596913","0,00000322320960718217","0,00000001203236318487","0,00000056558834919142","0,00000268269990809601","0,00000018000716247432","0,00000277144908618576","0,00000001173943101394","0,00000114282564459879","0,00000765886838253987","0,00000241005899316813","0,00000714822172950800","0,00000107033491110837"
"0,38178737409943674900","0,00000001277268938580","0,00000001241597240700","0,00000001235060252952","0,00000001226452024121","0,00000001245631730517","0,00000015492810648782","0,00000004450222257410","0,00000499822905550981","0,00000322284192639860","0,00000001202596913664","0,00000056551222018642","0,00000268531593582634","0,00000018020206932902","0,00000276745913485949","0,00000001176218276571","0,00000114377627135070","0,00000766363325820799","0,00000241073922333192","0,00000714441475214699","0,00000106933526196613"
"0,38379129673675138600","0,00000001275859057571","0,00000001241709748453","0,00000001236326074930","0,00000001228025328137","0,00000001245125871423","0,00000015506923398537","0,00000004447486120321","0,00000499161106878674","0,00000322235389530113","0,00000001202054729008","0,00000056542572677723","0,00000268843428076510","0,00000018048467957725","0,00000276217689325063","0,00000001179344655310","0,00000114499755343715","0,00000766970669087851","0,00000241164156083148","0,00000713958736319883","0,00000106804853137292"
"0,38579521937406602300","0,00000001274082436205","0,00000001241920580506","0,00000001237791082970","0,00000001229905219247","0,00000001244758507102","0,00000015524040518213","0,00000004443675238174","0,00000498345699579992","0,00000322174551388976","0,00000001201609764518","0,00000056532886896386","0,00000269205494291229","0,00000018085499321902","0,00000275560236135917","0,00000001183322237612","0,00000114648949085814","0,00000767708868055142","0,00000241276600566680","0,00000713373956266350","0,00000106647471932874"
"0,38779914201138060400","0,00000001271939074484","0,00000001242229736858","0,00000001239455277073","0,00000001232091697454","0,00000001244529637553","0,00000015544162007811","0,00000004438789610969","0,00000497376683654935","0,00000322101678216448","0,00000001201262020194","0,00000056522164674631","0,00000269617792226790","0,00000018131301025431","0,00000274773553918512","0,00000001188151023475","0,00000114825208361367","0,00000768577922722673","0,00000241411255783788","0,00000712687135054102","0,00000106461382583360"
"0,38980306464869524100","0,00000001269428972407","0,00000001242637217510","0,00000001241318657237","0,00000001234584762755","0,00000001244439262778","0,00000015567287867330","0,00000004432829238706","0,00000496254059103503","0,00000322016770012531","0,00000001201011496036","0,00000056510406012456","0,00000270080321883195","0,00000018185873068314","0,00000273857642672848","0,00000001193831012901","0,00000115028533170374","0,00000769577833090442","0,00000241568121734473","0,00000711898272683137","0,00000106246585088750"
"0,39180698728600987800","0,00000001266552129973","0,00000001243143022462","0,00000001243381223463","0,00000001237384415152","0,00000001244487382775","0,00000015593418096771","0,00000004425794121384","0,00000494977825925696","0,00000321919826777223","0,00000001200858192045","0,00000056497610909864","0,00000270593083260442","0,00000018249215450550","0,00000272812502398925","0,00000001200362205888","0,00000115258923512835","0,00000770708599158450","0,00000241747198418735","0,00000711007369153456","0,00000106003079449043"
"0,39381090992332451500","0,00000001263308547184","0,00000001243747151713","0,00000001245642975752","0,00000001240490654644","0,00000001244673997545","0,00000015622552696133","0,00000004417684259005","0,00000493547984121515","0,00000321810848510526","0,00000001200802108220","0,00000056483779366852","0,00000271156076358533","0,00000018321328172139","0,00000271638133096743","0,00000001207744602438","0,00000115516379388750","0,00000771970220926698","0,00000241948485836572","0,00000710014424465059","0,00000105730865664240"
"0,39581483256063915100","0,00000001259698224038","0,00000001244449605263","0,00000001248103914103","0,00000001243903481232","0,00000001244999107088","0,00000015654691665416","0,00000004408499651567","0,00000491964533690958","0,00000321689835212438","0,00000001200843244561","0,00000056468911383422","0,00000271769301177466","0,00000018402211233081","0,00000270334534766301","0,00000001215978202549","0,00000115800900798119","0,00000773362698395184","0,00000242171983987987","0,00000708919438617946","0,00000105429943734340"
"0,39781875519795378800","0,00000001255721160537","0,00000001245250383114","0,00000001250764038516","0,00000001247622894915","0,00000001245462711403","0,00000015689835004620","0,00000004398240299071","0,00000490227474634027","0,00000321556786882960","0,00000001200981601068","0,00000056453006959573","0,00000272432757717242","0,00000018491864633377","0,00000268901707407600","0,00000001225063006223","0,00000116112487740942","0,00000774886031563910","0,00000242417692872977","0,00000707722411612117","0,00000105100313659344"
"0,39982267783526842500","0,00000001251377356679","0,00000001246149485263","0,00000001253623348991","0,00000001251648895693","0,00000001246064810492","0,00000015727982713746","0,00000004386906201517","0,00000488336806950720","0,00000321411703522092","0,00000001201217177742","0,00000056436066095306","0,00000273146445977861","0,00000018590288373025","0,00000267339651020640","0,00000001234999013458","0,00000116451140217220","0,00000776540220432875","0,00000242685612491545","0,00000706423343447571","0,00000104741975439251"
"0,40182660047258300600","0,00000001246991729803","0,00000001247034508731","0,00000001256408407546","0,00000001255658544009","0,00000001246703845249","0,00000015766205282916","0,00000004375673965512","0,00000486453597869012","0,00000321261248221928","0,00000001201507076489","0,00000056419512535164","0,00000273864813218943","0,00000018690187220983","0,00000265784420498561","0,00000001244925025085","0,00000116785061363041","0,00000778186668280854","0,00000242957896756888","0,00000705148990099585","0,00000104387358881200"
"0,40383052310989764300","0,00000001242889197245","0,00000001247793050535","0,00000001258845776201","0,00000001259328900302","0,00000001247278256570","0,00000015801573202253","0,00000004365720197664","0,00000484738914616876","0,00000321112084074562","0,00000001201808399217","0,00000056404770023693","0,00000274542306700108","0,00000018784265946204","0,00000264372070734504","0,00000001253979841934","0,00000117082454314498","0,00000779686778386621","0,00000243216699582208","0,00000704026107543431","0,00000104068893792330"
"0,40583444574721228000","0,00000001239069759004","0,00000001248425110676","0,00000001260935454955","0,00000001262659964573","0,00000001247788044457","0,00000015834086471757","0,00000004357044897972","0,00000483192757194311","0,00000320964211079994","0,00000001202121145926","0,00000056391838560892","0,00000275178926421355","0,00000018872524548690","0,00000263102601728469","0,00000001262163464003","0,00000117343319071591","0,00000781040550750178","0,00000243462020967503","0,00000703054695779110","0,00000103786580172639"
"0,40783836838452691700","0,00000001235533415082","0,00000001248930689152","0,00000001262677443808","0,00000001265651736823","0,00000001248233208908","0,00000015863745091428","0,00000004349648066437","0,00000481815125601317","0,00000320817629238225","0,00000001202445316616","0,00000056380718146761","0,00000275774672382684","0,00000018954963028441","0,00000261976013480456","0,00000001269475891294","0,00000117567655634318","0,00000782247985371522","0,00000243693860912775","0,00000702234754806623","0,00000103540418022129"
"0,40984229102184155400","0,00000001232280165477","0,00000001249309785965","0,00000001264071742760","0,00000001268304217051","0,00000001248613749923","0,00000015890549061267","0,00000004343529703059","0,00000480606019837895","0,00000320672338549254","0,00000001202780911287","0,00000056371408781301","0,00000276329544584096","0,00000019031581385456","0,00000260992305990464","0,00000001275917123806","0,00000117755464002681","0,00000783309082250656","0,00000243912219418023","0,00000701566284625969","0,00000103330407340798"
"0,41184621365915619100","0,00000001229310010191","0,00000001249562401114","0,00000001265118351811","0,00000001270617405257","0,00000001248929667504","0,00000015914498381272","0,00000004338689807837","0,00000479565439904044","0,00000320528339013081","0,00000001203127929940","0,00000056363910464510","0,00000276843543025590","0,00000019102379619735","0,00000260151479258494","0,00000001281487161539","0,00000117906744176679","0,00000784223841387578","0,00000244117096483246","0,00000701049285237148","0,00000103156548128648"
"0,41385013629647082700","0,00000001226622949222","0,00000001249688534600","0,00000001265817270961","0,00000001272591301441","0,00000001249180961648","0,00000015935593051444","0,00000004335128380772","0,00000478693385799766","0,00000320385630629706","0,00000001203486372573","0,00000056358223196390","0,00000277316667707167","0,00000019167357731278","0,00000259453533284546","0,00000001286186004493","0,00000118021496156312","0,00000784992262782290","0,00000244308492108446","0,00000700683756640160","0,00000103018840385678"
"0,41585405893378546400","0,00000001224218982572","0,00000001249688186422","0,00000001266168500210","0,00000001274225905603","0,00000001249367632358","0,00000015953833071784","0,00000004332845421864","0,00000477989857525058","0,00000320244213399130","0,00000001203856239187","0,00000056354346976940","0,00000277748918628827","0,00000019226515720086","0,00000258898468068620","0,00000001290013652668","0,00000118099719941580","0,00000785614346434789","0,00000244486406293622","0,00000700469698835005","0,00000102917284111888"
"0,41785798157110004600","0,00000001222098110240","0,00000001249561356580","0,00000001266172039558","0,00000001275521217743","0,00000001249489679632","0,00000015969218442290","0,00000004331840931113","0,00000477454855079922","0,00000320104087321351","0,00000001204237529782","0,00000056352281806161","0,00000278140295790569","0,00000019279853586158","0,00000258486283610715","0,00000001292970106065","0,00000118141415532483","0,00000786090092345078","0,00000244650839038773","0,00000700407111821684","0,00000102851879307279"
"0,41986190420841468200","0,00000001220260332225","0,00000001249308045074","0,00000001265827889005","0,00000001276477237861","0,00000001249547103471","0,00000015981749162964","0,00000004332114908518","0,00000477088378464358","0,00000319965252396371","0,00000001204630244358","0,00000056352027684052","0,00000278490799192393","0,00000019327371329494","0,00000258216979910832","0,00000001295055364683","0,00000118146582929022","0,00000786419500513155","0,00000244801790343901","0,00000700495995600195","0,00000102822625971849"
"0,42186582684572931900","0,00000001218705648529","0,00000001248928251905","0,00000001265136048551","0,00000001277093965958","0,00000001249539903874","0,00000015991425233805","0,00000004333667354079","0,00000476890427678365","0,00000319827708624190","0,00000001205034382915","0,00000056353584610613","0,00000278800428834301","0,00000019369068950095","0,00000258090556968971","0,00000001296269428522","0,00000118115222131196","0,00000786602570939021","0,00000244939260209005","0,00000700736350170540","0,00000102829524105600"
"0,42386974948304395600","0,00000001217434059151","0,00000001248421977072","0,00000001264096518197","0,00000001277371402033","0,00000001249468080842","0,00000015998246654812","0,00000004336498267798","0,00000476861002721944","0,00000319691456004806","0,00000001205449945453","0,00000056356952585844","0,00000279069184716290","0,00000019404946447960","0,00000258107014785132","0,00000001296612297582","0,00000118047333139005","0,00000786639303622676","0,00000245063248634085","0,00000701128175532718","0,00000102872573708530"
"0,42587367212035859300","0,00000001216445564090","0,00000001247789220575","0,00000001262709297941","0,00000001277309546086","0,00000001249331634375","0,00000016002213425987","0,00000004340607649673","0,00000477000103595094","0,00000319556494538221","0,00000001205876931972","0,00000056362131609745","0,00000279297066838362","0,00000019435003823090","0,00000258266353359314","0,00000001296083971863","0,00000117942915952449","0,00000786529698564119","0,00000245173755619140","0,00000701671471686729","0,00000102951774780641"
"0,42787759475767323000","0,00000001215740163348","0,00000001247029982415","0,00000001260974387785","0,00000001276908398117","0,00000001249130564472","0,00000016003325547329","0,00000004345995499704","0,00000477307730297816","0,00000319422824224434","0,00000001206315342472","0,00000056369121682317","0,00000279484075200517","0,00000019459241075484","0,00000258568572691519","0,00000001294684451366","0,00000117801970571529","0,00000786273755763352","0,00000245270781164172","0,00000702366238632574","0,00000103067127321932"
"0,42988151739498786600","0,00000001215317856924","0,00000001246144262591","0,00000001258891787727","0,00000001276167958126","0,00000001248864871134","0,00000016001583018838","0,00000004352661817893","0,00000477783882830109","0,00000319290445063445","0,00000001206765176953","0,00000056377922803559","0,00000279630209802754","0,00000019477658205142","0,00000259013672781745","0,00000001292413736089","0,00000117624496996244","0,00000785871475220372","0,00000245354325269180","0,00000703212476370251","0,00000103218631332403"
"0,43188544003230244800","0,00000001215178644817","0,00000001245132061103","0,00000001256461497769","0,00000001275088226113","0,00000001248534554360","0,00000015996985840514","0,00000004360606604238","0,00000478428561191974","0,00000319159357055254","0,00000001207226435415","0,00000056388534973471","0,00000279735470645074","0,00000019490255212064","0,00000259601653629993","0,00000001289271826034","0,00000117410495226594","0,00000785322856935182","0,00000245424387934164","0,00000704210184899762","0,00000103406286812054"
"0,43388936266961708500","0,00000001215322527029","0,00000001243993377952","0,00000001253683517909","0,00000001273669202079","0,00000001248139614151","0,00000015989534012357","0,00000004369829858739","0,00000479241765383410","0,00000319029560199862","0,00000001207699117857","0,00000056400958192053","0,00000279799857727476","0,00000019497032096251","0,00000260332515236262","0,00000001285258721200","0,00000117159965262579","0,00000784627900907780","0,00000245480969159124","0,00000705359364221106","0,00000103630093760886"
"0,43589328530693172100","0,00000001215749503559","0,00000001242728213136","0,00000001250557848149","0,00000001271910886022","0,00000001247680050507","0,00000015979227534367","0,00000004380331581398","0,00000480223495404418","0,00000318901054497268","0,00000001208183224281","0,00000056415192459306","0,00000279823371049961","0,00000019497988857702","0,00000261206257600554","0,00000001280374421588","0,00000116872907104199","0,00000783786607138167","0,00000245524068944060","0,00000706660014334283","0,00000103890052178897"
"0,43789720794424635800","0,00000001216459574406","0,00000001241336566658","0,00000001247084488488","0,00000001269813277944","0,00000001247155863427","0,00000015966066406544","0,00000004392111772213","0,00000481373751254997","0,00000318773839947472","0,00000001208678754686","0,00000056431237775229","0,00000279806010612528","0,00000019493125496418","0,00000262222880722867","0,00000001274618927196","0,00000116549320751455","0,00000782798975626343","0,00000245553687288972","0,00000708112135239293","0,00000104186162066089"
"0,43990113058156099500","0,00000001217452739572","0,00000001239818438515","0,00000001243263438926","0,00000001267376377844","0,00000001246567052912","0,00000015950050628889","0,00000004405170431184","0,00000482692532935148","0,00000318647916550474","0,00000001209185709072","0,00000056449094139822","0,00000279747776415178","0,00000019482442012397","0,00000263382384603202","0,00000001267992238026","0,00000116189206204346","0,00000781665006372308","0,00000245569824193860","0,00000709715726936136","0,00000104518423422461"
"0,44190505321887563200","0,00000001218728999056","0,00000001238173828709","0,00000001239094699463","0,00000001264600185722","0,00000001245913618962","0,00000015931180201400","0,00000004419507558313","0,00000484179840444870","0,00000318523284306274","0,00000001209704087439","0,00000056468761553085","0,00000279648668457910","0,00000019465938405642","0,00000264684769241558","0,00000001260494354076","0,00000115792563462872","0,00000780384699376061","0,00000245572479658724","0,00000711470789424813","0,00000104886836248013"
"0,44390897585619026900","0,00000001220288352858","0,00000001236402737239","0,00000001234578270099","0,00000001261484701578","0,00000001245195561576","0,00000015909455124079","0,00000004435123153597","0,00000485835673784164","0,00000318399943214873","0,00000001210233889787","0,00000056490240015019","0,00000279508686740725","0,00000019443614676150","0,00000266130034637937","0,00000001252125275348","0,00000115359392527033","0,00000778958054637603","0,00000245561653683564","0,00000713377322705322","0,00000105291400542745"
"0,44591289849350490600","0,00000001222130800977","0,00000001234505164105","0,00000001229714150834","0,00000001258029925412","0,00000001244412880755","0,00000015884875396924","0,00000004452017217039","0,00000487660032953029","0,00000318277893276270","0,00000001210775116116","0,00000056513529525623","0,00000279327831263622","0,00000019415470823923","0,00000267718180792337","0,00000001242885001842","0,00000114889693396830","0,00000777385072156934","0,00000245537346268380","0,00000715435326777665","0,00000105732116306657"
"0,44791682113081948700","0,00000001224256343415","0,00000001232481109308","0,00000001224502341668","0,00000001254235857225","0,00000001243565576499","0,00000015857441019937","0,00000004470189748637","0,00000489652917951466","0,00000318157134490465","0,00000001211327766425","0,00000056538630084897","0,00000279106102026602","0,00000019381506848960","0,00000269449207704759","0,00000001232773533556","0,00000114383466072262","0,00000775665751934053","0,00000245499557413172","0,00000717644801641841","0,00000106208983539749"
"0,44992074376813412400","0,00000001226664980171","0,00000001230330572847","0,00000001218942842601","0,00000001250102497015","0,00000001242653648807","0,00000015827151993116","0,00000004489640748392","0,00000491814328779475","0,00000318037666857459","0,00000001211891840716","0,00000056565541692842","0,00000278843499029664","0,00000019341722751262","0,00000271323115375203","0,00000001221790870491","0,00000113840710553328","0,00000773800093968961","0,00000245448287117940","0,00000720005747297850","0,00000106722002242022"
"0,45192466640544876000","0,00000001229240379155","0,00000001228300853424","0,00000001213582379563","0,00000001245949252820","0,00000001241674237806","0,00000015795650858089","0,00000004508235219654","0,00000493952871449790","0,00000317951104433401","0,00000001212400960269","0,00000056591948275588","0,00000278547037507538","0,00000019296214115042","0,00000273175577113696","0,00000001210959011325","0,00000113321896004968","0,00000771956250260854","0,00000245370907700596","0,00000722242945480069","0,00000107218416163627"
"0,45392858904276339700","0,00000001231866208279","0,00000001226639249741","0,00000001208967678483","0,00000001242095532674","0,00000001240624483622","0,00000015764580156481","0,00000004523838165772","0,00000495877151975147","0,00000317929061274441","0,00000001212788746366","0,00000056615533759267","0,00000278223732694951","0,00000019245076524515","0,00000274842266230264","0,00000001201299954734","0,00000112887491592117","0,00000770302372808926","0,00000245254791479051","0,00000724081177922873","0,00000107645469054719"
"0,45593251168007803400","0,00000001234542467542","0,00000001225345761798","0,00000001205098739362","0,00000001238541336578","0,00000001239504386255","0,00000015733939888291","0,00000004536449586748","0,00000497587170355546","0,00000317971537380580","0,00000001213055199006","0,00000056636298143879","0,00000277873584591904","0,00000019188309979681","0,00000276323182724909","0,00000001192813700718","0,00000112537497314776","0,00000768838461613177","0,00000245099938453305","0,00000725520444626264","0,00000108003160915296"
"0,45793643431739267100","0,00000001237269156944","0,00000001224420389596","0,00000001201975562199","0,00000001235286664531","0,00000001238313945706","0,00000015703730053520","0,00000004546069482580","0,00000499082926590986","0,00000318078532751818","0,00000001213200318190","0,00000056654241429424","0,00000277496593198396","0,00000019125914480540","0,00000277618326597630","0,00000001185500249277","0,00000112271913172945","0,00000767564516673608","0,00000244906348623359","0,00000726560745590240","0,00000108291491745359"
"0,45994035695470730800","0,00000001240046276485","0,00000001223863133134","0,00000001199598146994","0,00000001232331516535","0,00000001237053161973","0,00000015673950652169","0,00000004552697853269","0,00000500364420681469","0,00000318250047388155","0,00000001213224103917","0,00000056669363615903","0,00000277092758514428","0,00000019057890027092","0,00000278727697848428","0,00000001179359600411","0,00000112090739166624","0,00000766480537990218","0,00000244674021989211","0,00000727202080814802","0,00000108510461544908"
"0,46194427959202194500","0,00000001242873826165","0,00000001223673992412","0,00000001197966493748","0,00000001229675892588","0,00000001235722035058","0,00000015644601684236","0,00000004556334698814","0,00000501431652626993","0,00000318486081289590","0,00000001213126556187","0,00000056681664703314","0,00000276662080540000","0,00000018984236619336","0,00000279651296477301","0,00000001174391754121","0,00000111993975295813","0,00000765586525563008","0,00000244402958550863","0,00000727444450299950","0,00000108660070313943"
"0,46394820222933652600","0,00000001245751805985","0,00000001223852967430","0,00000001197080602461","0,00000001227319792690","0,00000001234320564960","0,00000015615683149722","0,00000004556980019217","0,00000502284622427559","0,00000318786634456124","0,00000001212907675002","0,00000056691144691659","0,00000276204559275112","0,00000018904954257274","0,00000280389122484250","0,00000001170596710405","0,00000111981621560511","0,00000764882479391977","0,00000244093158308314","0,00000727287854045684","0,00000108740318052464"
"0,46595212486665116300","0,00000001248680215943","0,00000001224400058188","0,00000001196940473131","0,00000001225263216843","0,00000001232848751679","0,00000015587195048627","0,00000004554633814476","0,00000502923330083167","0,00000319151706887756","0,00000001212567460360","0,00000056697803580937","0,00000275720194719763","0,00000018820042940905","0,00000280941175869276","0,00000001167974469265","0,00000112053677960720","0,00000764368399477126","0,00000243744621261565","0,00000726732292052003","0,00000108751204760471"
"0,46795604750396580000","0,00000001251659056041","0,00000001225315264686","0,00000001197546105761","0,00000001223506165045","0,00000001231306595215","0,00000015559137380951","0,00000004549296084592","0,00000503347775593816","0,00000319581298584487","0,00000001212105912261","0,00000056701641371148","0,00000275208986873954","0,00000018729502670228","0,00000281307456632377","0,00000001166525030700","0,00000112210144496438","0,00000764044285818454","0,00000243357347410614","0,00000725777764318909","0,00000108692730437963"
"0,46995997014128043600","0,00000001254688326278","0,00000001226598586924","0,00000001198897500348","0,00000001222048637297","0,00000001229694095568","0,00000015531510146694","0,00000004540966829565","0,00000503557958959508","0,00000320075409546317","0,00000001211523030706","0,00000056702658062291","0,00000274670935737684","0,00000018633333445244","0,00000281487964773555","0,00000001166248394710","0,00000112451021167666","0,00000763910138415962","0,00000242931336755463","0,00000724424270846400","0,00000108564895084942"
"0,47196389277859507300","0,00000001257768026654","0,00000001228250024903","0,00000001200994656894","0,00000001220890633598","0,00000001228011252739","0,00000015504313345855","0,00000004529646049395","0,00000503553880180241","0,00000320634039773246","0,00000001210818815694","0,00000056700853654368","0,00000274106041310954","0,00000018531535265954","0,00000281482700292809","0,00000001167144561295","0,00000112776307974404","0,00000763965957269649","0,00000242466589296111","0,00000722671811634478","0,00000108367698701406"
"0,47396781541590971000","0,00000001260898157170","0,00000001230269578622","0,00000001203837575399","0,00000001220032153950","0,00000001226258066726","0,00000015477546978436","0,00000004515333744082","0,00000503335539256016","0,00000321257189265273","0,00000001209993267226","0,00000056696228147379","0,00000273514303593764","0,00000018424108132356","0,00000281291663190138","0,00000001169213530455","0,00000113186004916652","0,00000764211742379515","0,00000241963105032558","0,00000720520386683141","0,00000108101141287357"
"0,47597173805322434700","0,00000001264078717825","0,00000001232657248080","0,00000001207426255861","0,00000001219473198351","0,00000001224434537531","0,00000015451211044436","0,00000004498029913625","0,00000502902936186833","0,00000321944858022399","0,00000001209046385302","0,00000056688781541322","0,00000272895722586114","0,00000018311052044451","0,00000280914853465544","0,00000001172455302191","0,00000113680111994410","0,00000764647493745562","0,00000241420883964805","0,00000717969995992390","0,00000107765222842793"
"0,47797566069053892800","0,00000001267309708618","0,00000001235413033279","0,00000001211760698283","0,00000001219213766801","0,00000001222540665153","0,00000015425305543854","0,00000004477734558025","0,00000502256070972691","0,00000322697046044623","0,00000001207978169921","0,00000056678513836198","0,00000272250298288003","0,00000018192367002239","0,00000280352271119026","0,00000001176869876501","0,00000114258629207677","0,00000765273211367788","0,00000240839926092850","0,00000715020639562225","0,00000107359943367715"
"0,47997958332785356500","0,00000001270591129551","0,00000001238536934219","0,00000001216840902662","0,00000001219253859302","0,00000001220576449592","0,00000015399830476691","0,00000004454447677282","0,00000501394943613592","0,00000323513753331946","0,00000001206788621084","0,00000056665425032007","0,00000271578030699432","0,00000018068053005720","0,00000279603916150585","0,00000001182457253387","0,00000114921556556455","0,00000766088895246193","0,00000240220231416695","0,00000711672317392646","0,00000106885302862123"
"0,48198350596516820200","0,00000001273922980624","0,00000001242028950898","0,00000001222666869000","0,00000001219593475852","0,00000001218541890848","0,00000015374785842948","0,00000004428169271396","0,00000500319554109534","0,00000324394979884368","0,00000001205477738790","0,00000056649515128750","0,00000270878919820400","0,00000017938110054894","0,00000278669788560219","0,00000001189217432848","0,00000115668894040742","0,00000767094545380778","0,00000239561799936339","0,00000707925029483652","0,00000106341301326017"
"0,48398742860248283900","0,00000001277305261835","0,00000001245889083317","0,00000001229238597297","0,00000001220232616452","0,00000001216436988921","0,00000015350171642623","0,00000004398899340366","0,00000499029902460518","0,00000325340725701888","0,00000001204045523040","0,00000056630784126425","0,00000270152965650909","0,00000017802538149761","0,00000277549888347929","0,00000001197150414884","0,00000116500641660539","0,00000768290161771542","0,00000238864631651783","0,00000703778775835245","0,00000105727938759397"
"0,48599135123979747500","0,00000001280737973186","0,00000001250117331477","0,00000001236556087551","0,00000001221171281101","0,00000001214261743812","0,00000015325987875717","0,00000004366637884194","0,00000497525988666544","0,00000326350990784508","0,00000001202491973833","0,00000056609232025034","0,00000269400168190957","0,00000017661337290320","0,00000276244215513716","0,00000001206256199495","0,00000117416799415846","0,00000769675744418485","0,00000238128726563025","0,00000699233556447423","0,00000105045215162262"
"0,48799527387711211200","0,00000001284221114675","0,00000001254713695376","0,00000001244619339765","0,00000001222409469801","0,00000001212016155519","0,00000015302234542230","0,00000004331384902878","0,00000495807812727612","0,00000327425775132225","0,00000001200817091170","0,00000056584858824576","0,00000268620527440544","0,00000017514507476573","0,00000274752770057578","0,00000001216534786682","0,00000118417367306663","0,00000771251293321609","0,00000237354084670067","0,00000694289371320187","0,00000104293130534614"
"0,48999919651442674900","0,00000001287754686304","0,00000001259678175016","0,00000001253428353936","0,00000001223947182550","0,00000001209700224044","0,00000015278911642162","0,00000004293140396419","0,00000493875374643722","0,00000328565078745042","0,00000001199020875050","0,00000056557664525051","0,00000267814043399671","0,00000017362048708518","0,00000273075551979517","0,00000001227986176443","0,00000119502345332989","0,00000773016808480911","0,00000236540705972908","0,00000688946220453538","0,00000103471684876451"
"0,49200311915174138600","0,00000001291338688072","0,00000001265010770396","0,00000001262983130066","0,00000001225784419348","0,00000001207313949386","0,00000015256019175513","0,00000004251904364817","0,00000491728674414873","0,00000329768901622957","0,00000001197103325474","0,00000056527649126459","0,00000266980716068338","0,00000017203960986157","0,00000271212561279532","0,00000001240610368780","0,00000120671733494826","0,00000774972289896394","0,00000235688590471548","0,00000683204103847474","0,00000102580878187775"
"0,49400704178905596700","0,00000001294973119980","0,00000001270711481516","0,00000001273283668155","0,00000001227921180197","0,00000001204857331545","0,00000015233557142282","0,00000004207676808071","0,00000489367712041066","0,00000331037243765970","0,00000001195064442441","0,00000056494812628800","0,00000266120545446545","0,00000017040244309488","0,00000269163797957622","0,00000001254407363692","0,00000121925531792172","0,00000777117737568055","0,00000234797738165988","0,00000677063021501995","0,00000101620710468584"
"0,49601096442637060400","0,00000001298657982026","0,00000001276780308377","0,00000001284329968202","0,00000001230357465095","0,00000001202330370521","0,00000015211525542471","0,00000004160457726183","0,00000486792487522301","0,00000332370105174083","0,00000001192904225952","0,00000056459155032074","0,00000265233531534291","0,00000016870898678512","0,00000266929262013789","0,00000001269377161179","0,00000123263740225028","0,00000779453151495897","0,00000233868149056227","0,00000670522973417103","0,00000100591181718879"
"0,49801488706368524100","0,00000001302393274212","0,00000001283217250977","0,00000001296122030207","0,00000001233093274042","0,00000001199733066314","0,00000015189924376079","0,00000004110247119151","0,00000484003000858578","0,00000333767485847294","0,00000001190622676007","0,00000056420676336281","0,00000264319674331577","0,00000016695924093229","0,00000264508953448032","0,00000001285519761241","0,00000124686358793394","0,00000781978531679917","0,00000232899823142265","0,00000663583959592797","0,00000099492291938660"
"0,50001880970099987800","0,00000001306178996537","0,00000001290022309317","0,00000001308659854171","0,00000001236128607040","0,00000001197065418925","0,00000015168753643105","0,00000004057044986976","0,00000480999252049897","0,00000335229385785604","0,00000001188219792605","0,00000056379376541421","0,00000263378973838403","0,00000016515320553639","0,00000261902872260352","0,00000001302835163878","0,00000126193387497270","0,00000784693878120117","0,00000231892760424102","0,00000656245980029076","0,00000098324041127927"
