Variable Source,dev1,dev2,dev3,dev4,dev5,dev6,dev7,dev8,dev9,dev10,dev11,dev12,dev13,dev14,dev15,dev16,dev17,Dev 18,Dev 19,Dev 20
"-0,49993858631900023300","0,00000083767081919645","0,00000083351970054286","0,00000101393867483160","0,00000181588708939271","0,00000006831298445250","0,00000082745357868622","0,00000423858042001402","0,00000082953054752659","0,00000077030811238695","0,00000097156245218978","0,00000282877487541716","0,00000264363359442932","0,00000001189712476657","0,00000256648895315971","0,00000045221214028608","0,00000225686425378945","0,00000001071726081464","0,00000000904897960196","0,00000000834850137877","0,00000103066023359997"
"-0,49793466368168559600","0,00000083518846864665","0,00000083148701190885","0,00000101163065095406","0,00000181129369404397","0,00000006820148575676","0,00000082466322192645","0,00000422829540598139","0,00000082706603721755","0,00000076861750395543","0,00000096920718998107","0,00000282228597066220","0,00000264196487040793","0,00000001188852605338","0,00000255955529521167","0,00000045164214284603","0,00000225075526716198","0,00000001074885806333","0,00000000927947386675","0,00000000857736212604","0,00000102734517157642"
"-0,49593074104437096000","0,00000083269046816087","0,00000082942380080944","0,00000100928692795403","0,00000180665066862712","0,00000006808585553452","0,00000082187115312403","0,00000421792553658950","0,00000082458456724699","0,00000076690432275471","0,00000096682110661544","0,00000281572465170063","0,00000264024156452030","0,00000001188058378731","0,00000255258294576489","0,00000045106387345193","0,00000224461026394507","0,00000001078027280378","0,00000000949812041682","0,00000000879613874766","0,00000102403069413121"
"-0,49392681840705632300","0,00000083017681773909","0,00000082733006724462","0,00000100690750583152","0,00000180195801314216","0,00000006796609378580","0,00000081907737227894","0,00000420747081183837","0,00000082208613761491","0,00000076516856878478","0,00000096440420209289","0,00000280909091853246","0,00000263846367676645","0,00000001187329796838","0,00000254557190481935","0,00000045047733210377","0,00000223842924413873","0,00000001081150503598","0,00000000970491925217","0,00000000900483124364","0,00000102071680126434"
"-0,49192289576974174100","0,00000082764751738133","0,00000082520581121439","0,00000100449238458652","0,00000179721572758909","0,00000006784220051059","0,00000081628187939119","0,00000419693123172800","0,00000081957074832132","0,00000076341024204565","0,00000096195647641341","0,00000280238477115769","0,00000263663120714637","0,00000001186666859657","0,00000253852217237505","0,00000044988251880156","0,00000223221220774294","0,00000001084255475993","0,00000000989987037279","0,00000000920343961397","0,00000101740349297580"
"-0,48991897313242710500","0,00000082510256708759","0,00000082305103271876","0,00000100204156421904","0,00000179242381196791","0,00000006771417570890","0,00000081348467446077","0,00000418630679625838","0,00000081703839936622","0,00000076162934253731","0,00000095947792957702","0,00000279560620957631","0,00000263474415566006","0,00000001186069567188","0,00000253143374843200","0,00000044927943354530","0,00000222595915475772","0,00000001087342197564","0,00000001008297377869","0,00000000939196385865","0,00000101409076926560"
"-0,48791505049511246800","0,00000082254196685785","0,00000082086573175773","0,00000099955504472907","0,00000178758226627862","0,00000006758201938071","0,00000081068575748770","0,00000417559750542951","0,00000081448909074961","0,00000075982587025977","0,00000095696856158370","0,00000278875523378834","0,00000263280252230753","0,00000001185537919433","0,00000252430663299020","0,00000044866807633499","0,00000221967008518305","0,00000001090410668309","0,00000001025422946986","0,00000000957040397769","0,00000101077863013374"
"-0,48591112785779783100","0,00000081996571669214","0,00000081864990833129","0,00000099703282611662","0,00000178269109052121","0,00000006744573152604","0,00000080788512847196","0,00000416480335924140","0,00000081192282247148","0,00000075799982521302","0,00000095442837243346","0,00000278183184379376","0,00000263080630708876","0,00000001185071916390","0,00000251714082604964","0,00000044804844717062","0,00000221334499901895","0,00000001093460888230","0,00000001041363744630","0,00000000973875997108","0,00000100746707558021"
"-0,48390720522048319400","0,00000081737381659043","0,00000081640356243944","0,00000099447490838168","0,00000177775028469569","0,00000006730531214487","0,00000080508278741356","0,00000415392435769404","0,00000080933959453183","0,00000075615120739707","0,00000095185736212630","0,00000277483603959258","0,00000262875551000377","0,00000001184671558060","0,00000250993632761033","0,00000044742054605220","0,00000220698389626541","0,00000001096492857327","0,00000001056119770802","0,00000000989703183882","0,00000100415610560502"
"-0,48190328258316855700","0,00000081476626655274","0,00000081412669408219","0,00000099188129152426","0,00000177275984880207","0,00000006716076123722","0,00000080227873431250","0,00000414296050078744","0,00000080673940693067","0,00000075428001681191","0,00000094925553066222","0,00000276776782118480","0,00000262665013105255","0,00000001184336844442","0,00000250269313767226","0,00000044678437297973","0,00000220058677692243","0,00000001099506575598","0,00000001069691025501","0,00000001004521958092","0,00000100084572020817"
"-0,47989935994585392000","0,00000081214306657907","0,00000081181930325953","0,00000098925197554436","0,00000176771978284032","0,00000006701207880308","0,00000079947296916877","0,00000413191178852159","0,00000080412225966800","0,00000075238625345754","0,00000094662287804122","0,00000276062718857041","0,00000262449017023511","0,00000001184067775538","0,00000249541125623544","0,00000044613992795320","0,00000219415364099002","0,00000001102502043045","0,00000001082077508728","0,00000001018332319737","0,00000099753591938966"
"-0,47789543730853928400","0,00000080950421666940","0,00000080948138997146","0,00000098658696044197","0,00000176263008681047","0,00000006685926484246","0,00000079666549198238","0,00000412077822089649","0,00000080148815274381","0,00000075046991733398","0,00000094395940426329","0,00000275341414174943","0,00000262227562755143","0,00000001183864351346","0,00000248809068329987","0,00000044548721097262","0,00000218768448846816","0,00000001105479259667","0,00000001093279220483","0,00000001031134268818","0,00000099422670314948"
"-0,47589151467122470200","0,00000080684971682376","0,00000080711295421799","0,00000098388624621709","0,00000175749076071251","0,00000006670231935534","0,00000079385630275333","0,00000410955979791215","0,00000079883708615811","0,00000074853100844120","0,00000094126510932845","0,00000274612868072184","0,00000262000650300153","0,00000001183726571867","0,00000248073141886554","0,00000044482622203799","0,00000218117931935687","0,00000001108438225464","0,00000001103296160765","0,00000001042927805334","0,00000099091807148764"
"-0,47388759203391006600","0,00000080417956704212","0,00000080471399599912","0,00000098114983286973","0,00000175230180454643","0,00000006654124234174","0,00000079104540148162","0,00000409825651956857","0,00000079616905991090","0,00000074656952677922","0,00000093853999323668","0,00000273877080548765","0,00000261768279658540","0,00000001183654437100","0,00000247333346293245","0,00000044415696114931","0,00000217463813365613","0,00000001111378940436","0,00000001112128329574","0,00000001053712929285","0,00000098761002440414"
"-0,47188366939659542900","0,00000080149376732450","0,00000080228451531484","0,00000097837772039989","0,00000174706321831225","0,00000006637603380165","0,00000078823278816725","0,00000408686838586573","0,00000079348407400217","0,00000074458547234804","0,00000093578405598799","0,00000273134051604686","0,00000261530450830304","0,00000001183647947046","0,00000246589681550061","0,00000044347942830657","0,00000216806093136596","0,00000001114301404584","0,00000001119775726911","0,00000001063489640672","0,00000098430256189897"
"-0,46987974675928079200","0,00000079879231767090","0,00000079982451216515","0,00000097556990880756","0,00000174177500200995","0,00000006620669373507","0,00000078541846281021","0,00000407539539680366","0,00000079078212843193","0,00000074257884514765","0,00000093299729758238","0,00000272383781239946","0,00000261287163815445","0,00000001183707101705","0,00000245842147657002","0,00000044279362350978","0,00000216144771248635","0,00000001117205617907","0,00000001126238352776","0,00000001072257939494","0,00000098099568397214"
"-0,46787582412196615500","0,00000079607521808130","0,00000079733398655006","0,00000097272639809275","0,00000173643715563954","0,00000006603322214201","0,00000078260242541051","0,00000406383755238233","0,00000078806322320017","0,00000074054964517805","0,00000093017971801985","0,00000271626269454547","0,00000261038418613964","0,00000001183831901077","0,00000245090744614068","0,00000044209954675894","0,00000215479847701730","0,00000001120091580405","0,00000001131516207167","0,00000001080017825752","0,00000097768939062365"
"-0,46587190148465151800","0,00000079334246855573","0,00000079481293846956","0,00000096984718825545","0,00000173104967920102","0,00000006585561902245","0,00000077978467596815","0,00000405219485260176","0,00000078532735830690","0,00000073849787243925","0,00000092733131730039","0,00000270861516248487","0,00000260784215225860","0,00000001184022345162","0,00000244335472421257","0,00000044139719805405","0,00000214811322495881","0,00000001122959292079","0,00000001135609290087","0,00000001086769299445","0,00000097438368185350"
"-0,46386797884733688100","0,00000079059406909416","0,00000079226136792366","0,00000096693227929566","0,00000172561257269439","0,00000006567388437641","0,00000077696521448312","0,00000404046729746195","0,00000078257453375211","0,00000073642352693125","0,00000092445209542401","0,00000270089521621767","0,00000260524553651133","0,00000001184278433959","0,00000243576331078572","0,00000044068657739510","0,00000214139195631088","0,00000001125808752927","0,00000001138517601534","0,00000001092512360573","0,00000097107855766168"
"-0,46186405621002230000","0,00000078783001969661","0,00000078967927491235","0,00000096398167121340","0,00000172012583611964","0,00000006548801820388","0,00000077414404095543","0,00000402865488696289","0,00000077980474953581","0,00000073432660865404","0,00000092154205239072","0,00000269310285574386","0,00000260259433889783","0,00000001184600167469","0,00000242813320586011","0,00000043996768478210","0,00000213463467107351","0,00000001128639962951","0,00000001140241141508","0,00000001097247009137","0,00000096777401804820"
"-0,45986013357270766300","0,00000078505032036308","0,00000078706665943563","0,00000096099536400864","0,00000171458946947678","0,00000006529802050486","0,00000077132115538508","0,00000401675762110458","0,00000077701800565800","0,00000073220711760762","0,00000091860118820050","0,00000268523808106346","0,00000259988855941811","0,00000001184987545691","0,00000242046440943575","0,00000043924052021505","0,00000212784136924671","0,00000001131452922150","0,00000001140779910010","0,00000001100973245136","0,00000096447006301306"
"-0,45785621093539302600","0,00000078225497109355","0,00000078442352149351","0,00000095797335768141","0,00000170900347276582","0,00000006510389127935","0,00000076849655777207","0,00000400477549988703","0,00000077421430211867","0,00000073006505379200","0,00000091562950285336","0,00000267730089217645","0,00000259712819807215","0,00000001185440568627","0,00000241275692151263","0,00000043850508369394","0,00000212101205083046","0,00000001134247630525","0,00000001140133907039","0,00000001103691068571","0,00000096116669255626"
"-0,45585228829807839000","0,00000077944397188804","0,00000078174986108598","0,00000095491565223168","0,00000170336784598674","0,00000006490563052736","0,00000076567024811640","0,00000399270852331023","0,00000077139363891783","0,00000072790041720717","0,00000091262699634929","0,00000266929128908285","0,00000259431325485997","0,00000001185959236275","0,00000240501074209076","0,00000043776137521878","0,00000211414671582478","0,00000001137024088075","0,00000001138303132596","0,00000001105400479441","0,00000095786390667779"
"-0,45384836566076375300","0,00000077661732274655","0,00000077904567821305","0,00000095182224765948","0,00000169768258913954","0,00000006470323824887","0,00000076284222641806","0,00000398055669137419","0,00000076855601605547","0,00000072571320785314","0,00000090959366868831","0,00000266120927178264","0,00000259144372978156","0,00000001186543548635","0,00000239722587117013","0,00000043700939478957","0,00000210724536422966","0,00000001139782294799","0,00000001135287586680","0,00000001106101477746","0,00000095456170537766"
"-0,45184444302344911600","0,00000077377502366907","0,00000077631097287471","0,00000094869314396479","0,00000169194770222424","0,00000006449671444390","0,00000076001249267706","0,00000396832000407890","0,00000076570143353160","0,00000072350342572990","0,00000090652951987040","0,00000265305484027582","0,00000258851962283693","0,00000001187193505709","0,00000238940230875075","0,00000043624914240631","0,00000210030799604510","0,00000001142522250700","0,00000001131087269292","0,00000001105794063487","0,00000095126008865586"
"-0,44984052038613447900","0,00000077092487162659","0,00000077356280111666","0,00000094552766361427","0,00000168618344832351","0,00000006428664289801","0,00000075717773561021","0,00000395602111794486","0,00000076282845603209","0,00000072128686611973","0,00000090344905955449","0,00000264489090885381","0,00000258555411749817","0,00000001187839165796","0,00000238154574928189","0,00000043547967728625","0,00000209333691901777","0,00000001145204373489","0,00000001126518420736","0,00000001105078268664","0,00000094794951594545"
"-0,44783659774881984200","0,00000076807466359009","0,00000077081821898459","0,00000094232512907460","0,00000168041009052001","0,00000006407360739677","0,00000075433464393432","0,00000394368268949256","0,00000075993564824283","0,00000071907932430487","0,00000090036679739946","0,00000263678039180799","0,00000258256039723739","0,00000001188410587199","0,00000237366188721283","0,00000043470005864667","0,00000208633444089437","0,00000001147789080883","0,00000001122397281316","0,00000001104554125278","0,00000094462044667944"
"-0,44583267511150526100","0,00000076522439955958","0,00000076807722647851","0,00000093908554034577","0,00000167462762881376","0,00000006385760794018","0,00000075148321764938","0,00000393130471872200","0,00000075702301016381","0,00000071688080028533","0,00000089728273340533","0,00000262872328913837","0,00000257953846205458","0,00000001188907769917","0,00000236575072254357","0,00000043391028648756","0,00000207930056167487","0,00000001150276372880","0,00000001118723851033","0,00000001104221633330","0,00000094127288085785"
"-0,44382875247419062400","0,00000076237407953506","0,00000076533982359840","0,00000093580889742779","0,00000166883606320476","0,00000006363864452824","0,00000074862345675541","0,00000391888720563318","0,00000075409054179504","0,00000071469129406112","0,00000089419686757209","0,00000262071960084495","0,00000257648831194976","0,00000001189330713949","0,00000235781225527410","0,00000043311036080893","0,00000207223528135930","0,00000001152666249481","0,00000001115498129886","0,00000001104080792818","0,00000093790681848068"
"-0,44182482983687598700","0,00000075952370351652","0,00000076260601034428","0,00000093249520032065","0,00000166303539369299","0,00000006341671716095","0,00000074575536125239","0,00000390643015022610","0,00000075113824313650","0,00000071251080563223","0,00000089110919989975","0,00000261276932692772","0,00000257340994692292","0,00000001189679419297","0,00000234984648540443","0,00000043230028161076","0,00000206513859994764","0,00000001154958710685","0,00000001112720117875","0,00000001104131603744","0,00000093452225954792"
"-0,43982090719956135100","0,00000075667327150396","0,00000075987578671613","0,00000092914444902435","0,00000165722562027847","0,00000006319182583831","0,00000074287893114033","0,00000389393355250076","0,00000074816611418821","0,00000071033933499866","0,00000088801973038830","0,00000260487246738669","0,00000257030336697405","0,00000001189953885960","0,00000234185341293456","0,00000043148004889307","0,00000205801051743989","0,00000001157153756494","0,00000001110389815001","0,00000001104374066107","0,00000093111920405958"
"-0,43781698456224671400","0,00000075382278349739","0,00000075714915271397","0,00000092575664353889","0,00000165140674296120","0,00000006296397056033","0,00000073999416641923","0,00000388139741245717","0,00000074517415495016","0,00000070817688216041","0,00000088492845903774","0,00000259702902222186","0,00000256716857210317","0,00000001190154113938","0,00000233383303786449","0,00000043064966265585","0,00000205085103383607","0,00000001159251386906","0,00000001108507221263","0,00000001104808179907","0,00000092769765201565"
"-0,43581306192493207700","0,00000075097223949680","0,00000075442610833779","0,00000092233178386428","0,00000164557876174117","0,00000006273315132699","0,00000073710106708909","0,00000386882173009531","0,00000074216236542236","0,00000070602344711748","0,00000088183538584808","0,00000258923899143323","0,00000256400556231026","0,00000001190280103231","0,00000232578536019421","0,00000042980912289911","0,00000204366014913615","0,00000001161251601921","0,00000001107072336661","0,00000001105433945145","0,00000092425760341613"
"-0,43380913928761744000","0,00000074812163950220","0,00000075170665358759","0,00000091886987000050","0,00000163974167661838","0,00000006249936813830","0,00000073419963314991","0,00000385620650541519","0,00000073913074560480","0,00000070387902986988","0,00000087874051081931","0,00000258150237502079","0,00000256081433759533","0,00000001190331853839","0,00000231771037992373","0,00000042895842962284","0,00000203643786334015","0,00000001163154401541","0,00000001106085161197","0,00000001106251361819","0,00000092079905826103"
"-0,43180521665030280300","0,00000074527098351358","0,00000074899078846337","0,00000091537090194758","0,00000163389548759283","0,00000006226262099426","0,00000073128986460169","0,00000384355173841682","0,00000073607929549748","0,00000070174363041759","0,00000087564383395144","0,00000257381917298455","0,00000255759489795838","0,00000001190309365762","0,00000230960809705305","0,00000042809758282704","0,00000202918417644807","0,00000001164959785764","0,00000001105545694868","0,00000001107260429931","0,00000091732201655035"
"-0,42980129401298822200","0,00000074242027153095","0,00000074627851296514","0,00000091183487970549","0,00000162804019466453","0,00000006202290989488","0,00000072837176144443","0,00000383085742910018","0,00000073300801510041","0,00000069961724876063","0,00000087254535524446","0,00000256618938532451","0,00000255434724339941","0,00000001190212639001","0,00000230147851158217","0,00000042722658251171","0,00000202189908845991","0,00000001166667754591","0,00000001105453937676","0,00000001108461149480","0,00000091382647828407"
"-0,42779737137567358500","0,00000073956950355430","0,00000074356982709288","0,00000090826180327425","0,00000162217579783347","0,00000006178023484014","0,00000072544532367812","0,00000381812357746529","0,00000072991690441358","0,00000069749988489899","0,00000086944507469837","0,00000255861301204066","0,00000255107137391842","0,00000001190041673554","0,00000229332162351109","0,00000042634542867686","0,00000201458259937565","0,00000001168278308022","0,00000001105809889620","0,00000001109853520466","0,00000091031244346222"
"-0,42579344873835894800","0,00000073671867958364","0,00000074086473084661","0,00000090465167265384","0,00000161630229709966","0,00000006153459583005","0,00000072251055130277","0,00000380535018351213","0,00000072680596343699","0,00000069539153883267","0,00000086634299231318","0,00000255109005313302","0,00000254776728951541","0,00000001189796469422","0,00000228513743283980","0,00000042545412132248","0,00000200723470919532","0,00000001169791446056","0,00000001106613550701","0,00000001111437542890","0,00000090677991208478"
"-0,42378952610104431100","0,00000073386779961897","0,00000073816322422631","0,00000090100448784428","0,00000161041969246309","0,00000006128599286462","0,00000071956744431839","0,00000379253724724072","0,00000072367519217064","0,00000069329221056167","0,00000086323910808888","0,00000254362050860156","0,00000254443499019038","0,00000001189477026606","0,00000227692593956831","0,00000042455266044857","0,00000199985541791890","0,00000001171207168695","0,00000001107864920918","0,00000001113213216750","0,00000090322888415175"
"-0,42178560346372967500","0,00000073101686366027","0,00000073546530723200","0,00000089732024884557","0,00000160452798392376","0,00000006103442594383","0,00000071661600272496","0,00000377968476865105","0,00000072052459061454","0,00000069120190008600","0,00000086013342202547","0,00000253620437844631","0,00000254107447594333","0,00000001189083345105","0,00000226868714369662","0,00000042364104605514","0,00000199244472554640","0,00000001172525475937","0,00000001109564000271","0,00000001115180542048","0,00000089965935966314"
"-0,41978168082641503800","0,00000072816587170757","0,00000073277097986367","0,00000089359895565770","0,00000159862717148167","0,00000006077989506770","0,00000071365622652249","0,00000376679274774312","0,00000071735415876868","0,00000068912060740564","0,00000085702593412296","0,00000252884166266725","0,00000253768574677425","0,00000001188615424919","0,00000226042104522472","0,00000042271927814217","0,00000198500263207781","0,00000001173746367782","0,00000001111710788761","0,00000001117339518783","0,00000089607133861894"
"-0,41777775818910040100","0,00000072531482376085","0,00000073008024212132","0,00000088984060828066","0,00000159271725513683","0,00000006052240023621","0,00000071068811571097","0,00000375386118451693","0,00000071416389663307","0,00000068704833252061","0,00000085391664438134","0,00000252153236126440","0,00000253426880268316","0,00000001188073266047","0,00000225212764415263","0,00000042178735670968","0,00000197752913751313","0,00000001174869844232","0,00000001114305286387","0,00000001119690146955","0,00000089246482101915"
"-0,41577383555178582000","0,00000072246371982011","0,00000072739309400495","0,00000088604520671448","0,00000158679823488923","0,00000006026194144938","0,00000070771167029042","0,00000374089007897247","0,00000071095380420770","0,00000068498507543090","0,00000085080555280062","0,00000251427647423773","0,00000253082364367004","0,00000001187456868491","0,00000224380694048033","0,00000042084528175767","0,00000197002424185238","0,00000001175895905285","0,00000001117347493150","0,00000001122232426565","0,00000088883980686379"
"-0,41376991291447118300","0,00000071961255988536","0,00000072470953551457","0,00000088221275095913","0,00000158087011073888","0,00000005999851870720","0,00000070472689026083","0,00000372787943110976","0,00000070772388149257","0,00000068293083613651","0,00000084769265938079","0,00000250707400158727","0,00000252735026973490","0,00000001186766232250","0,00000223545893420783","0,00000041989305328612","0,00000196248794509554","0,00000001176824550942","0,00000001120837409049","0,00000001124966357611","0,00000088519629615283"
"-0,41176599027715654600","0,00000071676134395659","0,00000072202956665016","0,00000087834324101463","0,00000157493288268577","0,00000005973213200966","0,00000070173377562219","0,00000371482924092879","0,00000070447412848768","0,00000068088561463744","0,00000084457796412186","0,00000249992494331300","0,00000252384868087775","0,00000001186001357324","0,00000222708362533512","0,00000041893067129505","0,00000195492024724261","0,00000001177655781202","0,00000001124775034085","0,00000001127891940095","0,00000088153428888629"
"-0,40976206763984190900","0,00000071391007203381","0,00000071935318741174","0,00000087443667688097","0,00000156898655072990","0,00000005946278135678","0,00000069873232637452","0,00000370173950842957","0,00000070120454519304","0,00000067884941093369","0,00000084146146702382","0,00000249282929941493","0,00000252031887709857","0,00000001185162243714","0,00000221868101386222","0,00000041795813578445","0,00000194732114829360","0,00000001178389596066","0,00000001129160368257","0,00000001131009174016","0,00000087785378506417"
"-0,40775814500252727200","0,00000071105874411701","0,00000071668039779930","0,00000087049305855815","0,00000156303111487128","0,00000005919046674855","0,00000069572254251780","0,00000368861023361208","0,00000069791513160864","0,00000067682222502527","0,00000083834316808667","0,00000248578706989306","0,00000251676085839737","0,00000001184248891418","0,00000221025109978911","0,00000041697544675433","0,00000193969064824850","0,00000001179025995535","0,00000001133993411565","0,00000001134318059374","0,00000087415478468646"
"-0,40575422236521263600","0,00000070820736020620","0,00000071401119781284","0,00000086651238604617","0,00000155706657510990","0,00000005891518818496","0,00000069270442405204","0,00000367544141647633","0,00000069460588773448","0,00000067480405691217","0,00000083522306731041","0,00000247879825474738","0,00000251317462477415","0,00000001183261300437","0,00000220179388311580","0,00000041598260420468","0,00000193202874710732","0,00000001179564979606","0,00000001139274164010","0,00000001137818596170","0,00000087043728775316"
"-0,40375029972789799900","0,00000070535592030137","0,00000071134558745236","0,00000086249465934504","0,00000155109293144576","0,00000005863694566603","0,00000068967797097724","0,00000366223305702232","0,00000069127681357057","0,00000067279490659438","0,00000083210116469505","0,00000247186285397790","0,00000250956017622891","0,00000001182199470772","0,00000219330936384228","0,00000041497960813550","0,00000192433544487006","0,00000001180006548282","0,00000001145002625591","0,00000001141510784402","0,00000086670129426428"
"-0,40174637709058336200","0,00000070250442440253","0,00000070868356671786","0,00000085843987845475","0,00000154511018387887","0,00000005835573919175","0,00000068664318329340","0,00000364898515525006","0,00000068792790911690","0,00000067079477407192","0,00000082897746024059","0,00000246498086758462","0,00000250591751276164","0,00000001181063402421","0,00000218479754196857","0,00000041396645854679","0,00000191661074153671","0,00000001180350701561","0,00000001151178796309","0,00000001145394624072","0,00000086294680421981"
"-0,39974245445326878100","0,00000069964625043999","0,00000070601357695814","0,00000085436777592336","0,00000153911190275302","0,00000005807329458794","0,00000068360401095461","0,00000363571851277245","0,00000068456827786224","0,00000066879831865413","0,00000082585581232725","0,00000245807908130979","0,00000250225115924061","0,00000001179928445253","0,00000217626165694119","0,00000041294713913084","0,00000190887111906840","0,00000001180664757259","0,00000001157365817502","0,00000001149237131565","0,00000085918665009844"
"-0,39773853181595414400","0,00000069677477634406","0,00000070332405952199","0,00000085029808429892","0,00000153309165841199","0,00000005779133768042","0,00000068056440391498","0,00000362245393120240","0,00000068120702329537","0,00000066680019965036","0,00000082274007933527","0,00000245108428089565","0,00000249856564053404","0,00000001178869949133","0,00000216770494820670","0,00000041192563357992","0,00000190113305942623","0,00000001181016033192","0,00000001163126830512","0,00000001152805323266","0,00000085543366437885"
"-0,39573460917863950700","0,00000069389000211475","0,00000070061501440942","0,00000084623080358144","0,00000152704945085581","0,00000005750986846920","0,00000067752436217450","0,00000360919141053993","0,00000067784414541628","0,00000066480041706060","0,00000081963026126465","0,00000244399646634220","0,00000249486095664195","0,00000001177887914062","0,00000215912741576510","0,00000041090194189403","0,00000189339656261021","0,00000001181404529360","0,00000001168461835337","0,00000001156099199175","0,00000085168784706103"
"-0,39373068654132487000","0,00000069099192775206","0,00000069788644162042","0,00000084216593377091","0,00000152098528008445","0,00000005722888695427","0,00000067448388573318","0,00000359593095078503","0,00000067447964422497","0,00000066279897088486","0,00000081652635811539","0,00000243681563764945","0,00000249113710756432","0,00000001176982340040","0,00000215052905961638","0,00000040987606407318","0,00000188566162862034","0,00000001181830245762","0,00000001173370831978","0,00000001159118759292","0,00000084794919814499"
"-0,39172676390401023300","0,00000068808055325599","0,00000069513834115499","0,00000083810347486733","0,00000151489914609792","0,00000005694839313563","0,00000067144297459100","0,00000358267255193770","0,00000067111351972144","0,00000066079586112313","0,00000081342836988748","0,00000242954179481740","0,00000248739409330117","0,00000001176153227067","0,00000214190987976055","0,00000040884800011737","0,00000187792825745661","0,00000001182293182398","0,00000001177853820435","0,00000001161864003617","0,00000084421771763073"
"-0,38972284126669559600","0,00000068515587862653","0,00000069237071301314","0,00000083404342687071","0,00000150879104889623","0,00000005666838701329","0,00000066840162874798","0,00000356941621399793","0,00000066774577190570","0,00000065879108777542","0,00000081033629658094","0,00000242217493784604","0,00000248363191385248","0,00000001175400575143","0,00000213326987619760","0,00000040781775002659","0,00000187019644911904","0,00000001182793339269","0,00000001181910800707","0,00000001164334932151","0,00000084049340551824"
"-0,38771891862938096000","0,00000068221790386369","0,00000068958355719487","0,00000082998578978104","0,00000150266098847937","0,00000005638886858724","0,00000066535984820412","0,00000355616193696574","0,00000066437640077774","0,00000065678465084173","0,00000080725013819576","0,00000241471506673538","0,00000247985056921827","0,00000001174724384267","0,00000212460904892754","0,00000040678531380084","0,00000186246620360761","0,00000001183330716374","0,00000001185541772796","0,00000001166531544893","0,00000083677626180753"
"-0,38571499599206637800","0,00000067926662896747","0,00000068677687370017","0,00000082593056359833","0,00000149650896484735","0,00000005610983785749","0,00000066231763295941","0,00000354290972084112","0,00000066100540633757","0,00000065477655032205","0,00000080416989473193","0,00000240716218148541","0,00000247605005939853","0,00000001174124654440","0,00000211592739795036","0,00000040575069144013","0,00000185473752092233","0,00000001183905313714","0,00000001188746736700","0,00000001168453841844","0,00000083306628649860"
"-0,38371107335475174200","0,00000067630205393786","0,00000068395066252904","0,00000082187774832257","0,00000149033497800016","0,00000005583129482402","0,00000065927498301385","0,00000352965956562406","0,00000065763278858518","0,00000065276678621639","0,00000080109556618947","0,00000239951628209614","0,00000247223038439326","0,00000001173601385662","0,00000210722492326607","0,00000040471388294445","0,00000184701040106320","0,00000001184517131289","0,00000001191525692419","0,00000001170101823002","0,00000082936347959144"
"-0,38170715071743710500","0,00000067332417877487","0,00000068110492368148","0,00000081782734395376","0,00000148413902793779","0,00000005555323948686","0,00000065623189836744","0,00000351641147131458","0,00000065425854752057","0,00000065075535852475","0,00000079802715256836","0,00000239177736856756","0,00000246839154420246","0,00000001173154577933","0,00000209850162487467","0,00000040367488831380","0,00000183928484403022","0,00000001185166169097","0,00000001193878639955","0,00000001171475488369","0,00000082566784108606"
"-0,37970322808012246800","0,00000067033300347850","0,00000067823965715750","0,00000081377935049191","0,00000147792111466027","0,00000005527567184598","0,00000065318837902019","0,00000350316543791266","0,00000065088268314374","0,00000064874226724712","0,00000079496465386862","0,00000238394544089968","0,00000246453353882613","0,00000001172784231253","0,00000208975750277615","0,00000040263370754819","0,00000183156084982338","0,00000001185852427141","0,00000001195805579306","0,00000001172574837945","0,00000082197937098245"
"-0,37769930544280783100","0,00000066732852804875","0,00000067535486295710","0,00000080973376793701","0,00000147168123816757","0,00000005499859190140","0,00000065014442497209","0,00000348992146541831","0,00000064750519545470","0,00000064672751238351","0,00000079190807009023","0,00000237602049909250","0,00000246065636826427","0,00000001172490345621","0,00000208099255697051","0,00000040159034064762","0,00000182383841844270","0,00000001186575905419","0,00000001197306510473","0,00000001173399871728","0,00000081829806928063"
"-0,37569538280549319400","0,00000066431075248561","0,00000067245054108027","0,00000080569059628906","0,00000146541939845971","0,00000005472199965311","0,00000064710003622314","0,00000347667955383154","0,00000064412608445344","0,00000064471109393392","0,00000078885740123320","0,00000236800254314601","0,00000245676003251688","0,00000001172272921038","0,00000207220678745776","0,00000040054478761208","0,00000181611754988816","0,00000001187336603931","0,00000001198381433456","0,00000001173950589720","0,00000081462393598058"
"-0,37369146016817855700","0,00000066127967678909","0,00000066952669152701","0,00000080164983554807","0,00000145913559553668","0,00000005444589510111","0,00000064405521277335","0,00000346343970315233","0,00000064074535013996","0,00000064269301189834","0,00000078581264729753","0,00000235989157306021","0,00000245284453158397","0,00000001172131957504","0,00000206340019423789","0,00000039949704844157","0,00000180839824415977","0,00000001188134522678","0,00000001199030348255","0,00000001174226991920","0,00000081095697108230"
"-0,37168753753086392100","0,00000065823530095918","0,00000066658331429732","0,00000079761148571404","0,00000145282982939848","0,00000005417027824541","0,00000064100995462271","0,00000345020191338069","0,00000063736299251427","0,00000064067326627677","0,00000078277380828322","0,00000235168758883511","0,00000244890986546552","0,00000001172067455019","0,00000205457277731091","0,00000039844712313610","0,00000180068050125753","0,00000001188969661659","0,00000001199253254869","0,00000001174229078328","0,00000080729717458581"
"-0,36968361489354933900","0,00000065517762499589","0,00000066362040939122","0,00000079357554678695","0,00000144650210004512","0,00000005389514908600","0,00000063796426177122","0,00000343696618451662","0,00000063397901157636","0,00000063865185706923","0,00000077974088419027","0,00000234339059047071","0,00000244495603416155","0,00000001172079413583","0,00000204572453667682","0,00000039739501169566","0,00000179296432118143","0,00000001189842020875","0,00000001199050153299","0,00000001173956848944","0,00000080364454649109"
"-0,36767969225623470200","0,00000065210664889922","0,00000066063797680868","0,00000078954201876682","0,00000144015240747658","0,00000005362050762289","0,00000063491813421889","0,00000342373251656012","0,00000063059340732623","0,00000063662878427570","0,00000077671387501868","0,00000233500057796700","0,00000244098303767204","0,00000001172167833195","0,00000203685547233561","0,00000039634071412026","0,00000178524970393149","0,00000001190751600326","0,00000001198421043545","0,00000001173410303769","0,00000079999908679814"
"-0,36567576961892006600","0,00000064902237266917","0,00000065763601654972","0,00000078551090165365","0,00000143378075169288","0,00000005334635385607","0,00000063187157196571","0,00000341050090951120","0,00000062720617976389","0,00000063460404789619","0,00000077369278076845","0,00000232651755132399","0,00000243699087599701","0,00000001172332713857","0,00000202796558428729","0,00000039528423040989","0,00000177753664950769","0,00000001191698400011","0,00000001197365925607","0,00000001172589442802","0,00000079636079550697"
"-0,36367184698160542900","0,00000064592479630573","0,00000065461452861433","0,00000078148219544743","0,00000142738713269402","0,00000005307268778554","0,00000062882457501169","0,00000339727136336984","0,00000062381732888933","0,00000063257764793069","0,00000077067760143958","0,00000231794151054167","0,00000243297954913645","0,00000001172574055567","0,00000201905487253185","0,00000039422556056455","0,00000176982515791004","0,00000001192682419930","0,00000001195884799484","0,00000001171494266043","0,00000079272967261758"
"-0,36166792434429079200","0,00000064281391980891","0,00000065157351300252","0,00000077745590014816","0,00000142097155047998","0,00000005279950941131","0,00000062577714335681","0,00000338404387813605","0,00000062042685470255","0,00000063054958437921","0,00000076766833703207","0,00000230927245562004","0,00000242894905709035","0,00000001172891858326","0,00000201012333706930","0,00000039316470458425","0,00000176211522913854","0,00000001193703660084","0,00000001193977665177","0,00000001170124773493","0,00000078910571812997"
"-0,35966400170697615500","0,00000063968974317871","0,00000064851296971428","0,00000077343201575585","0,00000141453400505078","0,00000005252681873337","0,00000062272927700109","0,00000337081845380983","0,00000061703475720356","0,00000062851985724174","0,00000076466498754591","0,00000230051038655912","0,00000242489939985873","0,00000001173286122133","0,00000200117097789963","0,00000039210166246898","0,00000175440686319319","0,00000001194762120472","0,00000001191644522686","0,00000001168480965151","0,00000078548893204413"
"-0,35766007906966151800","0,00000063655226641513","0,00000064543289874961","0,00000076941054227049","0,00000140807449640641","0,00000005225461575172","0,00000061968097594453","0,00000335759509039118","0,00000061364103639235","0,00000062648846651830","0,00000076166755298112","0,00000229165530335889","0,00000242083057744158","0,00000001173756846990","0,00000199219779502285","0,00000039103643421875","0,00000174670006007399","0,00000001195857801095","0,00000001188885372011","0,00000001166562841017","0,00000078187931436007"
"-0,35565615643234693700","0,00000063340148951816","0,00000064233330010852","0,00000076539147969208","0,00000140159302454688","0,00000005198290046636","0,00000061663224018711","0,00000334437378788009","0,00000061024569226892","0,00000062445541220886","0,00000075867603333768","0,00000228270720601935","0,00000241674258983890","0,00000001174304032895","0,00000198320378843895","0,00000038996901983355","0,00000173899481978093","0,00000001196990701953","0,00000001185700213151","0,00000001164370401091","0,00000077827686507779"
"-0,35365223379503230000","0,00000063023741248781","0,00000063921417379101","0,00000076137482802063","0,00000139508958947217","0,00000005171167287730","0,00000061358306972885","0,00000333115454627658","0,00000060684872483327","0,00000062242069431345","0,00000075569042861561","0,00000227366609454051","0,00000241263543705069","0,00000001174927679849","0,00000197418895814794","0,00000038889941931339","0,00000173129114231402","0,00000001198160823045","0,00000001182089046108","0,00000001161903645374","0,00000077468158419728"
"-0,35164831115771766300","0,00000062706003532407","0,00000063607551979706","0,00000075736058725613","0,00000138856419118230","0,00000005144093298454","0,00000061053346456975","0,00000331793736558064","0,00000060345013408541","0,00000062038431283205","0,00000075271073881489","0,00000226453196892236","0,00000240850911907695","0,00000001175627787852","0,00000196515330414981","0,00000038782763265826","0,00000172358902767326","0,00000001199368164371","0,00000001178051870880","0,00000001159162573865","0,00000077109347171855"
"-0,34964438852040302700","0,00000062388092842401","0,00000063292385875850","0,00000075334410741490","0,00000138202898001513","0,00000005116813642233","0,00000060747835434913","0,00000330472653810321","0,00000060005415424329","0,00000061834220869150","0,00000074973261642906","0,00000225533653577094","0,00000240436095636692","0,00000001176328711907","0,00000195610781235646","0,00000038675034010727","0,00000171588867438432","0,00000001200493429161","0,00000001173947307810","0,00000001156368049970","0,00000076750381061015"
"-0,34764046588308839000","0,00000062071166218466","0,00000062976571130711","0,00000074932073851325","0,00000137549610630851","0,00000005089073882495","0,00000060441266870633","0,00000329152635615521","0,00000059666501952485","0,00000061629032281865","0,00000074675171395163","0,00000224611150169228","0,00000240018826936981","0,00000001176954807017","0,00000194706346867979","0,00000038566422189951","0,00000170819028097287","0,00000001201417320643","0,00000001170133977243","0,00000001153740937097","0,00000076390388384063"
"-0,34563654324577375300","0,00000061755223660604","0,00000062660107744291","0,00000074529048055119","0,00000136896557006245","0,00000005060874019241","0,00000060133640764135","0,00000327833681973667","0,00000059328272993011","0,00000061422865521349","0,00000074376803138260","0,00000223685686668638","0,00000239599105808563","0,00000001177506073182","0,00000193802027311978","0,00000038456927803499","0,00000170049384743892","0,00000001202139838817","0,00000001166611879178","0,00000001151281235244","0,00000076029369140999"
"-0,34363262060845911600","0,00000061440265168813","0,00000062342995716588","0,00000074125333352870","0,00000136243737127695","0,00000005032214052469","0,00000059824957115420","0,00000326515792884756","0,00000058990728545906","0,00000061215720587602","0,00000074078156872198","0,00000222757263075323","0,00000239176932251438","0,00000001177982510403","0,00000192897822567644","0,00000038346550851371","0,00000169279937378245","0,00000001202660983684","0,00000001163381013614","0,00000001148988944413","0,00000075667323331824"
"-0,34162869797114447900","0,00000061126290743095","0,00000062025235047604","0,00000073720929744580","0,00000135591150995201","0,00000005003093982180","0,00000059515215924487","0,00000325198968348790","0,00000058653868611169","0,00000061007597480624","0,00000073779232596976","0,00000221825879389285","0,00000238752306265607","0,00000001178384118678","0,00000191993732634977","0,00000038235291333567","0,00000168510686000348","0,00000001202980755243","0,00000001160441380552","0,00000001146864064603","0,00000075304250956536"
"-0,33962477533382989800","0,00000060813300383449","0,00000061706825737337","0,00000073315837230248","0,00000134938798608763","0,00000004973513808374","0,00000059204417191336","0,00000323883208365768","0,00000058317693188802","0,00000060798496200415","0,00000073480030312595","0,00000220891535610521","0,00000238325227851068","0,00000001178710898009","0,00000191089757513977","0,00000038123149250086","0,00000167741630610200","0,00000001203099153495","0,00000001157792979992","0,00000001144906595814","0,00000074940152015137"
"-0,33762085269651526100","0,00000060501294089875","0,00000061387767785789","0,00000072910055809874","0,00000134286679968381","0,00000004943473531052","0,00000058892560915967","0,00000322568512935691","0,00000057982202278804","0,00000060588416746975","0,00000073180550019054","0,00000219954231739034","0,00000237895697007822","0,00000001178962848395","0,00000190185897204645","0,00000038010124600928","0,00000166972771207801","0,00000001203016178438","0,00000001155435811934","0,00000001143116538046","0,00000074575026507626"
"-0,33561693005920062400","0,00000060190271862373","0,00000061068061192959","0,00000072503585483458","0,00000133634795074054","0,00000004912973150212","0,00000058579647098380","0,00000321254882058558","0,00000057647395881175","0,00000060377359120304","0,00000072880791716354","0,00000219013967774823","0,00000237463713735870","0,00000001179139969836","0,00000189282151706979","0,00000037896217386095","0,00000166204107793151","0,00000001202731830074","0,00000001153369876378","0,00000001141493891299","0,00000074208874434003"
"-0,33361300742188598800","0,00000059880233700943","0,00000060747705958846","0,00000072096426251001","0,00000132983143925783","0,00000004882012665855","0,00000058265675738576","0,00000319942315734369","0,00000057313273995915","0,00000060165323320403","0,00000072580755404494","0,00000218070743717887","0,00000237029278035210","0,00000001179242262332","0,00000188378521020980","0,00000037781427605585","0,00000165435640366251","0,00000001202246108403","0,00000001151595173324","0,00000001140038655573","0,00000073841695794268"
"-0,33160908478457135100","0,00000059571179605585","0,00000060426702083452","0,00000071688578112501","0,00000132331726523569","0,00000004850592077981","0,00000057950646836553","0,00000318630813963125","0,00000056979836623024","0,00000059952309347270","0,00000072280441083474","0,00000217124559568227","0,00000236592389905844","0,00000001179269725883","0,00000187475005146649","0,00000037665755259399","0,00000164667368927100","0,00000001201559013423","0,00000001150111702771","0,00000001138750830868","0,00000073473490588422"
"-0,32960516214725671400","0,00000059263109576300","0,00000060105049566776","0,00000071280041067960","0,00000131680542867410","0,00000004818711386590","0,00000057634560392313","0,00000317320376744825","0,00000056647083762503","0,00000059738317200907","0,00000071979848753295","0,00000216175415325843","0,00000236153049347770","0,00000001179222360490","0,00000186571604083984","0,00000037549200347537","0,00000163899293475698","0,00000001200670545136","0,00000001148919464721","0,00000001137630417185","0,00000073104258816464"
"-0,32760123950994207700","0,00000058956023613086","0,00000059782748408817","0,00000070870815117377","0,00000131029592957306","0,00000004786370591682","0,00000057317416405855","0,00000316011004079470","0,00000056315015414350","0,00000059523346881313","0,00000071678978413956","0,00000215223310990735","0,00000235711256360989","0,00000001179100166151","0,00000185668317832986","0,00000037431762869998","0,00000163131414012045","0,00000001199580703541","0,00000001148018459172","0,00000001136677414522","0,00000072734000478394"
"-0,32559731687262749600","0,00000058649921715945","0,00000059459798609577","0,00000070460900260752","0,00000130378876793259","0,00000004753569693256","0,00000056999214877179","0,00000314702695967059","0,00000055983631578566","0,00000059307398388487","0,00000071377830065458","0,00000214268246562902","0,00000235267010945502","0,00000001178903142868","0,00000184765146393656","0,00000037313442826783","0,00000162363730536141","0,00000001198289488639","0,00000001147408686125","0,00000001135891822881","0,00000072362715574212"
"-0,32359339423531285900","0,00000058344803884875","0,00000059136200169055","0,00000070050296498086","0,00000129728394375268","0,00000004720308691314","0,00000056679955806286","0,00000313395452407592","0,00000055652932255152","0,00000059090471722431","0,00000071076403707800","0,00000213310222042345","0,00000234820313101307","0,00000001178631290640","0,00000183862089765992","0,00000037194240217891","0,00000161596243047986","0,00000001196796900429","0,00000001147090145580","0,00000001135273642260","0,00000071990404103918"
"-0,32158947159799822200","0,00000058040670119878","0,00000058811953087251","0,00000069639003829377","0,00000129078145703332","0,00000004686587585855","0,00000056359639193174","0,00000312089273401070","0,00000055322917444106","0,00000058872566883145","0,00000070774699340983","0,00000212349237429064","0,00000234371162828406","0,00000001178284609467","0,00000182959147949996","0,00000037074155043324","0,00000160828951547581","0,00000001195102938911","0,00000001147062837537","0,00000001134822872661","0,00000071617066067512"
"-0,31958554896068358500","0,00000057737520420953","0,00000058487057364164","0,00000069227022254627","0,00000128428130777453","0,00000004652406376879","0,00000056038265037845","0,00000310784158947492","0,00000054993587145430","0,00000058653683870627","0,00000070472716965006","0,00000211385292723059","0,00000233919560126797","0,00000001177863099350","0,00000182056320945666","0,00000036953187303080","0,00000160061856034925","0,00000001193207604085","0,00000001147326761996","0,00000001134539514083","0,00000071242701464995"
"-0,31758162632336894800","0,00000057435354788100","0,00000058161512999796","0,00000068814351773835","0,00000127778349597629","0,00000004617765064385","0,00000055715833340298","0,00000309480109046858","0,00000054664941359122","0,00000058433822684878","0,00000070170456579870","0,00000210418387924330","0,00000233465504996482","0,00000001177366760287","0,00000181153608753004","0,00000036831336997159","0,00000159294956510018","0,00000001191110895952","0,00000001147881918956","0,00000001134423566525","0,00000070867310296366"
"-0,31557770368605431200","0,00000057134173221318","0,00000057835319994146","0,00000068400992387001","0,00000127128802163861","0,00000004582663648375","0,00000055392344100533","0,00000308177123699169","0,00000054336980085184","0,00000058212983325899","0,00000069867918185574","0,00000209448523032876","0,00000233008997437459","0,00000001176795592280","0,00000180251011372008","0,00000036708604125563","0,00000158528252972860","0,00000001188812814511","0,00000001148728308419","0,00000001134475029989","0,00000070490892561625"
"-0,31357378104873967500","0,00000056833975720610","0,00000057508478347214","0,00000067986944094125","0,00000126479488476149","0,00000004547102128848","0,00000055067797318550","0,00000306875202904424","0,00000054009703323615","0,00000057991165793688","0,00000069565101782118","0,00000208475698048698","0,00000232550037449730","0,00000001176149595328","0,00000179348528802680","0,00000036584988688290","0,00000157761745423451","0,00000001186313359762","0,00000001149865930383","0,00000001134693904474","0,00000070113448260772"
"-0,31156985841142503800","0,00000056534762285973","0,00000057180988059000","0,00000067572206895207","0,00000125830408534492","0,00000004511080505803","0,00000054742192994349","0,00000305574346662623","0,00000053683111074414","0,00000057768370088247","0,00000069262007369503","0,00000207499912971796","0,00000232088625033293","0,00000001175428769430","0,00000178446161045018","0,00000036460490685341","0,00000156995433861792","0,00000001183612531706","0,00000001151294784849","0,00000001135080189980","0,00000069734977393807"
"-0,30956593577411045700","0,00000056236532917408","0,00000056852849129504","0,00000067156780790248","0,00000125181562338892","0,00000004474598779242","0,00000054415531127931","0,00000304274554973767","0,00000053357203337583","0,00000057544596209575","0,00000068958634947728","0,00000206521167802170","0,00000231624760188150","0,00000001174633114589","0,00000177543908099024","0,00000036335110116715","0,00000156229318287882","0,00000001180710330342","0,00000001153014871817","0,00000001135633886507","0,00000069355479960731"
"-0,30756201313679582000","0,00000055939287614915","0,00000056524061558726","0,00000066740665779246","0,00000124532949889347","0,00000004437656949163","0,00000054087811719294","0,00000302975827837855","0,00000053031980113121","0,00000057319844157672","0,00000068654984516794","0,00000205539462539819","0,00000231158442914300","0,00000001173762630802","0,00000176641769964696","0,00000036208846982413","0,00000155463398701721","0,00000001177606755670","0,00000001155026191287","0,00000001136354994055","0,00000068974955961542"
"-0,30555809049948118300","0,00000055643026378495","0,00000056194625346666","0,00000066323861862203","0,00000123884571185859","0,00000004400255015568","0,00000053759034768440","0,00000301678165254888","0,00000052707441401028","0,00000057094113932538","0,00000068351056076700","0,00000204554797184744","0,00000230689673211742","0,00000001172817318070","0,00000175739746642036","0,00000036081701282435","0,00000154697675103309","0,00000001174301807691","0,00000001157328743259","0,00000001137243512625","0,00000068593405396242"
"-0,30355416786216654600","0,00000055347749208146","0,00000055864540493324","0,00000065906369039118","0,00000123236426228426","0,00000004362392978455","0,00000053429200275368","0,00000300381567224865","0,00000052383587201304","0,00000056867405534173","0,00000068046849627447","0,00000203567171736946","0,00000230218451080478","0,00000001171797176394","0,00000174837838131043","0,00000035953673016781","0,00000153932147492646","0,00000001170795486404","0,00000001159922527733","0,00000001138299442215","0,00000068210828264830"
"-0,30155024522485190900","0,00000055053456103870","0,00000055533806998700","0,00000065488187309992","0,00000122588515017049","0,00000004324070837825","0,00000053098308240078","0,00000299086033747786","0,00000052060417513950","0,00000056639718962578","0,00000067742365169034","0,00000202576586196422","0,00000229744776520506","0,00000001170702205773","0,00000173936044431716","0,00000035824762185450","0,00000153166815869732","0,00000001167087791809","0,00000001162807544708","0,00000001139522782827","0,00000067827224567307"
"-0,29954632258753727300","0,00000054757857005909","0,00000055201815795975","0,00000065069926561849","0,00000121940349477060","0,00000004285588317742","0,00000052766851722838","0,00000297795077740759","0,00000051737688274387","0,00000056411848660366","0,00000067437111832405","0,00000201584783041914","0,00000229269710311727","0,00000001169523778135","0,00000173034747131745","0,00000035695411894756","0,00000152402079236791","0,00000001163436837693","0,00000001165705673718","0,00000001140758555526","0,00000067444198665209"
"-0,29754239995022263600","0,00000054458661854507","0,00000054867957818328","0,00000064652196681717","0,00000121291441533794","0,00000004247245142271","0,00000052435323783914","0,00000296512212120891","0,00000051415155418039","0,00000056184589070154","0,00000067130598748503","0,00000200593504752161","0,00000228794313234038","0,00000001168253265410","0,00000172134327818818","0,00000035566065251012","0,00000151638336596045","0,00000001160100737842","0,00000001168338794296","0,00000001141851781381","0,00000067063354920076"
"-0,29553847731290799900","0,00000054155870649663","0,00000054532233065759","0,00000064234997669595","0,00000120641791187249","0,00000004209041311410","0,00000052103724423306","0,00000295237436888181","0,00000051092818944907","0,00000055957940191941","0,00000066822825917329","0,00000199602751327162","0,00000228318585287440","0,00000001166890667598","0,00000171234786492934","0,00000035436722254217","0,00000150875587947494","0,00000001157079492256","0,00000001170706906441","0,00000001142802460391","0,00000066684693331908"
"-0,29353455467559341800","0,00000053849483391378","0,00000054194641538270","0,00000063818329525484","0,00000119991398437426","0,00000004170976825161","0,00000051772053641015","0,00000293970752042629","0,00000050770678854990","0,00000055731902025727","0,00000066513793338882","0,00000198612522766917","0,00000227842526471933","0,00000001165435984699","0,00000170336123154093","0,00000035307382904373","0,00000150113833291138","0,00000001154373100936","0,00000001172810010153","0,00000001143610592556","0,00000066308213900705"
"-0,29153063203827878100","0,00000053539500079652","0,00000053855183235858","0,00000063402192249382","0,00000119340263284325","0,00000004133051683523","0,00000051440311437040","0,00000292712157584236","0,00000050448735148288","0,00000055506474571513","0,00000066203501013163","0,00000197622819071427","0,00000227366136787516","0,00000001163889216712","0,00000169438337802296","0,00000035178047201478","0,00000149353072626977","0,00000001151981563880","0,00000001174648105433","0,00000001144276177877","0,00000065933916626466"
"-0,28952670940096414400","0,00000053225920714485","0,00000053513858158526","0,00000062986585841291","0,00000118688385727945","0,00000004095265886495","0,00000051108497811381","0,00000291461653513002","0,00000050126987824801","0,00000055281657829298","0,00000065891948940171","0,00000196633640240691","0,00000226889416234190","0,00000001162250363638","0,00000168541430437542","0,00000035048715145533","0,00000148593305955012","0,00000001149904881090","0,00000001176221192280","0,00000001144799216352","0,00000065561801509192"
"-0,28752278676364950700","0,00000052908745295876","0,00000053170666306272","0,00000062571510301210","0,00000118035765768287","0,00000004057619434079","0,00000050776612764039","0,00000290219239828927","0,00000049805436884529","0,00000055057451799082","0,00000065579137119906","0,00000195644986274710","0,00000226412364811954","0,00000001160519425477","0,00000167645401059832","0,00000034919386736538","0,00000147834533275242","0,00000001148143052565","0,00000001177529270694","0,00000001145179707983","0,00000065191868548882"
"-0,28551886412633487000","0,00000052587973823827","0,00000052825607679097","0,00000062156965629140","0,00000117382403405351","0,00000004020112326274","0,00000050444656295013","0,00000288984916532010","0,00000049484082327473","0,00000054833856480865","0,00000065265065552369","0,00000194656857173484","0,00000225934982520810","0,00000001158696402228","0,00000166750249669165","0,00000034790061974493","0,00000147076754587666","0,00000001146696078305","0,00000001178572340676","0,00000001145417652769","0,00000064824117745537"
"-0,28351494148902023300","0,00000052263606298336","0,00000052478682277000","0,00000061742951825080","0,00000116728298639137","0,00000003982744563080","0,00000050112628404304","0,00000287758683622251","0,00000049162924153632","0,00000054610871874647","0,00000064949734237559","0,00000193669252937012","0,00000225457269360756","0,00000001156781293892","0,00000165855976265542","0,00000034660740859398","0,00000146319969892286","0,00000001145563958311","0,00000001179350402226","0,00000001145513050711","0,00000064458549099157"
"-0,28151101885170559700","0,00000051935642719403","0,00000052129890099982","0,00000061329468889030","0,00000116073451469644","0,00000003945516144498","0,00000049780529091911","0,00000286540541099652","0,00000048841962363005","0,00000054388497980429","0,00000064633143175477","0,00000192682173565294","0,00000224979225331792","0,00000001154774100469","0,00000164962580848962","0,00000034531423391252","0,00000145564179189102","0,00000001144746692581","0,00000001179863455342","0,00000001145465901807","0,00000064095162609741"
"-0,27950709621439101500","0,00000051604083087030","0,00000051779231148043","0,00000060916516820990","0,00000115417861896873","0,00000003908427070526","0,00000049448358357834","0,00000285330488964210","0,00000048521196955594","0,00000054166734798210","0,00000064315292366122","0,00000191695619058331","0,00000224500850433920","0,00000001152674821958","0,00000164070063419426","0,00000034402109570056","0,00000144809382478112","0,00000001144244281117","0,00000001180111500027","0,00000001145276206059","0,00000063733958277290"
"-0,27750317357707637800","0,00000051268927401215","0,00000051426705421182","0,00000060504095620961","0,00000114761529920824","0,00000003871477341165","0,00000049116116202074","0,00000284128527215928","0,00000048200627931399","0,00000053945582327990","0,00000063996181809495","0,00000190709589416122","0,00000224022144667138","0,00000001150483458360","0,00000163178423976933","0,00000034272799395811","0,00000144055579759317","0,00000001144056723918","0,00000001180094536278","0,00000001144943963466","0,00000063374936101804"
"-0,27549925093976174200","0,00000050930175661959","0,00000051072312919400","0,00000060092205288942","0,00000114104455541496","0,00000003834666956416","0,00000048783802624631","0,00000282934655854804","0,00000047880255290418","0,00000053725040569770","0,00000063675811505595","0,00000189724084638668","0,00000223543108031447","0,00000001148200009675","0,00000162287662521484","0,00000034143492868515","0,00000143302771032718","0,00000001144184020984","0,00000001179812564097","0,00000001144469174028","0,00000063018096083282"
"-0,27349532830244710500","0,00000050587827869262","0,00000050716053642697","0,00000059680845824933","0,00000113446638758891","0,00000003797995916277","0,00000048451417625503","0,00000281748874880839","0,00000047560079032653","0,00000053505109523548","0,00000063354181454422","0,00000188739104725968","0,00000223063740526846","0,00000001145824475902","0,00000161397779053078","0,00000034014189988168","0,00000142550956298314","0,00000001144626172315","0,00000001179265583483","0,00000001143851837746","0,00000062663438221725"
"-0,27149140566513246800","0,00000050241884023123","0,00000050357927591072","0,00000059270017228935","0,00000112788079573006","0,00000003761464220750","0,00000048118961204692","0,00000280571184294032","0,00000047240099158102","0,00000053285789189326","0,00000063031291655977","0,00000187754649678023","0,00000222584042153336","0,00000001143356857042","0,00000160508773571715","0,00000033884890754772","0,00000141800135556105","0,00000001145383177911","0,00000001178453594437","0,00000001143091954618","0,00000062310962517132"
"-0,26948748302781783100","0,00000049892344123543","0,00000049997934764525","0,00000058859719500947","0,00000112128777983844","0,00000003725071869834","0,00000047786433362198","0,00000279401584094384","0,00000046920315666767","0,00000053067079567104","0,00000062707142110259","0,00000186770719494833","0,00000222104012910917","0,00000001140797153094","0,00000159620646077396","0,00000033755595168326","0,00000141050308806091","0,00000001146455037773","0,00000001177376596958","0,00000001142189524646","0,00000061960668969504"
"-0,26748356039050319400","0,00000049539208170522","0,00000049636075163058","0,00000058449952640969","0,00000111468733991403","0,00000003688818863528","0,00000047453834098019","0,00000278240074281894","0,00000046600728558647","0,00000052848980656880","0,00000062381732817269","0,00000185787314176397","0,00000221623652799588","0,00000001138145364060","0,00000158733396570121","0,00000033626303228829","0,00000140301476048272","0,00000001147841751900","0,00000001176034591047","0,00000001141144547829","0,00000061612557578841"
"-0,26547963775318855800","0,00000049182476164060","0,00000049272348786669","0,00000058040716649002","0,00000110807947595685","0,00000003652705201834","0,00000047121163412158","0,00000277086654856563","0,00000046281337833743","0,00000052631492458656","0,00000062055063777006","0,00000184804433722715","0,00000221142961819351","0,00000001135401489938","0,00000157847025049889","0,00000033497014936282","0,00000139553637282649","0,00000001149543320292","0,00000001174427576703","0,00000001139957024167","0,00000061266628345142"
"-0,26347571511587397600","0,00000048822148104156","0,00000048906755635359","0,00000057632011525044","0,00000110146418796687","0,00000003616730884751","0,00000046788421304612","0,00000275941325818391","0,00000045962143492053","0,00000052414614972431","0,00000061727134989470","0,00000183822078133788","0,00000220661939970204","0,00000001132565530728","0,00000156961531516700","0,00000033367730290685","0,00000138806792509221","0,00000001151559742949","0,00000001172555553926","0,00000001138626953661","0,00000060922881268408"
"-0,26147179247855933900","0,00000048458223990811","0,00000048539295709127","0,00000057223837269097","0,00000109484147594412","0,00000003580895912279","0,00000046455607775383","0,00000274804087167377","0,00000045643145533579","0,00000052198348198205","0,00000061397946454662","0,00000182840247409615","0,00000220180587252147","0,00000001129637486431","0,00000156076915970555","0,00000033238449292038","0,00000138060941727987","0,00000001153891019871","0,00000001170418522717","0,00000001137154336310","0,00000060581316348639"
"-0,25946786984124470300","0,00000048090703824025","0,00000048169969007974","0,00000056816193881161","0,00000108821133988858","0,00000003545200284419","0,00000046122722824471","0,00000273674938903522","0,00000045324343958320","0,00000051982692135978","0,00000061067498172581","0,00000181858941550197","0,00000219698903665181","0,00000001126617357047","0,00000155193178411454","0,00000033109171940341","0,00000137316084938949","0,00000001156537151059","0,00000001168016483075","0,00000001135539172114","0,00000060241933585834"
"-0,25746394720393006600","0,00000047719587603798","0,00000047798775531899","0,00000056409081361234","0,00000108157377980026","0,00000003509644001169","0,00000045789766451874","0,00000272553881026826","0,00000045005738766276","0,00000051767646785751","0,00000060735790143228","0,00000180878160555533","0,00000219216889209306","0,00000001123505142576","0,00000154310318839396","0,00000032979898235593","0,00000136572222142107","0,00000001159498136511","0,00000001165349435001","0,00000001133781461073","0,00000059904732979994"
"-0,25546002456661542900","0,00000047344875330129","0,00000047425715280903","0,00000056002499709318","0,00000107492879567916","0,00000003474227062530","0,00000045456738657595","0,00000271440913537288","0,00000044687329957447","0,00000051553212147523","0,00000060402822366602","0,00000179897904425624","0,00000218734543884522","0,00000001120300843017","0,00000153428337254381","0,00000032850628177795","0,00000135829353337459","0,00000001162773976229","0,00000001162417378494","0,00000001131881203187","0,00000059569714531118"
"-0,25345610192930079200","0,00000046966567003019","0,00000047050788254986","0,00000055596448925412","0,00000106827638752527","0,00000003438949468503","0,00000045123639441631","0,00000270336036434908","0,00000044369117531833","0,00000051339388221294","0,00000060068594842703","0,00000178918173160470","0,00000218251867690828","0,00000001117004458371","0,00000152547233656410","0,00000032721361766948","0,00000135087478525006","0,00000001166364670212","0,00000001159220313555","0,00000001129838398457","0,00000059236878239207"
"-0,25145217929198615500","0,00000046584662622468","0,00000046673994454148","0,00000055190929009517","0,00000106161655533861","0,00000003403811219086","0,00000044790468803984","0,00000269239249719688","0,00000044051101489434","0,00000051126175007064","0,00000059733107571532","0,00000177938966760069","0,00000217768860628225","0,00000001113615988637","0,00000151667008045483","0,00000032592099003050","0,00000134346597704749","0,00000001170270218460","0,00000001155758240182","0,00000001127653046882","0,00000058906224104261"
"-0,24944825665467154600","0,00000046202461470083","0,00000046296333735134","0,00000054786433388863","0,00000105496117840695","0,00000003369369664177","0,00000044458344353908","0,00000268153114395857","0,00000043733065630543","0,00000050914303574152","0,00000059399550838580","0,00000176959664490626","0,00000217285943893947","0,00000001110342031269","0,00000150789484605882","0,00000032462603027834","0,00000133607576650226","0,00000001174178138759","0,00000001152281586421","0,00000001125513999895","0,00000058575200561935"
"-0,24744433401735690900","0,00000045823262827473","0,00000045918805954692","0,00000054383455490683","0,00000104832213601811","0,00000003336182153670","0,00000044128383700659","0,00000267080191467648","0,00000043414793755451","0,00000050704504991874","0,00000059071114929340","0,00000175979645618340","0,00000216803538685229","0,00000001107389183717","0,00000149916487521893","0,00000032332636983033","0,00000132871281134975","0,00000001177775948891","0,00000001149040780313","0,00000001123610108930","0,00000058241256047885"
"-0,24544041138004230000","0,00000045447066694637","0,00000045541411112821","0,00000053981995314976","0,00000104169942817209","0,00000003304248687566","0,00000043800586844236","0,00000266020480935060","0,00000043096285864158","0,00000050496779260233","0,00000058747799843812","0,00000174998910143213","0,00000216321645002070","0,00000001104757445981","0,00000149048016793514","0,00000032202200868646","0,00000132137711158997","0,00000001181063648859","0,00000001146035821858","0,00000001121941373987","0,00000057904390562112"
"-0,24343648874272766400","0,00000045073873071576","0,00000045164149209522","0,00000053582052861742","0,00000103509305486888","0,00000003273569265865","0,00000043474953784639","0,00000264973982798094","0,00000042777541956663","0,00000050291126379226","0,00000058429605581995","0,00000174017458065245","0,00000215840262844470","0,00000001102446818063","0,00000148184072420746","0,00000032071294684674","0,00000131406866722292","0,00000001184041238661","0,00000001143266711058","0,00000001120507795066","0,00000057564604104615"
"-0,24143256610541302700","0,00000044703681958289","0,00000044787020244795","0,00000053183628130981","0,00000102850301610849","0,00000003244143888566","0,00000043151484521869","0,00000263940697056750","0,00000042458562032968","0,00000050087546348855","0,00000058116532143889","0,00000173035289384434","0,00000215359392212430","0,00000001100457299961","0,00000147324654403590","0,00000031939918431117","0,00000130678747824860","0,00000001186708718299","0,00000001140733447910","0,00000001119309372166","0,00000057221896675394"
"-0,23942864346809839000","0,00000044336493354776","0,00000044410024218639","0,00000052786721122694","0,00000102192931189090","0,00000003215972555671","0,00000042830179055924","0,00000262920623711027","0,00000042139346093072","0,00000049886039169119","0,00000057808579529496","0,00000172052404100782","0,00000214879033105949","0,00000001098788891676","0,00000146469762742044","0,00000031808072107974","0,00000129953354466701","0,00000001189066087770","0,00000001138436032417","0,00000001118346105288","0,00000056876268274449"
"-0,23742472083078378100","0,00000043972307261038","0,00000044033161131055","0,00000052391331836880","0,00000101537194221614","0,00000003189055267178","0,00000042511037386806","0,00000261913762760925","0,00000041819894136975","0,00000049686604840018","0,00000057505747738813","0,00000171068802214289","0,00000214399185525028","0,00000001097441593208","0,00000145619397436109","0,00000031675755715246","0,00000129230686647814","0,00000001191113347077","0,00000001136374464577","0,00000001117617994432","0,00000056527718901781"
"-0,23542079819346914400","0,00000043611123677074","0,00000043656430982042","0,00000051997460273539","0,00000100883090708419","0,00000003163392023088","0,00000042194059514515","0,00000260920114206445","0,00000041500206164677","0,00000049489243361552","0,00000057208036771843","0,00000170084483724953","0,00000213919849469666","0,00000001096415404556","0,00000144773558485785","0,00000031542969252932","0,00000128510744368200","0,00000001192850496218","0,00000001134548744390","0,00000001117125039598","0,00000056176248557389"
"-0,23341687555615450700","0,00000043252942602885","0,00000043279833771600","0,00000051605106432672","0,00000100230620649505","0,00000003138982823400","0,00000041879245439049","0,00000259939678047586","0,00000041180282176178","0,00000049293954733722","0,00000056915446628583","0,00000169099448632776","0,00000213441024939864","0,00000001095710325721","0,00000143932245891072","0,00000031409712721033","0,00000127793527627859","0,00000001194277535194","0,00000001132958871858","0,00000001116867240785","0,00000055821857241273"
"-0,23141295291883987000","0,00000042897764038470","0,00000042903369499730","0,00000051214270314277","0,00000099579784044872","0,00000003115827668115","0,00000041566595160410","0,00000258972454284349","0,00000040860122171479","0,00000049100738956527","0,00000056627977309036","0,00000168113696937758","0,00000212962711935621","0,00000001095326356703","0,00000143095459651970","0,00000031275986119549","0,00000127079036426790","0,00000001195394464005","0,00000001131604846979","0,00000001116844597994","0,00000055464544953433"
"-0,22940903028152526100","0,00000042545587983829","0,00000042527038166432","0,00000050824951918356","0,00000098930580894521","0,00000003093926557233","0,00000041256108678597","0,00000258018442916734","0,00000040539726150578","0,00000048909596029967","0,00000056345628813199","0,00000167127228639898","0,00000212484910456937","0,00000001095263497502","0,00000142263199768479","0,00000031141789448479","0,00000126367270764995","0,00000001196201282650","0,00000001130486669753","0,00000001117057111225","0,00000055104311693870"
"-0,22740510764421062400","0,00000042196414438963","0,00000042150839771705","0,00000050437151244909","0,00000098283011198452","0,00000003073279490754","0,00000040947785993611","0,00000257077643944740","0,00000040219094113476","0,00000048720525954042","0,00000056068401141075","0,00000166140043739196","0,00000212007620503813","0,00000001095521748118","0,00000141435466240599","0,00000031007122707824","0,00000125658230642472","0,00000001196697991131","0,00000001129604340181","0,00000001117504780478","0,00000054741157462583"
"-0,22540118500689598800","0,00000041850243403871","0,00000041774774315550","0,00000050050868293934","0,00000097637074956664","0,00000003053886468678","0,00000040641627105451","0,00000256150057368367","0,00000039898226060174","0,00000048533528728753","0,00000055796294292662","0,00000165152142235652","0,00000211530842076248","0,00000001096101108550","0,00000140612259068329","0,00000030871985897583","0,00000124951916059222","0,00000001196884589446","0,00000001128957858263","0,00000001118187605752","0,00000054375082259572"
"-0,22339726236958137900","0,00000041507074878553","0,00000041398841797966","0,00000049666103065433","0,00000096992772169157","0,00000003035747491004","0,00000040337632014117","0,00000255235683187616","0,00000039577121990670","0,00000048348604354099","0,00000055529308267960","0,00000164163524129267","0,00000211054575174243","0,00000001097001578799","0,00000139793578251671","0,00000030736379017757","0,00000124248327015244","0,00000001196761077595","0,00000001128547223998","0,00000001119105587048","0,00000054006086084838"
"-0,22139333973226674200","0,00000041166908863010","0,00000041023042218954","0,00000049282855559405","0,00000096350102835932","0,00000003018862557733","0,00000040035800719609","0,00000254334521402487","0,00000039255781904966","0,00000048165752830080","0,00000055267443066971","0,00000163174189420040","0,00000210578819797797","0,00000001098223158864","0,00000138979423790624","0,00000030600302068346","0,00000123547463510540","0,00000001196327455580","0,00000001128372437387","0,00000001120258724366","0,00000053634168938379"
"-0,21938941709495210500","0,00000040829745357242","0,00000040647375578513","0,00000048901125775851","0,00000095709066956988","0,00000003003231668865","0,00000039736133221928","0,00000253446572012979","0,00000038934205803060","0,00000047984974156697","0,00000055010698689692","0,00000162184138107971","0,00000210103575946911","0,00000001099765848747","0,00000138169795685187","0,00000030463755049349","0,00000122849325545108","0,00000001195583723399","0,00000001128433498430","0,00000001121647017706","0,00000053259330820197"
"-0,21738549445763746800","0,00000040495584361248","0,00000040271841876643","0,00000048520913714770","0,00000095069664532326","0,00000002988854824399","0,00000039438629521073","0,00000252571835019092","0,00000038612393684954","0,00000047806268333949","0,00000054759075136125","0,00000161193370193061","0,00000209628843621584","0,00000001101629648446","0,00000137364693935361","0,00000030326737960766","0,00000122153913118949","0,00000001194529881053","0,00000001128730407126","0,00000001123270467068","0,00000052881571730292"
"-0,21538157182032285900","0,00000040164425875028","0,00000039896441113346","0,00000048142219376162","0,00000094431895561945","0,00000002975732024337","0,00000039143289617044","0,00000251710310420827","0,00000038290345550647","0,00000047629635361836","0,00000054512572406270","0,00000160201885675309","0,00000209154622821816","0,00000001103814557962","0,00000136564118541147","0,00000030189250802599","0,00000121461226232062","0,00000001193165928541","0,00000001129263163476","0,00000001125129072451","0,00000052500891668662"
"-0,21337764918300822200","0,00000039836269898582","0,00000039521173288619","0,00000047765042760027","0,00000093795760045845","0,00000002963863268677","0,00000038850113509841","0,00000250861998218184","0,00000037968061400138","0,00000047455075240358","0,00000054271190500126","0,00000159209684554716","0,00000208680913547608","0,00000001106320577294","0,00000135768069502543","0,00000030051293574846","0,00000120771264884449","0,00000001191491865865","0,00000001130031767479","0,00000001127222833856","0,00000052117290635309"
"-0,21137372654569358500","0,00000039511116431911","0,00000039146038402465","0,00000047389383866366","0,00000093161257984027","0,00000002953248557420","0,00000038559101199465","0,00000250026898411162","0,00000037645541233429","0,00000047282587969515","0,00000054034929417694","0,00000158216766831281","0,00000208207715798959","0,00000001109147706444","0,00000134976546819550","0,00000029912866277507","0,00000120084029076108","0,00000001189507693023","0,00000001131036219136","0,00000001129551751283","0,00000051730768630232"
"-0,20936980390837894900","0,00000039188965475014","0,00000038771036454881","0,00000047015242695177","0,00000092528389376490","0,00000002943887890565","0,00000038270252685915","0,00000249205010999762","0,00000037322785050519","0,00000047112173549308","0,00000053803789158974","0,00000157223132505004","0,00000207735029575870","0,00000001112295945410","0,00000134189550492168","0,00000029773968910583","0,00000119399518807040","0,00000001187213410016","0,00000001132276518447","0,00000001132115824731","0,00000051341325653431"
"-0,20736588127106434000","0,00000038869817027892","0,00000038396167445870","0,00000046642619246462","0,00000091897154223235","0,00000002935781268113","0,00000037983567969192","0,00000248396335983983","0,00000036999792851408","0,00000046943831979736","0,00000053577769723965","0,00000156228781575886","0,00000207262854878340","0,00000001115765294193","0,00000133407080520397","0,00000029634601474074","0,00000118717734077245","0,00000001184609016843","0,00000001133752665411","0,00000001134915054201","0,00000050948961704907"
"-0,20536195863374970300","0,00000038553671090544","0,00000038021431375430","0,00000046271513520221","0,00000091267552524261","0,00000002928928690064","0,00000037699047049294","0,00000247600873363825","0,00000036676564636096","0,00000046777563260799","0,00000053356871112667","0,00000155233714043926","0,00000206791191706370","0,00000001119555752793","0,00000132629136904237","0,00000029494763967979","0,00000118038674886723","0,00000001181694513506","0,00000001135464660029","0,00000001137949439694","0,00000050553676784658"
"-0,20335803599643506600","0,00000038240527662971","0,00000037646828243561","0,00000045901925516453","0,00000090639584279569","0,00000002923330156418","0,00000037416689926223","0,00000246818623139289","0,00000036353100404583","0,00000046613367392498","0,00000053141093325081","0,00000154237929909124","0,00000206320040059959","0,00000001123667321209","0,00000131855719643688","0,00000029354456392299","0,00000117362341235473","0,00000001178469900003","0,00000001137412502300","0,00000001141218981207","0,00000050155470892686"
"-0,20135411335912042900","0,00000037930386745172","0,00000037272358050264","0,00000045533855235157","0,00000090013249489158","0,00000002918985667175","0,00000037136496599979","0,00000246049585310375","0,00000036029400156870","0,00000046451244374832","0,00000052930436361207","0,00000153241429171480","0,00000205849399939107","0,00000001128099999442","0,00000131086828738750","0,00000029213678747034","0,00000116688733123496","0,00000001174935176334","0,00000001139596192225","0,00000001144723678743","0,00000049754344028991"
"-0,19935019072180582000","0,00000037621935816502","0,00000036899986177040","0,00000045167458785359","0,00000089390112487299","0,00000002915856381987","0,00000036859573341228","0,00000245298469722107","0,00000035708418284229","0,00000046291605609074","0,00000052723705198570","0,00000152245191195715","0,00000205380992624410","0,00000001132498886991","0,00000130322672146582","0,00000029072974911366","0,00000116020446607597","0,00000001171385396555","0,00000001141808373360","0,00000001148157628149","0,00000049351314189985"
"-0,19734626808449118300","0,00000037313862356316","0,00000036531678005394","0,00000044802892276082","0,00000088771737608263","0,00000002913903460508","0,00000036587026420639","0,00000244569986219512","0,00000035393109177935","0,00000046134862496496","0,00000052519704814698","0,00000151250195346548","0,00000204916539396461","0,00000001136509083354","0,00000129563457824343","0,00000028932888764479","0,00000115360077744579","0,00000001168115614718","0,00000001143841689259","0,00000001151214925274","0,00000048947399372083"
"-0,19534234544717654600","0,00000037006166364615","0,00000036167433535323","0,00000044440155707324","0,00000088158124852049","0,00000002913126902738","0,00000036318855838211","0,00000243864134802590","0,00000035083472837989","0,00000045981015037099","0,00000052318435209589","0,00000150256441623978","0,00000204456040255261","0,00000001140130588531","0,00000128809185772032","0,00000028793420306372","0,00000114707626534443","0,00000001165125830823","0,00000001145696139923","0,00000001153895570119","0,00000048542599575285"
"-0,19333842280986191000","0,00000036698847841398","0,00000035807252766829","0,00000044079249079087","0,00000087549274218657","0,00000002913526708677","0,00000036055061593946","0,00000243180915471340","0,00000034779509264390","0,00000045830063230882","0,00000052119896383244","0,00000149263930028007","0,00000203999495200809","0,00000001143363402522","0,00000128059855989651","0,00000028654569537047","0,00000114063092977189","0,00000001162416044871","0,00000001147371725351","0,00000001156199562682","0,00000048136914799591"
"-0,19133450017254730000","0,00000036391906786665","0,00000035451135699912","0,00000043720172391371","0,00000086945185708088","0,00000002915102878325","0,00000035795643687842","0,00000242520328225762","0,00000034481218457138","0,00000045682007077846","0,00000051924088335663","0,00000148272660558633","0,00000203546904233107","0,00000001146207525328","0,00000127315468477198","0,00000028516336456502","0,00000113426477072817","0,00000001159986256862","0,00000001148868445545","0,00000001158126902965","0,00000047730345045001"
"-0,18933057753523266400","0,00000036085343200416","0,00000035099082334571","0,00000043362925644175","0,00000086345859320342","0,00000002917855411681","0,00000035540602119899","0,00000241882373065857","0,00000034188600416233","0,00000045536846577990","0,00000051731011066847","0,00000147282633215857","0,00000203098267352152","0,00000001148662956949","0,00000126576023234675","0,00000028378721064737","0,00000112797778821327","0,00000001157836466795","0,00000001150186300503","0,00000001159677590967","0,00000047322890311515"
"-0,18732665489791802700","0,00000035779157082652","0,00000034751092670806","0,00000043007508837499","0,00000085751295055418","0,00000002921784308746","0,00000035289936890119","0,00000241267049991624","0,00000033901655141675","0,00000045394581731315","0,00000051540664576794","0,00000146293847999679","0,00000202653584557947","0,00000001150729697383","0,00000125841520262080","0,00000028241723361754","0,00000112176998222718","0,00000001155966674671","0,00000001151325290226","0,00000001160851626688","0,00000046914550599133"
"-0,18532273226060341800","0,00000035473348433371","0,00000034407166708617","0,00000042653921971344","0,00000085161492913317","0,00000002926889569520","0,00000035043647998500","0,00000240674359003064","0,00000033620382633465","0,00000045255212537821","0,00000051353048865505","0,00000145306304910099","0,00000202212855850490","0,00000001152407746632","0,00000125111959559415","0,00000028105343347551","0,00000111564135276992","0,00000001154376880489","0,00000001152285414714","0,00000001161649010128","0,00000046505325907854"
"-0,18331880962328878100","0,00000035167917252575","0,00000034067304448005","0,00000042302165045709","0,00000084576452894038","0,00000002933171194003","0,00000034801735445042","0,00000240104300100176","0,00000033344782891601","0,00000045118738997507","0,00000051168163932980","0,00000144320003947117","0,00000201776081229782","0,00000001153697104695","0,00000124387341126678","0,00000027969581022129","0,00000110959189984147","0,00000001153067084250","0,00000001153066673966","0,00000001162069741287","0,00000046095216237680"
"-0,18131488698597414400","0,00000034862863540264","0,00000033731505888970","0,00000041952238060595","0,00000083996174997582","0,00000002940629182195","0,00000034564199229747","0,00000239556873282960","0,00000033074855916085","0,00000044985161110374","0,00000050986009779219","0,00000143334945110733","0,00000201343260695823","0,00000001154597771572","0,00000123667664963870","0,00000027834436385487","0,00000110362162344185","0,00000001152037285954","0,00000001153669067984","0,00000001162113820166","0,00000045684221588609"
"-0,17931096434865950700","0,00000034558187296436","0,00000033399771031511","0,00000041604141016001","0,00000083420659223949","0,00000002949263534095","0,00000034331039352613","0,00000239032078551417","0,00000032810601706916","0,00000044854478876421","0,00000050806586404222","0,00000142351128400946","0,00000200914394248612","0,00000001155109747264","0,00000122952931070991","0,00000027699909437626","0,00000109773052357104","0,00000001151287485600","0,00000001154092596766","0,00000001161781246764","0,00000045272341960643"
"-0,17730704171134489800","0,00000034253888521093","0,00000033072099875628","0,00000041257873911928","0,00000082849905573137","0,00000002959074249704","0,00000034102255813640","0,00000238529915905546","0,00000032552020264095","0,00000044726692295649","0,00000050629893807989","0,00000141368553817758","0,00000200489481888150","0,00000001155233031770","0,00000122243139448041","0,00000027566000178546","0,00000109191860022905","0,00000001150817683188","0,00000001154337260313","0,00000001161072021081","0,00000044859577353780"
"-0,17530311907403026100","0,00000033949967214234","0,00000032748492421322","0,00000040913436748374","0,00000082283914045149","0,00000002970061329022","0,00000033877848612830","0,00000238050385345348","0,00000032299111587620","0,00000044601801368057","0,00000050455931990519","0,00000140387221361167","0,00000200068523614436","0,00000001154967625091","0,00000121538290095021","0,00000027432708608247","0,00000108618585341587","0,00000001150627878719","0,00000001154403058625","0,00000001159986143117","0,00000044445927768021"
"-0,17329919643671562500","0,00000033646423375859","0,00000032428948668592","0,00000040570829525342","0,00000081722684639983","0,00000002982224772049","0,00000033657817750181","0,00000237593486870822","0,00000032051875677493","0,00000044479806093646","0,00000050284700951814","0,00000139407131031174","0,00000199651519427471","0,00000001154313527225","0,00000120838383011929","0,00000027300034726728","0,00000108053228313152","0,00000001150718072193","0,00000001154289991701","0,00000001158523612872","0,00000044031393203366"
"-0,17129527379940098800","0,00000033343257005968","0,00000032113468617438","0,00000040230052242830","0,00000081166217357639","0,00000002995564578785","0,00000033442163225694","0,00000237159220481969","0,00000031810312533712","0,00000044360706472415","0,00000050116200691873","0,00000138428282827779","0,00000199238469327255","0,00000001153270738174","0,00000120143418198765","0,00000027167978533990","0,00000107495788937599","0,00000001151088263609","0,00000001153998059542","0,00000001156684430346","0,00000043615973659815"
"-0,16929135116208637900","0,00000033040468104561","0,00000031802052267861","0,00000039891104900838","0,00000080614512198118","0,00000003010080749230","0,00000033230885039368","0,00000236747586178788","0,00000031574422156279","0,00000044244502504365","0,00000049950431210696","0,00000137450676750982","0,00000198829373313788","0,00000001151839257938","0,00000119453395655531","0,00000027036540030033","0,00000106946267214927","0,00000001151738452968","0,00000001153527262149","0,00000001154468595540","0,00000043199669137367"
"-0,16728742852477174200","0,00000032738056671639","0,00000031494699619860","0,00000039553987499367","0,00000080067569161420","0,00000003025773283383","0,00000033023983191204","0,00000236358583961279","0,00000031344204545193","0,00000044131194189495","0,00000049787392508282","0,00000136474312800783","0,00000198424231387069","0,00000001150019086515","0,00000118768315382226","0,00000026905719214857","0,00000106404663145138","0,00000001152668640269","0,00000001152877599519","0,00000001151876108453","0,00000042782479636024"
"-0,16528350588745710500","0,00000032436022707201","0,00000031191410673436","0,00000039218700038416","0,00000079525388247544","0,00000003042642181245","0,00000032821457681202","0,00000235992213829443","0,00000031119659700454","0,00000044020781527806","0,00000049627084584633","0,00000135499190977182","0,00000198023043547099","0,00000001147810223907","0,00000118088177378850","0,00000026775516088461","0,00000105870976728230","0,00000001153878825513","0,00000001152049071655","0,00000001148906969085","0,00000042364405155785"
"-0,16327958325014246800","0,00000032134366211247","0,00000030892185428588","0,00000038885242517985","0,00000078987969456490","0,00000003060687442816","0,00000032623308509362","0,00000235648475783280","0,00000030900787622063","0,00000043913264519298","0,00000049469507439748","0,00000134525311280179","0,00000197625809793877","0,00000001145212670113","0,00000117412981645403","0,00000026645930650846","0,00000105345207964204","0,00000001155369008700","0,00000001151041678556","0,00000001145561177436","0,00000041945445696649"
"-0,16127566061282785900","0,00000031833087183778","0,00000030597023885316","0,00000038553614938075","0,00000078455312788259","0,00000003079909068096","0,00000032429535675683","0,00000235327369822788","0,00000030687588310019","0,00000043808643163970","0,00000049314661073626","0,00000133552673709773","0,00000197232530127404","0,00000001142226425134","0,00000116742728181884","0,00000026516962902011","0,00000104827356853060","0,00000001157139189829","0,00000001149855420221","0,00000001141838733506","0,00000041525601258617"
"-0,15927173797551322200","0,00000031532185624792","0,00000030305926043621","0,00000038223817298686","0,00000077927418242851","0,00000003100307057084","0,00000032240139180166","0,00000235028895947970","0,00000030480061764321","0,00000043706917461823","0,00000049162545486269","0,00000132581278265966","0,00000196843204547680","0,00000001138851488969","0,00000116077416988295","0,00000026388612841957","0,00000104317423394798","0,00000001159189368900","0,00000001148490296651","0,00000001137739637295","0,00000041104871841690"
"-0,15726781533819858500","0,00000031231661534291","0,00000030018891903503","0,00000037895849599816","0,00000077404285820265","0,00000003121881409782","0,00000032055119022810","0,00000234753054158823","0,00000030278207984971","0,00000043608087412856","0,00000049013160677675","0,00000131611124948756","0,00000196457833054704","0,00000001135087861618","0,00000115417048064635","0,00000026260880470684","0,00000103815407589417","0,00000001161519545914","0,00000001146946307846","0,00000001133263888804","0,00000040683257445866"
"-0,15526389270088394900","0,00000030931514912274","0,00000029735921464960","0,00000037569711841468","0,00000076885915520502","0,00000003144632126188","0,00000031874475203616","0,00000234499844455349","0,00000030082026971968","0,00000043512153017070","0,00000048866506647846","0,00000130642213758144","0,00000196076415648478","0,00000001130935543081","0,00000114761621410903","0,00000026133765788192","0,00000103321309436919","0,00000001164129720871","0,00000001145223453805","0,00000001128411488032","0,00000040260758071146"
"-0,15325997006356934000","0,00000030631745758742","0,00000029457014727994","0,00000037245404023639","0,00000076372307343561","0,00000003168559206303","0,00000031698207722584","0,00000234269266837548","0,00000029891518725313","0,00000043419114274464","0,00000048722583396780","0,00000129674544694130","0,00000195698952328999","0,00000001126394533359","0,00000114111137027101","0,00000026007268794481","0,00000102835128937302","0,00000001167019893770","0,00000001143321734530","0,00000001123182434979","0,00000039837373717530"
"-0,15125604742625470300","0,00000030332354073693","0,00000029182171692605","0,00000036922926146332","0,00000075863461289443","0,00000003193662650127","0,00000031526316579714","0,00000234061321305419","0,00000029706683245004","0,00000043328971185039","0,00000048581390924478","0,00000128708117756714","0,00000195325443096270","0,00000001121464832451","0,00000113465594913227","0,00000025881389489550","0,00000102356866090568","0,00000001170190064612","0,00000001141241150019","0,00000001117576729645","0,00000039413104385018"
"-0,14925212478894006600","0,00000030038057668584","0,00000028913282907005","0,00000036607158094109","0,00000075361154856230","0,00000003218960930356","0,00000031359838701446","0,00000233875476335188","0,00000029527821659371","0,00000043241598088986","0,00000048444118246809","0,00000127756768922336","0,00000194956778805940","0,00000001116515796435","0,00000112831338170020","0,00000025756509678988","0,00000101890285689020","0,00000001173315421114","0,00000001139122996837","0,00000001112019684452","0,00000038993468907241"
"-0,14724820215162545700","0,00000029753574354869","0,00000028652238919408","0,00000036302979751537","0,00000074867165542007","0,00000003243472519690","0,00000031199811014222","0,00000233711200403080","0,00000029355235096740","0,00000043156869326498","0,00000048311954379641","0,00000126834334167433","0,00000194593850313659","0,00000001111916781390","0,00000112214709898219","0,00000025633011168383","0,00000101439152524966","0,00000001176071150994","0,00000001137108571549","0,00000001106936611822","0,00000038583986117831"
"-0,14524427951431082000","0,00000029478904132549","0,00000028399039729813","0,00000036010391118615","0,00000074381493346774","0,00000003267197418126","0,00000031046233518041","0,00000233568493509095","0,00000029188923557111","0,00000043074784897574","0,00000048184899322973","0,00000125940813492008","0,00000194236657619429","0,00000001107667787315","0,00000111615710097822","0,00000025510893957734","0,00000101003466598404","0,00000001178457254251","0,00000001135197874155","0,00000001102327511756","0,00000038184656016789"
"-0,14324035687699618300","0,00000029214047001622","0,00000028153685338222","0,00000035729392195344","0,00000073904138270530","0,00000003290135625666","0,00000030899106212904","0,00000233447355653234","0,00000029028887040486","0,00000042995344802215","0,00000048062953076806","0,00000125076206896059","0,00000193885200723248","0,00000001103768814210","0,00000111034338768831","0,00000025390158047043","0,00000100583227909335","0,00000001180473730886","0,00000001133390904654","0,00000001098192384253","0,00000037795478604113"
"-0,14123643423968154600","0,00000028959002962090","0,00000027916175744633","0,00000035459982981723","0,00000073435100313275","0,00000003312287142309","0,00000030758429098810","0,00000233347786835496","0,00000028875125546863","0,00000042918549040420","0,00000047946115641140","0,00000124240514379586","0,00000193539479625118","0,00000001100219862076","0,00000110470595911245","0,00000025270803436309","0,00000100178436457758","0,00000001182120580900","0,00000001131687663047","0,00000001094531229313","0,00000037416453879804"
"-0,13923251160236693700","0,00000028713772013953","0,00000027686510949047","0,00000035202163477752","0,00000072974379475009","0,00000003333651968056","0,00000030624202175760","0,00000233269787055882","0,00000028727639076243","0,00000042844397612190","0,00000047834387015975","0,00000123433735942590","0,00000193199494325037","0,00000001097020930912","0,00000109924481525064","0,00000025152830125532","0,00000099789092243675","0,00000001183397804291","0,00000001130088149333","0,00000001091344046936","0,00000037047581843863"
"-0,13722858896505230100","0,00000028478354157209","0,00000027464690951463","0,00000034955933683431","0,00000072521975755733","0,00000003354230102906","0,00000030496425443754","0,00000233213356314391","0,00000028586427628625","0,00000042772890517524","0,00000047727767201311","0,00000122655871585071","0,00000192865244823006","0,00000001094172020718","0,00000109395995610288","0,00000025036238114712","0,00000099415195267084","0,00000001184305401059","0,00000001128592363513","0,00000001088630837122","0,00000036688862496288"
"-0,13522466632773766400","0,00000028252749391860","0,00000027250715751882","0,00000034721293598761","0,00000072077889155446","0,00000003374021546859","0,00000030375098902790","0,00000233178494611023","0,00000028451491204011","0,00000042704027756423","0,00000047626256197148","0,00000121906921307028","0,00000192536731119025","0,00000001091673131495","0,00000108885138166917","0,00000024921027403849","0,00000099056745527986","0,00000001184843371206","0,00000001127200305586","0,00000001086391599872","0,00000036340295837080"
"-0,13322074369042302700","0,00000028036957717906","0,00000027044585350304","0,00000034498243223742","0,00000071642119674148","0,00000003393026299916","0,00000030260222552871","0,00000233165201945779","0,00000028322829802399","0,00000042637809328886","0,00000047529854003485","0,00000121186885108462","0,00000192213953213094","0,00000001089524263242","0,00000108391909194951","0,00000024807197992942","0,00000098713743026380","0,00000001185011714730","0,00000001125911975553","0,00000001084626335184","0,00000036001881866240"
"-0,13121682105310841800","0,00000027830979135345","0,00000026846299746729","0,00000034286782558372","0,00000071214667311840","0,00000003411244362076","0,00000030151796393995","0,00000233173478318657","0,00000028200443423789","0,00000042574235234914","0,00000047438560620323","0,00000120495762989372","0,00000191896911105212","0,00000001087725415959","0,00000107916308694390","0,00000024694749881993","0,00000098386187762268","0,00000001184810431633","0,00000001124727373414","0,00000001083335043060","0,00000035673620583766"
"-0,12921289841579378100","0,00000027634813644179","0,00000026655858941157","0,00000034086911602653","0,00000070795532068521","0,00000003428675733340","0,00000030049820426162","0,00000233203323729660","0,00000028084332068182","0,00000042513305474506","0,00000047352376047662","0,00000119833554949759","0,00000191585604795381","0,00000001086276589647","0,00000107458336665234","0,00000024583683071001","0,00000098074079735648","0,00000001184239521913","0,00000001123646499168","0,00000001082517723499","0,00000035355511989659"
"-0,12720897577847914400","0,00000027448461244407","0,00000026473262933587","0,00000033898630356585","0,00000070384713944191","0,00000003445320413706","0,00000029954294649373","0,00000233254738178785","0,00000027974495735578","0,00000042455020047662","0,00000047271300285502","0,00000119200260989622","0,00000191280034283600","0,00000001085177784304","0,00000107017993107484","0,00000024473997559965","0,00000097777418946521","0,00000001183298985571","0,00000001122669352816","0,00000001082174376501","0,00000035047556083920"
"-0,12520505314116450700","0,00000027271921936030","0,00000026298511724020","0,00000033721938820166","0,00000069982212938851","0,00000003461178403176","0,00000029865219063628","0,00000233327721666034","0,00000027870934425977","0,00000042399378954383","0,00000047195333333843","0,00000118595881108962","0,00000190980199569868","0,00000001084428999933","0,00000106595278021138","0,00000024365693348887","0,00000097496205394887","0,00000001181988822606","0,00000001121795934357","0,00000001082305002067","0,00000034749752866547"
"-0,12320113050384988400","0,00000027105195719047","0,00000026131605312456","0,00000033556836993398","0,00000069588029052500","0,00000003476249701750","0,00000029782593668926","0,00000233422274191407","0,00000027773648139378","0,00000042346382194669","0,00000047124475192685","0,00000118020415307779","0,00000190686100654186","0,00000001084030236531","0,00000106190191406198","0,00000024258770437766","0,00000097230439080745","0,00000001180309033020","0,00000001121026243792","0,00000001082909600195","0,00000034462102337542"
"-0,12119720786653526100","0,00000026948282593458","0,00000025972543698894","0,00000033403324876281","0,00000069202162285139","0,00000003490534309427","0,00000029706418465268","0,00000233538395754902","0,00000027682636875782","0,00000042296029768519","0,00000047058725862027","0,00000117473863586072","0,00000190397737536555","0,00000001083981494100","0,00000105802733262662","0,00000024153228826601","0,00000096980120004096","0,00000001178259616811","0,00000001120360281121","0,00000001083988170887","0,00000034184604496903"
"-0,11919328522922063800","0,00000026801182559264","0,00000025821326883335","0,00000033261402468813","0,00000068824612636766","0,00000003504032226207","0,00000029636693452653","0,00000233676086356521","0,00000027597900635189","0,00000042248321675934","0,00000046998085341870","0,00000116956225943841","0,00000190115110216973","0,00000001084282772639","0,00000105432903590532","0,00000024049068515394","0,00000096745248164941","0,00000001175840573980","0,00000001119798046343","0,00000001085540714142","0,00000033917259344632"
"-0,11718936259190600200","0,00000026663895616463","0,00000025677954865779","0,00000033131069770996","0,00000068455380107384","0,00000003516743452090","0,00000029573418631082","0,00000233835345996263","0,00000027519439417599","0,00000042203257916913","0,00000046942553632215","0,00000116467502381088","0,00000189838218695441","0,00000001084934072148","0,00000105080702389807","0,00000023946289504143","0,00000096525823563277","0,00000001173051904527","0,00000001119339539458","0,00000001087567229960","0,00000033660066880727"
"-0,11518543995459137900","0,00000026536421765057","0,00000025542427646226","0,00000033012326782830","0,00000068094464696990","0,00000003528667987077","0,00000029516594000554","0,00000234016174674129","0,00000027447253223011","0,00000042160838491456","0,00000046892130733059","0,00000116007692897811","0,00000189567062971959","0,00000001085935392628","0,00000104746129660487","0,00000023844891792850","0,00000096321846199107","0,00000001169893608451","0,00000001118984760467","0,00000001090067718341","0,00000033413027105190"
"-0,11318151731727674200","0,00000026418761005046","0,00000025414745224676","0,00000032905173504314","0,00000067741866405586","0,00000003539805831168","0,00000029466219561070","0,00000234218572390118","0,00000027381342051425","0,00000042121063399564","0,00000046846816644405","0,00000115576797494010","0,00000189301643046527","0,00000001087286734078","0,00000104429185402572","0,00000023744875381513","0,00000096133316072429","0,00000001166365685754","0,00000001118733709370","0,00000001093042179286","0,00000033176140018019"
"-0,11117759467996211900","0,00000026310913336429","0,00000025294907601128","0,00000032809609935448","0,00000067397585233171","0,00000003550156984361","0,00000029422295312629","0,00000234442539144231","0,00000027321705902843","0,00000042083932641237","0,00000046806611366252","0,00000115174816169686","0,00000189041958919144","0,00000001088988096499","0,00000104129869616062","0,00000023646240270134","0,00000095960233183244","0,00000001162468136434","0,00000001118586386167","0,00000001096490612793","0,00000032949405619216"
"-0,10917367204264748200","0,00000026212878759206","0,00000025182914775583","0,00000032725636076232","0,00000067061621179745","0,00000003559721446658","0,00000029384821255232","0,00000234688074936466","0,00000027268344777263","0,00000042049446216474","0,00000046771514898599","0,00000114801748924838","0,00000188788010589812","0,00000001091039479889","0,00000103848182300957","0,00000023548986458711","0,00000095802597531552","0,00000001158200960492","0,00000001118542790857","0,00000001100413018864","0,00000032732823908779"
"-0,10716974940533285900","0,00000026124657273377","0,00000025078766748040","0,00000032653251926667","0,00000066733974245309","0,00000003568499218058","0,00000029353797388878","0,00000234955179766825","0,00000027221258674686","0,00000042017604125275","0,00000046741527241448","0,00000114457595759467","0,00000188539798058529","0,00000001093440884250","0,00000103584123457257","0,00000023453113947246","0,00000095660409117353","0,00000001153564157928","0,00000001118602923440","0,00000001104809397498","0,00000032526394886710"
"-0,10516582676801822200","0,00000026046248878943","0,00000024982463518501","0,00000032592457486752","0,00000066414644429862","0,00000003576490298562","0,00000029329223713568","0,00000235243853635308","0,00000027180447595112","0,00000041988406367641","0,00000046716648394797","0,00000114142356673573","0,00000188297321325297","0,00000001096192309582","0,00000103337693084963","0,00000023358622735737","0,00000095533667940646","0,00000001148557728742","0,00000001118766783917","0,00000001109679748695","0,00000032330118553007"
"-0,10316190413070359900","0,00000025977653575903","0,00000024894005086964","0,00000032543252756488","0,00000066103631733405","0,00000003583694688169","0,00000029311100229301","0,00000235554096541913","0,00000027145911538540","0,00000041961852943571","0,00000046696878358647","0,00000113856031667155","0,00000188060580390114","0,00000001099293755883","0,00000103108891184073","0,00000023265512824185","0,00000095422374001432","0,00000001143181672933","0,00000001119034372288","0,00000001115024072455","0,00000032143994907672"
"-0,10115798149338896300","0,00000025918871364257","0,00000024813391453430","0,00000032505637735873","0,00000065800936155937","0,00000003590112386879","0,00000029299426936078","0,00000235885908486643","0,00000027117650504971","0,00000041937943853066","0,00000046682217132997","0,00000113598620740214","0,00000187829575252981","0,00000001102745223155","0,00000102897717754589","0,00000023173784212591","0,00000095326527299711","0,00000001137435990503","0,00000001119405688552","0,00000001120842368779","0,00000031968023950704"
"-0,09915405885607433970","0,00000025869906044131","0,00000024740722664278","0,00000032477624048970","0,00000065507012566873","0,00000003595742034651","0,00000029293742107617","0,00000236238175755683","0,00000027094015418925","0,00000041917483239493","0,00000046671882389720","0,00000113372448272314","0,00000187603571105359","0,00000001106221779509","0,00000102706180870414","0,00000023084375678168","0,00000095245867656287","0,00000001131719237590","0,00000001119857617402","0,00000001126666318627","0,00000031803563209990"
"-0,09715013621875970290","0,00000025830761415651","0,00000024676098765889","0,00000032457223319838","0,00000065222315835629","0,00000003600582271443","0,00000029293584017636","0,00000236609784635223","0,00000027073357204922","0,00000041901275246218","0,00000046665091800685","0,00000113179838643021","0,00000187381833138708","0,00000001109398493056","0,00000102536288605456","0,00000022998225998133","0,00000095180134891963","0,00000001126429970335","0,00000001120367043530","0,00000001132027602963","0,00000031651970213420"
"-0,09514621358144507990","0,00000025801437478816","0,00000024619519758262","0,00000032444435548476","0,00000064946845962205","0,00000003604633097254","0,00000029298952666135","0,00000237000735125263","0,00000027055675862963","0,00000041889319873243","0,00000046661845365893","0,00000113020791852335","0,00000187164361353029","0,00000001112275363797","0,00000102388040959713","0,00000022915335172486","0,00000095129329006741","0,00000001121568188737","0,00000001120933966935","0,00000001136926221786","0,00000031513244960992"
"-0,09314229094413044310","0,00000025781934233626","0,00000024570985641398","0,00000032439260734886","0,00000064680602946601","0,00000003607894512086","0,00000029309848053115","0,00000237411027225802","0,00000027040971393048","0,00000041881617120566","0,00000046662143085344","0,00000112895307900256","0,00000186951155748322","0,00000001114852391731","0,00000102261437933186","0,00000022835703201225","0,00000095093450000620","0,00000001117133892797","0,00000001121558387618","0,00000001141362175096","0,00000031387387452708"
"-0,09113836830681582010","0,00000025772251680082","0,00000024530496415296","0,00000032441698879067","0,00000064423586788817","0,00000003610366515937","0,00000029326270178575","0,00000237840660936841","0,00000027029243795176","0,00000041878166988188","0,00000046665984959038","0,00000112803386786783","0,00000186742216324587","0,00000001117129576858","0,00000102156479525874","0,00000022759330084353","0,00000095072497873600","0,00000001113127082515","0,00000001122240305579","0,00000001145335462893","0,00000031274397688566"
"-0,08913444566950118330","0,00000025772389818183","0,00000024498052079956","0,00000032451749981019","0,00000064175797488853","0,00000003612049108807","0,00000029348219042514","0,00000238289636258379","0,00000027020493069348","0,00000041878969476109","0,00000046673370986974","0,00000112745028511917","0,00000186537543081822","0,00000001119106919178","0,00000102073165737778","0,00000022686215821867","0,00000095066472625681","0,00000001109547757890","0,00000001122979720818","0,00000001148846085177","0,00000031174275668568"
"-0,08713052303218656040","0,00000025782348647930","0,00000024473652635379","0,00000032469414040742","0,00000063937235046708","0,00000003612942290698","0,00000029375694644934","0,00000238757953190417","0,00000027014719215564","0,00000041884024584329","0,00000046684301169153","0,00000112720233075658","0,00000186337136020030","0,00000001120784418692","0,00000102011496568897","0,00000022616360413770","0,00000095075374256863","0,00000001106395918924","0,00000001123776633334","0,00000001151894041949","0,00000031087021392712"
"-0,08512660039487193740","0,00000025802128169322","0,00000024457298081564","0,00000032494691058236","0,00000063707899462384","0,00000003613046061608","0,00000029408696985835","0,00000239245611732954","0,00000027011922233823","0,00000041893332312848","0,00000046698775505574","0,00000112729000478006","0,00000186140995139209","0,00000001122162075399","0,00000101971472019232","0,00000022549763860059","0,00000095099202767146","0,00000001103671565614","0,00000001124631043128","0,00000001154479333207","0,00000031012634861000"
"-0,08312267775755730060","0,00000025831728382359","0,00000024448988418511","0,00000032527581033501","0,00000063487790735879","0,00000003612360421538","0,00000029447226065215","0,00000239752611885991","0,00000027012102124125","0,00000041906892661666","0,00000046716793996239","0,00000112771330718960","0,00000185949120439360","0,00000001123239889300","0,00000101953092088783","0,00000022486426160736","0,00000095137958156530","0,00000001101374697963","0,00000001125542950200","0,00000001156601958953","0,00000030951116073430"
"-0,08111875512024267770","0,00000025871149287042","0,00000024448723646221","0,00000032568083966538","0,00000063276908867194","0,00000003610885370488","0,00000029491281883076","0,00000240278953649527","0,00000027015258886471","0,00000041924705630783","0,00000046738356641146","0,00000112847223798522","0,00000185761511920483","0,00000001124017860394","0,00000101956356777549","0,00000022426347315801","0,00000095191640425015","0,00000001099505315969","0,00000001126512354549","0,00000001158261919185","0,00000030902465030004"
"-0,07911483248292804080","0,00000025920390883371","0,00000024456503764693","0,00000032616199857345","0,00000063075253856329","0,00000003608620908458","0,00000029540864439417","0,00000240824637023563","0,00000027021392520861","0,00000041946771220199","0,00000046763463440296","0,00000112956679716690","0,00000185578169582577","0,00000001124495988681","0,00000101981266085530","0,00000022369527325253","0,00000095260249572601","0,00000001098063419633","0,00000001127539256176","0,00000001159459213905","0,00000030866681730720"
"-0,07711090984561341790","0,00000025979453171344","0,00000024472328773927","0,00000032671928705923","0,00000062882825703284","0,00000003605567035447","0,00000029595973734238","0,00000241389662008098","0,00000027030503027294","0,00000041973089429914","0,00000046792114393689","0,00000113099698473464","0,00000185399093425642","0,00000001124674274161","0,00000102027820012728","0,00000022315966189092","0,00000095343785599289","0,00000001097049008955","0,00000001128623655081","0,00000001160193843112","0,00000030843766175580"
"-0,07510698720829878110","0,00000026048336150964","0,00000024496198673924","0,00000032735270512273","0,00000062699624408059","0,00000003601723751456","0,00000029656609767539","0,00000241974028603133","0,00000027042590405770","0,00000042003660259927","0,00000046824309501324","0,00000113276280068846","0,00000185224283449680","0,00000001124552716835","0,00000102096018559141","0,00000022265663907319","0,00000095442248505077","0,00000001096462083934","0,00000001129765551264","0,00000001160465806806","0,00000030833718364582"
"-0,07310306457098415810","0,00000026127039822228","0,00000024528113464683","0,00000032806225276394","0,00000062525649970653","0,00000003597091056485","0,00000029722772539321","0,00000242577736808668","0,00000027057654656291","0,00000042038483710240","0,00000046860048763202","0,00000113486424502834","0,00000185053739654688","0,00000001124131316702","0,00000102185861724769","0,00000022218620479933","0,00000095555638289966","0,00000001096302644571","0,00000001130964944724","0,00000001160275104987","0,00000030836538297728"
"-0,07109914193366952130","0,00000026215564185138","0,00000024568073146204","0,00000032884792998285","0,00000062360902391067","0,00000003591668950534","0,00000029794462049583","0,00000243200786624702","0,00000027075695778854","0,00000042077559780851","0,00000046899332179323","0,00000113730131775429","0,00000184887462040669","0,00000001123410073763","0,00000102297349509613","0,00000022174835906935","0,00000095683954953956","0,00000001096570690866","0,00000001132221835462","0,00000001159621737656","0,00000030852225975016"
"-0,06909521929635489840","0,00000026313909239693","0,00000024616077718488","0,00000032970973677948","0,00000062205381669302","0,00000003585457433603","0,00000029871678298325","0,00000243843178051236","0,00000027096713773462","0,00000042120888471761","0,00000046942159749686","0,00000114007401886631","0,00000184725450607621","0,00000001122388988017","0,00000102430481913673","0,00000022134310188324","0,00000095827198497048","0,00000001097266222818","0,00000001133536223478","0,00000001158505704811","0,00000030880781396447"
"-0,06709129665904026150","0,00000026422074985894","0,00000024672127181534","0,00000033064767315382","0,00000062059087805356","0,00000003578456505691","0,00000029954421285547","0,00000244504911088269","0,00000027120708640113","0,00000042168469782971","0,00000046988531474293","0,00000114318234836439","0,00000184567705355545","0,00000001121068059464","0,00000102585258936948","0,00000022097043324101","0,00000095985368919240","0,00000001098389240428","0,00000001134908108772","0,00000001156927006454","0,00000030922204562022"
"-0,06508737402172563860","0,00000026540061423740","0,00000024736221535342","0,00000033166173910587","0,00000061922020799229","0,00000003570666166799","0,00000030042691011249","0,00000245185985735802","0,00000027147680378807","0,00000042220303714479","0,00000047038447353142","0,00000114662630624854","0,00000184414226284440","0,00000001119447288104","0,00000102761680579439","0,00000022063035314265","0,00000096158466220534","0,00000001099939743696","0,00000001136337491343","0,00000001154885642583","0,00000030976495471739"
"-0,06308345138441100180","0,00000026667868553232","0,00000024808360779913","0,00000033275193463563","0,00000061794180650923","0,00000003562086416927","0,00000030136487475432","0,00000245886401993834","0,00000027177628989545","0,00000042276390266286","0,00000047091907386234","0,00000115040589251876","0,00000184265013394307","0,00000001117526673938","0,00000102959746841146","0,00000022032286158817","0,00000096346490400928","0,00000001101917732621","0,00000001137824371192","0,00000001152381613200","0,00000031043654125600"
"-0,06107952874709637880","0,00000026805496374369","0,00000024888544915246","0,00000033391825974310","0,00000061675567360437","0,00000003552717256074","0,00000030235810678095","0,00000246606159862366","0,00000027210554472327","0,00000042336729438392","0,00000047148911573568","0,00000115452110717505","0,00000184120066685146","0,00000001115306216965","0,00000103179457722068","0,00000022004795857756","0,00000096549441460424","0,00000001104323207204","0,00000001139368748319","0,00000001149414918304","0,00000031123680523603"
"-0,05907560610978174890","0,00000026952944887152","0,00000024976773941342","0,00000033516071442828","0,00000061566180927770","0,00000003542558684242","0,00000030340660619238","0,00000247345259341397","0,00000027246456827152","0,00000042401321230797","0,00000047209459915145","0,00000115897195021740","0,00000183979386156956","0,00000001112785917186","0,00000103420813222205","0,00000021980564411082","0,00000096767319399020","0,00000001107156167445","0,00000001140970622723","0,00000001145985557895","0,00000031216574665749"
"-0,05707168347246711900","0,00000027110214091579","0,00000025073047858200","0,00000033647929869117","0,00000061466021352923","0,00000003531610701429","0,00000030451037298861","0,00000248103700430928","0,00000027285336054020","0,00000042470165643501","0,00000047273552410965","0,00000116375842164583","0,00000183842971809738","0,00000001109965774600","0,00000103683813341558","0,00000021959591818796","0,00000097000124216718","0,00000001110416613343","0,00000001142629994406","0,00000001142093531973","0,00000031322336552039"
"-0,05506776083515248920","0,00000027277303987653","0,00000025177366665820","0,00000033787401253177","0,00000061375088635897","0,00000003519873307636","0,00000030566940716964","0,00000248881483130958","0,00000027327192152933","0,00000042543262676504","0,00000047341189061028","0,00000116888052146032","0,00000183710823643491","0,00000001106845789207","0,00000103968458080127","0,00000021941878080897","0,00000097247855913516","0,00000001114104544900","0,00000001144346863366","0,00000001137738840538","0,00000031440966182471"
"-0,05306383819783785930","0,00000027454214575371","0,00000025289730364202","0,00000033934485595009","0,00000061293382776690","0,00000003507346502862","0,00000030688370873548","0,00000249678607441488","0,00000027372025123888","0,00000042620612329805","0,00000047412369865333","0,00000117433824966087","0,00000183582941658216","0,00000001103425961007","0,00000104274747437912","0,00000021927423197386","0,00000097510514489416","0,00000001118219962113","0,00000001146121229603","0,00000001132921483591","0,00000031572463557046"
"-0,05105991556052322940","0,00000027640945854735","0,00000025410138953347","0,00000034089182894611","0,00000061220903775302","0,00000003494030287109","0,00000030815327768612","0,00000250495073362518","0,00000027419834966888","0,00000042702214603406","0,00000047487094823882","0,00000118013160624750","0,00000183459325853913","0,00000001099706290001","0,00000104602681414912","0,00000021916227168262","0,00000097788099944417","0,00000001122762864985","0,00000001147953093119","0,00000001127641461130","0,00000031716828675764"
"-0,04905599292320859950","0,00000027836218809003","0,00000025537092224332","0,00000034250200289834","0,00000061158783720905","0,00000003481613668725","0,00000030946209342682","0,00000251326995083611","0,00000027470384670233","0,00000042786865240629","0,00000047566438054150","0,00000118618177315090","0,00000183340645651290","0,00000001096011969045","0,00000104948853514427","0,00000021907579886415","0,00000098077983752710","0,00000001127350439486","0,00000001149736598792","0,00000001122385445080","0,00000031871412152074"
"-0,04705207028589396960","0,00000028038754421431","0,00000025669089968235","0,00000034416244918528","0,00000061108154702665","0,00000003471785656062","0,00000031079413536284","0,00000252170486794331","0,00000027523437222225","0,00000042873359984796","0,00000047651473673615","0,00000119240993230179","0,00000183227570471056","0,00000001092668190994","0,00000105309857239758","0,00000021900771244733","0,00000098377537388486","0,00000001131599871590","0,00000001151365891503","0,00000001117640107363","0,00000032033564599421"
"-0,04504814764857933970","0,00000028248552692021","0,00000025806132185057","0,00000034587316780692","0,00000061069016720585","0,00000003464546249118","0,00000031214940349418","0,00000253025548494678","0,00000027578992622866","0,00000042961698835909","0,00000047742201682278","0,00000119881608370017","0,00000183120100313212","0,00000001089674955849","0,00000105685692590904","0,00000021895801243218","0,00000098686760851745","0,00000001135511161295","0,00000001152840971252","0,00000001113405447979","0,00000032203286017808"
"-0,04304422501126470980","0,00000028465613620772","0,00000025948218874796","0,00000034763415876326","0,00000061041369774664","0,00000003459895447894","0,00000031352789782085","0,00000253892180184652","0,00000027637050872154","0,00000043051881793966","0,00000047838622080138","0,00000120540022734603","0,00000183018235177756","0,00000001087032263611","0,00000106076359567866","0,00000021892669881868","0,00000099005654142487","0,00000001139084308603","0,00000001154161838038","0,00000001109681466929","0,00000032380576407232"
"-0,04104030237395008000","0,00000028689937207684","0,00000026095350037453","0,00000034944542205430","0,00000061025213864901","0,00000003457833252390","0,00000031492961834283","0,00000254770381864254","0,00000027697611970090","0,00000043143908858969","0,00000047940734867195","0,00000121216236323939","0,00000182921975064690","0,00000001084740114278","0,00000106481858170644","0,00000021891377160683","0,00000099334217260712","0,00000001142319313513","0,00000001155328491863","0,00000001106468164212","0,00000032565435767696"
"-0,03903637973663545010","0,00000028921523452758","0,00000026247525673028","0,00000035130695768005","0,00000061020548991297","0,00000003458359662607","0,00000031635456506014","0,00000255660153533483","0,00000027760675916674","0,00000043237780030916","0,00000048048540043449","0,00000121910249138023","0,00000182831319974013","0,00000001082798507851","0,00000106902188399236","0,00000021891923079665","0,00000099672450206420","0,00000001145216176025","0,00000001156340932725","0,00000001103765539828","0,00000032757864099198"
"-0,03703245709932082020","0,00000029160372355992","0,00000026404745781522","0,00000035321876564050","0,00000061027375153851","0,00000003461474678543","0,00000031780273797277","0,00000256561495192339","0,00000027826242711905","0,00000043333495309809","0,00000048162037608900","0,00000122622061176856","0,00000182746269905725","0,00000001081207444330","0,00000107337350253644","0,00000021894307638812","0,00000100020352979612","0,00000001147774896139","0,00000001157199160626","0,00000001101573593778","0,00000032957861401739"
"-0,03502853446200619030","0,00000029406483917388","0,00000026567010362933","0,00000035518084593565","0,00000061045692352565","0,00000003467178300199","0,00000031927413708072","0,00000257474406840822","0,00000027894312355785","0,00000043431054695646","0,00000048281227563549","0,00000123351672440437","0,00000182666824859826","0,00000001079966923715","0,00000107787343733868","0,00000021898530838125","0,00000100377925580286","0,00000001149995473855","0,00000001157903175564","0,00000001099892326061","0,00000033165427675318"
"-0,03302461182469156740","0,00000029659858136945","0,00000026734319417262","0,00000035719319856551","0,00000061075500587437","0,00000003475470527575","0,00000032076876238399","0,00000258398888478933","0,00000027964884848312","0,00000043530458188429","0,00000048406109907395","0,00000124099082928768","0,00000182592984836316","0,00000001079076946006","0,00000108252168839907","0,00000021904592677604","0,00000100745168008444","0,00000001151877909174","0,00000001158452977539","0,00000001098721736677","0,00000033380562919936"
"-0,03102068918737693400","0,00000029920495014663","0,00000026906672944510","0,00000035925582353007","0,00000061116799858468","0,00000003486351360671","0,00000032228661388258","0,00000259334940106670","0,00000028037960189486","0,00000043631705788156","0,00000048536684640438","0,00000124864292641847","0,00000182524749835196","0,00000001078537511203","0,00000108731825571762","0,00000021912493157248","0,00000101122080264085","0,00000001153422202094","0,00000001158848566553","0,00000001098061825627","0,00000033603267135592"
"-0,02901676655006230410","0,00000030188394550542","0,00000027084070944675","0,00000036136872082933","0,00000061169590165658","0,00000003499820799487","0,00000032382769157649","0,00000260282561724035","0,00000028113538379309","0,00000043734797494829","0,00000048672951762678","0,00000125647301579675","0,00000182462119856465","0,00000001078348619306","0,00000109226313929432","0,00000021922232277058","0,00000101508662347209","0,00000001154628352617","0,00000001159089942605","0,00000001097912592910","0,00000033833540322288"
"-0,02701284391274767420","0,00000030463556744583","0,00000027266513417759","0,00000036353189046330","0,00000061233871509006","0,00000003515878844024","0,00000032539199546573","0,00000261241753331027","0,00000028191619417779","0,00000043839733308446","0,00000048814911274116","0,00000126448109742252","0,00000182405094900122","0,00000001078510270315","0,00000109735633912917","0,00000021933810037034","0,00000101904914257816","0,00000001155496360741","0,00000001159177105694","0,00000001098274038526","0,00000034071382480021"
"-0,02500892127543304780","0,00000030745981596784","0,00000027454000363760","0,00000036574533243197","0,00000061309643888514","0,00000003534525494280","0,00000032697952555028","0,00000262212514927647","0,00000028272203304897","0,00000043946513229009","0,00000048962563174751","0,00000127266717129577","0,00000182353674966169","0,00000001079022464230","0,00000110259785522218","0,00000021947226437176","0,00000102310835995906","0,00000001156026226468","0,00000001159110055821","0,00000001099146162476","0,00000034316793608794"
"-0,02300499863811841790","0,00000031035669107147","0,00000027646531782680","0,00000036800904673534","0,00000061396907304180","0,00000003555760750256","0,00000032859028183016","0,00000263194846513893","0,00000028355290040663","0,00000044055137256516","0,00000049115907464583","0,00000128103123741651","0,00000182307860054606","0,00000001079885201051","0,00000110798768757334","0,00000021962481477483","0,00000102726427561479","0,00000001156217949797","0,00000001158888792986","0,00000001100528964759","0,00000034569773708605"
"-0,02100107600080378810","0,00000031332619275671","0,00000027844107674518","0,00000037032303337341","0,00000061495661756004","0,00000003579584611952","0,00000033022426430536","0,00000264188748089767","0,00000028440879625077","0,00000044165605390969","0,00000049274944143612","0,00000128957329578474","0,00000182267650165431","0,00000001081098480777","0,00000111352583618266","0,00000021979575157957","0,00000103151688954535","0,00000001156071530728","0,00000001158513317189","0,00000001102422445375","0,00000034830322779454"
"-0,01899715336348915820","0,00000031636832102356","0,00000028046728039273","0,00000037268729234619","0,00000061605907243988","0,00000003605997079368","0,00000033188147297588","0,00000265194219655268","0,00000028528972058138","0,00000044277917632366","0,00000049439673211839","0,00000129829334640046","0,00000182233045298645","0,00000001082662303410","0,00000111921230105013","0,00000021998507478595","0,00000103586620175075","0,00000001155586969261","0,00000001157983628430","0,00000001104826604324","0,00000035098440821342"
"-0,01699323072617452830","0,00000031948307587203","0,00000028254392876947","0,00000037510182365367","0,00000061727643768130","0,00000003634998152504","0,00000033356190784172","0,00000266211261210396","0,00000028619567339847","0,00000044392073980708","0,00000049610094669262","0,00000130719138926367","0,00000182204045454249","0,00000001084576668948","0,00000112504708217576","0,00000022019278439400","0,00000104031221223098","0,00000001154764265396","0,00000001157299726709","0,00000001107741441607","0,00000035374127834269"
"-0,01498930808885989840","0,00000032267045730210","0,00000028467102187539","0,00000037756662729586","0,00000061860871328431","0,00000003666587831360","0,00000033526556890289","0,00000267239872755151","0,00000028712665470204","0,00000044508074435996","0,00000049786208515883","0,00000131626742437436","0,00000182180650632242","0,00000001086841577393","0,00000113103017955954","0,00000022041888040370","0,00000104485492098603","0,00000001153603419134","0,00000001156461612025","0,00000001111166957224","0,00000035657383818234"
"-0,01298538545154526850","0,00000032593046531379","0,00000028684855971048","0,00000038008170327274","0,00000062005589924891","0,00000003700766115936","0,00000033699245615937","0,00000268280054289534","0,00000028808266449209","0,00000044625918998228","0,00000049968014751702","0,00000132552145173254","0,00000182162860832624","0,00000001089457028743","0,00000113716159320147","0,00000022066336281507","0,00000104949432801592","0,00000001152104430473","0,00000001155469284379","0,00000001115103151173","0,00000035948208773238"
"-0,01098146281423064040","0,00000032926309990709","0,00000028907654227476","0,00000038264705158433","0,00000062161799557510","0,00000003737533006232","0,00000033874256961118","0,00000269331805813543","0,00000028906370276861","0,00000044745607667406","0,00000050155513376717","0,00000133495347133821","0,00000182150676055395","0,00000001092423023000","0,00000114344132310156","0,00000022092623162808","0,00000105423043332064","0,00000001150267299415","0,00000001154322743771","0,00000001119550023456","0,00000036246602699281"
"-0,00897754017691601049","0,00000033266836108200","0,00000029135496956822","0,00000038526267223063","0,00000062329500226287","0,00000003776888502248","0,00000034051590925830","0,00000270395127327180","0,00000029006976953161","0,00000044867140443528","0,00000050348704390930","0,00000134456348319137","0,00000182144096300555","0,00000001095739560162","0,00000114986936925980","0,00000022120748684276","0,00000105906323690019","0,00000001148092025958","0,00000001153021990201","0,00000001124507574072","0,00000036552565596362"
"-0,00697361753960138060","0,00000033614624883853","0,00000029368384159086","0,00000038792856521162","0,00000062508691931223","0,00000003818832603984","0,00000034231247510075","0,00000271470018830445","0,00000029110086478109","0,00000044990517326595","0,00000050547587794339","0,00000135435148729201","0,00000182143121568104","0,00000001099406640230","0,00000115644573167620","0,00000022150712845909","0,00000106399273875457","0,00000001145578610104","0,00000001151567023669","0,00000001129975803022","0,00000036866097464482"
"-0,00496969490228675159","0,00000033969676317666","0,00000029606315834268","0,00000039064473052732","0,00000062699374672318","0,00000003863365311440","0,00000034413226713852","0,00000272556480323336","0,00000029215698851705","0,00000045115738316608","0,00000050752163586946","0,00000136431748364015","0,00000182147751858043","0,00000001103424263204","0,00000116317041035076","0,00000022182515647708","0,00000106901893888378","0,00000001142727051852","0,00000001149957844175","0,00000001135954710305","0,00000037187198303640"
"-0,00296577226497212214","0,00000034331990409641","0,00000029849291982368","0,00000039341116817773","0,00000062901548449572","0,00000003910486624616","0,00000034597528537161","0,00000273654511805854","0,00000029323814073948","0,00000045242803413565","0,00000050962431768751","0,00000137446147223577","0,00000182157987170371","0,00000001107792429085","0,00000117004340528346","0,00000022216157089673","0,00000107414183728783","0,00000001139537351202","0,00000001148194451718","0,00000001142444295921","0,00000037515868113837"
"-0,00096184962765749247","0,00000034701567159777","0,00000030097312603386","0,00000039622787816283","0,00000063115213262984","0,00000003960196543511","0,00000034784152980003","0,00000274764113278000","0,00000029434432144839","0,00000045371712617467","0,00000051178392339752","0,00000138478345307887","0,00000182173827505088","0,00000001112511137871","0,00000117706471647432","0,00000022251637171804","0,00000107936143396670","0,00000001136009508154","0,00000001146276846299","0,00000001149444559870","0,00000037852106895073"
"0,00104207300965713698","0,00000035074218007059","0,00000030349965195533","0,00000039908987698409","0,00000063341257873440","0,00000004010850263721","0,00000034974191087175","0,00000275883859090746","0,00000029549695870754","0,00000045503914160498","0,00000051398277169850","0,00000139520913248585","0,00000182194506752875","0,00000001117235499750","0,00000118418495645391","0,00000022288242285473","0,00000108466867224414","0,00000001132505502149","0,00000001144358825651","0,00000001156380506350","0,00000038193125007371"
"0,00304599564697176665","0,00000035445754390472","0,00000030606837257020","0,00000040199218114294","0,00000063580571041824","0,00000004060802980838","0,00000035168733903477","0,00000277012323595065","0,00000029671748058067","0,00000045640856274841","0,00000051620318128942","0,00000140566421677310","0,00000182219258804416","0,00000001121620624909","0,00000119135473775278","0,00000022325258822054","0,00000109005449544388","0,00000001129387312626","0,00000001142594187506","0,00000001162677139558","0,00000038536132810758"
"0,00504991828428639610","0,00000035816176310015","0,00000030867928787848","0,00000040493479063939","0,00000063833152768137","0,00000004110054694863","0,00000035367781428908","0,00000278149506790957","0,00000029800588706779","0,00000045782538960495","0,00000051844515217028","0,00000141614870594060","0,00000182248083659709","0,00000001125666513348","0,00000119857406037095","0,00000022362686781547","0,00000109551890356591","0,00000001126654939585","0,00000001140982931864","0,00000001168334459493","0,00000038881130305232"
"0,00705384092160102512","0,00000036185483765690","0,00000031133239788017","0,00000040791770547343","0,00000064099003052378","0,00000004158605405795","0,00000035571333663470","0,00000279295408678423","0,00000029936217816890","0,00000045928962217462","0,00000052070868434109","0,00000142666259998837","0,00000182280981318755","0,00000001129373165067","0,00000120584292430841","0,00000022400526163952","0,00000110106189661025","0,00000001124308383027","0,00000001139525058726","0,00000001173352466157","0,00000039228117490794"
"0,00905776355891565501","0,00000036553676757496","0,00000031402770257526","0,00000041094092564507","0,00000064378121894547","0,00000004206455113634","0,00000035779390607161","0,00000280450029257461","0,00000030078635388400","0,00000046080126045740","0,00000052299377780185","0,00000143720589891639","0,00000182317951781554","0,00000001132740580066","0,00000121316132956516","0,00000022438776969268","0,00000110668347457688","0,00000001122347642952","0,00000001138220568091","0,00000001177731159547","0,00000039577094367444"
"0,01106168619623028490","0,00000036920755285432","0,00000031676520196375","0,00000041400445115430","0,00000064670509294644","0,00000004253603818382","0,00000035991952259982","0,00000281613368528073","0,00000030227841421309","0,00000046236030445331","0,00000052530043255255","0,00000144777860272468","0,00000182358995048105","0,00000001135768758345","0,00000122052927614120","0,00000022477439197496","0,00000111238363746581","0,00000001120772719359","0,00000001137069459958","0,00000001181470539666","0,00000039928060935181"
"0,01306560883354491300","0,00000037286719349499","0,00000031954489604565","0,00000041710828200113","0,00000064976165252670","0,00000004300051520036","0,00000036209018621933","0,00000282785426490258","0,00000030383835915616","0,00000046396675416233","0,00000052762864859319","0,00000145838071141323","0,00000182404111118409","0,00000001138457699904","0,00000122794676403653","0,00000022516512848636","0,00000111816238527705","0,00000001119583612248","0,00000001136071734329","0,00000001184570606513","0,00000040281017194006"
"0,01506953147085954290","0,00000037651568949697","0,00000032236678482095","0,00000042025241818555","0,00000065295089768624","0,00000004345798218598","0,00000036430589693014","0,00000283966203144016","0,00000030546618871322","0,00000046562060958448","0,00000052997842592378","0,00000146901222498204","0,00000182453299992466","0,00000001140807404743","0,00000123541379325116","0,00000022555997922687","0,00000112401971801058","0,00000001118780321620","0,00000001135227391204","0,00000001187031360087","0,00000040635963143919"
"0,01707345410817417280","0,00000038015304086027","0,00000032523086828965","0,00000042343685970757","0,00000065627282842506","0,00000004390843914068","0,00000036656665473224","0,00000285155698489347","0,00000030716190288428","0,00000046732187071974","0,00000053234976454432","0,00000147967314343111","0,00000182506561670276","0,00000001142817872862","0,00000124293036378507","0,00000022595894419651","0,00000112995563566640","0,00000001118362847475","0,00000001134536430581","0,00000001188852800388","0,00000040992898784920"
"0,01907737674548880270","0,00000038377924758487","0,00000032813714645176","0,00000042666160656719","0,00000065972744474317","0,00000004435188606445","0,00000036887245962564","0,00000286353912526252","0,00000030892550166932","0,00000046907053756812","0,00000053474266445480","0,00000149036346676044","0,00000182563896151838","0,00000001144489104261","0,00000125049647563828","0,00000022636202339526","0,00000113597013824453","0,00000001118331189812","0,00000001133998852462","0,00000001190034927418","0,00000041351824117008"
"0,02108129938280343260","0,00000038739430967077","0,00000033108561930727","0,00000042992665876440","0,00000066331474664056","0,00000004478832295729","0,00000037122331161034","0,00000287560845254729","0,00000031075698506835","0,00000047086661012962","0,00000053715712565523","0,00000150108319497003","0,00000182625303437153","0,00000001145821098940","0,00000125811212881078","0,00000022676921682313","0,00000114206322574496","0,00000001118685348631","0,00000001133614656846","0,00000001190577741175","0,00000041712739140185"
"0,02308522202011806250","0,00000039099822711799","0,00000033407628685619","0,00000043323201629920","0,00000066703473411723","0,00000004521774981922","0,00000037361921068634","0,00000288776496674780","0,00000031265635308136","0,00000047271008840424","0,00000053959314814560","0,00000151183232805988","0,00000182690783526221","0,00000001146813856899","0,00000126577732330256","0,00000022718052448011","0,00000114823489816768","0,00000001119425323933","0,00000001133383843733","0,00000001190481241660","0,00000042075643854448"
"0,02508914465743269230","0,00000039459099992652","0,00000033710914909851","0,00000043657767917160","0,00000067088740717318","0,00000004564016665021","0,00000037606015685363","0,00000290000866786404","0,00000031462360570837","0,00000047460097239198","0,00000054205073192592","0,00000152261086603000","0,00000182760336419041","0,00000001147467378138","0,00000127349205911364","0,00000022759594636622","0,00000115448515551270","0,00000001120551115718","0,00000001133306413123","0,00000001189745428873","0,00000042440538259800"
"0,02709306729474731880","0,00000039817262809635","0,00000034018420603424","0,00000043996364738160","0,00000067487276580842","0,00000004605557345028","0,00000037854615011222","0,00000291233955589601","0,00000031665874294937","0,00000047653926209284","0,00000054452987699619","0,00000153341880888037","0,00000182833962115614","0,00000001147781662657","0,00000128125633624402","0,00000022801548248144","0,00000116081399778002","0,00000001122062723985","0,00000001133382365016","0,00000001188370302813","0,00000042807422356239"
"0,02909698993206194860","0,00000040174311162750","0,00000034330145766336","0,00000044338992092919","0,00000067899081002294","0,00000004646397021943","0,00000038107719046211","0,00000292475763084371","0,00000031876176480435","0,00000047852495750682","0,00000054703058335640","0,00000154425615661101","0,00000182911660615940","0,00000001147756710456","0,00000128907015469368","0,00000022843913282578","0,00000116722142496964","0,00000001123960148734","0,00000001133611699413","0,00000001186355863482","0,00000043176296143767"
"0,03110091256937657850","0,00000040530245051995","0,00000034646090398590","0,00000044685649981438","0,00000068324153981675","0,00000004686535695765","0,00000038365327790330","0,00000293726289270714","0,00000032093267127332","0,00000048055805863392","0,00000054955285100655","0,00000155512290922190","0,00000182993431920018","0,00000001147392521535","0,00000129693351446263","0,00000022886689739923","0,00000117370743708156","0,00000001126243389966","0,00000001133994416313","0,00000001183702110878","0,00000043547159622381"
"0,03310483520669121190","0,00000040885064477372","0,00000034966254500184","0,00000045036338403716","0,00000068762495518983","0,00000004725973366494","0,00000038627441243578","0,00000294985534148631","0,00000032317146235628","0,00000048263856547413","0,00000055209667994665","0,00000156601906671306","0,00000183079276027850","0,00000001146689095894","0,00000130484641555088","0,00000022929877620181","0,00000118027203411578","0,00000001128912447681","0,00000001134530515716","0,00000001180409045001","0,00000043920012792084"
"0,03510875784400583480","0,00000041238769438879","0,00000035290638071118","0,00000045391057359754","0,00000069214105614220","0,00000004764710034132","0,00000038894059405957","0,00000296253497718121","0,00000032547813805323","0,00000048476647802747","0,00000055466207017670","0,00000157694462908448","0,00000183169192939434","0,00000001145646433533","0,00000131280885795842","0,00000022973476923350","0,00000118691521607229","0,00000001131967321878","0,00000001135219997622","0,00000001176476665852","0,00000044294855652874"
"0,03711268048132046470","0,00000041591359936517","0,00000035619241111392","0,00000045749806849552","0,00000069678984267386","0,00000004802745698676","0,00000039165182277465","0,00000297530179979184","0,00000032785269836417","0,00000048694179629393","0,00000055724902169669","0,00000158789959633616","0,00000183263182654770","0,00000001144264534452","0,00000132082084168524","0,00000023017487649431","0,00000119363698295111","0,00000001135408012558","0,00000001136062862032","0,00000001171904973432","0,00000044671688204752"
"0,03911660311863509460","0,00000041942835970286","0,00000035952063621007","0,00000046112586873109","0,00000070157131478479","0,00000004840080360128","0,00000039440809858103","0,00000298815580931820","0,00000033029514328909","0,00000048916452027350","0,00000055985753450662","0,00000159888396846810","0,00000183361245173860","0,00000001142543398651","0,00000132888236673136","0,00000023061909798423","0,00000120043733475222","0,00000001139234519720","0,00000001137059108945","0,00000001166693967738","0,00000045050510447718"
"0,04112052575594972450","0,00000042293197540185","0,00000036289105599963","0,00000046479397430425","0,00000070648547247501","0,00000004876714018488","0,00000039720942147870","0,00000300109700576029","0,00000033280547282800","0,00000049143464996620","0,00000056248760860650","0,00000160989774548030","0,00000183463380496702","0,00000001140483026130","0,00000133699343309677","0,00000023106743370328","0,00000120731627147563","0,00000001143446843364","0,00000001138208738361","0,00000001160843648773","0,00000045431322381772"
"0,04312444839326435440","0,00000042642444646216","0,00000036630367048258","0,00000046850238521501","0,00000071153231574451","0,00000004912646673755","0,00000040005579146768","0,00000301412538911811","0,00000033538368698091","0,00000049375218537201","0,00000056513924399633","0,00000162094092737277","0,00000183569588623297","0,00000001138083416889","0,00000134515404078148","0,00000023151988365144","0,00000121427379312134","0,00000001148044983491","0,00000001139511750280","0,00000001154354016535","0,00000045814124006913"
"0,04512837103057898420","0,00000042990577288378","0,00000036975847965895","0,00000047225110146337","0,00000071671184459330","0,00000004947878325929","0,00000040294720854795","0,00000302724095939167","0,00000033802978574780","0,00000049611712649094","0,00000056781244067610","0,00000163201351414549","0,00000183679869553644","0,00000001135344570928","0,00000135336418978547","0,00000023197644782872","0,00000122130989968935","0,00000001153028940101","0,00000001140968144702","0,00000001147225071025","0,00000046198915323142"
"0,04713229366789361410","0,00000043337595466670","0,00000037325548352871","0,00000047604012304932","0,00000072202405902137","0,00000004982408975011","0,00000040588367271952","0,00000304044371658096","0,00000034074376912868","0,00000049852947332300","0,00000057050719864582","0,00000164311550579847","0,00000183794223287744","0,00000001132266488247","0,00000136162388010875","0,00000023243712623511","0,00000122842459117965","0,00000001158398713193","0,00000001142577921627","0,00000001139456812243","0,00000046585696330459"
"0,04913621630520824400","0,00000043683499181094","0,00000037679468209188","0,00000047986944997287","0,00000072746895902872","0,00000005016238621001","0,00000040886518398238","0,00000305373366068598","0,00000034352563712354","0,00000050098922586817","0,00000057322351790549","0,00000165424690233172","0,00000183912649825597","0,00000001128849168846","0,00000136993311175133","0,00000023290191887063","0,00000123561786759226","0,00000001164154302768","0,00000001144341081056","0,00000001131049240188","0,00000046974467028863"
"0,05114013894252287390","0,00000044026133776150","0,00000038035859678251","0,00000048374138943305","0,00000073304178740310","0,00000005049856113505","0,00000041188756341107","0,00000306708102735855","0,00000034634670054472","0,00000050347644318499","0,00000057596084482562","0,00000166536952947581","0,00000184035448498435","0,00000001125373970785","0,00000137828561823164","0,00000023337477488047","0,00000124288148987544","0,00000001169851264556","0,00000001146130027519","0,00000001122689617519","0,00000047365027086068"
"0,05314406157983750380","0,00000044363344596341","0,00000038392974903464","0,00000048765824862889","0,00000073873778693225","0,00000005083750302132","0,00000041494663208010","0,00000308045605225050","0,00000034917827020453","0,00000050597118433201","0,00000057871862577676","0,00000167644521296133","0,00000184162918637491","0,00000001122122252124","0,00000138667513306814","0,00000023385964340986","0,00000125020721897747","0,00000001175045154290","0,00000001147817165548","0,00000001115065206893","0,00000047757176169784"
"0,05514798421715213370","0,00000044695131641666","0,00000038750813884828","0,00000049162002756041","0,00000074455695761618","0,00000005117921186880","0,00000041804238998948","0,00000309385873536183","0,00000035202034610298","0,00000050847344930921","0,00000058149686075891","0,00000168747395278828","0,00000184295060242764","0,00000001119094012862","0,00000139510165626082","0,00000023435652445878","0,00000125759505489836","0,00000001179735971970","0,00000001149402495143","0,00000001108176008311","0,00000048150914280013"
"0,05715190685446676360","0,00000045021494912126","0,00000039109376622342","0,00000049562672622760","0,00000075049929945489","0,00000005152368767751","0,00000042117483713921","0,00000310728907669253","0,00000035487292824006","0,00000051098323811661","0,00000058429554977205","0,00000169845574895665","0,00000184431873314255","0,00000001116289252999","0,00000140356518780969","0,00000023486541802725","0,00000126504499763809","0,00000001183923717595","0,00000001150886016303","0,00000001102022021772","0,00000048546241416755"
"0,05915582949178139340","0,00000045342434407720","0,00000039468663116007","0,00000049967834463045","0,00000075656481244837","0,00000005187093044744","0,00000042434397352927","0,00000312074707624261","0,00000035773601661577","0,00000051350055075419","0,00000058711469281621","0,00000170939060146646","0,00000184573357851963","0,00000001113707972536","0,00000141206572771474","0,00000023538632411527","0,00000127255704719668","0,00000001187608391165","0,00000001152267729029","0,00000001096603247276","0,00000048943157580008"
"0,06115975212909602330","0,00000045657950128450","0,00000039828673365823","0,00000050377488276897","0,00000076275349659662","0,00000005222094017859","0,00000042754979915969","0,00000313423273401207","0,00000036060961123011","0,00000051602538722196","0,00000058995428989136","0,00000172027851031769","0,00000184719513855889","0,00000001111350171473","0,00000142060327597598","0,00000023591924272282","0,00000128013120357412","0,00000001190789992681","0,00000001153547633320","0,00000001091919684823","0,00000049341662769774"
"0,06316367476641064630","0,00000045968042074313","0,00000040189407371790","0,00000050791634064317","0,00000076906535189965","0,00000005257371687096","0,00000043079231403045","0,00000314774605000091","0,00000036349371208309","0,00000051855774751992","0,00000059281434099752","0,00000173111947551036","0,00000184870341326032","0,00000001109215849810","0,00000142917783259340","0,00000023646417384991","0,00000128776746677042","0,00000001193468522143","0,00000001154725729178","0,00000001087971334413","0,00000049741756986052"
"0,06516759740372528310","0,00000046272710245312","0,00000040550865133907","0,00000051210271825303","0,00000077550037835746","0,00000005292926052455","0,00000043407151814155","0,00000316128702420912","0,00000036638831917470","0,00000052109763164806","0,00000059569484613468","0,00000174191349704445","0,00000185025840262393","0,00000001107305007545","0,00000143778939756701","0,00000023702111749655","0,00000129546583678556","0,00000001195643979550","0,00000001155802016600","0,00000001084758196047","0,00000050143440228843"
"0,06717152004103990600","0,00000046571954641445","0,00000040913046652175","0,00000051633401559855","0,00000078205857597004","0,00000005328757113936","0,00000043738741149300","0,00000317485565663671","0,00000036929343250494","0,00000052364503960640","0,00000059859580530284","0,00000175266057491997","0,00000185186010664972","0,00000001105617644681","0,00000144643797089680","0,00000023759007366273","0,00000130322631361956","0,00000001197316364902","0,00000001156776495589","0,00000001082280269724","0,00000050546712498145"
"0,06917544267835454290","0,00000046865775262712","0,00000041275951926593","0,00000052061023267975","0,00000078873994473739","0,00000005364864871540","0,00000044073999408480","0,00000318845194728368","0,00000037220905207382","0,00000052619997139493","0,00000060151721850201","0,00000176336070913692","0,00000185350852533768","0,00000001104153761216","0,00000145512355258278","0,00000023817104234845","0,00000131104889727241","0,00000001198485678200","0,00000001157649166143","0,00000001080537555444","0,00000050951573793960"
"0,07117936531566916580","0,00000047154172109114","0,00000041639580957163","0,00000052493136949662","0,00000079554448465952","0,00000005401249325265","0,00000044412926591694","0,00000320207589615002","0,00000037513517788133","0,00000052876242701364","0,00000060445908573218","0,00000177401389969530","0,00000185520365868781","0,00000001102913357151","0,00000146384614262494","0,00000023876402355372","0,00000131893358774411","0,00000001199151919443","0,00000001158420028263","0,00000001079530053208","0,00000051358024116287"
"0,07318328795298380260","0,00000047437145180651","0,00000042003933743882","0,00000052929742604915","0,00000080247219573643","0,00000005437910475113","0,00000044755522698942","0,00000321572750323575","0,00000037807180992747","0,00000053133240646254","0,00000060742140699335","0,00000178462014659510","0,00000185694550670012","0,00000001101896432485","0,00000147260574102328","0,00000023936901727852","0,00000132688038503467","0,00000001199315088632","0,00000001159089081949","0,00000001079257763014","0,00000051766063465127"
"0,07518721059029842560","0,00000047714694477323","0,00000042369010286753","0,00000053370840233736","0,00000080952307796811","0,00000005474848321082","0,00000045101787730225","0,00000322940676854084","0,00000038101894821225","0,00000053390990974163","0,00000061040418228552","0,00000179517944983634","0,00000185873406937461","0,00000001101102987219","0,00000148140234777781","0,00000023998602352287","0,00000133488928914407","0,00000001198975185766","0,00000001159656327200","0,00000001079720684864","0,00000052175691840479"
"0,07719113322761306240","0,00000047986819999129","0,00000042734810585774","0,00000053816429836123","0,00000081669713135456","0,00000005512062863174","0,00000045451721685543","0,00000324311369206532","0,00000038397659273566","0,00000053649493685091","0,00000061340741160870","0,00000180569180941900","0,00000186056934671127","0,00000001100533021352","0,00000149023596288853","0,00000024061504228676","0,00000134296030007233","0,00000001198132210846","0,00000001160121764017","0,00000001080918818758","0,00000052586909242343"
"0,07919505586492768540","0,00000048253521746069","0,00000043101334640946","0,00000054266511412077","0,00000082399435589579","0,00000005549554101388","0,00000045805324564895","0,00000325684827380917","0,00000038694474349770","0,00000053908748779038","0,00000061643109496289","0,00000181615722534309","0,00000186245133871011","0,00000001100186534885","0,00000149910658635543","0,00000024125607357019","0,00000135109341781944","0,00000001196786163871","0,00000001160485392399","0,00000001082852164694","0,00000052999715670719"
"0,08119897850224232220","0,00000048514799718144","0,00000043468582452268","0,00000054721084961598","0,00000083141475159180","0,00000005587322035724","0,00000046162596368282","0,00000327061051377240","0,00000038992340049838","0,00000054168756256004","0,00000061947523234807","0,00000182657569760861","0,00000186438004537112","0,00000001100063527818","0,00000150801421817851","0,00000024190911737317","0,00000135928864238540","0,00000001194937044842","0,00000001160747212348","0,00000001085520722674","0,00000053414111125608"
"0,08320290113955694510","0,00000048770653915354","0,00000043836554019742","0,00000055180150484686","0,00000083895831844258","0,00000005625366666182","0,00000046523537095703","0,00000328440041195501","0,00000039291256373769","0,00000054429516115989","0,00000062253982376426","0,00000183694722621556","0,00000186635546669431","0,00000001100164000150","0,00000151695885835778","0,00000024257417369568","0,00000136754597377022","0,00000001192584853758","0,00000001160907223862","0,00000001088924492697","0,00000053830095607009"
"0,08520682377687158190","0,00000049021084337698","0,00000044205249343365","0,00000055643707981341","0,00000084662505644813","0,00000005663687992762","0,00000046888146747158","0,00000329821796835700","0,00000039591223321563","0,00000054691028358992","0,00000062562486921145","0,00000184727181116394","0,00000186837760267967","0,00000001100487951882","0,00000152594050689324","0,00000024325124253774","0,00000137586541197389","0,00000001189729590619","0,00000001160965426941","0,00000001093063474763","0,00000054247669114922"
"0,08721074641418620490","0,00000049266090985177","0,00000044574668423140","0,00000056111757451562","0,00000085441496560846","0,00000005702286015464","0,00000047256425322649","0,00000331206318297836","0,00000039892240893220","0,00000054953292985015","0,00000062873036868965","0,00000185754945245375","0,00000187044645332721","0,00000001101035383013","0,00000153495916378487","0,00000024394032389934","0,00000138424695699640","0,00000001186371255427","0,00000001160921821586","0,00000001097937668873","0,00000054666831649347"
"0,08921466905150082780","0,00000049505673857791","0,00000044944811259065","0,00000056584298895351","0,00000086232804592357","0,00000005741160734289","0,00000047628372822173","0,00000332593605581910","0,00000040194309088741","0,00000055216309994056","0,00000063185632219885","0,00000186778015008498","0,00000187256201863692","0,00000001101806293544","0,00000154401482903270","0,00000024464141778048","0,00000139269060883778","0,00000001182509848179","0,00000001160776407797","0,00000001103547075026","0,00000055087583210285"
"0,09121859168881546470","0,00000049739832955539","0,00000045315677851141","0,00000057061332312706","0,00000087036429739345","0,00000005780312149235","0,00000048003989245733","0,00000333983658687921","0,00000040497427908125","0,00000055480079386116","0,00000063500272973905","0,00000187796390405765","0,00000187472429860881","0,00000001102800683474","0,00000155310750263671","0,00000024535452418116","0,00000140119636749800","0,00000001178145368877","0,00000001160529185574","0,00000001109891693222","0,00000055509923797735"
"0,09322251432613008760","0,00000049968568278422","0,00000045687268199367","0,00000057542857703628","0,00000087852372001810","0,00000005819740260304","0,00000048383274593326","0,00000335376477615870","0,00000040801597351373","0,00000055744601161195","0,00000063816959131026","0,00000188810071437174","0,00000187693329324288","0,00000001104018552804","0,00000156223718459690","0,00000024607964310139","0,00000140976423297707","0,00000001173277817521","0,00000001160180154916","0,00000001116971523461","0,00000055933853411697"
"0,09522643696344472440","0,00000050191879826439","0,00000046059582303744","0,00000058028875068117","0,00000088680631379753","0,00000005859445067495","0,00000048766228864955","0,00000336772062365757","0,00000041106817418484","0,00000056009875319293","0,00000064135690691246","0,00000189819058102726","0,00000187918900253912","0,00000001105459901534","0,00000157140387491328","0,00000024681677454116","0,00000141839420527500","0,00000001167907194110","0,00000001159729315824","0,00000001124786565744","0,00000056359372052172"
"0,09723035960075934740","0,00000050409767599591","0,00000046432620164272","0,00000058519384406173","0,00000089521207873174","0,00000005899426570808","0,00000049152852060617","0,00000338170412937582","0,00000041413088109458","0,00000056275901860410","0,00000064456467654568","0,00000190823350402421","0,00000188149142649754","0,00000001107124729663","0,00000158060757358584","0,00000024756591850047","0,00000142708628439178","0,00000001162033498644","0,00000001159176668298","0,00000001133336820069","0,00000056786479719159"
"0,09923428223807398420","0,00000050622231597878","0,00000046806381780951","0,00000059014385717796","0,00000090374101482072","0,00000005939684770242","0,00000049543144180315","0,00000339571529331345","0,00000041720409424295","0,00000056542680784546","0,00000064779290020989","0,00000191822948336259","0,00000188384056511813","0,00000001109013037192","0,00000158984828061458","0,00000024832707497932","0,00000143584047032741","0,00000001155656731124","0,00000001158522212337","0,00000001142622286438","0,00000057215176412658"
"0,10123820487538860700","0,00000050832508183491","0,00000047180500895563","0,00000059512415672069","0,00000091233482884400","0,00000005980077452836","0,00000049935782983717","0,00000340974436257705","0,00000042028669415351","0,00000056809499076512","0,00000065102473800121","0,00000192817785456816","0,00000188621995625666","0,00000001110943608546","0,00000159911039062721","0,00000024910361623393","0,00000144464952045130","0,00000001149257954455","0,00000001157876872505","0,00000001151939667471","0,00000057645455045731"
"0,10324212751270324400","0,00000051043833718624","0,00000047554611249893","0,00000060012010938074","0,00000092093522758109","0,00000006020462405623","0,00000050329446230496","0,00000342378158427323","0,00000042337756134980","0,00000057075643721120","0,00000065424335001572","0,00000193807795316668","0,00000188861313776888","0,00000001112735228151","0,00000160837829825141","0,00000024989891452052","0,00000145350619213285","0,00000001143318231544","0,00000001157351573364","0,00000001160585665786","0,00000058077308531441"
"0,10524605015001786700","0,00000051256208203275","0,00000047928712843940","0,00000060513171515812","0,00000092954221103200","0,00000006060839628605","0,00000050724133920650","0,00000343782695840198","0,00000042647669583181","0,00000057341114718371","0,00000065744873625344","0,00000194792977915816","0,00000189102010965481","0,00000001114387896008","0,00000161765200348719","0,00000025071296983909","0,00000146241048537205","0,00000001137837562390","0,00000001156946314916","0,00000001168560281384","0,00000058510736869786"
"0,10724997278733250400","0,00000051469631637446","0,00000048302805677705","0,00000061015897405283","0,00000093815577919673","0,00000006101209121781","0,00000051119846054180","0,00000345188048496331","0,00000042958409759956","0,00000057605912068263","0,00000066064089671435","0,00000195773333254258","0,00000189344087191443","0,00000001115901612115","0,00000162693150633454","0,00000025154578218963","0,00000147136240016891","0,00000001132815946994","0,00000001156661097158","0,00000001175863514265","0,00000058945740060768"
"0,10925389542464712700","0,00000051684104021135","0,00000048676889751187","0,00000061520188606486","0,00000094677593207527","0,00000006141570885151","0,00000051516582631087","0,00000346594216395722","0,00000043269976665305","0,00000057870035770798","0,00000066381983139846","0,00000196748861331996","0,00000189587542454775","0,00000001117276376473","0,00000163621680679347","0,00000025239735157216","0,00000148036193652344","0,00000001128253385355","0,00000001156495920092","0,00000001182495364429","0,00000059382318104387"
"0,11125781806196176300","0,00000051899625354344","0,00000049050965064386","0,00000062026045119422","0,00000095540266966763","0,00000006181924918716","0,00000051914343651369","0,00000348001199538370","0,00000043582370299226","0,00000058133485825975","0,00000066698554030577","0,00000197719562149030","0,00000189832376755477","0,00000001118512189083","0,00000164550790486397","0,00000025326767798666","0,00000148940909443562","0,00000001124149877473","0,00000001156450783718","0,00000001188455831875","0,00000059820471000641"
"0,11326174069927638600","0,00000052116195637071","0,00000049425031617302","0,00000062533466944091","0,00000096403599197380","0,00000006222271222475","0,00000052313129115027","0,00000349408997924276","0,00000043895590661720","0,00000058396262233793","0,00000067013802343628","0,00000198685435705358","0,00000190078590093548","0,00000001119609049943","0,00000165480480054605","0,00000025415676143314","0,00000149850387390546","0,00000001120505423349","0,00000001156525688036","0,00000001193744916605","0,00000060260198749532"
"0,11526566333659102300","0,00000052333814869318","0,00000049799089409936","0,00000063042454080492","0,00000097267589899379","0,00000006262609796428","0,00000052712939022061","0,00000350817611553440","0,00000044209637752787","0,00000058658364994254","0,00000067327728078999","0,00000199646482000982","0,00000190326182468990","0,00000001120566959055","0,00000166410749383970","0,00000025506460191159","0,00000150764627493296","0,00000001117320022983","0,00000001156720633045","0,00000001198362618618","0,00000060701501351058"
"0,11726958597390564600","0,00000052552483051084","0,00000050173138442288","0,00000063553006528626","0,00000098132239072760","0,00000006302940640575","0,00000053113773372471","0,00000352227040425861","0,00000044524511572428","0,00000058919794107357","0,00000067640331236690","0,00000200602701035901","0,00000190575153881801","0,00000001121385916418","0,00000167341598474493","0,00000025599119942203","0,00000151683629751811","0,00000001114593676373","0,00000001157035618745","0,00000001202308937913","0,00000061144378805221"
"0,11927350861122028300","0,00000052772200182368","0,00000050547178714356","0,00000064065124288493","0,00000098997546717523","0,00000006343263754917","0,00000053515632166257","0,00000353637284541540","0,00000044840212120641","0,00000059180549573102","0,00000067951611816700","0,00000201554092810115","0,00000190825504331982","0,00000001122065922031","0,00000168273027326173","0,00000025693655396444","0,00000152607394166093","0,00000001112326383521","0,00000001157470645137","0,00000001205583874492","0,00000061588831112021"
"0,12127743124853490600","0,00000052992966263172","0,00000050921210226142","0,00000064578807360092","0,00000099863512833667","0,00000006383579139453","0,00000053918515403419","0,00000355048343900477","0,00000045156739397428","0,00000059440631391490","0,00000068261569819031","0,00000202500657323625","0,00000191077233819533","0,00000001122606975896","0,00000169205035939011","0,00000025790066553883","0,00000153535920736141","0,00000001110518144427","0,00000001158025712221","0,00000001208187428353","0,00000062034858271456"
"0,12328135388584952900","0,00000053214781293495","0,00000051295232977646","0,00000065094055743424","0,00000100730137421193","0,00000006423886794183","0,00000054322423083956","0,00000356460218502671","0,00000045474093402788","0,00000059700039562519","0,00000068570205243682","0,00000203442394576430","0,00000191330342344454","0,00000001123009078012","0,00000170137624313007","0,00000025888353414520","0,00000154469209461954","0,00000001109168959090","0,00000001158700819996","0,00000001210119599498","0,00000062482460283528"
"0,12528527652316415200","0,00000053437645273337","0,00000051669246968866","0,00000065610869438489","0,00000101597420480100","0,00000006464186719108","0,00000054727355207870","0,00000357872908348123","0,00000045792274136721","0,00000059958774086190","0,00000068877518090652","0,00000204379304568530","0,00000191584829906744","0,00000001123272228379","0,00000171070792448159","0,00000025988515978355","0,00000155407260343533","0,00000001108278827510","0,00000001159495968463","0,00000001211380387925","0,00000062931637148236"
"0,12728919916047878900","0,00000053661558202698","0,00000052043252199804","0,00000066129248445287","0,00000102465362010389","0,00000006504478914227","0,00000055133311775160","0,00000359286413436833","0,00000046111281599227","0,00000060216834962504","0,00000069183508359942","0,00000205311387299925","0,00000191840696506404","0,00000001123396426997","0,00000172004540344470","0,00000026090554245387","0,00000156350073380878","0,00000001107847749688","0,00000001160411157622","0,00000001211969793635","0,00000063382388865580"
"0,12929312179779342500","0,00000053886520081578","0,00000052417248670460","0,00000066649192763817","0,00000103333962012060","0,00000006544763379540","0,00000055540292785825","0,00000360700733768800","0,00000046431115790306","0,00000060474222191459","0,00000069488176051552","0,00000206238642770616","0,00000192097942143434","0,00000001123381673865","0,00000172938868001938","0,00000026194468215618","0,00000157297648573989","0,00000001107875725623","0,00000001161446387472","0,00000001211887816628","0,00000063834715435560"
"0,13129704443510806200","0,00000054112530909977","0,00000052791236380833","0,00000067170702394080","0,00000104203220485113","0,00000006585040115047","0,00000055948298239867","0,00000362115869344025","0,00000046751776709958","0,00000060730935773057","0,00000069791521165482","0,00000207161070980602","0,00000192356566817834","0,00000001123227968986","0,00000173873775420563","0,00000026300257889046","0,00000158249985922866","0,00000001108362755316","0,00000001162601658013","0,00000001211134456904","0,00000064288616858176"
"0,13330096707242267100","0,00000054339590687894","0,00000053165215330923","0,00000067693777336075","0,00000105073137429547","0,00000006625309120749","0,00000056357328137284","0,00000363531820162507","0,00000047073264358183","0,00000060986975707297","0,00000070093543701732","0,00000208078671929883","0,00000192616570529604","0,00000001122935312357","0,00000174809262600346","0,00000026407923265672","0,00000159207085427509","0,00000001109308838766","0,00000001163876969246","0,00000001209709714463","0,00000064744093133429"
"0,13530488970973730800","0,00000054567699415331","0,00000053539185520730","0,00000068218417589803","0,00000105943712845363","0,00000006665570396645","0,00000056767382478078","0,00000364948586224247","0,00000047395578734982","0,00000061242341994179","0,00000070394243660302","0,00000208991445618459","0,00000192877953278743","0,00000001122503703979","0,00000175745329541287","0,00000026517464345495","0,00000160168947087918","0,00000001110713975973","0,00000001165272321171","0,00000001207613589305","0,00000065201144261318"
"0,13730881234705194500","0,00000054796857092288","0,00000053913146950255","0,00000068744623155264","0,00000106814946732560","0,00000006705823942735","0,00000057178461262247","0,00000366366167529245","0,00000047718719840353","0,00000061497034633702","0,00000070693621041192","0,00000209899392046331","0,00000193140715065253","0,00000001121933143852","0,00000176681976243385","0,00000026628881128517","0,00000161135570904092","0,00000001112578166938","0,00000001166787713787","0,00000001204846081430","0,00000065659770241843"
"0,13931273498436658200","0,00000055027063718763","0,00000054287099619497","0,00000069272394032458","0,00000107686839091139","0,00000006746069759020","0,00000057590564489792","0,00000367784564077501","0,00000048042687674298","0,00000061751053625869","0,00000070991675844401","0,00000210802511213498","0,00000193404855889132","0,00000001121223631976","0,00000177619202706640","0,00000026742173614736","0,00000162106956876033","0,00000001114901411660","0,00000001168423147095","0,00000001201407190838","0,00000066119971075004"
"0,14131665762168119100","0,00000055258319294757","0,00000054661043528457","0,00000069801730221384","0,00000108559389921100","0,00000006786307845499","0,00000058003692160713","0,00000369203775869014","0,00000048367482236816","0,00000062004398970677","0,00000071288408069931","0,00000211700803119960","0,00000193670375750381","0,00000001120375168352","0,00000178557008931053","0,00000026857341804153","0,00000163083105003739","0,00000001117683710140","0,00000001170178621095","0,00000001197296917529","0,00000066581746760802"
"0,14332058025899582800","0,00000055490623820270","0,00000055034978677134","0,00000070332631722043","0,00000109432599222442","0,00000006826538202172","0,00000058417844275010","0,00000370623802903785","0,00000048693103527906","0,00000062257070668127","0,00000071583817717780","0,00000212594267765717","0,00000193937274648999","0,00000001119387752978","0,00000179495394916624","0,00000026974385696768","0,00000164064015287211","0,00000001120925062377","0,00000001172054135786","0,00000001192515261502","0,00000067045097299236"
"0,14532450289631046500","0,00000055723977295302","0,00000055408905065528","0,00000070865098534434","0,00000110306466995166","0,00000006866760829040","0,00000058833020832683","0,00000372044645181813","0,00000049019551547570","0,00000062509068718219","0,00000071877904787950","0,00000213482905150770","0,00000194205552584988","0,00000001118261385855","0,00000180434360663352","0,00000027093305292580","0,00000165049687726449","0,00000001124625468372","0,00000001174049691169","0,00000001187062222759","0,00000067510022690306"
"0,14732842553362510100","0,00000055958379719853","0,00000055782822693640","0,00000071399130658559","0,00000111180993239272","0,00000006906975726101","0,00000059249221833732","0,00000373466302703099","0,00000049346826295807","0,00000062760393120954","0,00000072170669280439","0,00000214366715275118","0,00000194475209558346","0,00000001116996066984","0,00000181373906171238","0,00000027214100591591","0,00000166040122321453","0,00000001128784928123","0,00000001176165287243","0,00000001180937801298","0,00000067976522934012"
"0,14933234817093971000","0,00000056193831093924","0,00000056156731561468","0,00000071934728094415","0,00000112056177954759","0,00000006947182893357","0,00000059666447278157","0,00000374888775467643","0,00000049674927772618","0,00000063011043876330","0,00000072462111195248","0,00000215245698138761","0,00000194746245569074","0,00000001115591796363","0,00000182314031440281","0,00000027336771593799","0,00000167035319072223","0,00000001133403441633","0,00000001178400924009","0,00000001174141997121","0,00000068444598030354"
"0,15133627080825434700","0,00000056431821424460","0,00000056530770232390","0,00000072470700390432","0,00000112931547465315","0,00000006987753781386","0,00000060084182645466","0,00000376311394503737","0,00000050004197759153","0,00000063260693620346","0,00000072753108564278","0,00000216120331945381","0,00000195019351084016","0,00000001114252678755","0,00000183255808248578","0,00000027460904301221","0,00000168032497310900","0,00000001138114104862","0,00000001180635592491","0,00000001167307206719","0,00000068914599346032"
"0,15334019344556898400","0,00000056673840718409","0,00000056905077269781","0,00000073005857095037","0,00000113806628094625","0,00000007029059840765","0,00000060501913415166","0,00000377733490839675","0,00000050334978036568","0,00000063509014988997","0,00000073044539419430","0,00000216991094898660","0,00000195295216570014","0,00000001113182818922","0,00000184200308374227","0,00000027586084715871","0,00000169028876369627","0,00000001142550013775","0,00000001182748283713","0,00000001161065826584","0,00000069386878247744"
"0,15534411608288362100","0,00000056919888975772","0,00000057279652673639","0,00000073540198208228","0,00000114681419842691","0,00000007071101071496","0,00000060919639587258","0,00000379155064475455","0,00000050667268604860","0,00000063756007982284","0,00000073336403760705","0,00000217857986998596","0,00000195573842027068","0,00000001112382216862","0,00000185147531817226","0,00000027712312837751","0,00000170024456248403","0,00000001146711168371","0,00000001184738997677","0,00000001155417856717","0,00000069861434735490"
"0,15734803872019823000","0,00000057169966196548","0,00000057654496443967","0,00000074073723730007","0,00000115555922709511","0,00000007113877473577","0,00000061337361161741","0,00000380576115411078","0,00000051001069464031","0,00000064001672600206","0,00000073628701588102","0,00000218721008245191","0,00000195855227455180","0,00000001111850872576","0,00000186097478577577","0,00000027839588666859","0,00000171019236947228","0,00000001150597568650","0,00000001186607734381","0,00000001150363297118","0,00000070338268809270"
"0,15935196135751286700","0,00000057424072380737","0,00000058029608580762","0,00000074606433660373","0,00000116430136695086","0,00000007157389047009","0,00000061755078138616","0,00000381996643646545","0,00000051336380614080","0,00000064246008842765","0,00000073921432901621","0,00000219580158638444","0,00000196139372854348","0,00000001111588786064","0,00000187050148655279","0,00000027967912203197","0,00000172013218466102","0,00000001154209214612","0,00000001188354493826","0,00000001145902147786","0,00000070817380469085"
"0,16135588399482750400","0,00000057682207528339","0,00000058404989084027","0,00000075138327999327","0,00000117304061799416","0,00000007201635791792","0,00000062172790517882","0,00000383416649181855","0,00000051673202055008","0,00000064489016709959","0,00000074214597701263","0,00000220435438178356","0,00000196426278224573","0,00000001111595957326","0,00000188005542050331","0,00000028097283446763","0,00000173006400805025","0,00000001157546106257","0,00000001189979276012","0,00000001142034408722","0,00000071298769714934"
"0,16335980663214211300","0,00000057944371639355","0,00000058780637953759","0,00000075669406746867","0,00000118177698022501","0,00000007246617707925","0,00000062590498299540","0,00000384836132017007","0,00000052011533786814","0,00000064730696201788","0,00000074508195987026","0,00000221286846864926","0,00000196715943565854","0,00000001111872386362","0,00000188963658762735","0,00000028227702397558","0,00000173998783963997","0,00000001160608243585","0,00000001191482080939","0,00000001138760079925","0,00000071782436546817"
"0,16536372926945675000","0,00000058210564713784","0,00000059156555189961","0,00000076199669902995","0,00000119051045364341","0,00000007292334795410","0,00000063008201483590","0,00000386255092152003","0,00000052351375809498","0,00000064971047318254","0,00000074802227758912","0,00000222134384698154","0,00000197008368878193","0,00000001112418073173","0,00000189924498792490","0,00000028359169055582","0,00000174990367943018","0,00000001163395626596","0,00000001192862908606","0,00000001136079161396","0,00000072268380964734"
"0,16736765190677138600","0,00000058480786751625","0,00000059532740792630","0,00000076729117467711","0,00000119924103824936","0,00000007338787054245","0,00000063425900070031","0,00000387673529586842","0,00000052692728123060","0,00000065210070059355","0,00000075096693016920","0,00000222978051678040","0,00000197303554161588","0,00000001113233017757","0,00000190888062139595","0,00000028491683420835","0,00000175981152742089","0,00000001165908255290","0,00000001194121759014","0,00000001133991653135","0,00000072756602968686"
"0,16937157454408602300","0,00000058755037752880","0,00000059909194761768","0,00000077257749441013","0,00000120796873404286","0,00000007385974484431","0,00000063843594058863","0,00000389091444321524","0,00000053035590727501","0,00000065447764425092","0,00000075391591761051","0,00000223817847804585","0,00000197601499416039","0,00000001114317220115","0,00000191854348804052","0,00000028625245493317","0,00000176971138361209","0,00000001168146129668","0,00000001195258632163","0,00000001132497555142","0,00000073247102558672"
"0,17137549718140063200","0,00000059033317717548","0,00000060285917097375","0,00000077785565822903","0,00000121669354102390","0,00000007433897085968","0,00000064261283450087","0,00000390508836356050","0,00000053379963622820","0,00000065684130415465","0,00000075686923991303","0,00000224653773077788","0,00000197902204641548","0,00000001115670680248","0,00000192823358785860","0,00000028759855273028","0,00000177960324800378","0,00000001170109249728","0,00000001196273528053","0,00000001131596867416","0,00000073739879734692"
"0,17337941981871526900","0,00000059315626645630","0,00000060662907799450","0,00000078312566613380","0,00000122541545919250","0,00000007482554858856","0,00000064678968243703","0,00000391925705690418","0,00000053725846809018","0,00000065919168030473","0,00000075982689707678","0,00000225485827497649","0,00000198205669838113","0,00000001117293398154","0,00000193795092085019","0,00000028895512759968","0,00000178948712059596","0,00000001171797615472","0,00000001197166446684","0,00000001131289589957","0,00000074234934496747"
"0,17538334245602990600","0,00000059601964537124","0,00000061040166867994","0,00000078838751812445","0,00000123413448854864","0,00000007531947803094","0,00000065096648439710","0,00000393342052324629","0,00000054073240286093","0,00000066152877270117","0,00000076278888910175","0,00000226314011064169","0,00000198511895005734","0,00000001119185373834","0,00000194769548701529","0,00000029032217954137","0,00000179936300138863","0,00000001173211226898","0,00000001197937388055","0,00000001131575722767","0,00000074732266844835"
"0,17738726509334454300","0,00000059892331392032","0,00000061417694303006","0,00000079364121420097","0,00000124285062909233","0,00000007582075918684","0,00000065514324038109","0,00000394757876258684","0,00000054422144054047","0,00000066385258134397","0,00000076575521598795","0,00000227138323777346","0,00000198820880144413","0,00000001121346607289","0,00000195746728635390","0,00000029169970855535","0,00000180923089038179","0,00000001174350084008","0,00000001198586352167","0,00000001132455265844","0,00000075231876778958"
"0,17939118773065915200","0,00000060186727210353","0,00000061795490104486","0,00000079888675436336","0,00000125156388082357","0,00000007632939205624","0,00000065931995038899","0,00000396173177492582","0,00000054772558112880","0,00000066616310623312","0,00000076872587773536","0,00000227958765637183","0,00000199132625254148","0,00000001123777098517","0,00000196726631886602","0,00000029308771464162","0,00000181909078757545","0,00000001175214186801","0,00000001199113339020","0,00000001133928219188","0,00000075733764299116"
"0,18139511036797378900","0,00000060485151992087","0,00000062173554272435","0,00000080412413861162","0,00000126027424374236","0,00000007684537663915","0,00000066349661442081","0,00000397587956026322","0,00000055124482462591","0,00000066846034736864","0,00000077170087434400","0,00000228775336643677","0,00000199447130334940","0,00000001126476847519","0,00000197709258455165","0,00000029448619780018","0,00000182894269296960","0,00000001175803535277","0,00000001199518348613","0,00000001135994582801","0,00000076237929405307"
"0,18339903300528842500","0,00000060787605737234","0,00000062551886806852","0,00000080935336694576","0,00000126898171784870","0,00000007736871293557","0,00000066767323247655","0,00000399002211859906","0,00000055477917103180","0,00000067074430475051","0,00000077468020581387","0,00000229588036796830","0,00000199764395386788","0,00000001129445854296","0,00000198694608341079","0,00000029589515803102","0,00000183878660656424","0,00000001176118129436","0,00000001199801380948","0,00000001138654356681","0,00000076744372097533"
"0,18540295564260306200","0,00000061094088445795","0,00000062930487707738","0,00000081457443936577","0,00000127768630314259","0,00000007789940094550","0,00000067184980455620","0,00000400415944993333","0,00000055832862034647","0,00000067301497837873","0,00000077766387214495","0,00000230396866096641","0,00000200084420409694","0,00000001132684118846","0,00000199682681544344","0,00000029731459533416","0,00000184862252835937","0,00000001176157969278","0,00000001199962436023","0,00000001141907540828","0,00000077253092375793"
"0,18740687827991767100","0,00000061404600117768","0,00000063309356975093","0,00000081978735587165","0,00000128638799962403","0,00000007843744066893","0,00000067602633065976","0,00000401829155426603","0,00000056189317256993","0,00000067527236825332","0,00000078065187333726","0,00000231201824543110","0,00000200407205403656","0,00000001136191641171","0,00000200673478064960","0,00000029874450970958","0,00000185845045835499","0,00000001175923054803","0,00000001200001513839","0,00000001145754135243","0,00000077764090240088"
"0,18941080091723230800","0,00000061719140753155","0,00000063688494608916","0,00000082499211646341","0,00000129508680729301","0,00000007898283210588","0,00000068020281078724","0,00000403241843159716","0,00000056547282770217","0,00000067751647437426","0,00000078364420939079","0,00000232002912136238","0,00000200732750368674","0,00000001139968421269","0,00000201666997902927","0,00000030018490115730","0,00000186827039655110","0,00000001175413386012","0,00000001199918614395","0,00000001150194139926","0,00000078277365690416"
"0,19141472355454694500","0,00000062037710351955","0,00000064067900609207","0,00000083018872114104","0,00000130378272614955","0,00000007953557525633","0,00000068437924493864","0,00000404654008192673","0,00000056906758574319","0,00000067974729674156","0,00000078664088030554","0,00000232800128876024","0,00000201061055304750","0,00000001144014459142","0,00000202663241058246","0,00000030163576967730","0,00000187808234294771","0,00000001174628962903","0,00000001199713737693","0,00000001155227554877","0,00000078792918726779"
"0,19341864619186155400","0,00000062360308914168","0,00000064447574975967","0,00000083537716990454","0,00000131247575619363","0,00000008009567012029","0,00000068855563311395","0,00000406065650525472","0,00000057267744669300","0,00000068196483535521","0,00000078964188608151","0,00000233593474762468","0,00000201392120211882","0,00000001148329754788","0,00000203662207530915","0,00000030309711526960","0,00000188788629754480","0,00000001173569785478","0,00000001199386883731","0,00000001160854380095","0,00000079310749349176"
"0,19542256882917619100","0,00000062686936439795","0,00000064827517709195","0,00000084055746275391","0,00000132116589742527","0,00000008066311669776","0,00000069273197531318","0,00000407476770158114","0,00000057630241055159","0,00000068416909021522","0,00000079264722671871","0,00000234382949795571","0,00000201725945090070","0,00000001152914308209","0,00000204663897320935","0,00000030456893793418","0,00000189768226034239","0,00000001172235853735","0,00000001198938052510","0,00000001167074615580","0,00000079830857557608"
"0,19742649146649082800","0,00000063017592928834","0,00000065207728808892","0,00000084572959968916","0,00000132985314984445","0,00000008123791498874","0,00000069690827153632","0,00000408887367090600","0,00000057994247731896","0,00000068636006132159","0,00000079565690221713","0,00000235168553975332","0,00000202062529939316","0,00000001157768119403","0,00000205668310428307","0,00000030605123767105","0,00000190747023134047","0,00000001170627167676","0,00000001198367244030","0,00000001173888261334","0,00000080353243352073"
"0,19943041410380546400","0,00000063352278381287","0,00000065588208275057","0,00000085089358071028","0,00000133853751345118","0,00000008182006499323","0,00000070108452178338","0,00000410297441322929","0,00000058359764699512","0,00000068853774867432","0,00000079867091257677","0,00000235950287301751","0,00000202401874759618","0,00000001162891188372","0,00000206675446853029","0,00000030754401448021","0,00000191725021053904","0,00000001168743727300","0,00000001197674458290","0,00000001181295317355","0,00000080877906732573"
"0,20143433674112007400","0,00000063688202735133","0,00000065969688743794","0,00000085605584113213","0,00000134720513315440","0,00000008238436989786","0,00000070525099647650","0,00000411707155619223","0,00000058726300697020","0,00000069072193331907","0,00000080169420674447","0,00000236729890513813","0,00000202742444892987","0,00000001167948801565","0,00000207683150799370","0,00000030904122942696","0,00000192702351398713","0,00000001166872291894","0,00000001196965420930","0,00000001188760448387","0,00000081402089229481"
"0,20343825937843471000","0,00000064022575928352","0,00000066352902851205","0,00000086122281626954","0,00000135584215386306","0,00000008290563288930","0,00000070939796603782","0,00000413116672743605","0,00000059093364463434","0,00000069293239630149","0,00000080473173366708","0,00000237509104350504","0,00000203082705681432","0,00000001172606245434","0,00000208689266471596","0,00000031053684357661","0,00000193679145773378","0,00000001165299620746","0,00000001196345857588","0,00000001195748319176","0,00000081923032373169"
"0,20544218201574934700","0,00000064355397960944","0,00000066737850597292","0,00000086639450612253","0,00000136444857557715","0,00000008338385396752","0,00000071352543046735","0,00000414525992696076","0,00000059460955998753","0,00000069516913762160","0,00000080778349334458","0,00000238287928811823","0,00000203422657124954","0,00000001176863519979","0,00000209693793869708","0,00000031203085692914","0,00000194655404177897","0,00000001164025713857","0,00000001195815768265","0,00000001202258929721","0,00000082440736163638"
"0,20744610465306398400","0,00000064686668832909","0,00000067124531982053","0,00000087157091069110","0,00000137302439829667","0,00000008381903313255","0,00000071763338976508","0,00000415935115476635","0,00000059829075302979","0,00000069743215727939","0,00000081084948577699","0,00000239066363897771","0,00000203762299223552","0,00000001180720625199","0,00000210696732993705","0,00000031352326948456","0,00000195631126612271","0,00000001163050571225","0,00000001195375152959","0,00000001208292280021","0,00000082955200600889"
"0,20945002729037859300","0,00000065016388544248","0,00000067512947005489","0,00000087675202997523","0,00000138156962202162","0,00000008421117038436","0,00000072172184393101","0,00000417344041085281","0,00000060197722376110","0,00000069972145527487","0,00000081392971096430","0,00000239844409608346","0,00000204101631977227","0,00000001184177561095","0,00000211698083843589","0,00000031501408124288","0,00000196606313076501","0,00000001162374192851","0,00000001195024011671","0,00000001213848370077","0,00000083466425684920"
"0,21145394992769323000","0,00000065344557094960","0,00000067903095667600","0,00000088193786397494","0,00000139008424675201","0,00000008456026572298","0,00000072579079296515","0,00000418752769522016","0,00000060566897218147","0,00000070203703160802","0,00000081702416890651","0,00000240622065943551","0,00000204440655385978","0,00000001187234327667","0,00000212697846419357","0,00000031650329220408","0,00000197580963570585","0,00000001161996578735","0,00000001194762344402","0,00000001218927199889","0,00000083974411415732"
"0,21345787256500786700","0,00000065671174485044","0,00000068294977968385","0,00000088712841269022","0,00000139856827248783","0,00000008486631914838","0,00000072984023686749","0,00000420161300786840","0,00000060936599829091","0,00000070437888627886","0,00000082013285960363","0,00000241399332903383","0,00000204779369449806","0,00000001189890924914","0,00000213696020721012","0,00000031799090236817","0,00000198555078094524","0,00000001161917728878","0,00000001194590151151","0,00000001223528769457","0,00000084479157793325"
"0,21546179520232250400","0,00000065996240714502","0,00000068688593907846","0,00000089232367612107","0,00000140702169922909","0,00000008512933066059","0,00000073387017563804","0,00000421569634879751","0,00000061306830208940","0,00000070674701928737","0,00000082325578305564","0,00000242176210487844","0,00000205117774168710","0,00000001192147352837","0,00000214692606748552","0,00000031947691173516","0,00000199528656648319","0,00000001162137643278","0,00000001194507431918","0,00000001227653078781","0,00000084980664817699"
"0,21746571783963711300","0,00000066319755783333","0,00000069083943485981","0,00000089752365426750","0,00000141544452697578","0,00000008534930025958","0,00000073788060927679","0,00000422977771800750","0,00000061677588357695","0,00000070914143063357","0,00000082639293926256","0,00000242952698696933","0,00000205455869542690","0,00000001194003611435","0,00000215687604501977","0,00000032096132030503","0,00000200501699231968","0,00000001162656321936","0,00000001194514186703","0,00000001231300127861","0,00000085478932488854"
"0,21946964047695174900","0,00000066641719691538","0,00000069481026702791","0,00000090272834712950","0,00000142383675572790","0,00000008552622794538","0,00000074187153778375","0,00000424385711549838","0,00000062048874275355","0,00000071156212031745","0,00000082954432822437","0,00000243728797530650","0,00000205793655571748","0,00000001195459700709","0,00000216681013981288","0,00000032244412807780","0,00000201474205845473","0,00000001163473764852","0,00000001194610415506","0,00000001234469916697","0,00000085973960806790"
"0,22147356311426638600","0,00000066962132439115","0,00000069879843558275","0,00000090793775470707","0,00000143219838548546","0,00000008566011371796","0,00000074584296115891","0,00000425793454127014","0,00000062420687961922","0,00000071400908833901","0,00000083270994994109","0,00000244504506988996","0,00000206131132255881","0,00000001196515620658","0,00000217672835186485","0,00000032392533505345","0,00000202446176488832","0,00000001164589972027","0,00000001194796118327","0,00000001237162445288","0,00000086465749771506"
"0,22347748575158102300","0,00000067280994026066","0,00000070280394052435","0,00000091315187700022","0,00000144052941624844","0,00000008575095757735","0,00000074979487940228","0,00000427200999532278","0,00000062793029417395","0,00000071648233469825","0,00000083588980441271","0,00000245279827071970","0,00000206468299595092","0,00000001197171371284","0,00000218663068117568","0,00000032540494123200","0,00000203417611162047","0,00000001166004943459","0,00000001195071295166","0,00000001239377713636","0,00000086954299383004"
"0,22548140838889563200","0,00000067598304452389","0,00000070682678185269","0,00000091837071400893","0,00000144882984801686","0,00000008579875952352","0,00000075372729251385","0,00000428608347765630","0,00000063165898641773","0,00000071898185939518","0,00000083908389163924","0,00000246054757779573","0,00000206805157589378","0,00000001197426952584","0,00000219651712774536","0,00000032688294661344","0,00000204388509865117","0,00000001167718679149","0,00000001195435946024","0,00000001241115721739","0,00000087439609641283"
"0,22748533102621026900","0,00000067914063718086","0,00000071086695956778","0,00000092359426573322","0,00000145709968079072","0,00000008580351955650","0,00000075764020049362","0,00000430015498827070","0,00000063539295635058","0,00000072150766242978","0,00000084229221162066","0,00000246829299111804","0,00000207141706238741","0,00000001197282364561","0,00000220638769157389","0,00000032835935119776","0,00000205358872598041","0,00000001169731179097","0,00000001195890070899","0,00000001242376469598","0,00000087921680546342"
"0,22948925366352490600","0,00000068228271823156","0,00000071492447366962","0,00000092882253217309","0,00000146533891457001","0,00000008576523767626","0,00000076153360334160","0,00000431422452716598","0,00000063913220397248","0,00000072405974380207","0,00000084551476435699","0,00000247603451068663","0,00000207477945543181","0,00000001196737607213","0,00000221624237266128","0,00000032983415498498","0,00000206328699360821","0,00000001172042443303","0,00000001196433669793","0,00000001243159957213","0,00000088400512098182"
"0,23149317630083951500","0,00000068540928767599","0,00000071899932415821","0,00000093405551332852","0,00000147354754935473","0,00000008568391388283","0,00000076540750105778","0,00000432829209434214","0,00000064287672928344","0,00000072663810351204","0,00000084875154984821","0,00000248377213650150","0,00000207813875502697","0,00000001195792680541","0,00000222608117100753","0,00000033130735797509","0,00000207297990153456","0,00000001174652471767","0,00000001197066742705","0,00000001243466184584","0,00000088876104296804"
"0,23349709893815415200","0,00000068852034551416","0,00000072309151103354","0,00000093929320919953","0,00000148172558514488","0,00000008555954817618","0,00000076926189364216","0,00000434235768979919","0,00000064662653228346","0,00000072924274155969","0,00000085200256809434","0,00000249150586856266","0,00000208149496117290","0,00000001194447584544","0,00000223590408661264","0,00000033277896016808","0,00000208266744975945","0,00000001177561264490","0,00000001197789289635","0,00000001243295151711","0,00000089348457142206"
"0,23550102157546878900","0,00000069161589174605","0,00000072720103429562","0,00000094453561978611","0,00000148987302194047","0,00000008539214055634","0,00000077309678109476","0,00000435642131353712","0,00000065038161297254","0,00000073187365794502","0,00000085526781909537","0,00000249923570687010","0,00000208484807386959","0,00000001192702319223","0,00000224571111947660","0,00000033424896156397","0,00000209234963828290","0,00000001180768821470","0,00000001198601310583","0,00000001242646858594","0,00000089817570634389"
"0,23750494421278342500","0,00000069469592637168","0,00000073132789394445","0,00000094978274508827","0,00000149798985974149","0,00000008518169102328","0,00000077691216341555","0,00000437048296555593","0,00000065414197135068","0,00000073453085266803","0,00000085854730285130","0,00000250696165142382","0,00000208819809311705","0,00000001190556884577","0,00000225550226959941","0,00000033571736216275","0,00000210202646710490","0,00000001184275142708","0,00000001199502805549","0,00000001241521305232","0,00000090283444773353"
"0,23950886685009803400","0,00000069776044939103","0,00000073547208998003","0,00000095503458510600","0,00000150607609854795","0,00000008492819957703","0,00000078070804060455","0,00000438454264585562","0,00000065790760741788","0,00000073721432572872","0,00000086184101936214","0,00000251468370222383","0,00000209154501891527","0,00000001188011280607","0,00000226527753698109","0,00000033718416196442","0,00000211169793622545","0,00000001188080228204","0,00000001200493774533","0,00000001239918491627","0,00000090746079559098"
"0,24151278948741267100","0,00000070080946080412","0,00000073963362240235","0,00000096029113983930","0,00000151413173835984","0,00000008463166621756","0,00000078448441266175","0,00000439860035443619","0,00000066167852117414","0,00000073992407712710","0,00000086514896862787","0,00000252240185927012","0,00000209488885126426","0,00000001185065507313","0,00000227503692162162","0,00000033864936096898","0,00000212136404564455","0,00000001192184077958","0,00000001201574217536","0,00000001237838417777","0,00000091205474991624"
"0,24351671212472730800","0,00000070384296061094","0,00000074381249121143","0,00000096555240928817","0,00000152215677917716","0,00000008429209094490","0,00000078824127958716","0,00000441265609129764","0,00000066545471261945","0,00000074266010686316","0,00000086847115064851","0,00000253011612256270","0,00000209822959016401","0,00000001181719564695","0,00000228478042352100","0,00000034011295917643","0,00000213102479536219","0,00000001196586691970","0,00000001202744134556","0,00000001235281083683","0,00000091661631070931"
"0,24552063476204194500","0,00000070686094881150","0,00000074800869640725","0,00000097081839345261","0,00000153015122099991","0,00000008390947375902","0,00000079197864138077","0,00000442670985643998","0,00000066923618175383","0,00000074542241493689","0,00000087180756542405","0,00000253782649210155","0,00000210156723561453","0,00000001177973452752","0,00000229450804267924","0,00000034157495658677","0,00000214068018537839","0,00000001201288070240","0,00000001204003525595","0,00000001232246489345","0,00000092114547797019"
"0,24752455739935655400","0,00000070986342540578","0,00000075222223798982","0,00000097608909233263","0,00000153811506382810","0,00000008348381465994","0,00000079569649804259","0,00000444076164986319","0,00000067302292857726","0,00000074821100134831","0,00000087515821295449","0,00000254553296788670","0,00000210490178761581","0,00000001173827171484","0,00000230421977909634","0,00000034303535320000","0,00000215033021569314","0,00000001206288212768","0,00000001205352390652","0,00000001228734634763","0,00000092564225169888"
"0,24952848003667119100","0,00000071285039039379","0,00000075645311595913","0,00000098136450592822","0,00000154604830766172","0,00000008301511364766","0,00000079939484957261","0,00000445481147156729","0,00000067681495308975","0,00000075102586609741","0,00000087852309323983","0,00000255323554991812","0,00000210823324616786","0,00000001169280720892","0,00000231391563277229","0,00000034449414901612","0,00000215997488630644","0,00000001211587119554","0,00000001206790729727","0,00000001224745519937","0,00000093010663189537"
"0,25153240267398580000","0,00000071583467583850","0,00000076068287715473","0,00000098664056000421","0,00000155395636190994","0,00000008253546691304","0,00000080308398652250","0,00000446885258658921","0,00000068060744348530","0,00000075384298089154","0,00000088189596176450","0,00000256094716770914","0,00000211156683228243","0,00000001164721474911","0,00000232361602326927","0,00000034595250650240","0,00000216961071521126","0,00000001216814213986","0,00000001208162327371","0,00000001220650948703","0,00000093455584788304"
"0,25353632531130043700","0,00000071882911380284","0,00000076489306841613","0,00000099191318032539","0,00000156184463598190","0,00000008207697064696","0,00000080677419944394","0,00000448287825996589","0,00000068439558795792","0,00000075663831743805","0,00000088527057401292","0,00000256868075077308","0,00000211490776697128","0,00000001160536807474","0,00000233334137014945","0,00000034741158812612","0,00000217923422040055","0,00000001221598919451","0,00000001209310968136","0,00000001216822724898","0,00000093900712898525"
"0,25554024794861507300","0,00000072183370428683","0,00000076908368974334","0,00000099718236689179","0,00000156971312987762","0,00000008163962484942","0,00000081046548833691","0,00000449688849169734","0,00000068817938650760","0,00000075941187573693","0,00000088864692998511","0,00000257643629910994","0,00000211825605023441","0,00000001156726718583","0,00000234309167341283","0,00000034887139388727","0,00000218884540187431","0,00000001225941235949","0,00000001210236652022","0,00000001213260848521","0,00000094346047520199"
"0,25754417058592971000","0,00000072484844729046","0,00000077325474113636","0,00000100244811970339","0,00000157756184359710","0,00000008122342952041","0,00000081415785320143","0,00000451088328178355","0,00000069195883913434","0,00000076216365578818","0,00000089202502968105","0,00000258421381271972","0,00000212161168207183","0,00000001153291208236","0,00000235286693305941","0,00000035033192378586","0,00000219844425963255","0,00000001229841163481","0,00000001210939379028","0,00000001209965319573","0,00000094791588653328"
"0,25954809322324434700","0,00000072787334281373","0,00000077740622259519","0,00000100771043876020","0,00000158539077714032","0,00000008082838465994","0,00000081785129403749","0,00000452486263022453","0,00000069573394583814","0,00000076489365759181","0,00000089540487310075","0,00000259201329160241","0,00000212497466248352","0,00000001150230276434","0,00000236266714908918","0,00000035179317782188","0,00000220803079367527","0,00000001233298702046","0,00000001211419149155","0,00000001206936138054","0,00000095237336297910"
"0,26155201586055898400","0,00000073090839085665","0,00000078153813411982","0,00000101296932406221","0,00000159319993050730","0,00000008045449026801","0,00000082154581084509","0,00000453882653702027","0,00000069950470661901","0,00000076760188114782","0,00000089878646024420","0,00000259983473575801","0,00000212834499146950","0,00000001147543923177","0,00000237249232150216","0,00000035325515599534","0,00000221760500400247","0,00000001236313851645","0,00000001211675962403","0,00000001204173303963","0,00000095683290453945"
"0,26355593849787362100","0,00000073395359141921","0,00000078565047571026","0,00000101822477560943","0,00000160098930369803","0,00000008010174634461","0,00000082524140362423","0,00000455277500217077","0,00000070327112147694","0,00000077028832645620","0,00000090216979111141","0,00000260767814518654","0,00000213172266902976","0,00000001145232148465","0,00000238234245029833","0,00000035471785830622","0,00000222716689061414","0,00000001238886612276","0,00000001211709818771","0,00000001201676817301","0,00000096129451121435"
"0,26555986113518820200","0,00000073700894450141","0,00000078974324736652","0,00000102347679340186","0,00000160875889671252","0,00000007977015288975","0,00000082893807237491","0,00000456670802567604","0,00000070703319041193","0,00000077295299351696","0,00000090555486570238","0,00000261554351988798","0,00000213510769516430","0,00000001143294952298","0,00000239221753547770","0,00000035618128475455","0,00000223671645351028","0,00000001241016983941","0,00000001211520718260","0,00000001199446678068","0,00000096575818300378"
"0,26756378377250283900","0,00000074007445010325","0,00000079381644908858","0,00000102872537743950","0,00000161650870955076","0,00000007945970990342","0,00000083263581709713","0,00000458062560753607","0,00000071079091342399","0,00000077559588233009","0,00000090894168401710","0,00000262343085986233","0,00000213850006987312","0,00000001141732334675","0,00000240211757704027","0,00000035764543534031","0,00000224625369269091","0,00000001242704966640","0,00000001211108660870","0,00000001197482886263","0,00000097022391990775"
"0,26956770640981747600","0,00000074315010822474","0,00000079787008087644","0,00000103397052772234","0,00000162423874221275","0,00000007917041738563","0,00000083633463779090","0,00000459452774775086","0,00000071454429051311","0,00000077821699289559","0,00000091233024605558","0,00000263134016510961","0,00000214189979315623","0,00000001140544295598","0,00000241204257498604","0,00000035911031006350","0,00000225577860815601","0,00000001243950560372","0,00000001210473646601","0,00000001195785441887","0,00000097469172192626"
"0,27157162904713211300","0,00000074623591886587","0,00000080190414273012","0,00000103921224425039","0,00000163194899469849","0,00000007890227533638","0,00000084003453445620","0,00000460841444632042","0,00000071829332167929","0,00000078081632521348","0,00000091572055181782","0,00000263927143562980","0,00000214530686501361","0,00000001139730835066","0,00000242199252931500","0,00000036057590892412","0,00000226529119990558","0,00000001244753765137","0,00000001209615675452","0,00000001194354344939","0,00000097916158905930"
"0,27357555168444674900","0,00000074933188202664","0,00000080591863464960","0,00000104445052702364","0,00000163963946700799","0,00000007865528375566","0,00000084373550709305","0,00000462228570324475","0,00000072203800692253","0,00000078339387928373","0,00000091911260130382","0,00000264722467142290","0,00000214872128544528","0,00000001139291953078","0,00000243196744002717","0,00000036204223192219","0,00000227479146793963","0,00000001245114580935","0,00000001208534747424","0,00000001193189595420","0,00000098363352130689"
"0,27557947432176138600","0,00000075243799770705","0,00000080991355663490","0,00000104968537604210","0,00000164731015914124","0,00000007842944264348","0,00000084743755570144","0,00000463614151852383","0,00000072577834624284","0,00000078594965510636","0,00000092250639451357","0,00000265519987248893","0,00000215214305445123","0,00000001139227649635","0,00000244196730712254","0,00000036350927905768","0,00000228427941225816","0,00000001245033007767","0,00000001207230862516","0,00000001192291193330","0,00000098810751866901"
"0,27758339695907602300","0,00000075555426590711","0,00000081388890868600","0,00000105491679130577","0,00000165496107109825","0,00000007822475199984","0,00000085114068028137","0,00000464998189215768","0,00000072951433964021","0,00000078848365268137","0,00000092590193144708","0,00000266319703882787","0,00000215557217203146","0,00000001139537924738","0,00000245199213060110","0,00000036497705033061","0,00000229375503286117","0,00000001244509045632","0,00000001205704020729","0,00000001191659138668","0,00000099258358114567"
"0,27958731959639066000","0,00000075868068662681","0,00000081784469080291","0,00000106014477281465","0,00000166259220287900","0,00000007804121182473","0,00000085484488083284","0,00000466380682414630","0,00000073324598711464","0,00000079099587200875","0,00000092929921210434","0,00000267121617043972","0,00000215900863818597","0,00000001140222778385","0,00000246204191046286","0,00000036644554574097","0,00000230321832974865","0,00000001243542694530","0,00000001203954222063","0,00000001191293431435","0,00000099706170873686"
"0,28159124223370524100","0,00000076181725986615","0,00000082178090298562","0,00000106536932056873","0,00000167020355448351","0,00000007787882211816","0,00000085855015735585","0,00000467761631448968","0,00000073697328866614","0,00000079348631308851","0,00000093269823648536","0,00000267925726732450","0,00000216245245291477","0,00000001141282210577","0,00000247211664670782","0,00000036791476528877","0,00000231266930292061","0,00000001242133954462","0,00000001201981466518","0,00000001191194071631","0,00000100154190144260"
"0,28359516487101987800","0,00000076496398562514","0,00000082569754523415","0,00000107059043456802","0,00000167779512591178","0,00000007773758288013","0,00000086225650985041","0,00000469141036318782","0,00000074069624429470","0,00000079595497592064","0,00000093609900459014","0,00000268732032948219","0,00000216590361621784","0,00000001142716221314","0,00000248221633933598","0,00000036938470897400","0,00000232210795237704","0,00000001240282825427","0,00000001199785754093","0,00000001191361059255","0,00000100602415926287"
"0,28559908750833451500","0,00000076812086390377","0,00000082959461754848","0,00000107580811481251","0,00000168536691716379","0,00000007761749411063","0,00000086596393831650","0,00000470518897024072","0,00000074441485400032","0,00000079840186050515","0,00000093950151641868","0,00000269540535691279","0,00000216936212809520","0,00000001144524810596","0,00000249234098834734","0,00000037085537679667","0,00000233153427811795","0,00000001237989307426","0,00000001197367084789","0,00000001191794394308","0,00000101050848219768"
"0,28760301014564915200","0,00000077128789470204","0,00000083347211992862","0,00000108102236130221","0,00000169291892823956","0,00000007751855580967","0,00000086967244275414","0,00000471895213564840","0,00000074812911778300","0,00000080082696684204","0,00000094290577197097","0,00000270351234961631","0,00000217282798854684","0,00000001146707978422","0,00000250249059374190","0,00000037232676875677","0,00000234094828014334","0,00000001235253400457","0,00000001194725458605","0,00000001192494076789","0,00000101499487024702"
"0,28960693278296378800","0,00000077446507801995","0,00000083733005237457","0,00000108623317403712","0,00000170045115913908","0,00000007744076797725","0,00000087338202316332","0,00000473269985941083","0,00000075183903564275","0,00000080323029493129","0,00000094631177124702","0,00000271164130759275","0,00000217630119757276","0,00000001149265724794","0,00000251266515551965","0,00000037379888485431","0,00000235034995845320","0,00000001232075104522","0,00000001191860875542","0,00000001193460106700","0,00000101948332341091"
"0,29161085542027842500","0,00000077765241385751","0,00000084116841488633","0,00000109144055301724","0,00000170796360986236","0,00000007738413061336","0,00000087709267954403","0,00000474643214152803","0,00000075554460757956","0,00000080561184477293","0,00000094971951424682","0,00000271979223084211","0,00000217978175517296","0,00000001152198049711","0,00000252286467368061","0,00000037527172508928","0,00000235973931304754","0,00000001228454419621","0,00000001188773335600","0,00000001194692484038","0,00000102397384168933"
"0,29361477805759306200","0,00000078084990221471","0,00000084498720746390","0,00000109664449824256","0,00000171545628040938","0,00000007734864371801","0,00000088080441189629","0,00000476014898199999","0,00000075924583359343","0,00000080797161636694","0,00000095312900097038","0,00000272796511936438","0,00000218326966134745","0,00000001155504953172","0,00000253308914822476","0,00000037674528946168","0,00000236911634392635","0,00000001224391345753","0,00000001185462838779","0,00000001196191208806","0,00000102846642508229"
"0,29561870069490764300","0,00000078405754309155","0,00000084878643010727","0,00000110184500971309","0,00000172292917078017","0,00000007733430729119","0,00000088451722022010","0,00000477385038082672","0,00000076294271368437","0,00000081030960971332","0,00000095654023141770","0,00000273615997315957","0,00000218676491609621","0,00000001159186435178","0,00000254333857915211","0,00000037821957797152","0,00000237848105108964","0,00000001219885882918","0,00000001181929385078","0,00000001197956281002","0,00000103296107358978"
"0,29762262333222228000","0,00000078727533648803","0,00000085256608281645","0,00000110704208742883","0,00000173038228097470","0,00000007734112133292","0,00000088823110451544","0,00000478753633800820","0,00000076663524785237","0,00000081262582481208","0,00000095995320558878","0,00000274437679222768","0,00000219026751941926","0,00000001163242495730","0,00000255361296646266","0,00000037969459061879","0,00000238783343453741","0,00000001214938031116","0,00000001178172974498","0,00000001199987700626","0,00000103745778721182"
"0,29962654596953691700","0,00000079050328240416","0,00000085632616559144","0,00000111223573138977","0,00000173781561099299","0,00000007736908584317","0,00000089194606478232","0,00000480120685354446","0,00000077032343609743","0,00000081492026166321","0,00000096336792348361","0,00000275261557656870","0,00000219377747131659","0,00000001167673134826","0,00000256391231015641","0,00000038117032740350","0,00000239717349426965","0,00000001209547790348","0,00000001174193607039","0,00000001202285467680","0,00000104195656594839"
"0,30163046860685155400","0,00000079372834313308","0,00000086007543687405","0,00000111742529188736","0,00000174523354276821","0,00000007740297794782","0,00000089565418803102","0,00000481486566385706","0,00000077401061044174","0,00000081721512955929","0,00000096678601843959","0,00000276087931493546","0,00000219729087560072","0,00000001172140491407","0,00000257421079771068","0,00000038264510416580","0,00000240649702555415","0,00000001204184417291","0,00000001170275209909","0,00000001204605129911","0,00000104645443820953"
"0,30363439124416619100","0,00000079693748096793","0,00000086382265510607","0,00000112261011921303","0,00000175264045823355","0,00000007742757477271","0,00000089934756127180","0,00000482851650536759","0,00000077770010290748","0,00000081953263779287","0,00000097020912379411","0,00000276917099608078","0,00000220080383608419","0,00000001176306704411","0,00000258448261660278","0,00000038411723674587","0,00000241579982365869","0,00000001199317168625","0,00000001166701710319","0,00000001206702235069","0,00000105094843240526"
"0,30563831388148082800","0,00000080013069590872","0,00000086756782028750","0,00000112779021336680","0,00000176003635738902","0,00000007744287631785","0,00000090302618450466","0,00000484215937807606","0,00000078139191349466","0,00000082187278636395","0,00000097363723954716","0,00000277749062000465","0,00000220431635276699","0,00000001180171773840","0,00000259472776683272","0,00000038558672514369","0,00000242508188858326","0,00000001194946044348","0,00000001163473108268","0,00000001208576783154","0,00000105543854853559"
"0,30764223651879546400","0,00000080330798795545","0,00000087131093241835","0,00000113296557434865","0,00000176742124023460","0,00000007744888258323","0,00000090669005772960","0,00000485579428198246","0,00000078508604220327","0,00000082423557527254","0,00000097707036569875","0,00000278583818670709","0,00000220782842564912","0,00000001183735699693","0,00000260494624840050","0,00000038705356935927","0,00000243434322032787","0,00000001191071044462","0,00000001160589403757","0,00000001210228774166","0,00000105992478660052"
"0,30964615915611010100","0,00000080646935710811","0,00000087505199149862","0,00000113813620215858","0,00000177479510677030","0,00000007744559356885","0,00000091033918094663","0,00000486942121708679","0,00000078878248903331","0,00000082662100451863","0,00000098050850224887","0,00000279421369618808","0,00000221134005473058","0,00000001186998481969","0,00000261513806130612","0,00000038851776939262","0,00000244358381889252","0,00000001187692168965","0,00000001158050596784","0,00000001211658208104","0,00000106440714660004"
"0,31165008179342468200","0,00000080961480336672","0,00000087879099752831","0,00000114330209679660","0,00000178215795699613","0,00000007743300927472","0,00000091397355415574","0,00000488304018338905","0,00000079248125398479","0,00000082902907410223","0,00000098395164919753","0,00000280261714844763","0,00000221485124001137","0,00000001189960120670","0,00000262530320554957","0,00000038997932524372","0,00000245280368427720","0,00000001184809417859","0,00000001155856687351","0,00000001212865084970","0,00000106888562853416"
"0,31365400443073931900","0,00000081274432673126","0,00000088252795050741","0,00000114846325826271","0,00000178950979091207","0,00000007741112970083","0,00000091759317735693","0,00000489665118088924","0,00000079618233705771","0,00000083145978402334","0,00000098739980654473","0,00000281104854348574","0,00000221836198149150","0,00000001192620615795","0,00000263544168113087","0,00000039143823691258","0,00000246200281648192","0,00000001182422791142","0,00000001154007675457","0,00000001213849404763","0,00000107336023240288"
"0,31565792706805395600","0,00000081585792720173","0,00000088626285043593","0,00000115361968655691","0,00000179685060851813","0,00000007737995484719","0,00000092119805055021","0,00000491025420958737","0,00000079988573825205","0,00000083391313428195","0,00000099085297429046","0,00000281950788130241","0,00000222187227917095","0,00000001194979967343","0,00000264555348804999","0,00000039289450439921","0,00000247118121550668","0,00000001180532288816","0,00000001152503561103","0,00000001214611167482","0,00000107783095820619"
"0,31766184970536859300","0,00000081895560477815","0,00000088999569731386","0,00000115877138167919","0,00000180418040981432","0,00000007733948471379","0,00000092478817373557","0,00000492384926948342","0,00000080359145756784","0,00000083638912487806","0,00000099431115243473","0,00000282799516189764","0,00000222538213304974","0,00000001197038175316","0,00000265563862630696","0,00000039434812770359","0,00000248033888135147","0,00000001179137910879","0,00000001151344344287","0,00000001215150373129","0,00000108229780594410"
"0,31966577234268323000","0,00000082203735946050","0,00000089372649114121","0,00000116391834362956","0,00000181149919480062","0,00000007728971930063","0,00000092836354691301","0,00000493743636057741","0,00000080729949500505","0,00000083888775581168","0,00000099777434097753","0,00000283651038527142","0,00000222889154312786","0,00000001198795239713","0,00000266569709590177","0,00000039579910682573","0,00000248947581401629","0,00000001178239657333","0,00000001150530025011","0,00000001215467021702","0,00000108676077561660"
"0,32166969497999786700","0,00000082510319124878","0,00000089745523191798","0,00000116906057240802","0,00000181880696347704","0,00000007723065860772","0,00000093192417008253","0,00000495101548286934","0,00000081100985056370","0,00000084140902708280","0,00000100124253991888","0,00000284505355142377","0,00000223240050940531","0,00000001200251160534","0,00000267572889683441","0,00000039724744176563","0,00000249859201350116","0,00000001177837528177","0,00000001150060603274","0,00000001215561113202","0,00000109121986722371"
"0,32367361761731250300","0,00000082815310014301","0,00000090118191964416","0,00000117419806801456","0,00000182610371584358","0,00000007716230263505","0,00000093547004324414","0,00000496458663635919","0,00000081472252424378","0,00000084395293869143","0,00000100471574925875","0,00000285362466035467","0,00000223590903188210","0,00000001201405937778","0,00000268573402910489","0,00000039869313252330","0,00000250768747980606","0,00000001177931523410","0,00000001149936079077","0,00000001215432647629","0,00000109567508076540"
"0,32567754025462714000","0,00000083118708614317","0,00000090490655431976","0,00000117933083044919","0,00000183338945190025","0,00000007708465138263","0,00000093900116639783","0,00000497814982104698","0,00000081843751604530","0,00000084651949063756","0,00000100819396899717","0,00000286222371206413","0,00000223941711055821","0,00000001202259571447","0,00000269571249271321","0,00000040013617909872","0,00000251676221293100","0,00000001178521643034","0,00000001150156452418","0,00000001215081624984","0,00000110012641624170"
"0,32768146289194172200","0,00000083420514924927","0,00000090862913594477","0,00000118445885971191","0,00000184066417164703","0,00000007699770485045","0,00000094251753954360","0,00000499170503693269","0,00000082215482596825","0,00000084910868292120","0,00000101167719913412","0,00000287085070655215","0,00000224292474543366","0,00000001202812061540","0,00000270566428765936","0,00000040157658149190","0,00000252581621287597","0,00000001179607887047","0,00000001150721723299","0,00000001214508045265","0,00000110457387365259"
"0,32968538552925635800","0,00000083720728946131","0,00000091234966451921","0,00000118958215580271","0,00000184792787508393","0,00000007690146303851","0,00000094601916268145","0,00000500525228401634","0,00000082587445401264","0,00000085172051554234","0,00000101516543966960","0,00000287950564381873","0,00000224643193650844","0,00000001203063408057","0,00000271558941394335","0,00000040301433970284","0,00000253484947964098","0,00000001181190255451","0,00000001151631891719","0,00000001213711908473","0,00000110901745299807"
"0,33168930816657099500","0,00000084019350677928","0,00000091606814004306","0,00000119470071872160","0,00000185518056221095","0,00000007679592594682","0,00000094950603581139","0,00000501879156229792","0,00000082959640017846","0,00000085435498850099","0,00000101865869060363","0,00000288818852386387","0,00000224993868378255","0,00000001203013610997","0,00000272548787156518","0,00000040444945373155","0,00000254386201322603","0,00000001183268748245","0,00000001152886957679","0,00000001212693214607","0,00000111345715427815"
"0,33369323080388563200","0,00000084316380120319","0,00000091978456251632","0,00000119981454846858","0,00000186242223302809","0,00000007668109357537","0,00000095297815893341","0,00000503232287177744","0,00000083332066446571","0,00000085701210179714","0,00000102215695193619","0,00000289689934668756","0,00000225344498725599","0,00000001202662670362","0,00000273535966052485","0,00000040588192357801","0,00000255285381363111","0,00000001185843365428","0,00000001154486921178","0,00000001211451963669","0,00000111789297749283"
"0,33569715344120026900","0,00000084611817273304","0,00000092349893193900","0,00000120492364504364","0,00000186965288753536","0,00000007655696592417","0,00000095643553204751","0,00000504584621245488","0,00000083704724687440","0,00000085969185543080","0,00000102566022366728","0,00000290563811228981","0,00000225695084692876","0,00000001202010586151","0,00000274520478082235","0,00000040731174924223","0,00000256182488085623","0,00000001188914107002","0,00000001156431782216","0,00000001209988155658","0,00000112232492264211"
"0,33770107607851490600","0,00000084905662136882","0,00000092721124831110","0,00000121002800844679","0,00000187687252573274","0,00000007642354299321","0,00000095987815515370","0,00000505936158433026","0,00000084077614740452","0,00000086239424940196","0,00000102916850579691","0,00000291440482067063","0,00000226045626280086","0,00000001201057358364","0,00000275502323245769","0,00000040873893072421","0,00000257077521490138","0,00000001192480972966","0,00000001158721540793","0,00000001208301790574","0,00000112675298972598"
"0,33970499871582954200","0,00000085197914711055","0,00000093092151163261","0,00000121512763867803","0,00000188408114762024","0,00000007628082478249","0,00000096330602825196","0,00000507286898740357","0,00000084450736605608","0,00000086511928371063","0,00000103268179832508","0,00000292319947183000","0,00000226396123487230","0,00000001199802987001","0,00000276481501543087","0,00000041016346802395","0,00000257970481576658","0,00000001196543963319","0,00000001161356196909","0,00000001206392868416","0,00000113117717874444"
"0,34170892135314412400","0,00000085488574995820","0,00000093462972190354","0,00000122022253573735","0,00000189127875319786","0,00000007612881129202","0,00000096671915134232","0,00000508636842167481","0,00000084824090282907","0,00000086786695835680","0,00000103620010125178","0,00000293202206576792","0,00000226746576314307","0,00000001198247472061","0,00000277458012974189","0,00000041158536114145","0,00000258861368345181","0,00000001201103078063","0,00000001164335750565","0,00000001204261389186","0,00000113559748969751"
"0,34371284399045876100","0,00000085777642991180","0,00000093833587912389","0,00000122531269962476","0,00000189846534246561","0,00000007596750252179","0,00000097011752442475","0,00000509985988714399","0,00000085197675772349","0,00000087063727334048","0,00000103972341457702","0,00000294087260248441","0,00000227096984761317","0,00000001196390813546","0,00000278431857539074","0,00000041300461007671","0,00000259750181795707","0,00000001206158317197","0,00000001167660201760","0,00000001201907352882","0,00000114001392258517"
"0,34571676662777339700","0,00000086065118697133","0,00000094203998329365","0,00000123039813034026","0,00000190564091542347","0,00000007579689847180","0,00000097350114749927","0,00000511334338381109","0,00000085571493073935","0,00000087343022866166","0,00000104325173830080","0,00000294975108197946","0,00000227447348828260","0,00000001194233011455","0,00000279403035237744","0,00000041442121482973","0,00000260636921928237","0,00000001211709680720","0,00000001171329550494","0,00000001199330759506","0,00000114442647740742"
"0,34772068926508803400","0,00000086351002113680","0,00000094574203441283","0,00000123547882788384","0,00000191280547207145","0,00000007561699914206","0,00000097687002056586","0,00000512681891167613","0,00000085945542187664","0,00000087624582432034","0,00000104678507242311","0,00000295865750425306","0,00000227797668515136","0,00000001191774065788","0,00000280371546070197","0,00000041583517540052","0,00000261521588742771","0,00000001217757168634","0,00000001175343796768","0,00000001196531609056","0,00000114883515416427"
"0,34972461190240267100","0,00000086635293240821","0,00000094944203248143","0,00000124055479225551","0,00000191995901240955","0,00000007542780453256","0,00000098022414362455","0,00000514028647073910","0,00000086319823113537","0,00000087908406031654","0,00000105032341694396","0,00000296759186930522","0,00000228147943821946","0,00000001189013976545","0,00000281337390036433","0,00000041724649178906","0,00000262404182239308","0,00000001224300780938","0,00000001179702940580","0,00000001193509901533","0,00000115323995285572"
"0,35172853453971730800","0,00000086918170416053","0,00000095313360487437","0,00000124562921921870","0,00000192709655419774","0,00000007524426255093","0,00000098357117757856","0,00000515373562019152","0,00000086694139488610","0,00000088191631966197","0,00000105385945698195","0,00000297652984972761","0,00000228498287636238","0,00000001186218891282","0,00000282303131853900","0,00000041865547816163","0,00000263285258157193","0,00000001230781177215","0,00000001184120211315","0,00000001190568665198","0,00000115764029819213"
"0,35373245717703194500","0,00000087199811976874","0,00000095681037896659","0,00000125070530453684","0,00000193421311519599","0,00000007508132110476","0,00000098691878333116","0,00000516715591922491","0,00000087068294949942","0,00000088471398536840","0,00000105738587765566","0,00000298544711811188","0,00000228848812845564","0,00000001183654957555","0,00000283271336240042","0,00000042006244868452","0,00000264165372235770","0,00000001236639017049","0,00000001188308838354","0,00000001188010928310","0,00000116203561488387"
"0,35573637981434658200","0,00000087480217923283","0,00000096047235475809","0,00000125578304820992","0,00000194130869540430","0,00000007493898019408","0,00000099026696088234","0,00000518054736783928","0,00000087442289497532","0,00000088747705743581","0,00000106090267896511","0,00000299434367445803","0,00000229199519449922","0,00000001181322175364","0,00000284242003194860","0,00000042146740335772","0,00000265044524475038","0,00000001241874300440","0,00000001192268821697","0,00000001185836690870","0,00000116642590293094"
"0,35774030245166116300","0,00000087759388255282","0,00000096411953224886","0,00000126086245023795","0,00000194838329482267","0,00000007481723981886","0,00000099361571023210","0,00000519390996603461","0,00000087816123131380","0,00000089020553586421","0,00000106440986091030","0,00000300321951876607","0,00000229550407449313","0,00000001179220544708","0,00000285215132718354","0,00000042287034218123","0,00000265922714874998","0,00000001246487027388","0,00000001196000161345","0,00000001184045952879","0,00000117081116233334"
"0,35974422508897580000","0,00000088037322972869","0,00000096775191143892","0,00000126594351062094","0,00000195543691345109","0,00000007471609997912","0,00000099696503138045","0,00000520724371381091","0,00000088189795851487","0,00000089289942065360","0,00000106790742349122","0,00000301207465103599","0,00000229901476843738","0,00000001177350065589","0,00000286190724810524","0,00000042427126515505","0,00000266799943435649","0,00000001250477197892","0,00000001199502857297","0,00000001182638714335","0,00000117519139309107"
"0,36174814772629043600","0,00000088314022076045","0,00000097136949232825","0,00000127102622935886","0,00000196246955128957","0,00000007463556067486","0,00000100031492432738","0,00000522054861116819","0,00000088563307657852","0,00000089555871180398","0,00000107139536670787","0,00000302090907126780","0,00000230252727633195","0,00000001175710738007","0,00000287168779471370","0,00000042567017227918","0,00000267676210156992","0,00000001253844811953","0,00000001202776909554","0,00000001181614975239","0,00000117956659520412"
"0,36375207036360507300","0,00000088589485564809","0,00000097497227491686","0,00000127611060645174","0,00000196948120833812","0,00000007457562190607","0,00000100366538907289","0,00000523382465810644","0,00000088936658550475","0,00000089818340931534","0,00000107487369056025","0,00000302972277946150","0,00000230604159817685","0,00000001174302561960","0,00000288149296700892","0,00000042706706355363","0,00000268551515039026","0,00000001256589869571","0,00000001205822318115","0,00000001180974735591","0,00000118393676867251"
"0,36575599300091971000","0,00000088863713439163","0,00000097856025920474","0,00000128119664189957","0,00000197647188459672","0,00000007453628367276","0,00000100701642561699","0,00000524707185462565","0,00000089309848529357","0,00000090077351318770","0,00000107834239504837","0,00000303851577561707","0,00000230955773397209","0,00000001173125537449","0,00000289132276499089","0,00000042846193897839","0,00000269425858081752","0,00000001258712370746","0,00000001208639082980","0,00000001180717995390","0,00000118830191349623"
"0,36775991563823434700","0,00000089136705699105","0,00000098213344519191","0,00000128628433570234","0,00000198344158006538","0,00000007451754597492","0,00000101036803395966","0,00000526029020072584","0,00000089682877594497","0,00000090332902342104","0,00000108180148017222","0,00000304728805973454","0,00000231307568371765","0,00000001172179664474","0,00000290117718865962","0,00000042985479855345","0,00000270299239285170","0,00000001260212315478","0,00000001211227204150","0,00000001180844754638","0,00000119266202967527"
"0,36976383827554898400","0,00000089408462344636","0,00000098569183287835","0,00000129137368786007","0,00000199039029474410","0,00000007451940881255","0,00000101372021410092","0,00000527347969640700","0,00000090055745745895","0,00000090584994001536","0,00000108525094593180","0,00000305603963181389","0,00000231659544741354","0,00000001171464943035","0,00000291105623801512","0,00000043124564227883","0,00000271171658649279","0,00000001261089703767","0,00000001213586681625","0,00000001181355013334","0,00000119701711720964"
"0,37176776091286356500","0,00000089678983375756","0,00000098923542226407","0,00000129646469837274","0,00000199731802863287","0,00000007454187218566","0,00000101707296604077","0,00000528664034166913","0,00000090428452983552","0,00000090833626297068","0,00000108869079232712","0,00000306477049185512","0,00000232011702505976","0,00000001170981373132","0,00000292095991305737","0,00000043263447015452","0,00000272043116174079","0,00000001261344535612","0,00000001215717515403","0,00000001182248771477","0,00000120136717609935"
"0,37377168355017820200","0,00000089948268792464","0,00000099276421334907","0,00000130155736724036","0,00000200422478173171","0,00000007458493609424","0,00000102042628977919","0,00000529977213651223","0,00000090800999307466","0,00000091078799228698","0,00000109212101935817","0,00000307348063985824","0,00000232364041665632","0,00000001170728954765","0,00000293088821378637","0,00000043402128218053","0,00000272913611859571","0,00000001260976811014","0,00000001217619705486","0,00000001183526029068","0,00000120571220634438"
"0,37577560618749283900","0,00000090216318594762","0,00000099627820613334","0,00000130665169446292","0,00000201111055404060","0,00000007464860053830","0,00000102378018531620","0,00000531287508093630","0,00000091173384717640","0,00000091320512796427","0,00000109554162702496","0,00000308217007582324","0,00000232716562220320","0,00000001170707687935","0,00000294084114020214","0,00000043540607835684","0,00000273783145705755","0,00000001259986529973","0,00000001219293251874","0,00000001185186786107","0,00000121005220794474"
"0,37777952882480747600","0,00000090483132782648","0,00000099977740061690","0,00000131174768004044","0,00000201797534555955","0,00000007473286551784","0,00000102713465265180","0,00000532594917494135","0,00000091545609214071","0,00000091558767000255","0,00000109895261532747","0,00000309083879975013","0,00000233069264170041","0,00000001170917572640","0,00000295081869230467","0,00000043678885868346","0,00000274651717712630","0,00000001258373692489","0,00000001220738154566","0,00000001187231042595","0,00000121438718090043"
"0,37978345146212211200","0,00000090748711356123","0,00000100326179679973","0,00000131684532397290","0,00000202481915628856","0,00000007483773103284","0,00000103048969178597","0,00000533899441852736","0,00000091917672796761","0,00000091793561840182","0,00000110235398426573","0,00000309948681163890","0,00000233422147514795","0,00000001171358608881","0,00000296082087009395","0,00000043816962316040","0,00000275519327880197","0,00000001256138298562","0,00000001221954413562","0,00000001189658798529","0,00000121871712521145"
"0,38178737409943674900","0,00000091013054315186","0,00000100673139468184","0,00000132194462626031","0,00000203164198622763","0,00000007496319708333","0,00000103384530271873","0,00000535201081169434","0,00000092289575465709","0,00000092024897316208","0,00000110574573383971","0,00000310811411148956","0,00000233775212254582","0,00000001172030796659","0,00000297084767356999","0,00000043954837178765","0,00000276385976208455","0,00000001253280348191","0,00000001222942028863","0,00000001192470053912","0,00000122304204087780"
"0,38379129673675138600","0,00000091276161659839","0,00000101018619426322","0,00000132704558690267","0,00000203844383537676","0,00000007510926366929","0,00000103720148545007","0,00000536499835444230","0,00000092661317220915","0,00000092252773428332","0,00000110912786404943","0,00000311672069930210","0,00000234128458389402","0,00000001172934135972","0,00000298089910273279","0,00000044092510456521","0,00000277251662697405","0,00000001249799841377","0,00000001223701000468","0,00000001195664808743","0,00000122736192789948"
"0,38579521937406602300","0,00000091538033390080","0,00000101362619554389","0,00000133214820589998","0,00000204522470373595","0,00000007527593079072","0,00000104055823998000","0,00000537795704677122","0,00000093032898062380","0,00000092477190176555","0,00000111250037489488","0,00000312530657507653","0,00000234481885919255","0,00000001174068626821","0,00000299097515758235","0,00000044229982149308","0,00000278116387347047","0,00000001245696778121","0,00000001224231328377","0,00000001199243063022","0,00000123167678627648"
"0,38779914201138060400","0,00000091798669505910","0,00000101705139852383","0,00000133725248325224","0,00000205198459130519","0,00000007546319844762","0,00000104391556630850","0,00000539088688868112","0,00000093404317990103","0,00000092698147560877","0,00000111586326637606","0,00000313387173881284","0,00000234835494844141","0,00000001175434269207","0,00000300107583811867","0,00000044367252257126","0,00000278980150157380","0,00000001240971158420","0,00000001224533012591","0,00000001203204816748","0,00000123598661600882"
"0,38980306464869524100","0,00000092058070007329","0,00000102046180320305","0,00000134235841895945","0,00000205872349808450","0,00000007567106664001","0,00000104727346443559","0,00000540378788017199","0,00000093775577004084","0,00000092915645581297","0,00000111921653849298","0,00000314241619051104","0,00000235189285164060","0,00000001177031063128","0,00000301120114434175","0,00000044504320779975","0,00000279842951128404","0,00000001235622982277","0,00000001224606053110","0,00000001207550069922","0,00000124029141709648"
"0,39180698728600987800","0,00000092316234894336","0,00000102385740958155","0,00000134746601302160","0,00000206544142407386","0,00000007589953536786","0,00000105063193436127","0,00000541666002124383","0,00000094146675104324","0,00000093129684237817","0,00000112256019124563","0,00000315093993017112","0,00000235543256879012","0,00000001178859008586","0,00000302135107625158","0,00000044641187717856","0,00000280704790260120","0,00000001229652249691","0,00000001224450449932","0,00000001212278822545","0,00000124459118953948"
"0,39381090992332451500","0,00000092573164166933","0,00000102723821765932","0,00000135257526543870","0,00000207213836927328","0,00000007614860463119","0,00000105399097608552","0,00000542950331189664","0,00000094517612290821","0,00000093340263530435","0,00000112589422463402","0,00000315944295779309","0,00000235897409988997","0,00000001180918105580","0,00000303152563384818","0,00000044777853070767","0,00000281565667552528","0,00000001223058960661","0,00000001224066203060","0,00000001217391074615","0,00000124888593333780"
"0,39581483256063915100","0,00000092828857825118","0,00000103060422743637","0,00000135768617621075","0,00000207881433368276","0,00000007641827443000","0,00000105735058960836","0,00000544231775213042","0,00000094888388563578","0,00000093547383459152","0,00000112921863865814","0,00000316792527337694","0,00000236251744494015","0,00000001183208354109","0,00000304172481713153","0,00000044914316838710","0,00000282425583005627","0,00000001215843115188","0,00000001223453312491","0,00000001222886826133","0,00000125317564849146"
"0,39781875519795378800","0,00000093083315868892","0,00000103395543891270","0,00000136279874533775","0,00000208546931730230","0,00000007670854476428","0,00000106071077492978","0,00000545510334194517","0,00000095259003922592","0,00000093751044023968","0,00000113253343331799","0,00000317638687692268","0,00000236606260394065","0,00000001185729754175","0,00000305194862610164","0,00000045050579021684","0,00000283284536619418","0,00000001208004713272","0,00000001222611778227","0,00000001228766077099","0,00000125746033500044"
"0,39982267783526842500","0,00000093336538298254","0,00000103729185208831","0,00000136791297281970","0,00000209210332013189","0,00000007701941563404","0,00000106407153204979","0,00000546786008134089","0,00000095629458367865","0,00000093951245224882","0,00000113583860861357","0,00000318482776843030","0,00000236960957689149","0,00000001188482305776","0,00000306219706075851","0,00000045186639619689","0,00000284142528393900","0,00000001199543754913","0,00000001221541600267","0,00000001235028827512","0,00000126173999286475"
"0,40182660047258300600","0,00000093588501970616","0,00000104061859288998","0,00000137301336088568","0,00000209871644026157","0,00000007733465051857","0,00000106743205699263","0,00000548059813658010","0,00000095999155446914","0,00000094150834266107","0,00000113914167678829","0,00000319325546024135","0,00000237315469928800","0,00000001191196937708","0,00000307244458525391","0,00000045322537883041","0,00000284999388250822","0,00000001191225093683","0,00000001220427023752","0,00000001241195727773","0,00000126601064332682"
"0,40383052310989764300","0,00000093839183743387","0,00000104394078724448","0,00000137808441176478","0,00000210530877578137","0,00000007763801289720","0,00000107079154578255","0,00000549332767392530","0,00000096367498707257","0,00000094352658351853","0,00000114245015008552","0,00000320167746469739","0,00000237669430662553","0,00000001193604578765","0,00000308266566373962","0,00000045458313062053","0,00000285854946111931","0,00000001183813583155","0,00000001219452293820","0,00000001246787428281","0,00000127026830762908"
"0,40583444574721228000","0,00000094088583616566","0,00000104725843515182","0,00000138312612545699","0,00000211188032669127","0,00000007792950276991","0,00000107414999841956","0,00000550604869337651","0,00000096734488148895","0,00000094556717482120","0,00000114576402850528","0,00000321009378179841","0,00000238022839890407","0,00000001195705228947","0,00000309286029621565","0,00000045593965156727","0,00000286709201977227","0,00000001177309223329","0,00000001218617410472","0,00000001251803929036","0,00000127451298577154"
"0,40783836838452691700","0,00000094336701590155","0,00000105057153661199","0,00000138813850196233","0,00000211843109299127","0,00000007820912013670","0,00000107750741490366","0,00000551876119493371","0,00000097100123771826","0,00000094763011656908","0,00000114908331204755","0,00000321850441154440","0,00000238375697612362","0,00000001197498888254","0,00000310302848268198","0,00000045729494167062","0,00000287562155846711","0,00000001171712014205","0,00000001217922373708","0,00000001256245230037","0,00000127874467775418"
"0,40984229102184155400","0,00000094583537664152","0,00000105388009162500","0,00000139312154128078","0,00000212496107468139","0,00000007847686499759","0,00000108086379523485","0,00000553146517859691","0,00000097464405576052","0,00000094971540876217","0,00000115240800071235","0,00000322690935393538","0,00000238728003828419","0,00000001198985556686","0,00000311317022313862","0,00000045864900093059","0,00000288413807720381","0,00000001167021955782","0,00000001217367183527","0,00000001260111331285","0,00000128296338357702"
"0,41184621365915619100","0,00000094829091838559","0,00000105718410019085","0,00000139807524341236","0,00000213147027176162","0,00000007873273735256","0,00000108421913941312","0,00000554416064436611","0,00000097827333561572","0,00000095182305140048","0,00000115573809449967","0,00000323530860897133","0,00000239079758538577","0,00000001200165234242","0,00000312328551758557","0,00000046000182934716","0,00000289264157598239","0,00000001163239048061","0,00000001216951839931","0,00000001263402232779","0,00000128716910324004"
"0,41385013629647082700","0,00000095073364113375","0,00000106048356230954","0,00000140299960835705","0,00000213795868423196","0,00000007897673720162","0,00000108757344743848","0,00000555684759224131","0,00000098188907728386","0,00000095395304448399","0,00000115907359340952","0,00000324370217665227","0,00000239430961742837","0,00000001201037920924","0,00000313337436602283","0,00000046135342692035","0,00000290113205480284","0,00000001160363291042","0,00000001216676342918","0,00000001266117934521","0,00000129136183674326"
"0,41585405893378546400","0,00000095316354488599","0,00000106377847798106","0,00000140789463611486","0,00000214442631209241","0,00000007920886454477","0,00000109092671931093","0,00000556952602222251","0,00000098549128076494","0,00000095610538801272","0,00000116241449744188","0,00000325209005697819","0,00000239781613441198","0,00000001201603616730","0,00000314343676845040","0,00000046270379365016","0,00000290960951366516","0,00000001158394684724","0,00000001216540692488","0,00000001268258436508","0,00000129554158408667"
"0,41785798157110004600","0,00000095558062964233","0,00000106706884720541","0,00000141276032668579","0,00000215087315534297","0,00000007942911938201","0,00000109427895503046","0,00000558219593430970","0,00000098907994605896","0,00000095828008198666","0,00000116576080659677","0,00000326047224994908","0,00000240131713633660","0,00000001201862321661","0,00000315347272486828","0,00000046405292953657","0,00000291807395256936","0,00000001157333229109","0,00000001216544888643","0,00000001269823738743","0,00000129970834527027"
"0,41986190420841468200","0,00000095798489540276","0,00000107035466998261","0,00000141759668006984","0,00000215729921398364","0,00000007963750171333","0,00000109763015459708","0,00000559485732850290","0,00000099265507316593","0,00000096047712640582","0,00000116911252087417","0,00000326884875556496","0,00000240481262320224","0,00000001201814035717","0,00000316348223527646","0,00000046540083457960","0,00000292652537151543","0,00000001157178924195","0,00000001216688931381","0,00000001270813841225","0,00000130386212029406"
"0,42186582684572931900","0,00000096037634216727","0,00000107363594631264","0,00000142240369626701","0,00000216370448801442","0,00000007983401153874","0,00000110098031801079","0,00000560751020480209","0,00000099621666208584","0,00000096269652127018","0,00000117246964027410","0,00000327721957382582","0,00000240830259500890","0,00000001201458758899","0,00000317346529967496","0,00000046674750877924","0,00000293496377050336","0,00000001157931769982","0,00000001216972820703","0,00000001271228743953","0,00000130800290915804"
"0,42386974948304395600","0,00000096275496993588","0,00000107691267619550","0,00000142718137527729","0,00000217008897743530","0,00000008001864885824","0,00000110432944527158","0,00000562015456320728","0,00000099976471281869","0,00000096493826657976","0,00000117583216479656","0,00000328558470473166","0,00000241178705175657","0,00000001200796491204","0,00000318342191806377","0,00000046809295213550","0,00000294338914953318","0,00000001159591766472","0,00000001217396556609","0,00000001271068446927","0,00000131213071186221"
"0,42587367212035859300","0,00000096512077870858","0,00000108018485963120","0,00000143192971710070","0,00000217645268224630","0,00000008019141367182","0,00000110767753637946","0,00000563279040371848","0,00000100329922536448","0,00000096720236233455","0,00000117920009444153","0,00000329394414828248","0,00000241526599344525","0,00000001199827232635","0,00000319335209044288","0,00000046943716464836","0,00000295180150860486","0,00000001162158913664","0,00000001217960139099","0,00000001270332950149","0,00000131624552840657"
"0,42787759475767323000","0,00000096747376848536","0,00000108345249661974","0,00000143664872173722","0,00000218279560244741","0,00000008035230597950","0,00000111102459133443","0,00000564541772633567","0,00000100682019972321","0,00000096948880853455","0,00000118257342920902","0,00000330229790447828","0,00000241873942007495","0,00000001198550983191","0,00000320325581681231","0,00000047078014631784","0,00000296020084771842","0,00000001165633211557","0,00000001218663568172","0,00000001269022253617","0,00000132034735879112"
"0,42988151739498786600","0,00000096981393926624","0,00000108671558716112","0,00000144133838918686","0,00000218911773803862","0,00000008050132578126","0,00000111437061013648","0,00000565803653105885","0,00000101032763589488","0,00000097179760517977","0,00000118595216909904","0,00000331064597331906","0,00000242220733164566","0,00000001196967742871","0,00000321313309717205","0,00000047212189714394","0,00000296858716687384","0,00000001170014660152","0,00000001219506843829","0,00000001267136357332","0,00000132443620301587"
"0,43188544003230244800","0,00000097214129105121","0,00000108997413125533","0,00000144599871944962","0,00000219541908901995","0,00000008063847307710","0,00000111771559278562","0,00000567064681788804","0,00000101382153387950","0,00000097412875227019","0,00000118933631411158","0,00000331898835480482","0,00000242566972815739","0,00000001195077511677","0,00000322298393152209","0,00000047346241712664","0,00000297696046607114","0,00000001175303259448","0,00000001220489966070","0,00000001264675261294","0,00000132851206108080"
"0,43388936266961708500","0,00000097445582384027","0,00000109322812890238","0,00000145062971252550","0,00000220169965539139","0,00000008076374786704","0,00000112105953928185","0,00000568324858682323","0,00000101730189367706","0,00000097648224980583","0,00000119272586424664","0,00000332732504893556","0,00000242912660961013","0,00000001192880289607","0,00000323280831986245","0,00000047480170626596","0,00000298532074531032","0,00000001181499009447","0,00000001221612934895","0,00000001261638965502","0,00000133257493298593"
"0,43589328530693172100","0,00000097675753763341","0,00000109647758010226","0,00000145523136841450","0,00000220795943715293","0,00000008087715015106","0,00000112440244962516","0,00000569584183786441","0,00000102076871528756","0,00000097885809778668","0,00000119612081950422","0,00000333565605571128","0,00000243257797600389","0,00000001190376076662","0,00000324260626219311","0,00000047613976456189","0,00000299366800459136","0,00000001188601910147","0,00000001222875750303","0,00000001258027469957","0,00000133662481873124"
"0,43789720794424635800","0,00000097904643243065","0,00000109972248485498","0,00000145980368711661","0,00000221419843430459","0,00000008097867992917","0,00000112774432381556","0,00000570842657101159","0,00000102422199871100","0,00000098125629621274","0,00000119952117988432","0,00000334398137513198","0,00000243602382733866","0,00000001187564872843","0,00000325237775851408","0,00000047747659201444","0,00000300200224391428","0,00000001196611961549","0,00000001224278412295","0,00000001253840774659","0,00000134066171831675"
"0,43990113058156099500","0,00000098132250823198","0,00000110296284316054","0,00000146434666863185","0,00000222041664684635","0,00000008106833720137","0,00000113108516185305","0,00000572100278626477","0,00000102766174394738","0,00000098367684508401","0,00000120292694538695","0,00000335230100719766","0,00000243946416361444","0,00000001184446678148","0,00000326212280882537","0,00000047881218862359","0,00000301032346327907","0,00000001205529163653","0,00000001225820920871","0,00000001249078879607","0,00000134468563174245"
"0,44190505321887563200","0,00000098358576503740","0,00000110619865501894","0,00000146886031296020","0,00000222661407477823","0,00000008114612196765","0,00000113442496373762","0,00000573357048362396","0,00000103108795099671","0,00000098611974440050","0,00000120633811601209","0,00000336061495190832","0,00000244289898483124","0,00000001181021492578","0,00000327184141312696","0,00000048014655438936","0,00000301863166268573","0,00000001215353516459","0,00000001227503276031","0,00000001243741784802","0,00000134869655900834"
"0,44390897585619026900","0,00000098583620284690","0,00000110942992043017","0,00000147334462010168","0,00000223279071810021","0,00000008121203422802","0,00000113776372946928","0,00000574612966308913","0,00000103450061985897","0,00000098858499416220","0,00000120975469175976","0,00000336892320926396","0,00000244632829098905","0,00000001177289316132","0,00000328153357141886","0,00000048147968931175","0,00000302692684213426","0,00000001226085019966","0,00000001229325477774","0,00000001237829490244","0,00000135269450011442"
"0,44591289849350490600","0,00000098807382166050","0,00000111265663939423","0,00000147779959005627","0,00000223894657681230","0,00000008126607398248","0,00000114110145904803","0,00000575868032466031","0,00000103789975053418","0,00000099107259436911","0,00000121317667262995","0,00000337722577926458","0,00000244975208208788","0,00000001173250148812","0,00000329119928370107","0,00000048281159339074","0,00000303520900162467","0,00000001237723674175","0,00000001231287526101","0,00000001231341995933","0,00000135667945506069"
"0,44791682113081948700","0,00000099029862147819","0,00000111587881191114","0,00000148222522282398","0,00000224508165091451","0,00000008130824123103","0,00000114443815247386","0,00000577122246833749","0,00000104128534302233","0,00000099358254502123","0,00000121660405862266","0,00000338552266191019","0,00000245317035812772","0,00000001168903990617","0,00000330083854997359","0,00000048414226662635","0,00000304347814115695","0,00000001250269479086","0,00000001233389421012","0,00000001224279301868","0,00000136065142384715"
"0,44992074376813412400","0,00000099251060229997","0,00000111909643798088","0,00000148662151840480","0,00000225119594040682","0,00000008133853597366","0,00000114777380974678","0,00000578375609412066","0,00000104465739732342","0,00000099611484611856","0,00000122003684973789","0,00000339381385720077","0,00000245658311910858","0,00000001164250841546","0,00000331045137023642","0,00000048547170901857","0,00000305173426073110","0,00000001263722434699","0,00000001235631162507","0,00000001216641408050","0,00000136461040647381"
"0,45192466640544876000","0,00000099474021789581","0,00000112230946938631","0,00000149101490336311","0,00000225729873930911","0,00000008136943681051","0,00000115110181994962","0,00000579627131108205","0,00000104801660689630","0,00000099864478298047","0,00000122348189375375","0,00000340206879308833","0,00000245999734163847","0,00000001159738987464","0,00000332006415944530","0,00000048679847644303","0,00000305997674640881","0,00000001277079825119","0,00000001237947873034","0,00000001209198579554","0,00000136856345335282"
"0,45392858904276339700","0,00000099701792203569","0,00000112551785791027","0,00000149543180426324","0,00000226339934164125","0,00000008141342234170","0,00000115441557216521","0,00000580875822829386","0,00000105136366519981","0,00000100114764092630","0,00000122694603844834","0,00000341025689752488","0,00000246342000232542","0,00000001155816714233","0,00000332970333255594","0,00000048812112477536","0,00000306820498425180","0,00000001289338934454","0,00000001240274675043","0,00000001202721081456","0,00000137251761489638"
"0,45593251168007803400","0,00000099934371471961","0,00000112872160355279","0,00000149987222110520","0,00000226949774740324","0,00000008147049256724","0,00000115771506639354","0,00000582121684575609","0,00000105469857223394","0,00000100362341995607","0,00000123042928382165","0,00000341837817051040","0,00000246685110116942","0,00000001152484021854","0,00000333936888956837","0,00000048943965401555","0,00000307641897426004","0,00000001300499762702","0,00000001242611568532","0,00000001197208913755","0,00000137647289110448"
"0,45793643431739267100","0,00000100171759594758","0,00000113192070631384","0,00000150433615388899","0,00000227559395659507","0,00000008154064748711","0,00000116100030263462","0,00000583364716346875","0,00000105802132799871","0,00000100607212006977","0,00000123393162987368","0,00000342643261204491","0,00000247029063817047","0,00000001149740910327","0,00000334906083048256","0,00000049075406416361","0,00000308461871643355","0,00000001310562309865","0,00000001244958553503","0,00000001192662076452","0,00000138042928197712"
"0,45994035695470730800","0,00000100413956571958","0,00000113511516619343","0,00000150882360261461","0,00000228168796921675","0,00000008162388710133","0,00000116427128088845","0,00000584604918143184","0,00000106133193249411","0,00000100849374126740","0,00000123745307660445","0,00000343442022212839","0,00000247373861332858","0,00000001147587379651","0,00000335877915529854","0,00000049206435521954","0,00000309280421077232","0,00000001319526575942","0,00000001247315629955","0,00000001189080569546","0,00000138438678751430"
"0,46194427959202194500","0,00000100660962403562","0,00000113830498319156","0,00000151333456728206","0,00000228777978526828","0,00000008172021140989","0,00000116752800115503","0,00000585842289964534","0,00000106463038572014","0,00000101088828354896","0,00000124099362401394","0,00000344234100076086","0,00000247719502664375","0,00000001146023429827","0,00000336852386401628","0,00000049337052718333","0,00000310097545727636","0,00000001327392560932","0,00000001249682797889","0,00000001186464393038","0,00000138834540771602"
"0,46394820222933652600","0,00000100912777089570","0,00000114149015730824","0,00000151786904789134","0,00000229386940474965","0,00000008182962041279","0,00000117077046343436","0,00000587076831810928","0,00000106791668767680","0,00000101325574691445","0,00000124455327210216","0,00000345019494794231","0,00000248065987811597","0,00000001145049060855","0,00000337829495663581","0,00000049467258005498","0,00000310913245594566","0,00000001334160264837","0,00000001252060057304","0,00000001184813546927","0,00000139230514258228"
"0,46595212486665116300","0,00000101169400629981","0,00000114467068854346","0,00000152242704444245","0,00000229995682766088","0,00000008195211411004","0,00000117399866772643","0,00000588308543682363","0,00000107119083836409","0,00000101559613136387","0,00000124813202086911","0,00000345798206367274","0,00000248413316774524","0,00000001144664272734","0,00000338809243315710","0,00000049597051383450","0,00000311727520678023","0,00000001339829687655","0,00000001254447408199","0,00000001184128031214","0,00000139626599211308"
"0,46795604750396580000","0,00000101430833024797","0,00000114784657689721","0,00000152700855693539","0,00000230604205400194","0,00000008208769250162","0,00000117721261403126","0,00000589537425578841","0,00000107445283778201","0,00000101790943689722","0,00000125172987031478","0,00000346570234795215","0,00000248761489553156","0,00000001144869065465","0,00000339791629358018","0,00000049726432852189","0,00000312540370978005","0,00000001344400829388","0,00000001256844850577","0,00000001184407845899","0,00000140022795630842"
"0,46995997014128043600","0,00000101697074274017","0,00000115101782236951","0,00000153161358537015","0,00000231212508377286","0,00000008223635558755","0,00000118041230234883","0,00000590763477500362","0,00000107770268593057","0,00000102019566351451","0,00000125534682043918","0,00000347335580078054","0,00000249110506147495","0,00000001145663439048","0,00000340776653790502","0,00000049855402411714","0,00000313351796494514","0,00000001347873690034","0,00000001259252384435","0,00000001185652990981","0,00000140419103516830"
"0,47196389277859507300","0,00000101968124377641","0,00000115418442496035","0,00000153624212974675","0,00000231820591697362","0,00000008239810336782","0,00000118359773267915","0,00000591986699446924","0,00000108094038280975","0,00000102245481121572","0,00000125898287124231","0,00000348094242215791","0,00000249460366557538","0,00000001147047393482","0,00000341764316613164","0,00000049983960062026","0,00000314161797227550","0,00000001350248269595","0,00000001261670009775","0,00000001187863466461","0,00000140815522869272"
"0,47396781541590971000","0,00000102243983335668","0,00000115734638466973","0,00000154089419006518","0,00000232428455360423","0,00000008257293584243","0,00000118676890502222","0,00000593207091418530","0,00000108416592841956","0,00000102468688000087","0,00000126263802272416","0,00000348846221208426","0,00000249811070783287","0,00000001149020928768","0,00000342754617826004","0,00000050112105803125","0,00000314970373177112","0,00000001351524568069","0,00000001264097726596","0,00000001191039272338","0,00000141212053688169"
"0,47597173805322434700","0,00000102524651148100","0,00000116050370149765","0,00000154556976632543","0,00000233036099366469","0,00000008276085301139","0,00000118992581937803","0,00000594424653415177","0,00000108737932276000","0,00000102689186986995","0,00000126631227488474","0,00000349591517055960","0,00000250162618824742","0,00000001151584044905","0,00000343747557429021","0,00000050239839635010","0,00000315777524343200","0,00000001351702585458","0,00000001266535534898","0,00000001195180408613","0,00000141608695973519"
"0,47797566069053892800","0,00000102810127814935","0,00000116365637544412","0,00000155026885852752","0,00000233643523715499","0,00000008296185487469","0,00000119306847574660","0,00000595639385436867","0,00000109058056583108","0,00000102906978082296","0,00000127000562772405","0,00000350330129758391","0,00000250515010681901","0,00000001154736741894","0,00000344743135422216","0,00000050367161557682","0,00000316583250725815","0,00000001350782321760","0,00000001268983434681","0,00000001200286875285","0,00000142005449725323"
"0,47997958332785356500","0,00000103100413336175","0,00000116680440650912","0,00000155499146667143","0,00000234250728407514","0,00000008317594143233","0,00000119619687412791","0,00000596851287483600","0,00000109376965763278","0,00000103122061285990","0,00000127371808124209","0,00000351062059315721","0,00000250868246354767","0,00000001158479019735","0,00000345741351805588","0,00000050494071571140","0,00000317387552324956","0,00000001348763776976","0,00000001271441425946","0,00000001206358672355","0,00000142402314943581"
"0,48198350596516820200","0,00000103395507711818","0,00000116994779469266","0,00000155973759075718","0,00000234857713442514","0,00000008340311268431","0,00000119931101452197","0,00000598060359555375","0,00000109694659816512","0,00000103334436598077","0,00000127744963543885","0,00000351787305727948","0,00000251222325843338","0,00000001162810878428","0,00000346742206579138","0,00000050620569675385","0,00000318190429140623","0,00000001345646951107","0,00000001273909508692","0,00000001213395799823","0,00000142799291628293"
"0,48398742860248283900","0,00000103695410941865","0,00000117308653999475","0,00000156450723078475","0,00000235464478820499","0,00000008364336863063","0,00000120241089692878","0,00000599266601652192","0,00000110011138742808","0,00000103544104018557","0,00000128120029031434","0,00000352505868995074","0,00000251577249147614","0,00000001167732317972","0,00000347745699742865","0,00000050746655870416","0,00000318991881172817","0,00000001341431844151","0,00000001276387682919","0,00000001221398257688","0,00000143196379779460"
"0,48599135123979747500","0,00000104000123026317","0,00000117622064241538","0,00000156930038675415","0,00000236071024541468","0,00000008389670927130","0,00000120549652134834","0,00000600470013774052","0,00000110326402542168","0,00000103751063547430","0,00000128497004586855","0,00000353217749117098","0,00000251933016267595","0,00000001173243338368","0,00000348751831296770","0,00000050872330156234","0,00000319791908421537","0,00000001336118456110","0,00000001278875948628","0,00000001230366045950","0,00000143593579397080"
"0,48799527387711211200","0,00000104309643965172","0,00000117935010195455","0,00000157411705866538","0,00000236677350605422","0,00000008416313460631","0,00000120856788778064","0,00000601670595920954","0,00000110640451214590","0,00000103955315184696","0,00000128875890210149","0,00000353922946094020","0,00000252289627203282","0,00000001179343939615","0,00000349760601240852","0,00000050997592532839","0,00000320590510886784","0,00000001329706786982","0,00000001281374305817","0,00000001240299164610","0,00000143990890481154"
"0,48999919651442674900","0,00000104623973758431","0,00000118247491861226","0,00000157895724651845","0,00000237283457012361","0,00000008444264463566","0,00000121162499622570","0,00000602868348092899","0,00000110953284760076","0,00000104156858930356","0,00000129256685901316","0,00000354621459925840","0,00000252647081954675","0,00000001186034121714","0,00000350772009575112","0,00000051122443000230","0,00000321387688568557","0,00000001322196836769","0,00000001283882754488","0,00000001251197613668","0,00000144388313031683"
"0,49200311915174138600","0,00000104943112406094","0,00000118559509238851","0,00000158382095031334","0,00000237889343762284","0,00000008473523935935","0,00000121466784668350","0,00000604063270289886","0,00000111264903178625","0,00000104355694784409","0,00000129639391660356","0,00000355313290612558","0,00000253005380521773","0,00000001193313884665","0,00000351786056299549","0,00000051246881558408","0,00000322183441466856","0,00000001313588605469","0,00000001286401294640","0,00000001263061393123","0,00000144785847048665"
"0,49400704178905596700","0,00000105267059908161","0,00000118871062328330","0,00000158870817005006","0,00000238495010855192","0,00000008504091877738","0,00000121769643915405","0,00000605255362511916","0,00000111575306470236","0,00000104551822746854","0,00000130024007487268","0,00000355998438154174","0,00000253364522904576","0,00000001201183228467","0,00000352802741414164","0,00000051370908207372","0,00000322977769581682","0,00000001303882093083","0,00000001288929926274","0,00000001275890502976","0,00000145183492532102"
"0,49601096442637060400","0,00000105595816264632","0,00000119182151129663","0,00000159361890572861","0,00000239100458291085","0,00000008535968288976","0,00000122071077363735","0,00000606444624758988","0,00000111884494634911","0,00000104745242817693","0,00000130410533382054","0,00000356676902550688","0,00000253724509103085","0,00000001209642153121","0,00000353822064918956","0,00000051494522947123","0,00000323770672913034","0,00000001293077299612","0,00000001291468649389","0,00000001289684943226","0,00000145581249481992"
"0,49801488706368524100","0,00000105929381475507","0,00000119492775642850","0,00000159855315734899","0,00000239705686069963","0,00000008569153169648","0,00000122371085013339","0,00000607631057031102","0,00000112192467672649","0,00000104935954996925","0,00000130798969344711","0,00000357348683802100","0,00000254085339117299","0,00000001218690658627","0,00000354844026813926","0,00000051617725777661","0,00000324562151460912","0,00000001281174225054","0,00000001294017463984","0,00000001304444713874","0,00000145979117898337"
"0,50001880970099987800","0,00000106267755540785","0,00000119802935867892","0,00000160351092491120","0,00000240310694191825","0,00000008603646519754","0,00000122669666864219","0,00000608814659328259","0,00000112499225583450","0,00000105123959284550","0,00000131189315375242","0,00000358013781908410","0,00000254447012947219","0,00000001228328744984","0,00000355868627099073","0,00000051740516698985","0,00000325352205225317","0,00000001268172869411","0,00000001296576370062","0,00000001320169814920","0,00000146377097781135"
