Variable Source,dev1,dev2,dev3,dev4,dev5,dev6,dev7,dev8,dev9,dev10,dev11,dev12,dev13,dev14,dev15,dev16,dev17,Dev 18,Dev 19,Dev 20
"-0,49993858631900023300","0,00000044939134081208","0,00000086500715431726","0,00000016659830232272","0,00000000911930221473","0,00000000969147989032","0,00000127833726558202","0,00000034207636151855","0,00000001169067882953","0,00000120490527840480","0,00000003044148337630","0,00000134918266536824","0,00000182143606464433","0,00000112590954003278","0,00000001186763269110","0,00000000543587455393","0,00000135511482016262","0,00000190332482458527","0,00000228680509497736","0,00000050852213585814","0,00000089311133949033"
"-0,49793466368168559600","0,00000044843031810270","0,00000086348499775108","0,00000016636469641801","0,00000000925940152989","0,00000000970245080197","0,00000127573243911068","0,00000034083209706279","0,00000001158923506580","0,00000119927491285163","0,00000003001365016170","0,00000134538180085605","0,00000181714689598820","0,00000112593892858013","0,00000001186759833397","0,00000000584817147947","0,00000135937799623226","0,00000189841771113976","0,00000228265070199653","0,00000050664625460038","0,00000089073241389630"
"-0,49593074104437096000","0,00000044744332072172","0,00000086188477319291","0,00000016610861314881","0,00000000939262815184","0,00000000971697003904","0,00000127309663697923","0,00000033960576850425","0,00000001149515701239","0,00000119376788158559","0,00000002960523232998","0,00000134158225566294","0,00000181283031254905","0,00000112586443234011","0,00000001186634232239","0,00000000624016283391","0,00000136359408220587","0,00000189343697411868","0,00000227841227668773","0,00000050479233568396","0,00000088832937942070"
"-0,49392681840705632300","0,00000044643034866914","0,00000086020648064274","0,00000016583005251512","0,00000000951898208056","0,00000000973503760154","0,00000127042985918769","0,00000033839737584293","0,00000001140844466930","0,00000118838418460670","0,00000002921622988116","0,00000133778402978891","0,00000180848631432689","0,00000112568605131270","0,00000001186386465638","0,00000000661184861725","0,00000136776307808346","0,00000188838261352202","0,00000227408981905098","0,00000050296037910889","0,00000088590223606353"
"-0,49192289576974174100","0,00000044539140194496","0,00000085845012010058","0,00000016552901451694","0,00000000963846331607","0,00000000975665348945","0,00000126773210573603","0,00000033720691907882","0,00000001132909803653","0,00000118312382191495","0,00000002884664281522","0,00000133398712323397","0,00000180411490132172","0,00000112540378549791","0,00000001186016533592","0,00000000696322882950","0,00000137188498386501","0,00000188325462934978","0,00000226968332908625","0,00000050115038487517","0,00000088345098382480"
"-0,48991897313242710500","0,00000044432648054917","0,00000085661569156642","0,00000016520549915428","0,00000000975107185836","0,00000000978181770279","0,00000126500337662428","0,00000033603439821193","0,00000001125711711408","0,00000117798679351035","0,00000002849647113216","0,00000133019153599810","0,00000179971607353354","0,00000112501763489574","0,00000001185524436102","0,00000000729430347065","0,00000137595979955053","0,00000187805302160197","0,00000226519280679357","0,00000049936235298279","0,00000088097562270449"
"-0,48791505049511246800","0,00000044323558448177","0,00000085470319504027","0,00000016485950642712","0,00000000985680770742","0,00000000981053024155","0,00000126224367185242","0,00000033487981324225","0,00000001119250190195","0,00000117297309939288","0,00000002816571483200","0,00000132639726808132","0,00000179528983096235","0,00000112452759950618","0,00000001184910173169","0,00000000760507254071","0,00000137998752514002","0,00000187277779027858","0,00000226061825217292","0,00000049759628343175","0,00000087847615270261"
"-0,48591112785779783100","0,00000044211871374277","0,00000085271263052213","0,00000016449103633548","0,00000000995567086327","0,00000000984279110573","0,00000125945299142046","0,00000033374316416979","0,00000001113525240015","0,00000116808273956256","0,00000002785437391472","0,00000132260431948363","0,00000179083617360814","0,00000112393367932924","0,00000001184173744791","0,00000000789553603966","0,00000138396816063348","0,00000186742893537961","0,00000225595966522431","0,00000049585217622206","0,00000087595257381917"
"-0,48390720522048319400","0,00000044097586833217","0,00000085064399801199","0,00000016410008887936","0,00000001004766132590","0,00000000987860029533","0,00000125663133532840","0,00000033262445099455","0,00000001108536860867","0,00000116331571401938","0,00000002756244838033","0,00000131881269020501","0,00000178635510147093","0,00000112323587436492","0,00000001183315150970","0,00000000816569396753","0,00000138790170603091","0,00000186200645690507","0,00000225121704594773","0,00000049413003135371","0,00000087340488605415"
"-0,48190328258316855700","0,00000043980704824996","0,00000084849729750985","0,00000016368666405874","0,00000001013277909531","0,00000000991795781035","0,00000125377870357623","0,00000033152367371652","0,00000001104285052750","0,00000115867202276335","0,00000002728993822883","0,00000131502238024548","0,00000178184661455070","0,00000112243418461322","0,00000001182334391704","0,00000000841554632429","0,00000139178816133231","0,00000185651035485494","0,00000224639039434320","0,00000049242984882671","0,00000087083308940757"
"-0,47989935994585392000","0,00000043861225349615","0,00000084627252901573","0,00000016325076187364","0,00000001021102417150","0,00000000996086365079","0,00000125089509616396","0,00000033044083233571","0,00000001100769815667","0,00000115415166579446","0,00000002703684346021","0,00000131123338960504","0,00000177731071284746","0,00000112152861007413","0,00000001181231466994","0,00000000864509310996","0,00000139562752653768","0,00000185094062922925","0,00000224147971041069","0,00000049075162864105","0,00000086823718387942"
"-0,47789543730853928400","0,00000043739148407073","0,00000084396969252961","0,00000016279238232404","0,00000001028239655447","0,00000001000731781666","0,00000124798051309158","0,00000032937592685212","0,00000001097991149615","0,00000114975464311271","0,00000002680316407448","0,00000130744571828367","0,00000177274739636122","0,00000112051915074766","0,00000001180006376841","0,00000000885433432453","0,00000139941980164702","0,00000184529728002797","0,00000223648499415023","0,00000048909537079673","0,00000086561716946970"
"-0,47589151467122470200","0,00000043614473997371","0,00000084158878805149","0,00000016231152540997","0,00000001034689624422","0,00000001005732030794","0,00000124503495435911","0,00000032832895726574","0,00000001095949054595","0,00000114548095471810","0,00000002658890007164","0,00000130365936628139","0,00000176815666509196","0,00000111940580663381","0,00000001178659121243","0,00000000904326996800","0,00000140316498666033","0,00000183958030725112","0,00000223140624556180","0,00000048746107529376","0,00000086297304617841"
"-0,47388759203391006600","0,00000043487202120508","0,00000083912981558139","0,00000016180819113140","0,00000001040452324076","0,00000001011087112465","0,00000124205841996653","0,00000032729992357658","0,00000001094643530608","0,00000114133060061063","0,00000002639405145169","0,00000129987433359819","0,00000176353851903968","0,00000111818857773258","0,00000001177189700202","0,00000000921190004038","0,00000140686308157760","0,00000183378971089869","0,00000222624346464541","0,00000048584874213214","0,00000086030481400554"
"-0,47188366939659542900","0,00000043357332776485","0,00000083659277511928","0,00000016128237948834","0,00000001045527754407","0,00000001016797026677","0,00000123905090991384","0,00000032628882578464","0,00000001094074577652","0,00000113730358079031","0,00000002621861821462","0,00000129609062023407","0,00000175889295820440","0,00000111686746404396","0,00000001175598113716","0,00000000936022454166","0,00000141051408639885","0,00000182792549097069","0,00000222099665140106","0,00000048425837131186","0,00000085761247295111"
"-0,46987974675928079200","0,00000043224865965302","0,00000083397766666519","0,00000016073409048080","0,00000001049915915416","0,00000001022861773432","0,00000123601242420105","0,00000032529566388991","0,00000001094242195729","0,00000113339989525713","0,00000002606260036044","0,00000129230822618904","0,00000175421998258611","0,00000111544246556797","0,00000001173884361786","0,00000000948824347184","0,00000141411800112406","0,00000182198764746710","0,00000221566580582874","0,00000048268996283292","0,00000085489602301512"
"-0,46787582412196615500","0,00000043089801686958","0,00000083128449021910","0,00000016016332410877","0,00000001053616807104","0,00000001029281352729","0,00000123294296282816","0,00000032432043789240","0,00000001095146384838","0,00000112961954401109","0,00000002592599788915","0,00000128852715146309","0,00000174951959218480","0,00000111391358230458","0,00000001172048444413","0,00000000959595683093","0,00000141767482575325","0,00000181597618038794","0,00000221025092792846","0,00000048114351669533","0,00000085215546419755"
"-0,46587190148465151800","0,00000042952139941454","0,00000082851324578101","0,00000015957008037225","0,00000001056630429469","0,00000001036055764568","0,00000122984252579517","0,00000032336314779211","0,00000001096787144979","0,00000112596252705220","0,00000002580881080075","0,00000128474739605622","0,00000174479178700048","0,00000111228081425382","0,00000001170090361595","0,00000000968336461892","0,00000142118456028640","0,00000180989108973321","0,00000220475201770022","0,00000047961903289908","0,00000084939079649841"
"-0,46386797884733688100","0,00000042811880728789","0,00000082566393335094","0,00000015895435927125","0,00000001058956782513","0,00000001043185008950","0,00000122671111310207","0,00000032242379358903","0,00000001099164476152","0,00000112242884438045","0,00000002571103909523","0,00000128096895996843","0,00000174003656703315","0,00000111054416141567","0,00000001168010113334","0,00000000975046683582","0,00000142464720472353","0,00000180373237550289","0,00000219916907514401","0,00000047811651144418","0,00000084660201991770"
"-0,46186405621002230000","0,00000042669024048964","0,00000082273655292886","0,00000015831616080575","0,00000001060595866234","0,00000001050669085873","0,00000122354872474887","0,00000032150237528317","0,00000001102278378358","0,00000111901849599584","0,00000002563268277260","0,00000127719184319973","0,00000173525393228281","0,00000110870362379015","0,00000001165807699628","0,00000000979726348161","0,00000142806275906462","0,00000179750003769700","0,00000219350210025984","0,00000047663595233062","0,00000084378913445543"
"-0,45986013357270766300","0,00000042523569901979","0,00000081973110451480","0,00000015765548497577","0,00000001061547680634","0,00000001058507995339","0,00000122035536073557","0,00000032059889287453","0,00000001106128851596","0,00000111573148189837","0,00000002557374183286","0,00000127341604575011","0,00000173044388274946","0,00000110675920137723","0,00000001163483120479","0,00000000982375455631","0,00000143143122330968","0,00000179119407631554","0,00000218775109304771","0,00000047517735555841","0,00000084095214011158"
"-0,45785621093539302600","0,00000042375518287833","0,00000081664758810874","0,00000015697233178130","0,00000001061812225712","0,00000001066701737346","0,00000121713102106216","0,00000031971334636310","0,00000001110715895865","0,00000111256780208805","0,00000002553421627600","0,00000126964156761957","0,00000172560641843310","0,00000110471089417694","0,00000001161036375885","0,00000000982994005992","0,00000143475259745871","0,00000178481449135849","0,00000218191605350761","0,00000047374072112754","0,00000083809103688616"
"-0,45585228829807839000","0,00000042224869206526","0,00000081348600371068","0,00000015626670122234","0,00000001061389501467","0,00000001075250311896","0,00000121387570572865","0,00000031884573574889","0,00000001116039511167","0,00000110952745656487","0,00000002551410610204","0,00000126586840880812","0,00000172074153933373","0,00000110255870218926","0,00000001158467465847","0,00000000981581999242","0,00000143802688151171","0,00000177836128282587","0,00000217599698163955","0,00000047232604903801","0,00000083520582477918"
"-0,45384836566076375300","0,00000042071622658059","0,00000081024635132064","0,00000015553859329890","0,00000001060279507901","0,00000001084153718988","0,00000121058941473504","0,00000031799606103189","0,00000001122099697501","0,00000110661044532883","0,00000002551341131096","0,00000126209656931575","0,00000171584924545134","0,00000110030262541420","0,00000001155776390366","0,00000000978139435384","0,00000144125407546868","0,00000177183445071768","0,00000216999387744353","0,00000047093333928983","0,00000083229650379063"
"-0,45184444302344911600","0,00000041915778642432","0,00000080692863093859","0,00000015478800801096","0,00000001058482245013","0,00000001093411958622","0,00000120727214808133","0,00000031716432221211","0,00000001128896454868","0,00000110381676837993","0,00000002553213190276","0,00000125832604914246","0,00000171092953678594","0,00000109794266385176","0,00000001152963149440","0,00000000972666314415","0,00000144443417932963","0,00000176523399503390","0,00000216390674091954","0,00000046956259188300","0,00000082936307392050"
"-0,44984052038613447900","0,00000041758747678199","0,00000080357254531952","0,00000015402754208886","0,00000001056422686091","0,00000001102552088851","0,00000120391574423859","0,00000031633072765452","0,00000001135799786882","0,00000110103515485722","0,00000002555611053903","0,00000125453222370623","0,00000170597709085739","0,00000109551422474112","0,00000001150259538014","0,00000000966534133993","0,00000144757227978393","0,00000175858541697603","0,00000215774360733565","0,00000046819504680278","0,00000082641533918887"
"-0,44783659774881984200","0,00000041601940283916","0,00000080021779721837","0,00000015326979226291","0,00000001054525804423","0,00000001111101167729","0,00000120051204167792","0,00000031547548572409","0,00000001142179697162","0,00000109815433389972","0,00000002557118988131","0,00000125069046842503","0,00000170098658518553","0,00000109305271532145","0,00000001147897351030","0,00000000961114391774","0,00000145067346352098","0,00000175191421774555","0,00000215151251195989","0,00000046681194403444","0,00000082346310361578"
"-0,44583267511150526100","0,00000041445356459582","0,00000079686438663516","0,00000015251475853311","0,00000001052791600009","0,00000001119059195256","0,00000119706104039932","0,00000031459859642083","0,00000001148036185707","0,00000109517430550744","0,00000002557736992961","0,00000124680078329887","0,00000169595801977037","0,00000109055813559276","0,00000001145876588488","0,00000000956407087759","0,00000145373773054078","0,00000174522039734246","0,00000214521345479228","0,00000046541328357799","0,00000082050636720124"
"-0,44382875247419062400","0,00000041288996205198","0,00000079351231356987","0,00000015176244089945","0,00000001051220072848","0,00000001126426171432","0,00000119356274040278","0,00000031370005974472","0,00000001153369252517","0,00000109209506968038","0,00000002557465068393","0,00000124286316832774","0,00000169089139461191","0,00000108803048555504","0,00000001144197250388","0,00000000952412221947","0,00000145676508084334","0,00000173850395576675","0,00000213884643583280","0,00000046399906543341","0,00000081754512994524"
"-0,44182482983687598700","0,00000041132859520763","0,00000079016157802251","0,00000015101283936194","0,00000001049811222942","0,00000001133202096256","0,00000119001714168832","0,00000031277987569577","0,00000001158178897591","0,00000108891662641854","0,00000002556303214427","0,00000123887762351165","0,00000168578670971015","0,00000108546976520830","0,00000001142859336731","0,00000000949129794338","0,00000145975551442864","0,00000173176489301843","0,00000213241145508147","0,00000046256928960073","0,00000081457939184779"
"-0,43982090719956135100","0,00000040976946406278","0,00000078681217999308","0,00000015026595392059","0,00000001048565050290","0,00000001139386969730","0,00000118642424425591","0,00000031183804427398","0,00000001162465120931","0,00000108563897572191","0,00000002554251431063","0,00000123484414885059","0,00000168064396506508","0,00000108287597455253","0,00000001141862847516","0,00000000946559804932","0,00000146270903129670","0,00000172500320909750","0,00000212590851253828","0,00000046112395607992","0,00000081160915290889"
"-0,43781698456224671400","0,00000040821256861742","0,00000078346411948158","0,00000014952178457538","0,00000001047481554891","0,00000001144980791852","0,00000118278404810558","0,00000031087456547936","0,00000001166227922536","0,00000108226211759050","0,00000002551309718302","0,00000123076274434456","0,00000167546316067671","0,00000108024911358774","0,00000001141207782743","0,00000000944702253730","0,00000146562563144751","0,00000171821890400395","0,00000211933760820323","0,00000045966306487100","0,00000080863441312853"
"-0,43581306192493207700","0,00000040665790887156","0,00000078011739648800","0,00000014878033132632","0,00000001046560736747","0,00000001149983562622","0,00000117909655323731","0,00000030988943931189","0,00000001169467302405","0,00000107878605202431","0,00000002547478076142","0,00000122663340999357","0,00000167024429654504","0,00000107758918231393","0,00000001140894142412","0,00000000943557140731","0,00000146850531488108","0,00000171141197773779","0,00000211269874207632","0,00000045818661597397","0,00000080565517250672"
"-0,43380913928761744000","0,00000040510548482519","0,00000077677201101236","0,00000014804159417341","0,00000001045802595856","0,00000001154395282042","0,00000117536175965110","0,00000030888266577159","0,00000001172183260540","0,00000107521077902334","0,00000002542756504584","0,00000122245614579761","0,00000166498737267006","0,00000107489618073109","0,00000001140921926524","0,00000000943124465935","0,00000147134808159739","0,00000170458243029902","0,00000210599191415755","0,00000045669460938881","0,00000080267143104345"
"-0,43180521665030280300","0,00000040355529647832","0,00000077342796305465","0,00000014730557311665","0,00000001045207132220","0,00000001158215950110","0,00000117157966734696","0,00000030785424485844","0,00000001174375796940","0,00000107153629858759","0,00000002537145003628","0,00000121823095175668","0,00000165969238905179","0,00000107217010883923","0,00000001141291135078","0,00000000943404229342","0,00000147415393159646","0,00000169773026168764","0,00000209921712444692","0,00000045518704511554","0,00000079968318873873"
"-0,42980129401298822200","0,00000040200734383094","0,00000077008525261486","0,00000014657226815604","0,00000001044774345837","0,00000001161445566827","0,00000116775027632489","0,00000030680417657246","0,00000001176044911604","0,00000106776261071705","0,00000002530643573275","0,00000121395782787079","0,00000165435934569021","0,00000106941096663835","0,00000001142001768074","0,00000000944396430953","0,00000147692286487827","0,00000169085547190364","0,00000209237437294444","0,00000045366392315416","0,00000079669044559256"
"-0,42779737137567358500","0,00000040046162688306","0,00000076674387969300","0,00000014584167929157","0,00000001044504236709","0,00000001164084132193","0,00000116387358658489","0,00000030573246091363","0,00000001177190604534","0,00000106388971541174","0,00000002523252213523","0,00000120963677413993","0,00000164898824258532","0,00000106661875412844","0,00000001143053825512","0,00000000946101070766","0,00000147965488144284","0,00000168395806094703","0,00000208546365965009","0,00000045212524350465","0,00000079369320160494"
"-0,42579344873835894800","0,00000039891814563467","0,00000076340384428907","0,00000014511380652326","0,00000001044396804834","0,00000001166131646208","0,00000115994959812695","0,00000030463909788197","0,00000001177812875728","0,00000105991761267164","0,00000002514970924373","0,00000120526779056411","0,00000164357907973714","0,00000106379347130950","0,00000001144447307393","0,00000000948518148783","0,00000148234998129016","0,00000167703802881781","0,00000207848498456389","0,00000045057100616703","0,00000079069145677586"
"-0,42378952610104431100","0,00000039737690008578","0,00000076006514640307","0,00000014438864985109","0,00000001044452050213","0,00000001167588108871","0,00000115597831095108","0,00000030352408747747","0,00000001177911725188","0,00000105584630249676","0,00000002505799705826","0,00000120085087714332","0,00000163813185714565","0,00000106093511818154","0,00000001146182213716","0,00000000951647665004","0,00000148500816442023","0,00000167009537551598","0,00000207143834768583","0,00000044900121114130","0,00000078768521110532"
"-0,42178560346372967500","0,00000039583789023638","0,00000075672778603500","0,00000014366620927508","0,00000001044669972846","0,00000001168453520183","0,00000115195972505727","0,00000030238742970013","0,00000001177487152912","0,00000105167578488709","0,00000002495738557880","0,00000119638603387756","0,00000163264657481086","0,00000105804369474456","0,00000001148258544481","0,00000000955489619427","0,00000148762943083306","0,00000166313010104153","0,00000206432374901591","0,00000044741585842744","0,00000078467446459333"
"-0,41978168082641503800","0,00000039430111608648","0,00000075339176318486","0,00000014294648479521","0,00000001045050572734","0,00000001168727880144","0,00000114789384044553","0,00000030122912454995","0,00000001176539158902","0,00000104740605984265","0,00000002484787480536","0,00000119187326076684","0,00000162712323273277","0,00000105511920099856","0,00000001150676299688","0,00000000960044012054","0,00000149021378052863","0,00000165614220539447","0,00000205714118855413","0,00000044581494802547","0,00000078165921723989"
"-0,41777775818910040100","0,00000039276657763607","0,00000075005707785264","0,00000014222947641149","0,00000001045593849875","0,00000001168411188754","0,00000114378065711586","0,00000030004917202693","0,00000001175067743156","0,00000104303712736342","0,00000002472946473795","0,00000118731255781115","0,00000162156183091137","0,00000105216163694353","0,00000001153435479338","0,00000000965310842884","0,00000149276121350696","0,00000164913168857480","0,00000204989066630049","0,00000044419847993539","0,00000077863946904500"
"-0,41577383555178582000","0,00000039123427488516","0,00000074672373003836","0,00000014151518412392","0,00000001046299804270","0,00000001167503446012","0,00000113962017506825","0,00000029884757213107","0,00000001173072905676","0,00000103856898744941","0,00000002460215537655","0,00000118270392501050","0,00000161596236934667","0,00000104917100257947","0,00000001156536083430","0,00000000971290111917","0,00000149527172976804","0,00000164209855058251","0,00000204257218225499","0,00000044256645415719","0,00000077561522000865"
"-0,41376991291447118300","0,00000038970420783374","0,00000074339171974200","0,00000014080360793250","0,00000001047168435919","0,00000001166004651920","0,00000113541239430271","0,00000029762432486237","0,00000001170554646460","0,00000103400164010062","0,00000002446594672117","0,00000117804736236488","0,00000161032484803867","0,00000104614729790639","0,00000001159978111964","0,00000000977981819153","0,00000149774532931187","0,00000163504279141761","0,00000203518573641763","0,00000044091887069087","0,00000077258647013085"
"-0,41176599027715654600","0,00000038817637648182","0,00000074006104696358","0,00000014009474783723","0,00000001048199744822","0,00000001163914806476","0,00000113115731481923","0,00000029637943022083","0,00000001167512965509","0,00000102933508531705","0,00000002432083877182","0,00000117334286987429","0,00000160464926698737","0,00000104309052292429","0,00000001163761564940","0,00000000985385964593","0,00000150018201213846","0,00000162796441108010","0,00000202773132878842","0,00000043925572953643","0,00000076955321941159"
"-0,40976206763984190900","0,00000038665078082939","0,00000073673171170308","0,00000013938860383811","0,00000001049393730979","0,00000001161233909680","0,00000112685493661783","0,00000029511288820645","0,00000001163947862824","0,00000102456932309869","0,00000002416683152848","0,00000116859044753874","0,00000159893562619276","0,00000104000067763316","0,00000001167886442359","0,00000000993502548236","0,00000150258177824779","0,00000162086340956998","0,00000202020895936734","0,00000043757703069388","0,00000076651546785088"
"-0,40775814500252727200","0,00000038512742087646","0,00000073340371396051","0,00000013868517593514","0,00000001050750394389","0,00000001157961961534","0,00000112250525969848","0,00000029382469881923","0,00000001159859338403","0,00000101970435344556","0,00000002400392499117","0,00000116379009535822","0,00000159318392565485","0,00000103687776203301","0,00000001172352744220","0,00000001002331570082","0,00000150494462763988","0,00000161373978688724","0,00000201261862815441","0,00000043588277416321","0,00000076347321544872"
"-0,40575422236521263600","0,00000038360629662302","0,00000073007705373587","0,00000013798446412831","0,00000001052269735054","0,00000001154098962036","0,00000111810828406121","0,00000029251486205918","0,00000001155247392247","0,00000101474017635764","0,00000002383211915987","0,00000115894181333274","0,00000158739416537364","0,00000103372177612384","0,00000001177160470523","0,00000001011873030131","0,00000150727056031471","0,00000160659354303189","0,00000200496033514962","0,00000043417295994443","0,00000076042646220510"
"-0,40375029972789799900","0,00000038208740806908","0,00000072675173102916","0,00000013728646841764","0,00000001053951752973","0,00000001149644911187","0,00000111366400970600","0,00000029118337792628","0,00000001150112024357","0,00000100967679183494","0,00000002365141403459","0,00000115404560146229","0,00000158156634534913","0,00000103053271990564","0,00000001182309621268","0,00000001022126928384","0,00000150955957627230","0,00000159942467800393","0,00000199723408035297","0,00000043244758803753","0,00000075737520812003"
"-0,40174637709058336200","0,00000038057075521463","0,00000072342774584037","0,00000013659118880311","0,00000001055796448146","0,00000001144599808987","0,00000110917243663286","0,00000028983024642054","0,00000001144453234731","0,00000100451419987745","0,00000002346180961534","0,00000114910145974687","0,00000157570046558131","0,00000102731059337842","0,00000001187800196456","0,00000001033093264840","0,00000151181167551264","0,00000159223319180335","0,00000198943986376446","0,00000043070665844251","0,00000075431945319350"
"-0,39974245445326878100","0,00000037904933930965","0,00000072010006246856","0,00000013589952602028","0,00000001057725167107","0,00000001139460864727","0,00000110465526697359","0,00000028847036482042","0,00000001138691395935","0,00000099933997244795","0,00000002326928710748","0,00000114412999822478","0,00000156981932202520","0,00000102406260061650","0,00000001193275130806","0,00000001044074321974","0,00000151399296591611","0,00000158501308743083","0,00000198161886451983","0,00000042895965333764","0,00000075124983199008"
"-0,39773853181595414400","0,00000037751616160412","0,00000071676364521275","0,00000013521238080467","0,00000001059659256393","0,00000001134725287699","0,00000110013420286003","0,00000028711863040435","0,00000001133246880533","0,00000099424168150918","0,00000002307982771638","0,00000113915182693429","0,00000156394571063581","0,00000102079594569422","0,00000001198377359040","0,00000001054372382261","0,00000151606955536309","0,00000157775836788700","0,00000197381226175485","0,00000042721605490118","0,00000074815697907430"
"-0,39573460917863950700","0,00000037597122209802","0,00000071341849407296","0,00000013452975315630","0,00000001061598716003","0,00000001130393077904","0,00000109560924429216","0,00000028577504317233","0,00000001128119688525","0,00000098921932706116","0,00000002289343144204","0,00000113416694587542","0,00000155807963141313","0,00000101751062861158","0,00000001203106881158","0,00000001063987445702","0,00000151804144385357","0,00000157046903317188","0,00000196602005546951","0,00000042547586313314","0,00000074504089444617"
"-0,39373068654132487000","0,00000037441452079137","0,00000071006460904917","0,00000013385164307515","0,00000001063543545936","0,00000001126464235341","0,00000109108039126999","0,00000028443960312438","0,00000001123309819911","0,00000098427290910387","0,00000002271009828447","0,00000112917535504816","0,00000155222108435717","0,00000101420664936857","0,00000001207463697159","0,00000001072919512296","0,00000151990863138755","0,00000156314508328546","0,00000195824224566380","0,00000042373907803351","0,00000074190157810569"
"-0,39172676390401023300","0,00000037284605768416","0,00000070670199014140","0,00000013317805056124","0,00000001065493746194","0,00000001122938760009","0,00000108654764379351","0,00000028311231026048","0,00000001118817274692","0,00000097940242763733","0,00000002252982824367","0,00000112417705445250","0,00000154637006946792","0,00000101088400796520","0,00000001211447807043","0,00000001081168582043","0,00000152167111796504","0,00000155578651822775","0,00000195047883233773","0,00000042200569960230","0,00000073873903005286"
"-0,38972284126669559600","0,00000037126583277640","0,00000070333063734963","0,00000013250897561456","0,00000001067449316776","0,00000001119816651910","0,00000108201100186273","0,00000028179316458063","0,00000001114642052867","0,00000097460788266152","0,00000002235262131963","0,00000111917204408846","0,00000154052658674539","0,00000100754270440147","0,00000001215059210811","0,00000001088734654943","0,00000152332890358603","0,00000154839333799874","0,00000194272981549130","0,00000042027572783950","0,00000073555325028768"
"-0,38771891862938096000","0,00000036967384606807","0,00000069995055067388","0,00000013184441823511","0,00000001069410257681","0,00000001117097911043","0,00000107747046547764","0,00000028048216608484","0,00000001110784154436","0,00000096988927417645","0,00000002217847751235","0,00000111416032395603","0,00000153469063618958","0,00000100418273867737","0,00000001218297908463","0,00000001095617730997","0,00000152488198825052","0,00000154096554259843","0,00000193499519512451","0,00000041854916274511","0,00000073234423881015"
"-0,38571499599206637800","0,00000036807009755919","0,00000069656173011413","0,00000013118437842289","0,00000001071376568911","0,00000001114782537409","0,00000107292603463826","0,00000027917931477311","0,00000001107243579400","0,00000096524660218212","0,00000002200739682184","0,00000110914189405521","0,00000152886221780048","0,00000100080411079291","0,00000001221163899998","0,00000001101817810204","0,00000152633037195853","0,00000153350313202683","0,00000192727497123736","0,00000041682600431913","0,00000072911199562027"
"-0,38371107335475174200","0,00000036645458724975","0,00000069316417567039","0,00000013052885617790","0,00000001073348250464","0,00000001112870531006","0,00000106837770934456","0,00000027788461064544","0,00000001104020327757","0,00000096067986667853","0,00000002183937924809","0,00000110411675438600","0,00000152304133157810","0,00000099740682074808","0,00000001223657185416","0,00000001107334892564","0,00000152767405471003","0,00000152600610628393","0,00000191956914382984","0,00000041510625256157","0,00000072585652071804"
"-0,38170715071743710500","0,00000036482731513976","0,00000068975788734267","0,00000012987785150014","0,00000001075325302342","0,00000001111361891836","0,00000106382548959657","0,00000027659805370182","0,00000001101114399509","0,00000095618906766568","0,00000002167442479110","0,00000109908490494840","0,00000151722797752243","0,00000099399086854289","0,00000001225777764718","0,00000001112168978078","0,00000152891303650504","0,00000151847446536974","0,00000191187771290196","0,00000041338990747243","0,00000072257781410346"
"-0,37970322808012246800","0,00000036318828122920","0,00000068634286513095","0,00000012923136438961","0,00000001077307724543","0,00000001110256619897","0,00000105926937539427","0,00000027531964394226","0,00000001098525794655","0,00000095177420514357","0,00000002151253345089","0,00000109404634574241","0,00000151142215563348","0,00000099055625417734","0,00000001227525637903","0,00000001116320066744","0,00000153004731734356","0,00000151090820928425","0,00000190420067845372","0,00000041167696905169","0,00000071927587577653"
"-0,37769930544280783100","0,00000036153748551809","0,00000068291910903524","0,00000012858939484631","0,00000001079295517069","0,00000001109554715191","0,00000105470936673766","0,00000027404938136676","0,00000001096254513195","0,00000094743527911220","0,00000002135370522743","0,00000108900107676803","0,00000150562386591125","0,00000098710297765143","0,00000001228900804972","0,00000001119788158564","0,00000153107689722558","0,00000150330733802746","0,00000189653804048512","0,00000040996743729937","0,00000071595070573724"
"-0,37569538280549319400","0,00000035987492800642","0,00000067948661905555","0,00000012795194287024","0,00000001081288679918","0,00000001109256177717","0,00000105014546362676","0,00000027278726597531","0,00000001094300555130","0,00000094317228957157","0,00000002119794012074","0,00000108394909802527","0,00000149983310835573","0,00000098363103896515","0,00000001229903265925","0,00000001122573253538","0,00000153200177615110","0,00000149567185159938","0,00000188888979899616","0,00000040826131221547","0,00000071260230398561"
"-0,37369146016817855700","0,00000035820060869420","0,00000067604539519186","0,00000012731900846141","0,00000001083287213092","0,00000001109361007475","0,00000104557766606155","0,00000027153329776792","0,00000001092663920459","0,00000093898523652168","0,00000002104523813081","0,00000107889040951411","0,00000149404988296693","0,00000098014043811851","0,00000001230533020761","0,00000001124675351664","0,00000153282195412013","0,00000148800175000000","0,00000188125595398683","0,00000040655859379998","0,00000070923067052163"
"-0,37168753753086392100","0,00000035651452758141","0,00000067259543744418","0,00000012669059161980","0,00000001085291116589","0,00000001109869204465","0,00000104100597404203","0,00000027028747674459","0,00000001091344609181","0,00000093487411996253","0,00000002089559925765","0,00000107382501123456","0,00000148827418974485","0,00000097663117511150","0,00000001230790069480","0,00000001126094452944","0,00000153353743113266","0,00000148029703322932","0,00000187363650545714","0,00000040485928205290","0,00000070583580534529"
"-0,36968361489354933900","0,00000035481668466807","0,00000066913674581251","0,00000012606669234543","0,00000001087300390411","0,00000001110780768688","0,00000103643038756821","0,00000026904980290531","0,00000001090342621299","0,00000093083893989411","0,00000002074902350125","0,00000106875290318663","0,00000148250602868948","0,00000097310324994413","0,00000001230674412083","0,00000001126830557377","0,00000153414820718870","0,00000147255770128735","0,00000186603145340709","0,00000040316337697423","0,00000070241770845661"
"-0,36767969225623470200","0,00000035310707995417","0,00000066566932029685","0,00000012544731063829","0,00000001089315034556","0,00000001112095700142","0,00000103185090664009","0,00000026782027625009","0,00000001089657956810","0,00000092687969631644","0,00000002060551086162","0,00000106367408537030","0,00000147674539980082","0,00000096955666261640","0,00000001230186048569","0,00000001126883664963","0,00000153465428228824","0,00000146478375417408","0,00000185844079783668","0,00000040147087856398","0,00000069897637985557"
"-0,36567576961892006600","0,00000035138571343972","0,00000066219316089720","0,00000012483244649837","0,00000001091335049026","0,00000001113813998829","0,00000102726753125766","0,00000026659889677892","0,00000001089290615716","0,00000092299638922951","0,00000002046506133875","0,00000105858855778559","0,00000147099230307889","0,00000096599141312830","0,00000001229324978939","0,00000001126253775703","0,00000153505565643129","0,00000145697519188952","0,00000185086453874591","0,00000039978178682214","0,00000069551181954219"
"-0,36367184698160542900","0,00000034965258512470","0,00000065870826761356","0,00000012422209992569","0,00000001093360433819","0,00000001115935664747","0,00000102268026142093","0,00000026538566449182","0,00000001089240598015","0,00000091918901863331","0,00000002032767493265","0,00000105349632043248","0,00000146524673852367","0,00000096240750147984","0,00000001228091203192","0,00000001124940889596","0,00000153535232961784","0,00000144913201443366","0,00000184330267613477","0,00000039809610174872","0,00000069202402751645"
"-0,36166792434429079200","0,00000034790769500913","0,00000065521464044593","0,00000012361627092024","0,00000001095391188936","0,00000001118460697898","0,00000101808909712990","0,00000026418057938877","0,00000001089507903709","0,00000091545758452785","0,00000002019335164331","0,00000104839737331099","0,00000145950870613516","0,00000095880492767102","0,00000001226484721329","0,00000001122945006642","0,00000153554430184790","0,00000144125422180651","0,00000183575521000327","0,00000039641382334371","0,00000068851300377836"
"-0,35966400170697615500","0,00000034615104309300","0,00000065171227939431","0,00000012301495948202","0,00000001097427314378","0,00000001121389098281","0,00000101349403838456","0,00000026298364146977","0,00000001090092532798","0,00000091180208691314","0,00000002006209147073","0,00000104329171642111","0,00000145377820591337","0,00000095518369170183","0,00000001224505533350","0,00000001120266126841","0,00000153563157312146","0,00000143334181400805","0,00000182822214035142","0,00000039473495160711","0,00000068497874832793"
"-0,35766007906966151800","0,00000034438262937631","0,00000064820118445870","0,00000012241816561103","0,00000001099468810143","0,00000001124720865897","0,00000100889508518492","0,00000026179485073483","0,00000001090994485280","0,00000090822252578916","0,00000001993389441492","0,00000103817934976283","0,00000144805523785830","0,00000095154379357228","0,00000001222153639253","0,00000001116904250194","0,00000153561414343852","0,00000142539479103831","0,00000182070346717919","0,00000039305948653893","0,00000068142126116514"
"-0,35565615643234693700","0,00000034260245385907","0,00000064468135563910","0,00000012182588930727","0,00000001101515676232","0,00000001128456000744","0,00000100429223753097","0,00000026061420718395","0,00000001092213761157","0,00000090471890115592","0,00000001980876047587","0,00000103306027333617","0,00000144233980196995","0,00000094788523328236","0,00000001219429039041","0,00000001112859376700","0,00000153549201279909","0,00000141741315289726","0,00000181319919048661","0,00000039138742813916","0,00000067784054229000"
"-0,35365223379503230000","0,00000034081051654127","0,00000064115279293551","0,00000012123813057074","0,00000001103567912646","0,00000001132594502823","0,00000099968549542272","0,00000025944171081713","0,00000001093750360428","0,00000090129121301343","0,00000001968668965359","0,00000102793448714112","0,00000143663189824831","0,00000094420801083209","0,00000001216331732712","0,00000001108131506359","0,00000153526518120317","0,00000140939689958492","0,00000180570931027367","0,00000038971877640780","0,00000067423659170251"
"-0,35164831115771766300","0,00000033900681742291","0,00000063761549634793","0,00000012065488940145","0,00000001105625519383","0,00000001137136372135","0,00000099507485886017","0,00000025827736163436","0,00000001095604283093","0,00000089793946136167","0,00000001956768194807","0,00000102280199117768","0,00000143093152669338","0,00000094051212622144","0,00000001212861720266","0,00000001102720639171","0,00000153493364865074","0,00000140134603110129","0,00000179823382654036","0,00000038805353134486","0,00000067060940940267"
"-0,34964438852040302700","0,00000033719742364097","0,00000063407429106200","0,00000012006857212000","0,00000001107580833264","0,00000001141682884295","0,00000099045273093950","0,00000025711547140212","0,00000001097605837463","0,00000089459143259920","0,00000001944675240078","0,00000101764501094342","0,00000142522692039372","0,00000093679472704975","0,00000001209271495134","0,00000001097247026554","0,00000153457291914209","0,00000139327902211424","0,00000179074778692203","0,00000038638492955097","0,00000066696643475024"
"-0,34764046588308839000","0,00000033538840233244","0,00000063053400226337","0,00000011947158504701","0,00000001109326191107","0,00000001145835314920","0,00000098581151475689","0,00000025595035188689","0,00000001099585331848","0,00000089117491312458","0,00000001931891605315","0,00000101244577193589","0,00000141950631243785","0,00000093305296091632","0,00000001205813550747","0,00000001092330919922","0,00000153425849667749","0,00000138521434729166","0,00000178322623905402","0,00000038470620762679","0,00000066331510710496"
"-0,34563654324577375300","0,00000033357975349731","0,00000062699462995205","0,00000011886392818249","0,00000001110861592913","0,00000001149593664009","0,00000098115121031235","0,00000025478200308866","0,00000001101542766248","0,00000088768990293779","0,00000001918417290520","0,00000100720427415511","0,00000141376970282579","0,00000092928682782115","0,00000001202487887104","0,00000001087972319276","0,00000153399038125692","0,00000137715200663355","0,00000177566918293633","0,00000038301736557230","0,00000065965542646685"
"-0,34363262060845911600","0,00000033177147713558","0,00000062345617412803","0,00000011824560152643","0,00000001112187038682","0,00000001152957931563","0,00000097647181760587","0,00000025361042500743","0,00000001103478140664","0,00000088413640203886","0,00000001904252295692","0,00000100192051760107","0,00000140801709155754","0,00000092549632776424","0,00000001199294504205","0,00000001084171224617","0,00000153376857288039","0,00000136909200013991","0,00000176807661856896","0,00000038131840338751","0,00000065598739283590"
"-0,34162869797114447900","0,00000032996357324726","0,00000061991863479131","0,00000011761660507883","0,00000001113302528413","0,00000001155928117581","0,00000097177333663745","0,00000025243561764321","0,00000001105391455094","0,00000088051441042776","0,00000001889396620832","0,00000099659450227377","0,00000140224847863308","0,00000092168146074559","0,00000001196233402051","0,00000001080927635944","0,00000153359307154790","0,00000136103432781074","0,00000176044854595191","0,00000037960932107242","0,00000065231100621210"
"-0,33962477533382989800","0,00000032815604183234","0,00000061638201194189","0,00000011697693883970","0,00000001114208062108","0,00000001158504222064","0,00000096705576740710","0,00000025125758099599","0,00000001107282709541","0,00000087682392810451","0,00000001873850265939","0,00000099122622817321","0,00000139646386405243","0,00000091784222676520","0,00000001193304580641","0,00000001078241553257","0,00000153346387725945","0,00000135297898964604","0,00000175278496508518","0,00000037789011862703","0,00000064862626659547"
"-0,33762085269651526100","0,00000032634888289082","0,00000061284630557977","0,00000011632660280903","0,00000001114903639764","0,00000001160686245012","0,00000096231910991481","0,00000025007631506578","0,00000001109151904002","0,00000087306495506910","0,00000001857613231014","0,00000098581569529940","0,00000139066324781558","0,00000091397862582307","0,00000001190508039975","0,00000001076112976556","0,00000153338099001504","0,00000134492598564581","0,00000174508587596877","0,00000037616079605134","0,00000064493317398599"
"-0,33561693005920062400","0,00000032454209642271","0,00000060931151570496","0,00000011566559698682","0,00000001115389261384","0,00000001162474186424","0,00000095756336416059","0,00000024889181985257","0,00000001110999038479","0,00000086923749132153","0,00000001840685516055","0,00000098036290365232","0,00000138484662992253","0,00000091009065791920","0,00000001187843780054","0,00000001074541905841","0,00000153334440981468","0,00000133687531581004","0,00000173735127860268","0,00000037442135334534","0,00000064123172838368"
"-0,33361300742188598800","0,00000032273568242799","0,00000060577764231744","0,00000011499392137307","0,00000001115664926966","0,00000001163868046301","0,00000095278853014443","0,00000024770409535636","0,00000001112824112970","0,00000086534153686181","0,00000001823067121065","0,00000097486785323199","0,00000137901401037328","0,00000090617832305359","0,00000001185311800878","0,00000001073528341113","0,00000153335413665835","0,00000132882698013875","0,00000172958117298691","0,00000037267179050905","0,00000063752192978853"
"-0,33160908478457135100","0,00000032092964090668","0,00000060224468541723","0,00000011431157596779","0,00000001115730636511","0,00000001164867824642","0,00000094799460786633","0,00000024651314157716","0,00000001114627127478","0,00000086137709168992","0,00000001804758046041","0,00000096933054403840","0,00000137316538916784","0,00000090224162122625","0,00000001182912102445","0,00000001073072282371","0,00000153341017054606","0,00000132078097863193","0,00000172177555912145","0,00000037091210754246","0,00000063380377820053"
"-0,32960516214725671400","0,00000031912397185878","0,00000059871264500432","0,00000011361856077098","0,00000001115586390019","0,00000001165473521448","0,00000094318159732630","0,00000024531895851496","0,00000001116408082000","0,00000085734415580589","0,00000001785758290986","0,00000096375097607155","0,00000136730076630620","0,00000089828055243716","0,00000001180644684757","0,00000001073173729615","0,00000153351251147781","0,00000131273731128958","0,00000171393443700632","0,00000036914230444556","0,00000063007727361970"
"-0,32760123950994207700","0,00000031731867528428","0,00000059518152107871","0,00000011291487578262","0,00000001115232187489","0,00000001165685136719","0,00000093834949852433","0,00000024412154616976","0,00000001118166976538","0,00000085324272920969","0,00000001766067855897","0,00000095812914933144","0,00000136142014178836","0,00000089429511668633","0,00000001178509547814","0,00000001073832682845","0,00000153366115945361","0,00000130469597811170","0,00000170605780664151","0,00000036736238121837","0,00000062634241604603"
"-0,32559731687262749600","0,00000031551375118318","0,00000059165131364040","0,00000011220052100273","0,00000001114668028922","0,00000001165502670454","0,00000093349831146043","0,00000024292090454157","0,00000001119903811090","0,00000084907281190134","0,00000001745686740776","0,00000095246506381807","0,00000135552351561432","0,00000089028531397377","0,00000001176506691614","0,00000001075049142061","0,00000153385611447344","0,00000129665697909829","0,00000169814566802701","0,00000036557233786087","0,00000062259920547951"
"-0,32359339423531285900","0,00000031370919955548","0,00000058812202268939","0,00000011147549643130","0,00000001113893914318","0,00000001164926122654","0,00000092862803613459","0,00000024171703363038","0,00000001121618585659","0,00000084483440388083","0,00000001724614945622","0,00000094675871953144","0,00000134961088778409","0,00000088625114429946","0,00000001174636116160","0,00000001076823107263","0,00000153409737653731","0,00000128862031424935","0,00000169019802116284","0,00000036377217437307","0,00000061884764192016"
"-0,32158947159799822200","0,00000031190502040119","0,00000058459364822569","0,00000011073980206834","0,00000001112909843677","0,00000001163955493319","0,00000092373867254682","0,00000024050993343620","0,00000001123311300242","0,00000084052750514816","0,00000001702852470436","0,00000094101011647156","0,00000134368225829766","0,00000088219260766342","0,00000001172897821449","0,00000001079154578452","0,00000153438494564523","0,00000128058598356487","0,00000168221486604899","0,00000036196189075497","0,00000061508772536797"
"-0,31958554896068358500","0,00000031010121372030","0,00000058106619024928","0,00000010999343791384","0,00000001111715816998","0,00000001162590782448","0,00000091883022069711","0,00000023929960395902","0,00000001124981954841","0,00000083615211570334","0,00000001680399315217","0,00000093521925463841","0,00000133773762715503","0,00000087810970406564","0,00000001171291807483","0,00000001082043555627","0,00000153471882179718","0,00000127255398704487","0,00000167419620268545","0,00000036014148700657","0,00000061131945582293"
"-0,31758162632336894800","0,00000030829777951281","0,00000057753964876018","0,00000010923640396780","0,00000001110311834282","0,00000001160831990042","0,00000091390268058546","0,00000023808604519885","0,00000001126630549454","0,00000083170823554636","0,00000001657255479965","0,00000092938613403201","0,00000133177699435620","0,00000087400243350611","0,00000001169818074261","0,00000001085490038788","0,00000153509900499317","0,00000126452432468934","0,00000166614203107223","0,00000035831096312787","0,00000060754283328506"
"-0,31557770368605431200","0,00000030649471777873","0,00000057401402375838","0,00000010846870023022","0,00000001108697895528","0,00000001158679116100","0,00000090895605221188","0,00000023686925715567","0,00000001128257084084","0,00000082719586467722","0,00000001633420964681","0,00000092351075465235","0,00000132580035990117","0,00000086987079598485","0,00000001168476621784","0,00000001089494027935","0,00000153552549523321","0,00000125649699649828","0,00000165805235120934","0,00000035647031911887","0,00000060375785775435"
"-0,31357378104873967500","0,00000030469202851805","0,00000057048931524388","0,00000010769032670111","0,00000001106874000737","0,00000001156132160623","0,00000090399033557636","0,00000023564923982950","0,00000001129861558728","0,00000082261500309593","0,00000001608895769365","0,00000091759311649943","0,00000131980772378995","0,00000086571479150185","0,00000001167267450051","0,00000001094055523068","0,00000153599829251728","0,00000124847200247168","0,00000164992716309676","0,00000035461955497957","0,00000059996452923080"
"-0,31156985841142503800","0,00000030288971173077","0,00000056696552321668","0,00000010690128338046","0,00000001104840149909","0,00000001153191123611","0,00000089900553067891","0,00000023442599322034","0,00000001131443973388","0,00000081796565080248","0,00000001583679894015","0,00000091163321957325","0,00000131379908602253","0,00000086153442005711","0,00000001166190559063","0,00000001099174524188","0,00000153651739684539","0,00000124044934260956","0,00000164176646673451","0,00000035275867070996","0,00000059616284771440"
"-0,30956593577411045700","0,00000030108776741689","0,00000056344264767678","0,00000010610157026828","0,00000001102596343044","0,00000001149856005063","0,00000089400163751952","0,00000023319951732818","0,00000001133004328063","0,00000081324780779687","0,00000001557773338633","0,00000090563106387381","0,00000130777444659892","0,00000085732968165063","0,00000001165245948818","0,00000001104851031293","0,00000153708280821755","0,00000123242901691191","0,00000163357026212257","0,00000035088766631006","0,00000059235281320517"
"-0,30756201313679582000","0,00000029928619557642","0,00000055992068862419","0,00000010529118736456","0,00000001100142580141","0,00000001146126804980","0,00000088897865609820","0,00000023196981215302","0,00000001134542622753","0,00000080846147407910","0,00000001531176103219","0,00000089958664940111","0,00000130173380551910","0,00000085310057628241","0,00000001164433619319","0,00000001111085044385","0,00000153769452663374","0,00000122441102537872","0,00000162533854926095","0,00000034900654177985","0,00000058853442570310"
"-0,30555809049948118300","0,00000029748499620935","0,00000055639964605889","0,00000010447013466930","0,00000001097478861202","0,00000001142003523361","0,00000088393658641494","0,00000023073687769487","0,00000001136058857458","0,00000080360664964918","0,00000001503888187772","0,00000089349997615516","0,00000129567716278309","0,00000084884710395245","0,00000001163753570563","0,00000001117876563463","0,00000153835255209398","0,00000121639536801001","0,00000161707132814965","0,00000034711529711935","0,00000058470768520819"
"-0,30355416786216654600","0,00000029568416931569","0,00000055287951998090","0,00000010363841218250","0,00000001094605186224","0,00000001137486160207","0,00000087887542846974","0,00000022950071395372","0,00000001137553032179","0,00000079868333450710","0,00000001475909592292","0,00000088737104413595","0,00000128960451839088","0,00000084456926466075","0,00000001163205802552","0,00000001125225588527","0,00000153905688459825","0,00000120838204480577","0,00000160876859878867","0,00000034521393232854","0,00000058087259172043"
"-0,30155024522485190900","0,00000029388371489542","0,00000054936031039021","0,00000010279601990417","0,00000001091521555210","0,00000001132574715518","0,00000087379518226261","0,00000022826132092957","0,00000001139025146915","0,00000079369152865286","0,00000001447240316780","0,00000088119985334347","0,00000128351587234247","0,00000084026705840732","0,00000001162790315286","0,00000001133132119578","0,00000153980752414657","0,00000120037105576599","0,00000160043036117801","0,00000034330244740743","0,00000057702914523984"
"-0,29954632258753727300","0,00000029208362475231","0,00000054583381741937","0,00000010195046507683","0,00000001088420716502","0,00000001127688756429","0,00000086870068514094","0,00000022702370240457","0,00000001140447148451","0,00000078869868454555","0,00000001418622971937","0,00000087500884322332","0,00000127742239700837","0,00000083594697263286","0,00000001162456176735","0,00000001141009422729","0,00000154053198976144","0,00000119236198944619","0,00000159208459307067","0,00000034139054432591","0,00000057318121475786"
"-0,29754239995022263600","0,00000029028389069010","0,00000054229184120094","0,00000010110925494300","0,00000001085495418445","0,00000001123247850076","0,00000086359677445214","0,00000022579286216084","0,00000001141790983571","0,00000078377225464423","0,00000001390800168467","0,00000086882045322106","0,00000127133526475909","0,00000083161549477811","0,00000001162152454870","0,00000001148270764095","0,00000154115780046538","0,00000118435443440188","0,00000158375927221965","0,00000033948792505385","0,00000056933266926595"
"-0,29553847731290799900","0,00000028848451270878","0,00000053873438173491","0,00000010027238950268","0,00000001082745661038","0,00000001119251996459","0,00000085848345019622","0,00000022456880019839","0,00000001143056652277","0,00000077891223894892","0,00000001363771906370","0,00000086263468333670","0,00000126525447559462","0,00000082727262484306","0,00000001161879149693","0,00000001154916143677","0,00000154168495625839","0,00000117634839063304","0,00000157545439862495","0,00000033759458959126","0,00000056548350876411"
"-0,29353455467559341800","0,00000028668549080836","0,00000053516143902128","0,00000009943986875587","0,00000001080171444282","0,00000001115701195578","0,00000085336071237316","0,00000022335151651721","0,00000001144244154567","0,00000077411863745961","0,00000001337538185645","0,00000085645153357024","0,00000125918002951497","0,00000082291836282772","0,00000001161636261202","0,00000001160945561475","0,00000154211345714047","0,00000116834385813968","0,00000156716997228657","0,00000033571053793813","0,00000056163373325234"
"-0,29153063203827878100","0,00000028488682498884","0,00000053157301306006","0,00000009861169270258","0,00000001077772768176","0,00000001112595447433","0,00000084822856098296","0,00000022214101111731","0,00000001145353490442","0,00000076939145017631","0,00000001312099006292","0,00000085027100392167","0,00000125311192652013","0,00000081855270873207","0,00000001161423789398","0,00000001166359017487","0,00000154244330311162","0,00000116034083692180","0,00000155890599320451","0,00000033383577009448","0,00000055778334273064"
"-0,28952670940096414400","0,00000028308851525022","0,00000052796910385124","0,00000009778786134280","0,00000001075549632721","0,00000001109934752024","0,00000084308699602564","0,00000022093728399869","0,00000001146384659901","0,00000076473067709900","0,00000001287454368312","0,00000084409309439100","0,00000124705016661012","0,00000081417566255614","0,00000001161241734281","0,00000001171156511715","0,00000154267449417185","0,00000115233932697940","0,00000155066246137877","0,00000033197028606029","0,00000055393233719901"
"-0,28752278676364950700","0,00000028129056159249","0,00000052434971139482","0,00000009696837467653","0,00000001073502037917","0,00000001107719109351","0,00000083793601750119","0,00000021974033516134","0,00000001147337662946","0,00000076013631822770","0,00000001263604271704","0,00000083791780497822","0,00000124099474978491","0,00000080978722429990","0,00000001161090095851","0,00000001175338044159","0,00000154280703032114","0,00000114433932831248","0,00000154243937680934","0,00000033011408583557","0,00000055008071665744"
"-0,28551886412633487000","0,00000027949296401566","0,00000052071483569081","0,00000009615323270378","0,00000001071629983763","0,00000001105948519415","0,00000083277562540960","0,00000021855016460527","0,00000001148212499575","0,00000075560837356239","0,00000001240548716469","0,00000083174513568335","0,00000123494567604453","0,00000080538739396337","0,00000001160968874107","0,00000001178903614818","0,00000154284091155951","0,00000113634084092104","0,00000153423673949624","0,00000032826716942031","0,00000054622848110595"
"-0,28351494148902023300","0,00000027769572251974","0,00000051706447673920","0,00000009534243542454","0,00000001069933470260","0,00000001104622982214","0,00000082760581975088","0,00000021736677233047","0,00000001149009169789","0,00000075114684310309","0,00000001218287702606","0,00000082557508650636","0,00000122890294538896","0,00000080097617154655","0,00000001160878069050","0,00000001181853223692","0,00000154277613788695","0,00000112834386480508","0,00000152605454943946","0,00000032642953681452","0,00000054237563054452"
"-0,28151101885170559700","0,00000027589883710470","0,00000051339863454000","0,00000009453598283881","0,00000001068412497407","0,00000001103742497749","0,00000082242660052503","0,00000021619015833695","0,00000001149727673587","0,00000074675172684980","0,00000001196821230116","0,00000081940765744728","0,00000122286655781820","0,00000079655355704942","0,00000001160817680680","0,00000001184186870782","0,00000154261270930345","0,00000112034839996460","0,00000151789280663899","0,00000032460118801820","0,00000053852216497316"
"-0,27950709621439101500","0,00000027410230777057","0,00000050971730909320","0,00000009373387494660","0,00000001067067065205","0,00000001103307066021","0,00000081723796773205","0,00000021502032262471","0,00000001150368010970","0,00000074242302480250","0,00000001176149298998","0,00000081324284850609","0,00000121683651333226","0,00000079211955047200","0,00000001160787708997","0,00000001185904556087","0,00000154235062580903","0,00000111235444639960","0,00000150975151109485","0,00000032278212303135","0,00000053466808439188"
"-0,27750317357707637800","0,00000027230613451733","0,00000050602050039880","0,00000009293611174789","0,00000001065897173654","0,00000001103316687028","0,00000081203992137194","0,00000021385726519374","0,00000001150930181938","0,00000073816073696121","0,00000001156271909253","0,00000080708065968279","0,00000121081281193114","0,00000078767415181429","0,00000001160788154000","0,00000001187006279607","0,00000154198988740368","0,00000110436200411008","0,00000150163066280702","0,00000032097234185396","0,00000053081338880066"
"-0,27549925093976174200","0,00000027051031734500","0,00000050230820845681","0,00000009214269324270","0,00000001064902822753","0,00000001103771360772","0,00000080683246144470","0,00000021270098604405","0,00000001151414186491","0,00000073396486332591","0,00000001137189060880","0,00000080092109097740","0,00000120479545361483","0,00000078321736107627","0,00000001160819015691","0,00000001187492041343","0,00000154153049408740","0,00000109637107309604","0,00000149353026177552","0,00000031917184448605","0,00000052695807819951"
"-0,27349532830244710500","0,00000026871485625355","0,00000049858043326722","0,00000009135361943103","0,00000001064084012503","0,00000001104671087251","0,00000080161558795032","0,00000021155148517564","0,00000001151820024629","0,00000072983540389662","0,00000001118900753879","0,00000079476414238990","0,00000119878443838334","0,00000077874917825796","0,00000001160880294068","0,00000001187361841294","0,00000154097244586019","0,00000108838165335748","0,00000148545030800033","0,00000031738063092759","0,00000052310215258842"
"-0,27149140566513246800","0,00000026691975124301","0,00000049483717483003","0,00000009056889031287","0,00000001063440742903","0,00000001106015866467","0,00000079638930088882","0,00000021040876258850","0,00000001152147696351","0,00000072577235867333","0,00000001101406988251","0,00000078860981392029","0,00000119277976623667","0,00000077426960335936","0,00000001160971989132","0,00000001186615679461","0,00000154031574272205","0,00000108039374489440","0,00000147739080148146","0,00000031559870117861","0,00000051924561196741"
"-0,26948748302781783100","0,00000026512500231337","0,00000049107843314525","0,00000008978850588821","0,00000001062973013954","0,00000001107805698419","0,00000079115360026018","0,00000020927281828263","0,00000001152397201658","0,00000072177572765605","0,00000001084707763995","0,00000078245810556858","0,00000118678143717481","0,00000076977863638046","0,00000001161094100882","0,00000001185253555843","0,00000153956038467298","0,00000107240734770680","0,00000146935174221891","0,00000031382605523909","0,00000051538845633647"
"-0,26748356039050319400","0,00000026333060946462","0,00000048730420821288","0,00000008901246615708","0,00000001062680825655","0,00000001110040583107","0,00000078590848606441","0,00000020814365225805","0,00000001152568540549","0,00000071784551084476","0,00000001068803081112","0,00000077630901733477","0,00000118078945119777","0,00000076527627732126","0,00000001161246629320","0,00000001183275470440","0,00000153870637171298","0,00000106442246179468","0,00000146133313021268","0,00000031206269310904","0,00000051153068569559"
"-0,26547963775318855800","0,00000026153657269677","0,00000048351450003290","0,00000008824077111945","0,00000001062564178007","0,00000001112720520530","0,00000078065395830151","0,00000020702126451474","0,00000001152661713026","0,00000071398170823948","0,00000001053692939601","0,00000077016254921885","0,00000117480380830554","0,00000076076252618176","0,00000001161429574444","0,00000001180681423253","0,00000153775370384206","0,00000105643908715803","0,00000145333496546278","0,00000031030861478846","0,00000050767230004478"
"-0,26347571511587397600","0,00000025974289200982","0,00000047970930860533","0,00000008747342077534","0,00000001062623071010","0,00000001115845510690","0,00000077539001697148","0,00000020590565505271","0,00000001152676719087","0,00000071018431984020","0,00000001039377339463","0,00000076401870122083","0,00000116882450849813","0,00000075623738296197","0,00000001161642936255","0,00000001177471414281","0,00000153670238106020","0,00000104845722379687","0,00000144535724796919","0,00000030856382027734","0,00000050381329938405"
"-0,26147179247855933900","0,00000025794956740377","0,00000047588863393017","0,00000008671041512474","0,00000001062857504663","0,00000001119415553586","0,00000077011666207432","0,00000020479682387195","0,00000001152613558733","0,00000070645334564692","0,00000001025856280697","0,00000075787747334071","0,00000116285155177554","0,00000075170084766189","0,00000001161886714753","0,00000001173645443525","0,00000153555240336741","0,00000104047687171119","0,00000143739997773192","0,00000030682830957569","0,00000049995368371338"
"-0,25946786984124470300","0,00000025615659887861","0,00000047205247600740","0,00000008595175416766","0,00000001063267478967","0,00000001123430649218","0,00000076483389361002","0,00000020369477097247","0,00000001152472231964","0,00000070278878565964","0,00000001013129763304","0,00000075173886557848","0,00000115688493813776","0,00000074715292028150","0,00000001162160909937","0,00000001169203510984","0,00000153430377076370","0,00000103249803090099","0,00000142946315475096","0,00000030510208268351","0,00000049609345303278"
"-0,25746394720393006600","0,00000025436398643435","0,00000046820083483705","0,00000008519743790408","0,00000001063852993921","0,00000001127890797586","0,00000075954171157860","0,00000020259949635426","0,00000001152252738779","0,00000069919063987837","0,00000001001197787283","0,00000074560287793415","0,00000115092466758479","0,00000074259360082082","0,00000001162465521809","0,00000001164145616658","0,00000153295648324906","0,00000102452070136627","0,00000142154677902633","0,00000030338513960080","0,00000049223260734225"
"-0,25546002456661542900","0,00000025257173007099","0,00000046433371041909","0,00000008444746633402","0,00000001064614049526","0,00000001132795998690","0,00000075424011598004","0,00000020151100001733","0,00000001151955079179","0,00000069565890830309","0,00000000990060352635","0,00000073946951040772","0,00000114497074011665","0,00000073802288927984","0,00000001162800550367","0,00000001158471760548","0,00000153151054082348","0,00000101654488310703","0,00000141365085055802","0,00000030167748032755","0,00000048837114664179"
"-0,25345610192930079200","0,00000025077982978853","0,00000046045110275354","0,00000008370183945748","0,00000001065550645782","0,00000001138146252530","0,00000074892910681435","0,00000020042928196168","0,00000001151579253164","0,00000069219359093382","0,00000000979717459359","0,00000073333876299918","0,00000113902315573332","0,00000073344078565857","0,00000001163165995612","0,00000001152181942653","0,00000152996594348698","0,00000100857057612327","0,00000140577536934603","0,00000029997910486377","0,00000048450907093139"
"-0,25145217929198615500","0,00000024898828558697","0,00000045655301184040","0,00000008296055727444","0,00000001066662782688","0,00000001143941559106","0,00000074360868408153","0,00000019935434218731","0,00000001151125260733","0,00000068879468777055","0,00000000970169107455","0,00000072721063570854","0,00000113308191443480","0,00000072884728995700","0,00000001163561857543","0,00000001145276162974","0,00000152832269123955","0,00000100059778041499","0,00000139792033539036","0,00000029829001320946","0,00000048064638021107"
"-0,24944825665467154600","0,00000024720283279568","0,00000045266096984141","0,00000008222493552334","0,00000001067819124724","0,00000001149752261878","0,00000073829016609289","0,00000019828091462748","0,00000001150598404167","0,00000068540290754965","0,00000000961305891610","0,00000072107069369888","0,00000112714160932338","0,00000072423732626125","0,00000001163967005065","0,00000001138354089643","0,00000152663785162481","0,00000099264962524079","0,00000139006756101982","0,00000029659970568133","0,00000047678347761711"
"-0,24744433401735690900","0,00000024542920674404","0,00000044879650891834","0,00000008149628994260","0,00000001068888336369","0,00000001155148704306","0,00000073298487115975","0,00000019720373321548","0,00000001150003985743","0,00000068195895900750","0,00000000953018406510","0,00000071490450213328","0,00000112119683350132","0,00000071960581865742","0,00000001164360307082","0,00000001132015390794","0,00000152496849218640","0,00000098474923985927","0,00000138219885856323","0,00000029489768259610","0,00000047292076628582"
"-0,24544041138004230000","0,00000024366740743204","0,00000044495962907118","0,00000008077462053221","0,00000001069870417622","0,00000001160130886389","0,00000072769279928211","0,00000019612279795131","0,00000001149342005462","0,00000067846284214410","0,00000000945306652154","0,00000070871206101174","0,00000111524758696863","0,00000071495276714552","0,00000001164741763592","0,00000001126260066428","0,00000152331461292431","0,00000097689662427044","0,00000137431422802059","0,00000029318394395377","0,00000046905824621719"
"-0,24343648874272766400","0,00000024191743485970","0,00000044115033029994","0,00000008005992729217","0,00000001070765368485","0,00000001164698808128","0,00000072241395045997","0,00000019503810883496","0,00000001148612463323","0,00000067491455695944","0,00000000938170628543","0,00000070249337033426","0,00000110929386972530","0,00000071027817172555","0,00000001165111374597","0,00000001121088116543","0,00000152167621383854","0,00000096909177847429","0,00000136641366939189","0,00000029145848975435","0,00000046519591741123"
"-0,24143256610541302700","0,00000024017928902701","0,00000043736861260462","0,00000007935221022249","0,00000001071573188957","0,00000001168852469522","0,00000071714832469332","0,00000019394966586644","0,00000001147815359328","0,00000067131410345352","0,00000000931610335676","0,00000069624843010084","0,00000110333568177134","0,00000070558203239751","0,00000001165469140096","0,00000001116499541140","0,00000152005329492910","0,00000096133470247083","0,00000135849718267715","0,00000028972131999783","0,00000046133377986793"
"-0,23942864346809839000","0,00000023845296993397","0,00000043361447598521","0,00000007865146932317","0,00000001072293879037","0,00000001172591870571","0,00000071189592198218","0,00000019285746904575","0,00000001146950693475","0,00000066766148162635","0,00000000925625773554","0,00000068997724031148","0,00000109737302310675","0,00000070086434916139","0,00000001165815060089","0,00000001112494340220","0,00000151844585619598","0,00000095362539626005","0,00000135056476787635","0,00000028797243468420","0,00000045747183358730"
"-0,23742472083078378100","0,00000023673847758058","0,00000042988792044172","0,00000007795770459420","0,00000001072927438727","0,00000001175917011276","0,00000070665674232653","0,00000019176151837288","0,00000001146018465764","0,00000066395669147793","0,00000000920216942177","0,00000068367980096619","0,00000109140589373152","0,00000069612512201720","0,00000001166149134576","0,00000001109072513781","0,00000151685389763918","0,00000094596385984196","0,00000134261642498951","0,00000028621183381348","0,00000045361007856933"
"-0,23542079819346914400","0,00000023503581196684","0,00000042618894597415","0,00000007727091603558","0,00000001073473868025","0,00000001178827891637","0,00000070143078572638","0,00000019066181384784","0,00000001145018676197","0,00000066019973300825","0,00000000915383841545","0,00000067735611206495","0,00000108543429364565","0,00000069136435096494","0,00000001166471363557","0,00000001106234061825","0,00000151527741925870","0,00000093835009321654","0,00000133465215401661","0,00000028443951738566","0,00000044974851481403"
"-0,23341687555615450700","0,00000023334497309274","0,00000042251755258249","0,00000007659110364732","0,00000001073933166933","0,00000001181324511653","0,00000069621805218172","0,00000018955835547063","0,00000001143951324772","0,00000065639060621732","0,00000000911126471657","0,00000067100617360778","0,00000107945822284915","0,00000068658203600460","0,00000001166781747033","0,00000001103978984350","0,00000151371642105455","0,00000093078409638382","0,00000132667195495766","0,00000028265548540075","0,00000044588714232139"
"-0,23141295291883987000","0,00000023166596095830","0,00000041887374026674","0,00000007591826742942","0,00000001074305335449","0,00000001183406871325","0,00000069101854169257","0,00000018845114324124","0,00000001142816411490","0,00000065252931110513","0,00000000907444832513","0,00000066462998559467","0,00000107347768134202","0,00000068177817713620","0,00000001167080285002","0,00000001102307281358","0,00000151217090302672","0,00000092326586934378","0,00000131867582781266","0,00000028085973785873","0,00000044202596109142"
"-0,22940903028152526100","0,00000022999877556351","0,00000041525750902691","0,00000007525240738187","0,00000001074590373575","0,00000001185074970652","0,00000068583225425891","0,00000018734017715968","0,00000001141613936351","0,00000064861584767169","0,00000000904338924115","0,00000065822754802562","0,00000106749266912425","0,00000067695277435972","0,00000001167366977466","0,00000001101218952847","0,00000151064086517521","0,00000091579541209642","0,00000131066377258161","0,00000027905227475962","0,00000043816497112411"
"-0,22740510764421062400","0,00000022834341690836","0,00000041166885886300","0,00000007459352350468","0,00000001074788281309","0,00000001186328809635","0,00000068065918988075","0,00000018622545722594","0,00000001140343899355","0,00000064465021591699","0,00000000901808746461","0,00000065179886090063","0,00000106150318619585","0,00000067210582767516","0,00000001167641824424","0,00000001100713998819","0,00000150912630750002","0,00000090837272464174","0,00000130263578926451","0,00000027723309610340","0,00000043430417241947"
"-0,22540118500689598800","0,00000022669988499287","0,00000040810778977501","0,00000007394161579784","0,00000001074899058652","0,00000001187168388274","0,00000067549934855809","0,00000018510698344003","0,00000001139006300501","0,00000064063241584104","0,00000000899854299551","0,00000064534392421970","0,00000105550923255681","0,00000066723733708254","0,00000001167904825877","0,00000001100792419272","0,00000150762723000116","0,00000090099780697975","0,00000129459187786136","0,00000027540220189009","0,00000043044356497749"
"-0,22339726236958137900","0,00000022506817981703","0,00000040457430176292","0,00000007329668426136","0,00000001074922705604","0,00000001187593706568","0,00000067035273029093","0,00000018398475580195","0,00000001137601139790","0,00000063656244744383","0,00000000898475583386","0,00000063886273798284","0,00000104951080820714","0,00000066234730258184","0,00000001168155981823","0,00000001101454214208","0,00000150614363267862","0,00000089367065911045","0,00000128653203837215","0,00000027355959211968","0,00000042658314879818"
"-0,22139333973226674200","0,00000022344830138083","0,00000040106839482676","0,00000007265872889523","0,00000001074859222165","0,00000001187604764517","0,00000066521933507926","0,00000018285877431169","0,00000001136128417222","0,00000063244031072537","0,00000000897672597966","0,00000063235530219003","0,00000104350791314683","0,00000065743572417307","0,00000001168395292263","0,00000001102699383625","0,00000150467551553240","0,00000088639128103382","0,00000127845627079690","0,00000027170526679217","0,00000042272292388153"
"-0,21938941709495210500","0,00000022184024968429","0,00000039759006896651","0,00000007202774969945","0,00000001074708608335","0,00000001187201562122","0,00000066009916292310","0,00000018172903896926","0,00000001134588132796","0,00000062826600568566","0,00000000897445343291","0,00000062582161684129","0,00000103750054737589","0,00000065250260185623","0,00000001168622757198","0,00000001104527927525","0,00000150322287856250","0,00000087915967274988","0,00000127036457513559","0,00000026983922590757","0,00000041886289022755"
"-0,21738549445763746800","0,00000022024402472739","0,00000039413932418218","0,00000007140374667404","0,00000001074470864114","0,00000001186384099383","0,00000065499221382243","0,00000018059554977465","0,00000001132980286514","0,00000062403953232469","0,00000000897793819360","0,00000061926168193661","0,00000103148871089432","0,00000064754793563131","0,00000001168838376627","0,00000001106939845907","0,00000150178572176893","0,00000087197583425863","0,00000126225695138823","0,00000026796146946586","0,00000041500304783623"
"-0,21538157182032285900","0,00000021865962651015","0,00000039071616047376","0,00000007078671981897","0,00000001074145989502","0,00000001185152376299","0,00000064989848777726","0,00000017945830672787","0,00000001131304878374","0,00000061976089064246","0,00000000898718026174","0,00000061267549747598","0,00000102547240370211","0,00000064257172549833","0,00000001169042150550","0,00000001109935138770","0,00000150036404515168","0,00000086483976556006","0,00000125413339955482","0,00000026607199746706","0,00000041114339670757"
"-0,21337764918300822200","0,00000021708705503255","0,00000038732057784126","0,00000007017666913427","0,00000001073733984499","0,00000001183506392870","0,00000064481798478758","0,00000017831730982892","0,00000001129561908377","0,00000061543008063898","0,00000000900217963732","0,00000060606306345942","0,00000101945162579927","0,00000063757397145727","0,00000001169234078967","0,00000001113513806116","0,00000149895784871075","0,00000085775146665417","0,00000124599391963536","0,00000026417080991115","0,00000040728393684159"
"-0,21137372654569358500","0,00000021552631029461","0,00000038395257628468","0,00000006957359461991","0,00000001073234849105","0,00000001181446149097","0,00000063975070485341","0,00000017717255907779","0,00000001127751376522","0,00000061104710231425","0,00000000902293632035","0,00000059942437988693","0,00000101342637718579","0,00000063255467350813","0,00000001169414161879","0,00000001117675847944","0,00000149756713244615","0,00000085071093754097","0,00000123783851162985","0,00000026225790679815","0,00000040342466823826"
"-0,20936980390837894900","0,00000021397739229631","0,00000038061215580401","0,00000006897749627592","0,00000001072648583320","0,00000001178971644980","0,00000063469664797473","0,00000017602405447449","0,00000001125873282810","0,00000060661195566826","0,00000000904945031083","0,00000059275944675849","0,00000100739665786168","0,00000062751383165093","0,00000001169582399284","0,00000001122421264253","0,00000149619189635786","0,00000084371817822046","0,00000122966717553829","0,00000026033328812805","0,00000039956559089760"
"-0,20736588127106434000","0,00000021244030103767","0,00000037729931639925","0,00000006838837410227","0,00000001071975187144","0,00000001176082880518","0,00000062965581415155","0,00000017487179601902","0,00000001123927627241","0,00000060212464070102","0,00000000908172160875","0,00000058606826407411","0,00000100136246782693","0,00000062245144588565","0,00000001169738791184","0,00000001127750055045","0,00000149483214044590","0,00000083677318869262","0,00000122147991136067","0,00000025839695390085","0,00000039570670481961"
"-0,20536195863374970300","0,00000021091503651867","0,00000037401405807042","0,00000006780622809899","0,00000001071214660576","0,00000001172779855712","0,00000062462820338387","0,00000017371578371137","0,00000001121914409815","0,00000059758515741252","0,00000000911975021412","0,00000057935083183380","0,00000099532380708155","0,00000061736751621230","0,00000001169883337578","0,00000001133662220319","0,00000149348786471027","0,00000082987596895747","0,00000121327671909701","0,00000025644890411655","0,00000039184801000428"
"-0,20335803599643506600","0,00000020940159873933","0,00000037075638081749","0,00000006723105826606","0,00000001070367003618","0,00000001169062570561","0,00000061961381567169","0,00000017255601755155","0,00000001119833630532","0,00000059299350580277","0,00000000916353612693","0,00000057260715003754","0,00000098928067562553","0,00000061226204263088","0,00000001170016038466","0,00000001140157760075","0,00000149215906915095","0,00000082302651901501","0,00000120505759874729","0,00000025448913877516","0,00000038798950645162"
"-0,20135411335912042900","0,00000020789998769963","0,00000036752628464049","0,00000006666286460348","0,00000001069432216269","0,00000001164931025066","0,00000061461265101500","0,00000017139249753955","0,00000001117685289391","0,00000058834968587177","0,00000000921307934719","0,00000056583721868535","0,00000098323307345888","0,00000060713502514138","0,00000001170136893848","0,00000001147236674313","0,00000149084575376796","0,00000081622483886522","0,00000119682255031153","0,00000025251765787666","0,00000038413119416162"
"-0,19935019072180582000","0,00000020641325307185","0,00000036433927681017","0,00000006610469608622","0,00000001068501227818","0,00000001160710443714","0,00000060965007126813","0,00000017024306653981","0,00000001115599667642","0,00000058373091362682","0,00000000926703115895","0,00000055909942387326","0,00000097721465931474","0,00000060200950802711","0,00000001170222129195","0,00000001154343108978","0,00000148954757100525","0,00000080948989004661","0,00000118863215674984","0,00000025054500363776","0,00000038029166461669"
"-0,19734626808449118300","0,00000020494444452824","0,00000036121086459730","0,00000006555960168922","0,00000001067664967557","0,00000001156726050994","0,00000060475143828538","0,00000016912556741674","0,00000001113707046534","0,00000057921440507527","0,00000000932404284624","0,00000055245215169730","0,00000097125909192626","0,00000059690853557136","0,00000001170247969976","0,00000001160921210016","0,00000148826417330679","0,00000080284063409764","0,00000118054700102239","0,00000024858171827514","0,00000037648950929926"
"-0,19534234544717654600","0,00000020349356206881","0,00000035814104800189","0,00000006502758141250","0,00000001066923435486","0,00000001152977846905","0,00000059991675206675","0,00000016804000017035","0,00000001112007426066","0,00000057480016021709","0,00000000938411440906","0,00000054589540215747","0,00000096536637129344","0,00000059183210777413","0,00000001170214416191","0,00000001166970977427","0,00000148699556067258","0,00000079627707101833","0,00000117256708312915","0,00000024662780178880","0,00000037272472820931"
"-0,19333842280986191000","0,00000020206060569356","0,00000035512982702394","0,00000006450863525605","0,00000001066276631604","0,00000001149465831448","0,00000059514601261224","0,00000016698636480063","0,00000001110500806239","0,00000057048817905230","0,00000000944724584742","0,00000053942917525379","0,00000095953649741627","0,00000058678022463543","0,00000001170121467841","0,00000001172492411211","0,00000148574173310262","0,00000078979920080866","0,00000116469240307014","0,00000024468325417875","0,00000036899732134685"
"-0,19133450017254730000","0,00000020064557540249","0,00000035217720166344","0,00000006400276321987","0,00000001065724555912","0,00000001146190004622","0,00000059043921992186","0,00000016596466130758","0,00000001109187187053","0,00000056627846158090","0,00000000951343716132","0,00000053305347098624","0,00000095376947029476","0,00000058175288615524","0,00000001169969124925","0,00000001177485511368","0,00000148450269059691","0,00000078340702346864","0,00000115692296084535","0,00000024274807544498","0,00000036530728871187"
"-0,18933057753523266400","0,00000019924847119560","0,00000034928317192040","0,00000006350996530396","0,00000001065267208409","0,00000001143150366427","0,00000058579637399560","0,00000016497488969121","0,00000001108066568507","0,00000056217100780287","0,00000000958268835076","0,00000052676828935482","0,00000094806528992890","0,00000057675009233358","0,00000001169757387444","0,00000001181950277897","0,00000148327843315544","0,00000077710053899827","0,00000114925875645478","0,00000024082226558749","0,00000036165463030439"
"-0,18732665489791802700","0,00000019786929307288","0,00000034644773779481","0,00000006303024150833","0,00000001064904589095","0,00000001140346916864","0,00000058121747483346","0,00000016401704995152","0,00000001107138950602","0,00000055816581771824","0,00000000965499941573","0,00000052057363035954","0,00000094242395631871","0,00000057177184317044","0,00000001169486255397","0,00000001185886710800","0,00000148206896077822","0,00000077087974739755","0,00000114169978989844","0,00000023890582460628","0,00000035803934612439"
"-0,18532273226060341800","0,00000019650804103434","0,00000034367089928668","0,00000006256359183296","0,00000001064636697971","0,00000001137779655932","0,00000057670252243545","0,00000016309114208850","0,00000001106404333338","0,00000055426289132698","0,00000000973037035624","0,00000051446949400039","0,00000093684546946417","0,00000056681813866582","0,00000001169155728784","0,00000001189294810075","0,00000148087427346526","0,00000076474464866648","0,00000113424606117632","0,00000023699875250136","0,00000035446143617187"
"-0,18331880962328878100","0,00000019516471507998","0,00000034095265639600","0,00000006211001627786","0,00000001064463535037","0,00000001135448583632","0,00000057225151680156","0,00000016219716610216","0,00000001105862716715","0,00000055046222862911","0,00000000980880117228","0,00000050845588027738","0,00000093132982936529","0,00000056188897881973","0,00000001168765807606","0,00000001192174575723","0,00000147969437121653","0,00000075869524280506","0,00000112689757028842","0,00000023510104927272","0,00000035092090044685"
"-0,18131488698597414400","0,00000019383931520980","0,00000033829300912278","0,00000006166951484304","0,00000001064385100292","0,00000001133353699963","0,00000056786445793179","0,00000016133512199249","0,00000001105514100732","0,00000054676382962462","0,00000000989029186386","0,00000050253278919051","0,00000092587703602206","0,00000055698436363215","0,00000001168316491863","0,00000001194526007744","0,00000147852925403206","0,00000075273152981329","0,00000111965431723475","0,00000023321271492036","0,00000034741773894931"
"-0,17931096434865950700","0,00000019253184142379","0,00000033569195746702","0,00000006124208752849","0,00000001064401393736","0,00000001131495004926","0,00000056354134582615","0,00000016050500975949","0,00000001105358485390","0,00000054316769431352","0,00000000997484243097","0,00000049670022073977","0,00000092048708943449","0,00000055210429310310","0,00000001167807781553","0,00000001196349106138","0,00000147737892191184","0,00000074685350969117","0,00000111251630201530","0,00000023133374944428","0,00000034395195167926"
"-0,17730704171134489800","0,00000019124229372196","0,00000033314950142871","0,00000006082773433420","0,00000001064512415370","0,00000001129872498520","0,00000055928218048462","0,00000015970682940318","0,00000001105395870688","0,00000053967382269580","0,00000001006245287363","0,00000049095817492517","0,00000091515998960258","0,00000054724876723257","0,00000001167239676679","0,00000001197643870905","0,00000147624337485586","0,00000074106118243869","0,00000110548352463007","0,00000022946415284449","0,00000034052353863669"
"-0,17530311907403026100","0,00000018997067210431","0,00000033066564100785","0,00000006042645526019","0,00000001064718165193","0,00000001128486180746","0,00000055508696190722","0,00000015894058092353","0,00000001105626256628","0,00000053628221477146","0,00000001015312319182","0,00000048530665174670","0,00000090989573652633","0,00000054241778602056","0,00000001166612177238","0,00000001198410302045","0,00000147512261286414","0,00000073535454805587","0,00000109855598507907","0,00000022760392512098","0,00000033713249982161"
"-0,17329919643671562500","0,00000018871697657084","0,00000032824037620445","0,00000006003825030645","0,00000001065018643206","0,00000001127336051602","0,00000055095569009395","0,00000015820626432057","0,00000001106049643208","0,00000053299287054051","0,00000001024685338554","0,00000047974565120437","0,00000090469433020573","0,00000053761134946707","0,00000001165925283232","0,00000001198648399557","0,00000147401663593666","0,00000072973360654269","0,00000109173368336229","0,00000022575306627375","0,00000033377883523402"
"-0,17129527379940098800","0,00000018748120712154","0,00000032587370701851","0,00000005966311947298","0,00000001065413849408","0,00000001126422111091","0,00000054688836504479","0,00000015750387959427","0,00000001106666030428","0,00000052980579000294","0,00000001034364345480","0,00000047427517329818","0,00000089955577064079","0,00000053282945757211","0,00000001165178994661","0,00000001198358163442","0,00000147292544407343","0,00000072419835789916","0,00000108501661947973","0,00000022391157630281","0,00000033046254487392"
"-0,16929135116208637900","0,00000018626336375642","0,00000032356563345002","0,00000005930106275979","0,00000001065903783799","0,00000001125744359211","0,00000054288498675976","0,00000015683342674465","0,00000001107475418289","0,00000052672097315876","0,00000001044349339960","0,00000046889521802812","0,00000089448005783151","0,00000052807211033566","0,00000001164373311523","0,00000001197539593701","0,00000147184903727444","0,00000071874880212529","0,00000107840479343140","0,00000022207945520814","0,00000032718362874130"
"-0,16728742852477174200","0,00000018506344647548","0,00000032131615549899","0,00000005895208016686","0,00000001066488446380","0,00000001125302795962","0,00000053894555523885","0,00000015619490577171","0,00000001108477806791","0,00000052373842000796","0,00000001054640321993","0,00000046360578539419","0,00000088946719177788","0,00000052333930775774","0,00000001163508233821","0,00000001196192690332","0,00000147078741553971","0,00000071338493922106","0,00000107189820521729","0,00000022025670298976","0,00000032394208683618"
"-0,16528350588745710500","0,00000018388145527872","0,00000031912527316541","0,00000005861617169420","0,00000001067167837151","0,00000001125097421344","0,00000053507007048207","0,00000015558831667544","0,00000001109673195934","0,00000052085813055054","0,00000001065237291580","0,00000045840687539640","0,00000088451717247991","0,00000051863104983834","0,00000001162583761552","0,00000001194317453336","0,00000146974057886922","0,00000070810676918648","0,00000106549685483740","0,00000021844331964767","0,00000032073791915853"
"-0,16327958325014246800","0,00000018271739016613","0,00000031699298644929","0,00000005829333734182","0,00000001067941956111","0,00000001125128235358","0,00000053125853248941","0,00000015501365945585","0,00000001111061585717","0,00000051808010478651","0,00000001076140248721","0,00000045329848803475","0,00000087962999993760","0,00000051394733657746","0,00000001161599894718","0,00000001191913882712","0,00000146870852726299","0,00000070291429202155","0,00000105920074229173","0,00000021663930518185","0,00000031757112570838"
"-0,16127566061282785900","0,00000018157125113773","0,00000031491929535063","0,00000005798357710971","0,00000001068810803260","0,00000001125395238004","0,00000052751094126087","0,00000015447093411293","0,00000001112642976142","0,00000051540434271586","0,00000001087349193415","0,00000044828062330923","0,00000087480567415095","0,00000050928816797510","0,00000001160556633319","0,00000001188981978462","0,00000146769126072100","0,00000069780750772627","0,00000105300986758029","0,00000021484465959232","0,00000031444170648571"
"-0,15927173797551322200","0,00000018044303819350","0,00000031290419986942","0,00000005768689099786","0,00000001069774378599","0,00000001125898429281","0,00000052382729679645","0,00000015396014064669","0,00000001114417367206","0,00000051283084433859","0,00000001098864125663","0,00000044335328121985","0,00000087004419511995","0,00000050465354403127","0,00000001159453977354","0,00000001185521740585","0,00000146668877924326","0,00000069278641630064","0,00000104692423070307","0,00000021305938287907","0,00000031134966149053"
"-0,15726781533819858500","0,00000017933275133345","0,00000031094770000566","0,00000005740327900629","0,00000001070832682128","0,00000001126637809189","0,00000052020759909616","0,00000015348127905713","0,00000001116384758912","0,00000051035960965471","0,00000001110685045465","0,00000043851646176661","0,00000086534556284461","0,00000050004346474596","0,00000001158291926823","0,00000001181533169080","0,00000146570108282976","0,00000068785101774465","0,00000104094383166008","0,00000021128347504210","0,00000030829499072284"
"-0,15526389270088394900","0,00000017824039055757","0,00000030904979575936","0,00000005713274113499","0,00000001071985713845","0,00000001127613377729","0,00000051665184815999","0,00000015303434934423","0,00000001118545151258","0,00000050799063866421","0,00000001122811952820","0,00000043377016494949","0,00000086070977732493","0,00000049545793011916","0,00000001157070481727","0,00000001177016263948","0,00000146472817148052","0,00000068300131205832","0,00000103506867045130","0,00000020951693608142","0,00000030527769418263"
"-0,15325997006356934000","0,00000017716595586587","0,00000030721048713052","0,00000005687527738396","0,00000001073233473753","0,00000001128825134900","0,00000051316004398794","0,00000015261935150802","0,00000001120898544245","0,00000050572393136710","0,00000001135244847729","0,00000042911439076852","0,00000085613683856090","0,00000049089694015089","0,00000001155789642065","0,00000001171971025189","0,00000146377004519552","0,00000067823729924164","0,00000102929874707675","0,00000020775976599702","0,00000030229777186991"
"-0,15125604742625470300","0,00000017610944725835","0,00000030542977411913","0,00000005663088775320","0,00000001074575961849","0,00000001130273080703","0,00000050973218658002","0,00000015223628554847","0,00000001123444937872","0,00000050355948776337","0,00000001147983730191","0,00000042454913922368","0,00000085162674655253","0,00000048636049484115","0,00000001154449407838","0,00000001166397452803","0,00000146282670397478","0,00000067355897929460","0,00000102363406153643","0,00000020601196478890","0,00000029935522378468"
"-0,14925212478894006600","0,00000017508982098377","0,00000030371021731644","0,00000005640708086509","0,00000001075986442511","0,00000001131749178527","0,00000050638297426011","0,00000015186880942357","0,00000001125967770489","0,00000050144055022416","0,00000001160552850127","0,00000042010668040484","0,00000084717228138441","0,00000048186665463282","0,00000001153144894403","0,00000001160811211425","0,00000146187454675330","0,00000066899833713752","0,00000101813793244380","0,00000020426774346784","0,00000029647427946412"
"-0,14724820215162545700","0,00000017412603329089","0,00000030205437731370","0,00000005621136534199","0,00000001077438180112","0,00000001133045391762","0,00000050312710535211","0,00000015150058109128","0,00000001128250480443","0,00000049931036112062","0,00000001172476457457","0,00000041581928440187","0,00000084276622314112","0,00000047743347996881","0,00000001151971217117","0,00000001155727965689","0,00000146088997246612","0,00000066458735769072","0,00000101287367841236","0,00000020252131304461","0,00000029367916844541"
"-0,14524427951431082000","0,00000017321808417972","0,00000030046225411090","0,00000005604374118392","0,00000001078931174654","0,00000001134161720408","0,00000049996457985602","0,00000015113160055159","0,00000001130293067734","0,00000049716892045274","0,00000001183754552181","0,00000041168695121478","0,00000083840857182266","0,00000047306097084911","0,00000001150928375980","0,00000001151147715597","0,00000145987298111323","0,00000066032604095419","0,00000100784129944209","0,00000020077267351922","0,00000029096989072855"
"-0,14324035687699618300","0,00000017236597365024","0,00000029893384770804","0,00000005590420839086","0,00000001080465426136","0,00000001135098164466","0,00000049689539777183","0,00000015076186780451","0,00000001132095532363","0,00000049501622822053","0,00000001194387134299","0,00000040770968084354","0,00000083409932742904","0,00000046874912727373","0,00000001150016370993","0,00000001147070461147","0,00000145882357269463","0,00000065621438692792","0,00000100304079553301","0,00000019902182489166","0,00000028834644631354"
"-0,14123643423968154600","0,00000017156970170246","0,00000029746915810513","0,00000005579276696282","0,00000001082040934559","0,00000001135854723935","0,00000049391955909956","0,00000015039138285003","0,00000001133657874330","0,00000049285228442398","0,00000001204374203811","0,00000040388747328818","0,00000082983848996025","0,00000046449794924266","0,00000001149235202156","0,00000001143496202339","0,00000145774174721032","0,00000065225239561193","0,00000099847216668511","0,00000019726876716194","0,00000028580883520038"
"-0,13923251160236693700","0,00000017082926833638","0,00000029606818530217","0,00000005570941689980","0,00000001083657699921","0,00000001136431398815","0,00000049103706383919","0,00000015002014568816","0,00000001134980093634","0,00000049067708906309","0,00000001213715760716","0,00000040022032854869","0,00000082562605941630","0,00000046030743675592","0,00000001148584869468","0,00000001140424939175","0,00000145662750466031","0,00000064844006700621","0,00000099413541289839","0,00000019551350033005","0,00000028335705738908"
"-0,13722858896505230100","0,00000017014467355200","0,00000029473092929915","0,00000005565415820180","0,00000001085315722224","0,00000001136828189106","0,00000048824791199073","0,00000014964815631890","0,00000001136062190276","0,00000048849064213787","0,00000001222411805016","0,00000039670824662507","0,00000082146203579718","0,00000045617758981349","0,00000001148065372929","0,00000001137856671653","0,00000145548084504460","0,00000064477740111075","0,00000099003053417284","0,00000019375602439599","0,00000028099111287962"
"-0,13522466632773766400","0,00000016951591734933","0,00000029345739009607","0,00000005562699086882","0,00000001087015001467","0,00000001137045094808","0,00000048555210355418","0,00000014927541474224","0,00000001136904164255","0,00000048629294364831","0,00000001230462336709","0,00000039335122751731","0,00000081734641910290","0,00000045210840841537","0,00000001147676712540","0,00000001135791399774","0,00000145430176836317","0,00000064126439792557","0,00000098615753050848","0,00000019199633935976","0,00000027871100167202"
"-0,13322074369042302700","0,00000016894299972835","0,00000029224756769294","0,00000005562791490085","0,00000001088755537650","0,00000001137082115922","0,00000048294963852954","0,00000014890192095819","0,00000001137506015572","0,00000048408399359442","0,00000001237867355796","0,00000039014927122543","0,00000081327920933345","0,00000044809989256157","0,00000001147418888301","0,00000001134229123537","0,00000145309027461604","0,00000063790105745066","0,00000098251640190530","0,00000019023444522138","0,00000027651672376627"
"-0,13121682105310841800","0,00000016842592068907","0,00000029110146208976","0,00000005565693029791","0,00000001090537330773","0,00000001136939252446","0,00000048044051691680","0,00000014852767496675","0,00000001137867744226","0,00000048186379197619","0,00000001244626862277","0,00000038710237774941","0,00000080926040648883","0,00000044415204225209","0,00000001147291900211","0,00000001133169842944","0,00000145184636380321","0,00000063468737968602","0,00000097910714836330","0,00000018847034198082","0,00000027440827916237"
"-0,12921289841579378100","0,00000016796468023150","0,00000029001907328652","0,00000005571403705998","0,00000001092360380836","0,00000001136616504382","0,00000047802473871598","0,00000014815267676791","0,00000001137989350218","0,00000047963233879362","0,00000001250740856152","0,00000038421054708926","0,00000080529001056905","0,00000044026485748692","0,00000001147295748271","0,00000001132613557993","0,00000145057003592466","0,00000063162336463165","0,00000097592976988248","0,00000018670402963810","0,00000027238566786032"
"-0,12720897577847914400","0,00000016755927835563","0,00000028900040128322","0,00000005579923518707","0,00000001094224687840","0,00000001136113871729","0,00000047570230392706","0,00000014777692636168","0,00000001137870833547","0,00000047738963404672","0,00000001256209337421","0,00000038147377924498","0,00000080136802157410","0,00000043643833826607","0,00000001147430432480","0,00000001132560268685","0,00000144926129098041","0,00000062870901228755","0,00000097298426646284","0,00000018493550819321","0,00000027044888986012"
"-0,12520505314116450700","0,00000016720971506145","0,00000028804544607987","0,00000005591252467918","0,00000001096130251783","0,00000001135431354488","0,00000047347321255005","0,00000014740042374805","0,00000001137512194213","0,00000047513567773548","0,00000001261032306084","0,00000037889207421657","0,00000079749443950399","0,00000043267248458953","0,00000001147695952838","0,00000001133009975019","0,00000144792012897045","0,00000062594432265372","0,00000097027063810438","0,00000018316477764616","0,00000026859794516178"
"-0,12320113050384988400","0,00000016691599034898","0,00000028715420767647","0,00000005605390553631","0,00000001098077072667","0,00000001134568952657","0,00000047133746458495","0,00000014702316892704","0,00000001136913432218","0,00000047287046985991","0,00000001265209762141","0,00000037646543200403","0,00000079366926435871","0,00000042896729645732","0,00000001148092309346","0,00000001133962676996","0,00000144654654989479","0,00000062332929573016","0,00000096778888480710","0,00000018139183799694","0,00000026683283376528"
"-0,12119720786653526100","0,00000016667810421820","0,00000028632668607300","0,00000005622337775846","0,00000001100065150491","0,00000001133526666238","0,00000046929506003176","0,00000014664516189862","0,00000001136074547559","0,00000047059401042000","0,00000001268741705591","0,00000037419385260736","0,00000078989249613826","0,00000042532277386941","0,00000001148619502004","0,00000001135418374616","0,00000144514055375342","0,00000062086393151688","0,00000096553900657100","0,00000017961668924555","0,00000026515355567064"
"-0,11919328522922063800","0,00000016649605666913","0,00000028556288126949","0,00000005642094134562","0,00000001102094485256","0,00000001132304495230","0,00000046734599889047","0,00000014626640266282","0,00000001134995540239","0,00000046830629941575","0,00000001271628136435","0,00000037207733602656","0,00000078616413484265","0,00000042173891682583","0,00000001149277530811","0,00000001137377067879","0,00000144370214054634","0,00000061854823001386","0,00000096352100339608","0,00000017783933139200","0,00000026356011087785"
"-0,11718936259190600200","0,00000016636984770176","0,00000028486279326592","0,00000005664659629781","0,00000001104165076960","0,00000001130902439633","0,00000046549028116110","0,00000014588689121962","0,00000001133676410255","0,00000046600733684717","0,00000001273869054673","0,00000037011588226163","0,00000078248418047188","0,00000041821572532656","0,00000001150066395767","0,00000001139838756785","0,00000144223131027356","0,00000061638219122111","0,00000096173487528234","0,00000017605976443628","0,00000026205249938691"
"-0,11518543995459137900","0,00000016629947731609","0,00000028422642206229","0,00000005690034261501","0,00000001106276925605","0,00000001129320499447","0,00000046372790684363","0,00000014550662756902","0,00000001132117157610","0,00000046369712271425","0,00000001275464460306","0,00000036830949131256","0,00000077885263302593","0,00000041475319937160","0,00000001150986096873","0,00000001142803441333","0,00000144072806293507","0,00000061436581513864","0,00000096018062222978","0,00000017427798837839","0,00000026063072119782"
"-0,11318151731727674200","0,00000016628494551212","0,00000028365376765861","0,00000005718218029724","0,00000001108430031190","0,00000001127558674673","0,00000046205887593807","0,00000014512561171104","0,00000001130317782301","0,00000046137565701700","0,00000001276414353331","0,00000036665816317936","0,00000077526949250482","0,00000041135133896097","0,00000001152036634128","0,00000001146271121524","0,00000143919239853087","0,00000061249910176643","0,00000095885824423840","0,00000017249400321834","0,00000025929477631058"
"-0,11117759467996211900","0,00000016632625228985","0,00000028314483005487","0,00000005749210934448","0,00000001110624393715","0,00000001125616965309","0,00000046048318844442","0,00000014474384364566","0,00000001128278284331","0,00000045904293975541","0,00000001276718733751","0,00000036516189786204","0,00000077173475890855","0,00000040801014409465","0,00000001153218007533","0,00000001150241797358","0,00000143762431706096","0,00000061078205110450","0,00000095776774130820","0,00000017070780895613","0,00000025804466472519"
"-0,10917367204264748200","0,00000016642339764928","0,00000028269960925108","0,00000005783012975674","0,00000001112860013180","0,00000001123495371357","0,00000045900084436268","0,00000014436132337288","0,00000001125998663697","0,00000045669897092949","0,00000001276377601565","0,00000036382069536058","0,00000076824843223711","0,00000040472961477264","0,00000001154530217088","0,00000001154715468834","0,00000143602381852535","0,00000060921466315283","0,00000095690911343919","0,00000016891940559174","0,00000025688038644166"
"-0,10716974940533285900","0,00000016657638159041","0,00000028231810524723","0,00000005819624153402","0,00000001115136889585","0,00000001121193892816","0,00000045761184369284","0,00000014397805089271","0,00000001123478920402","0,00000045434375053923","0,00000001275390956773","0,00000036263455567499","0,00000076481051249050","0,00000040150975099495","0,00000001155973262792","0,00000001159692135953","0,00000143439090292403","0,00000060779693791144","0,00000095628236063135","0,00000016712879312519","0,00000025580194145998"
"-0,10516582676801822200","0,00000016678520411324","0,00000028200031804333","0,00000005859044467631","0,00000001117455022931","0,00000001118712529687","0,00000045631618643492","0,00000014359402620515","0,00000001120719054443","0,00000045197727858463","0,00000001273758799374","0,00000036160347880527","0,00000076142099966873","0,00000039835055276158","0,00000001157547144645","0,00000001165171798715","0,00000143272557025701","0,00000060652887538031","0,00000095588748288469","0,00000016533597155648","0,00000025480932978014"
"-0,10316190413070359900","0,00000016704986521777","0,00000028174624763937","0,00000005901273918363","0,00000001119814413217","0,00000001116051281968","0,00000045511387258890","0,00000014320924931019","0,00000001117719065823","0,00000044959955506570","0,00000001271481129369","0,00000036072746475142","0,00000075807989377179","0,00000039525202007252","0,00000001159251862648","0,00000001171154457120","0,00000143102782052428","0,00000060541047555946","0,00000095572448019922","0,00000016354094088560","0,00000025390255140216"
"-0,10115798149338896300","0,00000016737036490400","0,00000028155589403536","0,00000005946312505596","0,00000001122215060443","0,00000001113210149661","0,00000045400490215479","0,00000014282372020784","0,00000001114478954540","0,00000044721057998243","0,00000001268557946759","0,00000036000651351344","0,00000075478719479969","0,00000039221415292778","0,00000001161087416800","0,00000001177640111167","0,00000142929765372584","0,00000060444173844888","0,00000095579335257492","0,00000016174370111255","0,00000025308160632603"
"-0,09915405885607433970","0,00000016772336787167","0,00000028142163834074","0,00000005992922144609","0,00000001124493884909","0,00000001110380443431","0,00000045299689583765","0,00000014244390907976","0,00000001111247393585","0,00000044486833091877","0,00000001265588233575","0,00000035944087062351","0,00000075156684982021","0,00000038927500139796","0,00000001162935842204","0,00000001184128690861","0,00000142755804126823","0,00000060363753238697","0,00000095608940269542","0,00000015996855273659","0,00000025235474404015"
"-0,09715013621875970290","0,00000016808553882053","0,00000028133586166496","0,00000006039864750680","0,00000001126487806916","0,00000001107753473947","0,00000045209747434255","0,00000014207628610761","0,00000001108273055952","0,00000044263078545866","0,00000001263170971854","0,00000035903078161381","0,00000074844280590114","0,00000038647261555366","0,00000001164679173959","0,00000001190120126206","0,00000142583195455800","0,00000060301272571215","0,00000095660793324432","0,00000015823979625697","0,00000025173021403293"
"-0,09514621358144507990","0,00000016845687775058","0,00000028129856400803","0,00000006087140323807","0,00000001128196826464","0,00000001105329241207","0,00000045130663766948","0,00000014172085129139","0,00000001105555941640","0,00000044049794360210","0,00000001261306161594","0,00000035877624648434","0,00000074541506304249","0,00000038380699539487","0,00000001166317412067","0,00000001195614417202","0,00000142411939359513","0,00000060256731842440","0,00000095734894422163","0,00000015655743167370","0,00000025120801630434"
"-0,09314229094413044310","0,00000016883738466180","0,00000028130974536995","0,00000006134748863992","0,00000001129620943553","0,00000001103107745211","0,00000045062438581845","0,00000014137760463109","0,00000001103096050648","0,00000043846980534910","0,00000001259993802796","0,00000035867726523511","0,00000074248362124425","0,00000038127814092161","0,00000001167850556527","0,00000001200611563849","0,00000142242035837963","0,00000060230131052374","0,00000095831243562735","0,00000015492145898678","0,00000025078815085441"
"-0,09113836830681582010","0,00000016922705955422","0,00000028136940575071","0,00000006182690371234","0,00000001130760158183","0,00000001101088985961","0,00000045005071878945","0,00000014104654612673","0,00000001100893382977","0,00000043654637069965","0,00000001259233895459","0,00000035873383786611","0,00000073964848050642","0,00000037888605213387","0,00000001169278607340","0,00000001205111566147","0,00000142073484891151","0,00000060221470201016","0,00000095949840746147","0,00000015333187819619","0,00000025047061768313"
"-0,08913444566950118330","0,00000016962590242781","0,00000028147754515031","0,00000006230964845533","0,00000001131614470353","0,00000001099272963455","0,00000044958563658248","0,00000014072767577829","0,00000001098947938627","0,00000043472763965375","0,00000001259026439584","0,00000035894596437735","0,00000073690964082900","0,00000037663072903165","0,00000001170601564505","0,00000001209114424095","0,00000141906286519075","0,00000060230749288365","0,00000096090685972400","0,00000015178868930196","0,00000025025541679050"
"-0,08713052303218656040","0,00000017003391328259","0,00000028163416356876","0,00000006279572286889","0,00000001132183880064","0,00000001097659677693","0,00000044922913919755","0,00000014042099358579","0,00000001097259717598","0,00000043301361221140","0,00000001259371435170","0,00000035931364476881","0,00000073426710221200","0,00000037451217161495","0,00000001171819428022","0,00000001212620137695","0,00000141740440721737","0,00000060257968314423","0,00000096253779241494","0,00000015029189230406","0,00000025014254817651"
"-0,08512660039487193740","0,00000017045109211856","0,00000028183926100605","0,00000006328512695303","0,00000001132468387316","0,00000001096249128677","0,00000044898122663466","0,00000014012649954921","0,00000001095828719890","0,00000043140428837260","0,00000001260268882218","0,00000035983687904051","0,00000073172086465541","0,00000037253037988377","0,00000001172932197891","0,00000001215628706945","0,00000141575947499135","0,00000060303127279189","0,00000096439120553428","0,00000014884148720251","0,00000025013201184118"
"-0,08312267775755730060","0,00000017087743893571","0,00000028209283746219","0,00000006377786070773","0,00000001132467992108","0,00000001095041316405","0,00000044884189889380","0,00000013984419366856","0,00000001094654945502","0,00000042989966813736","0,00000001261718780727","0,00000036051566719245","0,00000072927092815923","0,00000037068535383811","0,00000001173939874112","0,00000001218140131846","0,00000141412806851270","0,00000060366226182664","0,00000096646709908203","0,00000014743747399731","0,00000025022380778449"
"-0,08111875512024267770","0,00000017131295373404","0,00000028239489293717","0,00000006427392413301","0,00000001132182694442","0,00000001094036240877","0,00000044881115597497","0,00000013957407594384","0,00000001093738394435","0,00000042849975150567","0,00000001263721130698","0,00000036135000922462","0,00000072691729272347","0,00000036897709347797","0,00000001174842456686","0,00000001220154412399","0,00000141251018778143","0,00000060447265024846","0,00000096876547305818","0,00000014607985268844","0,00000025041793600645"
"-0,07911483248292804080","0,00000017175763651356","0,00000028274542743100","0,00000006477331722887","0,00000001131612494316","0,00000001093233902095","0,00000044888899787818","0,00000013931614637505","0,00000001093079066689","0,00000042720453847753","0,00000001266275932131","0,00000036233990513702","0,00000072465995834812","0,00000036740559880335","0,00000001175639945612","0,00000001221671548602","0,00000141090583279752","0,00000060546243805736","0,00000097128632746275","0,00000014476862327593","0,00000025071439650706"
"-0,07711090984561341790","0,00000017221148727426","0,00000028314444094367","0,00000006527603999529","0,00000001130757391731","0,00000001092634300057","0,00000044907542460342","0,00000013907040496219","0,00000001092676962264","0,00000042601402905294","0,00000001269383185025","0,00000036348535492965","0,00000072249892503318","0,00000036597086981425","0,00000001176332340891","0,00000001222691540456","0,00000140931500356098","0,00000060663162525335","0,00000097402966229571","0,00000014350378575975","0,00000025111318928632"
"-0,07510698720829878110","0,00000017267450601615","0,00000028359193347519","0,00000006578209243229","0,00000001129617386687","0,00000001092237434764","0,00000044937043615070","0,00000013883685170526","0,00000001092532081159","0,00000042492822323191","0,00000001273042889380","0,00000036478635860252","0,00000072043419277865","0,00000036467290651067","0,00000001176919642521","0,00000001223214387961","0,00000140773770007182","0,00000060798021183641","0,00000097699547755709","0,00000014228534013992","0,00000025161431434423"
"-0,07310306457098415810","0,00000017314669273922","0,00000028408790502555","0,00000006629147453986","0,00000001128192479183","0,00000001092043306215","0,00000044977403252001","0,00000013861548660426","0,00000001092644423376","0,00000042394712101443","0,00000001277255045198","0,00000036624291615562","0,00000071846576158454","0,00000036351170889261","0,00000001177401850504","0,00000001223240091116","0,00000140617392233002","0,00000060950819780656","0,00000098018377324687","0,00000014111328641644","0,00000025221777168079"
"-0,07109914193366952130","0,00000017362804744348","0,00000028463235559475","0,00000006680418631800","0,00000001126482669220","0,00000001092051914411","0,00000045028621371136","0,00000013840630965919","0,00000001093013988913","0,00000042307072240050","0,00000001282019652476","0,00000036785502758895","0,00000071659363145084","0,00000036248727696007","0,00000001177778964840","0,00000001222768649923","0,00000140462367033560","0,00000061121558316379","0,00000098359454936505","0,00000013998762458930","0,00000025292356129600"
"-0,06909521929635489840","0,00000017411857012892","0,00000028522528518280","0,00000006732022776671","0,00000001124487956798","0,00000001092263259352","0,00000045090697972474","0,00000013820932087004","0,00000001093640777771","0,00000042229902739012","0,00000001287336711217","0,00000036962269290252","0,00000071481780237755","0,00000036159961071305","0,00000001178050985527","0,00000001221800064380","0,00000140308694408854","0,00000061310236790810","0,00000098722780591165","0,00000013890835465850","0,00000025373168318986"
"-0,06709129665904026150","0,00000017461826079554","0,00000028586669378970","0,00000006783959888599","0,00000001122208341917","0,00000001092677341038","0,00000045163633056016","0,00000013802452023683","0,00000001094524789949","0,00000042163203598329","0,00000001293206221419","0,00000037154591209632","0,00000071313827436468","0,00000036084871015155","0,00000001178217912567","0,00000001220334334489","0,00000140156374358885","0,00000061516855203949","0,00000099108354288665","0,00000013787547662405","0,00000025464213736236"
"-0,06508737402172563860","0,00000017512711944335","0,00000028655658141543","0,00000006836229967585","0,00000001119643824576","0,00000001093294159468","0,00000045247426621761","0,00000013785190775954","0,00000001095666025449","0,00000042106974818002","0,00000001299628183082","0,00000037362468517035","0,00000071155504741222","0,00000036023457527557","0,00000001178279745959","0,00000001218371460248","0,00000140005406883654","0,00000061741413555796","0,00000099516176029005","0,00000013688899048594","0,00000025565492381352"
"-0,06308345138441100180","0,00000017564514607235","0,00000028729494806002","0,00000006888833013628","0,00000001116794404777","0,00000001094113714642","0,00000045342078669710","0,00000013769148343819","0,00000001097064484269","0,00000042061216398030","0,00000001306602596207","0,00000037585901212461","0,00000071006812152017","0,00000035975720608511","0,00000001178236485704","0,00000001215911441659","0,00000139855791983159","0,00000061983911846351","0,00000099946245812187","0,00000013594889624417","0,00000025677004254332"
"-0,06107952874709637880","0,00000017617234068253","0,00000028808179372345","0,00000006941769026728","0,00000001113660082518","0,00000001095136006562","0,00000045447589199862","0,00000013754324727276","0,00000001098720166410","0,00000042025928338413","0,00000001314129460794","0,00000037824889295911","0,00000070867749668853","0,00000035941660258018","0,00000001178088131800","0,00000001212954278720","0,00000139707529657402","0,00000062244350075614","0,00000100398563638209","0,00000013505519389875","0,00000025798749355177"
"-0,05907560610978174890","0,00000017670870327389","0,00000028891711840572","0,00000006995038006886","0,00000001110240857800","0,00000001096361035226","0,00000045563958212217","0,00000013740719926327","0,00000001100633071872","0,00000042001110639151","0,00000001322208776842","0,00000038079432767384","0,00000070738317291731","0,00000035921276476076","0,00000001177834684249","0,00000001209499971432","0,00000139560619906381","0,00000062522728243585","0,00000100873129507071","0,00000013420788344967","0,00000025930727683887"
"-0,05707168347246711900","0,00000017725423384644","0,00000028980092210684","0,00000007048639954101","0,00000001106536730622","0,00000001097788800635","0,00000045691185706776","0,00000013728333940970","0,00000001102803200655","0,00000041986763300245","0,00000001330840544352","0,00000038349531626881","0,00000070618515020650","0,00000035914569262686","0,00000001177476143050","0,00000001205548519795","0,00000139415062730097","0,00000062819046350265","0,00000101369943418774","0,00000013340696489694","0,00000026072939240463"
"-0,05506776083515248920","0,00000017780893240017","0,00000029073320482680","0,00000007102574868372","0,00000001102547700985","0,00000001099419302789","0,00000045829271683539","0,00000013717166771206","0,00000001105230552758","0,00000041982886321693","0,00000001340024763323","0,00000038635185874401","0,00000070508342855610","0,00000035921538617848","0,00000001177012508204","0,00000001201099923808","0,00000139270858128551","0,00000063133304395653","0,00000101889005373318","0,00000013265243824055","0,00000026225384024903"
"-0,05306383819783785930","0,00000017837279893508","0,00000029171396656560","0,00000007156842749702","0,00000001098273768890","0,00000001101252541687","0,00000045978216142505","0,00000013707218417035","0,00000001107915128183","0,00000041989479703497","0,00000001349761433756","0,00000038936395509944","0,00000070407800796612","0,00000035942184541563","0,00000001176443779710","0,00000001196154183473","0,00000139128006101741","0,00000063465502379748","0,00000102430315370702","0,00000013194430348051","0,00000026388062037207"
"-0,05105991556052322940","0,00000017894583345118","0,00000029274320732325","0,00000007211443598088","0,00000001093714934334","0,00000001103288517330","0,00000046138019083674","0,00000013698488878457","0,00000001110856926928","0,00000042006543445656","0,00000001360050555650","0,00000039253160533510","0,00000070316888843655","0,00000035976507033829","0,00000001175769957568","0,00000001190711298789","0,00000138986506649669","0,00000063815640302552","0,00000102993873410928","0,00000013128256061681","0,00000026560973277377"
"-0,04905599292320859950","0,00000017953055067494","0,00000029380409991561","0,00000007265394063940","0,00000001089184831283","0,00000001105364592326","0,00000046306851912466","0,00000013690919057115","0,00000001113772640393","0,00000042029061694311","0,00000001370157282550","0,00000039577314521725","0,00000070234060252742","0,00000036022474946162","0,00000001175049107617","0,00000001185243205226","0,00000138844633320434","0,00000064177509313910","0,00000103570209605854","0,00000013066425964330","0,00000026741610960891"
"-0,04705207028589396960","0,00000018012946533281","0,00000029487981715854","0,00000007317710797668","0,00000001084997093700","0,00000001107318129286","0,00000046482886034299","0,00000013684449854651","0,00000001116378959978","0,00000042052018595602","0,00000001379346767998","0,00000039900691051211","0,00000070157768279876","0,00000036078057130076","0,00000001174339295694","0,00000001180221838255","0,00000138700659662140","0,00000064544900563670","0,00000104149854067343","0,00000013008645055382","0,00000026927468303230"
"-0,04504814764857933970","0,00000018074257742481","0,00000029597035905204","0,00000007368393799271","0,00000001081151721584","0,00000001109149128208","0,00000046666121449173","0,00000013679081271066","0,00000001118675885682","0,00000042075414149529","0,00000001387619011995","0,00000040223290121968","0,00000070088012925057","0,00000036143253585571","0,00000001173640521801","0,00000001175647197876","0,00000138554585674785","0,00000064917814051830","0,00000104732806795393","0,00000012954913334837","0,00000027118545304392"
"-0,04304422501126470980","0,00000018136988695094","0,00000029707572559611","0,00000007417443068749","0,00000001077648714935","0,00000001110857589093","0,00000046856558157088","0,00000013674813306360","0,00000001120663417505","0,00000042099248356091","0,00000001394974014541","0,00000040545111733998","0,00000070024794188285","0,00000036218064312646","0,00000001172952785937","0,00000001171519284089","0,00000138406411358369","0,00000065296249778392","0,00000105319067790006","0,00000012905230802696","0,00000027314841964379"
"-0,04104030237395008000","0,00000018201139391118","0,00000029819591679076","0,00000007464858606102","0,00000001074488073754","0,00000001112443511941","0,00000047054196158044","0,00000013671645960533","0,00000001122341555448","0,00000042123521215290","0,00000001401411775636","0,00000040866155887300","0,00000069968112069560","0,00000036302489311303","0,00000001172276088101","0,00000001167838096894","0,00000138256136712893","0,00000065680207743354","0,00000105908637051182","0,00000012859597458958","0,00000027516358283189"
"-0,03903637973663545010","0,00000018266709830555","0,00000029933093263597","0,00000007510640411330","0,00000001071669798041","0,00000001113906896752","0,00000047259035452042","0,00000013669579233584","0,00000001123710299511","0,00000042148232727125","0,00000001406932295280","0,00000041186422581874","0,00000069917966568882","0,00000036396528581541","0,00000001171610428295","0,00000001164603636291","0,00000138103761738357","0,00000066069687946717","0,00000106501514578919","0,00000012818013303624","0,00000027723094260823"
"-0,03703245709932082020","0,00000018333700013404","0,00000030048077313176","0,00000007554788484433","0,00000001069193887795","0,00000001115247743526","0,00000047471076039081","0,00000013668613125514","0,00000001124769649693","0,00000042173382891596","0,00000001411535573472","0,00000041505911817720","0,00000069874357686252","0,00000036500182123360","0,00000001170955806517","0,00000001161815902279","0,00000137949286434761","0,00000066464690388482","0,00000107097700373218","0,00000012780478336693","0,00000027935049897282"
"-0,03502853446200619030","0,00000018402109939665","0,00000030164543827812","0,00000007597302825412","0,00000001067060343016","0,00000001116466052262","0,00000047690317919160","0,00000013668747636323","0,00000001125519605994","0,00000042198971708702","0,00000001415221610213","0,00000041824623594837","0,00000069837285421668","0,00000036613449936760","0,00000001170312222769","0,00000001159474894860","0,00000137792710802104","0,00000066865215068647","0,00000107697194434080","0,00000012746992558165","0,00000028152225192564"
"-0,03302461182469156740","0,00000018471939609339","0,00000030282492807504","0,00000007638183434265","0,00000001065269163705","0,00000001117561822961","0,00000047916761092281","0,00000013669982766010","0,00000001125960168415","0,00000042224999178445","0,00000001417990405503","0,00000042142557913227","0,00000069806749775131","0,00000036736332021741","0,00000001169679677049","0,00000001157580614033","0,00000137634034840386","0,00000067271261987213","0,00000108299996761503","0,00000012717555968041","0,00000028374620146671"
"-0,03102068918737693400","0,00000018543189022424","0,00000030401924252254","0,00000007677430310994","0,00000001063820349861","0,00000001118535055623","0,00000048150405558444","0,00000013672318514576","0,00000001126091336955","0,00000042251465300824","0,00000001419841959342","0,00000042459714772888","0,00000069782750746642","0,00000036868828378303","0,00000001169058169359","0,00000001156133059798","0,00000137473258549608","0,00000067682831144181","0,00000108906107355489","0,00000012692168566319","0,00000028602234759602"
"-0,02901676655006230410","0,00000018615858178922","0,00000030522838162062","0,00000007715043455598","0,00000001062713901485","0,00000001119385750248","0,00000048391251317647","0,00000013675754882021","0,00000001125913111615","0,00000042278370075839","0,00000001420776271730","0,00000042776094173822","0,00000069765288336199","0,00000037010939006446","0,00000001168447699697","0,00000001155132232155","0,00000137310381929770","0,00000068099922539549","0,00000109515526216037","0,00000012670830353002","0,00000028835069031356"
"-0,02701284391274767420","0,00000018689947078833","0,00000030645234536926","0,00000007751022868077","0,00000001061949818576","0,00000001120113906836","0,00000048639298369891","0,00000013680291868345","0,00000001125425492394","0,00000042305713503490","0,00000001420793342666","0,00000043091696116027","0,00000069754362543804","0,00000037162663906170","0,00000001167848268065","0,00000001154578131103","0,00000137145404980872","0,00000068522536173319","0,00000110128253343147","0,00000012653541328087","0,00000029073122961935"
"-0,02500892127543304780","0,00000018765455722155","0,00000030769113376847","0,00000007785368548431","0,00000001061528101135","0,00000001120719525387","0,00000048894546715177","0,00000013685929473547","0,00000001124628479292","0,00000042333495583776","0,00000001419893172151","0,00000043406520599504","0,00000069749973369456","0,00000037324003077475","0,00000001167259874461","0,00000001154470756644","0,00000136978327702913","0,00000068950672045489","0,00000110744288736820","0,00000012640301491576","0,00000029316396551338"
"-0,02300499863811841790","0,00000018842384108890","0,00000030894474681826","0,00000007818080496660","0,00000001061448749161","0,00000001121202605900","0,00000049156996353504","0,00000013692667697628","0,00000001123522072310","0,00000042361716316699","0,00000001418075760185","0,00000043720567624253","0,00000069752120813154","0,00000037494956520361","0,00000001166682518886","0,00000001154810108777","0,00000136809150095894","0,00000069384330156061","0,00000111363632397054","0,00000012631110843469","0,00000029564889799564"
"-0,02100107600080378810","0,00000018920732239037","0,00000031021318451861","0,00000007849158712764","0,00000001061711762655","0,00000001121563148376","0,00000049426647284872","0,00000013700506540588","0,00000001122106271448","0,00000042390375702258","0,00000001415341106768","0,00000044033837190274","0,00000069760804874900","0,00000037675524234828","0,00000001166116201341","0,00000001155596187502","0,00000136637872159814","0,00000069823510505033","0,00000111986284323851","0,00000012625969383764","0,00000029818602706615"
"-0,01899715336348915820","0,00000019000500112597","0,00000031149644686954","0,00000007878603196744","0,00000001062317141616","0,00000001121801152815","0,00000049703499509281","0,00000013709446002427","0,00000001120381076705","0,00000042419473740453","0,00000001411689211900","0,00000044346329297567","0,00000069776025554693","0,00000037865706220876","0,00000001165560921824","0,00000001156828992818","0,00000136464493894674","0,00000070268213092406","0,00000112612244517209","0,00000012624877112463","0,00000030077535272490"
"-0,01699323072617452830","0,00000019081687729569","0,00000031279453387104","0,00000007906413948598","0,00000001063264886045","0,00000001121916619217","0,00000049987553026731","0,00000013719486083144","0,00000001118346488081","0,00000042449010431284","0,00000001407120075580","0,00000044658043946132","0,00000069797782852533","0,00000038065502478505","0,00000001165016680336","0,00000001158508524727","0,00000136289015300473","0,00000070718437918181","0,00000113241512977130","0,00000012627834029565","0,00000030341687497189"
"-0,01498930808885989840","0,00000019164295089953","0,00000031410744552311","0,00000007932590968328","0,00000001064554995941","0,00000001121909547582","0,00000050278807837223","0,00000013730626782740","0,00000001116002505577","0,00000042478985774750","0,00000001401633697809","0,00000044968981135969","0,00000069826076768419","0,00000038274913007715","0,00000001164483476878","0,00000001160634783227","0,00000136111436377213","0,00000071174184982356","0,00000113874089703613","0,00000012634840135071","0,00000030611059380712"
"-0,01298538545154526850","0,00000019248322193749","0,00000031543518182575","0,00000007957134255933","0,00000001066187471305","0,00000001121779937910","0,00000050577263940755","0,00000013742868101214","0,00000001113349129192","0,00000042509399770853","0,00000001395230078587","0,00000045279140867078","0,00000069860907302353","0,00000038493937808506","0,00000001163961311448","0,00000001163207768320","0,00000135931757124891","0,00000071635454284933","0,00000114509974696659","0,00000012645895428980","0,00000030885650923059"
"-0,01098146281423064040","0,00000019333769040957","0,00000031677774277896","0,00000007980043811413","0,00000001068162312136","0,00000001121527790200","0,00000050882921337329","0,00000013756210038567","0,00000001110386358927","0,00000042540252419592","0,00000001387909217914","0,00000045588523139459","0,00000069902274454334","0,00000038722576880878","0,00000001163450184047","0,00000001166227480005","0,00000135749977543510","0,00000072102245825910","0,00000115149167956266","0,00000012660999911292","0,00000031165462124230"
"-0,00897754017691601049","0,00000019420635631578","0,00000031813512838275","0,00000008001319634768","0,00000001070479518435","0,00000001121153104453","0,00000051195780026944","0,00000013770652594799","0,00000001107114194781","0,00000042571543720967","0,00000001379671115790","0,00000045897127953111","0,00000069950178224362","0,00000038960830224831","0,00000001162950094675","0,00000001169693918281","0,00000135566097633068","0,00000072574559605289","0,00000115791669482435","0,00000012680153582008","0,00000031450492984225"
"-0,00697361753960138060","0,00000019508921965611","0,00000031950733863710","0,00000008020961725998","0,00000001073139090201","0,00000001120655880669","0,00000051515840009600","0,00000013786195769910","0,00000001103532636754","0,00000042603273674978","0,00000001370515772214","0,00000046204955308036","0,00000070004618612437","0,00000039208697840365","0,00000001162461043332","0,00000001173607083150","0,00000135380117393565","0,00000073052395623068","0,00000116437479275167","0,00000012703356441127","0,00000031740743503044"
"-0,00496969490228675159","0,00000019598628043057","0,00000032089437354203","0,00000008038970085104","0,00000001076141027435","0,00000001120036118848","0,00000051843101285297","0,00000013802839563900","0,00000001099641684847","0,00000042635442281624","0,00000001360443187187","0,00000046512005204232","0,00000070065595618559","0,00000039466179727481","0,00000001161983030018","0,00000001177966974610","0,00000135192036825003","0,00000073535753879249","0,00000117086597334461","0,00000012730608488650","0,00000032036213680687"
"-0,00296577226497212214","0,00000019689753863914","0,00000032229623309753","0,00000008055344712084","0,00000001079485330136","0,00000001119293818990","0,00000052177563854036","0,00000013820583976768","0,00000001095441339060","0,00000042668049540907","0,00000001349453360709","0,00000046818277641701","0,00000070133109242729","0,00000039733275886177","0,00000001161516054733","0,00000001182773592663","0,00000135001855927379","0,00000074024634373830","0,00000117739023660317","0,00000012761909724575","0,00000032336903517154"
"-0,00096184962765749247","0,00000019782299428184","0,00000032371291730360","0,00000008070085606940","0,00000001083171998304","0,00000001118428981094","0,00000052519227715815","0,00000013839429008515","0,00000001090931599392","0,00000042701095452826","0,00000001337546292780","0,00000047123772620441","0,00000070207159484945","0,00000040009986316454","0,00000001161060117477","0,00000001188026937307","0,00000134809574700696","0,00000074519037106813","0,00000118394758252735","0,00000012797260148904","0,00000032642813012445"
"0,00104207300965713698","0,00000019874991677508","0,00000032514917530845","0,00000008082401150761","0,00000001086876509040","0,00000001117516822855","0,00000052866577182352","0,00000013857663070970","0,00000001086462547744","0,00000042737461886276","0,00000001326496667059","0,00000047431365783524","0,00000070289344158736","0,00000040292728265937","0,00000001160646298274","0,00000001193319976703","0,00000134617572385178","0,00000075019315262568","0,00000119055804786660","0,00000012836948615192","0,00000032952463471624"
"0,00304599564697176665","0,00000019966557553527","0,00000032660975626029","0,00000008091499724638","0,00000001090274339440","0,00000001116632561966","0,00000053218096565363","0,00000013873574575964","0,00000001082384266019","0,00000042780030710153","0,00000001318079167206","0,00000047743932774019","0,00000070381261077631","0,00000040577918982250","0,00000001160305677145","0,00000001198245679011","0,00000134428228221053","0,00000075525822025468","0,00000119724166937039","0,00000012881263976993","0,00000033264376199756"
"0,00504991828428639610","0,00000020056997056241","0,00000032809466015912","0,00000008097381328572","0,00000001093365489506","0,00000001115776198427","0,00000053573785864848","0,00000013887163523496","0,00000001078696754217","0,00000042828801924457","0,00000001312293793220","0,00000048061473591927","0,00000070482910241629","0,00000040865558465395","0,00000001160038254091","0,00000001202804044230","0,00000134241542208320","0,00000076038557395512","0,00000120399844703870","0,00000012930206234307","0,00000033578551196839"
"0,00705384092160102512","0,00000020146310185652","0,00000032960388700494","0,00000008100045962561","0,00000001096149959238","0,00000001114947732239","0,00000053933645080807","0,00000013898429913567","0,00000001075400012337","0,00000042883775529188","0,00000001309140545101","0,00000048383988237247","0,00000070594291650731","0,00000041155646715369","0,00000001159844029113","0,00000001206995072361","0,00000134057514346980","0,00000076557521372701","0,00000121082838087153","0,00000012983775387135","0,00000033894988462874"
"0,00905776355891565501","0,00000020234496941757","0,00000033113743679776","0,00000008099493626606","0,00000001098627748635","0,00000001114147163400","0,00000054297674213240","0,00000013907373746177","0,00000001072494040379","0,00000042944951524345","0,00000001308619422850","0,00000048711476709980","0,00000070715405304935","0,00000041448183732175","0,00000001159723002209","0,00000001210818763403","0,00000133876144637032","0,00000077082713957034","0,00000121773147086889","0,00000013041971435476","0,00000034213687997861"
"0,01106168619623028490","0,00000020321557324558","0,00000033269530953757","0,00000008095724320708","0,00000001100798857697","0,00000001113374491911","0,00000054665873262147","0,00000013913995021324","0,00000001069978838344","0,00000043012329909930","0,00000001310730426467","0,00000049043939010125","0,00000070846251204244","0,00000041743169515811","0,00000001159675173381","0,00000001214275117357","0,00000133697433078476","0,00000077614135148511","0,00000122470771703078","0,00000013104794379330","0,00000034534649801801"
"0,01306560883354491300","0,00000020407491334054","0,00000033427750522436","0,00000008088738044865","0,00000001102663286425","0,00000001112629717772","0,00000055038242227527","0,00000013918293739011","0,00000001067854406231","0,00000043085910685941","0,00000001315473555951","0,00000049381375137683","0,00000070986829348655","0,00000042040604066278","0,00000001159700542628","0,00000001217364134223","0,00000133521379671313","0,00000078151784947134","0,00000123175711935720","0,00000013172244218698","0,00000034857873874692"
"0,01506953147085954290","0,00000020492298970246","0,00000033588402385815","0,00000008078534799078","0,00000001104221034818","0,00000001111912840984","0,00000055414781109382","0,00000013920269899235","0,00000001066120744040","0,00000043165693852379","0,00000001322848811302","0,00000049723785092653","0,00000071137139738171","0,00000042340487383575","0,00000001159799109950","0,00000001220085814000","0,00000133347984415542","0,00000078695663352900","0,00000123887967784814","0,00000013244320953580","0,00000035183360216535"
"0,01707345410817417280","0,00000020575980233134","0,00000033751486543893","0,00000008065114583348","0,00000001105472102877","0,00000001111223861545","0,00000055795489907710","0,00000013919923501999","0,00000001064777851771","0,00000043251679409243","0,00000001332856192521","0,00000050071168875036","0,00000071297182372789","0,00000042642819467703","0,00000001159970875347","0,00000001222440156688","0,00000133177247311163","0,00000079245770365811","0,00000124607539250361","0,00000013321024583974","0,00000035511108827331"
"0,01907737674548880270","0,00000020658535122716","0,00000033917002996670","0,00000008048477397673","0,00000001106416490601","0,00000001110562779457","0,00000056180368622513","0,00000013917254547300","0,00000001063825729425","0,00000043343867356535","0,00000001345495699608","0,00000050423526484832","0,00000071466957252511","0,00000042947600318661","0,00000001160215838819","0,00000001224427162288","0,00000133009168358177","0,00000079802105985867","0,00000125334426332361","0,00000013402355109883","0,00000035841119707078"
"0,02108129938280343260","0,00000020739963638995","0,00000034084951744147","0,00000008028623242055","0,00000001107054197991","0,00000001109929594718","0,00000056569417253789","0,00000013912263035140","0,00000001063264377002","0,00000043442257694253","0,00000001360767332562","0,00000050780857922040","0,00000071646464377336","0,00000043254829936451","0,00000001160534000366","0,00000001226046830800","0,00000132843747556583","0,00000080364670213067","0,00000126068629030814","0,00000013488312531304","0,00000036173392855777"
"0,02308522202011806250","0,00000020820265781968","0,00000034255332786322","0,00000008005552116492","0,00000001107385225046","0,00000001109324307330","0,00000056962635801539","0,00000013904948965519","0,00000001063093794500","0,00000043546850422399","0,00000001378671091383","0,00000051143163186660","0,00000071835703747264","0,00000043564508321070","0,00000001160925359989","0,00000001227299162223","0,00000132680984906382","0,00000080933463047411","0,00000126810147345719","0,00000013578896848239","0,00000036507928273429"
"0,02508914465743269230","0,00000020899441551637","0,00000034428146123197","0,00000007979264020985","0,00000001107409571767","0,00000001108746917291","0,00000057360024265763","0,00000013895312338436","0,00000001063313981921","0,00000043657645540971","0,00000001399206976073","0,00000051510442278693","0,00000072034675362296","0,00000043876635472521","0,00000001161389917687","0,00000001228184156558","0,00000132520880407572","0,00000081508484488900","0,00000127558981277077","0,00000013674108060688","0,00000036844725960032"
"0,02709306729474731880","0,00000020977490948002","0,00000034603391754770","0,00000007949758955535","0,00000001107127238153","0,00000001108197424603","0,00000057761582646461","0,00000013883353153892","0,00000001063924939265","0,00000043774643049969","0,00000001422374986629","0,00000051882695198139","0,00000072243379222432","0,00000044191211390802","0,00000001161927673459","0,00000001228701813804","0,00000132363434060156","0,00000082089734537534","0,00000128315130824887","0,00000013773946168650","0,00000037183785915587"
"0,02909698993206194860","0,00000021054413971062","0,00000034781069681043","0,00000007917036920140","0,00000001106538224205","0,00000001107675829265","0,00000058167310943633","0,00000013869071411886","0,00000001064926666531","0,00000043897842949395","0,00000001448175123053","0,00000052259921944997","0,00000072461815327670","0,00000044508236075913","0,00000001162538627307","0,00000001228852133962","0,00000132208645864131","0,00000082677213193312","0,00000129078595989150","0,00000013878411172125","0,00000037525108140095"
"0,03110091256937657850","0,00000021130210620818","0,00000034961179902015","0,00000007881097914802","0,00000001105642529922","0,00000001107182131277","0,00000058577209157279","0,00000013852467112418","0,00000001066319163719","0,00000044027245239248","0,00000001476607385345","0,00000052642122519268","0,00000072689983678012","0,00000044827709527855","0,00000001163222779230","0,00000001228635117031","0,00000132056515819499","0,00000083270920456234","0,00000129849376769866","0,00000013987503071114","0,00000037868692633554"
"0,03310483520669121190","0,00000021204880897268","0,00000035143722417686","0,00000007841941939519","0,00000001104440155305","0,00000001106716330639","0,00000058991277287399","0,00000013833540255489","0,00000001068102430829","0,00000044162849919527","0,00000001507671773504","0,00000053029296920951","0,00000072927884273458","0,00000045149631746628","0,00000001163980129228","0,00000001228050763012","0,00000131907043926260","0,00000083870856326301","0,00000130627473167035","0,00000014101221865616","0,00000038214539395966"
"0,03510875784400583480","0,00000021278424800415","0,00000035328697228056","0,00000007799568994293","0,00000001102931100353","0,00000001106278427351","0,00000059409515333993","0,00000013812290841098","0,00000001070276467862","0,00000044304656990233","0,00000001541368287531","0,00000053421445150047","0,00000073175517114007","0,00000045474002732232","0,00000001164810677301","0,00000001227099071904","0,00000131760230184413","0,00000084477020803512","0,00000131412885180656","0,00000014219567555632","0,00000038562648427329"
"0,03711268048132046470","0,00000021350842330257","0,00000035516104333125","0,00000007753979079123","0,00000001101115365067","0,00000001105868421413","0,00000059831923297061","0,00000013788718869246","0,00000001072841274817","0,00000044452666451366","0,00000001577696927425","0,00000053818567206555","0,00000073432882199659","0,00000045800822484666","0,00000001165714423450","0,00000001225780043708","0,00000131616074593958","0,00000085089413887868","0,00000132205612810730","0,00000014342540141161","0,00000038913019727645"
"0,03911660311863509460","0,00000021422133486794","0,00000035705943732894","0,00000007705172194008","0,00000001098992949446","0,00000001105486312825","0,00000060258501176602","0,00000013762824339933","0,00000001075796851695","0,00000044606878302926","0,00000001616657693187","0,00000054220663090476","0,00000073699979530414","0,00000046130091003931","0,00000001166691367673","0,00000001224093678423","0,00000131474577154895","0,00000085708035579369","0,00000133005656057256","0,00000014470139622203","0,00000039265653296912"
"0,04112052575594972450","0,00000021492298270027","0,00000035898215427361","0,00000007653148338950","0,00000001096563853490","0,00000001105132101587","0,00000060689248972618","0,00000013734607253158","0,00000001079143198495","0,00000044767292544912","0,00000001658250584816","0,00000054627732801810","0,00000073976809106273","0,00000046461808290026","0,00000001167741509972","0,00000001222039976050","0,00000131335737867225","0,00000086332885878013","0,00000133813014920236","0,00000014602365998759","0,00000039620549135132"
"0,04312444839326435440","0,00000021561336679955","0,00000036092919416528","0,00000007597907513947","0,00000001093828077200","0,00000001104805787699","0,00000061124166685107","0,00000013704067608921","0,00000001082880315217","0,00000044933909177326","0,00000001702475602313","0,00000055039776340556","0,00000074263370927236","0,00000046795974342952","0,00000001168864850346","0,00000001219618936589","0,00000131199556730947","0,00000086963964783803","0,00000134627689399668","0,00000014739219270828","0,00000039977707242303"
"0,04512837103057898420","0,00000021629248716578","0,00000036290055700394","0,00000007539449719001","0,00000001090785620575","0,00000001104507371161","0,00000061563254314070","0,00000013671205407223","0,00000001087008201862","0,00000045106728200166","0,00000001749332745677","0,00000055456793706714","0,00000074559664993301","0,00000047132589162708","0,00000001170061388794","0,00000001216830560039","0,00000131066033746062","0,00000087601272296736","0,00000135449679495552","0,00000014880699438411","0,00000040337127618427"
"0,04713229366789361410","0,00000021696034379898","0,00000036489624278959","0,00000007477774954111","0,00000001087436483616","0,00000001104236851974","0,00000062006511859508","0,00000013636020648063","0,00000001091526858429","0,00000045285749613433","0,00000001798822014909","0,00000055878784900285","0,00000074865691304471","0,00000047471652749295","0,00000001171331125318","0,00000001213674846401","0,00000130935168912569","0,00000088244808416815","0,00000136278985207890","0,00000015026806501507","0,00000040698810263502"
"0,04913621630520824400","0,00000021761693669912","0,00000036691625152223","0,00000007412883219276","0,00000001083780666323","0,00000001103994230136","0,00000062453939321419","0,00000013598513331441","0,00000001096436284918","0,00000045470973417127","0,00000001850943410008","0,00000056305749921269","0,00000075181449860743","0,00000047813165102713","0,00000001172674059917","0,00000001210151795674","0,00000130806962230468","0,00000088894573144037","0,00000137115606536680","0,00000015177540460116","0,00000041062755177530"
"0,05114013894252287390","0,00000021827511072630","0,00000036897044921569","0,00000007348330980469","0,00000001080138104245","0,00000001103832742587","0,00000062903275433808","0,00000013560018217917","0,00000001101381857860","0,00000045658846234711","0,00000001903733131266","0,00000056735053650834","0,00000075505210429670","0,00000048155328901821","0,00000001174003467190","0,00000001206608608622","0,00000130681112000107","0,00000089548910993049","0,00000137954456510104","0,00000015331178311331","0,00000041426694634275"
"0,05314406157983750380","0,00000021894771074061","0,00000037106870188380","0,00000007287674703660","0,00000001076828732935","0,00000001103805626264","0,00000063352258930681","0,00000013521870068049","0,00000001106008953786","0,00000045845814689649","0,00000001955227378973","0,00000057164060970148","0,00000075835242778803","0,00000048496346825479","0,00000001175232621735","0,00000001203392486009","0,00000130557316521833","0,00000090206166478495","0,00000138790448156343","0,00000015485997052242","0,00000041788360907502"
"0,05514798421715213370","0,00000021963473674203","0,00000037321100952656","0,00000007230914388850","0,00000001073852552391","0,00000001103912881168","0,00000063800889812036","0,00000013484068881836","0,00000001110317572695","0,00000046031878781940","0,00000002005426153130","0,00000057592771879213","0,00000076171546908143","0,00000048836218873686","0,00000001176361523552","0,00000001200503427834","0,00000130435575795646","0,00000090866339600375","0,00000139623581475398","0,00000015641996682851","0,00000042147753997212"
"0,05715190685446676360","0,00000022033618873057","0,00000037539737214397","0,00000007178050036037","0,00000001071209562614","0,00000001104154507298","0,00000064249168077874","0,00000013446614659279","0,00000001114307714587","0,00000046217038511585","0,00000002054329453736","0,00000058021186378027","0,00000076514122817688","0,00000049174945046442","0,00000001177390172642","0,00000001197941434098","0,00000130315889821546","0,00000091529430358689","0,00000140453856467268","0,00000015799177203156","0,00000042504873903404"
"0,05915582949178139340","0,00000022105206670624","0,00000037762778973604","0,00000007129081645224","0,00000001068899763604","0,00000001104530504656","0,00000064697093728195","0,00000013409507400378","0,00000001117979379463","0,00000046401293878584","0,00000002101937280792","0,00000058449304466592","0,00000076862970507440","0,00000049512525343748","0,00000001178318569003","0,00000001195706504801","0,00000130198258599533","0,00000092195438753436","0,00000141281273131953","0,00000015957538613157","0,00000042859720626079"
"0,06115975212909602330","0,00000022178237066902","0,00000037990226230275","0,00000007084009216408","0,00000001066923155361","0,00000001105040873239","0,00000065144666762999","0,00000013372747105132","0,00000001121332567323","0,00000046584644882937","0,00000002148249634298","0,00000058877126144906","0,00000077218089977397","0,00000049848959765604","0,00000001179146712637","0,00000001193798639942","0,00000130082682129607","0,00000092864364784618","0,00000142105831469453","0,00000016117080912856","0,00000043212294165237"
"0,06316367476641064630","0,00000022252710061893","0,00000038222078984412","0,00000007042832749591","0,00000001065279737884","0,00000001105685613050","0,00000065591887182285","0,00000013336333773542","0,00000001124367278166","0,00000046767091524643","0,00000002193266514253","0,00000059304651412970","0,00000077579481227561","0,00000050184248312009","0,00000001179874603542","0,00000001192217839522","0,00000129969160411768","0,00000093536208452233","0,00000142927531479769","0,00000016277804102251","0,00000043562594520877"
"0,06516759740372528310","0,00000022328625655595","0,00000038458337236013","0,00000007005552244772","0,00000001063969511175","0,00000001106464724087","0,00000066038754986055","0,00000013300267405608","0,00000001127083511992","0,00000046948633803703","0,00000002236987920657","0,00000059731880270784","0,00000077947144257931","0,00000050518390982964","0,00000001180502241720","0,00000001190964103541","0,00000129857693446015","0,00000094210969756283","0,00000143746373162900","0,00000016439708181343","0,00000043910621692999"
"0,06717152004103990600","0,00000022405983848009","0,00000038699000985080","0,00000006972167701951","0,00000001062992475232","0,00000001107378206350","0,00000066485270174307","0,00000013264548001329","0,00000001129481268802","0,00000047129271720117","0,00000002279413853511","0,00000060158812718348","0,00000078321079068506","0,00000050851387778469","0,00000001181029627171","0,00000001190037431998","0,00000129748281232350","0,00000094888648696766","0,00000144562356518846","0,00000016602793150132","0,00000044256375681604"
"0,06917544267835454290","0,00000022484784639136","0,00000038944070231611","0,00000006942679121129","0,00000001062348630056","0,00000001108426059840","0,00000066931432747042","0,00000013229175560706","0,00000001131560548595","0,00000047309005273884","0,00000002320544312815","0,00000060585448755662","0,00000078701285659288","0,00000051183238698523","0,00000001181456759893","0,00000001189437824893","0,00000129640923770772","0,00000095569245273684","0,00000145375481547607","0,00000016767059008617","0,00000044599856486692"
"0,07117936531566916580","0,00000022565028028974","0,00000039193544975608","0,00000006917086502305","0,00000001062037975647","0,00000001109608284557","0,00000067377242704260","0,00000013194150083739","0,00000001133321351372","0,00000047487834465005","0,00000002360379298568","0,00000061011788382726","0,00000079087764030276","0,00000051513943743126","0,00000001181783639888","0,00000001189165282228","0,00000129535621061281","0,00000096252759487035","0,00000146185748249184","0,00000016932505756800","0,00000044941064108262"
"0,07318328795298380260","0,00000022646714017525","0,00000039447425217070","0,00000006895389845479","0,00000001062060512005","0,00000001110924880500","0,00000067822700045961","0,00000013159471570428","0,00000001134763677132","0,00000047665759293480","0,00000002398918810771","0,00000061437831599539","0,00000079480514181470","0,00000051843502912279","0,00000001182010267154","0,00000001189219804001","0,00000129432373103876","0,00000096939191336820","0,00000146993156623576","0,00000017099133394679","0,00000045279998546314"
"0,07518721059029842560","0,00000022729842604788","0,00000039705710955997","0,00000006877589150652","0,00000001062416239130","0,00000001112375847670","0,00000068267804772144","0,00000013125140020772","0,00000001135887525875","0,00000047842779759309","0,00000002436162849423","0,00000061863578406103","0,00000079879536112870","0,00000052171916205982","0,00000001182136641693","0,00000001189601390212","0,00000129331179898559","0,00000097628540823039","0,00000147797706670784","0,00000017266941922255","0,00000045616659800849"
"0,07719113322761306240","0,00000022814413790762","0,00000039968402192388","0,00000006863684417822","0,00000001063105157021","0,00000001113961186067","0,00000068712556882810","0,00000013091155434772","0,00000001136692897602","0,00000048018895862491","0,00000002472111414525","0,00000062289028802416","0,00000080284829824476","0,00000052499183624234","0,00000001182162763504","0,00000001190310040863","0,00000129232041445329","0,00000098320807945692","0,00000148599398390806","0,00000017435931339528","0,00000045951047871867"
"0,07919505586492768540","0,00000022900427575449","0,00000040235498926245","0,00000006853675646992","0,00000001064127265679","0,00000001115680895690","0,00000069156956377960","0,00000013057517812428","0,00000001137179792313","0,00000048194107603027","0,00000002506764506076","0,00000062714182788479","0,00000080696395316288","0,00000052825305167036","0,00000001182088632587","0,00000001191345755951","0,00000129134957744185","0,00000099015992704779","0,00000149398231783644","0,00000017606101646497","0,00000046283162759367"
"0,08119897850224232220","0,00000022987883958847","0,00000040507001157567","0,00000006847562838159","0,00000001065482565105","0,00000001117534976540","0,00000069601003257592","0,00000013024227153739","0,00000001137348210006","0,00000048368414980916","0,00000002540122124077","0,00000063139040364292","0,00000081114232588307","0,00000053150280834388","0,00000001181914248943","0,00000001192708535479","0,00000129039928795129","0,00000099714095100300","0,00000150194206849297","0,00000017777452843163","0,00000046613004463350"
"0,08320290113955694510","0,00000023076782940958","0,00000040782908886355","0,00000006845345991325","0,00000001067171055297","0,00000001119523428616","0,00000070044697521707","0,00000012991283458706","0,00000001137198150684","0,00000048541817996160","0,00000002572184268528","0,00000063563601529855","0,00000081538341640531","0,00000053474110626289","0,00000001181639612570","0,00000001194398379445","0,00000128946954598160","0,00000100415115132255","0,00000150987323587766","0,00000017949984929526","0,00000046940572983815"
"0,08520682377687158190","0,00000023167124521781","0,00000041063222112607","0,00000006847025106489","0,00000001069192736256","0,00000001121646251919","0,00000070488039170304","0,00000012958686727329","0,00000001136729614344","0,00000048714316648757","0,00000002602950939428","0,00000063987866285168","0,00000081968722472961","0,00000053796794542739","0,00000001181264723470","0,00000001196415287849","0,00000128856035153277","0,00000101119052800644","0,00000151777581999049","0,00000018123697905586","0,00000047265868320763"
"0,08721074641418620490","0,00000023258908701315","0,00000041347940836324","0,00000006852600183652","0,00000001071547607981","0,00000001123903446448","0,00000070931028203385","0,00000012926436959608","0,00000001135942600989","0,00000048885910938707","0,00000002632422136777","0,00000064411834630231","0,00000082405375085598","0,00000054118332583739","0,00000001180789581642","0,00000001198759260693","0,00000128767170460482","0,00000101825908105466","0,00000152564982083148","0,00000018298591771343","0,00000047588890474193"
"0,08921466905150082780","0,00000023352135479562","0,00000041637065057506","0,00000006862071222813","0,00000001074235670474","0,00000001126295012205","0,00000071373664620948","0,00000012894534155542","0,00000001134837110616","0,00000049056600866012","0,00000002660597860576","0,00000064835506565044","0,00000082848299478440","0,00000054438724749289","0,00000001180214187086","0,00000001201430297975","0,00000128680360519773","0,00000102535681046723","0,00000153349523840063","0,00000018474666526796","0,00000047909639444106"
"0,09121859168881546470","0,00000023446804856521","0,00000041930594776153","0,00000006875438223972","0,00000001077256923733","0,00000001128820949187","0,00000071815948422994","0,00000012862978315132","0,00000001133413143227","0,00000049226386430670","0,00000002687478110825","0,00000065258882089607","0,00000083297495651489","0,00000054757971039388","0,00000001179538539803","0,00000001204428399695","0,00000128595605331152","0,00000103248371624413","0,00000154131207269792","0,00000018651922171946","0,00000048228115230501"
"0,09322251432613008760","0,00000023542916832192","0,00000042228529992266","0,00000006892701187129","0,00000001080611367759","0,00000001131481257397","0,00000072257879609523","0,00000012831769438378","0,00000001131670698822","0,00000049395267632681","0,00000002713062887523","0,00000065681961203919","0,00000083752963604744","0,00000055076071454037","0,00000001178762639791","0,00000001207753565854","0,00000128512904894617","0,00000103963979838538","0,00000154910032372337","0,00000018830358706793","0,00000048544317833379"
"0,09522643696344472440","0,00000023640471406575","0,00000042530870705843","0,00000006913860112285","0,00000001084299002552","0,00000001134275936833","0,00000072699458180535","0,00000012800907525279","0,00000001129609777400","0,00000049563244472047","0,00000002737352190670","0,00000066104743907981","0,00000084214703338205","0,00000055393025993235","0,00000001177886487052","0,00000001211405796452","0,00000128432259210170","0,00000104682505689096","0,00000155685999147697","0,00000019009976131337","0,00000048858247252739"
"0,09723035960075934740","0,00000023739468579669","0,00000042837616916886","0,00000006938914999439","0,00000001088319828112","0,00000001137204987495","0,00000073140684136030","0,00000012770392575836","0,00000001127230378961","0,00000049730316948766","0,00000002760346020268","0,00000066527230201794","0,00000084682714851871","0,00000055708834656983","0,00000001176910081585","0,00000001215385091488","0,00000128353668277809","0,00000105403949176089","0,00000156459107595872","0,00000019190774445577","0,00000049169903488582"
"0,09923428223807398420","0,00000023839908351476","0,00000043148768625393","0,00000006967865848591","0,00000001092673844439","0,00000001140268409384","0,00000073581557476008","0,00000012740224590049","0,00000001124532503506","0,00000049896485062839","0,00000002782044376314","0,00000066949420085356","0,00000085156998145744","0,00000056023497445281","0,00000001175833423390","0,00000001219691450963","0,00000128277132097535","0,00000106128310299515","0,00000157229357716863","0,00000019372753649514","0,00000049479286540908"
"0,10123820487538860700","0,00000023940539140837","0,00000043462764961702","0,00000006998921971359","0,00000001097076086522","0,00000001143266951903","0,00000074023319247818","0,00000012711340374362","0,00000001121795416975","0,00000050067871952998","0,00000002803439178685","0,00000067373819259591","0,00000085638721521716","0,00000056337088985524","0,00000001174801514988","0,00000001224016984621","0,00000128201923673631","0,00000106856429753040","0,00000157999534711185","0,00000019556376022364","0,00000049786955603945"
"0,10324212751270324400","0,00000024040109366591","0,00000043778045056147","0,00000007030292679358","0,00000001101241589351","0,00000001146001364454","0,00000074467210498811","0,00000012684676735219","0,00000001119298385310","0,00000050250600757978","0,00000002825522347253","0,00000067802933425423","0,00000086129053281677","0,00000056649683905109","0,00000001173959358900","0,00000001228053802204","0,00000128127316010379","0,00000107589148230327","0,00000158772423779354","0,00000019742103843342","0,00000050093469871923"
"0,10524605015001786700","0,00000024138619028741","0,00000044094608908729","0,00000007061977972589","0,00000001105170352926","0,00000001148471647038","0,00000074913231228986","0,00000012660233672621","0,00000001117041408509","0,00000050444671477776","0,00000002848293882019","0,00000068236762582850","0,00000086627993425629","0,00000056961282204035","0,00000001173306955127","0,00000001231801903715","0,00000128053309107778","0,00000108326465731377","0,00000159548024921370","0,00000019929937112448","0,00000050398829344841"
"0,10724997278733250400","0,00000024236068127285","0,00000044412456519448","0,00000007093977851053","0,00000001108862377247","0,00000001150677799654","0,00000075361381438344","0,00000012638011186566","0,00000001115024486575","0,00000050650084112395","0,00000002871753782984","0,00000068675306731874","0,00000087135541953572","0,00000057271883882302","0,00000001172844303668","0,00000001235261289152","0,00000127979902965829","0,00000109068382256190","0,00000160326338137234","0,00000020119875829682","0,00000050703034022701"
"0,10925389542464712700","0,00000024332456662224","0,00000044731587888304","0,00000007126292314747","0,00000001112317662314","0,00000001152619822302","0,00000075811661126885","0,00000012618009277056","0,00000001113247619505","0,00000050866838661833","0,00000002895902050146","0,00000069118565872495","0,00000087651698865505","0,00000057581488939911","0,00000001172571404522","0,00000001238431958515","0,00000127907097584531","0,00000109814897804766","0,00000161107363426945","0,00000020311919995045","0,00000051006083905501"
"0,11125781806196176300","0,00000024427784633557","0,00000045052003015296","0,00000007158921363674","0,00000001115536208127","0,00000001154297714983","0,00000076264070294609","0,00000012600227944091","0,00000001111710807301","0,00000051094935126090","0,00000002920738683506","0,00000069566540004711","0,00000088176464161429","0,00000057890097376861","0,00000001172488257691","0,00000001241313911805","0,00000127834892963886","0,00000110566012377104","0,00000161891100790503","0,00000020506069608536","0,00000051307978993243"
"0,11326174069927638600","0,00000024522052041285","0,00000045373701900426","0,00000007191864997833","0,00000001118518014686","0,00000001155711477696","0,00000076718608941515","0,00000012584667187669","0,00000001110414049962","0,00000051334373505167","0,00000002946263683063","0,00000070019229128524","0,00000088709837841343","0,00000058197709193153","0,00000001172594863175","0,00000001243907149021","0,00000127763289103892","0,00000111321725973206","0,00000162677550227909","0,00000020702324670155","0,00000051608719285925"
"0,11526566333659102300","0,00000024615258885408","0,00000045696684543692","0,00000007225123217224","0,00000001121263081991","0,00000001156861110442","0,00000077175277067604","0,00000012571327007792","0,00000001109357347489","0,00000051585153799064","0,00000002972477048819","0,00000070476633243933","0,00000089251819905247","0,00000058504324388786","0,00000001172891220972","0,00000001246211670164","0,00000127692286004549","0,00000112082038593070","0,00000163466711739161","0,00000020900685179902","0,00000051908304783548"
"0,11726958597390564600","0,00000024707405165925","0,00000046020950945095","0,00000007258696021846","0,00000001123771410041","0,00000001157746613220","0,00000077634074672875","0,00000012560207404459","0,00000001108540699881","0,00000051847276007781","0,00000002999378780773","0,00000070938752350938","0,00000089802410353142","0,00000058809942963760","0,00000001173377331084","0,00000001248227475234","0,00000127621883665859","0,00000112846950236697","0,00000164258585324262","0,00000021101151137777","0,00000052206735486112"
"0,11927350861122028300","0,00000024798490882837","0,00000046346501104635","0,00000007292583411701","0,00000001126042998838","0,00000001158367986030","0,00000078095001757329","0,00000012551308377671","0,00000001107964107138","0,00000052120740131317","0,00000003026968878925","0,00000071405586449540","0,00000090361609185028","0,00000059114564918076","0,00000001174053193509","0,00000001249954564229","0,00000127552082087820","0,00000113616460904087","0,00000165053170983209","0,00000021303722543781","0,00000052504011393617"
"0,12127743124853490600","0,00000024888516036144","0,00000046673335022311","0,00000007326785386787","0,00000001128077848381","0,00000001158725228873","0,00000078558058320966","0,00000012544629927426","0,00000001107627569261","0,00000052405546169672","0,00000003055247343274","0,00000071877135539738","0,00000090929416400904","0,00000059418190251733","0,00000001174918808249","0,00000001251392937152","0,00000127482881270433","0,00000114390570595239","0,00000165850468716003","0,00000021508399397913","0,00000052800132506062"
"0,12328135388584952900","0,00000024977480625845","0,00000047001452698124","0,00000007361301947105","0,00000001129875958669","0,00000001158818341749","0,00000079023244363785","0,00000012540172053726","0,00000001107531086249","0,00000052701694122848","0,00000003084214173821","0,00000072353399621532","0,00000091505832000770","0,00000059720818964732","0,00000001175974175303","0,00000001252542594000","0,00000127414281213698","0,00000115169279310154","0,00000166650478522645","0,00000021715181700173","0,00000053095098823449"
"0,12528527652316415200","0,00000025065384651941","0,00000047330854132075","0,00000007396133092655","0,00000001131437329704","0,00000001158647324656","0,00000079490559885787","0,00000012537934756571","0,00000001107674658102","0,00000053009183990843","0,00000003113869370567","0,00000072834378694922","0,00000092090855984627","0,00000060022451057072","0,00000001177219294671","0,00000001253403534776","0,00000127346281917614","0,00000115952587048832","0,00000167453200403134","0,00000021924069450561","0,00000053388910345776"
"0,12728919916047878900","0,00000025152228114431","0,00000047661539324162","0,00000007431278823437","0,00000001132761961484","0,00000001158212177597","0,00000079960004886971","0,00000012537918035959","0,00000001108058284821","0,00000053328015773657","0,00000003144212933510","0,00000073320072759909","0,00000092684488352474","0,00000060323086528754","0,00000001178654166354","0,00000001253975759477","0,00000127278883382183","0,00000116740493811273","0,00000168258634357471","0,00000022135062649078","0,00000053681567073044"
"0,12929312179779342500","0,00000025238011013316","0,00000047993508274385","0,00000007466739139451","0,00000001133849854010","0,00000001157512900569","0,00000080431579367338","0,00000012540121891892","0,00000001108681966405","0,00000053658189471291","0,00000003175244862651","0,00000073810481816492","0,00000093286729104312","0,00000060622725379777","0,00000001180278790350","0,00000001254259268106","0,00000127212085607402","0,00000117532999597477","0,00000169066780385654","0,00000022348161295723","0,00000053973069005253"
"0,13129704443510806200","0,00000025322733348596","0,00000048326760982746","0,00000007502514040696","0,00000001134701007283","0,00000001156549493574","0,00000080905283326888","0,00000012544546324369","0,00000001109545702854","0,00000053999705083745","0,00000003206965157990","0,00000074305605864671","0,00000093897578240140","0,00000060921367610142","0,00000001182093166661","0,00000001254254060660","0,00000127145888593274","0,00000118330104407443","0,00000169877638487685","0,00000022563365390496","0,00000054263416142403"
"0,13330096707242267100","0,00000025406395120271","0,00000048661297449243","0,00000007538603527174","0,00000001135315421301","0,00000001155321956612","0,00000081381116765621","0,00000012551191333391","0,00000001110649494169","0,00000054352562611018","0,00000003239373819527","0,00000074805444904446","0,00000094517035759959","0,00000061219013219848","0,00000001184097295286","0,00000001253960137142","0,00000127080292339797","0,00000119131808241173","0,00000170691208663564","0,00000022780674933397","0,00000054552608484494"
"0,13530488970973730800","0,00000025488996328340","0,00000048997117673878","0,00000007575007598883","0,00000001135693096065","0,00000001153830289682","0,00000081859079683536","0,00000012560056918957","0,00000001111993340349","0,00000054716762053111","0,00000003272470847262","0,00000075309998935818","0,00000095145101663768","0,00000061515662208895","0,00000001186291176225","0,00000001253377497549","0,00000127015296846973","0,00000119938111098665","0,00000171507490913289","0,00000023000089924426","0,00000054840646031525"
"0,13730881234705194500","0,00000025570536972803","0,00000049334221656649","0,00000007611726255824","0,00000001135834031575","0,00000001152074492784","0,00000082339172080634","0,00000012571143081067","0,00000001113577241394","0,00000055092303410024","0,00000003306256241194","0,00000075819267958786","0,00000095781775951568","0,00000061811314577284","0,00000001188674809478","0,00000001252506141883","0,00000126950902114799","0,00000120749012979919","0,00000172326485236862","0,00000023221610363584","0,00000055127528783497"
"0,13931273498436658200","0,00000025651017053662","0,00000049672609397557","0,00000007648759497997","0,00000001135738227831","0,00000001150054565919","0,00000082821393956914","0,00000012584449819721","0,00000001115401197305","0,00000055479186681756","0,00000003340730001325","0,00000076333251973350","0,00000096427058623358","0,00000062105970325014","0,00000001191248195046","0,00000001251346070144","0,00000126887108143278","0,00000121564513884937","0,00000173148191634282","0,00000023445236250869","0,00000055413256740411"
"0,14131665762168119100","0,00000025730436570915","0,00000050012280896601","0,00000007686107325402","0,00000001135405684833","0,00000001147770509086","0,00000083305745312377","0,00000012599977134920","0,00000001117465208081","0,00000055877411868308","0,00000003375892127654","0,00000076851950979510","0,00000097080949679139","0,00000062399629452086","0,00000001194011332927","0,00000001249897282331","0,00000126823914932408","0,00000122384613813717","0,00000173972610105549","0,00000023670967586284","0,00000055697829902265"
"0,14332058025899582800","0,00000025808795524562","0,00000050353236153783","0,00000007723769738039","0,00000001134836402581","0,00000001145222322286","0,00000083792226147023","0,00000012617725026663","0,00000001119769273722","0,00000056286978969679","0,00000003411742620180","0,00000077375364977267","0,00000097743449118910","0,00000062692291958499","0,00000001196964223123","0,00000001248159778445","0,00000126761322482190","0,00000123209312766261","0,00000174799740650664","0,00000023898804369826","0,00000055981248269060"
"0,14532450289631046500","0,00000025886093914604","0,00000050695475169101","0,00000007761746735908","0,00000001134030381075","0,00000001142410005518","0,00000084280836460851","0,00000012637693494950","0,00000001122313394229","0,00000056707887985870","0,00000003448281478904","0,00000077903493966620","0,00000098414556942672","0,00000062983957844253","0,00000001200106865633","0,00000001246133558485","0,00000126699330792624","0,00000124038610742566","0,00000175629583269626","0,00000024128746601496","0,00000056263511840796"
"0,14732842553362510100","0,00000025962331741041","0,00000051038997942556","0,00000007800038319009","0,00000001132987620315","0,00000001139333558782","0,00000084771576253862","0,00000012659882539781","0,00000001125097569601","0,00000057140138916881","0,00000003485508703827","0,00000078436337947569","0,00000099094273150424","0,00000063274627109349","0,00000001203439260457","0,00000001243818622451","0,00000126637939863709","0,00000124872507742635","0,00000176462137962435","0,00000024360794281295","0,00000056544620617472"
"0,14933234817093971000","0,00000026037509003873","0,00000051383804474148","0,00000007838644487341","0,00000001131708120300","0,00000001135992982079","0,00000085264445526055","0,00000012684292161157","0,00000001128121799839","0,00000057583731762711","0,00000003523424294947","0,00000078973896920115","0,00000099782597742166","0,00000063564299753787","0,00000001206961407595","0,00000001241214970344","0,00000126577149695446","0,00000125711003766467","0,00000177297404729091","0,00000024594947409222","0,00000056824574599090"
"0,15133627080825434700","0,00000026110846951022","0,00000051730979721872","0,00000007878514362675","0,00000001130354857165","0,00000001132687131712","0,00000085759360825804","0,00000012711765574536","0,00000001131161985529","0,00000058034515749894","0,00000003560604776807","0,00000079511724332751","0,00000100475847605904","0,00000063853800570126","0,00000001210441259820","0,00000001238574353918","0,00000126515346248264","0,00000126552167492854","0,00000178130851999350","0,00000024829536086615","0,00000057103635823597"
"0,15334019344556898400","0,00000026181566830412","0,00000052081608643723","0,00000007920597066782","0,00000001129090807041","0,00000001129714863985","0,00000086256238701479","0,00000012743145995377","0,00000001133994027261","0,00000058488340104964","0,00000003595626673950","0,00000080045373633974","0,00000101170339629642","0,00000064143954350930","0,00000001213646769904","0,00000001236148524925","0,00000126450915482589","0,00000127394067600590","0,00000178957948202967","0,00000025062890414812","0,00000057382066328942"
"0,15534411608288362100","0,00000026249668642042","0,00000052435691239701","0,00000007964892599659","0,00000001127915969928","0,00000001127076178898","0,00000086755079153081","0,00000012778433423679","0,00000001136617925033","0,00000058945204827920","0,00000003628489986375","0,00000080574844823782","0,00000101866073813381","0,00000064434761096197","0,00000001216577937847","0,00000001233937483367","0,00000126383857398424","0,00000128236704089674","0,00000179778693339941","0,00000025295010393814","0,00000057659866115124"
"0,15734803872019823000","0,00000026315152385913","0,00000052793227509807","0,00000008011400961309","0,00000001126830345827","0,00000001124771076452","0,00000087255882180611","0,00000012817627859444","0,00000001139033678846","0,00000059405109918762","0,00000003659194714082","0,00000081100137902176","0,00000102563050157119","0,00000064726220805928","0,00000001219234763649","0,00000001231941229243","0,00000126314171995767","0,00000129080076960108","0,00000180593087410274","0,00000025525896023620","0,00000057937035182145"
"0,15935196135751286700","0,00000026378018062025","0,00000053154217454040","0,00000008060122151730","0,00000001125833934738","0,00000001122799556645","0,00000087758647784067","0,00000012860729302670","0,00000001141241288701","0,00000059868055377490","0,00000003687740857072","0,00000081621252869156","0,00000103261268660858","0,00000065018333480122","0,00000001221617247310","0,00000001230159762553","0,00000126241859274618","0,00000129924186211890","0,00000181401130413964","0,00000025755547304230","0,00000058213573530004"
"0,16135588399482750400","0,00000026438265670377","0,00000053518661072400","0,00000008111056170923","0,00000001124926736659","0,00000001121161619478","0,00000088263375963450","0,00000012907737753358","0,00000001143240754596","0,00000060334041204105","0,00000003714128415344","0,00000082138189724722","0,00000103960729324597","0,00000065311099118780","0,00000001223725388831","0,00000001228593083298","0,00000126166919234978","0,00000130769031845020","0,00000182202822351012","0,00000025983964235644","0,00000058489481158701"
"0,16335980663214211300","0,00000026495895210969","0,00000053886558364887","0,00000008164203018888","0,00000001124108751593","0,00000001119857264952","0,00000088770066718760","0,00000012958653211508","0,00000001145032076532","0,00000060803067398605","0,00000003738357388898","0,00000082650948468874","0,00000104661432148336","0,00000065604517721902","0,00000001225559188210","0,00000001227241191476","0,00000126089351876847","0,00000131614613859500","0,00000182998163221418","0,00000026211146817862","0,00000058764758068236"
"0,16536372926945675000","0,00000026550906683803","0,00000054257909331501","0,00000008219562695624","0,00000001123379979537","0,00000001118886493065","0,00000089278720049997","0,00000013013475677120","0,00000001146615254509","0,00000061275133960992","0,00000003760427777735","0,00000083159529101612","0,00000105363377132075","0,00000065898589289487","0,00000001227118645449","0,00000001226104087089","0,00000126009157200224","0,00000132460932255328","0,00000183787153025181","0,00000026437095050885","0,00000059039404258609"
"0,16736765190677138600","0,00000026603300088877","0,00000054632713972243","0,00000008277135201132","0,00000001122740420494","0,00000001118249303819","0,00000089789335957161","0,00000013072205150194","0,00000001147990288527","0,00000061750240891266","0,00000003780339581854","0,00000083663931622936","0,00000106066564275814","0,00000066193313821536","0,00000001228403760546","0,00000001225181770136","0,00000125926335205110","0,00000133307987032504","0,00000184569791762303","0,00000026661808934712","0,00000059313419729820"
"0,16937157454408602300","0,00000026653075426191","0,00000055010972287112","0,00000008336920535412","0,00000001122190074461","0,00000001117945697212","0,00000090301914440251","0,00000013134841630729","0,00000001149157178586","0,00000062228388189425","0,00000003798092801256","0,00000084164156032846","0,00000106770993579554","0,00000066488691318048","0,00000001229414533503","0,00000001224474240617","0,00000125840885891504","0,00000134155778191030","0,00000185346079432782","0,00000026885288469343","0,00000059586804481868"
"0,17137549718140063200","0,00000026700232695746","0,00000055392684276108","0,00000008398918698464","0,00000001121728941441","0,00000001117975673246","0,00000090816455499269","0,00000013201385118727","0,00000001150115924685","0,00000062709575855471","0,00000003813687435940","0,00000084660202331341","0,00000107476665043294","0,00000066784721779024","0,00000001230150964319","0,00000001223981498533","0,00000125752809259407","0,00000135004305730904","0,00000186116016036619","0,00000027107533654779","0,00000059859558514755"
"0,17337941981871526900","0,00000026744771897542","0,00000055777849939231","0,00000008463129690287","0,00000001121357021431","0,00000001118339231920","0,00000091332959134214","0,00000013271835614186","0,00000001150866526826","0,00000063193803889403","0,00000003827123485906","0,00000085152070518423","0,00000108183578667033","0,00000067081405204464","0,00000001230613052994","0,00000001223703543882","0,00000125662105308818","0,00000135853569652126","0,00000186879601573814","0,00000027328544491019","0,00000060131681828480"
"0,17538334245602990600","0,00000026786693031578","0,00000056166469276482","0,00000008529553510882","0,00000001121074314433","0,00000001119036373233","0,00000091851425345086","0,00000013346193117107","0,00000001151408985008","0,00000063681072291222","0,00000003838400951155","0,00000085639760594090","0,00000108891734450774","0,00000067378741594368","0,00000001230800799528","0,00000001223640376666","0,00000125568774039738","0,00000136703569954698","0,00000187636836044367","0,00000027548320978063","0,00000060403174423043"
"0,17738726509334454300","0,00000026825996097855","0,00000056558542287860","0,00000008598190160249","0,00000001120880820447","0,00000001120067097187","0,00000092371854131884","0,00000013424457627490","0,00000001151743299230","0,00000064171381060927","0,00000003847519831686","0,00000086123272558344","0,00000109601132394514","0,00000067676730948734","0,00000001230714203921","0,00000001223791996884","0,00000125472815452167","0,00000137554306638618","0,00000188387719448278","0,00000027766863115911","0,00000060674036298443"
"0,17939118773065915200","0,00000026862681096373","0,00000056954068973365","0,00000008669039638388","0,00000001120776539472","0,00000001121431403781","0,00000092894245494610","0,00000013506629145335","0,00000001151869469493","0,00000064664730198517","0,00000003854480127499","0,00000086602606411183","0,00000110311772498254","0,00000067975373267565","0,00000001230353266174","0,00000001224158404536","0,00000125374229546104","0,00000138405779703887","0,00000189132251785546","0,00000027984170904563","0,00000060944267454682"
"0,18139511036797378900","0,00000026896748027131","0,00000057353049332997","0,00000008742101945298","0,00000001120761471509","0,00000001123129293015","0,00000093418599433262","0,00000013592707670641","0,00000001151787495798","0,00000065161119703995","0,00000003859281838595","0,00000087077762152608","0,00000111023654761995","0,00000068274668550859","0,00000001229717986285","0,00000001224739599623","0,00000125273016321549","0,00000139257989150504","0,00000189870433056172","0,00000028200244344020","0,00000061213867891759"
"0,18339903300528842500","0,00000026928196890130","0,00000057755483366756","0,00000008817377080980","0,00000001120835616557","0,00000001125160764889","0,00000093944915947842","0,00000013682693203410","0,00000001151497378143","0,00000065660549577358","0,00000003861924964973","0,00000087548739782619","0,00000111736779185736","0,00000068574616798617","0,00000001228808364255","0,00000001225535582144","0,00000125169175778504","0,00000140110934978470","0,00000190602263260156","0,00000028415083434281","0,00000061482837609673"
"0,18540295564260306200","0,00000026957027685369","0,00000058161371074643","0,00000008894865045434","0,00000001120998974616","0,00000001127525819403","0,00000094473195038348","0,00000013776585743640","0,00000001150999116529","0,00000066163019818608","0,00000003862409506633","0,00000088015539301216","0,00000112451145769477","0,00000068875218010838","0,00000001227624400085","0,00000001226546352098","0,00000125062707916966","0,00000140964617187785","0,00000191327742397498","0,00000028628688175346","0,00000061751176608426"
"0,18740687827991767100","0,00000026983240412849","0,00000058570712456657","0,00000008974565838659","0,00000001121251545687","0,00000001130224456557","0,00000095003436704781","0,00000013874385291333","0,00000001150292710956","0,00000066668530427744","0,00000003860735463576","0,00000088478160708399","0,00000113166754513218","0,00000069176472187523","0,00000001226166093774","0,00000001227771909488","0,00000124953612736938","0,00000141819035778448","0,00000192046870468198","0,00000028841058567215","0,00000062018884888017"
"0,18941080091723230800","0,00000027006835072569","0,00000058983507512798","0,00000009056479460656","0,00000001121593329770","0,00000001133256676351","0,00000095535640947142","0,00000013976091846487","0,00000001149378161424","0,00000067177081404766","0,00000003856902835801","0,00000088936604004168","0,00000113883605416959","0,00000069478379328672","0,00000001224433445322","0,00000001229212254311","0,00000124841890238417","0,00000142674190750460","0,00000192759647472256","0,00000029052194609889","0,00000062285962448445"
"0,19141472355454694500","0,00000027027811664530","0,00000059399756243066","0,00000009140605911425","0,00000001122024326863","0,00000001136622478785","0,00000096069807765429","0,00000014081705409103","0,00000001148255467933","0,00000067688672749675","0,00000003850911623309","0,00000089390869188523","0,00000114601698480701","0,00000069780939434284","0,00000001222426454728","0,00000001230867386568","0,00000124727540421406","0,00000143530082103821","0,00000193466073409671","0,00000029262096303366","0,00000062552409289712"
"0,19341864619186155400","0,00000027046170188732","0,00000059819458647462","0,00000009226945190966","0,00000001122544536969","0,00000001140321863859","0,00000096605937159643","0,00000014191225979180","0,00000001146924630483","0,00000068203304462470","0,00000003842761826099","0,00000089840956261463","0,00000115321033704443","0,00000070084152504360","0,00000001220145121994","0,00000001232737306260","0,00000124610563285903","0,00000144386709838531","0,00000194166148280444","0,00000029470763647648","0,00000062818225411817"
"0,19542256882917619100","0,00000027061910645174","0,00000060242614725985","0,00000009315497299278","0,00000001123153960086","0,00000001144354831574","0,00000097144029129784","0,00000014304653556720","0,00000001145385649074","0,00000068720976543151","0,00000003832453444171","0,00000090286865222990","0,00000116041611088185","0,00000070388018538900","0,00000001217589447119","0,00000001234822013386","0,00000124490958831908","0,00000145244073954589","0,00000194859872084575","0,00000029678196642735","0,00000063083410814759"
"0,19742649146649082800","0,00000027075033033857","0,00000060669224478635","0,00000009406262236362","0,00000001123852596214","0,00000001148721381928","0,00000097684083675852","0,00000014421988141721","0,00000001143638523705","0,00000069241688991718","0,00000003819986477526","0,00000090728596073102","0,00000116763430631927","0,00000070692537537903","0,00000001214759430104","0,00000001237121507946","0,00000124368727059422","0,00000146102174451996","0,00000195547244822064","0,00000029884395288625","0,00000063347965498540"
"0,19943041410380546400","0,00000027085537354781","0,00000061099287905412","0,00000009499240002218","0,00000001124640445354","0,00000001153421514922","0,00000098226100797847","0,00000014543229734185","0,00000001141683254378","0,00000069765441808172","0,00000003805360926163","0,00000091166148811800","0,00000117486492335669","0,00000070997709501370","0,00000001211655070947","0,00000001239635789940","0,00000124243867968445","0,00000146961011330751","0,00000196228266492910","0,00000030089359585320","0,00000063611889463158"
"0,20143433674112007400","0,00000027096137670890","0,00000061530264910764","0,00000009592143546800","0,00000001125463735548","0,00000001158142477695","0,00000098769579033540","0,00000014665750797803","0,00000001139673465100","0,00000070291593614643","0,00000003790158983770","0,00000091603530218984","0,00000118210454479754","0,00000071302356906760","0,00000001208546386881","0,00000001242153537796","0,00000124121013707048","0,00000147821181587743","0,00000196905104131123","0,00000030294040016039","0,00000063877125624935"
"0,20343825937843471000","0,00000027109548045130","0,00000061959615399141","0,00000009682685820063","0,00000001126268694838","0,00000001162571517383","0,00000099314016920701","0,00000014786923796270","0,00000001137762779879","0,00000070819503033262","0,00000003775962844034","0,00000092044747074552","0,00000118934975344525","0,00000071605302231533","0,00000001205703395138","0,00000001244463429939","0,00000124004796423303","0,00000148683282219856","0,00000197579924770708","0,00000030499387064003","0,00000064145616900188"
"0,20544218201574934700","0,00000027125768477502","0,00000062387339370541","0,00000009770866822006","0,00000001127055323224","0,00000001166708633988","0,00000099859414459330","0,00000014906748729585","0,00000001135951198716","0,00000071349170064029","0,00000003762772506955","0,00000092489799378506","0,00000119660054929982","0,00000071906545475689","0,00000001203126095717","0,00000001246565466369","0,00000123895216117211","0,00000149547313227093","0,00000198252728411666","0,00000030705400729211","0,00000064417363288919"
"0,20744610465306398400","0,00000027144798968004","0,00000062813436824964","0,00000009856686552630","0,00000001127823620707","0,00000001170553827509","0,00000100405771649428","0,00000015025225597748","0,00000001134238721611","0,00000071880594706945","0,00000003750587972534","0,00000092938687130844","0,00000120385693236124","0,00000072206086639227","0,00000001200814488619","0,00000001248459647087","0,00000123792272788771","0,00000150413274609452","0,00000198923515053997","0,00000030912081011664","0,00000064692364791128"
"0,20945002729037859300","0,00000027166639516637","0,00000063237907762411","0,00000009940145011935","0,00000001128573587287","0,00000001174107097945","0,00000100953088490994","0,00000015142354400760","0,00000001132625348563","0,00000072413776962008","0,00000003739409240770","0,00000093391410331566","0,00000121111890262951","0,00000072503925722149","0,00000001198768573843","0,00000001250145972093","0,00000123695966437983","0,00000151281166366933","0,00000199592284697701","0,00000031119427911362","0,00000064970621406813"
"0,21145394992769323000","0,00000027191290123402","0,00000063660752182882","0,00000010021242199920","0,00000001129305222962","0,00000001177368445298","0,00000101501364984028","0,00000015258135138620","0,00000001131111079573","0,00000072948716829221","0,00000003729236311663","0,00000093847968980674","0,00000121838646010464","0,00000072800062724454","0,00000001196988351390","0,00000001251624441387","0,00000123606297064847","0,00000152150988499538","0,00000200259037342779","0,00000031327441428304","0,00000065252133135976"
"0,21345787256500786700","0,00000027218750788297","0,00000064081970086376","0,00000010099978116586","0,00000001130018527735","0,00000001180337869567","0,00000102050601128531","0,00000015372567811328","0,00000001129695914641","0,00000073485414308581","0,00000003720069185214","0,00000094308363078166","0,00000122565960478663","0,00000073094497646141","0,00000001195473821260","0,00000001252895054968","0,00000123523264669364","0,00000153022741007265","0,00000200923772989229","0,00000031536121562491","0,00000065536899978617"
"0,21546179520232250400","0,00000027249021511324","0,00000064501561472894","0,00000010176352761933","0,00000001130713501603","0,00000001183015370753","0,00000102600796924502","0,00000015485652418885","0,00000001128379853766","0,00000074023869400089","0,00000003711907861422","0,00000094772592624043","0,00000123293833667547","0,00000073387230487212","0,00000001194224983452","0,00000001253957812837","0,00000123446869251533","0,00000153896423890114","0,00000201586491637053","0,00000031745468313922","0,00000065824921934735"
"0,21746571783963711300","0,00000027282102292481","0,00000064919526342436","0,00000010250366135960","0,00000001131390144568","0,00000001185400948854","0,00000103151952371942","0,00000015597388961290","0,00000001127162896949","0,00000074564082103746","0,00000003704752340287","0,00000095240657618304","0,00000124022265577117","0,00000073678261247666","0,00000001193241837966","0,00000001254812714993","0,00000123377110811355","0,00000154772037148086","0,00000202247193286249","0,00000031955481682598","0,00000066116199004330"
"0,21946964047695174900","0,00000027317993131770","0,00000065335864695001","0,00000010322018238668","0,00000001132048456630","0,00000001187494603871","0,00000103704067470850","0,00000015707777438543","0,00000001126045044189","0,00000075106052419551","0,00000003698602621810","0,00000095712558060951","0,00000124751256207372","0,00000073967589927502","0,00000001192524384803","0,00000001255459761438","0,00000123313989348829","0,00000155649580781181","0,00000202905877936819","0,00000032166161668518","0,00000066410731187403"
"0,22147356311426638600","0,00000027356694029189","0,00000065750576530590","0,00000010391309070057","0,00000001132688437788","0,00000001189296335805","0,00000104257142221226","0,00000015816817850645","0,00000001125026295487","0,00000075649780347504","0,00000003693458705990","0,00000096188293951982","0,00000125480805558313","0,00000074255216526721","0,00000001192072623963","0,00000001255898952169","0,00000123257504863955","0,00000156529054789398","0,00000203562545588762","0,00000032377508271683","0,00000066708518483953"
"0,22347748575158102300","0,00000027398204984740","0,00000066163661849202","0,00000010458238630126","0,00000001133310088042","0,00000001190806144654","0,00000104811176623071","0,00000015924510197595","0,00000001124106650843","0,00000076195265887606","0,00000003689320592827","0,00000096667865291398","0,00000126210913629940","0,00000074541141045324","0,00000001191886555445","0,00000001256130287189","0,00000123207657356733","0,00000157410459172738","0,00000204217196242077","0,00000032589521492093","0,00000067009560893980"
"0,22548140838889563200","0,00000027442525998421","0,00000066575120650839","0,00000010522806918875","0,00000001133913407393","0,00000001192024030420","0,00000105366170676383","0,00000016030854479393","0,00000001123286110256","0,00000076742509039856","0,00000003686188282321","0,00000097151272079199","0,00000126941580422252","0,00000074825363483309","0,00000001191966179250","0,00000001256153766496","0,00000123164446827164","0,00000158293793931201","0,00000204869829896766","0,00000032802201329747","0,00000067313858417485"
"0,22748533102621026900","0,00000027489657070234","0,00000066984952935498","0,00000010585013936306","0,00000001134498395840","0,00000001192949993102","0,00000105922124381165","0,00000016135850696039","0,00000001122564673727","0,00000077291509804253","0,00000003684061774473","0,00000097638514315384","0,00000127672805935250","0,00000075107883840677","0,00000001192311495377","0,00000001255969390091","0,00000123127873275247","0,00000159179059064786","0,00000205520446552828","0,00000033015547784646","0,00000067621411054467"
"0,22948925366352490600","0,00000027539598200178","0,00000067393158703182","0,00000010644859682417","0,00000001135065053384","0,00000001193584032700","0,00000106479037737414","0,00000016239498847534","0,00000001121942341256","0,00000077842268180800","0,00000003682941069282","0,00000098129591999954","0,00000128404590168933","0,00000075388702117428","0,00000001192922503827","0,00000001255577157973","0,00000123097936700982","0,00000160066254573494","0,00000206169046210263","0,00000033229560856790","0,00000067932218804926"
"0,23149317630083951500","0,00000027592349388252","0,00000067799737953889","0,00000010702344157209","0,00000001135613380024","0,00000001193926149214","0,00000107036910745132","0,00000016341798933878","0,00000001121419112842","0,00000078394784169494","0,00000003682826166748","0,00000098624505132909","0,00000129136933123302","0,00000075667818313562","0,00000001193799204600","0,00000001254977070144","0,00000123074637104370","0,00000160955380457324","0,00000206815628869071","0,00000033444240546178","0,00000068246281668863"
"0,23349709893815415200","0,00000027647910634458","0,00000068204690687619","0,00000010757467360681","0,00000001136143375760","0,00000001193976342644","0,00000107595743404319","0,00000016442750955069","0,00000001120994988486","0,00000078949057770337","0,00000003683717066872","0,00000099123253714249","0,00000129869834798356","0,00000075945232429079","0,00000001194941597695","0,00000001254169126601","0,00000123057974485410","0,00000161846436716277","0,00000207460194529252","0,00000033659586852810","0,00000068563599646278"
"0,23550102157546878900","0,00000027706281938795","0,00000068608016904373","0,00000010810229292834","0,00000001136655040593","0,00000001193734612990","0,00000108155535714974","0,00000016542354911109","0,00000001120669968187","0,00000079505088983328","0,00000003685613769652","0,00000099625837743974","0,00000130603295194096","0,00000076220944463979","0,00000001196349683113","0,00000001253153327347","0,00000123047948844102","0,00000162739423350353","0,00000208102743190806","0,00000033875599776688","0,00000068884172737169"
"0,23750494421278342500","0,00000027767463301262","0,00000069009716604151","0,00000010860629953668","0,00000001137148374522","0,00000001193200960252","0,00000108716287677097","0,00000016640610801997","0,00000001120444051946","0,00000080062877808467","0,00000003688516275091","0,00000100132257222083","0,00000131337314310522","0,00000076494954418262","0,00000001198023460853","0,00000001251929672380","0,00000123044560180447","0,00000163634340359551","0,00000208743274853733","0,00000034092279317809","0,00000069208000941538"
"0,23950886685009803400","0,00000027831454721861","0,00000069409789786953","0,00000010908669343182","0,00000001137623377548","0,00000001192375384431","0,00000109277999290688","0,00000016737518627733","0,00000001120317239762","0,00000080622424245754","0,00000003692424583186","0,00000100642512148577","0,00000132071892147633","0,00000076767262291928","0,00000001199962930915","0,00000001250498161701","0,00000123047808494444","0,00000164531187743872","0,00000209381789518033","0,00000034309625476176","0,00000069535084259385"
"0,24151278948741267100","0,00000027898256200591","0,00000069808236452778","0,00000010954347461377","0,00000001138080049670","0,00000001191257885525","0,00000109840670555748","0,00000016833078388318","0,00000001120289531637","0,00000081183728295190","0,00000003697338693939","0,00000101156602523456","0,00000132807028705430","0,00000077037868084976","0,00000001202168093301","0,00000001248858795309","0,00000123057693786093","0,00000165429965503316","0,00000210018287183707","0,00000034527638251787","0,00000069865422690708"
"0,24351671212472730800","0,00000027967867737452","0,00000070205056601626","0,00000010997664308253","0,00000001138518390889","0,00000001189848463536","0,00000110404301472276","0,00000016927290083751","0,00000001120360927569","0,00000081746789956774","0,00000003703258607349","0,00000101674528346719","0,00000133542723983912","0,00000077306771797408","0,00000001204638948009","0,00000001247011573205","0,00000123074216055395","0,00000166330673637882","0,00000210652767850753","0,00000034746317644642","0,00000070199016235510"
"0,24552063476204194500","0,00000028040289332444","0,00000070600250233499","0,00000011038619883809","0,00000001138938401204","0,00000001188147118463","0,00000110968892040273","0,00000017020153714033","0,00000001120531427558","0,00000082311609230506","0,00000003710184323416","0,00000102196289618367","0,00000134278977983080","0,00000077573973429223","0,00000001207375495039","0,00000001244956495389","0,00000123097375302349","0,00000167233312147570","0,00000211285231519172","0,00000034965663654743","0,00000070535864893788"
"0,24752455739935655400","0,00000028115520985567","0,00000070993817348395","0,00000011077214188046","0,00000001139340080615","0,00000001186153850305","0,00000111534442259737","0,00000017111669279162","0,00000001120801031605","0,00000082878186116386","0,00000003718115842141","0,00000102721886338400","0,00000135015790702934","0,00000077839472980420","0,00000001210377734392","0,00000001242693561861","0,00000123127171526955","0,00000168137881032382","0,00000211915678188965","0,00000035185676282087","0,00000070875968665544"
"0,24952848003667119100","0,00000028193562696821","0,00000071385757946314","0,00000011113447220964","0,00000001139723429123","0,00000001183868659064","0,00000112100952130671","0,00000017201836779140","0,00000001121169739710","0,00000083446520614415","0,00000003727053163523","0,00000103251318506818","0,00000135753162143473","0,00000078103270451000","0,00000001213645666067","0,00000001240222772620","0,00000123163604729213","0,00000169044380292316","0,00000212544107860130","0,00000035406355526677","0,00000071219327550777"
"0,25153240267398580000","0,00000028272724251975","0,00000071776627480571","0,00000011149969730924","0,00000001140136075486","0,00000001181496548179","0,00000112667671084772","0,00000017291638786806","0,00000001121603079811","0,00000084014319949411","0,00000003736252247373","0,00000103781124130930","0,00000136489074985272","0,00000078367791027149","0,00000001216899276529","0,00000001237738031456","0,00000123202012476522","0,00000169950399478909","0,00000213168294416436","0,00000035626906508543","0,00000071563008702897"
"0,25353632531130043700","0,00000028351315436799","0,00000072166981404480","0,00000011189432466291","0,00000001140625648464","0,00000001179242521091","0,00000113233848553743","0,00000017382057874999","0,00000001122066579846","0,00000084579291346193","0,00000003744969053504","0,00000104307841218047","0,00000137221511908905","0,00000078635459895049","0,00000001219858552238","0,00000001235433242158","0,00000123237732336280","0,00000170853528143698","0,00000213786011741649","0,00000035846534347718","0,00000071904079275311"
"0,25554024794861507300","0,00000028429336251293","0,00000072556819718040","0,00000011231835427063","0,00000001141192148057","0,00000001177106577799","0,00000113799484537582","0,00000017473094043720","0,00000001122560239817","0,00000085141434804763","0,00000003753203581915","0,00000104831469768167","0,00000137950472914373","0,00000078906277054703","0,00000001222523493196","0,00000001233308404726","0,00000123270764308486","0,00000171753766286684","0,00000214397259835770","0,00000036065239044202","0,00000072242539268021"
"0,25754417058592971000","0,00000028506786695457","0,00000072946142421252","0,00000011277178613240","0,00000001141835574265","0,00000001175088718303","0,00000114364579036289","0,00000017564747292968","0,00000001123084059722","0,00000085700750325119","0,00000003760955832605","0,00000105352009781291","0,00000138675958001674","0,00000079180242506109","0,00000001224894099402","0,00000001231363519160","0,00000123301108393141","0,00000172651113907865","0,00000215002038698798","0,00000036283020597995","0,00000072578388681025"
"0,25954809322324434700","0,00000028583666769291","0,00000073334949514115","0,00000011325462024823","0,00000001142555927087","0,00000001173188942603","0,00000114929132049865","0,00000017657017622743","0,00000001123638039563","0,00000086257237907262","0,00000003768225805576","0,00000105869461257420","0,00000139397967170810","0,00000079457356249267","0,00000001226970370857","0,00000001229598585460","0,00000123328764590244","0,00000173545571007242","0,00000215600348330733","0,00000036499879009097","0,00000072911627514325"
"0,26155201586055898400","0,00000028659976472794","0,00000073723240996630","0,00000011376685661812","0,00000001143353206525","0,00000001171407250700","0,00000115493143578310","0,00000017749905033045","0,00000001124222179338","0,00000086810897551192","0,00000003775013500827","0,00000106383824196553","0,00000140116500421781","0,00000079737618284178","0,00000001228752307561","0,00000001228013603627","0,00000123353732899797","0,00000174437137584815","0,00000216192188731576","0,00000036715814277508","0,00000073242255767920"
"0,26355593849787362100","0,00000028735715805967","0,00000074111016868796","0,00000011430849524206","0,00000001144227412577","0,00000001169743642594","0,00000116056613621624","0,00000017843409523875","0,00000001124836479048","0,00000087361729256909","0,00000003781318918358","0,00000106895098598689","0,00000140831557754585","0,00000080021028610842","0,00000001230239909512","0,00000001226608573659","0,00000123376013321797","0,00000175325813640584","0,00000216777559901327","0,00000036930826403228","0,00000073570273441809"
"0,26555986113518820200","0,00000028810884768811","0,00000074498277130614","0,00000011487953612006","0,00000001145178545243","0,00000001168198118283","0,00000116619542179806","0,00000017937531095232","0,00000001125480938692","0,00000087909733024412","0,00000003787142058168","0,00000107403284463830","0,00000141543139169224","0,00000080307587229258","0,00000001231433176713","0,00000001225383495558","0,00000123395605856247","0,00000176211599174549","0,00000217356461839985","0,00000037144915386258","0,00000073895680535994"
"0,26756378377250283900","0,00000028885483361324","0,00000074885021782083","0,00000011547997925212","0,00000001146206604525","0,00000001166770677769","0,00000117181929252856","0,00000018032269747116","0,00000001126155558272","0,00000088454908853702","0,00000003792482920259","0,00000107908381791975","0,00000142251244665697","0,00000080597294139427","0,00000001232332109161","0,00000001224338369323","0,00000123412510503145","0,00000177094494186710","0,00000217928894547550","0,00000037358081226596","0,00000074218477050474"
"0,26956770640981747600","0,00000028959511583506","0,00000075271250823204","0,00000011610982463823","0,00000001147311590421","0,00000001165461321051","0,00000117743774840775","0,00000018127625479528","0,00000001126860337786","0,00000088997256744779","0,00000003797341504630","0,00000108410390583124","0,00000142955874244004","0,00000080890149341348","0,00000001232936706858","0,00000001223473194954","0,00000123426727262492","0,00000177974498677067","0,00000218494858024023","0,00000037570323924243","0,00000074538662985248"
"0,27157162904713211300","0,00000029032969435359","0,00000075656964253977","0,00000011676907227839","0,00000001148493502932","0,00000001164270048130","0,00000118305078943563","0,00000018223598292467","0,00000001127595277235","0,00000089536776697642","0,00000003801717811281","0,00000108909310837277","0,00000143657027904146","0,00000081186152835022","0,00000001233246969804","0,00000001222787972451","0,00000123438256134287","0,00000178851612645620","0,00000219054352269403","0,00000037781643479199","0,00000074856238340318"
"0,27357555168444674900","0,00000029105856916882","0,00000076042162074401","0,00000011745772217261","0,00000001149752342058","0,00000001163196859005","0,00000118865841561220","0,00000018320188185933","0,00000001128360376619","0,00000090073468712292","0,00000003805611840212","0,00000109405142554434","0,00000144354705646122","0,00000081485304620448","0,00000001233262897998","0,00000001222282701814","0,00000123447097118531","0,00000179725836092369","0,00000219607377283690","0,00000037992039891463","0,00000075171203115683"
"0,27557947432176138600","0,00000029178174028074","0,00000076426844284476","0,00000011817577432089","0,00000001151088107799","0,00000001162241753676","0,00000119426062693745","0,00000018417395159927","0,00000001129155635938","0,00000090607332788729","0,00000003809023591423","0,00000109897885734595","0,00000145048907469932","0,00000081787604697627","0,00000001232984491441","0,00000001221957383043","0,00000123453250215224","0,00000180597169017314","0,00000220153933066885","0,00000038201513161037","0,00000075483557311342"
"0,27758339695907602300","0,00000029249920768936","0,00000076811010884203","0,00000011892322872323","0,00000001152500800154","0,00000001161404732143","0,00000119985742341139","0,00000018515219214448","0,00000001129981055192","0,00000091138368926953","0,00000003811953064914","0,00000110387540377761","0,00000145739633375576","0,00000082093053066559","0,00000001232411750132","0,00000001221812016138","0,00000123456715424365","0,00000181465611420455","0,00000220694019618988","0,00000038410063287920","0,00000075793300927297"
"0,27958731959639066000","0,00000029321097139468","0,00000077194661873582","0,00000011970008537962","0,00000001153990419125","0,00000001160685794407","0,00000120544880503401","0,00000018613660349496","0,00000001130836634380","0,00000091666577126964","0,00000003814400260685","0,00000110874106483930","0,00000146426883363054","0,00000082401649727243","0,00000001231544674071","0,00000001221846601100","0,00000123457492745955","0,00000182331163301792","0,00000221227636939998","0,00000038617690272112","0,00000076100433963547"
"0,28159124223370524100","0,00000029391703139670","0,00000077577797252612","0,00000012050634429006","0,00000001155556964710","0,00000001160084940468","0,00000121103477180532","0,00000018712718565071","0,00000001131722373504","0,00000092191957388761","0,00000003816365178736","0,00000111357584053104","0,00000147110657432367","0,00000082713394679680","0,00000001230383263259","0,00000001222061137927","0,00000123455582179994","0,00000183193824661325","0,00000221754785029915","0,00000038824394113613","0,00000076404956420092"
"0,28359516487101987800","0,00000029461738769542","0,00000077960417021293","0,00000012134200545457","0,00000001157200436909","0,00000001159602170324","0,00000121661532372531","0,00000018812393861174","0,00000001132638272562","0,00000092714509712345","0,00000003817847819067","0,00000111837973085281","0,00000147790955583514","0,00000083028287923869","0,00000001228927517696","0,00000001222455626621","0,00000123450983726481","0,00000184053595499054","0,00000222275463888740","0,00000039030174812423","0,00000076706868296932"
"0,28559908750833451500","0,00000029531204029083","0,00000078342521179626","0,00000012220706887312","0,00000001158920835724","0,00000001159237483977","0,00000122219046079400","0,00000018912686237804","0,00000001133584331555","0,00000093234234097716","0,00000003818848181679","0,00000112315273580463","0,00000148467777816496","0,00000083346329459811","0,00000001227177437380","0,00000001223030067180","0,00000123443697385417","0,00000184910475814979","0,00000222789673516472","0,00000039235032368542","0,00000077006169594067"
"0,28760301014564915200","0,00000029600098918294","0,00000078724109727611","0,00000012310153454574","0,00000001160718161153","0,00000001158990881426","0,00000122776018301136","0,00000019013595694962","0,00000001134560550482","0,00000093751130544873","0,00000003819366266570","0,00000112789485538649","0,00000149141124131311","0,00000083667519287505","0,00000001225133022314","0,00000001223784459606","0,00000123433723156802","0,00000185764465609099","0,00000223297413913112","0,00000039438966781970","0,00000077302860311497"
"0,28960693278296378800","0,00000029668423437176","0,00000079105182665247","0,00000012402540247241","0,00000001162592413197","0,00000001158862362672","0,00000123332449037742","0,00000019115122232646","0,00000001135566929345","0,00000094265199053817","0,00000003819402073741","0,00000113260608959839","0,00000149810994527961","0,00000083991857406952","0,00000001222794272496","0,00000001224718803898","0,00000123421061040635","0,00000186615564881416","0,00000223798685078659","0,00000039641978052707","0,00000077596940449222"
"0,29161085542027842500","0,00000029736177585726","0,00000079485739992535","0,00000012497867265314","0,00000001164543591856","0,00000001158851927714","0,00000123888338289216","0,00000019217265850859","0,00000001136603468142","0,00000094776439624548","0,00000003818955603192","0,00000113728643844033","0,00000150477389006445","0,00000084319343818152","0,00000001220161187926","0,00000001225833100056","0,00000123405711036917","0,00000187463773631929","0,00000224293487013113","0,00000039844066180753","0,00000077888410007242"
"0,29361477805759306200","0,00000029803361363947","0,00000079865781709474","0,00000012596134508792","0,00000001166571697130","0,00000001158959576552","0,00000124443686055558","0,00000019320026549598","0,00000001137670166875","0,00000095284852257066","0,00000003818026854924","0,00000114193590191231","0,00000151140307566763","0,00000084649978521104","0,00000001217233768604","0,00000001227127348080","0,00000123387673145647","0,00000188309091860638","0,00000224781819716475","0,00000040045231166107","0,00000078177268985557"
"0,29561870069490764300","0,00000029869974771838","0,00000080245307816065","0,00000012697341977676","0,00000001168676729018","0,00000001159185309187","0,00000124998492336770","0,00000019423404328865","0,00000001138767025542","0,00000095790436951370","0,00000003816615828935","0,00000114655448001433","0,00000151799750208916","0,00000084983761515809","0,00000001214012014532","0,00000001228601547970","0,00000123366947366826","0,00000189151519567542","0,00000225263683188745","0,00000040245473008771","0,00000078463517384167"
"0,29762262333222228000","0,00000029936017809398","0,00000080624318312307","0,00000012801489671965","0,00000001170858687522","0,00000001159529125618","0,00000125552757132849","0,00000019527399188659","0,00000001139894044144","0,00000096293193707462","0,00000003814722525226","0,00000115114217274639","0,00000152455716932903","0,00000085320692802266","0,00000001210495925707","0,00000001230255699727","0,00000123343533700454","0,00000189991056752643","0,00000225739077429922","0,00000040444791708744","0,00000078747155203072"
"0,29962654596953691700","0,00000030001490476629","0,00000081002813198201","0,00000012908577591660","0,00000001173117572640","0,00000001159991025845","0,00000126106480443798","0,00000019632011128980","0,00000001141051222680","0,00000096793122525340","0,00000003812346943798","0,00000115569898010849","0,00000153108207738724","0,00000085660772380476","0,00000001206685502131","0,00000001232089803349","0,00000123317432146531","0,00000190827703415940","0,00000226208002440006","0,00000040643187266026","0,00000079028182442272"
"0,30163046860685155400","0,00000030065420635499","0,00000081380754989197","0,00000013016755756451","0,00000001175308678859","0,00000001160503913049","0,00000126659350465520","0,00000019737519257245","0,00000001142219407543","0,00000097290812140764","0,00000003810069538572","0,00000116025027926796","0,00000153759193567554","0,00000086003947402273","0,00000001202904143258","0,00000001234001734735","0,00000123293000398150","0,00000191662689380100","0,00000226675867558529","0,00000040840962777314","0,00000079309093073370"
"0,30363439124416619100","0,00000030126836147979","0,00000081758106200748","0,00000013124174186029","0,00000001177287300665","0,00000001161000690408","0,00000127211055393920","0,00000019844202680872","0,00000001143379445123","0,00000097786851289495","0,00000003808470763471","0,00000116482144739213","0,00000154410645360568","0,00000086350165019490","0,00000001199475248541","0,00000001235889369780","0,00000123274596148405","0,00000192497244467791","0,00000227148082125023","0,00000041038421339305","0,00000079592381067970"
"0,30563831388148082800","0,00000030185737014070","0,00000082134866832853","0,00000013230832880395","0,00000001179053438058","0,00000001161481357924","0,00000127761595228999","0,00000019952061399859","0,00000001144531335419","0,00000098281239971532","0,00000003807550618496","0,00000116941248448100","0,00000155062563117766","0,00000086699425232129","0,00000001196398817982","0,00000001237752708485","0,00000123262219397298","0,00000193331368679013","0,00000227624646139486","0,00000041235562952001","0,00000079878046426070"
"0,30764223651879546400","0,00000030242123233770","0,00000082511036885512","0,00000013336731839547","0,00000001180607091039","0,00000001161945915596","0,00000128310969970756","0,00000020061095414208","0,00000001145675078433","0,00000098773978186874","0,00000003807309103646","0,00000117402339053457","0,00000155714946839148","0,00000087051728040188","0,00000001193674851578","0,00000001239591750850","0,00000123255870144826","0,00000194165062013766","0,00000228105559601920","0,00000041432387615399","0,00000080166089147672"
"0,30964615915611010100","0,00000030295994807080","0,00000082886616358725","0,00000013441871063486","0,00000001181948259606","0,00000001162394363424","0,00000128859179619191","0,00000020171304723917","0,00000001146810674163","0,00000099265065935524","0,00000003807746218922","0,00000117865416555284","0,00000156367796524714","0,00000087407073443668","0,00000001191303349332","0,00000001241406496875","0,00000123255548390992","0,00000194998324472050","0,00000228590822512324","0,00000041628895329502","0,00000080456509232775"
"0,31165008179342468200","0,00000030347351734001","0,00000083261605252493","0,00000013546250552211","0,00000001183076943761","0,00000001162826701408","0,00000129406224174305","0,00000020282689328988","0,00000001147938122611","0,00000099754503217479","0,00000003808861964323","0,00000118330480953580","0,00000157021112174464","0,00000087765461442569","0,00000001189284311243","0,00000001243196946560","0,00000123261254135794","0,00000195831156053865","0,00000229080434870699","0,00000041825086094307","0,00000080749306681380"
"0,31365400443073931900","0,00000030396194014531","0,00000083636003566814","0,00000013649870305724","0,00000001183993143503","0,00000001163242929548","0,00000129952103636097","0,00000020395249229419","0,00000001149057423775","0,00000100242290032740","0,00000003810656339849","0,00000118797532248347","0,00000157674893788397","0,00000088126892036891","0,00000001187617737310","0,00000001244963099904","0,00000123272987379233","0,00000196663556759211","0,00000229574396677043","0,00000042020959909817","0,00000081044481493486"
"0,31565792706805395600","0,00000030442521648672","0,00000084009811301690","0,00000013752730324024","0,00000001184696858832","0,00000001163643047844","0,00000130496818004567","0,00000020508984425212","0,00000001150168577657","0,00000100728426381308","0,00000003813129345500","0,00000119266570439583","0,00000158329141366515","0,00000088491365226634","0,00000001186303627533","0,00000001246704956909","0,00000123290748121308","0,00000197495526588088","0,00000230072707931358","0,00000042216516776030","0,00000081342033669092"
"0,31766184970536859300","0,00000030486334636422","0,00000084383028457120","0,00000013854830607111","0,00000001185188089749","0,00000001164027056296","0,00000131040367279716","0,00000020623894916365","0,00000001151271584255","0,00000101212912263182","0,00000003816280981277","0,00000119737595527289","0,00000158983854908817","0,00000088858881011798","0,00000001185341981914","0,00000001248422517573","0,00000123314536362019","0,00000198327065540496","0,00000230575368633644","0,00000042411756692946","0,00000081641963208201"
"0,31966577234268323000","0,00000030527632977783","0,00000084755655033104","0,00000013956171154984","0,00000001185466836253","0,00000001164394954905","0,00000131582751461543","0,00000020739980702879","0,00000001152366443571","0,00000101695747678362","0,00000003820111247180","0,00000120210607511465","0,00000159639034415302","0,00000089229439392383","0,00000001184732800451","0,00000001250115781897","0,00000123344352101368","0,00000199158173616435","0,00000231082378783899","0,00000042606679660567","0,00000081944270110810"
"0,32166969497999786700","0,00000030566416672753","0,00000085127691029642","0,00000014056751967645","0,00000001185533098343","0,00000001164746743669","0,00000132123970550048","0,00000020857241784755","0,00000001153453155603","0,00000102176932626848","0,00000003824620143207","0,00000120685606392111","0,00000160294679885972","0,00000089603040368389","0,00000001184476083145","0,00000001251784749881","0,00000123380195339353","0,00000199988850815905","0,00000231593738382125","0,00000042801285678890","0,00000082248954376921"
"0,32367361761731250300","0,00000030602685721334","0,00000085499136446734","0,00000014156573045093","0,00000001185386876021","0,00000001165082422589","0,00000132664024545232","0,00000020975678161991","0,00000001154531720353","0,00000102656467108640","0,00000003829807669360","0,00000121162592169227","0,00000160950791320825","0,00000089979683939815","0,00000001184571829996","0,00000001253429421525","0,00000123422066075974","0,00000200819097138906","0,00000232109447428321","0,00000042995574747918","0,00000082556016006533"
"0,32567754025462714000","0,00000030636440123525","0,00000085869991284381","0,00000014255634387327","0,00000001185028169286","0,00000001165401991666","0,00000133202913447094","0,00000021095289834589","0,00000001155602137819","0,00000103134351123739","0,00000003835673825639","0,00000121641564842812","0,00000161607368719862","0,00000090359370106663","0,00000001185020041004","0,00000001255049796829","0,00000123469964311233","0,00000201648912585437","0,00000232629505922487","0,00000043189546867648","0,00000082865454999646"
"0,32768146289194172200","0,00000030667679879325","0,00000086240255542582","0,00000014353935994348","0,00000001184456978139","0,00000001165705450899","0,00000133740637255635","0,00000021216076802547","0,00000001156664408003","0,00000103610584672143","0,00000003842218612042","0,00000122122524412867","0,00000162264412083084","0,00000090742098868931","0,00000001185820716168","0,00000001256645875793","0,00000123523890045127","0,00000202478297155500","0,00000233153913864623","0,00000043383202038083","0,00000083177271356260"
"0,32968538552925635800","0,00000030696404988736","0,00000086609929221337","0,00000014451477866157","0,00000001183673302578","0,00000001165992800287","0,00000134277195970854","0,00000021338039065866","0,00000001157718530903","0,00000104085167753854","0,00000003849442028571","0,00000122605470879393","0,00000162921921410489","0,00000091127870226620","0,00000001186973855489","0,00000001258217658416","0,00000123583843277659","0,00000203307250849094","0,00000233682671254730","0,00000043576540259221","0,00000083491465076376"
"0,33168930816657099500","0,00000030722615451757","0,00000086979012320646","0,00000014548260002752","0,00000001182677142605","0,00000001166264039832","0,00000134812589592751","0,00000021461176624547","0,00000001158764506521","0,00000104558100368871","0,00000003857344075226","0,00000123090404242388","0,00000163579896702078","0,00000091516684179731","0,00000001188479458967","0,00000001259765144700","0,00000123649824008827","0,00000204135773666219","0,00000234215778092807","0,00000043769561531062","0,00000083808036159992"
"0,33369323080388563200","0,00000030746311268387","0,00000087347504840509","0,00000014644282404134","0,00000001181468498219","0,00000001166519169533","0,00000135346818121327","0,00000021585489478588","0,00000001159802334855","0,00000105029382517194","0,00000003865924752006","0,00000123577324501853","0,00000164238337957851","0,00000091908540728262","0,00000001190337526601","0,00000001261288334643","0,00000123721832238631","0,00000204963865606875","0,00000234753234378854","0,00000043962265853607","0,00000084126984607111"
"0,33569715344120026900","0,00000030767492438628","0,00000087715406780926","0,00000014739545070303","0,00000001180047369420","0,00000001166758189390","0,00000135879881556580","0,00000021710977627990","0,00000001160832015906","0,00000105499014198824","0,00000003875184058911","0,00000124066231657787","0,00000164897245177808","0,00000092303439872214","0,00000001192548058393","0,00000001262787228246","0,00000123799867967072","0,00000205791526671062","0,00000235295040112872","0,00000044154653226856","0,00000084448310417730"
"0,33770107607851490600","0,00000030786158962479","0,00000088082718141897","0,00000014834048001259","0,00000001178413756208","0,00000001166981099403","0,00000136411779898513","0,00000021837641072754","0,00000001161853549675","0,00000105966995413759","0,00000003885121995941","0,00000124557125710192","0,00000165556618361949","0,00000092701381611587","0,00000001195111054341","0,00000001264261825509","0,00000123883931194150","0,00000206618756858779","0,00000235841195294860","0,00000044346723650808","0,00000084772013591850"
"0,33970499871582954200","0,00000030802310839940","0,00000088449438923423","0,00000014927791197002","0,00000001176567658584","0,00000001167187899573","0,00000136942513147123","0,00000021965479812878","0,00000001162866936160","0,00000106433326162001","0,00000003895738563097","0,00000125050006659066","0,00000166216457510274","0,00000093102365946381","0,00000001198026514445","0,00000001265712126432","0,00000123974021919864","0,00000207445556170028","0,00000236391699924818","0,00000044538477125464","0,00000085098094129472"
"0,34170892135314412400","0,00000030815948071011","0,00000088815569125503","0,00000015020774657532","0,00000001174509076546","0,00000001167378589898","0,00000137472081302412","0,00000022094493848363","0,00000001163872175362","0,00000106898006443549","0,00000003907033760378","0,00000125544874504411","0,00000166876762622783","0,00000093506392876596","0,00000001201294438707","0,00000001267138131015","0,00000124070140144215","0,00000208271924604808","0,00000236946554002746","0,00000044729913650824","0,00000085426552030595"
"0,34371284399045876100","0,00000030827070655692","0,00000089181108748137","0,00000015112998382849","0,00000001172238010096","0,00000001167553170379","0,00000138000484364380","0,00000022224683179210","0,00000001164869267282","0,00000107361036258403","0,00000003919007587785","0,00000126041729246225","0,00000167537533699475","0,00000093913462402231","0,00000001204914827125","0,00000001268539839258","0,00000124172285867202","0,00000209097862163119","0,00000237505757528645","0,00000044921033226887","0,00000085757387295220"
"0,34571676662777339700","0,00000030835678593983","0,00000089546057791325","0,00000015204462372953","0,00000001169754459233","0,00000001167711641017","0,00000138527722333025","0,00000022356047805417","0,00000001165858211918","0,00000107822415606563","0,00000003931660045317","0,00000126540570884509","0,00000168198770740352","0,00000094323574523288","0,00000001208887679700","0,00000001269917251160","0,00000124280459088826","0,00000209923368844960","0,00000238069310502513","0,00000045111835853653","0,00000086090599923345"
"0,34772068926508803400","0,00000030841771885884","0,00000089910416255067","0,00000015295166627843","0,00000001167058423957","0,00000001167854001810","0,00000139053795208349","0,00000022488587726985","0,00000001166839009271","0,00000108282144488029","0,00000003944991132974","0,00000127041399419263","0,00000168860473745413","0,00000094736729239766","0,00000001213212996432","0,00000001271270366723","0,00000124394659809087","0,00000210748444650333","0,00000238637212924352","0,00000045302321531123","0,00000086426189914972"
"0,34972461190240267100","0,00000030845350531395","0,00000090274184139364","0,00000015385111147521","0,00000001164149904268","0,00000001167980252760","0,00000139578702990352","0,00000022622302943915","0,00000001167811659341","0,00000108740222902802","0,00000003959000850757","0,00000127544214850487","0,00000169522642714657","0,00000095152926551664","0,00000001217890777320","0,00000001272599185945","0,00000124514888027984","0,00000211573089579237","0,00000239209464794162","0,00000045492490259297","0,00000086764157270100"
"0,35172853453971730800","0,00000030850910384467","0,00000090637579916598","0,00000015474361560395","0,00000001161321790418","0,00000001168071534548","0,00000140102148279095","0,00000022756896152375","0,00000001168697451406","0,00000109198099125794","0,00000003973489956133","0,00000128046269998568","0,00000170184284171301","0,00000095571414892414","0,00000001222504165103","0,00000001273856773475","0,00000124638879992229","0,00000212396022665295","0,00000239783915209294","0,00000045682590097291","0,00000087101854618769"
"0,35373245717703194500","0,00000030862947299051","0,00000091000822059153","0,00000015562983494877","0,00000001158866972656","0,00000001168108987857","0,00000140623833674642","0,00000022892070048538","0,00000001169417674743","0,00000109657221431919","0,00000003988259206570","0,00000128544817683894","0,00000170844404638561","0,00000095991442695446","0,00000001226636302517","0,00000001274996193961","0,00000124764371948530","0,00000213215962942130","0,00000240358413267104","0,00000045872869104222","0,00000087436634591017"
"0,35573637981434658200","0,00000030881461275147","0,00000091363910567029","0,00000015650976950965","0,00000001156785450983","0,00000001168092612686","0,00000141143759176992","0,00000023027824632401","0,00000001169972329352","0,00000110117589821177","0,00000004003308602069","0,00000129039857906464","0,00000171503004116435","0,00000096413009960761","0,00000001230287189562","0,00000001276017447403","0,00000124891363896889","0,00000214032910409744","0,00000240932958967589","0,00000046063327280091","0,00000087768497186846"
"0,35774030245166116300","0,00000030906452312756","0,00000091726845440227","0,00000015738341928660","0,00000001155077225399","0,00000001168022409036","0,00000141661924786146","0,00000023164159903966","0,00000001170361415233","0,00000110579204293567","0,00000004018638142629","0,00000129531390666279","0,00000172160082604925","0,00000096836116688358","0,00000001233456826240","0,00000001276920533802","0,00000125019855837305","0,00000214846865068136","0,00000241507552310752","0,00000046253964624898","0,00000088097442406255"
"0,35974422508897580000","0,00000030937920411876","0,00000092089626678745","0,00000015825078427961","0,00000001153742295904","0,00000001167898376907","0,00000142178330502103","0,00000023301075863233","0,00000001170584932386","0,00000111042064849090","0,00000004034247828250","0,00000130019415963339","0,00000172815640104030","0,00000097260762878238","0,00000001236145212548","0,00000001277705453156","0,00000125149847769778","0,00000215657826917305","0,00000242082193296590","0,00000046444781138641","0,00000088423470249244"
"0,36174814772629043600","0,00000030975865572508","0,00000092452254282585","0,00000015911186448870","0,00000001152780662498","0,00000001167720516299","0,00000142692976324863","0,00000023438572510201","0,00000001170642880812","0,00000111506171487747","0,00000004050137658933","0,00000130503933797643","0,00000173469676613750","0,00000097686948530400","0,00000001238352348489","0,00000001278372205466","0,00000125281339694308","0,00000216465795957252","0,00000242656881925106","0,00000046635776821322","0,00000088746580715813"
"0,36375207036360507300","0,00000031020287794653","0,00000092814728251745","0,00000015996665991385","0,00000001152192325181","0,00000001167488827211","0,00000143205862254428","0,00000023576649844871","0,00000001170535260509","0,00000111971524209535","0,00000004066307634677","0,00000130984944169193","0,00000174122192134085","0,00000098114673644844","0,00000001240078234061","0,00000001278920790732","0,00000125414331610896","0,00000217270772187977","0,00000243231618196297","0,00000046826951672941","0,00000089066773805962"
"0,36575599300091971000","0,00000031071187078310","0,00000093177048586227","0,00000016081517055507","0,00000001151977283952","0,00000001167203309644","0,00000143716988290795","0,00000023715307867242","0,00000001170262071479","0,00000112438123014457","0,00000004082757755482","0,00000131462447077987","0,00000174773186665036","0,00000098543938221571","0,00000001241322869264","0,00000001279351208953","0,00000125548823519541","0,00000218072755609480","0,00000243806402110166","0,00000047018305693496","0,00000089384049519692"
"0,36775991563823434700","0,00000031128563423478","0,00000093539215286030","0,00000016165739641236","0,00000001152135538813","0,00000001166863963597","0,00000144226354433966","0,00000023854546577315","0,00000001169823313720","0,00000112905967902512","0,00000004099488021349","0,00000131936442524025","0,00000175422660206602","0,00000098974742260579","0,00000001242086254099","0,00000001279663460131","0,00000125684815420244","0,00000218871746221761","0,00000244381233666711","0,00000047209838882990","0,00000089698407857001"
"0,36976383827554898400","0,00000031192416830159","0,00000093901228351154","0,00000016249333748572","0,00000001152667089762","0,00000001166470789071","0,00000144733960683941","0,00000023994365975090","0,00000001169218987234","0,00000113375058873699","0,00000004116498432277","0,00000132406930507308","0,00000176070612758783","0,00000099407085761871","0,00000001242368388566","0,00000001279857544265","0,00000125822307313003","0,00000219667744024819","0,00000244956112865932","0,00000047401551241420","0,00000090009848817890"
"0,37176776091286356500","0,00000031262747298352","0,00000094263087781599","0,00000016332299377514","0,00000001153571936800","0,00000001166023786066","0,00000145239807040719","0,00000024134766060566","0,00000001168449092020","0,00000113845395928019","0,00000004133788988267","0,00000132873911027836","0,00000176717044321579","0,00000099840968725444","0,00000001242169272664","0,00000001279933461355","0,00000125961299197820","0,00000220460749018656","0,00000245531039707830","0,00000047593442768788","0,00000090318372402360"
"0,37377168355017820200","0,00000031339554828057","0,00000094624793577365","0,00000016414636528064","0,00000001154850079928","0,00000001165522954582","0,00000145743893504300","0,00000024275746833743","0,00000001167513628078","0,00000114316979065472","0,00000004151359689318","0,00000133337384085609","0,00000177361954894990","0,00000100276391151300","0,00000001241488906393","0,00000001279891211401","0,00000126101791074695","0,00000221250761203270","0,00000246106014192404","0,00000047785513465094","0,00000090623978610409"
"0,37577560618749283900","0,00000031422839419274","0,00000094986345738453","0,00000016496345200220","0,00000001156501519144","0,00000001164968294618","0,00000146246220074685","0,00000024417308294622","0,00000001166412595408","0,00000114789808286058","0,00000004169210535430","0,00000133797349680627","0,00000178005344479017","0,00000100713353039439","0,00000001240327289754","0,00000001279730794402","0,00000126243782943626","0,00000222037780578662","0,00000246681036319655","0,00000047977763330336","0,00000090926667442039"
"0,37777952882480747600","0,00000031512601072003","0,00000095347744264861","0,00000016577425393983","0,00000001158526254449","0,00000001164359806175","0,00000146746786751873","0,00000024559450443203","0,00000001165145994010","0,00000115263883589776","0,00000004187341526603","0,00000134253807812889","0,00000178647213073658","0,00000101151854389859","0,00000001238684422747","0,00000001279452210360","0,00000126387274804615","0,00000222821807144832","0,00000247256106089583","0,00000048170192364516","0,00000091226438897249"
"0,37978345146212211200","0,00000031608839786244","0,00000095708989156590","0,00000016657877109352","0,00000001160924285843","0,00000001163697489253","0,00000147245593535865","0,00000024702173279485","0,00000001163713823884","0,00000115739204976628","0,00000004205752662838","0,00000134706758482395","0,00000179287560678915","0,00000101591895202562","0,00000001236560305371","0,00000001279055459274","0,00000126532266657661","0,00000223602840901780","0,00000247831223502187","0,00000048362800567634","0,00000091523292976038"
"0,38178737409943674900","0,00000031711555561998","0,00000096070080413641","0,00000016737700346329","0,00000001163695613325","0,00000001162981343851","0,00000147742640426660","0,00000024845476803468","0,00000001162116085030","0,00000116215772446612","0,00000004224443944135","0,00000135156201689147","0,00000179926387294788","0,00000102033475477548","0,00000001233954937627","0,00000001278540541143","0,00000126678758502764","0,00000224380881849505","0,00000248406388557467","0,00000048555587939689","0,00000091817229678408"
"0,38379129673675138600","0,00000031820748399263","0,00000096431018036013","0,00000016816895104912","0,00000001166840236897","0,00000001162211369970","0,00000148237927424259","0,00000024989361015153","0,00000001160352777449","0,00000116693585999729","0,00000004243415370492","0,00000135602137433143","0,00000180563692921275","0,00000102476595214816","0,00000001230868319514","0,00000001277907455969","0,00000126826750339925","0,00000225155929988008","0,00000248981601255424","0,00000048748554480681","0,00000092108249004358"
"0,38579521937406602300","0,00000031936418298041","0,00000096791802023705","0,00000016895461385102","0,00000001170358156558","0,00000001161387567609","0,00000148731454528662","0,00000025133825914540","0,00000001158423901139","0,00000117172645635979","0,00000004262666941911","0,00000136044565714384","0,00000181199477558378","0,00000102921254414366","0,00000001227300451033","0,00000001277156203750","0,00000126976242169142","0,00000225927985317290","0,00000249556861596058","0,00000048941700190611","0,00000092396350953888"
"0,38779914201138060400","0,00000032058565258330","0,00000097152432376719","0,00000016973399186899","0,00000001174249372307","0,00000001160509936770","0,00000149223221739867","0,00000025278871501628","0,00000001156329456102","0,00000117652951355361","0,00000004282198658392","0,00000136483486532870","0,00000181833741206096","0,00000103367453076198","0,00000001223251332184","0,00000001276286784488","0,00000127127233990417","0,00000226697047837349","0,00000250132169579368","0,00000049135025069478","0,00000092681535526998"
"0,38980306464869524100","0,00000032187189280132","0,00000097512909095054","0,00000017050708510303","0,00000001178513884145","0,00000001159578477451","0,00000149713229057876","0,00000025424497776418","0,00000001154069442337","0,00000118134503157877","0,00000004302010519934","0,00000136918899888600","0,00000182466483864429","0,00000103815191200313","0,00000001218720962966","0,00000001275299198181","0,00000127279725803750","0,00000227463117548185","0,00000250707525205354","0,00000049328529117282","0,00000092963802723689"
"0,39180698728600987800","0,00000032322290363445","0,00000097873232178710","0,00000017127389355314","0,00000001183151692073","0,00000001158593189652","0,00000150201476482689","0,00000025570704738909","0,00000001151643859844","0,00000118617301043525","0,00000004322102526537","0,00000137350805781575","0,00000183097705533377","0,00000104264468786710","0,00000001213709343379","0,00000001274193444831","0,00000127433717609140","0,00000228226194449800","0,00000251282928474017","0,00000049522212334024","0,00000093243152543959"
"0,39381090992332451500","0,00000032463868508271","0,00000098233401627687","0,00000017203441721931","0,00000001188162796089","0,00000001157554073375","0,00000150687964014305","0,00000025717492389102","0,00000001149052708623","0,00000119101345012306","0,00000004342474678201","0,00000137779204211794","0,00000183727406212940","0,00000104715285835390","0,00000001208216473424","0,00000001272969524436","0,00000127589209406586","0,00000228986278542193","0,00000251858379385357","0,00000049716074719703","0,00000093519584987809"
"0,39581483256063915100","0,00000032611923714609","0,00000098593417441986","0,00000017278865610155","0,00000001193547196194","0,00000001156461128618","0,00000151172691652725","0,00000025864860726996","0,00000001146295988674","0,00000119586635064220","0,00000004363126974927","0,00000138204095179259","0,00000184355585903119","0,00000105167642346352","0,00000001202242353101","0,00000001271627436997","0,00000127746201196091","0,00000229743369825363","0,00000252433877939373","0,00000049910116274320","0,00000093793100055239"
"0,39781875519795378800","0,00000032766455982459","0,00000098953279621605","0,00000017353661019986","0,00000001199304892388","0,00000001155314355382","0,00000151655659397948","0,00000026012809752592","0,00000001143373699997","0,00000120073171199267","0,00000004384059416714","0,00000138625478683968","0,00000184982244603913","0,00000105621538319596","0,00000001195786982409","0,00000001270167182514","0,00000127904692977652","0,00000230497468299311","0,00000253009424136066","0,00000050104336997874","0,00000094063697746250"
"0,39982267783526842500","0,00000032927465311821","0,00000099312988166545","0,00000017427827951424","0,00000001205435884670","0,00000001154113753666","0,00000152136867249974","0,00000026161339465890","0,00000001140285842592","0,00000120560953417446","0,00000004405272003563","0,00000139043354725922","0,00000185607382315322","0,00000106076973755123","0,00000001188850361349","0,00000001268588760988","0,00000128064684751271","0,00000231248573964037","0,00000253585017975435","0,00000050298736890365","0,00000094331378060841"
"0,40182660047258300600","0,00000033092134743147","0,00000099672068684605","0,00000017500788934387","0,00000001211450145340","0,00000001152959753750","0,00000152617619486168","0,00000026309637781623","0,00000001137290502346","0,00000121049631210175","0,00000004426706570758","0,00000139460303287797","0,00000186232605615571","0,00000106529673000919","0,00000001182014157198","0,00000001266996548287","0,00000128222535108902","0,00000231997858022421","0,00000254163183299012","0,00000050492972174116","0,00000094598714805796"
"0,40383052310989764300","0,00000033257647316889","0,00000100030046783582","0,00000017571966498793","0,00000001216857646693","0,00000001151952785914","0,00000153099220383891","0,00000026456892614524","0,00000001134645765147","0,00000121538854068869","0,00000004448304953587","0,00000139878904352273","0,00000186859521082885","0,00000106975360404972","0,00000001175860037233","0,00000001265494920284","0,00000128374602642501","0,00000232746491677342","0,00000254746443948330","0,00000050686699071448","0,00000094868281787900"
"0,40583444574721228000","0,00000033424003033046","0,00000100386922463476","0,00000017641360644642","0,00000001221658388730","0,00000001151092850156","0,00000153581669943143","0,00000026603103964595","0,00000001132351630993","0,00000122028621993530","0,00000004470067152049","0,00000140299157919347","0,00000187488128717263","0,00000107414035967282","0,00000001170388001455","0,00000001264083876979","0,00000128520887352068","0,00000233494474928800","0,00000255334799923388","0,00000050879917582362","0,00000095140079007153"
"0,40783836838452691700","0,00000033591201891620","0,00000100742695724288","0,00000017708971371935","0,00000001225852371451","0,00000001150379946478","0,00000154064968163926","0,00000026748271831836","0,00000001130408099885","0,00000122518934984156","0,00000004491993166144","0,00000140721063989021","0,00000188118428518707","0,00000107845699687849","0,00000001165598049863","0,00000001262763418370","0,00000128661389237603","0,00000234241807776797","0,00000255928251224186","0,00000051072627706857","0,00000095414106463555"
"0,40984229102184155400","0,00000033759243892609","0,00000101097366566016","0,00000017774798680671","0,00000001229439594856","0,00000001149814074879","0,00000154549115046239","0,00000026892396216245","0,00000001128815171823","0,00000123009793040748","0,00000004514082995871","0,00000141144622561295","0,00000188750420487215","0,00000108270351566673","0,00000001161490182458","0,00000001261533544459","0,00000128796108299106","0,00000234988490221330","0,00000256526797850724","0,00000051264829444933","0,00000095690364157106"
"0,41184621365915619100","0,00000033928129036014","0,00000101450934988662","0,00000017838842570850","0,00000001232420058945","0,00000001149395235359","0,00000155034110590081","0,00000027035477117823","0,00000001127572846808","0,00000123501196163306","0,00000004536336641232","0,00000141569833636167","0,00000189384104622787","0,00000108687991603754","0,00000001158064399240","0,00000001260394255245","0,00000128925044536576","0,00000235734522262402","0,00000257130439803002","0,00000051456522796591","0,00000095968852087807"
"0,41385013629647082700","0,00000034097857321834","0,00000101803400992226","0,00000017901103042473","0,00000001234793763717","0,00000001149123427918","0,00000155519954795453","0,00000027177514536571","0,00000001126681124838","0,00000123993144351830","0,00000004558754102226","0,00000141996697213639","0,00000190019480925425","0,00000109098619799092","0,00000001155320700208","0,00000001259345550728","0,00000129048197950015","0,00000236479903900010","0,00000257739177081021","0,00000051647707761831","0,00000096249570255656"
"0,41585405893378546400","0,00000034268428750071","0,00000102154764576706","0,00000017961580095539","0,00000001236560709174","0,00000001148998652556","0,00000156006647662356","0,00000027318508472488","0,00000001126140005914","0,00000124485637606320","0,00000004581335378853","0,00000142425213293711","0,00000190656549395127","0,00000109502236152687","0,00000001153259085363","0,00000001258387430908","0,00000129165568539421","0,00000237224635134156","0,00000258353009684780","0,00000051838384340651","0,00000096532518660654"
"0,41785798157110004600","0,00000034439843320723","0,00000102505025742104","0,00000018020273730048","0,00000001237720895315","0,00000001149020909273","0,00000156494189190788","0,00000027458458925574","0,00000001125949490037","0,00000124978675926776","0,00000004604080471112","0,00000142855381876382","0,00000191295310031895","0,00000109898840664539","0,00000001151879554704","0,00000001257519895786","0,00000129277156304795","0,00000237968715964840","0,00000258971937614279","0,00000052028552533054","0,00000096817697302802"
"0,41986190420841468200","0,00000034612101033791","0,00000102854184488419","0,00000018077183946001","0,00000001238274322139","0,00000001149190198069","0,00000156982579380749","0,00000027597365895829","0,00000001126109577205","0,00000125472259313197","0,00000004626989379005","0,00000143287202961652","0,00000191935762835726","0,00000110288433334648","0,00000001151182108232","0,00000001256742945361","0,00000129382961246137","0,00000238712146392062","0,00000259595960869518","0,00000052218212339037","0,00000097105106182098"
"0,42186582684572931900","0,00000034785201889275","0,00000103202240815651","0,00000018132310743396","0,00000001238220989648","0,00000001149506518944","0,00000157471818232241","0,00000027735229383253","0,00000001126620267419","0,00000125966387765584","0,00000004650062102531","0,00000143720676549522","0,00000192577907806623","0,00000110671014163014","0,00000001151166745946","0,00000001256056579633","0,00000129482983363447","0,00000239454926415820","0,00000260225079450497","0,00000052407363758602","0,00000097394745298543"
"0,42386974948304395600","0,00000034959145887175","0,00000103549194723801","0,00000018185654122235","0,00000001237560897840","0,00000001149969871899","0,00000157961905745263","0,00000027872049387846","0,00000001127481560680","0,00000126461061283937","0,00000004673298641690","0,00000144155802639991","0,00000193221744944584","0,00000111046583149636","0,00000001151833467847","0,00000001255460798602","0,00000129577222656724","0,00000240197056036117","0,00000260859293357217","0,00000052596006791749","0,00000097686614652138"
"0,42587367212035859300","0,00000035133933027490","0,00000103895046212868","0,00000018237214082518","0,00000001236294046717","0,00000001150580256932","0,00000158452841919814","0,00000028007825909608","0,00000001128693456986","0,00000126956279868256","0,00000004696698996482","0,00000144592581233060","0,00000193867274249610","0,00000111415140294516","0,00000001153182273935","0,00000001254955602268","0,00000129665679125970","0,00000240938535252950","0,00000261498602589677","0,00000052784141438477","0,00000097980714242881"
"0,42787759475767323000","0,00000035309563310221","0,00000104239795282852","0,00000018286990624244","0,00000001234420436277","0,00000001151337674045","0,00000158944626755895","0,00000028142558948540","0,00000001130255956338","0,00000127452043518541","0,00000004720263166906","0,00000145031012328728","0,00000194514495721701","0,00000111776685597652","0,00000001155213164209","0,00000001254540990632","0,00000129748352771183","0,00000241679364066322","0,00000262143007147877","0,00000052971767698786","0,00000098277044070774"
"0,42988151739498786600","0,00000035486036735368","0,00000104583441933753","0,00000018334983747413","0,00000001231940066522","0,00000001152242123237","0,00000159437260253506","0,00000028276248504641","0,00000001132169058736","0,00000127948352234791","0,00000004743991152964","0,00000145471095926995","0,00000195163409360857","0,00000112131219059046","0,00000001157926138669","0,00000001254216963693","0,00000129825243592364","0,00000242419542476230","0,00000262792507031817","0,00000053158885572677","0,00000098575604135815"
"0,43188544003230244800","0,00000035663353302931","0,00000104925986165572","0,00000018381193452025","0,00000001228852937450","0,00000001153293604508","0,00000159930742412647","0,00000028408894577910","0,00000001134432764181","0,00000128445206017008","0,00000004767882954655","0,00000145912832027862","0,00000195814015167077","0,00000112478740678696","0,00000001161321197317","0,00000001253983521451","0,00000129896351589513","0,00000243159070482677","0,00000263447102241497","0,00000053345495060149","0,00000098876394438006"
"0,43388936266961708500","0,00000035841513012910","0,00000105267427978308","0,00000018425619738081","0,00000001225159049062","0,00000001154492117858","0,00000160425073233318","0,00000028540497168349","0,00000001137047072671","0,00000128942604865190","0,00000004791938571979","0,00000146356220631328","0,00000196466313140362","0,00000112819250456604","0,00000001165398340150","0,00000001253840663906","0,00000129961676762630","0,00000243897948085661","0,00000264106792776918","0,00000053531596161203","0,00000099179414977346"
"0,43589328530693172100","0,00000036020515865304","0,00000105607767371961","0,00000018468262605580","0,00000001220858401358","0,00000001155837663287","0,00000160920252715519","0,00000028671056275958","0,00000001140011984207","0,00000129440548779338","0,00000004816158004936","0,00000146801261737393","0,00000197120303280712","0,00000113152748392768","0,00000001170157567171","0,00000001253788391059","0,00000130021219111715","0,00000244636175285182","0,00000264771578638078","0,00000053717188875838","0,00000099484665753834"
"0,43789720794424635800","0,00000036200361860114","0,00000105947004346532","0,00000018509122054522","0,00000001215950994338","0,00000001157330240795","0,00000161416280859249","0,00000028800571900735","0,00000001143327498790","0,00000129939037759452","0,00000004840541253525","0,00000147247955346058","0,00000197775985588127","0,00000113479234487189","0,00000001175598878377","0,00000001253826702909","0,00000130074978636767","0,00000245373752081241","0,00000265441459824979","0,00000053902273204054","0,00000099792146767472"
"0,43990113058156099500","0,00000036381050997340","0,00000106285138902019","0,00000018548198084908","0,00000001210436828002","0,00000001158969850382","0,00000161913157664510","0,00000028929044042681","0,00000001146993616418","0,00000130438071805532","0,00000004865088317748","0,00000147696301457322","0,00000198433360062606","0,00000113798708739868","0,00000001181722273771","0,00000001253955599456","0,00000130122955337788","0,00000246110678473837","0,00000266116436337620","0,00000054086849145852","0,00000100101858018258"
"0,44190505321887563200","0,00000036562583276982","0,00000106622171038424","0,00000018585490696736","0,00000001204315902350","0,00000001160756492049","0,00000162410883131300","0,00000029056472701797","0,00000001151010337092","0,00000130937650917578","0,00000004889799197604","0,00000148146300071186","0,00000199092426704151","0,00000114111171150803","0,00000001188527753351","0,00000001254175080700","0,00000130165149214776","0,00000246846954462971","0,00000266796508176002","0,00000054270916701232","0,00000100413799506194"
"0,44390897585619026900","0,00000036744958699040","0,00000106958100755747","0,00000018620999890009","0,00000001197588217382","0,00000001162690165794","0,00000162909457259620","0,00000029182857878081","0,00000001155377660813","0,00000131437775095589","0,00000004914673893093","0,00000148597951187649","0,00000199753185512759","0,00000114416621719995","0,00000001196015317117","0,00000001254485146642","0,00000130201560267732","0,00000247582580048643","0,00000267481675340123","0,00000054454475870192","0,00000100727971231279"
"0,44591289849350490600","0,00000036928177263513","0,00000107292928053986","0,00000018654725664724","0,00000001190253773097","0,00000001164770871619","0,00000163408880049470","0,00000029308199571535","0,00000001160095587579","0,00000131938444339567","0,00000004939712404215","0,00000149051254806712","0,00000200415636488433","0,00000114715060447444","0,00000001204184965070","0,00000001254885797280","0,00000130232188496656","0,00000248317555230851","0,00000268171937829985","0,00000054637526652735","0,00000101044373193513"
"0,44791682113081948700","0,00000037112238970402","0,00000107626652933143","0,00000018686668020883","0,00000001182312569497","0,00000001166998609523","0,00000163909151500850","0,00000029432497782158","0,00000001165164117391","0,00000132439658649510","0,00000004964914730970","0,00000149506210928374","0,00000201079779631172","0,00000115006487333150","0,00000001213036697210","0,00000001255377032616","0,00000130257033901547","0,00000249051880009598","0,00000268867295645587","0,00000054820069048858","0,00000101363005392895"
"0,44992074376813412400","0,00000037297143819707","0,00000107959275393217","0,00000018716826958485","0,00000001173764606581","0,00000001169373379505","0,00000164410271613759","0,00000029555752509950","0,00000001170583250249","0,00000132941418025419","0,00000004990280873358","0,00000149962819552635","0,00000201745614940975","0,00000115290902377113","0,00000001222570513536","0,00000001255958852649","0,00000130276096482407","0,00000249785554384882","0,00000269567748786928","0,00000055002103058563","0,00000101683867829427"
"0,45192466640544876000","0,00000037482005456204","0,00000108291840662548","0,00000018747458659859","0,00000001165340816415","0,00000001171786011958","0,00000164910999632243","0,00000029679218918593","0,00000001175844158869","0,00000133440385912400","0,00000005014724868981","0,00000150418711274724","0,00000202411254924644","0,00000115573621393079","0,00000001232078035645","0,00000001256826547900","0,00000130298713654991","0,00000250516577087993","0,00000270271435823787","0,00000055183485772929","0,00000102003490719528"
"0,45392858904276339700","0,00000037665937524671","0,00000108625393969476","0,00000018780819307334","0,00000001157772131068","0,00000001174127337270","0,00000165410094800347","0,00000029804152171768","0,00000001180438015965","0,00000133933225755561","0,00000005037160755442","0,00000150871516689868","0,00000203074812088982","0,00000115859960194795","0,00000001240850885134","0,00000001258175408890","0,00000130334222835056","0,00000251242946850223","0,00000270976495325937","0,00000055364074283036","0,00000102318404279618"
"0,45593251168007803400","0,00000037848940025108","0,00000108959935314000","0,00000018816908900910","0,00000001151058550539","0,00000001176397355442","0,00000165907557118069","0,00000029930552269476","0,00000001184364821538","0,00000134419937554902","0,00000005057588532742","0,00000151321235798069","0,00000203736286433988","0,00000116149918782259","0,00000001248889062003","0,00000001260005435619","0,00000130382624022601","0,00000251964663671570","0,00000271682927293381","0,00000055543868588884","0,00000102628608509697"
"0,45793643431739267100","0,00000038031012957514","0,00000109295464696122","0,00000018855727440587","0,00000001145200074829","0,00000001178596066474","0,00000166403386585411","0,00000030058419211716","0,00000001187624575587","0,00000134900521310421","0,00000005076008200879","0,00000151767868599325","0,00000204395677959662","0,00000116443497155473","0,00000001256192566250","0,00000001262316628087","0,00000130443917217628","0,00000252681727552036","0,00000272390731726116","0,00000055722868690473","0,00000102934103409765"
"0,45994035695470730800","0,00000038212156321889","0,00000109631982115839","0,00000018897274926364","0,00000001140196703936","0,00000001180723470366","0,00000166897583202372","0,00000030187752998489","0,00000001190217278112","0,00000135374977022120","0,00000005092419759854","0,00000152211415093637","0,00000205052986666005","0,00000116740695314435","0,00000001262761397878","0,00000001265108986293","0,00000130518102420136","0,00000253394138491619","0,00000273099908624144","0,00000055901074587802","0,00000103234888979822"
"0,46194427959202194500","0,00000038392370118234","0,00000109969487573154","0,00000018941551358243","0,00000001136048437861","0,00000001182779567118","0,00000167390146968953","0,00000030318553629793","0,00000001192142929114","0,00000135843304689997","0,00000005106823209667","0,00000152651875281005","0,00000205708212553015","0,00000117041513259147","0,00000001268595556885","0,00000001268382510238","0,00000130605179630124","0,00000254101896490321","0,00000273810457987464","0,00000056078486280872","0,00000103530965219869"
"0,46394820222933652600","0,00000038571654346549","0,00000110307981068065","0,00000018988556736222","0,00000001132755276605","0,00000001184764356729","0,00000167881077885152","0,00000030450821105631","0,00000001193401528593","0,00000136305504314055","0,00000005119218550318","0,00000153089249161428","0,00000206361355620694","0,00000117345950989609","0,00000001273695043271","0,00000001272137199923","0,00000130705148847594","0,00000254805001548140","0,00000274522379816077","0,00000056255103769683","0,00000103822332129904"
"0,46595212486665116300","0,00000038750009006832","0,00000110647462600573","0,00000019038291060302","0,00000001130317220167","0,00000001186677839201","0,00000168370375950971","0,00000030584555426000","0,00000001193993076548","0,00000136761575894291","0,00000005129605781807","0,00000153523536734908","0,00000207012415869041","0,00000117654008505819","0,00000001278059857037","0,00000001276373055345","0,00000130818010072544","0,00000255503453665077","0,00000275235674109982","0,00000056430927054234","0,00000104108989709928"
"0,46795604750396580000","0,00000038927434099086","0,00000110987932170677","0,00000019090754330483","0,00000001128734268547","0,00000001188520014532","0,00000168858041166409","0,00000030719756590902","0,00000001193917572980","0,00000137211519430707","0,00000005137984904134","0,00000153954738001443","0,00000207661393298055","0,00000117965685807779","0,00000001281689998183","0,00000001281090076507","0,00000130943763304975","0,00000256197252841132","0,00000275950340869179","0,00000056605956134527","0,00000104390937959942"
"0,46995997014128043600","0,00000039103929623309","0,00000111329389778379","0,00000019145946546764","0,00000001128006421745","0,00000001190290882724","0,00000169344073531466","0,00000030856424600337","0,00000001193175017888","0,00000137655334923302","0,00000005144355917299","0,00000154382852961034","0,00000208308287907739","0,00000118280982895488","0,00000001284585466708","0,00000001286288263408","0,00000131082408544887","0,00000256886399076305","0,00000276666380093669","0,00000056780191010560","0,00000104668176879944"
"0,47196389277859507300","0,00000039279495579501","0,00000111671835423677","0,00000019203867709147","0,00000001128133679762","0,00000001191990443775","0,00000169828473046143","0,00000030994559454304","0,00000001191765411273","0,00000138093022372076","0,00000005148718821302","0,00000154807881613681","0,00000208953099698090","0,00000118599899768946","0,00000001286746262613","0,00000001291967616047","0,00000131233945792280","0,00000257570892370597","0,00000277383791783451","0,00000056953631682334","0,00000104940706469936"
"0,47396781541590971000","0,00000039454131967663","0,00000112015269106571","0,00000019264517817631","0,00000001129116042596","0,00000001193618697686","0,00000170311239710438","0,00000031134161152803","0,00000001189688753134","0,00000138524581777030","0,00000005151073616143","0,00000155229823959383","0,00000209595828669109","0,00000118922436428153","0,00000001288172385897","0,00000001298128134425","0,00000131398375047154","0,00000258250732724005","0,00000278102575938526","0,00000057126278149848","0,00000105208526729916"
"0,47597173805322434700","0,00000039627838787794","0,00000112359690827062","0,00000019327896872215","0,00000001130953510249","0,00000001195175644457","0,00000170792373524353","0,00000031275229695835","0,00000001186945043471","0,00000138950013138162","0,00000005151420301822","0,00000155648679998141","0,00000210236474820797","0,00000119248592873109","0,00000001288863836561","0,00000001304769818542","0,00000131575696309509","0,00000258925920136532","0,00000278822732558893","0,00000057298130413104","0,00000105471637659886"
"0,47797566069053892800","0,00000039800616039895","0,00000112705100585150","0,00000019394004872900","0,00000001133646082720","0,00000001196661284088","0,00000171271874487888","0,00000031417765083399","0,00000001183534282286","0,00000139369316455474","0,00000005149758878339","0,00000156064449729955","0,00000210875038153153","0,00000119578369103815","0,00000001288820614604","0,00000001311892668398","0,00000131765909579345","0,00000259596454608177","0,00000279544261644552","0,00000057469188472100","0,00000105730039259845"
"0,47997958332785356500","0,00000039972463723965","0,00000113051498380835","0,00000019462841819686","0,00000001137193760009","0,00000001198075616579","0,00000171749742601041","0,00000031561767315495","0,00000001179456469576","0,00000139782491728966","0,00000005146089345694","0,00000156477133154825","0,00000211511518666177","0,00000119911765120270","0,00000001288042720027","0,00000001319496683993","0,00000131969014856661","0,00000260262336138940","0,00000280267163195504","0,00000057639452326837","0,00000105983731529793"
"0,48198350596516820200","0,00000040143381840005","0,00000113398884214116","0,00000019534407712573","0,00000001141596542116","0,00000001199418641929","0,00000172225977863814","0,00000031707236392124","0,00000001174711605343","0,00000140189538958636","0,00000005140411703887","0,00000156886730272751","0,00000212145916359869","0,00000120248780922474","0,00000001286530152829","0,00000001327581865326","0,00000132185012141459","0,00000260923564728821","0,00000280991437211748","0,00000057808921977315","0,00000106232714469730"
"0,48398742860248283900","0,00000040313370388014","0,00000113747258084994","0,00000019608702551560","0,00000001146854429041","0,00000001200690360140","0,00000172700580276206","0,00000031854172313285","0,00000001169299689587","0,00000140590458144486","0,00000005132725952917","0,00000157293241083732","0,00000212778231234229","0,00000120589416510427","0,00000001284282913011","0,00000001336148212399","0,00000132413901433737","0,00000261580140377819","0,00000281717083693285","0,00000057977597423534","0,00000106476988079656"
"0,48599135123979747500","0,00000040482429367993","0,00000114096619993469","0,00000019685726336649","0,00000001152967420785","0,00000001201890771210","0,00000173173549838217","0,00000032002575078979","0,00000001163220722307","0,00000140985249286515","0,00000005123032092786","0,00000157696665587770","0,00000213408463289258","0,00000120933671884129","0,00000001281301000572","0,00000001345195725210","0,00000132655682733496","0,00000262232063085936","0,00000282444102640114","0,00000058145478665493","0,00000106716552359571"
"0,48799527387711211200","0,00000040650558779941","0,00000114446969939540","0,00000019765479067838","0,00000001159935517346","0,00000001203019875141","0,00000173644886549847","0,00000032152444689205","0,00000001156474703504","0,00000141373912384724","0,00000005111330123493","0,00000158097003784863","0,00000214036612524954","0,00000121281547043581","0,00000001277584415513","0,00000001354724403760","0,00000132910356040737","0,00000262879332853170","0,00000283172494052235","0,00000058312565703193","0,00000106951407309475"
"0,48999919651442674900","0,00000040817758623859","0,00000114798307923209","0,00000019847960745128","0,00000001167758718726","0,00000001204077671931","0,00000174114590411097","0,00000032303781143963","0,00000001149061633177","0,00000141756447439111","0,00000005097620045037","0,00000158494255675012","0,00000214662678941319","0,00000121633041988782","0,00000001273133157834","0,00000001364734248048","0,00000133177921355458","0,00000263521949679523","0,00000283902257929649","0,00000058478858536634","0,00000107181552929368"
"0,49200311915174138600","0,00000040984028899746","0,00000115150633944473","0,00000019933171368519","0,00000001176437024924","0,00000001205064161581","0,00000174582661421965","0,00000032456584443254","0,00000001140981511327","0,00000142132854449678","0,00000005081901857420","0,00000158888421258216","0,00000215286662538352","0,00000121988156719732","0,00000001267947227534","0,00000001375225258076","0,00000133458378677660","0,00000264159913564993","0,00000284633394272355","0,00000058644357165816","0,00000107406989219251"
"0,49400704178905596700","0,00000041149369607603","0,00000115503948003335","0,00000020021110938011","0,00000001185970435941","0,00000001205979344091","0,00000175049099582454","0,00000032610854587077","0,00000001132234337953","0,00000142503133416424","0,00000005064175560641","0,00000159279500534477","0,00000215908563316053","0,00000122346891236431","0,00000001262026624613","0,00000001386197433842","0,00000133751728007343","0,00000264793224509582","0,00000285365903080353","0,00000058809061590738","0,00000107627716179122"
"0,49601096442637060400","0,00000041313780747429","0,00000115858250099793","0,00000020111779453604","0,00000001196358951775","0,00000001206823219461","0,00000175513904892561","0,00000032766591575433","0,00000001122820113056","0,00000142867284339350","0,00000005044441154699","0,00000159667493503793","0,00000216528381274422","0,00000122709245538879","0,00000001255371349073","0,00000001397650775347","0,00000134057969344507","0,00000265421882513288","0,00000286099784353644","0,00000058972971811401","0,00000107843733808982"
"0,49801488706368524100","0,00000041477262319224","0,00000116213540233848","0,00000020205176915298","0,00000001207602572428","0,00000001207595787691","0,00000175977077352287","0,00000032923795408321","0,00000001112738836635","0,00000143225307218454","0,00000005022698639596","0,00000160052400166165","0,00000217146116413460","0,00000123075219627077","0,00000001247981400911","0,00000001409585282592","0,00000134377102689152","0,00000266045887576112","0,00000286835038092228","0,00000059136087827805","0,00000108055042108832"
"0,50001880970099987800","0,00000041639814322989","0,00000116569818405499","0,00000020301303323092","0,00000001219701297898","0,00000001208297048780","0,00000176438616961633","0,00000033082466085742","0,00000001101990508691","0,00000143577202053738","0,00000004998948015330","0,00000160434220521592","0,00000217761768733165","0,00000123444813501023","0,00000001239856780129","0,00000001422000955574","0,00000134709128041277","0,00000266665239698054","0,00000287571664296103","0,00000059298409639950","0,00000108261641078671"
