Variable Source,dev1,dev2,dev3,dev4,dev5,dev6,dev7,dev8,dev9,dev10,dev11,dev12,dev13,dev14,dev15,dev16,dev17,Dev 18,Dev 19,Dev 20
"-0,49993858631900023300","0,00000043289522531619","0,00000086189577400741","0,00000016720173902536","0,00000001439964022780","0,00000001047579992015","0,00000125269211932315","0,00000031742889489008","-0,00000000580380001440","0,00000110462733734817","0,00000010096335897144","0,00000136755380544591","0,00000173565502653729","0,00000106119405349544","0,00000002872977907753","0,00000001205359713627","0,00000137010633666743","0,00000183477864831139","0,00000218232460954394","0,00000049347968862261","0,00000086281048898104"
"-0,49793466368168559600","0,00000043169247357821","0,00000085949079707968","0,00000016652946378016","0,00000001446152492901","0,00000001074916401884","0,00000124996726593129","0,00000031715352431026","-0,00000000547716833579","0,00000110301546176960","0,00000010168693838543","0,00000136456623471315","0,00000173197710419974","0,00000106158961487309","0,00000002854522442412","0,00000001202154995140","0,00000137291070377798","0,00000182894516518893","0,00000217853738174595","0,00000049178556690355","0,00000085991311142869"
"-0,49593074104437096000","0,00000043048695381331","0,00000085705382865055","0,00000016585753169823","0,00000001451973100883","0,00000001100563434296","0,00000124719862411905","0,00000031684408677259","-0,00000000516489221398","0,00000110127635801815","0,00000010239664347610","0,00000136159669888527","0,00000172823995380303","0,00000106188457944518","0,00000002836594898148","0,00000001199253637460","0,00000137574556540605","0,00000182307527413152","0,00000217465019856539","0,00000049009685448729","0,00000085702172441068"
"-0,49392681840705632300","0,00000042927866602149","0,00000085458486872003","0,00000016518594277955","0,00000001457425846726","0,00000001124521089254","0,00000124438619388642","0,00000031650058227707","-0,00000000486697164897","0,00000109941002609382","0,00000010309247424344","0,00000135864519796227","0,00000172444357534714","0,00000106207894721168","0,00000002819195274963","0,00000001196655640586","0,00000137861092155164","0,00000181716897513914","0,00000217066306000227","0,00000048841355137382","0,00000085413632792700"
"-0,49192289576974174100","0,00000042806761020274","0,00000085208391728812","0,00000016451469702413","0,00000001462510730429","0,00000001146789366755","0,00000124152997523340","0,00000031612301082369","-0,00000000458340664076","0,00000109741646599660","0,00000010377443068747","0,00000135571173194415","0,00000172058796883207","0,00000106217271817262","0,00000002802323572857","0,00000001194361004518","0,00000138150677221476","0,00000181122626821181","0,00000216657596605658","0,00000048673565756314","0,00000085125692197766"
"-0,48991897313242710500","0,00000042685378635708","0,00000084955097435480","0,00000016384379443197","0,00000001467227751994","0,00000001167368266801","0,00000123862996816000","0,00000031571137241246","-0,00000000431419718935","0,00000109529567772650","0,00000010444251280817","0,00000135279630083091","0,00000171667313425782","0,00000106216589232797","0,00000002785979791829","0,00000001192369729256","0,00000138443311739539","0,00000180524715334951","0,00000216238891672833","0,00000048506317305526","0,00000084838350656265"
"-0,48791505049511246800","0,00000042563719448450","0,00000084698603992009","0,00000016317323500307","0,00000001471576911419","0,00000001186257789392","0,00000123568617266621","0,00000031526566704337","-0,00000000405934329474","0,00000109304766128351","0,00000010509672060555","0,00000134989890462255","0,00000171269907162441","0,00000106205846967775","0,00000002770163931880","0,00000001190681814800","0,00000138738995709354","0,00000179923163055226","0,00000215810191201752","0,00000048339609785017","0,00000084551608168197"
"-0,48591112785779783100","0,00000042441783458500","0,00000084438911398399","0,00000016250301873743","0,00000001475558208706","0,00000001203457934527","0,00000123269858875203","0,00000031478589471643","-0,00000000381884495693","0,00000109067241666765","0,00000010573705407961","0,00000134701954331906","0,00000170866578093181","0,00000106185045022195","0,00000002754875993009","0,00000001189297261150","0,00000139037729130922","0,00000179317969982005","0,00000215371495192414","0,00000048173443194787","0,00000084265464733563"
"-0,48390720522048319400","0,00000042319570665858","0,00000084176019654649","0,00000016183314563505","0,00000001479171643853","0,00000001218968702206","0,00000122966721641747","0,00000031427205543163","-0,00000000359270217592","0,00000108816994387889","0,00000010636351323035","0,00000134415821692046","0,00000170457326218004","0,00000106154183396058","0,00000002740115975216","0,00000001188216068306","0,00000139339512004241","0,00000178709136115287","0,00000214922803644820","0,00000048007817534837","0,00000083979920352362"
"-0,48190328258316855700","0,00000042197081070524","0,00000083909928760759","0,00000016116361569592","0,00000001482417216861","0,00000001232790092430","0,00000122659205566252","0,00000031372414918898","-0,00000000338091495171","0,00000108554024291726","0,00000010697609805777","0,00000134131492542673","0,00000170042151536909","0,00000106113262089363","0,00000002725883878502","0,00000001187438236269","0,00000139644344329313","0,00000178096661455074","0,00000214464116558969","0,00000047842732805166","0,00000083694975024595"
"-0,47989935994585392000","0,00000042074314672498","0,00000083640638716730","0,00000016049442892006","0,00000001485294927730","0,00000001244922105198","0,00000122347310648718","0,00000031314217598848","-0,00000000318348328430","0,00000108278331378274","0,00000010757480856187","0,00000133848966883789","0,00000169621054049897","0,00000106062281102111","0,00000002712179702867","0,00000001186963765037","0,00000139952226106136","0,00000177480546001365","0,00000213995433934862","0,00000047678189005775","0,00000083410628750261"
"-0,47789543730853928400","0,00000041951271471780","0,00000083368149522562","0,00000015982558530746","0,00000001487804776460","0,00000001255364740511","0,00000122031036889145","0,00000031252613583012","-0,00000000300040717369","0,00000107989915647534","0,00000010815964474264","0,00000133568244715392","0,00000169194033756968","0,00000106001240434301","0,00000002699003448309","0,00000001186792654612","0,00000140263157334712","0,00000176860789754160","0,00000213516755772499","0,00000047514186136663","0,00000083126881529360"
"-0,47589151467122470200","0,00000041827951468370","0,00000083092461178253","0,00000015915708485812","0,00000001489946763051","0,00000001264117998368","0,00000121710384287534","0,00000031187602871390","-0,00000000283168661988","0,00000107688777099505","0,00000010873060660009","0,00000133289326037483","0,00000168761090658120","0,00000105930140085934","0,00000002686355114831","0,00000001186924904992","0,00000140577138015040","0,00000176237392713460","0,00000213028082071879","0,00000047350724197830","0,00000082843733361893"
"-0,47388759203391006600","0,00000041704354662268","0,00000082813573683805","0,00000015848892757203","0,00000001491720887503","0,00000001271181878770","0,00000121385352843884","0,00000031119185463983","-0,00000000267732162287","0,00000107374915734188","0,00000010928769413422","0,00000133012210850062","0,00000168322224753355","0,00000105848980057009","0,00000002674234702430","0,00000001187360516179","0,00000140894168147120","0,00000175610354879263","0,00000212529412833002","0,00000047187803189277","0,00000082561184247859"
"-0,47188366939659542900","0,00000041580481053474","0,00000082531487039218","0,00000015782111344921","0,00000001493127149816","0,00000001276556381716","0,00000121055942558195","0,00000031047361360791","-0,00000000253731218266","0,00000107048331551582","0,00000010983090734503","0,00000132736899153129","0,00000167877436042673","0,00000105757760347526","0,00000002662642211109","0,00000001188099488172","0,00000141214247730952","0,00000174979676251570","0,00000212020748055870","0,00000047025423111003","0,00000082279234187259"
"-0,46987974675928079200","0,00000041456330641988","0,00000082246201244491","0,00000015715364248964","0,00000001494165549989","0,00000001280241507206","0,00000120722153430468","0,00000030972130561813","-0,00000000241165829925","0,00000106709024551689","0,00000011036024623252","0,00000132463390946684","0,00000167426724526073","0,00000105656480957486","0,00000002651577640865","0,00000001189141820970","0,00000141537376766536","0,00000174345356830382","0,00000211502087740480","0,00000046863583963008","0,00000081997883180092"
"-0,46787582412196615500","0,00000041331903427810","0,00000081957716299625","0,00000015648651469334","0,00000001494836088024","0,00000001282237255241","0,00000120383985460702","0,00000030893493067050","-0,00000000230035997264","0,00000106356994734507","0,00000011087571079668","0,00000132191686230727","0,00000166970090203555","0,00000105545141886888","0,00000002641040991700","0,00000001190487514575","0,00000141863555253872","0,00000173707396615697","0,00000210973431886835","0,00000046702285745293","0,00000081717131226359"
"-0,46587190148465151800","0,00000041207199410940","0,00000081666032204618","0,00000015581973006029","0,00000001495138763919","0,00000001282543625820","0,00000120041438648898","0,00000030811448876501","-0,00000000220341720283","0,00000105992242100036","0,00000011137730103753","0,00000131921785005257","0,00000166507533075120","0,00000105423743135732","0,00000002631032263614","0,00000001192136568986","0,00000142192783192961","0,00000173065795607517","0,00000210434780494933","0,00000046541528457857","0,00000081436978326059"
"-0,46386797884733688100","0,00000041082218591378","0,00000081371148959473","0,00000015515328859051","0,00000001495073577676","0,00000001281160618944","0,00000119694512995054","0,00000030725997990167","-0,00000000212082998982","0,00000105614766648277","0,00000011186501695505","0,00000131653687270276","0,00000166039053140768","0,00000105292284704019","0,00000002621551456606","0,00000001194088984203","0,00000142525060583801","0,00000172420553805841","0,00000209886133564775","0,00000046381312100701","0,00000081157424479193"
"-0,46186405621002230000","0,00000040956960969124","0,00000081073066564188","0,00000015448719028398","0,00000001494640529293","0,00000001278088234612","0,00000119343208499172","0,00000030637140408047","-0,00000000205259833361","0,00000105224568379230","0,00000011233885854925","0,00000131387393025782","0,00000165564650400497","0,00000105150766591749","0,00000002612598570676","0,00000001196344760226","0,00000142860387426394","0,00000171771671210669","0,00000209327491096360","0,00000046221636673824","0,00000080878469685760"
"-0,45986013357270766300","0,00000040831426544178","0,00000080771785018763","0,00000015382143514071","0,00000001493839618771","0,00000001273326472824","0,00000118987525161251","0,00000030544876130142","-0,00000000199872223420","0,00000104821647292894","0,00000011279882582013","0,00000131122902271776","0,00000165084324854310","0,00000104999188798921","0,00000002604173605825","0,00000001198903897056","0,00000143198763720738","0,00000171119147822000","0,00000208758853089688","0,00000046062502177226","0,00000080600113945760"
"-0,45785621093539302600","0,00000040705615316540","0,00000080467304323198","0,00000015315602316070","0,00000001492670846110","0,00000001266875333581","0,00000118627462981292","0,00000030449205156452","-0,00000000195920169159","0,00000104406003389271","0,00000011324491876768","0,00000130860215008259","0,00000164598076502204","0,00000104837551325535","0,00000002596276562053","0,00000001201766394691","0,00000143540189466835","0,00000170462983639836","0,00000208180219544761","0,00000045903908610907","0,00000080322357259194"
"-0,45585228829807839000","0,00000040579527286210","0,00000080159624477495","0,00000015249095434395","0,00000001491134211310","0,00000001258734816883","0,00000118263021959294","0,00000030350127486976","-0,00000000193403670578","0,00000103977636668358","0,00000011367713739192","0,00000130599331235229","0,00000164105905344181","0,00000104665854171592","0,00000002588907439358","0,00000001204932253132","0,00000143884664664684","0,00000169803178664177","0,00000207591590461577","0,00000045745855974868","0,00000080045199626061"
"-0,45384836566076375300","0,00000040453162453188","0,00000079848745481651","0,00000015182622869047","0,00000001489229714370","0,00000001248904922729","0,00000117894202095257","0,00000030247643121714","-0,00000000192322727677","0,00000103536547130158","0,00000011409548169283","0,00000130340250952687","0,00000163607811380241","0,00000104484097337091","0,00000002582066237743","0,00000001208401472380","0,00000144232189314285","0,00000169139732895021","0,00000206992965840136","0,00000045588344269109","0,00000079768641046361"
"-0,45184444302344911600","0,00000040326520817474","0,00000079534667335668","0,00000015116184620024","0,00000001486957355292","0,00000001237385651119","0,00000117521003389182","0,00000030141752060667","-0,00000000192677340456","0,00000103082734774669","0,00000011449995167043","0,00000130082974160633","0,00000163103794610383","0,00000104292280822032","0,00000002575752957205","0,00000001212174052433","0,00000144582763415637","0,00000168472646332369","0,00000206384345680439","0,00000045431373493628","0,00000079492681520095"
"-0,44984052038613447900","0,00000040199332592943","0,00000079218858955806","0,00000015049765335265","0,00000001484676681412","0,00000001225459059032","0,00000117144401699849","0,00000030033999529055","-0,00000000193511738979","0,00000102624007054859","0,00000011488339123046","0,00000129821316371785","0,00000162595884547713","0,00000104093339287507","0,00000002569785065747","0,00000001216067872124","0,00000144930732317250","0,00000167802134808547","0,00000205768217585432","0,00000045274212920888","0,00000079215708971037"
"-0,44783659774881984200","0,00000040071327993469","0,00000078902789258326","0,00000014983349662710","0,00000001482747240069","0,00000001214407203446","0,00000116765372886039","0,00000029925930752099","-0,00000000193870153310","0,00000102168171423697","0,00000011523864427870","0,00000129549093098864","0,00000162086110705339","0,00000103890207394606","0,00000002563980031367","0,00000001219900810283","0,00000145270441367631","0,00000167128414155879","0,00000205147069158061","0,00000045116131823350","0,00000078936111322960"
"-0,44583267511150526100","0,00000039942507019052","0,00000078586458243228","0,00000014916937602358","0,00000001481169031261","0,00000001204230084360","0,00000116383916947752","0,00000029817545729797","-0,00000000193752583449","0,00000101715227881182","0,00000011556571081515","0,00000129266304341869","0,00000161574473083259","0,00000103682885143329","0,00000002558337854066","0,00000001223672866911","0,00000145601890566780","0,00000166451484374366","0,00000204520900398325","0,00000044957130201012","0,00000078653888575865"
"-0,44382875247419062400","0,00000039812869669694","0,00000078269865910512","0,00000014850529154209","0,00000001479942054990","0,00000001194927701775","0,00000116000033884989","0,00000029708844462151","-0,00000000193159029396","0,00000101265176427314","0,00000011586459083981","0,00000128972950100799","0,00000161060971681475","0,00000103471372533676","0,00000002552858533844","0,00000001227384042008","0,00000145925079914697","0,00000165771345464007","0,00000203889711306226","0,00000044797208053875","0,00000078369040729751"
"-0,44182482983687598700","0,00000039682415945392","0,00000077953012260179","0,00000014784124318263","0,00000001479066311254","0,00000001186500055691","0,00000115613723697749","0,00000029599826949160","-0,00000000192089491151","0,00000100818017062094","0,00000011613528435267","0,00000128669030375656","0,00000160545606499985","0,00000103255669565648","0,00000002547542070701","0,00000001231034335573","0,00000146240009411382","0,00000165087997424803","0,00000203253501881762","0,00000044636365381940","0,00000078081567784619"
"-0,43982090719956135100","0,00000039551145846148","0,00000077635897292227","0,00000014717723094520","0,00000001478541800055","0,00000001178947146108","0,00000115224986386033","0,00000029490493190824","-0,00000000190543968714","0,00000100373749785521","0,00000011637779135374","0,00000128354545166438","0,00000160028377538790","0,00000103035776239243","0,00000002542388464636","0,00000001234623747607","0,00000146546679056835","0,00000164401440256754","0,00000202612272124935","0,00000044474602185206","0,00000077791469740469"
"-0,43781698456224671400","0,00000039419059371962","0,00000077318521006657","0,00000014651325482980","0,00000001478368521392","0,00000001172268973025","0,00000114833821949840","0,00000029380843187144","-0,00000000188522462086","0,00000099932374597595","0,00000011659211184302","0,00000128029494473146","0,00000159509284797890","0,00000102811692554463","0,00000002537397715650","0,00000001238152278109","0,00000146845088851056","0,00000163711673959859","0,00000201966022035743","0,00000044311918463673","0,00000077498746597300"
"-0,43581306192493207700","0,00000039286156522833","0,00000077000883403469","0,00000014584931483643","0,00000001478546475265","0,00000001166465536444","0,00000114440230389170","0,00000029270876938119","-0,00000000186024971265","0,00000099493891498317","0,00000011677824582051","0,00000127693878295781","0,00000158988328277285","0,00000102583418511306","0,00000002532569823743","0,00000001241619927080","0,00000147135238794045","0,00000163018698534119","0,00000201314751614187","0,00000044148314217341","0,00000077203398355112"
"-0,43380913928761744000","0,00000039152437298761","0,00000076682984482663","0,00000014518541096510","0,00000001479075661674","0,00000001161536836363","0,00000114044211704024","0,00000029160594443749","-0,00000000183051496252","0,00000099058300487686","0,00000011693619328620","0,00000127347696634341","0,00000158465507976975","0,00000102350954109774","0,00000002527904788915","0,00000001245026694519","0,00000147417128885802","0,00000162322513979534","0,00000200658460860267","0,00000043983789446210","0,00000076905425013907"
"-0,43180521665030280300","0,00000039017901699747","0,00000076364824244239","0,00000014452154321579","0,00000001479956080619","0,00000001157482872782","0,00000113645765894401","0,00000029049995704034","-0,00000000179602037047","0,00000098625601565702","0,00000011706595424010","0,00000126990949488827","0,00000157940823896960","0,00000102114299349866","0,00000002523402611166","0,00000001248372580427","0,00000147690759126327","0,00000161623120296103","0,00000199997149773983","0,00000043818344150281","0,00000076604826573683"
"-0,42980129401298822200","0,00000038882549725791","0,00000076046402688197","0,00000014385771158852","0,00000001481187732101","0,00000001154303645703","0,00000113244892960301","0,00000028939080718975","-0,00000000175676593650","0,00000098195794732366","0,00000011716752868221","0,00000126623636859239","0,00000157414276037240","0,00000101873454231582","0,00000002519063290496","0,00000001251657584803","0,00000147956129515620","0,00000160920517483827","0,00000199330818355334","0,00000043651978329553","0,00000076301603034440"
"-0,42779737137567358500","0,00000038746381376891","0,00000075727719814537","0,00000014319391608328","0,00000001482770616118","0,00000001151999155124","0,00000112841592901725","0,00000028827849488571","-0,00000000171275166062","0,00000097768879987677","0,00000011724091661253","0,00000126245758745576","0,00000156885864397815","0,00000101628418754922","0,00000002514886826904","0,00000001254881707648","0,00000148213240053681","0,00000160214705542706","0,00000198659466604322","0,00000043484691984026","0,00000075995754396179"
"-0,42579344873835894800","0,00000038609396653050","0,00000075408775623259","0,00000014253015670006","0,00000001484704732672","0,00000001150569401046","0,00000112435865718672","0,00000028716302012822","-0,00000000166397754281","0,00000097344857331635","0,00000011728611803105","0,00000125857315147840","0,00000156355588978685","0,00000101379192919887","0,00000002510873220391","0,00000001258044948961","0,00000148462090740510","0,00000159505684472739","0,00000197983094520945","0,00000043316485113700","0,00000075687280658900"
"-0,42378952610104431100","0,00000038471595554265","0,00000075089570114363","0,00000014186643343888","0,00000001486990081762","0,00000001150014383469","0,00000112027711411142","0,00000028604438291728","-0,00000000161044358308","0,00000096923726764240","0,00000011730313293778","0,00000125458306066030","0,00000155823449779849","0,00000101125776726475","0,00000002507022470957","0,00000001261147308744","0,00000148702681576107","0,00000158793454273926","0,00000197301702105205","0,00000043147357718575","0,00000075376181822602"
"-0,42178560346372967500","0,00000038332978080539","0,00000074770103287848","0,00000014120274629974","0,00000001489626663388","0,00000001150334102393","0,00000111617129979136","0,00000028492258325290","-0,00000000155214978143","0,00000096505488285493","0,00000011729196133272","0,00000125048731500145","0,00000155289446801309","0,00000100868170174688","0,00000002503334578602","0,00000001264188786994","0,00000148935012560472","0,00000158078014946269","0,00000196615289357100","0,00000042977309798651","0,00000075062457887286"
"-0,41978168082641503800","0,00000038193544231869","0,00000074450375143716","0,00000014053909528262","0,00000001492614477550","0,00000001151528557817","0,00000111204121422653","0,00000028379762113507","-0,00000000148909613787","0,00000096090141895393","0,00000011725260321586","0,00000124628591450187","0,00000154753580043063","0,00000100606373264524","0,00000002499809543326","0,00000001267169383713","0,00000149159083693605","0,00000157359366489766","0,00000195923856276631","0,00000042806341353929","0,00000074746108852952"
"-0,41777775818910040100","0,00000038053294008258","0,00000074130385681966","0,00000013987548038753","0,00000001495953524248","0,00000001153597749742","0,00000110788685741694","0,00000028266949656379","-0,00000000142128265238","0,00000095677687593941","0,00000011718505858721","0,00000124197885916154","0,00000154215849505112","0,00000100340385995985","0,00000002496447365128","0,00000001270089098901","0,00000149374894975506","0,00000156637508904418","0,00000195227402863798","0,00000042634452384408","0,00000074427134719599"
"-0,41577383555178582000","0,00000037912227409703","0,00000073810134902598","0,00000013921190161447","0,00000001499643803482","0,00000001156541678168","0,00000110370822936257","0,00000028153820953907","-0,00000000134870932497","0,00000095268125381136","0,00000011708932744677","0,00000123756614898047","0,00000153676255187457","0,00000100070208369070","0,00000002493248044010","0,00000001272947932557","0,00000149582446406176","0,00000155912442190224","0,00000194525929118601","0,00000042461642890088","0,00000074105535487228"
"-0,41376991291447118300","0,00000037770344436206","0,00000073489622805612","0,00000013854835896345","0,00000001503685315253","0,00000001160360343095","0,00000109950533006345","0,00000028040376006089","-0,00000000127137615564","0,00000094861455256978","0,00000011696540979454","0,00000123304778395867","0,00000153134797090096","0,00000099795840383779","0,00000002490211579970","0,00000001275745884682","0,00000149781737985613","0,00000155184166347185","0,00000193819435041040","0,00000042287912870969","0,00000073781311155838"
"-0,41176599027715654600","0,00000037627645087767","0,00000073168849391008","0,00000013788485243446","0,00000001508078059559","0,00000001165053744522","0,00000109527815951955","0,00000027926614812927","-0,00000000118928314440","0,00000094457677221467","0,00000011681330563051","0,00000122842376409612","0,00000152591475213030","0,00000099517282040112","0,00000002487337973009","0,00000001278482955276","0,00000149972769713818","0,00000154452681375300","0,00000193107920631115","0,00000042113262327051","0,00000073454461725430"
"-0,40976206763984190900","0,00000037484129364385","0,00000072847814658786","0,00000013722138202749","0,00000001512822036402","0,00000001170621882450","0,00000109102671773089","0,00000027812537374421","-0,00000000110243029123","0,00000094056791274604","0,00000011663301495470","0,00000122369408939283","0,00000152046289556259","0,00000099234533338070","0,00000002484627223127","0,00000001281159144338","0,00000150155541590791","0,00000153717987274570","0,00000192391385888825","0,00000041937691258334","0,00000073124987196003"
"-0,40775814500252727200","0,00000037339797266060","0,00000072526518608945","0,00000013655794774256","0,00000001517917245781","0,00000001177064756879","0,00000108675100469746","0,00000027698143690569","-0,00000000101081759614","0,00000093658797416388","0,00000011642453776708","0,00000121885875984880","0,00000151499240119783","0,00000098947594277651","0,00000002482079330323","0,00000001283774451868","0,00000150330053616532","0,00000152980084044995","0,00000191669830814172","0,00000041761199664819","0,00000072792887567558"
"-0,40575422236521263600","0,00000037194648792793","0,00000072204961241487","0,00000013589454957966","0,00000001523363687695","0,00000001184382367809","0,00000108245102041927","0,00000027583433761373","-0,00000000091444505914","0,00000093263695646820","0,00000011618787406768","0,00000121391777546402","0,00000150950326903602","0,00000098656464858857","0,00000002479694294599","0,00000001286328877867","0,00000150496305791041","0,00000152238971686574","0,00000190943255407154","0,00000041583787546505","0,00000072458162840095"
"-0,40375029972789799900","0,00000037048683944584","0,00000071883142556411","0,00000013523118753879","0,00000001529161362146","0,00000001192574715239","0,00000107812676489630","0,00000027468407586832","-0,00000000081331268021","0,00000092871485965898","0,00000011592302385648","0,00000120887113623851","0,00000150399549907716","0,00000098361145081686","0,00000002477472115953","0,00000001288822422335","0,00000150654298114318","0,00000151494650199309","0,00000190211659667772","0,00000041405454903392","0,00000072120813013613"
"-0,40174637709058336200","0,00000036901902721432","0,00000071561062553717","0,00000013456786161995","0,00000001535310269134","0,00000001201641799170","0,00000107377823812858","0,00000027353065166946","-0,00000000070742045937","0,00000092482168373624","0,00000011562998713349","0,00000120371884217226","0,00000149846909132124","0,00000098061634946140","0,00000002475412794386","0,00000001291255085271","0,00000150804030586363","0,00000150747119583197","0,00000189475043596027","0,00000041226201735480","0,00000071780838088113"
"-0,39974245445326878100","0,00000036754589681659","0,00000071238308077837","0,00000013390515328136","0,00000001541420248967","0,00000001210807242657","0,00000106940783904759","0,00000027237905253044","-0,00000000060097300332","0,00000092094182374169","0,00000011533644141282","0,00000119854079121458","0,00000149293408288212","0,00000097758912820676","0,00000002473395289147","0,00000001293578195751","0,00000150946432964380","0,00000149997027191115","0,00000188736250072742","0,00000041046575739122","0,00000071439312871805"
"-0,39773853181595414400","0,00000036607029383589","0,00000070914465973203","0,00000013324364398124","0,00000001547101141956","0,00000001219294668754","0,00000106501796658486","0,00000027123426596452","-0,00000000049817491881","0,00000091705967471706","0,00000011507006420858","0,00000119341688131480","0,00000148740051087362","0,00000097453957073754","0,00000002471298559486","0,00000001295743082849","0,00000151082435005573","0,00000149245020375937","0,00000187998121978744","0,00000040867124610670","0,00000071097312172900"
"-0,39573460917863950700","0,00000036459221827221","0,00000070589536239816","0,00000013258333371959","0,00000001552352948101","0,00000001227104077460","0,00000106060862074039","0,00000027009629197172","-0,00000000039902620582","0,00000091317523666233","0,00000011483085552076","0,00000118834711247293","0,00000148186837529575","0,00000097146767705372","0,00000002469122605401","0,00000001297749746566","0,00000151212036709942","0,00000148491099137664","0,00000187260659314032","0,00000040687848350124","0,00000070754835991397"
"-0,39373068654132487000","0,00000036311167012556","0,00000070263518877675","0,00000013192422249640","0,00000001557175667402","0,00000001234235468777","0,00000105617980151417","0,00000026896513055203","-0,00000000030352686436","0,00000090928850957751","0,00000011461881534938","0,00000118333148468895","0,00000147633767614850","0,00000096837344715532","0,00000002466867426894","0,00000001299598186902","0,00000151335238077487","0,00000147735263476295","0,00000186523862078607","0,00000040508746957484","0,00000070411884327297"
"-0,39172676390401023300","0,00000036162864939593","0,00000069936413886780","0,00000013126631031168","0,00000001561569299860","0,00000001240688842705","0,00000105173150890620","0,00000026784078170545","-0,00000000021167689442","0,00000090539949346260","0,00000011443394369442","0,00000117836999796286","0,00000147080841343188","0,00000096525688104232","0,00000002464533023964","0,00000001301288403857","0,00000151452039108209","0,00000146977513391829","0,00000185787730272468","0,00000040329820432750","0,00000070068457180599"
"-0,38972284126669559600","0,00000036014315608331","0,00000069608221267132","0,00000013060959716543","0,00000001565533845473","0,00000001246464199242","0,00000104726374291649","0,00000026672324543198","-0,00000000012347629602","0,00000090150818831760","0,00000011427624055589","0,00000117346265229468","0,00000146528058714588","0,00000096211797871474","0,00000002462119396612","0,00000001302820397430","0,00000151562439802106","0,00000146217848884268","0,00000185052263895616","0,00000040151068775922","0,00000069724554551304"
"-0,38771891862938096000","0,00000035865519018773","0,00000069278941018730","0,00000012995408305765","0,00000001569069304242","0,00000001251561538389","0,00000104277650354503","0,00000026561252173162","-0,00000000003892506914","0,00000089761459414251","0,00000011414570593378","0,00000116860944768440","0,00000145975419729052","0,00000095895674017257","0,00000002459626544836","0,00000001304194167622","0,00000151666440159179","0,00000145456269953612","0,00000184317462948050","0,00000039972491987000","0,00000069380176439411"
"-0,38571499599206637800","0,00000035716475170916","0,00000068948573141575","0,00000012929976798833","0,00000001572175676167","0,00000001255980860147","0,00000103826979079183","0,00000026450861060437","0,00000000004197678622","0,00000089371871093733","0,00000011404233982811","0,00000116381038413201","0,00000145422924386577","0,00000095577316541580","0,00000002457054468638","0,00000001305409714433","0,00000151764040179429","0,00000144692776599859","0,00000183583327429771","0,00000039794090065985","0,00000069035322844921"
"-0,38371107335475174200","0,00000035567184064761","0,00000068617117635666","0,00000012864665195748","0,00000001574852961249","0,00000001259722164514","0,00000103374360465688","0,00000026341151205023","0,00000000011922927004","0,00000088982053870206","0,00000011396614223886","0,00000115906546163752","0,00000144870572687165","0,00000095256725444445","0,00000002454403168017","0,00000001306467037862","0,00000151855239862854","0,00000143927368823011","0,00000182849857340778","0,00000039615863012875","0,00000068689993767834"
"-0,38170715071743710500","0,00000035417645700309","0,00000068284574501004","0,00000012799473496510","0,00000001577101159486","0,00000001262785451492","0,00000102919794514019","0,00000026232122606920","0,00000000019283238234","0,00000088592007743670","0,00000011391711316604","0,00000115437468020093","0,00000144318364630816","0,00000094933900725851","0,00000002451672642974","0,00000001307366137910","0,00000151940039209456","0,00000143160046623066","0,00000182117052681072","0,00000039437810827672","0,00000068344189208149"
"-0,37970322808012246800","0,00000035267860077559","0,00000067950943737588","0,00000012734401701118","0,00000001578920270879","0,00000001265170721080","0,00000102463281224175","0,00000026123775266129","0,00000000026278612311","0,00000088201732714125","0,00000011389525260965","0,00000114973803982224","0,00000143766300217530","0,00000094608842385798","0,00000002448862893507","0,00000001308107014577","0,00000152018438219233","0,00000142390810000026","0,00000181384913450652","0,00000039259933510375","0,00000067997909165866"
"-0,37769930544280783100","0,00000035117827196512","0,00000067616225345418","0,00000012669449809574","0,00000001580310295428","0,00000001266877973278","0,00000102004820596157","0,00000026016109182648","0,00000000032909049236","0,00000087811228781571","0,00000011390056056969","0,00000114515554050144","0,00000143214379447306","0,00000094281550424285","0,00000002445973919618","0,00000001308689667862","0,00000152090436892187","0,00000141619658953890","0,00000180653439649518","0,00000039082231060984","0,00000067651153640986"
"-0,37569538280549319400","0,00000034967547057166","0,00000067280419324495","0,00000012604617821876","0,00000001581271233134","0,00000001267907208086","0,00000101544412629964","0,00000025909124356479","0,00000000039174549008","0,00000087420495946008","0,00000011393303704615","0,00000114062718223855","0,00000142662602320145","0,00000093952024841314","0,00000002443005721306","0,00000001309114097766","0,00000152156035228317","0,00000140846593484659","0,00000179922631277672","0,00000038904703479499","0,00000067303922633509"
"-0,37369146016817855700","0,00000034817019659523","0,00000066943525674818","0,00000012539905738025","0,00000001581803083995","0,00000001268258425504","0,00000101082057325596","0,00000025802820787621","0,00000000045075111627","0,00000087029534207436","0,00000011399268203904","0,00000113615296503355","0,00000142110968836046","0,00000093620265636884","0,00000002439958298572","0,00000001309380304289","0,00000152215233227622","0,00000140071613592331","0,00000179192488335111","0,00000038727350765920","0,00000066956216143434"
"-0,37168753753086392100","0,00000034666245003582","0,00000066605544396387","0,00000012475313558020","0,00000001581905848012","0,00000001267931625532","0,00000100617754683054","0,00000025697198476074","0,00000000050610737093","0,00000086638343565854","0,00000011407949554836","0,00000113173288888645","0,00000141559478995010","0,00000093286272810995","0,00000002436831651414","0,00000001309488287431","0,00000152268030890104","0,00000139294719276908","0,00000178463010821837","0,00000038550172920247","0,00000066608034170762"
"-0,36968361489354933900","0,00000034515223089343","0,00000066266475489203","0,00000012410841281862","0,00000001581579525185","0,00000001266926808171","0,00000100151504702337","0,00000025592257421838","0,00000000055781425407","0,00000086246924021264","0,00000011419347757411","0,00000112736695379725","0,00000141008132797036","0,00000092950046363647","0,00000002433625779834","0,00000001309438047191","0,00000152314428215762","0,00000138515910538389","0,00000177734198737850","0,00000038373169942480","0,00000066259376715493"
"-0,36767969225623470200","0,00000034363953916807","0,00000065926318953266","0,00000012346488909551","0,00000001580824115515","0,00000001265243973419","0,00000099683307383446","0,00000025487997624913","0,00000000060587176568","0,00000085855275573665","0,00000011433462811629","0,00000112305515976595","0,00000140456930242125","0,00000092611586294840","0,00000002430340683831","0,00000001309229583570","0,00000152354425204596","0,00000137735187376774","0,00000177006052083149","0,00000038196341832619","0,00000065910243777626"
"-0,36567576961892006600","0,00000034212437485972","0,00000065585074788574","0,00000012282256441087","0,00000001579639619000","0,00000001262883121278","0,00000099213162726380","0,00000025384419085299","0,00000000065027990576","0,00000085463398223057","0,00000011450294717490","0,00000111879750679254","0,00000139905871330277","0,00000092270892604574","0,00000002426976363406","0,00000001308862896567","0,00000152388021856606","0,00000136952549792063","0,00000176278570857734","0,00000038019688590665","0,00000065560635357161"
"-0,36367184698160542900","0,00000034060673796840","0,00000065242742995129","0,00000012218143876470","0,00000001578026035641","0,00000001259844251747","0,00000098741070731140","0,00000025281521802996","0,00000000069103867432","0,00000085071291969439","0,00000011469843474993","0,00000111459399487704","0,00000139354956061491","0,00000091927965292850","0,00000002423532818557","0,00000001308337986183","0,00000152415218171792","0,00000136167997784257","0,00000175551755061606","0,00000037843210216616","0,00000065210551454099"
"-0,36166792434429079200","0,00000033908662849410","0,00000064899323572931","0,00000012154151215699","0,00000001575983365439","0,00000001256127364826","0,00000098267031397725","0,00000025179305778004","0,00000000072814807135","0,00000084678956812813","0,00000011492109084139","0,00000111044462401943","0,00000138804184435768","0,00000091582804359666","0,00000002420010049286","0,00000001307654852418","0,00000152436014150154","0,00000135381531353354","0,00000174825604694765","0,00000037666906710474","0,00000064859992068440"
"-0,35966400170697615500","0,00000033756404643683","0,00000064554816521979","0,00000012090278458775","0,00000001573511608392","0,00000001251732460515","0,00000097791044726135","0,00000025077771010324","0,00000000076160809685","0,00000084286392753178","0,00000011517091544928","0,00000110634939421972","0,00000138253556453107","0,00000091235409805023","0,00000002416408055592","0,00000001306813495272","0,00000152450409791692","0,00000134593150499356","0,00000174100119757210","0,00000037490778072238","0,00000064508957200183"
"-0,35766007906966151800","0,00000033603899179657","0,00000064209221842273","0,00000012026525605698","0,00000001570610764501","0,00000001246659538814","0,00000097313110716371","0,00000024976917499954","0,00000000079141875082","0,00000083893599790534","0,00000011544790857360","0,00000110230830547791","0,00000137703072113509","0,00000090885781628921","0,00000002412726837476","0,00000001305813914744","0,00000152458405096406","0,00000133802855222262","0,00000173375300248941","0,00000037314824301907","0,00000064157446849329"
"-0,35565615643234693700","0,00000033451146457334","0,00000063862539533814","0,00000011962892656468","0,00000001567280833767","0,00000001240908599723","0,00000096833229368433","0,00000024876745246896","0,00000000081758003327","0,00000083500577924880","0,00000011575207021434","0,00000109832135779400","0,00000137152731416974","0,00000090533919831361","0,00000002408966394936","0,00000001304656110835","0,00000152460000064297","0,00000133010645522072","0,00000172651146169959","0,00000037139045399483","0,00000063805461015878"
"-0,35365223379503230000","0,00000033298146476713","0,00000063514769596601","0,00000011899379611084","0,00000001563521816188","0,00000001234479643243","0,00000096351400682320","0,00000024777254251149","0,00000000084009194419","0,00000083107327156218","0,00000011608340037152","0,00000109438855116798","0,00000136602534363501","0,00000090179824412341","0,00000002405126727974","0,00000001303340083545","0,00000152455194695363","0,00000132216521398787","0,00000171927657520264","0,00000036963441364965","0,00000063452999699828"
"-0,35164831115771766300","0,00000033144899237795","0,00000063165912030634","0,00000011835986469547","0,00000001559333711765","0,00000001227372669372","0,00000095867624658032","0,00000024678444512713","0,00000000085895448358","0,00000082713847484546","0,00000011644189904512","0,00000109050988559987","0,00000136052480953091","0,00000089823495371862","0,00000002401207836589","0,00000001301865832873","0,00000152443988989605","0,00000131420482852405","0,00000171204834299855","0,00000036788012198353","0,00000063100062901182"
"-0,34964438852040302700","0,00000032991552265499","0,00000062816182047634","0,00000011772676039856","0,00000001555137675930","0,00000001220232049290","0,00000095382486409114","0,00000024579740915735","0,00000000087786526540","0,00000082320581577334","0,00000011680077710653","0,00000108661440002435","0,00000135501708744260","0,00000089465077015288","0,00000002397347589287","0,00000001300429748580","0,00000152427668377076","0,00000130623640714065","0,00000170480499863497","0,00000036612517866472","0,00000062746358578315"
"-0,34764046588308839000","0,00000032838253084747","0,00000062465794859320","0,00000011709411130012","0,00000001551354864115","0,00000001213702154173","0,00000094896571049109","0,00000024480568344362","0,00000000090052190357","0,00000081927972102047","0,00000011713324542713","0,00000108263113337612","0,00000134949355295523","0,00000089104713647981","0,00000002393683854572","0,00000001299228220424","0,00000152407518287826","0,00000129827105814901","0,00000169752477565956","0,00000036436718336143","0,00000062391594689605"
"-0,34563654324577375300","0,00000032685001695538","0,00000062114750465693","0,00000011646191740014","0,00000001547985276319","0,00000001207782984021","0,00000094409878578019","0,00000024380926798595","0,00000000092692439810","0,00000081536019058688","0,00000011743930400693","0,00000107856008565519","0,00000134395420606881","0,00000088742405269941","0,00000002390216632445","0,00000001298261248406","0,00000152383538721857","0,00000129030878154914","0,00000169020767407231","0,00000036260613607369","0,00000062035771235052"
"-0,34363262060845911600","0,00000032531798097874","0,00000061763048866752","0,00000011583017869862","0,00000001545028912543","0,00000001202474538836","0,00000093922408995841","0,00000024280816278434","0,00000000095707274899","0,00000081144722447254","0,00000011771895284592","0,00000107440125686156","0,00000133839904678335","0,00000088378151881169","0,00000002386945922906","0,00000001297528832526","0,00000152355729679168","0,00000128234957734103","0,00000168285369387323","0,00000036084203680149","0,00000061678888214656"
"-0,34162869797114447900","0,00000032378642291753","0,00000061410690062497","0,00000011519889519557","0,00000001542485772787","0,00000001197776818616","0,00000093434162302578","0,00000024180236783878","0,00000000099096695624","0,00000080754082267747","0,00000011797219194411","0,00000107015464699522","0,00000133282807509883","0,00000088011953481663","0,00000002383871725954","0,00000001297030972783","0,00000152324091159760","0,00000127439344552470","0,00000167546283506231","0,00000035907488554482","0,00000061320945628417"
"-0,33962477533382989800","0,00000032225534277175","0,00000061057674052929","0,00000011456806689097","0,00000001540355857050","0,00000001193689823361","0,00000092945138498228","0,00000024079188314927","0,00000000102860701985","0,00000080364098520167","0,00000011819902130148","0,00000106582025605618","0,00000132724129101525","0,00000087643810071426","0,00000002380994041590","0,00000001296767669178","0,00000152288623163631","0,00000126644038610014","0,00000166803509763956","0,00000035730468230369","0,00000060961943476335"
"-0,33762085269651526100","0,00000032072474054141","0,00000060704000838047","0,00000011393769378484","0,00000001538639165332","0,00000001190213553072","0,00000092455337582791","0,00000023977670871582","0,00000000106999293982","0,00000079974771204513","0,00000011839944091805","0,00000106139808404443","0,00000132163869453263","0,00000087273721650455","0,00000002378312869814","0,00000001296738921711","0,00000152249325690783","0,00000125849039906734","0,00000166057048160498","0,00000035553142707810","0,00000060601881758409"
"-0,33561693005920062400","0,00000031919461622651","0,00000060349670417851","0,00000011330777587717","0,00000001537335697634","0,00000001187348007749","0,00000091964759556269","0,00000023875684453843","0,00000000111512471615","0,00000079586100320785","0,00000011857345079381","0,00000105688813095998","0,00000131602028565096","0,00000086901688218752","0,00000002375828210625","0,00000001296944730381","0,00000152206198741215","0,00000125054348442632","0,00000165306898695856","0,00000035375511986805","0,00000060240760474641"
"-0,33361300742188598800","0,00000031766496982705","0,00000059994682792342","0,00000011267831316796","0,00000001536445453956","0,00000001185093187391","0,00000091473404418660","0,00000023773229061708","0,00000000116400234884","0,00000079198085868984","0,00000011872105092877","0,00000105229039680282","0,00000131038606437023","0,00000086527709776316","0,00000002373540064024","0,00000001297385095189","0,00000152159242314927","0,00000124259964217706","0,00000164553061370030","0,00000035197576067354","0,00000059878579625029"
"-0,33160908478457135100","0,00000031613580134302","0,00000059639037961519","0,00000011204930565721","0,00000001535968434297","0,00000001183449091999","0,00000090981272169964","0,00000023670304695180","0,00000000121662583789","0,00000078810727849109","0,00000011884224132292","0,00000104760488157296","0,00000130473603069045","0,00000086151786323148","0,00000002371448430011","0,00000001298060016135","0,00000152108456411920","0,00000123465887231957","0,00000163795536183021","0,00000035019334949456","0,00000059515339209574"
"-0,32960516214725671400","0,00000031460711077443","0,00000059282735925382","0,00000011142075334493","0,00000001535904638658","0,00000001182415721572","0,00000090488362810182","0,00000023566911354257","0,00000000127299518330","0,00000078424026261160","0,00000011893702197626","0,00000104283158527039","0,00000129907018461162","0,00000085773917859246","0,00000002369553308585","0,00000001298969493219","0,00000152053841032192","0,00000122672117485385","0,00000163034323134828","0,00000034840788633112","0,00000059151039228276"
"-0,32760123950994207700","0,00000031307889812127","0,00000058925776683932","0,00000011079265623111","0,00000001536254067038","0,00000001181993076111","0,00000089994676339314","0,00000023463049038939","0,00000000133311038507","0,00000078037981105138","0,00000011900539288879","0,00000103797050789512","0,00000129338852613374","0,00000085394104384613","0,00000002367854699747","0,00000001300113526440","0,00000151995396175745","0,00000121878654977990","0,00000162269422225452","0,00000034661937118323","0,00000058785679681135"
"-0,32559731687262749600","0,00000031155116338355","0,00000058568160237168","0,00000011016501431575","0,00000001537016719438","0,00000001182181155616","0,00000089500212757360","0,00000023358717749226","0,00000000139697144320","0,00000077652592381043","0,00000011904735406052","0,00000103302164944714","0,00000128769105525681","0,00000085012345899246","0,00000002366352603497","0,00000001301492115799","0,00000151933121842578","0,00000121085499709772","0,00000161500833454892","0,00000034482780405086","0,00000058419260568151"
"-0,32359339423531285900","0,00000031002390656127","0,00000058209886585091","0,00000010953782759885","0,00000001538192595857","0,00000001182979960086","0,00000089004972064319","0,00000023253917485120","0,00000000146457835769","0,00000077267860088874","0,00000011906290549144","0,00000102798500992646","0,00000128197777198083","0,00000084628642403147","0,00000002365047019834","0,00000001303105261295","0,00000151867018032691","0,00000120292651680731","0,00000160728556823149","0,00000034303318493404","0,00000058051781889324"
"-0,32158947159799822200","0,00000030849712765443","0,00000057850955727700","0,00000010891109608041","0,00000001539781696296","0,00000001184389489522","0,00000088508954260192","0,00000023148648246618","0,00000000153593112854","0,00000076883784228631","0,00000011905204718155","0,00000102286058933307","0,00000127624867630579","0,00000084242993896315","0,00000002363937948759","0,00000001304952962929","0,00000151797084746085","0,00000119500110890867","0,00000159952592330223","0,00000034123551383276","0,00000057683243644653"
"-0,31958554896068358500","0,00000030697082666302","0,00000057491367664995","0,00000010828481976044","0,00000001541784020755","0,00000001186409743923","0,00000088012159344978","0,00000023042910033722","0,00000000161102975575","0,00000076500364800315","0,00000011901477913085","0,00000101764838766698","0,00000127050376823171","0,00000083855400378750","0,00000002363025390272","0,00000001307035220701","0,00000151723321982759","0,00000118707877340179","0,00000159172939976113","0,00000033943479074701","0,00000057313645834140"
"-0,31758162632336894800","0,00000030544500358705","0,00000057131122396977","0,00000010765899863892","0,00000001544199569233","0,00000001189040723290","0,00000087514587318678","0,00000022936702846432","0,00000000168987423932","0,00000076117601803925","0,00000011895110133935","0,00000101234840492818","0,00000126474304775857","0,00000083465861850453","0,00000002362309344373","0,00000001309352034611","0,00000151645729742713","0,00000117915951028669","0,00000158389599760819","0,00000033763101567680","0,00000056942988457783"
"-0,31557770368605431200","0,00000030391965842651","0,00000056770219923645","0,00000010703363271587","0,00000001547028341731","0,00000001192282427623","0,00000087016238181292","0,00000022830026684747","0,00000000177246457925","0,00000075735495239462","0,00000011886101380704","0,00000100696064111668","0,00000125896651488638","0,00000083074378311423","0,00000002361789811061","0,00000001311903404658","0,00000151564308025947","0,00000117124331956335","0,00000157602571684342","0,00000033582418862213","0,00000056571271515584"
"-0,31357378104873967500","0,00000030239479118141","0,00000056408660244999","0,00000010640872199129","0,00000001550270338248","0,00000001196134856921","0,00000086517111932819","0,00000022722881548667","0,00000000185880077554","0,00000075354045106925","0,00000011874451653392","0,00000100148509623247","0,00000125317416961514","0,00000082680949761660","0,00000002361466790336","0,00000001314689330843","0,00000151479056832461","0,00000116333020123178","0,00000156811855746681","0,00000033401430958300","0,00000056198495007541"
"-0,31156985841142503800","0,00000030087040185175","0,00000056046443361039","0,00000010578426646516","0,00000001553925558785","0,00000001200598011185","0,00000086017208573260","0,00000022615267438193","0,00000000194888282819","0,00000074973251406314","0,00000011860160952000","0,00000099592177027556","0,00000124736601194485","0,00000082285576201165","0,00000002361340282200","0,00000001317709813166","0,00000151389976162256","0,00000115542015529198","0,00000156017451947837","0,00000033220137855941","0,00000055824658933655"
"-0,30956593577411045700","0,00000029934649043753","0,00000055683569271766","0,00000010516026613750","0,00000001557994003341","0,00000001205671890414","0,00000085516528102614","0,00000022507184353325","0,00000000204271073720","0,00000074593114137630","0,00000011843229276527","0,00000099027066324595","0,00000124154204187550","0,00000081888257629937","0,00000002361410286651","0,00000001320964851626","0,00000151297066015330","0,00000114751318174395","0,00000155219360287809","0,00000033038539555136","0,00000055449763293926"
"-0,30756201313679582000","0,00000029782305693874","0,00000055320037977180","0,00000010453672100829","0,00000001562475671917","0,00000001211356494610","0,00000085015070520882","0,00000022398632294062","0,00000000214028450257","0,00000074213633300872","0,00000011823656626973","0,00000098453177514363","0,00000123570225940711","0,00000081488994047976","0,00000002361676803690","0,00000001324454446224","0,00000151200326391686","0,00000113960928058769","0,00000154417580766598","0,00000032856636055884","0,00000055073808088354"
"-0,30555809049948118300","0,00000029630010135538","0,00000054955849477280","0,00000010391363107755","0,00000001567370564513","0,00000001217651823770","0,00000084512835828064","0,00000022289611260404","0,00000000224160412430","0,00000073834808896041","0,00000011801443003339","0,00000097870510596860","0,00000122984666453966","0,00000081087785455283","0,00000002362139833316","0,00000001328178596960","0,00000151099757291321","0,00000113170845182320","0,00000153612113384204","0,00000032674427358186","0,00000054696793316938"
"-0,30355416786216654600","0,00000029477762368747","0,00000054591003772066","0,00000010329099634528","0,00000001572678681128","0,00000001224557877896","0,00000084009824024160","0,00000022180121252352","0,00000000234666960239","0,00000073456640923136","0,00000011776588405624","0,00000097279065572087","0,00000122397525727316","0,00000080684631851857","0,00000002362799375530","0,00000001332137303833","0,00000150995358714236","0,00000112381069545048","0,00000152802958140625","0,00000032491913462042","0,00000054318718979680"
"-0,30155024522485190900","0,00000029325562393499","0,00000054225500861538","0,00000010266881681146","0,00000001578400021763","0,00000001232074656988","0,00000083506035109169","0,00000022070162269905","0,00000000245548093684","0,00000073079129382158","0,00000011749092833828","0,00000096678842440043","0,00000121808803760761","0,00000080279533237698","0,00000002363655430332","0,00000001336330566844","0,00000150887130660432","0,00000111591601146953","0,00000151990115035864","0,00000032309094367452","0,00000053939585076578"
"-0,29954632258753727300","0,00000029173177794961","0,00000053859904954590","0,00000010204645890230","0,00000001584183358934","0,00000001239675730201","0,00000083001722727409","0,00000021959668683638","0,00000000256458753736","0,00000072700869321250","0,00000011721211150936","0,00000096075487724835","0,00000121220125136183","0,00000079873088114458","0,00000002364560969613","0,00000001340539573167","0,00000150778175419041","0,00000110802918609199","0,00000151175199844902","0,00000032126228503421","0,00000053559743899224"
"-0,29754239995022263600","0,00000029020376158298","0,00000053494780260115","0,00000010142328904399","0,00000001589677465159","0,00000001246834666690","0,00000082497140523199","0,00000021848574864123","0,00000000267053881364","0,00000072320455788557","0,00000011695198219931","0,00000095474647950567","0,00000120633114435464","0,00000079465894983787","0,00000002365368965265","0,00000001344545509976","0,00000150671595279198","0,00000110015500552951","0,00000150359828342723","0,00000031943574298954","0,00000053179547739207"
"-0,29553847731290799900","0,00000028867157483511","0,00000053130126778112","0,00000010079930723654","0,00000001594882340438","0,00000001253551466454","0,00000081992288496539","0,00000021736880811362","0,00000000277333476569","0,00000071937888784077","0,00000011671054040815","0,00000094876323117240","0,00000120047771658603","0,00000079057953845685","0,00000002366079417289","0,00000001348348377271","0,00000150567390240901","0,00000109229346978210","0,00000149544000529326","0,00000031761131754052","0,00000052798996596527"
"-0,29353455467559341800","0,00000028713521770599","0,00000052765944508582","0,00000010017451347993","0,00000001599797984771","0,00000001259826129494","0,00000081487166647427","0,00000021624586525354","0,00000000287297539350","0,00000071553168307813","0,00000011648778613588","0,00000094280513224853","0,00000119464096805602","0,00000078649264700152","0,00000002366692325683","0,00000001351948175052","0,00000150465560304152","0,00000108444457884975","0,00000148727716404712","0,00000031578900868713","0,00000052418090471184"
"-0,29153063203827878100","0,00000028559469019563","0,00000052402233451524","0,00000009954890777418","0,00000001604424398158","0,00000001265658655811","0,00000080981774975866","0,00000021511692006099","0,00000000296946069708","0,00000071166294359763","0,00000011628371938248","0,00000093687218273407","0,00000118882089876459","0,00000078239827547189","0,00000002367207690448","0,00000001355344903318","0,00000150366105468950","0,00000107660833273247","0,00000147910975968881","0,00000031396881642940","0,00000052036829363178"
"-0,28952670940096414400","0,00000028404999230403","0,00000052038993606939","0,00000009892249011928","0,00000001608761580599","0,00000001271049045403","0,00000080476113481853","0,00000021398197253597","0,00000000306279067643","0,00000070777266939927","0,00000011609834014796","0,00000093096438262901","0,00000118301750871175","0,00000077829642386795","0,00000002367625511584","0,00000001358538562071","0,00000150269025735295","0,00000106878473143024","0,00000147093779221833","0,00000031215074076730","0,00000051655213272509"
"-0,28752278676364950700","0,00000028250112403118","0,00000051676224974827","0,00000009829526051523","0,00000001612809532093","0,00000001275997298271","0,00000079970182165390","0,00000021284102267848","0,00000000315296533155","0,00000070386086048306","0,00000011593164843233","0,00000092508173193336","0,00000117723079789750","0,00000077418709218970","0,00000002367945789091","0,00000001361529151310","0,00000150174321103187","0,00000106097377494308","0,00000146276126163567","0,00000031033478170085","0,00000051273242199178"
"-0,28551886412633487000","0,00000028094808537709","0,00000051313927555187","0,00000009766721896203","0,00000001616568252642","0,00000001280503414415","0,00000079463981026476","0,00000021169407048852","0,00000000323998466243","0,00000069992751684899","0,00000011578364423557","0,00000091922423064711","0,00000117146076632183","0,00000077007028043714","0,00000002368168522969","0,00000001364316671034","0,00000150081991572626","0,00000105317546327099","0,00000145458016794084","0,00000030852093923005","0,00000050890916143183"
"-0,28351494148902023300","0,00000027939087634176","0,00000050952101348020","0,00000009703836545969","0,00000001620037742244","0,00000001284567393836","0,00000078957510065112","0,00000021054111596609","0,00000000332384866908","0,00000069597263849706","0,00000011565432755770","0,00000091339187877027","0,00000116570741398476","0,00000076594598861027","0,00000002368293713218","0,00000001366901121245","0,00000149992037143613","0,00000104538979641395","0,00000144639451113384","0,00000030670921335488","0,00000050508235104526"
"-0,28151101885170559700","0,00000027782949692518","0,00000050590746353326","0,00000009640870000819","0,00000001623218000901","0,00000001288189236532","0,00000078450769281297","0,00000020938215911119","0,00000000340455735150","0,00000069199622542728","0,00000011554369839870","0,00000090758467630284","0,00000115997074088627","0,00000076181421670910","0,00000002368321359838","0,00000001369282501942","0,00000149904457816146","0,00000103761677437198","0,00000143820429121466","0,00000030489960407536","0,00000050125199083206"
"-0,27950709621439101500","0,00000027626394712735","0,00000050229862571104","0,00000009577822260755","0,00000001626109028611","0,00000001291368942503","0,00000077943758675032","0,00000020821719992383","0,00000000348211070968","0,00000068799827763965","0,00000011545175675859","0,00000090180262324481","0,00000115425074702637","0,00000075767496473362","0,00000002368251462828","0,00000001371460813124","0,00000149819253590227","0,00000102985639714507","0,00000143000950818331","0,00000030309211139149","0,00000049741808079224"
"-0,27750317357707637800","0,00000027469422694829","0,00000049869450001355","0,00000009514693325776","0,00000001628710825375","0,00000001294106511751","0,00000077436478246316","0,00000020704623840399","0,00000000355650874363","0,00000068397879513415","0,00000011537850263736","0,00000089604571959619","0,00000114854743240506","0,00000075352823268384","0,00000002368084022190","0,00000001373436054793","0,00000149736424465855","0,00000102210866473323","0,00000142181016203979","0,00000030128673530325","0,00000049358062092578"
"-0,27549925093976174200","0,00000027312033638797","0,00000049509508644078","0,00000009451483195882","0,00000001631023391192","0,00000001296401944275","0,00000076928927995149","0,00000020586927455169","0,00000000362775145335","0,00000067993777791081","0,00000011532393603501","0,00000089031396535697","0,00000114286079702234","0,00000074937402055974","0,00000002367819037923","0,00000001375208226947","0,00000149655970443030","0,00000101437357713645","0,00000141360625278410","0,00000029948347581066","0,00000048973961123270"
"-0,27349532830244710500","0,00000027154227544642","0,00000049150038499274","0,00000009388191871073","0,00000001633046726064","0,00000001298255240075","0,00000076421107921532","0,00000020468630836691","0,00000000369583883883","0,00000067587522596961","0,00000011528805695154","0,00000088460736052716","0,00000113719084087821","0,00000074521232836134","0,00000002367456510027","0,00000001376777329587","0,00000149577891521752","0,00000100665113435473","0,00000140539778041623","0,00000029768233291372","0,00000048589505171298"
"-0,27149140566513246800","0,00000026996004412362","0,00000048791039566943","0,00000009324819351350","0,00000001634780829990","0,00000001299666399151","0,00000075913018025464","0,00000020349733984967","0,00000000376077090008","0,00000067179113931055","0,00000011527086538696","0,00000087892590510675","0,00000113153756397266","0,00000074104315608863","0,00000002366996438502","0,00000001378143362714","0,00000149502187702021","0,00000099894133638807","0,00000139718474493619","0,00000029588330661242","0,00000048204694236664"
"-0,26948748302781783100","0,00000026837364241958","0,00000048432511847084","0,00000009261365636711","0,00000001636225702969","0,00000001300635421502","0,00000075404658306945","0,00000020230236899996","0,00000000382254763710","0,00000066768551793363","0,00000011527236134125","0,00000087326959909575","0,00000112590096630571","0,00000073686650374161","0,00000002366438823348","0,00000001379306326326","0,00000149428858983837","0,00000099124418323648","0,00000138896714634398","0,00000029408639690676","0,00000047819528319367"
"-0,26748356039050319400","0,00000026678307033429","0,00000048074455339698","0,00000009197830727158","0,00000001637381345003","0,00000001301162307130","0,00000074896028765976","0,00000020110139581778","0,00000000388116904988","0,00000066355836183886","0,00000011529254481443","0,00000086763844249415","0,00000112028104787734","0,00000073268237132029","0,00000002365783664564","0,00000001380266220425","0,00000149357905367201","0,00000098355967489995","0,00000138074498463960","0,00000029229160379674","0,00000047434007419408"
"-0,26547963775318855800","0,00000026518832786776","0,00000047716870044785","0,00000009134214622690","0,00000001638247756090","0,00000001301247056033","0,00000074387129402557","0,00000019989442030313","0,00000000393663513843","0,00000065940967102624","0,00000011533141580648","0,00000086203243530196","0,00000111467780868756","0,00000072849075882466","0,00000002365030962152","0,00000001381023045009","0,00000149289326852111","0,00000097588781137848","0,00000137251825982304","0,00000029049892728237","0,00000047048131536785"
"-0,26347571511587397600","0,00000026358941501998","0,00000047359755962344","0,00000009070517323307","0,00000001638824936231","0,00000001300889668213","0,00000073877960216686","0,00000019868144245601","0,00000000398894590275","0,00000065523944549576","0,00000011538897431742","0,00000085645157751918","0,00000110909124873637","0,00000072429166625472","0,00000002364180716111","0,00000001381576800079","0,00000149223123438569","0,00000096822859267208","0,00000136428697189431","0,00000028870836736364","0,00000046661900671500"
"-0,26147179247855933900","0,00000026198633179096","0,00000047003113092376","0,00000009006738829009","0,00000001639112885426","0,00000001300090143668","0,00000073368521208365","0,00000019746246227642","0,00000000403810134284","0,00000065104768524742","0,00000011546522034724","0,00000085089586914580","0,00000110352136802376","0,00000072008509361047","0,00000002363232926441","0,00000001381927485635","0,00000149159295126574","0,00000096058201878074","0,00000135605112085341","0,00000028691992404056","0,00000046275314823552"
"-0,25946786984124470300","0,00000026037907818070","0,00000046646941434881","0,00000008942879139796","0,00000001639111603675","0,00000001298848482399","0,00000072858812377594","0,00000019623747976436","0,00000000408410145869","0,00000064683439028123","0,00000011556015389594","0,00000084536531018183","0,00000109796816654975","0,00000071587104089191","0,00000002362187593141","0,00000001382075101678","0,00000149097841916126","0,00000095294808970446","0,00000134781070670033","0,00000028513359731311","0,00000045888373992941"
"-0,25746394720393006600","0,00000025876765418919","0,00000046291240989858","0,00000008878938255669","0,00000001638821090977","0,00000001297164684406","0,00000072348833724372","0,00000019500649491983","0,00000000412694625031","0,00000064259956059718","0,00000011567377496352","0,00000083985990062726","0,00000109243164431432","0,00000071164950809905","0,00000002361044716213","0,00000001382019648206","0,00000149038763807225","0,00000094532680544324","0,00000133956572943508","0,00000028334938718132","0,00000045501078179667"
"-0,25546002456661542900","0,00000025715205981644","0,00000045936011757307","0,00000008814916176627","0,00000001638241347334","0,00000001295038749690","0,00000071838585248699","0,00000019376950774283","0,00000000416663571770","0,00000063834319619528","0,00000011580608354998","0,00000083437964048210","0,00000108691180131748","0,00000070742049523188","0,00000002359804295656","0,00000001381761125220","0,00000148982060799871","0,00000093771816599709","0,00000133131618905766","0,00000028156729364516","0,00000045113427383730"
"-0,25345610192930079200","0,00000025553229506244","0,00000045581253737230","0,00000008750812902669","0,00000001637372372744","0,00000001292470678249","0,00000071328066950576","0,00000019252651823337","0,00000000420316986085","0,00000063406529707552","0,00000011595707965532","0,00000082892452974634","0,00000108140863755923","0,00000070318400229041","0,00000002358466331469","0,00000001381299532720","0,00000148927732894064","0,00000093012217136600","0,00000132306208556807","0,00000027978731670465","0,00000044725421605130"
"-0,25145217929198615500","0,00000025390835992720","0,00000045226966929625","0,00000008686628433798","0,00000001636214167209","0,00000001289460470084","0,00000070817278830002","0,00000019127752639143","0,00000000423654867977","0,00000062976586323791","0,00000011612676327954","0,00000082349456841999","0,00000107592215303957","0,00000069894002927462","0,00000002357030823654","0,00000001380634870706","0,00000148875780089805","0,00000092253882154997","0,00000131480341896630","0,00000027800945635978","0,00000044337060843868"
"-0,24944825665467154600","0,00000025228498498146","0,00000044873899090520","0,00000008622774550729","0,00000001634991791329","0,00000001286416247187","0,00000070307397836162","0,00000019003377605321","0,00000000427147152039","0,00000062548509108101","0,00000011630101275104","0,00000081806477185525","0,00000107045143110231","0,00000069467737537281","0,00000002355584426460","0,00000001379882007964","0,00000148822641674037","0,00000091499156346989","0,00000130656131675612","0,00000027623272393878","0,00000043948649859870"
"-0,24744433401735690900","0,00000025066690079593","0,00000044522797975941","0,00000008559663034183","0,00000001633930305706","0,00000001283746131550","0,00000069799600918243","0,00000018880651105487","0,00000000431263772863","0,00000062126317700341","0,00000011646570639820","0,00000081261015540432","0,00000106499555509128","0,00000069038483977324","0,00000002354213794138","0,00000001379155813280","0,00000148764756933706","0,00000090750384404664","0,00000129835690644128","0,00000027445613076985","0,00000043560493413063"
"-0,24544041138004230000","0,00000024905410737063","0,00000044173663585890","0,00000008497293884159","0,00000001633029710341","0,00000001281450123174","0,00000069293888076244","0,00000018759573139643","0,00000000436004730450","0,00000061710012100510","0,00000011662084422103","0,00000080713071906720","0,00000105955452500648","0,00000068606242247591","0,00000002352918926688","0,00000001378456286654","0,00000148702125868812","0,00000090007566328021","0,00000129019018802177","0,00000027267967685301","0,00000043172591503447"
"-0,24343648874272766400","0,00000024744660470556","0,00000043826495920366","0,00000008435667100658","0,00000001632290005234","0,00000001279528222058","0,00000068790259310165","0,00000018640143707787","0,00000000441370024800","0,00000061299592308608","0,00000011676642621953","0,00000080162646284389","0,00000105412834084791","0,00000068171012348084","0,00000002351699824111","0,00000001377783428085","0,00000148634748479355","0,00000089270702117062","0,00000128206116149761","0,00000027090336218825","0,00000042784944131023"
"-0,24143256610541302700","0,00000024584439280071","0,00000043481294979369","0,00000008374782683678","0,00000001631711190385","0,00000001277980428202","0,00000068288714620007","0,00000018522362809920","0,00000000447359655912","0,00000060895058324635","0,00000011690245239369","0,00000079609738673440","0,00000104871700261556","0,00000067732794278800","0,00000002350556486405","0,00000001377137237575","0,00000148562624765334","0,00000088539791771785","0,00000127396982686879","0,00000026912718677558","0,00000042397551295789"
"-0,23942864346809839000","0,00000024424747165608","0,00000043138060762899","0,00000008314640633221","0,00000001631293265792","0,00000001276806741606","0,00000067789254005768","0,00000018406230446042","0,00000000453973623787","0,00000060496410148592","0,00000011702892274352","0,00000079054349073871","0,00000104332051030944","0,00000067291588039742","0,00000002349488913572","0,00000001376517715122","0,00000148485754726750","0,00000087814835292190","0,00000126591618413531","0,00000026735115061499","0,00000042010412997747"
"-0,23742472083078378100","0,00000024265584127168","0,00000042796793270956","0,00000008255240949286","0,00000001631036231458","0,00000001276007162271","0,00000067291877467449","0,00000018291746616152","0,00000000461211928425","0,00000060103647780478","0,00000011714583726902","0,00000078496477485683","0,00000103793886392954","0,00000066847393630908","0,00000002348497105610","0,00000001375924860727","0,00000148404138363603","0,00000087095832678279","0,00000125790023329716","0,00000026557525370647","0,00000041623529236896"
"-0,23542079819346914400","0,00000024106950164751","0,00000042457492503540","0,00000008196583631874","0,00000001630940087381","0,00000001275581690196","0,00000066796585005051","0,00000018178911320252","0,00000000469074569825","0,00000059716771220293","0,00000011725319597018","0,00000077936123908877","0,00000103257206347588","0,00000066400211052299","0,00000002347581062521","0,00000001375358674391","0,00000148317775675892","0,00000086382783930050","0,00000124992197435436","0,00000026379949605004","0,00000041236900013236"
"-0,23341687555615450700","0,00000023948845278356","0,00000042120158460651","0,00000008138668680983","0,00000001631004833562","0,00000001275530325381","0,00000066303376618572","0,00000018067724558341","0,00000000477561547988","0,00000059335780468038","0,00000011735099884701","0,00000077373288343452","0,00000102722010894844","0,00000065950040303914","0,00000002346740784304","0,00000001374819156112","0,00000148226666663619","0,00000085675689047505","0,00000124198140730690","0,00000026202387764570","0,00000040850525326768"
"-0,23141295291883987000","0,00000023791269467983","0,00000041784791142289","0,00000008081496096615","0,00000001631230470000","0,00000001275853067826","0,00000065812252308014","0,00000017958186330418","0,00000000486672862914","0,00000058960675523712","0,00000011743924589951","0,00000076807970789408","0,00000102188300034722","0,00000065496881385754","0,00000002345976270959","0,00000001374306305891","0,00000148130811326782","0,00000084974548030642","0,00000123407853215478","0,00000026024839849343","0,00000040464405177490"
"-0,22940903028152526100","0,00000023634222733633","0,00000041451390548454","0,00000008025065878769","0,00000001631616996696","0,00000001276549917532","0,00000065323212073376","0,00000017850296636484","0,00000000496408514602","0,00000058591456387315","0,00000011751793712767","0,00000076240171246745","0,00000101656073767223","0,00000065040734297819","0,00000002345287522486","0,00000001373820123728","0,00000148030209665382","0,00000084279360879461","0,00000122621334889799","0,00000025847305859325","0,00000040078539565404"
"-0,22740510764421062400","0,00000023477705075305","0,00000041119956679146","0,00000007969378027446","0,00000001632164413649","0,00000001277620874498","0,00000064836255914658","0,00000017744055476539","0,00000000506768503053","0,00000058228123058847","0,00000011758707253150","0,00000075669889715463","0,00000101125332092347","0,00000064581599040108","0,00000002344674538885","0,00000001373360609622","0,00000147924861679418","0,00000083590127593964","0,00000121838585753655","0,00000025669785794515","0,00000039692928490509"
"-0,22540118500689598800","0,00000023321716493000","0,00000040790489534365","0,00000007914432542644","0,00000001632872720860","0,00000001279065938724","0,00000064351383831860","0,00000017639462850584","0,00000000517752828266","0,00000057870675538309","0,00000011764665211100","0,00000075097126195562","0,00000100596075010094","0,00000064119475612622","0,00000002344137320156","0,00000001372927763575","0,00000147814767368891","0,00000082906848174149","0,00000121059605807045","0,00000025492279654913","0,00000039307571952805"
"-0,22339726236958137900","0,00000023166256986718","0,00000040462989114111","0,00000007860229424365","0,00000001633741918329","0,00000001280885110211","0,00000063868595824982","0,00000017536518758616","0,00000000529361490243","0,00000057519113825700","0,00000011769667586616","0,00000074521880687043","0,00000100068302520463","0,00000063654364015360","0,00000002343675866299","0,00000001372521585586","0,00000147699926733801","0,00000082229522620017","0,00000120284395049969","0,00000025314787440520","0,00000038922469952293"
"-0,22139333973226674200","0,00000023011326556457","0,00000040137455418384","0,00000007806768672608","0,00000001634772006055","0,00000001283078388958","0,00000063387891894024","0,00000017435223200638","0,00000000541594488982","0,00000057173437921020","0,00000011773714379699","0,00000073944153189904","0,00000099542014623455","0,00000063186264248324","0,00000002343290177315","0,00000001372142075654","0,00000147580339774148","0,00000081558150931568","0,00000119512953482427","0,00000025137309151334","0,00000038537622488971"
"-0,21938941709495210500","0,00000022856925202220","0,00000039813888447184","0,00000007754050287373","0,00000001635962984039","0,00000001285645774965","0,00000062909272038987","0,00000017335576176649","0,00000000554451824483","0,00000056833647824270","0,00000011776805590349","0,00000073363943704147","0,00000099017211319070","0,00000062715176311511","0,00000002342980253202","0,00000001371789233780","0,00000147456006489932","0,00000080892733108801","0,00000118745281104419","0,00000024959844787357","0,00000038153029562841"
"-0,21738549445763746800","0,00000022703052924005","0,00000039492288200511","0,00000007702074268661","0,00000001637314852280","0,00000001288587268232","0,00000062432736259869","0,00000017237577686649","0,00000000567933496748","0,00000056499743535449","0,00000011778941218565","0,00000072781252229770","0,00000098493892607307","0,00000062241100204924","0,00000002342746093962","0,00000001371463059965","0,00000147326926881152","0,00000080233269151718","0,00000117981377915945","0,00000024782394348588","0,00000037768691173902"
"-0,21538157182032285900","0,00000022549709721812","0,00000039172654678365","0,00000007650840616470","0,00000001638827610779","0,00000001291902868760","0,00000061958284556672","0,00000017141227730637","0,00000000582039505775","0,00000056171725054557","0,00000011780121264348","0,00000072196078766775","0,00000097972058488167","0,00000061764035928561","0,00000002342587699593","0,00000001371163554207","0,00000147193100947809","0,00000079579759060317","0,00000117221243917004","0,00000024604957835027","0,00000037384607322154"
"-0,21337764918300822200","0,00000022396895595642","0,00000038854987880746","0,00000007600349330802","0,00000001640501259536","0,00000001295592576547","0,00000061485916929394","0,00000017046526308614","0,00000000596769851564","0,00000055849592381594","0,00000011780345727697","0,00000071608423315161","0,00000097451708961649","0,00000061283983482422","0,00000002342505070097","0,00000001370890716507","0,00000147054528689903","0,00000078932202834599","0,00000116464879107598","0,00000024427535246675","0,00000037000778007598"
"-0,21137372654569358500","0,00000022244610545494","0,00000038539287807654","0,00000007550600411656","0,00000001642335798550","0,00000001299656391596","0,00000061015633378037","0,00000016953473420581","0,00000000612124534116","0,00000055533345516561","0,00000011779614608614","0,00000071018285874928","0,00000096932844027755","0,00000060800942866508","0,00000002342498205473","0,00000001370644546865","0,00000146911210107433","0,00000078290600474564","0,00000115712283487726","0,00000024250126583531","0,00000036617203230232"
"-0,20936980390837894900","0,00000022092854571369","0,00000038225554459089","0,00000007501593859033","0,00000001644331227821","0,00000001304094313904","0,00000060547433902600","0,00000016862069066536","0,00000000628103553431","0,00000055222984459456","0,00000011777927907096","0,00000070425666446077","0,00000096415463686483","0,00000060314914080819","0,00000002342567105720","0,00000001370425045281","0,00000146763145200400","0,00000077654951980211","0,00000114963457057388","0,00000024072731845595","0,00000036233882990058"
"-0,20736588127106434000","0,00000021941627673266","0,00000037913787835052","0,00000007453329672931","0,00000001646487547351","0,00000001308906343473","0,00000060081318503083","0,00000016772313246480","0,00000000644706909509","0,00000054918509210281","0,00000011775285623146","0,00000069830565028606","0,00000095899567937833","0,00000059825897125354","0,00000002342711770840","0,00000001370232211754","0,00000146610333968804","0,00000077025257351542","0,00000114218399816584","0,00000023895351032867","0,00000035850817287075"
"-0,20536195863374970300","0,00000021790929851186","0,00000037603987935541","0,00000007405807853352","0,00000001648804757137","0,00000001314092480302","0,00000059617287179486","0,00000016684205960413","0,00000000661934602349","0,00000054619919769036","0,00000011771687756762","0,00000069232981622516","0,00000095385156781806","0,00000059333892000114","0,00000002342932200832","0,00000001370066046286","0,00000146452776412645","0,00000076401516588555","0,00000113477111765314","0,00000023717984145347","0,00000035468006121283"
"-0,20335803599643506600","0,00000021640761105128","0,00000037296154760557","0,00000007359028400295","0,00000001651282857182","0,00000001319652724391","0,00000059155339931809","0,00000016597747208335","0,00000000679786631952","0,00000054327216135720","0,00000011767134307945","0,00000068632916227808","0,00000094872230218402","0,00000058838898705099","0,00000002343228395696","0,00000001369926548875","0,00000146290472531922","0,00000075783729691250","0,00000112739592903578","0,00000023540631183036","0,00000035085449492683"
"-0,20135411335912042900","0,00000021491121435092","0,00000036990288310100","0,00000007312991313760","0,00000001653921847484","0,00000001325587075740","0,00000058695476760053","0,00000016512936990245","0,00000000698262998318","0,00000054040398310333","0,00000011761625276695","0,00000068030368844481","0,00000094360788247621","0,00000058340917240308","0,00000002343600355433","0,00000001369813719523","0,00000146123422326637","0,00000075171896659629","0,00000112005843231376","0,00000023363292145933","0,00000034703147401273"
"-0,19935019072180582000","0,00000021342423306455","0,00000036688644419208","0,00000007267962920867","0,00000001656622539046","0,00000001331492390050","0,00000058239549594679","0,00000016428994410642","0,00000000716637008610","0,00000053755666186148","0,00000011756387118446","0,00000067431743098713","0,00000093853118573796","0,00000057843032513138","0,00000002344034428095","0,00000001369710259336","0,00000145954978455393","0,00000074567895374282","0,00000111281166665141","0,00000023185992688111","0,00000034324403159052"
"-0,19734626808449118300","0,00000021195079184590","0,00000036393478922916","0,00000007224209548735","0,00000001659285742871","0,00000001336965523019","0,00000057789410366150","0,00000016345138574024","0,00000000734181969991","0,00000053469219656438","0,00000011752646288634","0,00000066843442616684","0,00000093351508901260","0,00000057348329430983","0,00000002344516961736","0,00000001369598869426","0,00000145788493576799","0,00000073973603715799","0,00000110570867121305","0,00000023008758463643","0,00000033952520078014"
"-0,19534234544717654600","0,00000021049089069499","0,00000036104791821226","0,00000007181731197364","0,00000001661911458958","0,00000001342006474648","0,00000057345059074467","0,00000016261369480390","0,00000000750897882462","0,00000053181058721204","0,00000011750402787258","0,00000066265467398393","0,00000092855959230013","0,00000056856807993843","0,00000002345047956356","0,00000001369479549790","0,00000145623967690852","0,00000073389021684182","0,00000109874944599868","0,00000022831589472530","0,00000033587498158161"
"-0,19333842280986191000","0,00000020904452961181","0,00000035822583114136","0,00000007140527866754","0,00000001664499687308","0,00000001346615244937","0,00000056906495719630","0,00000016177687129740","0,00000000766784746022","0,00000052891183380444","0,00000011749656614319","0,00000065697817443840","0,00000092366469560056","0,00000056368468201719","0,00000002345627411956","0,00000001369352300429","0,00000145461400797554","0,00000072814149279430","0,00000109193399100831","0,00000022654485714770","0,00000033229337399492"
"-0,19133450017254730000","0,00000020761170859636","0,00000035546852801648","0,00000007100599556905","0,00000001667050427921","0,00000001350791833886","0,00000056473720301638","0,00000016094091522075","0,00000000781842560672","0,00000052599593634160","0,00000011750407769817","0,00000065140492753026","0,00000091883039891388","0,00000055883310054611","0,00000002346255328536","0,00000001369217121344","0,00000145300792896905","0,00000072248986501542","0,00000108526230624194","0,00000022477447190365","0,00000032878037802007"
"-0,18933057753523266400","0,00000020619242764863","0,00000035277600883762","0,00000007061946267817","0,00000001669563680797","0,00000001354536241495","0,00000056046732820492","0,00000016010582657394","0,00000000796071326412","0,00000052306289482351","0,00000011752656253752","0,00000064593493325950","0,00000091405670224010","0,00000055401333552518","0,00000002346931706094","0,00000001369074012534","0,00000145142143988904","0,00000071693533350520","0,00000107873439169956","0,00000022300473899314","0,00000032533599365706"
"-0,18732665489791802700","0,00000020478668676864","0,00000035014827360476","0,00000007024567999490","0,00000001672039445935","0,00000001357848467763","0,00000055625533276191","0,00000015927160535697","0,00000000809471043241","0,00000052011270925017","0,00000011756402066123","0,00000064056819162612","0,00000090934360557921","0,00000054922538695441","0,00000002347656544632","0,00000001368922973999","0,00000144985454073551","0,00000071147789826363","0,00000107235024738117","0,00000022123565841617","0,00000032196022090590"
"-0,18532273226060341800","0,00000020339448595638","0,00000034758532231791","0,00000006988464751924","0,00000001674477723336","0,00000001360728512691","0,00000055210121668735","0,00000015843825156984","0,00000000822041711160","0,00000051714537962159","0,00000011761645206931","0,00000063530470263012","0,00000090469110893122","0,00000054446925483379","0,00000002348429844149","0,00000001368764005739","0,00000144830723150847","0,00000070611755929071","0,00000106610987328678","0,00000021946723017274","0,00000031865305976657"
"-0,18331880962328878100","0,00000020201582521186","0,00000034508715497708","0,00000006953636525119","0,00000001676878513000","0,00000001363176376280","0,00000054800497998126","0,00000015760576521256","0,00000000833783330169","0,00000051416090593775","0,00000011768385676175","0,00000063014446627151","0,00000090009921229611","0,00000053974493916333","0,00000002349251604646","0,00000001368597107754","0,00000144677951220791","0,00000070085431658643","0,00000106001326941638","0,00000021769945426286","0,00000031541451023909"
"-0,18131488698597414400","0,00000020065070453506","0,00000034265377158226","0,00000006920083319075","0,00000001679241814926","0,00000001365192058528","0,00000054396662264361","0,00000015677414628513","0,00000000844695900267","0,00000051115928819867","0,00000011776623473857","0,00000062508748255028","0,00000089556791567391","0,00000053505243994302","0,00000002350121826122","0,00000001368422280045","0,00000144527138283384","0,00000069568817015081","0,00000105406043576998","0,00000021593233068652","0,00000031224457232345"
"-0,17931096434865950700","0,00000019929912392599","0,00000034028517213345","0,00000006887805133792","0,00000001681567629115","0,00000001366775559435","0,00000053998614467442","0,00000015594339478753","0,00000000854779421455","0,00000050814052640434","0,00000011786358599974","0,00000062013375146643","0,00000089109721906459","0,00000053039175717287","0,00000002351040508577","0,00000001368239522611","0,00000144378284338625","0,00000069061911998384","0,00000104825137234757","0,00000021416585944371","0,00000030914324601966"
"-0,17730704171134489800","0,00000019796108338465","0,00000033798135663065","0,00000006856801969269","0,00000001683855955566","0,00000001367926879003","0,00000053606354607369","0,00000015511351071978","0,00000000864033893732","0,00000050510462055476","0,00000011797591054529","0,00000061528327301997","0,00000088668712246817","0,00000052576289085287","0,00000002352007652012","0,00000001368048835452","0,00000144231389386515","0,00000068564716608552","0,00000104258607914916","0,00000021240004053445","0,00000030611053132770"
"-0,17530311907403026100","0,00000019663658291105","0,00000033574232507386","0,00000006827073825508","0,00000001686106794281","0,00000001368646017231","0,00000053219882684141","0,00000015428449408187","0,00000000872459317099","0,00000050205157064993","0,00000011810320837520","0,00000061053604721088","0,00000088233762588465","0,00000052116584098303","0,00000002353023256426","0,00000001367850218568","0,00000144086453427053","0,00000068077230845585","0,00000103706455617474","0,00000021063487395873","0,00000030314642824759"
"-0,17329919643671562500","0,00000019532562250517","0,00000033356807746308","0,00000006798620702508","0,00000001688320145258","0,00000001368932974118","0,00000052839198697759","0,00000015345634487381","0,00000000880055691555","0,00000049898137668985","0,00000011824547948948","0,00000060589207403919","0,00000087804872931402","0,00000051660060756335","0,00000002354087321819","0,00000001367643671959","0,00000143943476460239","0,00000067599454709483","0,00000103168680342432","0,00000020887035971656","0,00000030025093677932"
"-0,17129527379940098800","0,00000019402820216703","0,00000033145861379832","0,00000006771442600269","0,00000001690496008497","0,00000001368787749665","0,00000052464302648222","0,00000015262906309559","0,00000000886823017102","0,00000049589403867453","0,00000011840272388812","0,00000060135135350487","0,00000087382043275628","0,00000051206719059382","0,00000002355199848192","0,00000001367429195626","0,00000143802458486074","0,00000067131388200247","0,00000102645282089789","0,00000020710649780792","0,00000029742405692289"
"-0,16929135116208637900","0,00000019274432189662","0,00000032941393407957","0,00000006745539518791","0,00000001692634384000","0,00000001368210343872","0,00000052095194535531","0,00000015180264874721","0,00000000892761293737","0,00000049278955660395","0,00000011857494157114","0,00000059691388560794","0,00000086965273621144","0,00000050756559007445","0,00000002356360835544","0,00000001367206789568","0,00000143663399504558","0,00000066673031317875","0,00000102136260859545","0,00000020534328823283","0,00000029466578867831"
"-0,16728742852477174200","0,00000019147398169394","0,00000032743403830682","0,00000006720911458074","0,00000001694735271765","0,00000001367200756739","0,00000051731874359685","0,00000015097710182867","0,00000000897870521463","0,00000048966793047813","0,00000011876213253851","0,00000059257967034839","0,00000086554563967949","0,00000050309580600523","0,00000002357570283875","0,00000001366976453785","0,00000143526299515690","0,00000066224384062368","0,00000101641616651701","0,00000020358073099128","0,00000029197613204556"
"-0,16528350588745710500","0,00000019021718155898","0,00000032551892648010","0,00000006697558418118","0,00000001696798671793","0,00000001365758988266","0,00000051374342120684","0,00000015015242233998","0,00000000902150700277","0,00000048652916029706","0,00000011896429679026","0,00000058834870772622","0,00000086149914316043","0,00000049865783838617","0,00000002358828193186","0,00000001366738188277","0,00000143391158519470","0,00000065785446433726","0,00000101161349466256","0,00000020181882608327","0,00000028935508702466"
"-0,16327958325014246800","0,00000018897392149176","0,00000032366859859938","0,00000006675480398923","0,00000001698824584083","0,00000001363885038452","0,00000051022597818530","0,00000014932861028113","0,00000000905601830182","0,00000048337324606074","0,00000011918143432637","0,00000058422099774144","0,00000085751324665427","0,00000049425168721726","0,00000002360134563476","0,00000001366491993044","0,00000143257976515899","0,00000065356218431950","0,00000100695459303211","0,00000020005757350880","0,00000028680265361560"
"-0,16127566061282785900","0,00000018774420149227","0,00000032188305466467","0,00000006654677400489","0,00000001700813008636","0,00000001361578907298","0,00000050676641453220","0,00000014850566565213","0,00000000908223911176","0,00000048020018776918","0,00000011941354514685","0,00000058019654039403","0,00000085358795016100","0,00000048987735249851","0,00000002361489394745","0,00000001366237868086","0,00000143126753504976","0,00000064936700057038","0,00000100243946162565","0,00000019829697326787","0,00000028431883181838"
"-0,15927173797551322200","0,00000018652802156052","0,00000032016229467598","0,00000006635149422816","0,00000001702763945452","0,00000001358840594805","0,00000050336473024756","0,00000014768358845296","0,00000000910016943260","0,00000047700998542236","0,00000011966062925169","0,00000057627533568401","0,00000084972325368063","0,00000048553483422992","0,00000002362892686994","0,00000001365975813404","0,00000142997489486701","0,00000064526891308991","0,00000099806810044319","0,00000019653702536049","0,00000028190362163301"
"-0,15726781533819858500","0,00000018532538169649","0,00000031850631863329","0,00000006616896465904","0,00000001704677394530","0,00000001355670100971","0,00000050002092533138","0,00000014686237868365","0,00000000910980926433","0,00000047380263902030","0,00000011992268664090","0,00000057245738361138","0,00000084591915721315","0,00000048122413241148","0,00000002364344440222","0,00000001365705828997","0,00000142870184461076","0,00000064126792187810","0,00000099384050948472","0,00000019477772978664","0,00000027955702305948"
"-0,15526389270088394900","0,00000018413628190019","0,00000031691512653662","0,00000006599918529752","0,00000001706553355872","0,00000001352067425797","0,00000049673499978365","0,00000014604203634417","0,00000000911115860696","0,00000047057814856299","0,00000012019971731448","0,00000056874268417613","0,00000084217566075857","0,00000047694524704319","0,00000002365844654429","0,00000001365427914865","0,00000142744838428098","0,00000063736402693493","0,00000098975668875025","0,00000019301908654634","0,00000027727903609778"
"-0,15325997006356934000","0,00000018296072217163","0,00000031538871838596","0,00000006584215614362","0,00000001708391829476","0,00000001348032569282","0,00000049350695360438","0,00000014522256143454","0,00000000910421746048","0,00000046733651405043","0,00000012049172127243","0,00000056513123737826","0,00000083849276431688","0,00000047269817812507","0,00000002367393329616","0,00000001365142071008","0,00000142621451387769","0,00000063355722826042","0,00000098581663823977","0,00000019126109563958","0,00000027506966074793"
"-0,15125604742625470300","0,00000018179870251079","0,00000031392709418131","0,00000006569787719733","0,00000001710192815342","0,00000001343565531428","0,00000049033678679356","0,00000014440395395475","0,00000000908898582490","0,00000046407773548262","0,00000012079869851474","0,00000056162304321777","0,00000083487046788808","0,00000046848292565709","0,00000002368990465782","0,00000001364848297427","0,00000142500023340088","0,00000062984752585455","0,00000098202035795328","0,00000018950375706636","0,00000027292889700993"
"-0,14925212478894006600","0,00000018066424964823","0,00000031252265655286","0,00000006556909526086","0,00000001711932852212","0,00000001338990909740","0,00000048723976946251","0,00000014360606824153","0,00000000907208695679","0,00000046086377058774","0,00000012110815693327","0,00000055822115886998","0,00000083130131810742","0,00000046431726654504","0,00000002370592752030","0,00000001364562096547","0,00000142378910788149","0,00000062627562837535","0,00000097840956115219","0,00000018775567913700","0,00000027086603950155"
"-0,14724820215162545700","0,00000017957139031447","0,00000031116780813077","0,00000006545855713642","0,00000001713588478826","0,00000001334633301725","0,00000048423117172254","0,00000014284875863162","0,00000000906014411270","0,00000045775657709398","0,00000012140760441987","0,00000055492864151020","0,00000082777786161013","0,00000046021897769466","0,00000002372156877465","0,00000001364298970797","0,00000142256470235044","0,00000062288224448082","0,00000097502596109788","0,00000018602547016182","0,00000026889038284059"
"-0,14524427951431082000","0,00000017852012450953","0,00000030986254891507","0,00000006536626282402","0,00000001715159695185","0,00000001330492707384","0,00000048131099357365","0,00000014213202512501","0,00000000905315729263","0,00000045475615500131","0,00000012169704097454","0,00000055174549113844","0,00000082430009839623","0,00000045618805910596","0,00000002373682842086","0,00000001364058920177","0,00000142132701680773","0,00000061966737417096","0,00000097186955779035","0,00000018431313014081","0,00000026700192702704"
"-0,14324035687699618300","0,00000017751045223340","0,00000030860687890573","0,00000006529221232364","0,00000001716646501287","0,00000001326569126716","0,00000047847923501584","0,00000014145586772170","0,00000000905112649659","0,00000045186250430976","0,00000012197646659728","0,00000054867170775470","0,00000082086802846570","0,00000045222451077894","0,00000002375170645894","0,00000001363841944685","0,00000142007605125337","0,00000061663101744578","0,00000096894035122960","0,00000018261865907398","0,00000026520067206091"
"-0,14123643423968154600","0,00000017654237348607","0,00000030740079810277","0,00000006523640563530","0,00000001718048897134","0,00000001322862559722","0,00000047573589604912","0,00000014082028642169","0,00000000905405172458","0,00000044907562501932","0,00000012224588128809","0,00000054570729135896","0,00000081748165181855","0,00000044832833271360","0,00000002376620288887","0,00000001363648044323","0,00000141881180568734","0,00000061377317430526","0,00000096623834141564","0,00000018094205696132","0,00000026348661794219"
"-0,13923251160236693700","0,00000017561588826756","0,00000030624430650618","0,00000006519884275898","0,00000001719366882726","0,00000001319373006400","0,00000047308097667347","0,00000014022528122499","0,00000000906193297660","0,00000044639551712999","0,00000012250528504698","0,00000054285224195125","0,00000081414096845478","0,00000044449952490993","0,00000002378031771067","0,00000001363477219090","0,00000141753428010966","0,00000061109384474943","0,00000096376352834847","0,00000017928332380284","0,00000026185976467089"
"-0,13722858896505230100","0,00000017473099657786","0,00000030513740411596","0,00000006517952369470","0,00000001720600458061","0,00000001316100466753","0,00000047051447688890","0,00000013967085213158","0,00000000907477025264","0,00000044382218064176","0,00000012275467787393","0,00000054010655953154","0,00000081084597837438","0,00000044073808736795","0,00000002379405092433","0,00000001363329468987","0,00000141624347452032","0,00000060859302877826","0,00000096151591202807","0,00000017764245959853","0,00000026032011224700"
"-0,13522466632773766400","0,00000017388769841697","0,00000030408009093212","0,00000006517844844245","0,00000001721749623141","0,00000001313044940778","0,00000046803639669542","0,00000013915699914148","0,00000000909256355271","0,00000044135561555464","0,00000012299405976896","0,00000053747024409985","0,00000080759668157737","0,00000043704402008764","0,00000002380740252985","0,00000001363204794013","0,00000141493938891932","0,00000060627072639177","0,00000095949549245447","0,00000017601946434840","0,00000025886766067053"
"-0,13322074369042302700","0,00000017308599378490","0,00000030307236695465","0,00000006519561700223","0,00000001722814377964","0,00000001310206428477","0,00000046564673609301","0,00000013868372225468","0,00000000911531287680","0,00000043899582186863","0,00000012322343073205","0,00000053494329565618","0,00000080439307806373","0,00000043341732306901","0,00000002382037252723","0,00000001363103194168","0,00000141362202330667","0,00000060412693758995","0,00000095770226962764","0,00000017441433805245","0,00000025750240994148"
"-0,13121682105310841800","0,00000017232588268163","0,00000030211423218355","0,00000006523102937404","0,00000001723794722533","0,00000001307584929849","0,00000046334549508169","0,00000013825102147119","0,00000000914301822492","0,00000043674279958373","0,00000012344279076322","0,00000053252571420052","0,00000080123516783347","0,00000042985799631206","0,00000002383296091647","0,00000001363024669452","0,00000141229137768235","0,00000060216166237280","0,00000095613624354760","0,00000017282708071067","0,00000025622436005984"
"-0,12921289841579378100","0,00000017160736510717","0,00000030120568661882","0,00000006528468555788","0,00000001724690656845","0,00000001305180444894","0,00000046113267366144","0,00000013785889679099","0,00000000917567959707","0,00000043459654869994","0,00000012365213986245","0,00000053021749973287","0,00000079812295088658","0,00000042636603981679","0,00000002384516769758","0,00000001362969219866","0,00000141094745204638","0,00000060037490074032","0,00000095479741421434","0,00000017125769232306","0,00000025503351102561"
"-0,12720897577847914400","0,00000017093044106152","0,00000030034673026047","0,00000006535658555376","0,00000001725502180902","0,00000001302992973613","0,00000045900827183228","0,00000013750734821410","0,00000000921329699324","0,00000043255706921726","0,00000012385147802976","0,00000052801865225323","0,00000079505642722308","0,00000042294145358319","0,00000002385699287054","0,00000001362936845409","0,00000140959024639875","0,00000059876665269252","0,00000095368578162787","0,00000016970617288963","0,00000025392986283881"
"-0,12520505314116450700","0,00000017029511054469","0,00000029953736310850","0,00000006544672936167","0,00000001726229294702","0,00000001301022516005","0,00000045697228959419","0,00000013719637574051","0,00000000925587041344","0,00000043062436113568","0,00000012404080526514","0,00000052592917176161","0,00000079203559684295","0,00000041958423761128","0,00000002386843643537","0,00000001362927546082","0,00000140821976073946","0,00000059733691822939","0,00000095280134578818","0,00000016817252241038","0,00000025291341549941"
"-0,12320113050384988400","0,00000016970137355666","0,00000029877758516289","0,00000006555511698160","0,00000001726871998247","0,00000001299269072070","0,00000045502472694719","0,00000013692597937022","0,00000000930339985767","0,00000042879842445522","0,00000012422012156858","0,00000052394905825801","0,00000078906045974620","0,00000041629439190104","0,00000002387949839206","0,00000001362941321883","0,00000140683599506852","0,00000059608569735094","0,00000095214410669528","0,00000016665674088530","0,00000025198416900743"
"-0,12119720786653526100","0,00000016914923009745","0,00000029806739642366","0,00000006568174841357","0,00000001727430291537","0,00000001297732641809","0,00000045316558389127","0,00000013669615910324","0,00000000935588532593","0,00000042707925917586","0,00000012438942694010","0,00000052207831174242","0,00000078613101593283","0,00000041307191645248","0,00000002389017874062","0,00000001362978172814","0,00000140543894938592","0,00000059501299005715","0,00000095171406434915","0,00000016515882831440","0,00000025114212336287"
"-0,11919328522922063800","0,00000016863868016704","0,00000029740679689080","0,00000006582662365757","0,00000001727904174570","0,00000001296413225221","0,00000045139486042643","0,00000013650691493955","0,00000000941332681821","0,00000042546686529761","0,00000012454872137969","0,00000052031693221484","0,00000078324726540283","0,00000040991681126560","0,00000002390047748103","0,00000001363038098875","0,00000140402862369166","0,00000059411879634804","0,00000095151121874982","0,00000016367878469767","0,00000025038727856573"
"-0,11718936259190600200","0,00000016816972376545","0,00000029679578656432","0,00000006598974271360","0,00000001728293647348","0,00000001295310822307","0,00000044971255655267","0,00000013635824687917","0,00000000947572433451","0,00000042396124282047","0,00000012469800488735","0,00000051866491967528","0,00000078040920815622","0,00000040682907634039","0,00000002391039461331","0,00000001363121100064","0,00000140260501798574","0,00000059340311622360","0,00000095153556989726","0,00000016221661003512","0,00000024971963461600"
"-0,11518543995459137900","0,00000016774236089267","0,00000029623436544421","0,00000006617110558167","0,00000001728598709870","0,00000001294425433065","0,00000044811867226998","0,00000013625015492209","0,00000000954307787485","0,00000042256239174444","0,00000012483727746308","0,00000051712227412373","0,00000077761684419298","0,00000040380871167687","0,00000002391993013744","0,00000001363227176383","0,00000140116813226816","0,00000059286594968384","0,00000095178711779149","0,00000016077230432674","0,00000024913919151368"
"-0,11318151731727674200","0,00000016735659154870","0,00000029572253353047","0,00000006637071226176","0,00000001728819362136","0,00000001293757057497","0,00000044661320757838","0,00000013618263906832","0,00000000961538743921","0,00000042127031206952","0,00000012496653910688","0,00000051568899556020","0,00000077487017351311","0,00000040085571727502","0,00000002392908405344","0,00000001363356327832","0,00000139971796653893","0,00000059250729672875","0,00000095226586243251","0,00000015934586757254","0,00000024864594925878"
"-0,11117759467996211900","0,00000016701241573353","0,00000029526029082310","0,00000006658856275389","0,00000001728955604147","0,00000001293305695603","0,00000044519616247787","0,00000013615569931784","0,00000000969265302759","0,00000042008500379571","0,00000012508578981875","0,00000051436508398467","0,00000077216919611663","0,00000039797009313485","0,00000002393785636131","0,00000001363508554409","0,00000139825452079804","0,00000059232715735833","0,00000095297180382031","0,00000015793729977252","0,00000024823990785129"
"-0,10917367204264748200","0,00000016670983344718","0,00000029484763732211","0,00000006682465705804","0,00000001729007435901","0,00000001293071347382","0,00000044386753696843","0,00000013616933567067","0,00000000977487464001","0,00000041900646692300","0,00000012519502959870","0,00000051315053939717","0,00000076951391200353","0,00000039515183925636","0,00000002394624706103","0,00000001363683856116","0,00000139677779504549","0,00000059232553157258","0,00000095390494195489","0,00000015654660092667","0,00000024792106729123"
"-0,10716974940533285900","0,00000016644884468964","0,00000029448457302749","0,00000006707899517423","0,00000001728974857400","0,00000001293054012834","0,00000044262733105007","0,00000013622354812680","0,00000000986205227645","0,00000041803470145141","0,00000012529425844671","0,00000051204536179768","0,00000076690432117380","0,00000039240095563955","0,00000002395425615261","0,00000001363882232952","0,00000139528778928128","0,00000059250241937151","0,00000095506527683625","0,00000015517377103499","0,00000024768942757857"
"-0,10516582676801822200","0,00000016622944946091","0,00000029417109793925","0,00000006735157710245","0,00000001728857868643","0,00000001293253691959","0,00000044147554472279","0,00000013631833668623","0,00000000995418593691","0,00000041716970738092","0,00000012538347636279","0,00000051104955118620","0,00000076434042362745","0,00000038971744228442","0,00000002396188363606","0,00000001364103684918","0,00000139378450350541","0,00000059285782075511","0,00000095645280846440","0,00000015381881009749","0,00000024754498871333"
"-0,10316190413070359900","0,00000016605164776100","0,00000029390721205737","0,00000006764240284270","0,00000001728656469631","0,00000001293670384758","0,00000044041217798659","0,00000013645370134896","0,00000001005127562141","0,00000041641148471154","0,00000012546268334695","0,00000051016310756273","0,00000076182221936447","0,00000038710129919096","0,00000002396912951137","0,00000001364348212013","0,00000139226793771789","0,00000059339173572338","0,00000095806753683934","0,00000015248171811417","0,00000024748775069551"
"-0,10115798149338896300","0,00000016591543958989","0,00000029369291538187","0,00000006795147239498","0,00000001728370660362","0,00000001294304091230","0,00000043943723084148","0,00000013662964211500","0,00000001015332132993","0,00000041576003344327","0,00000012553187939917","0,00000050938603092728","0,00000075934970838488","0,00000038455252635919","0,00000002397599377854","0,00000001364615814237","0,00000139073809191871","0,00000059410416427632","0,00000095990946196106","0,00000015116249508502","0,00000024751771352510"
"-0,09915405885607433970","0,00000016581860504099","0,00000029351998975335","0,00000006827035496142","0,00000001727994539766","0,00000001294900564712","0,00000043855997832764","0,00000013683179685637","0,00000001024815254509","0,00000041514604596124","0,00000012556716277472","0,00000050871847273964","0,00000075691166614467","0,00000038209775081848","0,00000002398086079583","0,00000001364933141582","0,00000138920345505094","0,00000059496406807240","0,00000096194128086718","0,00000014987092245914","0,00000024763780316479"
"-0,09715013621875970290","0,00000016575892420769","0,00000029338021701239","0,00000006859061974414","0,00000001727522206770","0,00000001295205558543","0,00000043778969548530","0,00000013704580344509","0,00000001032359874953","0,00000041450021465060","0,00000012554463172885","0,00000050816058445960","0,00000075449686809985","0,00000037976359959825","0,00000002398211492151","0,00000001365326844040","0,00000138767251605767","0,00000059594040877006","0,00000096412569059534","0,00000014861678168563","0,00000024785094557726"
"-0,09514621358144507990","0,00000016573639708999","0,00000029327359715900","0,00000006891226674314","0,00000001726953661374","0,00000001295219072722","0,00000043712638231444","0,00000013727166188117","0,00000001037965994323","0,00000041382253951134","0,00000012546428626157","0,00000050771236608717","0,00000075210531425041","0,00000037755007269849","0,00000002397975615558","0,00000001365796921611","0,00000138614527493888","0,00000059703318636931","0,00000096646269114553","0,00000014740007276447","0,00000024815714076251"
"-0,09314229094413044310","0,00000016575102368790","0,00000029320013019318","0,00000006923529595842","0,00000001726288903578","0,00000001294941107249","0,00000043657003881507","0,00000013750937216460","0,00000001041633612621","0,00000041311302054346","0,00000012532612637286","0,00000050737381762234","0,00000074973700459637","0,00000037545717011920","0,00000002397378449803","0,00000001366343374294","0,00000138462173169458","0,00000059824240087014","0,00000096895228251776","0,00000014622079569568","0,00000024855638872053"
"-0,09113836830681582010","0,00000016580280400141","0,00000029315981611494","0,00000006955970738999","0,00000001725527933382","0,00000001294371662124","0,00000043612066498719","0,00000013775893429539","0,00000001043362729845","0,00000041237165774696","0,00000012513015206274","0,00000050714493906511","0,00000074739193913771","0,00000037348489186038","0,00000002396419994887","0,00000001366966202091","0,00000138310188632477","0,00000059956805227256","0,00000097159446471202","0,00000014507895047925","0,00000024904868945133"
"-0,08913444566950118330","0,00000016589173803052","0,00000029315265492426","0,00000006988550103783","0,00000001724670750786","0,00000001293510737346","0,00000043577826083079","0,00000013802034827354","0,00000001043153345996","0,00000041159845112184","0,00000012487636333120","0,00000050702573041548","0,00000074507011787444","0,00000037163323792203","0,00000002395100250809","0,00000001367665405000","0,00000138158573882945","0,00000060101014057657","0,00000097438923772832","0,00000014397453711519","0,00000024963404295491"
"-0,08713052303218656040","0,00000016601782577523","0,00000029317864662116","0,00000007021267690196","0,00000001723717355790","0,00000001292358332917","0,00000043554282634588","0,00000013829361409905","0,00000001041005461074","0,00000041079340066810","0,00000012456476017824","0,00000050701619167346","0,00000074277154080657","0,00000036990220830415","0,00000002393419217570","0,00000001368440983023","0,00000138007328920863","0,00000060256866578216","0,00000097733660156664","0,00000014290755560348","0,00000025031244923127"
"-0,08512660039487193740","0,00000016618106723555","0,00000029323779120562","0,00000007054123498236","0,00000001722667748394","0,00000001290914448836","0,00000043541436153246","0,00000013857873177191","0,00000001036919075079","0,00000040995650638574","0,00000012419534260387","0,00000050711632283903","0,00000074049620793408","0,00000036829180300674","0,00000002391376895169","0,00000001369292936158","0,00000137856453746228","0,00000060424362788934","0,00000098043655622700","0,00000014187800594414","0,00000025108390828040"
"-0,08312267775755730060","0,00000016638146241147","0,00000029333008867765","0,00000007087117527905","0,00000001721521928599","0,00000001289179085103","0,00000043539286639053","0,00000013887570129213","0,00000001030894188011","0,00000040908776827477","0,00000012376811060807","0,00000050732612391222","0,00000073824411925698","0,00000036680202202981","0,00000002388973283607","0,00000001370221264406","0,00000137705948359043","0,00000060603502689810","0,00000098368910170940","0,00000014088588813716","0,00000025194842010232"
"-0,08111875512024267770","0,00000016661901130299","0,00000029345553903726","0,00000007120249779202","0,00000001720279896403","0,00000001287152241718","0,00000043547834092008","0,00000013918452265970","0,00000001022930799869","0,00000040818718633518","0,00000012328306419086","0,00000050764559489300","0,00000073601527477526","0,00000036543286537334","0,00000002386208382883","0,00000001371225967766","0,00000137555812759307","0,00000060794286280845","0,00000098709423801383","0,00000013993120218255","0,00000025290598469701"
"-0,07911483248292804080","0,00000016689371391011","0,00000029361414228443","0,00000007153520252127","0,00000001718941651807","0,00000001284833918681","0,00000043567078512112","0,00000013950519587463","0,00000001013028910655","0,00000040725476056697","0,00000012274020335223","0,00000050807473578139","0,00000073380967448894","0,00000036418433303734","0,00000002383082192998","0,00000001372307046240","0,00000137406046947020","0,00000060996713562039","0,00000099065196514029","0,00000013901394808029","0,00000025395660206448"
"-0,07711090984561341790","0,00000016720557023283","0,00000029380589841918","0,00000007186928946680","0,00000001717507194812","0,00000001282224115992","0,00000043597019899365","0,00000013983772093692","0,00000001001188520367","0,00000040629049097014","0,00000012213952809218","0,00000050861354657738","0,00000073162731839801","0,00000036305642502182","0,00000002379594713952","0,00000001373464499826","0,00000137256650922182","0,00000061210784533392","0,00000099436228308878","0,00000013813412583040","0,00000025510027220473"
"-0,07510698720829878110","0,00000016755458027116","0,00000029403080744149","0,00000007220475862861","0,00000001715976525416","0,00000001279322833651","0,00000043637658253767","0,00000014018209784657","0,00000000987409629007","0,00000040529437754469","0,00000012148103841071","0,00000050926202728097","0,00000072946820650246","0,00000036204914132676","0,00000002375745945744","0,00000001374698328526","0,00000137107624684792","0,00000061436499194903","0,00000099822519185931","0,00000013729173543288","0,00000025633699511776"
"-0,07310306457098415810","0,00000016794074402509","0,00000029428886935138","0,00000007254161000670","0,00000001714349643621","0,00000001276130071658","0,00000043688993575317","0,00000014053832660357","0,00000000971692236573","0,00000040426642029062","0,00000012076473430782","0,00000051002017789217","0,00000072733233880231","0,00000036116248195218","0,00000002371535888375","0,00000001376008532338","0,00000136958968234852","0,00000061673857546572","0,00000100224069145187","0,00000013648677688771","0,00000025766677080356"
"-0,07109914193366952130","0,00000016836406149462","0,00000029458008414883","0,00000007287984360108","0,00000001712626549426","0,00000001272645830013","0,00000043751025864016","0,00000014090640720792","0,00000000954036343066","0,00000040320661920793","0,00000011999061578352","0,00000051088799841097","0,00000072521971529754","0,00000036039644689806","0,00000002366964541844","0,00000001377395111263","0,00000136810681572361","0,00000061922859588401","0,00000100640878186647","0,00000013571925019491","0,00000025908959926214"
"-0,06909521929635489840","0,00000016882453267976","0,00000029490445183386","0,00000007321945941173","0,00000001710807242830","0,00000001268870108716","0,00000043823755119864","0,00000014128633965964","0,00000000934441948486","0,00000040211497429663","0,00000011915868283779","0,00000051186548883737","0,00000072313033598816","0,00000035975103616442","0,00000002362031906152","0,00000001378858065300","0,00000136662764697318","0,00000062183505320388","0,00000101072946310310","0,00000013498915535447","0,00000026060548049351"
"-0,06709129665904026150","0,00000016932215758050","0,00000029526197240646","0,00000007356045743867","0,00000001708891723835","0,00000001264802907767","0,00000043907181342861","0,00000014167812395871","0,00000000912909052833","0,00000040099148555671","0,00000011826893547065","0,00000051295264917137","0,00000072106420087417","0,00000035922624975125","0,00000002356737981298","0,00000001380397394451","0,00000136515217609725","0,00000062455794742533","0,00000101520273516176","0,00000013429649236639","0,00000026221441449764"
"-0,06508737402172563860","0,00000016985693619684","0,00000029565264586662","0,00000007390283768188","0,00000001706879992440","0,00000001260444227166","0,00000044001304533006","0,00000014208176010514","0,00000000889437656106","0,00000039983615298817","0,00000011732137368209","0,00000051414947941298","0,00000071902130995557","0,00000035882208765854","0,00000002351082767283","0,00000001382013098714","0,00000136368040309580","0,00000062739727854837","0,00000101982859804246","0,00000013364126123068","0,00000026391640127456"
"-0,06308345138441100180","0,00000017042886852878","0,00000029607647221436","0,00000007424660014138","0,00000001704772048645","0,00000001255794066913","0,00000044106124690300","0,00000014249724809892","0,00000000864027758307","0,00000039864897659101","0,00000011631599747212","0,00000051545597956219","0,00000071700166323236","0,00000035853854988631","0,00000002345066264107","0,00000001383705178091","0,00000136221232796884","0,00000063035304657300","0,00000102460705174519","0,00000013302346194732","0,00000026571144082426"
"-0,06107952874709637880","0,00000017103795457632","0,00000029653345144967","0,00000007459174481716","0,00000001702567892450","0,00000001250852427008","0,00000044221641814743","0,00000014292458794006","0,00000000836679359434","0,00000039742995636523","0,00000011525280684072","0,00000051687214961900","0,00000071500526070454","0,00000035837563643455","0,00000002338688471769","0,00000001385473632580","0,00000136074795071637","0,00000063342525149922","0,00000102953809626995","0,00000013244309451633","0,00000026759953314673"
"-0,05907560610978174890","0,00000017168419433947","0,00000029702358357254","0,00000007493827170922","0,00000001700267523855","0,00000001245619307452","0,00000044347855906335","0,00000014336377962856","0,00000000807392459489","0,00000039617909231083","0,00000011413180178791","0,00000051839798958342","0,00000071303210237210","0,00000035833334730326","0,00000002331949390269","0,00000001387318462182","0,00000135928727133839","0,00000063661389332702","0,00000103462173161675","0,00000013190015893771","0,00000026958067824198"
"-0,05707168347246711900","0,00000017236758781822","0,00000029754686858299","0,00000007528618081756","0,00000001697870942860","0,00000001240094708243","0,00000044484766965075","0,00000014381482316441","0,00000000776167058470","0,00000039489638442781","0,00000011295298231367","0,00000052003349945544","0,00000071108218823506","0,00000035841168249244","0,00000002324849019608","0,00000001389239666897","0,00000135783028983491","0,00000063991897205640","0,00000103985795778558","0,00000013139465521144","0,00000027165487611001"
"-0,05506776083515248920","0,00000017308813501257","0,00000029810330648101","0,00000007563547214218","0,00000001695378149465","0,00000001234278629382","0,00000044632374990964","0,00000014427771854762","0,00000000743003156378","0,00000039358183271618","0,00000011171634841802","0,00000052177867923506","0,00000070915551829340","0,00000035861064200209","0,00000002317387359786","0,00000001391237246724","0,00000135637700620591","0,00000064334048768738","0,00000104524677477644","0,00000013092658333754","0,00000027382212675082"
"-0,05306383819783785930","0,00000017384583592252","0,00000029869289726660","0,00000007598614568309","0,00000001692789143671","0,00000001228171070869","0,00000044790679984002","0,00000014475246577819","0,00000000707900753213","0,00000039223543717593","0,00000011042190010096","0,00000052363352892229","0,00000070725209254713","0,00000035893022583221","0,00000002309564410802","0,00000001393311201665","0,00000135492742045139","0,00000064687844021994","0,00000105078818258934","0,00000013049594331600","0,00000027608243016441"
"-0,05105991556052322940","0,00000017464069054808","0,00000029931564093975","0,00000007633820144027","0,00000001690103925476","0,00000001221772032704","0,00000044959681944188","0,00000014523906485611","0,00000000670859848975","0,00000039085719780706","0,00000010906963736247","0,00000052559804851711","0,00000070537191099625","0,00000035937043398280","0,00000002301380172657","0,00000001395461531718","0,00000135348153257137","0,00000065053282965408","0,00000105648218122427","0,00000013010273514682","0,00000027843578635077"
"-0,04905599292320859950","0,00000017544835145313","0,00000029995664625640","0,00000007668399126001","0,00000001687183519332","0,00000001215325776960","0,00000045137731885412","0,00000014571061618591","0,00000000633011826067","0,00000038952956914976","0,00000010769824519780","0,00000052759562062852","0,00000070349827071501","0,00000035989757488427","0,00000002292954457201","0,00000001397547460817","0,00000135204185415681","0,00000065428151198606","0,00000106227624598204","0,00000012974953996154","0,00000028084507029090"
"-0,04705207028589396960","0,00000017624447120155","0,00000030060102197245","0,00000007701586698859","0,00000001683888949691","0,00000001209076565710","0,00000045323180821561","0,00000014614022017210","0,00000000595488066894","0,00000038833500574422","0,00000010634640860220","0,00000052954962786548","0,00000070161446877765","0,00000036047795696702","0,00000002284407076283","0,00000001399428212896","0,00000135061089679867","0,00000065810234321212","0,00000106811785216344","0,00000012943893889169","0,00000028327315696579"
"-0,04504814764857933970","0,00000017702904979335","0,00000030124876808790","0,00000007733382862600","0,00000001680220216551","0,00000001203024398952","0,00000045516028752636","0,00000014652787681468","0,00000000558288571455","0,00000038727350759046","0,00000010501412757565","0,00000053146007022799","0,00000069972050518417","0,00000036111158023104","0,00000002275738029903","0,00000001401103787955","0,00000134918866049695","0,00000066199532333226","0,00000107400699976848","0,00000012917093193726","0,00000028572004637543"
"-0,04304422501126470980","0,00000017780208722852","0,00000030189988460276","0,00000007763787617224","0,00000001676177319914","0,00000001197169276689","0,00000045716275678636","0,00000014687358611366","0,00000000521413339750","0,00000038634507468845","0,00000010370140211816","0,00000053332694771605","0,00000069781637993457","0,00000036179844467635","0,00000002266947318062","0,00000001402574185993","0,00000134777514525166","0,00000066596045234648","0,00000107994368879715","0,00000012894551909825","0,00000028818573851983"
"-0,04104030237395008000","0,00000017856358350707","0,00000030255437151703","0,00000007792800962731","0,00000001671760259779","0,00000001191511198918","0,00000045923921599562","0,00000014717734806902","0,00000000484862371779","0,00000038554970703822","0,00000010240823222973","0,00000053515026032967","0,00000069590209302885","0,00000036253855030294","0,00000002258034940759","0,00000001403839407010","0,00000134637035106280","0,00000066999773025477","0,00000108592791924946","0,00000012876270037468","0,00000029067023339898"
"-0,03903637973663545010","0,00000017931353862899","0,00000030321222883070","0,00000007820422899122","0,00000001666969036145","0,00000001186050165641","0,00000046138966515413","0,00000014743916268078","0,00000000448635667542","0,00000038488740463974","0,00000010113461791036","0,00000053693000806884","0,00000069397764446702","0,00000036333189711081","0,00000002249000897995","0,00000001404899451008","0,00000134497427793036","0,00000067410715705715","0,00000109195969112541","0,00000012862247576653","0,00000029317353101289"
"-0,03703245709932082020","0,00000018005195259430","0,00000030387345654377","0,00000007846653426396","0,00000001661803649014","0,00000001180786176857","0,00000046361410426190","0,00000014765902994893","0,00000000412733227039","0,00000038435816749304","0,00000009988055916005","0,00000053866619093356","0,00000069204303424907","0,00000036417848509996","0,00000002239845189769","0,00000001405754317984","0,00000134358692585434","0,00000067828873275360","0,00000109803900442500","0,00000012852484527381","0,00000029569563136156"
"-0,03502853446200619030","0,00000018077882540297","0,00000030453805465625","0,00000007871492544554","0,00000001656264098385","0,00000001175719232567","0,00000046591253331892","0,00000014783694987347","0,00000000377155050271","0,00000038396199559809","0,00000009864605597881","0,00000054035880892383","0,00000069009826237500","0,00000036507831427039","0,00000002230567816082","0,00000001406404007940","0,00000134220829483475","0,00000068254245734414","0,00000110416585914822","0,00000012846980889651","0,00000029823653444498"
"-0,03302461182469156740","0,00000018149415705503","0,00000030520602316814","0,00000007894940253594","0,00000001650350384258","0,00000001170849332770","0,00000046828495232520","0,00000014797292245441","0,00000000341901137236","0,00000038369888895492","0,00000009743110836662","0,00000054200786203966","0,00000068814332884481","0,00000036603138462210","0,00000002221168776934","0,00000001406848520876","0,00000134083838487158","0,00000068686833082875","0,00000111034025529508","0,00000012845736663465","0,00000030079624026315"
"-0,03102068918737693400","0,00000018219794755045","0,00000030587736207943","0,00000007916996553519","0,00000001644062506633","0,00000001166176477467","0,00000047073136128073","0,00000014806694769173","0,00000000306971487936","0,00000038356884756350","0,00000009623571632348","0,00000054361335028104","0,00000068617823365850","0,00000036703769615510","0,00000002211648072324","0,00000001407087856791","0,00000133947719596484","0,00000069126635320744","0,00000111656219286557","0,00000012848751848821","0,00000030337474881609"
"-0,02901676655006230410","0,00000018289019688926","0,00000030655207139012","0,00000007937661444326","0,00000001637400465510","0,00000001161700666657","0,00000047325176018552","0,00000014811902558545","0,00000000272366102370","0,00000038357187142386","0,00000009505987984941","0,00000054517527364797","0,00000068420297681607","0,00000036809724886937","0,00000002202005702252","0,00000001407122015685","0,00000133812472811452","0,00000069573652448022","0,00000112283167185970","0,00000012856026445719","0,00000030597206010377"
"-0,02701284391274767420","0,00000018357090507144","0,00000030723015110022","0,00000007956934926017","0,00000001630364260889","0,00000001157421900340","0,00000047584614903957","0,00000014812915613556","0,00000000238084980539","0,00000038370796053597","0,00000009390359894440","0,00000054669363214046","0,00000068221755831753","0,00000036921004276492","0,00000002192241666719","0,00000001406950997559","0,00000133678098132062","0,00000070027884464707","0,00000112914869227747","0,00000012867560454160","0,00000030858817412622"
"-0,02500892127543304780","0,00000018424007209700","0,00000030791160120972","0,00000007974816998591","0,00000001622953892770","0,00000001153340178517","0,00000047851452784286","0,00000014809733934206","0,00000000204128122441","0,00000038397711489986","0,00000009276687360845","0,00000054816842575850","0,00000068022197816286","0,00000037037607784176","0,00000002182355965724","0,00000001406574802413","0,00000133544595558315","0,00000070489331370800","0,00000113551325411887","0,00000012883353874144","0,00000031122309088342"
"-0,02300499863811841790","0,00000018489769796593","0,00000030859642171863","0,00000007991307662048","0,00000001615169361154","0,00000001149455501187","0,00000048125689659542","0,00000014802357520496","0,00000000170495528077","0,00000038437933451551","0,00000009164970384156","0,00000054959965450209","0,00000067821623635208","0,00000037159535409987","0,00000002172348599268","0,00000001405993430246","0,00000133411965090211","0,00000070957993166301","0,00000114192535738391","0,00000012903406705671","0,00000031387681037537"
"-0,02100107600080378810","0,00000018554378267824","0,00000030928461262694","0,00000008006406916389","0,00000001607010666039","0,00000001145767868351","0,00000048407325529723","0,00000014790786372424","0,00000000137187197448","0,00000038491461938292","0,00000009055208964373","0,00000055098731837123","0,00000067620033288518","0,00000037286787153927","0,00000002162219567350","0,00000001405206881059","0,00000133280206727749","0,00000071433869851210","0,00000114838500207259","0,00000012927718948740","0,00000031654933260209"
"-0,01899715336348915820","0,00000018617832623392","0,00000030997617393466","0,00000008020114761613","0,00000001598477807426","0,00000001142277280007","0,00000048696360394829","0,00000014775020489992","0,00000000104203130553","0,00000038558296950210","0,00000008947403101495","0,00000055233141736593","0,00000067417426776216","0,00000037419363015994","0,00000002151968869971","0,00000001404215154851","0,00000133149320470929","0,00000071916961425527","0,00000115489218818490","0,00000012956290603352","0,00000031924065756355"
"-0,01699323072617452830","0,00000018680132863298","0,00000031067110564178","0,00000008032431197720","0,00000001589570785316","0,00000001138983736158","0,00000048992794254861","0,00000014755059873199","0,00000000071543327392","0,00000038638438487304","0,00000008841552795524","0,00000055363195148618","0,00000067213804098303","0,00000037557262996190","0,00000002141596507130","0,00000001403018251622","0,00000133019306319752","0,00000072407267889251","0,00000116144691572085","0,00000012989121669507","0,00000032195078525978"
"-0,01498930808885989840","0,00000018741278987542","0,00000031136940774831","0,00000008043356224711","0,00000001580289599707","0,00000001135887236801","0,00000049296627109818","0,00000014730904522045","0,00000000039207787965","0,00000038731886549575","0,00000008737658046459","0,00000055488892073198","0,00000067009165254777","0,00000037700487094514","0,00000002131102478828","0,00000001401616171373","0,00000132890164274217","0,00000072904789242384","0,00000116804918468043","0,00000013026212147204","0,00000032467971569075"
"-0,01298538545154526850","0,00000018801270996123","0,00000031207108025425","0,00000008052889842585","0,00000001570634250601","0,00000001132987781939","0,00000049607858959701","0,00000014702554436531","0,00000000007196512272","0,00000038838641137022","0,00000008635718854299","0,00000055610232510334","0,00000066803510245640","0,00000037849035310965","0,00000002120486785065","0,00000001400008914104","0,00000132761894334325","0,00000073409525484925","0,00000117469899506366","0,00000013067562036444","0,00000032742744885649"
"-0,01098146281423064040","0,00000018860108889042","0,00000031277612315958","0,00000008061032051342","0,00000001560604737996","0,00000001130285371569","0,00000049926489804510","0,00000014670009616655","-0,00000000024490499686","0,00000038958702249646","0,00000008535735219046","0,00000055727216460024","0,00000066596839070891","0,00000038002907645545","0,00000002109749425840","0,00000001398196479814","0,00000132634496500075","0,00000073921476616873","0,00000118139634687051","0,00000013113171337226","0,00000033019398475698"
"-0,00897754017691601049","0,00000018917792666298","0,00000031348453646433","0,00000008067782850983","0,00000001550201061894","0,00000001127780005693","0,00000050252519644244","0,00000014633270062419","-0,00000000055853247910","0,00000039092069887447","0,00000008437707140698","0,00000055839843922270","0,00000066389151730530","0,00000038162104098253","0,00000002098890401153","0,00000001396178868504","0,00000132507970771468","0,00000074440642638230","0,00000118814124010101","0,00000013163040049552","0,00000033297932339222"
"-0,00697361753960138060","0,00000018974322327892","0,00000031419632016847","0,00000008073142241507","0,00000001539423222294","0,00000001125471684310","0,00000050585948478903","0,00000014592335773822","-0,00000000086891732401","0,00000039238744050424","0,00000008341634619257","0,00000055948114897072","0,00000066180448224557","0,00000038326624669089","0,00000002087909711005","0,00000001393956080173","0,00000132382317148503","0,00000074967023548994","0,00000119493367475514","0,00000013217168173420","0,00000033578346476223"
"-0,00496969490228675159","0,00000019029697873824","0,00000031491147427202","0,00000008077110222914","0,00000001528271219196","0,00000001123360407421","0,00000050926776308488","0,00000014547206750864","-0,00000000117605953157","0,00000039398724738577","0,00000008247517654721","0,00000056052029384428","0,00000065970728552973","0,00000038496469358053","0,00000002076807355395","0,00000001391528114822","0,00000132257535631181","0,00000075500619349167","0,00000120177365083291","0,00000013275555708830","0,00000033860640886698"
"-0,00296577226497212214","0,00000019083919304093","0,00000031562999877498","0,00000008079686795205","0,00000001516745052600","0,00000001121446175025","0,00000051275003132999","0,00000014497882993546","-0,00000000147995910178","0,00000039572011951907","0,00000008155356247091","0,00000056151587384340","0,00000065759992715776","0,00000038671638165145","0,00000002065583334324","0,00000001388894972450","0,00000132133626219501","0,00000076041430038747","0,00000120866116833431","0,00000013338202655784","0,00000034144815570650"
"-0,00096184962765749247","0,00000019136986618700","0,00000031635189367734","0,00000008080871958379","0,00000001504844722506","0,00000001119728987123","0,00000051630628952435","0,00000014444364501866","-0,00000000178061603466","0,00000039758605690413","0,00000008065150396368","0,00000056246788896807","0,00000065548240712968","0,00000038852131090365","0,00000002054237647791","0,00000001386056653057","0,00000132010588913463","0,00000076589455617735","0,00000121559622725935","0,00000013405109014280","0,00000034430870528076"
"0,00104207300965713698","0,00000019190353452939","0,00000031709925417705","0,00000008081482966982","0,00000001493097643679","0,00000001118143260201","0,00000051991664998921","0,00000014389393528801","-0,00000000207747382018","0,00000039946761011254","0,00000007976964206577","0,00000056343531053701","0,00000065344291332300","0,00000039037321902272","0,00000002043062023522","0,00000001383215695468","0,00000131888858251326","0,00000077142560704367","0,00000122256515713421","0,00000013475814165858","0,00000034719233478341"
"0,00304599564697176665","0,00000019245473442104","0,00000031789417547205","0,00000008082337075561","0,00000001482031230887","0,00000001116623410749","0,00000052356122504582","0,00000014335712327326","-0,00000000236997594834","0,00000040124732971588","0,00000007890861781747","0,00000056447710986893","0,00000065156963361525","0,00000039226584369427","0,00000002032348189239","0,00000001380574638503","0,00000131768868771345","0,00000077698609916879","0,00000122955428748504","0,00000013549857492056","0,00000035010332140807"
"0,00504991828428639610","0,00000019302346586197","0,00000031873665756233","0,00000008083434284116","0,00000001471645484128","0,00000001115169438765","0,00000052724001469418","0,00000014283320897441","-0,00000000265812241912","0,00000040292521571414","0,00000007806843121877","0,00000056559328696382","0,00000064986256800642","0,00000039419918491828","0,00000002022096144945","0,00000001378133482165","0,00000131650620473522","0,00000078257603255272","0,00000123656361831186","0,00000013627238992876","0,00000035304166515473"
"0,00705384092160102512","0,00000019360972885215","0,00000031962670044791","0,00000008084774592647","0,00000001461940403404","0,00000001113781344251","0,00000053095301893428","0,00000014232219239146","-0,00000000294191323254","0,00000040450126810733","0,00000007724908226967","0,00000056678384182169","0,00000064832171649652","0,00000039617324269476","0,00000002012305890638","0,00000001375892226451","0,00000131534113357856","0,00000078819540719544","0,00000124359314961467","0,00000013707958668316","0,00000035600736602339"
"0,00905776355891565501","0,00000019421352339161","0,00000032056430412877","0,00000008086358001153","0,00000001452915988713","0,00000001112459127205","0,00000053470023776613","0,00000014182407352440","-0,00000000322134838859","0,00000040597548689544","0,00000007645057097017","0,00000056804877444255","0,00000064694707908554","0,00000039818801702372","0,00000002002977426319","0,00000001373850871364","0,00000131419347424347","0,00000079384422309696","0,00000125064288139346","0,00000013792016518377","0,00000035900042401406"
"0,01106168619623028490","0,00000019483484948033","0,00000032154946860492","0,00000008088184509636","0,00000001444572240055","0,00000001111202787629","0,00000053848167118973","0,00000014133885237324","-0,00000000349642788727","0,00000040734787207848","0,00000007567289732027","0,00000056938808482638","0,00000064573865577349","0,00000040024350790514","0,00000001994110751987","0,00000001372009416901","0,00000131306322672995","0,00000079952248025728","0,00000125771281364824","0,00000013879412543058","0,00000036202083912674"
"0,01306560883354491300","0,00000019547370711832","0,00000032258219387636","0,00000008090254118094","0,00000001436909157432","0,00000001110012325521","0,00000054229731920508","0,00000014086652893798","-0,00000000376715172858","0,00000040861842365645","0,00000007491606131998","0,00000057080177297319","0,00000064469644656037","0,00000040233971533902","0,00000001985705867643","0,00000001370367863065","0,00000131195039103801","0,00000080523017867641","0,00000126480294637900","0,00000013970146742361","0,00000036506861136142"
"0,01506953147085954290","0,00000019613009630557","0,00000032366247994309","0,00000008092566826527","0,00000001429926740842","0,00000001108887740883","0,00000054614718181217","0,00000014040710321862","-0,00000000403351991253","0,00000040978714162934","0,00000007418006296929","0,00000057228983888298","0,00000064382045144617","0,00000040447663932538","0,00000001977762773286","0,00000001368926209853","0,00000131085496716763","0,00000081096731835433","0,00000127191327958574","0,00000014064219116284","0,00000036814374071811"
"0,01707345410817417280","0,00000019680401704209","0,00000032479032680511","0,00000008095122634937","0,00000001423624990286","0,00000001107829033713","0,00000055003125901101","0,00000013996057521516","-0,00000000429553243910","0,00000041085402599716","0,00000007346490226820","0,00000057385228255575","0,00000064311067043089","0,00000040665427986421","0,00000001970281468917","0,00000001367684457268","0,00000130977695511883","0,00000081673389929105","0,00000127904381326847","0,00000014161629664828","0,00000037124622719680"
"0,01907737674548880270","0,00000019749546932788","0,00000032596573446242","0,00000008097921543322","0,00000001418003905764","0,00000001106836204012","0,00000055394955080160","0,00000013952694492759","-0,00000000455318930831","0,00000041181907675990","0,00000007277057921671","0,00000057548910399149","0,00000064256710351454","0,00000040887263695551","0,00000001963261954535","0,00000001366642605308","0,00000130871635489160","0,00000082252992148657","0,00000128619454742719","0,00000014262378387993","0,00000037437607079750"
"0,02108129938280343260","0,00000019820445316293","0,00000032718870291501","0,00000008100963551683","0,00000001413063487276","0,00000001105909251781","0,00000055790205718394","0,00000013910621235592","-0,00000000480649052015","0,00000041268229391757","0,00000007209709381483","0,00000057720030319022","0,00000064218975069712","0,00000041113171059927","0,00000001956704230142","0,00000001365800653973","0,00000130767316648595","0,00000082835538494090","0,00000129336548206189","0,00000014366465285778","0,00000037753327152020"
"0,02308522202011806250","0,00000019893096854725","0,00000032845923216290","0,00000008104248660020","0,00000001408803734821","0,00000001105048177018","0,00000056188877815802","0,00000013869837750015","-0,00000000505543607462","0,00000041344367747017","0,00000007144444606254","0,00000057898588015192","0,00000064197861197862","0,00000041343150079550","0,00000001950608295735","0,00000001365158603264","0,00000130664738990186","0,00000083421028965402","0,00000130055661717257","0,00000014473890358185","0,00000038071782936491"
"0,02508914465743269230","0,00000019967501548084","0,00000032977732220607","0,00000008107776868332","0,00000001405224648401","0,00000001104252979724","0,00000056590971372386","0,00000013830344036028","-0,00000000530002597172","0,00000041410322741769","0,00000007081263595986","0,00000058084583487661","0,00000064193368735905","0,00000041577200754421","0,00000001944974151316","0,00000001364716453180","0,00000130563902513935","0,00000084009463562594","0,00000130776795275924","0,00000014584653605212","0,00000038392974433162"
"0,02709306729474731880","0,00000020043659396369","0,00000033114297304453","0,00000008111548176621","0,00000001402326228014","0,00000001103523659899","0,00000056996486388143","0,00000013792140093631","-0,00000000554026021146","0,00000041466094376014","0,00000007020166350678","0,00000058278016736427","0,00000064205497683840","0,00000041815323084538","0,00000001939801796885","0,00000001364474203722","0,00000130464807219840","0,00000084600842285667","0,00000131499948882190","0,00000014698755026860","0,00000038716901642034"
"0,02909698993206194860","0,00000020121570399581","0,00000033255618467828","0,00000008115562584885","0,00000001400108473660","0,00000001102860217543","0,00000057405422863076","0,00000013755225922823","-0,00000000577613879382","0,00000041511682649751","0,00000006961152870331","0,00000058478887761491","0,00000064234248041668","0,00000042057517069902","0,00000001935091232441","0,00000001364431854890","0,00000130367453107903","0,00000085195165134619","0,00000132225122536054","0,00000014816194623129","0,00000039043564563107"
"0,03110091256937657850","0,00000020201234557720","0,00000033401695710732","0,00000008119820093124","0,00000001398571385341","0,00000001102262652656","0,00000057817780797184","0,00000013719601523606","-0,00000000600766171882","0,00000041547087562981","0,00000006904223154943","0,00000058687196562853","0,00000064279619809389","0,00000042303782710513","0,00000001930842457985","0,00000001364589406683","0,00000130271840178124","0,00000085792432109451","0,00000132952316237516","0,00000014936972394018","0,00000039372963196380"
"0,03310483520669121190","0,00000020282651870785","0,00000033552529033165","0,00000008124320701340","0,00000001397714963055","0,00000001101730965238","0,00000058233560190466","0,00000013685266895978","-0,00000000623482898645","0,00000041572309115704","0,00000006849377204516","0,00000058902943140513","0,00000064341612987002","0,00000042554120006371","0,00000001927055473517","0,00000001364946859101","0,00000130177968430501","0,00000086392643210164","0,00000133681529986577","0,00000015061088339529","0,00000039705097541853"
"0,03510875784400583480","0,00000020365822338777","0,00000033708118435126","0,00000008129064409531","0,00000001397539206803","0,00000001101265155289","0,00000058652761042923","0,00000013652222039940","-0,00000000645764059671","0,00000041587347307919","0,00000006796615019049","0,00000059126127494470","0,00000064420227574508","0,00000042808528957475","0,00000001923730279036","0,00000001365504212145","0,00000130085837865036","0,00000086995798436756","0,00000134412763783236","0,00000015188542459660","0,00000040039967599527"
"0,03711268048132046470","0,00000020450745961695","0,00000033868463916617","0,00000008134051217698","0,00000001398044116585","0,00000001100865222809","0,00000059075383354554","0,00000013620466955492","-0,00000000667609654961","0,00000041592202139627","0,00000006745936598542","0,00000059356749624726","0,00000064515463571906","0,00000043067009563827","0,00000001920866874542","0,00000001366261465814","0,00000129995448481727","0,00000087601897789228","0,00000135146017627494","0,00000015319334754412","0,00000040377573369402"
"0,03911660311863509460","0,00000020537422739540","0,00000034033565477636","0,00000008139281125841","0,00000001399229692401","0,00000001100531167798","0,00000059501427125361","0,00000013590001642633","-0,00000000689019684513","0,00000041586873610827","0,00000006697341942995","0,00000059594809531280","0,00000064627320979196","0,00000043329561825426","0,00000001918465260037","0,00000001367218620109","0,00000129906800280576","0,00000088210941267581","0,00000135881291519351","0,00000015453465223784","0,00000040717914851477"
"0,04112052575594972450","0,00000020625852672312","0,00000034203423118185","0,00000008144754133959","0,00000001401095934250","0,00000001100262990256","0,00000059930892355342","0,00000013560826101365","-0,00000000709994148329","0,00000041571361721520","0,00000006650831052409","0,00000059840307214131","0,00000064755799796380","0,00000043596185742271","0,00000001916525435518","0,00000001368375675030","0,00000129819893261582","0,00000088822928871813","0,00000136618585458805","0,00000015590933867778","0,00000041060992045752"
"0,04312444839326435440","0,00000020716035760010","0,00000034378036838262","0,00000008150470242054","0,00000001403642842134","0,00000001100060690183","0,00000060363779044498","0,00000013532940331686","-0,00000000730533046408","0,00000041545666471705","0,00000006606403926783","0,00000060093242673280","0,00000064900900023456","0,00000043866881314363","0,00000001915047400988","0,00000001369732630576","0,00000129734727424746","0,00000089437860601926","0,00000137357899445859","0,00000015731740686392","0,00000041406804952228"
"0,04512837103057898420","0,00000020807972002635","0,00000034557406637868","0,00000008156429450124","0,00000001406870416051","0,00000001099924267578","0,00000060800087192829","0,00000013506344333597","-0,00000000750636378750","0,00000041509787861384","0,00000006564060566117","0,00000060353615908727","0,00000065062621660424","0,00000044141648541702","0,00000001914031156445","0,00000001371289486748","0,00000129651302770066","0,00000090055736457918","0,00000138099233480511","0,00000015875885679627","0,00000041755353570905"
"0,04713229366789361410","0,00000020901661400187","0,00000034741532517002","0,00000008162631758170","0,00000001410778656001","0,00000001099853722443","0,00000061239816800334","0,00000013481038107098","-0,00000000770304145355","0,00000041463725890554","0,00000006523800970411","0,00000060621426920472","0,00000065240964707285","0,00000044420487424289","0,00000001913476701889","0,00000001373046243545","0,00000129569619297544","0,00000090676556439790","0,00000138842587562761","0,00000016023368847483","0,00000042106637901782"
"0,04913621630520824400","0,00000020997103952666","0,00000034930414475666","0,00000008169077166191","0,00000001415367561986","0,00000001099849054777","0,00000061682967867014","0,00000013457021652188","-0,00000000789536346223","0,00000041407480559218","0,00000006485625139665","0,00000060896675708515","0,00000065435929164039","0,00000044703397962121","0,00000001913384037321","0,00000001375002900967","0,00000129489677007179","0,00000091300320547543","0,00000139587961692610","0,00000016174190189960","0,00000042460657944860"
"0,05114013894252287390","0,00000021092997872726","0,00000035123845533736","0,00000008174416345817","0,00000001420102933677","0,00000001099898691866","0,00000062128109371664","0,00000013433445422086","-0,00000000807914922625","0,00000041354942878849","0,00000006451453155265","0,00000061179009950137","0,00000065646334098517","0,00000044989448733772","0,00000001913577206974","0,00000001377007041057","0,00000129408008127048","0,00000091927788311913","0,00000140335508537163","0,00000016327019756247","0,00000042813877826205"
"0,05314406157983750380","0,00000021188041373023","0,00000035321618711087","0,00000008177299968675","0,00000001424450570746","0,00000001099991060998","0,00000062573810293078","0,00000013409459870010","-0,00000000825021815829","0,00000041320003860925","0,00000006423205098594","0,00000061468077322620","0,00000065870998578554","0,00000045277708317811","0,00000001913880255083","0,00000001378906245854","0,00000129321144885227","0,00000092559719263638","0,00000141085380763526","0,00000016480527595535","0,00000043162761671884"
"0,05514798421715213370","0,00000021282234453556","0,00000035523734007721","0,00000008177728034766","0,00000001428410473195","0,00000001100126162173","0,00000063020070631257","0,00000013385064995958","-0,00000000840857025836","0,00000041302663505445","0,00000006400880969653","0,00000061763877825962","0,00000066109922604148","0,00000045568176714239","0,00000001914293181647","0,00000001380700515358","0,00000129229087281716","0,00000093196113402719","0,00000141837578371698","0,00000016634713707825","0,00000043507309481897"
"0,05715190685446676360","0,00000021375577114327","0,00000035730191423637","0,00000008175700544089","0,00000001431982641023","0,00000001100303995391","0,00000063466890386201","0,00000013360260799932","-0,00000000855420552646","0,00000041302921812409","0,00000006384480768442","0,00000062066411460165","0,00000066363106175300","0,00000045860853923055","0,00000001914815986667","0,00000001382389849571","0,00000129131835316516","0,00000093836970729155","0,00000142592101361681","0,00000016789578093115","0,00000043847521256244"
"0,05915582949178139340","0,00000021468069355334","0,00000035940990958836","0,00000008171217496645","0,00000001435167074229","0,00000001100524560651","0,00000063914269557909","0,00000013335047281930","-0,00000000868712396258","0,00000041320778781818","0,00000006374004494961","0,00000062375678225228","0,00000066630549292009","0,00000046155739944259","0,00000001915448670141","0,00000001383974248491","0,00000129029388989627","0,00000094482291242947","0,00000143348949733474","0,00000016945120751406","0,00000044183396994925"
"0,06115975212909602330","0,00000021559711176578","0,00000036156132613317","0,00000008164278892434","0,00000001437963772814","0,00000001100787857954","0,00000064362208146381","0,00000013309424441954","-0,00000000880732556674","0,00000041356234413670","0,00000006369452149210","0,00000062691678121152","0,00000066912251954277","0,00000046452834777852","0,00000001916191232071","0,00000001385453712119","0,00000128921748301048","0,00000095132074944094","0,00000144108123487076","0,00000017101341682698","0,00000044514936697940"
"0,06316367476641064630","0,00000021650502578059","0,00000036375616387080","0,00000008154884731455","0,00000001440372736778","0,00000001101093887300","0,00000064810706151618","0,00000013283392280003","-0,00000000891481033892","0,00000041409288707967","0,00000006370823731189","0,00000063014411147936","0,00000067208214162102","0,00000046752138423833","0,00000001917043672456","0,00000001386828240455","0,00000128808913250779","0,00000095786321832596","0,00000144869622622489","0,00000017258240886991","0,00000044842140365289"
"0,06516759740372528310","0,00000021740443559777","0,00000036599442280126","0,00000008143035013709","0,00000001442393966121","0,00000001101442648688","0,00000065259763573620","0,00000013256950796078","-0,00000000900957827913","0,00000041479941664708","0,00000006378119240897","0,00000063343877305580","0,00000067518435915485","0,00000047053650882203","0,00000001918005991297","0,00000001388097833499","0,00000128690883838821","0,00000096445031908454","0,00000145633447139711","0,00000017415818364284","0,00000045165007996972"
"0,06717152004103990600","0,00000021829534121732","0,00000036827610292454","0,00000008128729739195","0,00000001444027460843","0,00000001101834142120","0,00000065709380412386","0,00000013230099990177","-0,00000000909162938737","0,00000041568193283893","0,00000006391338678336","0,00000063680076594084","0,00000067842917214425","0,00000047357372152961","0,00000001919078188592","0,00000001389262491250","0,00000128567660065173","0,00000097108205171667","0,00000146399597038744","0,00000017574074114579","0,00000045483539592988"
"0,06917544267835454290","0,00000021917774263923","0,00000037060120424064","0,00000008111968907913","0,00000001445273220944","0,00000001102268367593","0,00000066159556667916","0,00000013202839862301","-0,00000000916096366364","0,00000041674043565522","0,00000006410482043504","0,00000064023009013449","0,00000068181658058924","0,00000047663302236108","0,00000001920260264343","0,00000001390322213710","0,00000128439241929835","0,00000097775841622235","0,00000147168072319586","0,00000017733008137874","0,00000045797735153339"
"0,07117936531566916580","0,00000022005163986351","0,00000037296972674956","0,00000008092752519865","0,00000001446131246423","0,00000001102745325110","0,00000066610292340211","0,00000013175170412451","-0,00000000921758110793","0,00000041797492509596","0,00000006435549336402","0,00000064372674563674","0,00000068534658448980","0,00000047971441131643","0,00000001921552218550","0,00000001391277000877","0,00000128305629432808","0,00000098447941260159","0,00000147938872982238","0,00000017892620434171","0,00000046107594678024"
"0,07318328795298380260","0,00000022091703289016","0,00000037538167045131","0,00000008071080575049","0,00000001446601537282","0,00000001103265014669","0,00000067061587429271","0,00000013147091640626","-0,00000000926148172026","0,00000041938540116113","0,00000006466540557031","0,00000064729073244759","0,00000068901918384593","0,00000048281788839567","0,00000001922954051211","0,00000001392126852751","0,00000128166822574092","0,00000099124504085438","0,00000148711999026700","0,00000018052911003468","0,00000046413118167043"
"0,07518721059029842560","0,00000022177392171918","0,00000037783703534589","0,00000008046953073465","0,00000001446684093519","0,00000001103827436271","0,00000067513441935095","0,00000013118603546826","-0,00000000929266550061","0,00000042097186385075","0,00000006503455705389","0,00000065092205056705","0,00000069283437865765","0,00000048594345359879","0,00000001924465762328","0,00000001392871769334","0,00000128022821353685","0,00000099805530098072","0,00000149487450452972","0,00000018213879845766","0,00000046714305620396"
"0,07719113322761306240","0,00000022262230635057","0,00000038033582143328","0,00000008020370015114","0,00000001446378915135","0,00000001104432589916","0,00000067965855857683","0,00000013089706131051","-0,00000000931113244899","0,00000042273431316481","0,00000006546294781476","0,00000065462069999511","0,00000069679216892494","0,00000048909110692579","0,00000001926087351900","0,00000001393511750624","0,00000127873625771590","0,00000100491019298062","0,00000150265227261054","0,00000018375526961065","0,00000047011157038082"
"0,07919505586492768540","0,00000022346218678432","0,00000038287802871350","0,00000007991331399996","0,00000001445686002130","0,00000001105080475603","0,00000068418829197037","0,00000013060399393301","-0,00000000931688256540","0,00000042467274910331","0,00000006595057785294","0,00000065838668073177","0,00000070089255464781","0,00000049226084837668","0,00000001927818819928","0,00000001394046796623","0,00000127719235827804","0,00000101180971685407","0,00000151045329450946","0,00000018537852349365","0,00000047303672420103"
"0,08119897850224232220","0,00000022429356302045","0,00000038546365718654","0,00000007959837228110","0,00000001444605354504","0,00000001105771093333","0,00000068872361953154","0,00000013030683333576","-0,00000000930991584983","0,00000042678717166625","0,00000006649744716842","0,00000066221999277704","0,00000070513553582626","0,00000049545267795146","0,00000001929660166410","0,00000001394476907328","0,00000127559651522330","0,00000101875387260107","0,00000151827757022648","0,00000018700856010666","0,00000047591851766458"
"0,08320290113955694510","0,00000022511643505894","0,00000038809270685241","0,00000007925887499456","0,00000001443136972257","0,00000001106504443106","0,00000069326454126036","0,00000013000557951877","-0,00000000929023230230","0,00000042907758085364","0,00000006710355576119","0,00000066612063613091","0,00000070952111246029","0,00000049866659565011","0,00000001931611391348","0,00000001394802082742","0,00000127394872855165","0,00000102574266022163","0,00000152612509976159","0,00000018864537944968","0,00000047875695077146"
"0,08520682377687158190","0,00000022593080289980","0,00000039076517771109","0,00000007889482214036","0,00000001441280855388","0,00000001107280524922","0,00000069781105715683","0,00000012970023248202","-0,00000000925783192279","0,00000043154397666546","0,00000006776890363127","0,00000067008861079338","0,00000071404928454989","0,00000050190260147266","0,00000001933672494742","0,00000001395022322864","0,00000127224899826311","0,00000103277607971574","0,00000153399588311481","0,00000019028898152271","0,00000048155202352169"
"0,08721074641418620490","0,00000022673666654302","0,00000039348106976261","0,00000007850621371847","0,00000001439037003899","0,00000001108099338780","0,00000070236316722094","0,00000012939079222553","-0,00000000921271471131","0,00000043418635910173","0,00000006849349077864","0,00000067412391676445","0,00000071872005209507","0,00000050516069541908","0,00000001935843476590","0,00000001395137627693","0,00000127049732435767","0,00000103985413108341","0,00000154188992028613","0,00000019193936632574","0,00000048430373591526"
"0,08921466905150082780","0,00000022753402598862","0,00000039624038300694","0,00000007809304972892","0,00000001436405417788","0,00000001108960884681","0,00000070692087145270","0,00000012907725874929","-0,00000000915488066786","0,00000043700472816244","0,00000006927731720331","0,00000067822655404413","0,00000072353341509583","0,00000050844087748940","0,00000001938124336894","0,00000001395147997230","0,00000126869370683534","0,00000104697681432463","0,00000154980721127554","0,00000019359653385879","0,00000048701208795216"
"0,09121859168881546470","0,00000022832288123658","0,00000039904311744410","0,00000007765533017169","0,00000001433386097056","0,00000001109865162624","0,00000071148416985210","0,00000012875963205330","-0,00000000908432979244","0,00000043999908384759","0,00000007012038290528","0,00000068239652263241","0,00000072848937355216","0,00000051174314768359","0,00000001940515075653","0,00000001395053431475","0,00000126683814569612","0,00000105414412943940","0,00000155774775608305","0,00000019526048412184","0,00000048967707963241"
"0,09322251432613008760","0,00000022910323228692","0,00000040188927307408","0,00000007719305504678","0,00000001429979041703","0,00000001110812172611","0,00000071605306241915","0,00000012843791213756","-0,00000000900106208504","0,00000044316942615718","0,00000007102268788455","0,00000068663382252929","0,00000073358792746407","0,00000051506750600167","0,00000001943015692868","0,00000001394853930427","0,00000126493064093999","0,00000106135607642773","0,00000156571155470867","0,00000019693121711490","0,00000049229871095600"
"0,09522643696344472440","0,00000022987507913962","0,00000040477884989688","0,00000007670622435420","0,00000001426184251729","0,00000001111801914640","0,00000072062754915384","0,00000012811209900208","-0,00000000890507754568","0,00000044651575509122","0,00000007198423214112","0,00000069093845373478","0,00000073882907683156","0,00000051841395244364","0,00000001945626188537","0,00000001394549494088","0,00000126297119256697","0,00000106861265528961","0,00000157369860715238","0,00000019860873283798","0,00000049487698192292"
"0,09723035960075934740","0,00000023063842179468","0,00000040771184791251","0,00000007619483809395","0,00000001422001727134","0,00000001112834388711","0,00000072520763005618","0,00000012778219264684","-0,00000000879637617434","0,00000045003807064969","0,00000007300501567499","0,00000069531041624887","0,00000074421282165463","0,00000052178248700949","0,00000001948346562662","0,00000001394140122456","0,00000126095980057706","0,00000107591386602504","0,00000158170891341419","0,00000020029303129106","0,00000049741189253319"
"0,09923428223807398420","0,00000023139326025212","0,00000041068826712096","0,00000007565889626602","0,00000001417431467918","0,00000001113909594826","0,00000072979330512617","0,00000012744819307186","-0,00000000867495797103","0,00000045373637283261","0,00000007408503848615","0,00000069974971007156","0,00000074973916193327","0,00000052517310969922","0,00000001951176815242","0,00000001393625815532","0,00000125889646497025","0,00000108325970863403","0,00000158974247349410","0,00000020198411247415","0,00000049990344278679"
"0,10123820487538860700","0,00000023214549554041","0,00000041370506616599","0,00000007512439344805","0,00000001412936486390","0,00000001115021417999","0,00000073438940017467","0,00000012712973501666","-0,00000000854980054949","0,00000045751023807972","0,00000007517566096570","0,00000070424257603218","0,00000075538159475683","0,00000052857568972620","0,00000001954153412725","0,00000001393097897076","0,00000125685192942221","0,00000109064309392542","0,00000159777712329819","0,00000020368877186689","0,00000050238317245317"
"0,10324212751270324400","0,00000023290102868803","0,00000041675920369135","0,00000007461732421767","0,00000001408979794862","0,00000001116163743246","0,00000073900074101256","0,00000012684645322077","-0,00000000842988152348","0,00000046125924283078","0,00000007622824350471","0,00000070877525496006","0,00000076111361721463","0,00000053198009630377","0,00000001957312821555","0,00000001392647690851","0,00000125489693760861","0,00000109805693270806","0,00000160579069873253","0,00000020541380494893","0,00000050488262130174"
"0,10524605015001786700","0,00000023365985969498","0,00000041985067969704","0,00000007413768857488","0,00000001405561393332","0,00000001117336570569","0,00000074362732763985","0,00000012659834768419","-0,00000000831520089299","0,00000046498338708580","0,00000007724278610318","0,00000071334774685519","0,00000076693522930668","0,00000053538632943194","0,00000001960655041734","0,00000001392275196856","0,00000125303148952945","0,00000110550122498196","0,00000161378319979714","0,00000020715921172026","0,00000050740178933250"
"0,10724997278733250400","0,00000023442198856126","0,00000042297949418306","0,00000007368548651968","0,00000001402681281802","0,00000001118539899965","0,00000074826916005654","0,00000012638541840692","-0,00000000820575865802","0,00000046868267084476","0,00000007821928876112","0,00000071796005171757","0,00000077284643103298","0,00000053879438911071","0,00000001964180073262","0,00000001391980415092","0,00000125125558518472","0,00000111297597074712","0,00000162175462649200","0,00000020892499218090","0,00000050994067654547"
"0,10925389542464712700","0,00000023518741528687","0,00000042614564714942","0,00000007326071805207","0,00000001400339460270","0,00000001119773731436","0,00000075292623826262","0,00000012620766538897","-0,00000000810155481857","0,00000047235709410767","0,00000007915775147852","0,00000072261216954721","0,00000077884722239352","0,00000054220427534007","0,00000001967887916138","0,00000001391763345557","0,00000124956922457444","0,00000112048117000353","0,00000162970497881712","0,00000021071114633083","0,00000051249928294063"
"0,11125781806196176300","0,00000023595613987182","0,00000042934913859610","0,00000007286338317204","0,00000001398535928738","0,00000001121038064982","0,00000075759856225809","0,00000012606508863033","-0,00000000800258937464","0,00000047600665687453","0,00000008005817425538","0,00000072730410034411","0,00000078493760338831","0,00000054561598812003","0,00000001971778570362","0,00000001391623988252","0,00000124797240769859","0,00000112801682275119","0,00000163763425677250","0,00000021251767417006","0,00000051507760851799"
"0,11326174069927638600","0,00000023672816231610","0,00000043258996852312","0,00000007249348187961","0,00000001397270687204","0,00000001122332900602","0,00000076228613204295","0,00000012595768813100","-0,00000000790886232624","0,00000047963135914534","0,00000008092055709171","0,00000073203584410825","0,00000079111757401735","0,00000054902952745059","0,00000001975852035935","0,00000001391562343178","0,00000124646513455718","0,00000113558292899011","0,00000164554246035813","0,00000021434457569858","0,00000051767565327754"
"0,11526566333659102300","0,00000023750348261971","0,00000043586813693046","0,00000007215101417477","0,00000001396543735669","0,00000001123658238297","0,00000076698894761721","0,00000012588546389098","-0,00000000782037367336","0,00000048323120092010","0,00000008174489998750","0,00000073680740083966","0,00000079738713428063","0,00000055244489333174","0,00000001980108312856","0,00000001391578410334","0,00000124504740515021","0,00000114317948872028","0,00000165342958957403","0,00000021619185091640","0,00000052029341721929"
"0,11726958597390564600","0,00000023828210078265","0,00000043918364381814","0,00000007183598005752","0,00000001396355074134","0,00000001125014078067","0,00000077170700898086","0,00000012584841591028","-0,00000000773712341599","0,00000048680618219881","0,00000008253120294275","0,00000074161877053831","0,00000080374628417816","0,00000055586208576349","0,00000001984547401126","0,00000001391672189719","0,00000124371921947768","0,00000115080650194171","0,00000166129564442018","0,00000021805949982352","0,00000052293090034324"
"0,11927350861122028300","0,00000023906401680492","0,00000044253648918615","0,00000007154837952786","0,00000001396704702597","0,00000001126400419911","0,00000077644031613391","0,00000012584654418889","-0,00000000765911155416","0,00000049035630298146","0,00000008327946595747","0,00000074646995320423","0,00000081019502370994","0,00000055928110474584","0,00000001989169300744","0,00000001391843681335","0,00000124248057753959","0,00000115846396865439","0,00000166914062489659","0,00000021994752241994","0,00000052558810264938"
"0,12127743124853490600","0,00000023984923068653","0,00000044592667303449","0,00000007128821258578","0,00000001397592621059","0,00000001127817263829","0,00000078118886907635","0,00000012587984872681","-0,00000000758633808784","0,00000049388156326807","0,00000008398968903165","0,00000075136094883739","0,00000081673335287596","0,00000056270195027879","0,00000001993974011711","0,00000001392092885181","0,00000124133147933594","0,00000116615188885833","0,00000167696453100326","0,00000022185591870565","0,00000052826502413772"
"0,12328135388584952900","0,00000024063774242747","0,00000044935419536316","0,00000007105547923130","0,00000001399018829520","0,00000001129264609822","0,00000078595266780818","0,00000012594832952404","-0,00000000751880301704","0,00000049738196305863","0,00000008466187216529","0,00000075629175743781","0,00000082336127167623","0,00000056612462236233","0,00000001998961534026","0,00000001392419801257","0,00000124027192486672","0,00000117387026255352","0,00000168476736274018","0,00000022378468868066","0,00000053096166480826"
"0,12528527652316415200","0,00000024142955202774","0,00000045281905617217","0,00000007085017946441","0,00000001400983327981","0,00000001130742457889","0,00000079073171232941","0,00000012605198658058","-0,00000000745650634177","0,00000050085750235314","0,00000008529601535840","0,00000076126237900549","0,00000083007878011074","0,00000056954912099647","0,00000002004131867690","0,00000001392824429564","0,00000123930191413194","0,00000118161908973997","0,00000169254912010737","0,00000022573383234496","0,00000053367802466100"
"0,12728919916047878900","0,00000024222465948734","0,00000045632125546150","0,00000007067231328511","0,00000001403486116440","0,00000001132250808031","0,00000079552600264003","0,00000012619081989644","-0,00000000739944806202","0,00000050430818115159","0,00000008589211861096","0,00000076627281354042","0,00000083688587817951","0,00000057297544618121","0,00000002009485012702","0,00000001393306770100","0,00000123842144713161","0,00000118939837041767","0,00000170030980310481","0,00000022770334969857","0,00000053641410369593"
"0,12929312179779342500","0,00000024302306480627","0,00000045986079323117","0,00000007052188069339","0,00000001406527194898","0,00000001133789660248","0,00000080033553874004","0,00000012636482947160","-0,00000000734762817779","0,00000050773399945400","0,00000008645018192300","0,00000077132306104260","0,00000084378256588252","0,00000057640359791654","0,00000002015020969062","0,00000001393866822866","0,00000123763052386571","0,00000119720810458662","0,00000170804941173251","0,00000022969324074147","0,00000053916990191305"
"0,13129704443510806200","0,00000024382476798454","0,00000046343766948116","0,00000007039888168927","0,00000001410106563355","0,00000001135359014539","0,00000080516032062945","0,00000012657401530608","-0,00000000730104668908","0,00000051113495726035","0,00000008697020529449","0,00000077641312151204","0,00000085076884321977","0,00000057983357620248","0,00000002020739736771","0,00000001394504587863","0,00000123692914433425","0,00000120504829224683","0,00000171576794599047","0,00000023170350547367","0,00000054194541931238"
"0,13330096707242267100","0,00000024462976902214","0,00000046705188421149","0,00000007030331627274","0,00000001414224221811","0,00000001136958870905","0,00000081000034830825","0,00000012681837739988","-0,00000000725970359589","0,00000051451105457066","0,00000008745218872545","0,00000078154299494873","0,00000085784471019127","0,00000058326538103900","0,00000002026641315829","0,00000001395220065090","0,00000123631730853722","0,00000121291893339830","0,00000172346540587868","0,00000023373414389516","0,00000054474065589390"
"0,13530488970973730800","0,00000024543806791907","0,00000047070343742215","0,00000007023518444379","0,00000001418880170266","0,00000001138589229345","0,00000081485562177644","0,00000012709791575298","-0,00000000722359889823","0,00000051786229138491","0,00000008789613221587","0,00000078671268135268","0,00000086501016679702","0,00000058669901242613","0,00000002032725706234","0,00000001396013254546","0,00000123579501647464","0,00000122082002804101","0,00000173114179139715","0,00000023578515600595","0,00000054755561165762"
"0,13730881234705194500","0,00000024624966467533","0,00000047439232911314","0,00000007019448620244","0,00000001424074408720","0,00000001140250089860","0,00000081972614103403","0,00000012741263036540","-0,00000000719273259608","0,00000052118866770311","0,00000008830203576576","0,00000079192218072388","0,00000087226521303702","0,00000059013447036385","0,00000002038992907989","0,00000001396884156233","0,00000123536226814649","0,00000122875157617499","0,00000173879710254588","0,00000023785654180604","0,00000055039028660353"
"0,13931273498436658200","0,00000024706455929092","0,00000047811855928447","0,00000007018122154867","0,00000001429806937173","0,00000001141941452449","0,00000082461190608101","0,00000012776252123713","-0,00000000716710468946","0,00000052449018352527","0,00000008866989937511","0,00000079717149306234","0,00000087960984891126","0,00000059357175485217","0,00000002045442921091","0,00000001397832770150","0,00000123501906355278","0,00000123671357780022","0,00000174643133932487","0,00000023994830129543","0,00000055324468073165"
"0,14131665762168119100","0,00000024788275176585","0,00000048188212793612","0,00000007019539048250","0,00000001436077755625","0,00000001143663317113","0,00000082951291691739","0,00000012814758836817","-0,00000000714671517836","0,00000052776683885137","0,00000008899972304392","0,00000080246061836805","0,00000088704407441975","0,00000059701086589109","0,00000002052075745543","0,00000001398859096298","0,00000123476540269352","0,00000124470603291670","0,00000175404450173412","0,00000024206043447411","0,00000055611879404196"
"0,14332058025899582800","0,00000024870424210011","0,00000048568303506810","0,00000007023699300392","0,00000001442886864076","0,00000001145415683851","0,00000083442917354316","0,00000012856783175852","-0,00000000713156406279","0,00000053101863368142","0,00000008929150677220","0,00000080778955664102","0,00000089456788956249","0,00000060045180348060","0,00000002058891381342","0,00000001399963134675","0,00000123460128556869","0,00000125272894152443","0,00000176163658977363","0,00000024419294134209","0,00000055901262653446"
"0,14532450289631046500","0,00000024952903029369","0,00000048952128068042","0,00000007030602911292","0,00000001450234262526","0,00000001147198552664","0,00000083936067595832","0,00000012902325140818","-0,00000000712165134273","0,00000053424556801542","0,00000008954525055993","0,00000081315830788124","0,00000090218129433947","0,00000060389456762072","0,00000002065889828490","0,00000001401144885282","0,00000123452671217829","0,00000126078230362343","0,00000176920760344339","0,00000024634582189937","0,00000056192617820916"
"0,14732842553362510100","0,00000025035711634662","0,00000049339686477307","0,00000007040249880952","0,00000001458119950975","0,00000001149011923551","0,00000084430742416287","0,00000012951384731716","-0,00000000711697701820","0,00000053744764185337","0,00000008976095440714","0,00000081856687208871","0,00000090988428875070","0,00000060733915831142","0,00000002073071086987","0,00000001402404348120","0,00000123454168252234","0,00000126886611921367","0,00000177675754274341","0,00000024851907614594","0,00000056485944906606"
"0,14933234817093971000","0,00000025118850025887","0,00000049730978734604","0,00000007052640209370","0,00000001466543929422","0,00000001150855796513","0,00000084926941815682","0,00000013003961948545","-0,00000000711754108918","0,00000054062485519527","0,00000008993861831380","0,00000082401524926344","0,00000091767687279618","0,00000061078557555273","0,00000002080435156832","0,00000001403741523187","0,00000123464619660083","0,00000127698038829517","0,00000178428640767369","0,00000025071270408181","0,00000056781243910516"
"0,15133627080825434700","0,00000025201897224245","0,00000050124886664913","0,00000007068175674638","0,00000001475000335507","0,00000001152713876731","0,00000085425139717788","0,00000013059447515133","-0,00000000711760820920","0,00000054385072518210","0,00000009011004113102","0,00000082948567197225","0,00000092551389103191","0,00000061422104448985","0,00000002087652356267","0,00000001405032691645","0,00000123476263710684","0,00000128512271940804","0,00000179178804853805","0,00000025291665500609","0,00000057076778389779"
"0,15334019344556898400","0,00000025284432250933","0,00000050520292093211","0,00000007087258054846","0,00000001482983306865","0,00000001154569869387","0,00000085925810046374","0,00000013117232155307","-0,00000000711144303177","0,00000054719876895486","0,00000009030702170987","0,00000083496037278196","0,00000093335018801391","0,00000061763279026799","0,00000002094393003534","0,00000001406154134653","0,00000123481338673348","0,00000129329072109240","0,00000179925631564031","0,00000025512087821789","0,00000057370811901530"
"0,15534411608288362100","0,00000025366455105954","0,00000050917195019497","0,00000007109887349994","0,00000001490492843496","0,00000001156423774480","0,00000086428952801442","0,00000013177315869068","-0,00000000709904555688","0,00000055066898651352","0,00000009052956005036","0,00000084043935169258","0,00000094118576374218","0,00000062102081288715","0,00000002100657098633","0,00000001407105852212","0,00000123479844548073","0,00000130148439334824","0,00000180669120898047","0,00000025732537371721","0,00000057663344445769"
"0,15734803872019823000","0,00000025447965789305","0,00000051315595443772","0,00000007136063560082","0,00000001497528945402","0,00000001158275592012","0,00000086934567982990","0,00000013239698656416","-0,00000000708041578454","0,00000055426137785811","0,00000009077765615248","0,00000084592260870410","0,00000094902061821671","0,00000062438511234734","0,00000002106444641563","0,00000001407887844321","0,00000123471781334861","0,00000130970373617556","0,00000181409272855854","0,00000025953014150406","0,00000057954376022495"
"0,15935196135751286700","0,00000025528964300988","0,00000051715493366036","0,00000007165786685109","0,00000001504091612581","0,00000001160125321980","0,00000087442655591020","0,00000013304380517350","-0,00000000705555371474","0,00000055797594298861","0,00000009105131001625","0,00000085141014381652","0,00000095685475143752","0,00000062772568864856","0,00000002111755632325","0,00000001408500110981","0,00000123457149033711","0,00000131794874957437","0,00000182146087437451","0,00000026173518157842","0,00000058243906631709"
"0,16135588399482750400","0,00000025609450641002","0,00000052116888786288","0,00000007199056725077","0,00000001510180845035","0,00000001161972964387","0,00000087953215625531","0,00000013371361451871","-0,00000000702445934748","0,00000056181268190503","0,00000009135052164165","0,00000085690195702984","0,00000096468816340459","0,00000063104254179080","0,00000002116590070919","0,00000001408942652191","0,00000123435947644623","0,00000132621943354466","0,00000182879564642838","0,00000026394049394030","0,00000058531936273411"
"0,16335980663214211300","0,00000025689424809348","0,00000052519781704530","0,00000007235873679985","0,00000001515796642762","0,00000001163818519231","0,00000088466248086524","0,00000013440641459979","-0,00000000698713268278","0,00000056577159460736","0,00000009167529102868","0,00000086239804834407","0,00000097252085411793","0,00000063433567177406","0,00000002120947957345","0,00000001409215467952","0,00000123408177167598","0,00000133451578808644","0,00000183609704472016","0,00000026614607858970","0,00000058818464947600"
"0,16536372926945675000","0,00000025768886806025","0,00000052924172120760","0,00000007276237549832","0,00000001520939005763","0,00000001165661986512","0,00000088981752973997","0,00000013512220541673","-0,00000000694357372061","0,00000056985268109561","0,00000009202561817736","0,00000086789841775920","0,00000098035282357754","0,00000063760507859835","0,00000002124829291602","0,00000001409318558263","0,00000123373837602634","0,00000134283781319970","0,00000184336506924984","0,00000026835193552662","0,00000059103492654277"
"0,16736765190677138600","0,00000025847836631033","0,00000053330060034979","0,00000007320148334619","0,00000001525607934037","0,00000001167503366232","0,00000089499730287951","0,00000013586098696954","-0,00000000689378246099","0,00000057405594136978","0,00000009240150308767","0,00000087340306527523","0,00000098818407178341","0,00000064085076226366","0,00000002128234073691","0,00000001409251923124","0,00000123332928949732","0,00000135118550888445","0,00000185059972001742","0,00000027055806475107","0,00000059387019393442"
"0,16937157454408602300","0,00000025926274284372","0,00000053737445447186","0,00000007367606034347","0,00000001529803427586","0,00000001169342658389","0,00000090020180028387","0,00000013662275925821","-0,00000000683775890392","0,00000057838137542987","0,00000009280294575961","0,00000087891199089217","0,00000099601459873555","0,00000064407272277000","0,00000002131162303612","0,00000001409015562536","0,00000123285451208893","0,00000135955887514068","0,00000185780099702290","0,00000027276446626303","0,00000059669045165094"
"0,17137549718140063200","0,00000026004199766043","0,00000054146328357383","0,00000007418610649014","0,00000001533525486408","0,00000001171179862984","0,00000090543102195304","0,00000013740752228275","-0,00000000677550304939","0,00000058282898327587","0,00000009322994619320","0,00000088442519461001","0,00000100384440443396","0,00000064727096011737","0,00000002133613981365","0,00000001408609476498","0,00000123231404380116","0,00000136795791196840","0,00000186496890026629","0,00000027497114006251","0,00000059949569969234"
"0,17337941981871526900","0,00000026081613076045","0,00000054556708765568","0,00000007473162178621","0,00000001536774110504","0,00000001173014980016","0,00000091068496788702","0,00000013821527604316","-0,00000000670701489740","0,00000058739876490780","0,00000009368250438842","0,00000088994267642875","0,00000101167348887864","0,00000065044547430575","0,00000002135589106949","0,00000001408033665011","0,00000123170788463401","0,00000137638261936760","0,00000187210342974758","0,00000027717808614952","0,00000060228593805862"
"0,17538334245602990600","0,00000026158514214378","0,00000054968586671742","0,00000007531260623168","0,00000001539549299874","0,00000001174848009486","0,00000091596363808581","0,00000013904602053944","-0,00000000663229444796","0,00000059209072032563","0,00000009416062034528","0,00000089546443634840","0,00000101950185206959","0,00000065359626533517","0,00000002137087680365","0,00000001407288128074","0,00000123103603458748","0,00000138483299733828","0,00000187920458546677","0,00000027938530452404","0,00000060506116674977"
"0,17738726509334454300","0,00000026234903181043","0,00000055381962075904","0,00000007592905982656","0,00000001541851054518","0,00000001176678951394","0,00000092126703254941","0,00000013989975577158","-0,00000000655134170107","0,00000059690484952939","0,00000009466429406377","0,00000090099047436895","0,00000102732949400680","0,00000065672333320560","0,00000002138109701613","0,00000001406372865687","0,00000123029849366157","0,00000139330904588045","0,00000188627236742387","0,00000028159279518609","0,00000060782138576580"
"0,17939118773065915200","0,00000026310779976039","0,00000055796834978056","0,00000007658098257083","0,00000001543679374436","0,00000001178507805739","0,00000092659515127783","0,00000014077648173959","-0,00000000646415665672","0,00000060184115251906","0,00000009519352554390","0,00000090652079049040","0,00000103515641469028","0,00000065982667791706","0,00000002138655170692","0,00000001405287877851","0,00000122949526185628","0,00000140181076499410","0,00000189330677561887","0,00000028380055813565","0,00000061056659510671"
"0,18139511036797378900","0,00000026386144599366","0,00000056213205378196","0,00000007726837446450","0,00000001545034259627","0,00000001180334572522","0,00000093194799427105","0,00000014167619844346","-0,00000000637073931492","0,00000060689962929465","0,00000009574831478567","0,00000091205538471276","0,00000104298261412003","0,00000066290629946955","0,00000002138724087604","0,00000001404033164566","0,00000122862633917161","0,00000141033815467924","0,00000190030781005177","0,00000028600859337274","0,00000061329679477250"
"0,18339903300528842500","0,00000026460997051025","0,00000056631073276325","0,00000007799123550756","0,00000001545915710092","0,00000001182159251743","0,00000093732556152909","0,00000014259890588320","-0,00000000627108967566","0,00000061208027985615","0,00000009632866178908","0,00000091759425703602","0,00000105080809229604","0,00000066596219786306","0,00000002138316452347","0,00000001402608725831","0,00000122769172560757","0,00000141889121493587","0,00000190727547072257","0,00000028821690089734","0,00000061601198476316"
"0,18540295564260306200","0,00000026535337331015","0,00000057050438672443","0,00000007874956570003","0,00000001546323725831","0,00000001183981843401","0,00000094272785305194","0,00000014354460405880","-0,00000000616520773894","0,00000061738310420358","0,00000009693456655412","0,00000092313740746018","0,00000105863284921833","0,00000066899437309760","0,00000002137432264922","0,00000001401014561646","0,00000122669142116414","0,00000142746994576397","0,00000191420975763128","0,00000029042548070947","0,00000061871216507870"
"0,18740687827991767100","0,00000026609165439336","0,00000057471301566549","0,00000007954336504190","0,00000001546258306844","0,00000001185802347497","0,00000094815486883960","0,00000014451329297028","-0,00000000605309350477","0,00000062280810233692","0,00000009756602908080","0,00000092868483598525","0,00000106645688488688","0,00000067200282517316","0,00000002136071525328","0,00000001399250672012","0,00000122562542584134","0,00000143607434716357","0,00000192111067077789","0,00000029263433280912","0,00000062139733571911"
"0,18941080091723230800","0,00000026682481375988","0,00000057893661958644","0,00000008037263353317","0,00000001545719453131","0,00000001187620764031","0,00000095360660889207","0,00000014550497261762","-0,00000000593474697315","0,00000062835527425617","0,00000009822304936911","0,00000093423654261122","0,00000107428019930170","0,00000067498755408974","0,00000002134234233566","0,00000001397317056928","0,00000122449373963916","0,00000144470441913464","0,00000192797821016240","0,00000029484345719629","0,00000062406749668441"
"0,19141472355454694500","0,00000026755285140972","0,00000058317519848728","0,00000008123737117383","0,00000001544707164691","0,00000001189437093002","0,00000095908307320936","0,00000014651964300082","-0,00000000581016814407","0,00000063402461996135","0,00000009890562741907","0,00000093979252733809","0,00000108210279246279","0,00000067794855984735","0,00000002131920389636","0,00000001395213716395","0,00000122329636255760","0,00000145336016167720","0,00000193481237578482","0,00000029705285387097","0,00000062672264797458"
"0,19341864619186155400","0,00000026827576734287","0,00000058742875236801","0,00000008213757796390","0,00000001543221441526","0,00000001191251334411","0,00000096458426179145","0,00000014755730411989","-0,00000000567935701753","0,00000063981613945244","0,00000009961376323066","0,00000094535279016587","0,00000108992466437014","0,00000068088584244598","0,00000002129129993538","0,00000001392940650412","0,00000122203329459666","0,00000146204157479125","0,00000194161316764514","0,00000029926252283318","0,00000062936278958962"
"0,19542256882917619100","0,00000026899356155934","0,00000059169728122862","0,00000008307325390336","0,00000001541262283634","0,00000001193063488258","0,00000097011017463836","0,00000014861795597483","-0,00000000554231359354","0,00000064572983272945","0,00000010034745680388","0,00000095091733109455","0,00000109774581502376","0,00000068379940188564","0,00000002125863045272","0,00000001390497858979","0,00000122070453575634","0,00000147074865847678","0,00000194838058574336","0,00000030147246408291","0,00000063198792152954"
"0,19742649146649082800","0,00000026970623405911","0,00000059598078506913","0,00000008404439899223","0,00000001538829691016","0,00000001194873554542","0,00000097566081175008","0,00000014970159856564","-0,00000000539903787210","0,00000065176569979237","0,00000010110670813875","0,00000095648615012413","0,00000110556624442365","0,00000068668923816633","0,00000002122119544837","0,00000001387885342097","0,00000121931008603664","0,00000147948141273379","0,00000195511463007948","0,00000030368267762016","0,00000063459804379434"
"0,19943041410380546400","0,00000027041378484221","0,00000060027926388952","0,00000008505101323049","0,00000001535923663672","0,00000001196681533264","0,00000098123617312661","0,00000015080823189231","-0,00000000524952985320","0,00000065792374064121","0,00000010189151723525","0,00000096205924725461","0,00000111338595256981","0,00000068955535128803","0,00000002117899492234","0,00000001385103099766","0,00000121784994543756","0,00000148823983756229","0,00000196181530065351","0,00000030589316344493","0,00000063719315638402"
"0,20143433674112007400","0,00000027112270140585","0,00000060458148517293","0,00000008607832444932","0,00000001533083266917","0,00000001198453271171","0,00000098682797383264","0,00000015192577018877","-0,00000000509974296993","0,00000066410389918046","0,00000010267081085380","0,00000096761775004209","0,00000112119830527241","0,00000069241111318608","0,00000002113681271594","0,00000001382418577332","0,00000121638658999716","0,00000149700737885794","0,00000196847163708908","0,00000030810045919159","0,00000063979603389511"
"0,20343825937843471000","0,00000027183947124730","0,00000060887621640252","0,00000008711156047986","0,00000001530847566068","0,00000001200154615008","0,00000099242792893284","0,00000015304212768894","-0,00000000495563065536","0,00000067020611931459","0,00000010341351575484","0,00000097314278604265","0,00000112899666834164","0,00000069526989579578","0,00000002109943267048","0,00000001380099220145","0,00000121498249575347","0,00000150576748251639","0,00000197507267900984","0,00000031030110249453","0,00000064242945092415"
"0,20544218201574934700","0,00000027256409436655","0,00000061316345757828","0,00000008815072132213","0,00000001529216561125","0,00000001201785564775","0,00000099803603842721","0,00000015415730439282","-0,00000000481719290949","0,00000067623040104361","0,00000010411963193835","0,00000097863435525629","0,00000113678104177749","0,00000069813169911712","0,00000002106685478596","0,00000001378145028204","0,00000121363766270649","0,00000151452014853764","0,00000198161842641578","0,00000031249509335373","0,00000064509340747113"
"0,20744610465306398400","0,00000027329657076360","0,00000061744320870021","0,00000008919580697612","0,00000001528190252088","0,00000001203346120473","0,00000100365230231576","0,00000015527130030042","-0,00000000468442973234","0,00000068217674436751","0,00000010478915940434","0,00000098409245768301","0,00000114455142557996","0,00000070099652315012","0,00000002103907906237","0,00000001376556001509","0,00000121235209085623","0,00000152326537692170","0,00000198810887930691","0,00000031468243176920","0,00000064778790353606"
"0,20945002729037859300","0,00000027403690043846","0,00000062171546976831","0,00000009024681744183","0,00000001527768638956","0,00000001204836282102","0,00000100927672059849","0,00000015638411541173","-0,00000000455734112389","0,00000068804514928630","0,00000010542209815280","0,00000098951709332281","0,00000115230781974905","0,00000070386436789476","0,00000002101610549973","0,00000001375332140059","0,00000121112578020269","0,00000153200316766856","0,00000199454403768323","0,00000031686311774093","0,00000065051293911894"
"0,21145394992769323000","0,00000027478508339111","0,00000062598024078258","0,00000009130375271926","0,00000001527951721730","0,00000001206256049662","0,00000101490929327539","0,00000015749574972674","-0,00000000443592708414","0,00000069383561579998","0,00000010601844818374","0,00000099490826217569","0,00000116005022428477","0,00000070673523335106","0,00000002099793409803","0,00000001374473443856","0,00000120995873074586","0,00000154073352077823","0,00000200092390154473","0,00000031903715126894","0,00000065326851421976"
"0,21345787256500786700","0,00000027554111962156","0,00000063023752174302","0,00000009236661280841","0,00000001528739500410","0,00000001207605423152","0,00000102055002034647","0,00000015860620324548","-0,00000000432018761310","0,00000069954814390855","0,00000010657820949716","0,00000100026596424165","0,00000116777863918711","0,00000070960911951901","0,00000002098456485726","0,00000001373979912899","0,00000120885094248575","0,00000154945643625070","0,00000200724847089142","0,00000032120453235322","0,00000065605462883854"
"0,21546179520232250400","0,00000027630500912982","0,00000063448731264963","0,00000009343539770929","0,00000001530131974995","0,00000001208884402573","0,00000102619890181172","0,00000015971547596792","-0,00000000421012271077","0,00000070518273361200","0,00000010710138209305","0,00000100559019952069","0,00000117549306445607","0,00000071248602639860","0,00000002097599777744","0,00000001373851547188","0,00000120780241542236","0,00000155817191408598","0,00000201351774572330","0,00000032336526099376","0,00000065887128297526"
"0,21746571783963711300","0,00000027707675191588","0,00000063872961350241","0,00000009451010742188","0,00000001532129145486","0,00000001210092987925","0,00000103185593767115","0,00000016082356789407","-0,00000000410573237714","0,00000071073938491034","0,00000010758796597142","0,00000101088096801281","0,00000118319350009165","0,00000071536595398985","0,00000002097223285855","0,00000001374088346723","0,00000120681314955568","0,00000156687995428406","0,00000201973172604036","0,00000032551933719057","0,00000066171847662992"
"0,21946964047695174900","0,00000027785634797973","0,00000064296442430136","0,00000009559074194620","0,00000001534731011883","0,00000001211231179207","0,00000103752112792476","0,00000016193047902394","-0,00000000400701661222","0,00000071621809780356","0,00000010803796113227","0,00000101613826971801","0,00000119087994609386","0,00000071824890229275","0,00000002097327010061","0,00000001374690311504","0,00000120588314488572","0,00000157558055684495","0,00000202589041184261","0,00000032766676094366","0,00000066459620980254"
"0,22147356311426638600","0,00000027864379732139","0,00000064719174504648","0,00000009667730128224","0,00000001537937574186","0,00000001212298976420","0,00000104319447257254","0,00000016303620935752","-0,00000000391397541600","0,00000072161887229168","0,00000010845136757559","0,00000102136210463630","0,00000119855240246269","0,00000072113487130730","0,00000002097910950360","0,00000001375657441531","0,00000120501240141247","0,00000158427372176864","0,00000203199380313004","0,00000032980753225301","0,00000066750448249310"
"0,22347748575158102300","0,00000027943909994085","0,00000065141157573777","0,00000009776978543000","0,00000001541748832394","0,00000001213296379563","0,00000104887597161450","0,00000016414075889481","-0,00000000382660878849","0,00000072694170837468","0,00000010882818530139","0,00000102655247276766","0,00000120621086919814","0,00000072402386103349","0,00000002098975106753","0,00000001376989736805","0,00000120420091913594","0,00000159295944905514","0,00000203804189990266","0,00000033194165111862","0,00000067044329470161"
"0,22548140838889563200","0,00000028024225583811","0,00000065562391637523","0,00000009886819438949","0,00000001546164786508","0,00000001214223388638","0,00000105456562505063","0,00000016524412763581","-0,00000000374491672969","0,00000073218660605256","0,00000010916841430967","0,00000103170937411211","0,00000121385534630021","0,00000072691587147134","0,00000002100519479241","0,00000001378687197324","0,00000120344869805613","0,00000160163773870444","0,00000204403470216047","0,00000033406911754051","0,00000067341264642807"
"0,22748533102621026900","0,00000028105326501318","0,00000065982876695886","0,00000009997252816069","0,00000001551185436528","0,00000001215080003643","0,00000106026343288094","0,00000016634631558052","-0,00000000366889923959","0,00000073735356532534","0,00000010947205460042","0,00000103683280866963","0,00000122148583376891","0,00000072981090262084","0,00000002102544067822","0,00000001380749823089","0,00000120275573817303","0,00000161030859071655","0,00000204997220990347","0,00000033618993151867","0,00000067641253767247"
"0,22948925366352490600","0,00000028187212746604","0,00000066402612748866","0,00000010108278674362","0,00000001556810782453","0,00000001215866224578","0,00000106596939510542","0,00000016744732272895","-0,00000000359855631820","0,00000074244258619300","0,00000010973910617365","0,00000104192277644024","0,00000122910233160423","0,00000073270895448199","0,00000002105048872497","0,00000001383177614100","0,00000120212203948665","0,00000161897200509146","0,00000205585442313165","0,00000033830409305309","0,00000067944296843482"
"0,23149317630083951500","0,00000028269884319670","0,00000066821599796463","0,00000010219897013826","0,00000001563040824284","0,00000001216582051445","0,00000107168351172408","0,00000016854714908109","-0,00000000353388796551","0,00000074745366865554","0,00000010996956902936","0,00000104697927742393","0,00000123670483980618","0,00000073561002705478","0,00000002108033893266","0,00000001385970570358","0,00000120154760199698","0,00000162762798182918","0,00000206168134184501","0,00000034041160214379","0,00000068250393871512"
"0,23349709893815415200","0,00000028353341220517","0,00000067239837838677","0,00000010332107834463","0,00000001569875562021","0,00000001217227484242","0,00000107740578273692","0,00000016964579463694","-0,00000000347489418153","0,00000075238681271298","0,00000011016344316755","0,00000105200231162070","0,00000124429335837474","0,00000073851412033923","0,00000002111499130129","0,00000001389128691861","0,00000120103242570403","0,00000163627652092970","0,00000206745296604357","0,00000034251245879075","0,00000068559544851337"
"0,23550102157546878900","0,00000028437583449144","0,00000067657326875508","0,00000010444911136272","0,00000001577314995663","0,00000001217802522969","0,00000108313620814393","0,00000017074325939650","-0,00000000342157496626","0,00000075724201836530","0,00000011032072858821","0,00000105699187903054","0,00000125186788730993","0,00000074142123433533","0,00000002115444583086","0,00000001392651978611","0,00000120057651060780","0,00000164491762239303","0,00000207316929572731","0,00000034460666299398","0,00000068871749782956"
"0,23750494421278342500","0,00000028522611005550","0,00000068074066906956","0,00000010558306919253","0,00000001585359125211","0,00000001218307167628","0,00000108887478794512","0,00000017183954335977","-0,00000000337393031969","0,00000076201928561250","0,00000011044142529134","0,00000106194797965347","0,00000125942842661174","0,00000074433136904308","0,00000002119870252137","0,00000001396540430606","0,00000120017985670828","0,00000165355128621916","0,00000207883033089623","0,00000034669421475348","0,00000069187008666370"
"0,23950886685009803400","0,00000028608423889737","0,00000068490057933021","0,00000010672295183407","0,00000001594007950665","0,00000001218741418217","0,00000109462152214048","0,00000017293464652675","-0,00000000333196024183","0,00000076671861445460","0,00000011052553327696","0,00000106687061348948","0,00000126697497628017","0,00000074724452446248","0,00000002124776137282","0,00000001400794047848","0,00000119984246400548","0,00000166217751240809","0,00000208443607155035","0,00000034877511406924","0,00000069505321501579"
"0,24151278948741267100","0,00000028695022101704","0,00000068905299953703","0,00000010786875928732","0,00000001603261472025","0,00000001219105274736","0,00000110037641073002","0,00000017402856889745","-0,00000000329566473267","0,00000077134000489158","0,00000011057305254505","0,00000107175978053857","0,00000127450753631523","0,00000075016070059353","0,00000002130162238521","0,00000001405412830335","0,00000119956433249940","0,00000167079630095983","0,00000208998651768964","0,00000035084936094128","0,00000069826688288583"
"0,24351671212472730800","0,00000028782405641451","0,00000069319792969002","0,00000010902049155230","0,00000001613119689290","0,00000001219398737187","0,00000110613945371373","0,00000017512131047186","-0,00000000326504379222","0,00000077588345692345","0,00000011058398309562","0,00000107661548080074","0,00000128202610671691","0,00000075307989743623","0,00000002136028555854","0,00000001410396778069","0,00000119934546219003","0,00000167940765187438","0,00000209548166931413","0,00000035291695536959","0,00000070151109027381"
"0,24552063476204194500","0,00000028870574508978","0,00000069733536978918","0,00000011017814862900","0,00000001623582602461","0,00000001219621805568","0,00000111191065109162","0,00000017621287124998","-0,00000000324009742047","0,00000078034897055020","0,00000011055832492866","0,00000108143771427600","0,00000128953068748521","0,00000075600211499058","0,00000002142375089280","0,00000001415745891049","0,00000119918585307738","0,00000168801156515173","0,00000210092152642380","0,00000035497789735416","0,00000070478583717974"
"0,24752455739935655400","0,00000028959528704286","0,00000070146531983451","0,00000011134173051742","0,00000001634650211538","0,00000001219774479879","0,00000111769000286369","0,00000017730325123181","-0,00000000322082561743","0,00000078473654577184","0,00000011049607804418","0,00000108622648096433","0,00000129702127862014","0,00000075892735325658","0,00000002149201838801","0,00000001421460169274","0,00000119908550516144","0,00000169660804079189","0,00000210630608901866","0,00000035703218689500","0,00000070809112360362"
"0,24952848003667119100","0,00000029049268227373","0,00000070558777982601","0,00000011251123721756","0,00000001646322516520","0,00000001219856760122","0,00000112347750902993","0,00000017839245041735","-0,00000000320722838310","0,00000078904618258837","0,00000011039724244218","0,00000109098178086574","0,00000130449788012168","0,00000076185561223423","0,00000002156508804416","0,00000001427539612746","0,00000119904441844222","0,00000170519707879485","0,00000211163535709870","0,00000035907982399211","0,00000071142694954544"
"0,25153240267398580000","0,00000029137770230617","0,00000070970073667096","0,00000011367823321194","0,00000001657916616131","0,00000001219923329874","0,00000112925774707916","0,00000017947791455599","-0,00000000319502803590","0,00000079334561761912","0,00000011029488516643","0,00000109574322462682","0,00000131195238951604","0,00000076480639090162","0,00000002163771276328","0,00000001433550039007","0,00000119905207606755","0,00000171377958557151","0,00000211693296211794","0,00000036112272742786","0,00000071476665197842"
"0,25353632531130043700","0,00000029223011866395","0,00000071380217727663","0,00000011483428298307","0,00000001668749609092","0,00000001220028872716","0,00000113501529450020","0,00000018055708939710","-0,00000000317994689425","0,00000079770258748343","0,00000011022207326073","0,00000110055042289416","0,00000131937670432939","0,00000076779918823683","0,00000002170464544743","0,00000001439057265600","0,00000119909796118527","0,00000172235646753277","0,00000212222253553039","0,00000036316281598463","0,00000071808356787574"
"0,25554024794861507300","0,00000029304993134706","0,00000071789210164303","0,00000011597938653096","0,00000001678821495404","0,00000001220173388647","0,00000114075015129305","0,00000018162997494067","-0,00000000316198495817","0,00000080211709218129","0,00000011017880672507","0,00000110540337566776","0,00000132677082456174","0,00000077083400423988","0,00000002176588609659","0,00000001444061292525","0,00000119918207379538","0,00000173092772467863","0,00000212750407733605","0,00000036520008966240","0,00000072137769723741"
"0,25754417058592971000","0,00000029383714035550","0,00000072197050977016","0,00000011711354385560","0,00000001688132275067","0,00000001220356877668","0,00000114646231745771","0,00000018269657118672","-0,00000000314114222764","0,00000080658913171270","0,00000011016508555946","0,00000111030208294761","0,00000133413475021309","0,00000077391083891076","0,00000002182143471077","0,00000001448562119783","0,00000119930441389787","0,00000173949335700908","0,00000213277758753492","0,00000036723454846119","0,00000072464904006343"
"0,25954809322324434700","0,00000029459174568927","0,00000072603740165801","0,00000011823675495700","0,00000001696681948081","0,00000001220579339778","0,00000115215179299417","0,00000018375687813524","-0,00000000311741870268","0,00000081111870607767","0,00000011018090976388","0,00000111524654473373","0,00000134146848128343","0,00000077702969224946","0,00000002187129128998","0,00000001452559747373","0,00000119946498149276","0,00000174805336452413","0,00000213804306612699","0,00000036926619238099","0,00000072789759635379"
"0,26155201586055898400","0,00000029531374734838","0,00000073009277730658","0,00000011934901983515","0,00000001704470514445","0,00000001220840774978","0,00000115781857790244","0,00000018481089578623","-0,00000000309081438327","0,00000081570581527619","0,00000011022627933835","0,00000112023676102609","0,00000134877201777277","0,00000078019056425600","0,00000002191545583420","0,00000001456054175295","0,00000119966377658003","0,00000175660774722378","0,00000214330051311227","0,00000037129502142180","0,00000073112336610851"
"0,26355593849787362100","0,00000029600314533282","0,00000073413663671588","0,00000012045033849006","0,00000001711497974160","0,00000001221141183267","0,00000116346267218252","0,00000018585862413969","-0,00000000306132926942","0,00000082035045930827","0,00000011030119428286","0,00000112527273182472","0,00000135604535968111","0,00000078339345493036","0,00000002195392834344","0,00000001459045403549","0,00000119990079915969","0,00000176515650510803","0,00000214854992849076","0,00000037332103558362","0,00000073432634932757"
"0,26555986113518820200","0,00000029665993964259","0,00000073816897988591","0,00000012154071092172","0,00000001717764327226","0,00000001221480564645","0,00000116908407583440","0,00000018690006319562","-0,00000000302896336113","0,00000082505263817390","0,00000011040565459741","0,00000113035445712960","0,00000136328850700844","0,00000078663836427255","0,00000002198670881769","0,00000001461533432135","0,00000120017604923174","0,00000177369963817687","0,00000215379131226245","0,00000037534423486646","0,00000073750654601098"
"0,26756378377250283900","0,00000029728413027770","0,00000074218980681666","0,00000012262013713013","0,00000001723269573642","0,00000001221858919113","0,00000117468278885809","0,00000018793521295402","-0,00000000299371665840","0,00000082981235187309","0,00000011053966028200","0,00000113548193694074","0,00000137050145975477","0,00000078992529228257","0,00000002201379725697","0,00000001463518261053","0,00000120048952679617","0,00000178223714643031","0,00000215902466442736","0,00000037736461927031","0,00000074066395615874"
"0,26956770640981747600","0,00000029787571723814","0,00000074619911750814","0,00000012368861711530","0,00000001728013713410","0,00000001222276246670","0,00000118025881125359","0,00000018896407341489","-0,00000000295558916122","0,00000083462960040583","0,00000011070321133663","0,00000114065517125814","0,00000137768421792009","0,00000079325423896042","0,00000002203519366127","0,00000001464999890304","0,00000120084123185300","0,00000179076902986835","0,00000216424998498547","0,00000037938218879517","0,00000074379857977085"
"0,27157162904713211300","0,00000029843470052391","0,00000075019691196034","0,00000012474615087722","0,00000001731996746527","0,00000001222732547317","0,00000118581214302090","0,00000018998664457824","-0,00000000291458086961","0,00000083950438377213","0,00000011089630776131","0,00000114587416008180","0,00000138483678150441","0,00000079662520430610","0,00000002205089803058","0,00000001465978319887","0,00000120123116440221","0,00000179929528849098","0,00000216946727393679","0,00000038139694344104","0,00000074691041684731"
"0,27357555168444674900","0,00000029896108013501","0,00000075418319017327","0,00000012579273841590","0,00000001735218672996","0,00000001223227821053","0,00000119134278416001","0,00000019100292644405","-0,00000000287069178355","0,00000084443670197198","0,00000011111894955603","0,00000115113890341171","0,00000139195915050773","0,00000080003818831961","0,00000002206091036492","0,00000001466453549802","0,00000120165932444381","0,00000180781592229822","0,00000217467653128131","0,00000038340888320793","0,00000074999946738811"
"0,27557947432176138600","0,00000029945485607145","0,00000075815795214692","0,00000012682837973133","0,00000001737679492816","0,00000001223762067879","0,00000119685073467093","0,00000019201291901234","-0,00000000282392190306","0,00000084942655500539","0,00000011137113672079","0,00000115644940124788","0,00000139905132493005","0,00000080349319100094","0,00000002206523066427","0,00000001466425580049","0,00000120212571197780","0,00000181633093129005","0,00000217987775701905","0,00000038541800809583","0,00000075306573139327"
"0,27758339695907602300","0,00000029991602833322","0,00000076212119788130","0,00000012785307482352","0,00000001739379205986","0,00000001224335287794","0,00000120233599455366","0,00000019301662228309","-0,00000000277427122812","0,00000085447394287235","0,00000011165286925559","0,00000116180565359030","0,00000140611330477136","0,00000080699021235011","0,00000002206385892864","0,00000001465894410629","0,00000120263032700417","0,00000182484031546648","0,00000218507095114999","0,00000038742431810474","0,00000075610920886277"
"0,27958731959639066000","0,00000030034459692033","0,00000076607292737640","0,00000012886682369246","0,00000001740317812507","0,00000001224947480798","0,00000120779856380819","0,00000019401403625632","-0,00000000272173975874","0,00000085957886557287","0,00000011196414716044","0,00000116720766043899","0,00000141314509003166","0,00000081052925236710","0,00000002205679515803","0,00000001464860041540","0,00000120317316952294","0,00000183334407482750","0,00000219025611367414","0,00000038942781323466","0,00000075912989979662"
"0,28159124223370524100","0,00000030074056183277","0,00000077001314063223","0,00000012986962633816","0,00000001740495312378","0,00000001225598646892","0,00000121323844243454","0,00000019500516093202","-0,00000000266632749492","0,00000086474132310694","0,00000011230497043532","0,00000117265542179393","0,00000142014668071097","0,00000081411031105193","0,00000002204403935244","0,00000001463322472784","0,00000120375423953409","0,00000184184220937312","0,00000219543324459150","0,00000039142849348559","0,00000076212780419482"
"0,28359516487101987800","0,00000030110392307054","0,00000077394183764879","0,00000013086148276061","0,00000001739911705600","0,00000001226288786075","0,00000121865563043269","0,00000019598999631019","-0,00000000260803443665","0,00000086996131547457","0,00000011267533908025","0,00000117814893765513","0,00000142711807680927","0,00000081773338840458","0,00000002202559151187","0,00000001461281704360","0,00000120437353703763","0,00000185033471910335","0,00000220060234390206","0,00000039342635885754","0,00000076510292205736"
"0,28559908750833451500","0,00000030143468063364","0,00000077785901842607","0,00000013184239295981","0,00000001738566992173","0,00000001227017898348","0,00000122405012780264","0,00000019696854239083","-0,00000000254686058395","0,00000087523884267575","0,00000011307525309522","0,00000118368820802258","0,00000143405927832656","0,00000082139848442506","0,00000002200145163632","0,00000001458737736269","0,00000120503106203356","0,00000185882160401816","0,00000220576341160584","0,00000039542140935050","0,00000076805525338426"
"0,28760301014564915200","0,00000030173283452208","0,00000078176468296407","0,00000013281235693577","0,00000001736461172097","0,00000001227785983710","0,00000122942193454441","0,00000019794079917394","-0,00000000248280593680","0,00000088057390471048","0,00000011350471248024","0,00000118927323289630","0,00000144097028526286","0,00000082510559911337","0,00000002197161972579","0,00000001455690568509","0,00000120572681452188","0,00000186730286411758","0,00000221091644770282","0,00000039741364496447","0,00000077098479817550"
"0,28960693278296378800","0,00000030199838473585","0,00000078565883126280","0,00000013377137468849","0,00000001733594245372","0,00000001228593042161","0,00000123477105065798","0,00000019890676665952","-0,00000000241587049522","0,00000088596650157878","0,00000011396371723529","0,00000119490401227627","0,00000144785109761815","0,00000082885473246951","0,00000002193609578027","0,00000001452140201082","0,00000120646079450258","0,00000187577849940159","0,00000221606145219301","0,00000039940306569945","0,00000077389155643109"
"0,29161085542027842500","0,00000030223133127495","0,00000078954146332226","0,00000013471944621795","0,00000001729966211997","0,00000001229439073702","0,00000124009747614336","0,00000019986644484757","-0,00000000234605425919","0,00000089141663328062","0,00000011445226736039","0,00000120058054616250","0,00000145470171539243","0,00000083264588449348","0,00000002189487979978","0,00000001448086633987","0,00000120723300197567","0,00000188424850987020","0,00000222119842507640","0,00000040138967155544","0,00000077677552815103"
"0,29361477805759306200","0,00000030243167413939","0,00000079341257914244","0,00000013565657152418","0,00000001725577071973","0,00000001230324078332","0,00000124540121100055","0,00000020081983373809","-0,00000000227335722872","0,00000089692429981602","0,00000011497036285553","0,00000120630283455498","0,00000146152213858572","0,00000083647905518527","0,00000002184797178430","0,00000001443529867224","0,00000120804343694115","0,00000189271289552341","0,00000222632736635301","0,00000040337346253245","0,00000077963671333532"
"0,29561870069490764300","0,00000030259941332916","0,00000079727217872335","0,00000013658275060715","0,00000001720426825300","0,00000001231248056052","0,00000125068225522954","0,00000020176693333109","-0,00000000219777940381","0,00000090248950118498","0,00000011551800372071","0,00000121207087745372","0,00000146831236719799","0,00000084035424454490","0,00000002179537173385","0,00000001438469900793","0,00000120889209939902","0,00000190117165636121","0,00000223144827602282","0,00000040535443863047","0,00000078247511198396"
"0,29762262333222228000","0,00000030273454884426","0,00000080112026206498","0,00000013749798346688","0,00000001714515471977","0,00000001232211006861","0,00000125594060883034","0,00000020270774362655","-0,00000000211932078446","0,00000090811223738749","0,00000011609518995593","0,00000121788467485872","0,00000147507240122927","0,00000084427145257235","0,00000002173707964841","0,00000001432906734694","0,00000120977898934928","0,00000190962479238362","0,00000223656115408584","0,00000040733259984950","0,00000078529072409694"
"0,29962654596953691700","0,00000030283708068470","0,00000080495682916734","0,00000013840227010337","0,00000001707843012005","0,00000001233212930760","0,00000126117627180295","0,00000020364226462449","-0,00000000203798137066","0,00000091379250842355","0,00000011670192156119","0,00000122374422676998","0,00000148180224067954","0,00000084823067926764","0,00000002167309552799","0,00000001426840368928","0,00000121070410679192","0,00000191807230359062","0,00000224166600054207","0,00000040930794618955","0,00000078808354967428"
"0,30163046860685155400","0,00000030294492010075","0,00000080878281692381","0,00000013930357745707","0,00000001701122619975","0,00000001234264028899","0,00000126639638069396","0,00000020457715948786","-0,00000000195737824185","0,00000091947322671718","0,00000011730357194379","0,00000122960448498268","0,00000148851753288294","0,00000085220044714129","0,00000002160917925326","0,00000001420805637645","0,00000121165898638688","0,00000192650722841334","0,00000224677895915463","0,00000041128165337851","0,00000079087534603105"
"0,30363439124416619100","0,00000030309597834269","0,00000081259916222778","0,00000014020987246845","0,00000001695067470479","0,00000001235374502430","0,00000127160807204994","0,00000020551909137964","-0,00000000188112847742","0,00000092509730469239","0,00000011786551451099","0,00000123542040129201","0,00000149523392517358","0,00000085614927870385","0,00000002155109070490","0,00000001415337374997","0,00000121263516279409","0,00000193492260528293","0,00000225191617368664","0,00000041325489714431","0,00000079368787048235"
"0,30563831388148082800","0,00000030329025541052","0,00000081640586507926","0,00000014112115513751","0,00000001689677563515","0,00000001236544351353","0,00000127681134587092","0,00000020646806029983","-0,00000000180923207739","0,00000093066474234918","0,00000011838774926281","0,00000124119197569798","0,00000150195141755148","0,00000086007717395532","0,00000002149882988291","0,00000001410435580985","0,00000121363263601354","0,00000194331843419939","0,00000225707764413812","0,00000041522767748694","0,00000079652112302818"
"0,30764223651879546400","0,00000030352775130424","0,00000082020292547824","0,00000014203742546425","0,00000001684952899085","0,00000001237773575667","0,00000128200620215688","0,00000020742406624842","-0,00000000174168904174","0,00000093617553968754","0,00000011887027619923","0,00000124691920820057","0,00000150867001001663","0,00000086398413289570","0,00000002145239678729","0,00000001406100255607","0,00000121465140604524","0,00000195169471516270","0,00000226226337050906","0,00000041719999440640","0,00000079937510366853"
"0,30964615915611010100","0,00000030380846602385","0,00000082399034342472","0,00000014295868344867","0,00000001680893477188","0,00000001239062175374","0,00000128719264090782","0,00000020838710922542","-0,00000000167849937049","0,00000094162969670749","0,00000011931309532027","0,00000125260209879980","0,00000151538970256903","0,00000086787015552499","0,00000002141179141804","0,00000001402331398864","0,00000121569147288919","0,00000196005144817287","0,00000226747335279945","0,00000041917184790270","0,00000080224981240342"
"0,31165008179342468200","0,00000030413239956935","0,00000082776811891871","0,00000014388492909076","0,00000001677499297824","0,00000001240410150472","0,00000129237066212375","0,00000020935718923082","-0,00000000161966306363","0,00000094702721340901","0,00000011971620662593","0,00000125824064749565","0,00000152211049520869","0,00000087173524184319","0,00000002137701377515","0,00000001399129010757","0,00000121675283654538","0,00000196838863322991","0,00000227270759100930","0,00000042114323797582","0,00000080514524923283"
"0,31365400443073931900","0,00000030449955194075","0,00000083153625196020","0,00000014481616239054","0,00000001674770360993","0,00000001241817500961","0,00000129754026580466","0,00000021033430626463","-0,00000000156518012116","0,00000095236808979211","0,00000012007961011619","0,00000126383485428814","0,00000152883238793559","0,00000087557939185029","0,00000002134806385863","0,00000001396493091284","0,00000121783549701382","0,00000197670627033381","0,00000227796608513861","0,00000042311416462578","0,00000080806141415677"
"0,31565792706805395600","0,00000030490992313803","0,00000083529474254919","0,00000014575238334799","0,00000001672706666696","0,00000001243284226843","0,00000130270145195056","0,00000021131846032685","-0,00000000151505054309","0,00000095765232585678","0,00000012040330579107","0,00000126938471917726","0,00000153555538074975","0,00000087940260554631","0,00000002132494166848","0,00000001394423640446","0,00000121893945429450","0,00000198500435948457","0,00000228324883518738","0,00000042508462785257","0,00000081099830717524"
"0,31766184970536859300","0,00000030536351316121","0,00000083904359068569","0,00000014669359196312","0,00000001671308214932","0,00000001244810328116","0,00000130785422056144","0,00000021230965141747","-0,00000000146927432940","0,00000096287992160304","0,00000012068729365056","0,00000127489024216301","0,00000154227947365115","0,00000088320488293124","0,00000002130764720470","0,00000001392920658244","0,00000122006470838743","0,00000199328290068219","0,00000228855584115561","0,00000042705462765619","0,00000081395592828824"
"0,31966577234268323000","0,00000030586032201027","0,00000084278279636969","0,00000014763978823593","0,00000001670575005701","0,00000001246395804781","0,00000131299857163730","0,00000021330787953650","-0,00000000142785148011","0,00000096805087703087","0,00000012093157369466","0,00000128035142324539","0,00000154900466663981","0,00000088698622400507","0,00000002129618046729","0,00000001391984144676","0,00000122121125929261","0,00000200154189392667","0,00000229388710304329","0,00000042902416403664","0,00000081693427749576"
"0,32166969497999786700","0,00000030640034968523","0,00000084651235960119","0,00000014859097216642","0,00000001670507039003","0,00000001248040656838","0,00000131813450517815","0,00000021431314468394","-0,00000000139078199521","0,00000097316519214028","0,00000012113614592337","0,00000128576826242440","0,00000155573095971572","0,00000089074662876781","0,00000002129054145624","0,00000001391614099744","0,00000122237910701003","0,00000200978133921801","0,00000229924262085044","0,00000043099323699393","0,00000081993335479781"
"0,32367361761731250300","0,00000030698359618608","0,00000085023228038020","0,00000014954714375459","0,00000001671104314838","0,00000001249744884286","0,00000132326202118399","0,00000021532544685978","-0,00000000135806587470","0,00000097822286693127","0,00000012130101033670","0,00000129114075970005","0,00000156245835287888","0,00000089448609721946","0,00000002129073017156","0,00000001391810523446","0,00000122356825153969","0,00000201800123655622","0,00000230462239457704","0,00000043296184652805","0,00000082295316019439"
"0,32567754025462714000","0,00000030761006151282","0,00000085394255870671","0,00000015050830300043","0,00000001672366833207","0,00000001251508487126","0,00000132838111965481","0,00000021634478606403","-0,00000000132970311858","0,00000098322390140384","0,00000012142616693463","0,00000129646891507232","0,00000156918684612930","0,00000089820462936002","0,00000002129674661326","0,00000001392573415784","0,00000122477869288161","0,00000202620158594128","0,00000231002642422310","0,00000043492999263900","0,00000082599369368550"
"0,32768146289194172200","0,00000030827974566545","0,00000085764319458072","0,00000015147444990396","0,00000001674294594109","0,00000001253331465358","0,00000133349180059061","0,00000021737116229668","-0,00000000130569372686","0,00000098816829555798","0,00000012151161571718","0,00000130175272854123","0,00000157591643946696","0,00000090190222518949","0,00000002130859078131","0,00000001393902776756","0,00000122601043103577","0,00000203438238737321","0,00000231545470978862","0,00000043689767532678","0,00000082905495527114"
"0,32968538552925635800","0,00000030899264864397","0,00000086133418800223","0,00000015244558446516","0,00000001676887597544","0,00000001255213818982","0,00000133859406399140","0,00000021840457555774","-0,00000000128603769952","0,00000099305604939370","0,00000012155735668435","0,00000130699220010677","0,00000158264713289188","0,00000090557888470787","0,00000002132626267574","0,00000001395798606364","0,00000122726346600217","0,00000204254364085200","0,00000232090725127360","0,00000043886489459139","0,00000083213694495131"
"0,33168930816657099500","0,00000030974877044838","0,00000086501553897125","0,00000015342170668404","0,00000001680145843512","0,00000001257155547997","0,00000134368790985718","0,00000021944502584721","-0,00000000127073503658","0,00000099788716291100","0,00000012156338983612","0,00000131218732976893","0,00000158937892640404","0,00000090923460791516","0,00000002134976229653","0,00000001398260904607","0,00000122853779778082","0,00000205068534637765","0,00000232638404867803","0,00000044083165043284","0,00000083523966272600"
"0,33369323080388563200","0,00000031054811107869","0,00000086868724748777","0,00000015440281656060","0,00000001684069332013","0,00000001259156652405","0,00000134877333818793","0,00000022049251316508","-0,00000000125978573803","0,00000100266163610988","0,00000012152971517251","0,00000131733811752773","0,00000159611182000346","0,00000091286939481136","0,00000002137908964370","0,00000001401289671484","0,00000122983342637172","0,00000205880750395016","0,00000233188510200192","0,00000044279794285111","0,00000083836310859522"
"0,33569715344120026900","0,00000031139067053488","0,00000087234931355179","0,00000015538891409484","0,00000001688658063048","0,00000001261217132204","0,00000135385034898368","0,00000022154703751136","-0,00000000125318980387","0,00000100737946899034","0,00000012145633269350","0,00000132244456338316","0,00000160284581369013","0,00000091648324539646","0,00000002141424471723","0,00000001404884906997","0,00000123115035177487","0,00000206691011356953","0,00000233741041124528","0,00000044476377184622","0,00000084150728255897"
"0,33770107607851490600","0,00000031227644881697","0,00000087600173716332","0,00000015637999928676","0,00000001693912036616","0,00000001263336987394","0,00000135891894224441","0,00000022260859888604","-0,00000000125094723410","0,00000101204066155237","0,00000012134324239911","0,00000132750666733522","0,00000160958090746405","0,00000092007615967048","0,00000002145522751713","0,00000001409046611144","0,00000123248857399026","0,00000207499317523577","0,00000234295997640809","0,00000044672913741817","0,00000084467218461725"
"0,33970499871582954200","0,00000031320544592494","0,00000087964451832235","0,00000015737607213636","0,00000001699831252717","0,00000001265516217977","0,00000136397911797012","0,00000022367719728913","-0,00000000125305802872","0,00000101664521379598","0,00000012119044428934","0,00000133252442938392","0,00000161631710132523","0,00000092364813763340","0,00000002150203804339","0,00000001413774783927","0,00000123384809301789","0,00000208305668894886","0,00000234853379749035","0,00000044869403956694","0,00000084785781477006"
"0,34170892135314412400","0,00000031417766185881","0,00000088327765702888","0,00000015837713264363","0,00000001706415711351","0,00000001267754823951","0,00000136903087616081","0,00000022475283272063","-0,00000000125952218774","0,00000102119312572117","0,00000012099793836417","0,00000133749784952924","0,00000162305439527365","0,00000092719917928523","0,00000002155467629603","0,00000001419069425345","0,00000123522890885777","0,00000209110065470882","0,00000235413187449208","0,00000045065847829254","0,00000085106417301739"
"0,34371284399045876100","0,00000031519309661857","0,00000088690115328292","0,00000015938318080859","0,00000001713665412518","0,00000001270052805317","0,00000137407421681650","0,00000022583550518053","-0,00000000127033971115","0,00000102568439732794","0,00000012076572462362","0,00000134242692777120","0,00000162979278930933","0,00000093072928462598","0,00000002161314227503","0,00000001424930535398","0,00000123663102150990","0,00000209912507251564","0,00000235975420741327","0,00000045262245359498","0,00000085429125935925"
"0,34571676662777339700","0,00000031625175020422","0,00000089051500708446","0,00000016039421663122","0,00000001721580356219","0,00000001272410162075","0,00000137910913993716","0,00000022692521466884","-0,00000000128551059895","0,00000103011902861628","0,00000012049380306768","0,00000134731166410978","0,00000163653228343225","0,00000093423845365563","0,00000002167743598040","0,00000001431358114085","0,00000123805443097427","0,00000210712994236932","0,00000236540079625391","0,00000045458596547425","0,00000085753907379564"
"0,34772068926508803400","0,00000031735362261576","0,00000089411921843350","0,00000016141024011153","0,00000001730160542453","0,00000001274826894224","0,00000138413564552281","0,00000022802196118556","-0,00000000130503485114","0,00000103449701958621","0,00000012018217369635","0,00000135215205854500","0,00000164327287764243","0,00000093772668637419","0,00000002174755741214","0,00000001438352161408","0,00000123949913725089","0,00000211511526426986","0,00000237107164101401","0,00000045654901393035","0,00000086080761632656"
"0,34972461190240267100","0,00000031849871385319","0,00000089771378733005","0,00000016243125124952","0,00000001739405971220","0,00000001277303001765","0,00000138915373357345","0,00000022912574473068","-0,00000000132891246772","0,00000103881837023771","0,00000011983083650963","0,00000135694811107685","0,00000165001457193986","0,00000094119398278165","0,00000002182350657024","0,00000001445912677366","0,00000124096514033976","0,00000212308103821726","0,00000237676674169357","0,00000045851159896329","0,00000086409688695201"
"0,35172853453971730800","0,00000031967617616687","0,00000090129641330028","0,00000016344297186665","0,00000001748660279562","0,00000001279681872917","0,00000139416115634589","0,00000023023688575037","-0,00000000135402622231","0,00000104312627983099","0,00000011948132106541","0,00000136174005869388","0,00000165675018903291","0,00000094466402413605","0,00000002189885292379","0,00000001453422661051","0,00000124244291314904","0,00000213102853979937","0,00000238249344897869","0,00000046047076198352","0,00000086738498853485"
"0,35373245717703194500","0,00000032087516180716","0,00000090486479587039","0,00000016443112378436","0,00000001757267104523","0,00000001281806895899","0,00000139915566609694","0,00000023135570469079","-0,00000000137725888852","0,00000104746394762627","0,00000011917515692157","0,00000136656813838463","0,00000166347255162993","0,00000094816049169540","0,00000002196716594185","0,00000001460265111557","0,00000124392292858691","0,00000213895904460402","0,00000238825911355548","0,00000046242354440153","0,00000087065002393797"
"0,35573637981434658200","0,00000032209567077405","0,00000090841893504038","0,00000016539570700267","0,00000001765226446102","0,00000001283678070710","0,00000140413726282662","0,00000023248220155194","-0,00000000139861046635","0,00000105183137362353","0,00000011891234407812","0,00000137143235014912","0,00000167018165973094","0,00000095168338545970","0,00000002202844562442","0,00000001466440028883","0,00000124540518665336","0,00000214687255263121","0,00000239406373542394","0,00000046436994621731","0,00000087389199316137"
"0,35774030245166116300","0,00000032333770306754","0,00000091195883081025","0,00000016633672152156","0,00000001772538304299","0,00000001285295397350","0,00000140910594653492","0,00000023361637633383","-0,00000000141808095580","0,00000105622855782278","0,00000011869288253505","0,00000137633269398734","0,00000167687751333593","0,00000095523270542894","0,00000002208269197150","0,00000001471947413029","0,00000124688968734840","0,00000215476906388094","0,00000239990731458406","0,00000046630996743086","0,00000087711089620504"
"0,35974422508897580000","0,00000032460125868764","0,00000091548448317999","0,00000016725416734104","0,00000001779202679113","0,00000001286658875820","0,00000141406171722183","0,00000023475822903644","-0,00000000143567035687","0,00000106065550022401","0,00000011851677229236","0,00000138126916989929","0,00000168356011244491","0,00000095880845160314","0,00000002212990498309","0,00000001476787263996","0,00000124837643067203","0,00000216264857835322","0,00000240578985103585","0,00000046824360804218","0,00000088030673306898"
"0,36174814772629043600","0,00000032588633763435","0,00000091899589214960","0,00000016814804446112","0,00000001785219570546","0,00000001287768506120","0,00000141900457488737","0,00000023590775965978","-0,00000000145137866956","0,00000106511220082724","0,00000011838401335005","0,00000138624177788496","0,00000169022945705786","0,00000096241062398229","0,00000002217008465920","0,00000001480959581783","0,00000124986541662425","0,00000217051109604804","0,00000241171134477931","0,00000047017086805128","0,00000088347950375320"
"0,36375207036360507300","0,00000032719293990766","0,00000092249305771910","0,00000016901835288178","0,00000001790588978597","0,00000001288624288249","0,00000142393451953153","0,00000023706496820386","-0,00000000146520589387","0,00000106959865963245","0,00000011829460570812","0,00000139125051794437","0,00000169688554717480","0,00000096603922256638","0,00000002220323099982","0,00000001484464366390","0,00000125135664520505","0,00000217835661696541","0,00000241767179581444","0,00000047209174745814","0,00000088662920825769"
"0,36575599300091971000","0,00000032852106550757","0,00000092597597988847","0,00000016986509260304","0,00000001795310903266","0,00000001289226222208","0,00000142885155115431","0,00000023822985466866","-0,00000000147715202981","0,00000107411487663966","0,00000011824854936658","0,00000139629539007750","0,00000170352838279571","0,00000096969424735543","0,00000002222934400495","0,00000001487301617817","0,00000125285011641443","0,00000218618514110531","0,00000242367120414123","0,00000047400624626278","0,00000088975584658245"
"0,36775991563823434700","0,00000032987071443409","0,00000092944465865771","0,00000017068826362488","0,00000001799385344553","0,00000001289574307996","0,00000143375566975570","0,00000023940241905420","-0,00000000148721707736","0,00000107866085184885","0,00000011824584432542","0,00000140137639428437","0,00000171015796392061","0,00000097337569834942","0,00000002224842367459","0,00000001489471336065","0,00000125434583025240","0,00000219399666846776","0,00000242970956975969","0,00000047591436446519","0,00000089285941872749"
"0,36976383827554898400","0,00000033124188668722","0,00000093289909402683","0,00000017148786594732","0,00000001802812302458","0,00000001289668545613","0,00000143864687533572","0,00000024058266136047","-0,00000000149540103654","0,00000108323658526003","0,00000011828649058465","0,00000140649353056496","0,00000171677429054949","0,00000097708357554837","0,00000002226047000874","0,00000001490973521132","0,00000125584378671896","0,00000220179119905276","0,00000243578689266981","0,00000047781610206537","0,00000089593992469280"
"0,37176776091286356500","0,00000033263458226695","0,00000093633928599583","0,00000017226389957035","0,00000001805591776981","0,00000001289508935061","0,00000144352516789436","0,00000024177058158747","-0,00000000150170390733","0,00000108784207687319","0,00000011837048814425","0,00000141164679891929","0,00000172337736268235","0,00000098081787895226","0,00000002226548300740","0,00000001491808173021","0,00000125734398581411","0,00000220956873286030","0,00000244190317287160","0,00000047971145906333","0,00000089899736447838"
"0,37377168355017820200","0,00000033404880117328","0,00000093976523456471","0,00000017301636449396","0,00000001807723768122","0,00000001289095476338","0,00000144839054743161","0,00000024296617973520","-0,00000000150612568975","0,00000109247732668835","0,00000011849783700424","0,00000141683619934734","0,00000172996718031920","0,00000098457860856111","0,00000002226346267058","0,00000001491975291729","0,00000125884642753784","0,00000221732926989038","0,00000244805841036506","0,00000048160043545906","0,00000090203173808424"
"0,37577560618749283900","0,00000033548454340623","0,00000094317693973346","0,00000017374526071817","0,00000001809208275881","0,00000001288428169444","0,00000145324301394749","0,00000024416945580366","-0,00000000150866638378","0,00000109714233470549","0,00000011866853716461","0,00000142206173184912","0,00000173654374346002","0,00000098836576437490","0,00000002225440899827","0,00000001491474877258","0,00000126035111189016","0,00000222507281014300","0,00000245425260515019","0,00000048348303125255","0,00000090504304551037"
"0,37777952882480747600","0,00000033694180896577","0,00000094657440150209","0,00000017445058824296","0,00000001810045300258","0,00000001287507014380","0,00000145808256744198","0,00000024538040979285","-0,00000000150932598944","0,00000110183710092462","0,00000011888258862536","0,00000142732339642463","0,00000174310705210483","0,00000099217934639364","0,00000002223832199047","0,00000001490306929606","0,00000126185803887106","0,00000223279935361817","0,00000246048575722698","0,00000048535924644382","0,00000090803128675678"
"0,37978345146212211200","0,00000033842059785192","0,00000094995761987059","0,00000017513234706835","0,00000001810234841254","0,00000001286332011145","0,00000146290920791510","0,00000024659904170277","-0,00000000150810450672","0,00000110656162534574","0,00000011913999138650","0,00000143262119307388","0,00000174965710625361","0,00000099601935461734","0,00000002221520164718","0,00000001488471448776","0,00000126336720848056","0,00000224050890031588","0,00000246675786659545","0,00000048722908103287","0,00000091099646182345"
"0,38178737409943674900","0,00000033992091006468","0,00000095332659483897","0,00000017579053719432","0,00000001809776898867","0,00000001284903159740","0,00000146772293536684","0,00000024782535153342","-0,00000000150500193562","0,00000111131590796885","0,00000011944074544802","0,00000143795512179685","0,00000175619390590638","0,00000099988578904598","0,00000002218504796840","0,00000001485968434765","0,00000126487862071863","0,00000224820145023613","0,00000247306893325557","0,00000048909253501968","0,00000091393857071041"
"0,38379129673675138600","0,00000034144274560404","0,00000095668132640723","0,00000017642515862089","0,00000001808671473098","0,00000001283220460165","0,00000147252374979719","0,00000024905933928480","-0,00000000150001827614","0,00000111609994879395","0,00000011978485080992","0,00000144332518259355","0,00000176271745106313","0,00000100377864967957","0,00000002214786095414","0,00000001482797887575","0,00000126639227558530","0,00000225587700337893","0,00000247941895720737","0,00000049094960840427","0,00000091685761341763"
"0,38579521937406602300","0,00000034298610447001","0,00000096002181457536","0,00000017703621134805","0,00000001806918563947","0,00000001281283912419","0,00000147731165120617","0,00000025030100495692","-0,00000000149315352828","0,00000112091374782103","0,00000012017230747220","0,00000144873137546398","0,00000176922774172387","0,00000100769793651811","0,00000002210364060438","0,00000001478959807205","0,00000126790817308055","0,00000226353555974427","0,00000248580793845083","0,00000049280030118662","0,00000091975358994513"
"0,38779914201138060400","0,00000034455098666258","0,00000096334805934337","0,00000017762369537579","0,00000001804518171415","0,00000001279093516502","0,00000148208663959376","0,00000025155034854976","-0,00000000148440769204","0,00000112575730505011","0,00000012060311543487","0,00000145417370040814","0,00000177572477788858","0,00000101164364956161","0,00000002205238691914","0,00000001474454193655","0,00000126942631320438","0,00000227117711933215","0,00000249223587698596","0,00000049464461336675","0,00000092262650029291"
"0,38980306464869524100","0,00000034613739218176","0,00000096666006071126","0,00000017818761070413","0,00000001801470295500","0,00000001276649272415","0,00000148684871495998","0,00000025280737006334","-0,00000000147378076742","0,00000113063062048117","0,00000012107727469792","0,00000145965215742603","0,00000178220855955727","0,00000101561578881005","0,00000002199409989841","0,00000001469281046925","0,00000127094669595681","0,00000227880168214257","0,00000249870277281275","0,00000049648254494465","0,00000092547634446096"
"0,39180698728600987800","0,00000034774532102754","0,00000096995781867902","0,00000017872795733306","0,00000001797774936203","0,00000001273951180158","0,00000149159787730482","0,00000025407206949764","-0,00000000146127275442","0,00000113553369411422","0,00000012159478526135","0,00000146516674651764","0,00000178867908672995","0,00000101961435426344","0,00000002192877954220","0,00000001463440367016","0,00000127246932133781","0,00000228640924817554","0,00000250520862593122","0,00000049831409592033","0,00000092830312244928"
"0,39381090992332451500","0,00000034937477319993","0,00000097324133324666","0,00000017924473526257","0,00000001793432093525","0,00000001270999239730","0,00000149633412662827","0,00000025534444685268","-0,00000000144688365304","0,00000114046652594925","0,00000012215564712516","0,00000147071746768299","0,00000179513635940661","0,00000102363934592178","0,00000002185642585049","0,00000001456932153927","0,00000127399418934741","0,00000229399981743106","0,00000251175343634135","0,00000050013926629377","0,00000093110683425787"
"0,39581483256063915100","0,00000035102574869892","0,00000097651060441418","0,00000017973794449268","0,00000001788441767464","0,00000001267793451132","0,00000150105746293035","0,00000025662450212845","-0,00000000143061346329","0,00000114542911598628","0,00000012275986028936","0,00000147630432092207","0,00000180158037758725","0,00000102769076378507","0,00000002177703882330","0,00000001449756407658","0,00000127552129998559","0,00000230157338990911","0,00000251833720404314","0,00000050195805606499","0,00000093388747988674"
"0,39781875519795378800","0,00000035269824752452","0,00000097976563218157","0,00000018020758502337","0,00000001782803958022","0,00000001264333814363","0,00000150576788621104","0,00000025791223532495","-0,00000000141246218515","0,00000115042146422529","0,00000012340742475394","0,00000148192730623488","0,00000180801114127187","0,00000103176860785331","0,00000002169061846061","0,00000001441913128210","0,00000127705065325236","0,00000230912996560971","0,00000252495992903661","0,00000050377046523398","0,00000093664505933588"
"0,39982267783526842500","0,00000035439226967672","0,00000098300641654884","0,00000018065365685466","0,00000001776518665198","0,00000001260620329424","0,00000151046539647036","0,00000025920764644218","-0,00000000139242981864","0,00000115544357066630","0,00000012409834051890","0,00000148758642362141","0,00000181442865046047","0,00000103587287812650","0,00000002159716476244","0,00000001433402315582","0,00000127858224914771","0,00000231666954453285","0,00000253162161132174","0,00000050557649380074","0,00000093937957260530"
"0,40182660047258300600","0,00000035609625973000","0,00000098624698875571","0,00000018109100724075","0,00000001770175087154","0,00000001256991416944","0,00000151516563575088","0,00000026050646709282","-0,00000000137265619307","0,00000116044823687772","0,00000012478762004311","0,00000149323554508602","0,00000182084575623140","0,00000103997817658430","0,00000002150421108771","0,00000001424975736485","0,00000128010689734641","0,00000232418672576272","0,00000253830792279113","0,00000050737876212807","0,00000094211298560596"
"0,40383052310989764300","0,00000035779866225882","0,00000098950138004192","0,00000018153448343587","0,00000001764362422055","0,00000001253785497551","0,00000151988424609522","0,00000026180442888954","-0,00000000135528113778","0,00000116538826442800","0,00000012543027578546","0,00000149882854263303","0,00000182727530966299","0,00000104405910520639","0,00000002141929079536","0,00000001417385157631","0,00000128161540752320","0,00000233167610838350","0,00000254500453533737","0,00000050917989057877","0,00000094486726424884"
"0,40583444574721228000","0,00000035949947726319","0,00000099276959040746","0,00000018198408544001","0,00000001759080669900","0,00000001251002571246","0,00000152462122750336","0,00000026310153183235","-0,00000000134030465276","0,00000117026365331715","0,00000012602630774593","0,00000150436541626244","0,00000183371731075525","0,00000104811566399276","0,00000002134240388538","0,00000001410630579019","0,00000128310777967808","0,00000233913769239519","0,00000255171144896046","0,00000051097987915284","0,00000094764240853393"
"0,40783836838452691700","0,00000036119870474310","0,00000099605161985234","0,00000018243981325316","0,00000001754329830688","0,00000001248642638028","0,00000152937657997530","0,00000026439777592125","-0,00000000132772673802","0,00000117507440354514","0,00000012657571592452","0,00000150984616597427","0,00000184017175950817","0,00000105214785294341","0,00000002127355035776","0,00000001404712000651","0,00000128458401381105","0,00000234657147779779","0,00000255842866366040","0,00000051277872785028","0,00000095043841846124"
"0,40984229102184155400","0,00000036289634469855","0,00000099934746837656","0,00000018290166687535","0,00000001750109904421","0,00000001246705697898","0,00000153415030351105","0,00000026569316115623","-0,00000000131754739356","0,00000117982051511200","0,00000012707850032124","0,00000151527079176849","0,00000184663865592175","0,00000105615567205834","0,00000002121273021253","0,00000001399629422524","0,00000128604410992212","0,00000235397746459130","0,00000256515617943719","0,00000051457643667109","0,00000095325529403077"
"0,41184621365915619100","0,00000036459239712955","0,00000100265713598010","0,00000018336964630655","0,00000001746420891098","0,00000001245191750856","0,00000153894239811061","0,00000026698768753730","-0,00000000130976661938","0,00000118450198801771","0,00000012753466093609","0,00000152063929364513","0,00000185311799999600","0,00000106013912133755","0,00000002115994344966","0,00000001395382844641","0,00000128748806801128","0,00000236135565277572","0,00000257189399629083","0,00000051637300561527","0,00000095609303524251"
"0,41385013629647082700","0,00000036628686203609","0,00000100598062266299","0,00000018384375154677","0,00000001743262790719","0,00000001244100796902","0,00000154375286377397","0,00000026828135506445","-0,00000000130438441547","0,00000118911882226228","0,00000012794419776907","0,00000152595167160416","0,00000185960979173091","0,00000106409820078104","0,00000002111519006917","0,00000001391972267000","0,00000128891588807854","0,00000236870604235104","0,00000257864211422132","0,00000051816843468282","0,00000095895164209648"
"0,41585405893378546400","0,00000036797973941818","0,00000100931792842521","0,00000018432398259602","0,00000001740635603284","0,00000001243432836035","0,00000154858170050113","0,00000026957416373769","-0,00000000130140078183","0,00000119367101784571","0,00000012830711082017","0,00000153120792564561","0,00000186611403112649","0,00000106803291038882","0,00000002107847007105","0,00000001389397689602","0,00000129032757012388","0,00000237602863331728","0,00000258540053322867","0,00000051996272387373","0,00000096183111459265"
"0,41785798157110004600","0,00000036967102927581","0,00000101266905326676","0,00000018481033945429","0,00000001738539328793","0,00000001243187868256","0,00000155342890829211","0,00000027086611355702","-0,00000000130081571847","0,00000119815857476800","0,00000012862340008940","0,00000153640805576946","0,00000187263071818273","0,00000107194325016088","0,00000002104978345530","0,00000001387659112446","0,00000129172311414733","0,00000238332342567443","0,00000259216925331286","0,00000052175587318802","0,00000096473145273105"
"0,41986190420841468200","0,00000037136073160898","0,00000101603399718765","0,00000018530282212158","0,00000001736973967246","0,00000001243365893564","0,00000155829448714688","0,00000027215720452243","-0,00000000130262922539","0,00000120258149302914","0,00000012889306557676","0,00000154155206197571","0,00000187915985289964","0,00000107582922009722","0,00000002102913022192","0,00000001386756535533","0,00000129310252014886","0,00000239059041942249","0,00000259894827447391","0,00000052354788262567","0,00000096765265651166"
"0,42186582684572931900","0,00000037304884641770","0,00000101941276018787","0,00000018580143059789","0,00000001735939518643","0,00000001243966911961","0,00000156317843706547","0,00000027344743663393","-0,00000000130684130259","0,00000120693977262914","0,00000012911610728224","0,00000154663994426438","0,00000188570143527721","0,00000107969082019784","0,00000002101651037092","0,00000001386689958863","0,00000129446578812849","0,00000239782961456146","0,00000260573759671180","0,00000052533875218670","0,00000097059472593449"
"0,42386974948304395600","0,00000037473537370196","0,00000102280534226743","0,00000018630616488323","0,00000001735435982984","0,00000001244990923445","0,00000156808075804785","0,00000027473680989151","-0,00000000131345195006","0,00000121123341356800","0,00000012929252520585","0,00000155167170263544","0,00000189225546531545","0,00000108352805046274","0,00000002101192390229","0,00000001387459382435","0,00000129581291808621","0,00000240504101109134","0,00000261253722002655","0,00000052712848187109","0,00000097355766099953"
"0,42587367212035859300","0,00000037642031346177","0,00000102621174342633","0,00000018681702497758","0,00000001735463360269","0,00000001246437928016","0,00000157300145009405","0,00000027602532429518","-0,00000000132246116780","0,00000121546241584572","0,00000012942231934759","0,00000155664733708892","0,00000189882194301435","0,00000108734091089193","0,00000002101537081603","0,00000001389064806250","0,00000129714391002203","0,00000241222460901213","0,00000261934714441815","0,00000052891707167885","0,00000097654146170679"
"0,42787759475767323000","0,00000037810366569712","0,00000102963196366455","0,00000018733401088096","0,00000001736021650499","0,00000001248307925676","0,00000157794051320405","0,00000027731297984494","-0,00000000133386895583","0,00000121962677946229","0,00000012950548970745","0,00000156156684762480","0,00000190540086837391","0,00000109112940148539","0,00000002102685111215","0,00000001391506230307","0,00000129845876393593","0,00000241938040832382","0,00000262616736988659","0,00000053070452160998","0,00000097954612805627"
"0,42988151739498786600","0,00000037978543040801","0,00000103306600298212","0,00000018785712259336","0,00000001737110853672","0,00000001250600916423","0,00000158289794737785","0,00000027859977654078","-0,00000000134767531412","0,00000122372650441772","0,00000012954203628544","0,00000156643023424308","0,00000191199224139414","0,00000109489352224314","0,00000002104636479064","0,00000001394783654607","0,00000129975747982794","0,00000242650840902643","0,00000263299789643189","0,00000053249083166449","0,00000098257166004797"
"0,43188544003230244800","0,00000038146560759445","0,00000103651386137902","0,00000018838636011479","0,00000001738730969789","0,00000001253316900257","0,00000158787375261546","0,00000027988571438271","-0,00000000136388024270","0,00000122776159071201","0,00000012953195908155","0,00000157123749694377","0,00000191859606207504","0,00000109863327316517","0,00000002107391185150","0,00000001398897079150","0,00000130104005769803","0,00000243360861111995","0,00000263983872405404","0,00000053427600184236","0,00000098561805768188"
"0,43388936266961708500","0,00000038314419725643","0,00000103997553885525","0,00000018892172344523","0,00000001740881998851","0,00000001256455877180","0,00000159286792891688","0,00000028117079337073","-0,00000000138248374155","0,00000123173203834516","0,00000012947525809580","0,00000157598863572687","0,00000192521233041660","0,00000110234865425148","0,00000002110949229473","0,00000001403846503936","0,00000130230649754622","0,00000244068101460438","0,00000264668985275304","0,00000053606003214359","0,00000098868532095801"
"0,43589328530693172100","0,00000038482119939396","0,00000104345103541082","0,00000018946321258470","0,00000001743563940856","0,00000001260017847190","0,00000159788047628210","0,00000028245501350483","-0,00000000140348581068","0,00000123563784731716","0,00000012937193332817","0,00000158068365059237","0,00000193184104641882","0,00000110603966550207","0,00000002115310612033","0,00000001409631928964","0,00000130355679937250","0,00000244772561947972","0,00000265355128252889","0,00000053784292256820","0,00000099177344987635"
"0,43789720794424635800","0,00000038649661400703","0,00000104694035104572","0,00000019001082753319","0,00000001746776795806","0,00000001264002810288","0,00000160291139471113","0,00000028373837478501","-0,00000000142688645008","0,00000123947901762803","0,00000012922198477866","0,00000158532254154027","0,00000193848221008171","0,00000110970630691695","0,00000002120475332831","0,00000001416253354235","0,00000130479096317688","0,00000245474242574596","0,00000266042301338159","0,00000053962467311618","0,00000099488244443691"
"0,43990113058156099500","0,00000038817044109564","0,00000105044348575996","0,00000019056456829070","0,00000001750520563699","0,00000001268410766473","0,00000160796068420396","0,00000028502087721129","-0,00000000145268565976","0,00000124325554927774","0,00000012902541244728","0,00000158990530857059","0,00000194513582140526","0,00000111334857849610","0,00000002126443391866","0,00000001423710779748","0,00000130600898895935","0,00000246173143340312","0,00000266730504531114","0,00000054140528378753","0,00000099801230463969"
"0,44190505321887563200","0,00000038984268065980","0,00000105396043955353","0,00000019112443485723","0,00000001754795244537","0,00000001273241715746","0,00000161302834476060","0,00000028630252078364","-0,00000000148088343972","0,00000124696744226632","0,00000012878221633403","0,00000159443195168331","0,00000195180188038948","0,00000111696648023954","0,00000002133214789138","0,00000001432004205504","0,00000130721087671991","0,00000246869264245119","0,00000267419737831754","0,00000054318475458224","0,00000100116303048469"
"0,44390897585619026900","0,00000039151333269950","0,00000105749121242644","0,00000019169042723279","0,00000001759600838318","0,00000001278495658107","0,00000161811437638104","0,00000028758330550209","-0,00000000151147978995","0,00000125061469659376","0,00000012849239643891","0,00000159890247087843","0,00000195848038703436","0,00000112056001214726","0,00000002140789524648","0,00000001441133631503","0,00000130839662645856","0,00000247562605289017","0,00000268110001240079","0,00000054496308550033","0,00000100433462197190"
"0,44591289849350490600","0,00000039318239721475","0,00000106103580437869","0,00000019226254541736","0,00000001764937345044","0,00000001284172593555","0,00000162321877906529","0,00000028886323136662","-0,00000000154447471046","0,00000125419731226005","0,00000012815595276191","0,00000160331686615596","0,00000196517134133990","0,00000112412917421926","0,00000002149167598395","0,00000001451099057744","0,00000130956623817531","0,00000248253166472006","0,00000268801294756090","0,00000054674027654178","0,00000100752707910133"
"0,44791682113081948700","0,00000039484987420554","0,00000106459421541026","0,00000019284078941096","0,00000001770804764714","0,00000001290272522092","0,00000162834155281335","0,00000029014229837724","-0,00000000157986820124","0,00000125771528926520","0,00000012777288530304","0,00000160767513751590","0,00000197187474330611","0,00000112767396645554","0,00000002158349010379","0,00000001461900484228","0,00000131071971187016","0,00000248940947794085","0,00000269493618379785","0,00000054851632770661","0,00000101074040187297"
"0,44992074376813412400","0,00000039651576367187","0,00000106816644552118","0,00000019342515921358","0,00000001777203097328","0,00000001296795443715","0,00000163348269762521","0,00000029142050653394","-0,00000000161766026230","0,00000126116862760921","0,00000012734319406230","0,00000161197728495824","0,00000197859059293299","0,00000113119438885611","0,00000002168333760600","0,00000001473537910954","0,00000131185704754309","0,00000249625949255256","0,00000270186972111165","0,00000055029123899480","0,00000101397459028683"
"0,45192466640544876000","0,00000039818158030350","0,00000107173002739548","0,00000019402372381369","0,00000001783668700856","0,00000001303244941088","0,00000163862075195461","0,00000029270952989456","-0,00000000165179650290","0,00000126466147322320","0,00000012692018416005","0,00000161626662901105","0,00000198530009951642","0,00000113472673378338","0,00000002178258809765","0,00000001484973646108","0,00000131297502810925","0,00000250310071658671","0,00000270880718021749","0,00000055206407860668","0,00000101719270974027"
"0,45392858904276339700","0,00000039984883879019","0,00000107526249371722","0,00000019464455219976","0,00000001789737933269","0,00000001309124596871","0,00000164373425425530","0,00000029402104251695","-0,00000000167622253231","0,00000126829797203832","0,00000012655716071665","0,00000162058649020239","0,00000199198447235230","0,00000113830729359979","0,00000002187261118581","0,00000001495169997873","0,00000131407043648375","0,00000250995215807483","0,00000271574218183052","0,00000055383391474257","0,00000102035782563066"
"0,45593251168007803400","0,00000040151753913194","0,00000107876384448640","0,00000019528764437179","0,00000001795410794568","0,00000001314434411064","0,00000164882320452728","0,00000029535504440109","-0,00000000169093835053","0,00000127207812405456","0,00000012625412373210","0,00000162493686853226","0,00000199864371144063","0,00000114193606830534","0,00000002195340687047","0,00000001504126966250","0,00000131514327266659","0,00000251681381701692","0,00000272267472595077","0,00000055560074740246","0,00000102346993795799"
"0,45793643431739267100","0,00000040318768132875","0,00000108223407970302","0,00000019595300032977","0,00000001800687284751","0,00000001319174383667","0,00000165388760277055","0,00000029671153554699","-0,00000000169594395756","0,00000127600192927192","0,00000012601107320641","0,00000162931776400067","0,00000200527781678141","0,00000114561305790003","0,00000002202497515163","0,00000001511844551238","0,00000131619353665779","0,00000252368569341298","0,00000272960481257822","0,00000055736457658637","0,00000102652904672227"
"0,45994035695470730800","0,00000040485926538061","0,00000108567319936708","0,00000019664062007371","0,00000001805567403820","0,00000001323344514679","0,00000165892744898510","0,00000029809051595465","-0,00000000169123935339","0,00000128006938769041","0,00000012582800913957","0,00000163372917660760","0,00000201188678837464","0,00000114933826238386","0,00000002208731602930","0,00000001518322752838","0,00000131722122845733","0,00000253056778726301","0,00000273653244171288","0,00000055912540229428","0,00000102953515192349"
"0,46194427959202194500","0,00000040653229128752","0,00000108908120347857","0,00000019735050360361","0,00000001810051151773","0,00000001326944804102","0,00000166394274317094","0,00000029949198562408","-0,00000000167682453803","0,00000128428049931001","0,00000012570493153159","0,00000163817110635307","0,00000201847062622032","0,00000115311168175683","0,00000002214042950347","0,00000001523561571049","0,00000131822634806521","0,00000253746009856701","0,00000274345761335475","0,00000056088322452620","0,00000103248825356165"
"0,46394820222933652600","0,00000040820675904950","0,00000109245809203751","0,00000019808265091946","0,00000001814138528612","0,00000001329975251936","0,00000166893348532807","0,00000030091594455526","-0,00000000165269951148","0,00000128863526413074","0,00000012564184038246","0,00000164264355323707","0,00000202502933031844","0,00000115693331601893","0,00000002218431557415","0,00000001527561005872","0,00000131920889548144","0,00000254436262732498","0,00000275038032750382","0,00000056263804328212","0,00000103538835163676"
"0,46595212486665116300","0,00000040988266866653","0,00000109580386504389","0,00000019883706202128","0,00000001817829534336","0,00000001332435858179","0,00000167389967545648","0,00000030236239274819","-0,00000000161886427374","0,00000129313368215259","0,00000012563873569219","0,00000164714651725960","0,00000203156290066902","0,00000116080316517018","0,00000002221897424133","0,00000001530321057307","0,00000132016887070602","0,00000255127537353692","0,00000275730058416010","0,00000056438985856205","0,00000103823544614881"
"0,46795604750396580000","0,00000041156002013862","0,00000109911852249770","0,00000019961373690905","0,00000001821124168945","0,00000001334326622832","0,00000167884131355618","0,00000030383133020289","-0,00000000157531882481","0,00000129777575337556","0,00000012569561746077","0,00000165167999842066","0,00000203807133727204","0,00000116472122921056","0,00000002224440550501","0,00000001531841725352","0,00000132110627373894","0,00000255819833720283","0,00000276421838332358","0,00000056613867036599","0,00000104102953709781"
"0,46995997014128043600","0,00000041323881346576","0,00000110240206439896","0,00000020041267558277","0,00000001824022432438","0,00000001335647545895","0,00000168375839962716","0,00000030532275691935","-0,00000000152206316468","0,00000130256147779965","0,00000012581248568821","0,00000165624399672026","0,00000204455464012751","0,00000116868750814008","0,00000002226060936520","0,00000001532123010010","0,00000132202110458021","0,00000256513151832271","0,00000277113372499427","0,00000056788447869394","0,00000104377062448375"
"0,47196389277859507300","0,00000041491904864796","0,00000110565449074766","0,00000020123387804246","0,00000001826524324817","0,00000001336398627368","0,00000168865093366944","0,00000030683667289757","-0,00000000145909729336","0,00000130749085542487","0,00000012598934037449","0,00000166083851215838","0,00000205101280923543","0,00000117270200195874","0,00000002226758582189","0,00000001531164911279","0,00000132291336322982","0,00000257207491689656","0,00000277804660917217","0,00000056962728354590","0,00000104645870830664"
"0,47396781541590971000","0,00000041660072568522","0,00000110887580154379","0,00000020207734428810","0,00000001828629846081","0,00000001336579867252","0,00000169351891568300","0,00000030837307813754","-0,00000000138642121085","0,00000131256388625121","0,00000012622618151964","0,00000166546354473504","0,00000205744584459580","0,00000117676471066653","0,00000002226533487509","0,00000001528967429159","0,00000132378304968778","0,00000257902853292438","0,00000278495703585727","0,00000057136708492186","0,00000104909378856647"
"0,47597173805322434700","0,00000041828384457753","0,00000111206599678736","0,00000020294307431970","0,00000001830338996230","0,00000001336191265545","0,00000169836234566784","0,00000030993197263928","-0,00000000130403491715","0,00000131778057027866","0,00000012652300912363","0,00000167011909445023","0,00000206385374620862","0,00000118087563426347","0,00000002225385652479","0,00000001525530563651","0,00000132463016395409","0,00000258599236640618","0,00000279186500504958","0,00000057310388282183","0,00000105167586526324"
"0,47797566069053892800","0,00000041996840532490","0,00000111522507647838","0,00000020383106813726","0,00000001831651775264","0,00000001335232822248","0,00000170318122362397","0,00000031151335640277","-0,00000000121193841225","0,00000132314090750724","0,00000012687982318649","0,00000167480516130395","0,00000207023651407389","0,00000118503477274954","0,00000002223315077099","0,00000001520854314755","0,00000132545470602874","0,00000259296641734194","0,00000279877051674910","0,00000057483767724581","0,00000105420493839696"
"0,47997958332785356500","0,00000042165440792733","0,00000111835304061683","0,00000020474132574077","0,00000001832568183183","0,00000001333704537362","0,00000170797554955139","0,00000031311722942802","-0,00000000111013169617","0,00000132864489793695","0,00000012729662370819","0,00000167952174529620","0,00000207659414819161","0,00000118924212612476","0,00000002220321761370","0,00000001514938682470","0,00000132625667591174","0,00000259995068573167","0,00000280567357095583","0,00000057656846819379","0,00000105668100796762"
"0,48198350596516820200","0,00000042334185238481","0,00000112144988920272","0,00000020567384713024","0,00000001833088219987","0,00000001331606410885","0,00000171274532345010","0,00000031474359171504","-0,00000000099861476889","0,00000133429254156777","0,00000012777341068875","0,00000168426884642698","0,00000208292664856177","0,00000119349769438911","0,00000002216405705292","0,00000001507783666797","0,00000132703607360308","0,00000260694517157538","0,00000281257416766976","0,00000057829625566578","0,00000105910407397523"
"0,48398742860248283900","0,00000042503073869735","0,00000112451562223606","0,00000020662863230567","0,00000001833211885676","0,00000001328938442819","0,00000171749054532009","0,00000031639244326381","-0,00000000087738763041","0,00000134008383839971","0,00000012831018412817","0,00000168904646469630","0,00000208923401518439","0,00000119780147754260","0,00000002211566908863","0,00000001499389267735","0,00000132779289910277","0,00000261394987487305","0,00000281947230689089","0,00000058002103966178","0,00000106147413641978"
"0,48599135123979747500","0,00000042672106686495","0,00000112755023971683","0,00000020760568126706","0,00000001832939180251","0,00000001325700633163","0,00000172221121516137","0,00000031806378407434","-0,00000000074645028075","0,00000134601878843278","0,00000012890694402643","0,00000169385460010414","0,00000209551624805945","0,00000120215347558523","0,00000002205805372085","0,00000001489755485284","0,00000132852715241081","0,00000262096479562469","0,00000282636798861924","0,00000058174282018179","0,00000106379119530128"
"0,48799527387711211200","0,00000042841283688761","0,00000113055374164504","0,00000020860499401441","0,00000001832270103710","0,00000001321892981916","0,00000172690733297393","0,00000031975761414663","-0,00000000060580271990","0,00000135209739166697","0,00000012956369038356","0,00000169869325265052","0,00000210177334718696","0,00000120655368851699","0,00000002199121094958","0,00000001478882319445","0,00000132923883352719","0,00000262798993383031","0,00000283326121285479","0,00000058346159722580","0,00000106605525061972"
"0,48999919651442674900","0,00000043010604876532","0,00000113352612802069","0,00000020962657054771","0,00000001831204656054","0,00000001317515489080","0,00000173157889875779","0,00000032147393348067","-0,00000000045544494785","0,00000135831964810228","0,00000013028042319953","0,00000170356242233543","0,00000210800531256693","0,00000121100211633790","0,00000002191514077481","0,00000001466769770218","0,00000132992794245191","0,00000263502528948989","0,00000284015197959754","0,00000058517737079382","0,00000106826630237511"
"0,49200311915174138600","0,00000043180070249808","0,00000113646739884378","0,00000021067041086697","0,00000001829742837284","0,00000001312568154654","0,00000173622591251292","0,00000032321274207648","-0,00000000029537696461","0,00000136468555773871","0,00000013105714247436","0,00000170846210915887","0,00000211421214419934","0,00000121549875904794","0,00000002182984319654","0,00000001453417837602","0,00000133059447918499","0,00000264207086260345","0,00000284704028884751","0,00000058689014088585","0,00000107042435056744"
"0,49400704178905596700","0,00000043349679808591","0,00000113937755411431","0,00000021173651497218","0,00000001827884647398","0,00000001307050978638","0,00000174084837423935","0,00000032497403993405","-0,00000000012559877018","0,00000137119512057627","0,00000013189384820805","0,00000171339231312084","0,00000212039384208419","0,00000122004361664712","0,00000002173531821478","0,00000001438826521598","0,00000133123844372641","0,00000264912665317097","0,00000285392614060468","0,00000058859990750189","0,00000107252939519671"
"0,49601096442637060400","0,00000043519433552879","0,00000114225659383228","0,00000021282488286336","0,00000001825630086398","0,00000001300963961032","0,00000174544628393706","0,00000032675782705337","0,00000000005388963545","0,00000137784833661494","0,00000013279054040059","0,00000171835303422135","0,00000212655040622150","0,00000122463668913544","0,00000002163156582952","0,00000001422995822205","0,00000133185983607617","0,00000265619266119247","0,00000286080953486905","0,00000059030667064193","0,00000107458143626293"
"0,49801488706368524100","0,00000043689331482672","0,00000114510451799768","0,00000021393551454049","0,00000001822979154282","0,00000001294307101835","0,00000175001964160606","0,00000032856410343446","0,00000000024308825226","0,00000138464520585474","0,00000013374721905198","0,00000172334427246038","0,00000213268183661126","0,00000122927797651290","0,00000002151858604077","0,00000001405925739424","0,00000133245865623428","0,00000266326888666794","0,00000286769047164063","0,00000059201043030598","0,00000107658047376609"
"0,50001880970099987800","0,00000043859373597972","0,00000114792132661053","0,00000021506841000358","0,00000001819931851052","0,00000001287080401049","0,00000175456844724635","0,00000033039286907730","0,00000000044199708027","0,00000139158572829566","0,00000013476388416223","0,00000172836602783795","0,00000213878813325347","0,00000123396747877950","0,00000002139637884852","0,00000001387616273255","0,00000133303490420074","0,00000267035532959737","0,00000287456895091942","0,00000059371118649404","0,00000107852650770620"
