Variable Source,dev1,dev2,dev3,dev4,dev5,dev6,dev7,dev8,dev9,dev10,dev11,dev12,dev13,dev14,dev15,dev16,dev17,Dev 18,Dev 19,Dev 20
"-0,49993858631900023300","0,00000044745029388188","0,00000089187355167280","0,00000017259609723962","0,00000001113292428951","0,00000001135036913314","0,00000130073186595699","0,00000035758384999694","0,00000001075682821932","0,00000120559560007207","0,00000003128371088294","0,00000133406682385235","0,00000181681039648407","0,00000115619677805494","0,00000001275349637168","0,00000000778823518424","0,00000147755483657167","0,00000196244700348183","0,00000228283529907237","0,00000052435965981831","0,00000090917524252633"
"-0,49793466368168559600","0,00000044694129847740","0,00000088932586121940","0,00000017248718976049","0,00000001100698769456","0,00000001124265280993","0,00000129710719673132","0,00000035670342929929","0,00000001092192990449","0,00000120333612529002","0,00000003142463130909","0,00000133321185435674","0,00000181352419910636","0,00000115643523854438","0,00000001265283520980","0,00000000803126303798","0,00000147807221940394","0,00000195707698855962","0,00000227804875074460","0,00000052276191970346","0,00000090698657353223"
"-0,49593074104437096000","0,00000044639955753547","0,00000088676600966362","0,00000017235559180074","0,00000001089040776433","0,00000001114334361621","0,00000129347822233737","0,00000035580437649559","0,00000001107671046624","0,00000120098863296219","0,00000003154970267218","0,00000133223675763216","0,00000181017687764197","0,00000115657275973539","0,00000001255746721793","0,00000000826215809240","0,00000147850685153927","0,00000195164070263238","0,00000227321704762239","0,00000052116667159147","0,00000090476548763340"
"-0,49392681840705632300","0,00000044582507105609","0,00000088419399700548","0,00000017220130336038","0,00000001078318449882","0,00000001105244155198","0,00000128984494277513","0,00000035488669158584","0,00000001122116990458","0,00000119855312308858","0,00000003165892497221","0,00000133114153367860","0,00000180676843209091","0,00000115660934162794","0,00000001246739239608","0,00000000848092034752","0,00000147885873297768","0,00000194613814570012","0,00000226834018970572","0,00000051957391548235","0,00000090251198482983"
"-0,49192289576974174100","0,00000044521783903928","0,00000088160982324497","0,00000017202432443940","0,00000001068531789803","0,00000001096994661725","0,00000128620735804461","0,00000035395037457006","0,00000001135530821950","0,00000119602959566919","0,00000003175229820919","0,00000132992618249606","0,00000180329886245316","0,00000115654498422206","0,00000001238261074425","0,00000000868754980333","0,00000147912786371916","0,00000194056931776282","0,00000226341817699460","0,00000051798365137608","0,00000090022606512153"
"-0,48991897313242710500","0,00000044457786148502","0,00000087901348838208","0,00000017182465503780","0,00000001059680796197","0,00000001089585881202","0,00000128256546814580","0,00000035299542544822","0,00000001147912541101","0,00000119341805070402","0,00000003182982238311","0,00000132859070408455","0,00000179976816872873","0,00000115637968751773","0,00000001230312226244","0,00000000888204645982","0,00000147931424376372","0,00000193493421882050","0,00000225845100948902","0,00000051639587927267","0,00000089790772850850"
"-0,48791505049511246800","0,00000044390513839331","0,00000087640499241683","0,00000017160229515559","0,00000001051765469062","0,00000001083017813628","0,00000127891927307870","0,00000035202184422034","0,00000001159262147910","0,00000119071848819308","0,00000003189149749397","0,00000132713509844405","0,00000179617635091761","0,00000115611345151496","0,00000001222892695064","0,00000000906441031701","0,00000147941787311134","0,00000192923284887314","0,00000225343868718900","0,00000051481059917212","0,00000089555697499073"
"-0,48591112785779783100","0,00000044319966976417","0,00000087378433534921","0,00000017135724479276","0,00000001044785808400","0,00000001077290459004","0,00000127526877284332","0,00000035102963088642","0,00000001169579642377","0,00000118793090813636","0,00000003193732354178","0,00000132555936557457","0,00000179252340901982","0,00000115574627621375","0,00000001216002480886","0,00000000923464137489","0,00000147943875176204","0,00000192346520792076","0,00000224838121009452","0,00000051322781107444","0,00000089317380456823"
"-0,48390720522048319400","0,00000044246145559758","0,00000087115151717922","0,00000017108950394931","0,00000001038741814210","0,00000001072403817330","0,00000127161396743966","0,00000035001878544646","0,00000001178865024503","0,00000118505531053385","0,00000003196730052653","0,00000132386350547612","0,00000178880934303535","0,00000115527816161409","0,00000001209641583710","0,00000000939273963346","0,00000147937687971581","0,00000191763129596335","0,00000224327857820559","0,00000051164751497961","0,00000089075821724100"
"-0,48190328258316855700","0,00000044169049589354","0,00000086850653790686","0,00000017079907262524","0,00000001033633486493","0,00000001068357888605","0,00000126795485686770","0,00000034898930790045","0,00000001187118294288","0,00000118209169538558","0,00000003198142844822","0,00000132204751814869","0,00000178503415296419","0,00000115470910771599","0,00000001203810003535","0,00000000953870509272","0,00000147923225697265","0,00000191173111300090","0,00000223813079152221","0,00000051006971088764","0,00000088831021300903"
"-0,47989935994585392000","0,00000044088679065206","0,00000086584939753213","0,00000017048595082056","0,00000001029460825247","0,00000001065152672830","0,00000126429144112747","0,00000034794119824839","0,00000001194339451731","0,00000117904006269152","0,00000003197970730686","0,00000132011140359227","0,00000178119783880636","0,00000115403911451945","0,00000001198507740362","0,00000000967253775267","0,00000147900488353256","0,00000190576465903343","0,00000223293785004438","0,00000050849439879853","0,00000088582979187232"
"-0,47789543730853928400","0,00000044005033987314","0,00000086318009605503","0,00000017015013853526","0,00000001026223830474","0,00000001062788170004","0,00000126062372021894","0,00000034687445649029","0,00000001200528496833","0,00000117590041245168","0,00000003196213710244","0,00000131805516180688","0,00000177730040056184","0,00000115326818202446","0,00000001193734794191","0,00000000979423761331","0,00000147869475939555","0,00000189973193406093","0,00000222769975377209","0,00000050692157871228","0,00000088331695383089"
"-0,47589151467122470200","0,00000043918114355678","0,00000086049863347556","0,00000016979163576934","0,00000001023922502173","0,00000001061264380128","0,00000125695169414213","0,00000034578908262615","0,00000001205685429593","0,00000117267274466607","0,00000003192871783497","0,00000131587879279251","0,00000177334183823064","0,00000115239631023103","0,00000001189491165022","0,00000000990380467464","0,00000147830188456160","0,00000189363293808341","0,00000222241650270535","0,00000050535125062890","0,00000088077169888471"
"-0,47388759203391006600","0,00000043827920170297","0,00000085780500979372","0,00000016941044252281","0,00000001022556840344","0,00000001060581303202","0,00000125327536289704","0,00000034468507665596","0,00000001209810250011","0,00000116935705933468","0,00000003187944950443","0,00000131358229654917","0,00000176932215181276","0,00000115142349913915","0,00000001185776852854","0,00000001000123893666","0,00000147782625903073","0,00000188746767110085","0,00000221708809684416","0,00000050378341454837","0,00000087819402703381"
"-0,47188366939659542900","0,00000043734451431171","0,00000085509922500951","0,00000016900655879566","0,00000001022126844987","0,00000001060738939225","0,00000124959472648366","0,00000034356243857973","0,00000001212902958088","0,00000116595335645751","0,00000003181433211085","0,00000131116567307684","0,00000176524134130820","0,00000115034974874884","0,00000001182591857688","0,00000001008654039937","0,00000147726788280293","0,00000188123613311326","0,00000221171453618852","0,00000050221807047070","0,00000087558393827817"
"-0,46987974675928079200","0,00000043637708138302","0,00000085238127912293","0,00000016857998458789","0,00000001022632516103","0,00000001061737288198","0,00000124590978490199","0,00000034242116839745","0,00000001214963553824","0,00000116246163603456","0,00000003173336565420","0,00000130862892237553","0,00000176109940671696","0,00000114917505906008","0,00000001179936179524","0,00000001015970906277","0,00000147662675587821","0,00000187493832412064","0,00000220629582073843","0,00000050065521839589","0,00000087294143261779"
"-0,46787582412196615500","0,00000043537690291687","0,00000084965117213398","0,00000016813071989951","0,00000001024073853691","0,00000001063576350121","0,00000124222053815204","0,00000034126126610913","0,00000001215992037218","0,00000115888189806583","0,00000003163655013450","0,00000130597204444525","0,00000175689634803904","0,00000114789943007287","0,00000001177809818361","0,00000001022074492686","0,00000147590287825655","0,00000186857424412300","0,00000220083195049388","0,00000049909485832394","0,00000087026651005269"
"-0,46587190148465151800","0,00000043434397891329","0,00000084690890404266","0,00000016765876473051","0,00000001026450857751","0,00000001066256124993","0,00000123852698623380","0,00000034008273171477","0,00000001215988408270","0,00000115521414255133","0,00000003152388555174","0,00000130319503928598","0,00000175263216527444","0,00000114652286178722","0,00000001176212774200","0,00000001026964799164","0,00000147509624993797","0,00000186214389312032","0,00000219532292545488","0,00000049753699025485","0,00000086755917058284"
"-0,46386797884733688100","0,00000043327830937226","0,00000084415447484897","0,00000016716411908089","0,00000001029763528283","0,00000001069776612814","0,00000123482912914728","0,00000033888556521436","0,00000001214952666981","0,00000115145836949105","0,00000003139537190593","0,00000130029790689774","0,00000174830685842315","0,00000114504535420313","0,00000001175145047041","0,00000001030641825712","0,00000147420687092246","0,00000185564727111262","0,00000218976874562143","0,00000049598161418862","0,00000086481941420827"
"-0,46186405621002230000","0,00000043217989429379","0,00000084138788455292","0,00000016664678295065","0,00000001034011865287","0,00000001074137813586","0,00000123112696689247","0,00000033766976660791","0,00000001212884813351","0,00000114761457888498","0,00000003125100919706","0,00000129728064728052","0,00000174392042748519","0,00000114346690732060","0,00000001174606636884","0,00000001033105572328","0,00000147323474121002","0,00000184908437809989","0,00000218416941099353","0,00000049442873012526","0,00000086204724092896"
"-0,45986013357270766300","0,00000043104873367787","0,00000083860913315449","0,00000016610675633980","0,00000001039195868764","0,00000001079339727307","0,00000122742049946937","0,00000033643533589541","0,00000001209784847379","0,00000114368277073315","0,00000003109079742513","0,00000129414326043432","0,00000173947287246054","0,00000114178752113962","0,00000001174597543728","0,00000001034356039013","0,00000147217986080065","0,00000184245521408212","0,00000217852492157117","0,00000049287833806475","0,00000085924265074491"
"-0,45785621093539302600","0,00000042988482752452","0,00000083581822065369","0,00000016554403924833","0,00000001045315538712","0,00000001085382353977","0,00000122370972687799","0,00000033518227307687","0,00000001205652769065","0,00000113966294503553","0,00000003091473659015","0,00000129088574635914","0,00000173496419334921","0,00000114000719566020","0,00000001175117767574","0,00000001034393225767","0,00000147104222969436","0,00000183575977905933","0,00000217283527735437","0,00000049133043800710","0,00000085640564365613"
"-0,45585228829807839000","0,00000042868817583371","0,00000083301514705052","0,00000016495863167625","0,00000001052370875133","0,00000001092265693598","0,00000121999464911833","0,00000033391057815228","0,00000001200488578410","0,00000113555510179213","0,00000003072282669211","0,00000128750810505498","0,00000173039439015120","0,00000113812593088234","0,00000001176167308422","0,00000001033217132591","0,00000146982184789113","0,00000182899807303151","0,00000216710047834311","0,00000048978502995231","0,00000085353621966262"
"-0,45384836566076375300","0,00000042745877860547","0,00000083019991234499","0,00000016435053362354","0,00000001060361878027","0,00000001099989746167","0,00000121627526619037","0,00000033262025112165","0,00000001194292275413","0,00000113135924100296","0,00000003051506773102","0,00000128401033652185","0,00000172576346286651","0,00000113614372680603","0,00000001177746166271","0,00000001030827759483","0,00000146851871539098","0,00000182217009599866","0,00000216132052453740","0,00000048824211390038","0,00000085063437876438"
"-0,45184444302344911600","0,00000042619663583978","0,00000082737251653708","0,00000016371974509022","0,00000001069288547392","0,00000001108554511687","0,00000121255157809414","0,00000033131129198497","0,00000001187063860075","0,00000112707536266801","0,00000003029145970686","0,00000128039244075973","0,00000172107141149514","0,00000113406058343128","0,00000001179854341122","0,00000001027225106445","0,00000146713283219390","0,00000181527584796078","0,00000215549541593723","0,00000048670168985131","0,00000084770012096140"
"-0,44984052038613447900","0,00000042490710528781","0,00000082453120230234","0,00000016307503226170","0,00000001078424556034","0,00000001117273262734","0,00000120881141893450","0,00000032999016925084","0,00000001179582467820","0,00000112275050052962","0,00000003006325513817","0,00000127670445504356","0,00000171633078818400","0,00000113190272246940","0,00000001182184117088","0,00000001023238863118","0,00000146572844181577","0,00000180833663968705","0,00000214962634721803","0,00000048515814569149","0,00000084474835548245"
"-0,44783659774881984200","0,00000042359554470074","0,00000082167421231631","0,00000016242516132340","0,00000001087043576759","0,00000001125459271887","0,00000120504262281637","0,00000032866335142783","0,00000001172627234072","0,00000111843168833014","0,00000002984170654345","0,00000127299641664826","0,00000171155414507999","0,00000112969636563172","0,00000001184427778282","0,00000001019698719145","0,00000146436978777243","0,00000180137378194663","0,00000214371451305521","0,00000048360586930730","0,00000084179399155629"
"-0,44583267511150526100","0,00000042226195407856","0,00000081880154657898","0,00000016177013227530","0,00000001095145609565","0,00000001133112539145","0,00000120124518973973","0,00000032733083851595","0,00000001166198158831","0,00000111411892606956","0,00000002962681392269","0,00000126926832557383","0,00000170674148218311","0,00000112744151291823","0,00000001186585324704","0,00000001016604674526","0,00000146305687006391","0,00000179438727473952","0,00000213775991344877","0,00000048204486069875","0,00000083883702918293"
"-0,44382875247419062400","0,00000042090633342127","0,00000081591320509035","0,00000016110994511742","0,00000001102730654454","0,00000001140233064510","0,00000119741911970458","0,00000032599263051520","0,00000001160295242097","0,00000110981221374789","0,00000002941857727591","0,00000126552018182027","0,00000170189279949337","0,00000112513816432893","0,00000001188656756354","0,00000001013956729262","0,00000146178968869020","0,00000178737711806573","0,00000213176254839870","0,00000048047511986584","0,00000083587746836237"
"-0,44182482983687598700","0,00000041952868272888","0,00000081300918785043","0,00000016044459984976","0,00000001109798711424","0,00000001146820847979","0,00000119356441271093","0,00000032464872742557","0,00000001154918483870","0,00000110551155136513","0,00000002921699660310","0,00000126175198538758","0,00000169700809701077","0,00000112278631986383","0,00000001190642073231","0,00000001011754883351","0,00000146056824365129","0,00000178034331192525","0,00000212572241790501","0,00000047889664680856","0,00000083291530909460"
"-0,43982090719956135100","0,00000041812900200139","0,00000081008949485921","0,00000015977409647231","0,00000001116349780477","0,00000001152875889555","0,00000118968106875878","0,00000032329912924707","0,00000001150067884151","0,00000110121693892128","0,00000002902207190427","0,00000125796373627576","0,00000169208737473530","0,00000112038597952292","0,00000001192541275337","0,00000001009999136795","0,00000145939253494719","0,00000177328585631808","0,00000211963952196770","0,00000047730944152691","0,00000082995055137963"
"-0,43781698456224671400","0,00000041670729123878","0,00000080715412611670","0,00000015909843498508","0,00000001122383861611","0,00000001158398189236","0,00000118576908784812","0,00000032194383597970","0,00000001145743442938","0,00000109692837641633","0,00000002883380317940","0,00000125415543448481","0,00000168713063266696","0,00000111793714330621","0,00000001194354362671","0,00000001008689489594","0,00000145826256257790","0,00000176620475124423","0,00000211351386058677","0,00000047571350402090","0,00000082698319521746"
"-0,43581306192493207700","0,00000041526355044107","0,00000080420308162289","0,00000015841761538806","0,00000001127900954828","0,00000001163387747023","0,00000118182846997895","0,00000032058284762345","0,00000001141945160233","0,00000109264586385028","0,00000002865219042850","0,00000125032708001472","0,00000168213787080576","0,00000111543981121368","0,00000001196081335232","0,00000001007825941746","0,00000145717832654342","0,00000175909999670370","0,00000210734543376222","0,00000047410883429053","0,00000082401324060808"
"-0,43380913928761744000","0,00000041379777960825","0,00000080123636137778","0,00000015773163768125","0,00000001132901060127","0,00000001167844562916","0,00000117785921515129","0,00000031921616417833","0,00000001138673036035","0,00000108836940122314","0,00000002847723365158","0,00000124647867286551","0,00000167710908915169","0,00000111289398324536","0,00000001197722193022","0,00000001007408493252","0,00000145613982684374","0,00000175197159269648","0,00000210113424149404","0,00000047249543233579","0,00000082104068755150"
"-0,43180521665030280300","0,00000041230997874033","0,00000079825396538138","0,00000015704050186466","0,00000001137384177507","0,00000001171768636914","0,00000117386132336511","0,00000031784378564433","0,00000001135927070344","0,00000108409898853491","0,00000002830893284863","0,00000124261021303717","0,00000167204428770476","0,00000111029965940122","0,00000001199276936040","0,00000001007437144113","0,00000145514706347887","0,00000174481953922257","0,00000209488028378224","0,00000047087329815669","0,00000081806553604771"
"-0,42980129401298822200","0,00000041080014783730","0,00000079525589363368","0,00000015634420793828","0,00000001141350306970","0,00000001175159969018","0,00000116983479462044","0,00000031646571202146","0,00000001133707263160","0,00000107983462578559","0,00000002814728801965","0,00000123872170052969","0,00000166694346646496","0,00000110765683968128","0,00000001200745564285","0,00000001007911894328","0,00000145420003644881","0,00000173764383628198","0,00000208858356062682","0,00000046924243175322","0,00000081508778609672"
"-0,42779737137567358500","0,00000040926828689916","0,00000079224214613469","0,00000015564275590212","0,00000001144799448514","0,00000001178018559228","0,00000116577962891726","0,00000031508194330972","0,00000001132013614483","0,00000107557631297517","0,00000002799229916464","0,00000123481313534309","0,00000166180662543230","0,00000110496552408553","0,00000001202128077758","0,00000001008832743897","0,00000145329874575356","0,00000173044448387470","0,00000208224407202778","0,00000046760283312539","0,00000081210743769852"
"-0,42579344873835894800","0,00000040771439592592","0,00000078921272288440","0,00000015493614575617","0,00000001147731602141","0,00000001180344407543","0,00000116169582625557","0,00000031369247950911","0,00000001130846124313","0,00000107132405010366","0,00000002784396628360","0,00000123088451747736","0,00000165663376460677","0,00000110222571261398","0,00000001203424476460","0,00000001010199692820","0,00000145244319139312","0,00000172322148200074","0,00000207586181798512","0,00000046595450227320","0,00000080912449085312"
"-0,42378952610104431100","0,00000040613847491757","0,00000078616762388281","0,00000015422437750043","0,00000001150146767849","0,00000001182137513964","0,00000115758338663539","0,00000031229732061962","0,00000001130204792651","0,00000106707783717105","0,00000002770228937653","0,00000122693584693249","0,00000165142488398838","0,00000109943740526662","0,00000001204634760389","0,00000001012012741098","0,00000145163337336748","0,00000171597483066009","0,00000206943679849883","0,00000046429743919664","0,00000080613894556051"
"-0,42178560346372967500","0,00000040454052387411","0,00000078310684912993","0,00000015350745113491","0,00000001152044945640","0,00000001183397878491","0,00000115344231005669","0,00000031089646664125","0,00000001130089619495","0,00000106283767417735","0,00000002756726844344","0,00000122296712370850","0,00000164617998357712","0,00000109660060204345","0,00000001205758929546","0,00000001014271888729","0,00000145086929167666","0,00000170870452985276","0,00000206296901356892","0,00000046263164389572","0,00000080315080182071"
"-0,41978168082641503800","0,00000040292054279555","0,00000078003039862575","0,00000015278536665961","0,00000001153426135513","0,00000001184125501124","0,00000114927259651949","0,00000030948991757402","0,00000001130500604847","0,00000105860356112256","0,00000002743890348431","0,00000121897834780537","0,00000164089906337300","0,00000109371530294447","0,00000001206796983932","0,00000001016977135715","0,00000145015094632064","0,00000170141057957874","0,00000205645846319539","0,00000046095711637043","0,00000080016005963369"
"-0,41777775818910040100","0,00000040127853168188","0,00000077693827237028","0,00000015205812407452","0,00000001154290337467","0,00000001184320381862","0,00000114507424602379","0,00000030807767341791","0,00000001131437748706","0,00000105437549800667","0,00000002731719449916","0,00000121496951922311","0,00000163558212337601","0,00000109078150796969","0,00000001207748923545","0,00000001020128482055","0,00000144947833729943","0,00000169409297983803","0,00000204990514737824","0,00000045927385662077","0,00000079716671899948"
"-0,41577383555178582000","0,00000039961449053311","0,00000077383047036351","0,00000015132572337964","0,00000001154637551504","0,00000001183982520706","0,00000114084725856959","0,00000030665973417293","0,00000001132901051072","0,00000105015348482969","0,00000002720214148798","0,00000121094063796173","0,00000163022916358615","0,00000108779921711911","0,00000001208614748386","0,00000001023725927749","0,00000144885146461302","0,00000168675173063064","0,00000204330906611747","0,00000045758186464676","0,00000079417077991805"
"-0,41376991291447118300","0,00000039792841934922","0,00000077070699260545","0,00000015058816457498","0,00000001154467777623","0,00000001183111917655","0,00000113659163415688","0,00000030523609983907","0,00000001134890511945","0,00000104593752159161","0,00000002709374445077","0,00000120689170402121","0,00000162484018400343","0,00000108476843039271","0,00000001209394458455","0,00000001027769472797","0,00000144827032826143","0,00000167938683195656","0,00000203667021941307","0,00000045588114044837","0,00000079117224238943"
"-0,41176599027715654600","0,00000039622031813024","0,00000076756783909609","0,00000014984544766053","0,00000001153781015823","0,00000001181708572711","0,00000113230737278566","0,00000030380677041634","0,00000001137406131326","0,00000104172760829244","0,00000002699200338753","0,00000120282271740156","0,00000161941518462785","0,00000108168914779051","0,00000001210088053752","0,00000001032259117200","0,00000144773492824464","0,00000167199828381580","0,00000202998860726505","0,00000045417168402563","0,00000078817110641360"
"-0,40976206763984190900","0,00000039449018687614","0,00000076441300983543","0,00000014909757263629","0,00000001152577266106","0,00000001179772485871","0,00000112799447445594","0,00000030237174590474","0,00000001140447909213","0,00000103752374493218","0,00000002689691829826","0,00000119873367810279","0,00000161395416545940","0,00000107856136931251","0,00000001210695534277","0,00000001037194860957","0,00000144724526456266","0,00000166458608620835","0,00000202326422967341","0,00000045245349537852","0,00000078516737199056"
"-0,40775814500252727200","0,00000039273802558694","0,00000076124250482348","0,00000014834453950227","0,00000001150856528471","0,00000001177303657138","0,00000112365293916772","0,00000030093102630426","0,00000001144015845608","0,00000103332593151082","0,00000002680848918296","0,00000119462458612488","0,00000160845712649808","0,00000107538509495869","0,00000001211216900030","0,00000001042576704067","0,00000144680133721549","0,00000165715023913422","0,00000201649708663815","0,00000045072657450704","0,00000078216103912032"
"-0,40575422236521263600","0,00000039096383426263","0,00000075805632406023","0,00000014758634825847","0,00000001148618802917","0,00000001174302086510","0,00000111928276692099","0,00000029948461161491","0,00000001148109940510","0,00000102913416802837","0,00000002672671604164","0,00000119049544146784","0,00000160292406774390","0,00000107216032472907","0,00000001211652151011","0,00000001048404646533","0,00000144640314620312","0,00000164969074259340","0,00000200968717815927","0,00000044899092141120","0,00000077915210780288"
"-0,40375029972789799900","0,00000038916761290322","0,00000075485446754569","0,00000014682299890488","0,00000001145864089446","0,00000001170767773988","0,00000111488395771576","0,00000029803250183669","0,00000001152730193918","0,00000102494845448483","0,00000002665159887428","0,00000118634624413167","0,00000159735498919685","0,00000106888705862365","0,00000001212001287220","0,00000001054678688352","0,00000144605069152557","0,00000164220759658590","0,00000200283450423676","0,00000044724653609100","0,00000077614057803823"
"-0,40174637709058336200","0,00000038734936150870","0,00000075163693527985","0,00000014605449144150","0,00000001142592388057","0,00000001166700719572","0,00000111045651155202","0,00000029657469696959","0,00000001157876605834","0,00000102076879088019","0,00000002658313768090","0,00000118217699411637","0,00000159174989085694","0,00000106556529664241","0,00000001212264308656","0,00000001061398829525","0,00000144574397318282","0,00000163470080111171","0,00000199593906487063","0,00000044549341854643","0,00000077312644982638"
"-0,39974245445326878100","0,00000038551440201502","0,00000074840305578661","0,00000014528416266137","0,00000001139216229024","0,00000001162483194708","0,00000110600707234445","0,00000029511764542385","0,00000001163085103032","0,00000101659392564656","0,00000002651784530446","0,00000117797866813242","0,00000158612701730394","0,00000106221439306565","0,00000001212444482161","0,00000001068073525978","0,00000144546586500836","0,00000162717527049199","0,00000198902048559270","0,00000044373808066943","0,00000077009856831843"
"-0,39773853181595414400","0,00000038366805635814","0,00000074515215758989","0,00000014451534935752","0,00000001136148142623","0,00000001158497470841","0,00000110154228400771","0,00000029366779560971","0,00000001167891612284","0,00000101242260721603","0,00000002645223458792","0,00000117374224289029","0,00000158050461311764","0,00000105885370217365","0,00000001212545074573","0,00000001074211233637","0,00000144519924083566","0,00000161963591904790","0,00000198209839193479","0,00000044198703435193","0,00000076704577866550"
"-0,39573460917863950700","0,00000038181032453805","0,00000074188424068969","0,00000014374805152996","0,00000001133388128854","0,00000001154743547973","0,00000109706214654180","0,00000029222514752717","0,00000001172296133592","0,00000100825483558860","0,00000002638630553129","0,00000116946771838998","0,00000157488267829804","0,00000105548322396640","0,00000001212566085893","0,00000001079811952501","0,00000144494410066473","0,00000161208274677944","0,00000197517278389690","0,00000044024027959394","0,00000076396808086757"
"-0,39373068654132487000","0,00000037994120655475","0,00000073859930508599","0,00000014298226917867","0,00000001130936187717","0,00000001151221426103","0,00000109256665994672","0,00000029078970117622","0,00000001176298666954","0,00000100409061076428","0,00000002632005813456","0,00000116515509463149","0,00000156926121284513","0,00000105210295844391","0,00000001212507516121","0,00000001084875682571","0,00000144470044449557","0,00000160451575368661","0,00000196824366147903","0,00000043849781639545","0,00000076086547492465"
"-0,39172676390401023300","0,00000037806070240825","0,00000073529735077881","0,00000014221800230367","0,00000001128792319211","0,00000001147931105232","0,00000108805582422248","0,00000028936145655687","0,00000001179899212372","0,00000099992993274305","0,00000002625349239775","0,00000116080437161482","0,00000156364021675891","0,00000104871290560617","0,00000001212369365256","0,00000001089402423846","0,00000144446827232817","0,00000159693493976940","0,00000196131102468117","0,00000043675964475646","0,00000075773796083675"
"-0,38972284126669559600","0,00000037616881209854","0,00000073197837776814","0,00000014145525090495","0,00000001126956523337","0,00000001144872585358","0,00000108352963936906","0,00000028794041366912","0,00000001183097769846","0,00000099577280152493","0,00000002618660832083","0,00000115641554933998","0,00000155801969003939","0,00000104531306545318","0,00000001212151633299","0,00000001093392176327","0,00000144424758416253","0,00000158934030502783","0,00000195437487350334","0,00000043502576467698","0,00000075458553860385"
"-0,38771891862938096000","0,00000037426553562563","0,00000072864238605398","0,00000014069401498251","0,00000001125428800095","0,00000001142045866482","0,00000107898810538648","0,00000028652657251296","0,00000001185894339374","0,00000099161921710991","0,00000002611940590383","0,00000115198862780695","0,00000155239963268657","0,00000104190343798495","0,00000001211854320250","0,00000001096844940013","0,00000144403837999867","0,00000158173184946189","0,00000194743520794552","0,00000043329617615700","0,00000075140820822597"
"-0,38571499599206637800","0,00000037235087298951","0,00000072528937563634","0,00000013993429453635","0,00000001124209149484","0,00000001139450948605","0,00000107443122227473","0,00000028511993308840","0,00000001188288920958","0,00000098746917949800","0,00000002605188514673","0,00000114752360701575","0,00000154678004470044","0,00000103848402320147","0,00000001211477426108","0,00000001099760714905","0,00000144384065983656","0,00000157410957307157","0,00000194049202800772","0,00000043157087919652","0,00000074820596970309"
"-0,38371107335475174200","0,00000037042482419018","0,00000072191934651520","0,00000013917608956648","0,00000001123297571505","0,00000001137087831726","0,00000106985899003382","0,00000028372049539543","0,00000001190281514596","0,00000098332268868919","0,00000002598404604953","0,00000114302048696637","0,00000154116092608101","0,00000103505482110275","0,00000001211020950874","0,00000001102139501002","0,00000144365442367622","0,00000156647347585688","0,00000193354533368994","0,00000042984987379555","0,00000074497882303523"
"-0,38170715071743710500","0,00000036848738922765","0,00000071853229869058","0,00000013841940007288","0,00000001122694066157","0,00000001134956515845","0,00000106527140866373","0,00000028232825943406","0,00000001191872120290","0,00000097917974468347","0,00000002591588861225","0,00000113847926765882","0,00000153554227682827","0,00000103161583168879","0,00000001210484894547","0,00000001103981298305","0,00000144347967151765","0,00000155882355781782","0,00000192659512499218","0,00000042813315995408","0,00000074172676822238"
"-0,37970322808012246800","0,00000036653856810191","0,00000071512823216247","0,00000013766422605557","0,00000001122398633441","0,00000001133057000962","0,00000106066847816448","0,00000028094322520428","0,00000001193060738039","0,00000097504034748087","0,00000002584741283487","0,00000113389994909308","0,00000152992409694223","0,00000102816705495958","0,00000001209869257128","0,00000001105286106813","0,00000144331640336084","0,00000155115981895440","0,00000191964140191444","0,00000042642073767211","0,00000073844980526454"
"-0,37769930544280783100","0,00000036457836081296","0,00000071170714693087","0,00000013691056751454","0,00000001122411273357","0,00000001131389287077","0,00000105605019853605","0,00000027956539270611","0,00000001193847367844","0,00000097090449708136","0,00000002577861871739","0,00000112928253126917","0,00000152430638642288","0,00000102470849091512","0,00000001209174038617","0,00000001106053926527","0,00000144316461920580","0,00000154348225926659","0,00000191268416445672","0,00000042471260694964","0,00000073514793416170"
"-0,37569538280549319400","0,00000036260676736081","0,00000070826904299579","0,00000013615842444979","0,00000001122731985905","0,00000001129953374191","0,00000105141656977846","0,00000027819476193952","0,00000001194232009703","0,00000096677219348496","0,00000002570950625982","0,00000112462701418708","0,00000151868914527023","0,00000102124013955542","0,00000001208399239014","0,00000001106284757446","0,00000144302431905252","0,00000153579087875442","0,00000190572341261901","0,00000042300876778668","0,00000073182115491388"
"-0,37369146016817855700","0,00000036062378774545","0,00000070481392035722","0,00000013540779686132","0,00000001123360771084","0,00000001128749262302","0,00000104676759189171","0,00000027683133290454","0,00000001194214663618","0,00000096264343669166","0,00000002564007546216","0,00000111993339784680","0,00000151307237348428","0,00000101776200088047","0,00000001207544858318","0,00000001105978599570","0,00000144289550290101","0,00000152808567741788","0,00000189875914640133","0,00000042130922018322","0,00000072846946752107"
"-0,37168753753086392100","0,00000035862942196689","0,00000070134177901516","0,00000013465868474913","0,00000001124297628895","0,00000001127776951412","0,00000104210326487578","0,00000027547510560115","0,00000001193795329588","0,00000095851822670146","0,00000002557032632441","0,00000111520168224836","0,00000150745607106502","0,00000101427407489028","0,00000001206610896530","0,00000001105135452900","0,00000144277817075127","0,00000152036665525697","0,00000189179136580366","0,00000041961396413926","0,00000072509287198327"
"-0,36968361489354933900","0,00000035662367002512","0,00000069785261896961","0,00000013391108811322","0,00000001125542559338","0,00000001127036441520","0,00000103742358873068","0,00000027412608002936","0,00000001192974007613","0,00000095439656351437","0,00000002550025884656","0,00000111043186739173","0,00000150184023801245","0,00000101077636158484","0,00000001205597353649","0,00000001103755317436","0,00000144267232260329","0,00000151263381227168","0,00000188482007082602","0,00000041792299965481","0,00000072169136830048"
"-0,36767969225623470200","0,00000035460653192014","0,00000069434644022057","0,00000013316500695360","0,00000001127095562412","0,00000001126527732626","0,00000103272856345642","0,00000027278425618916","0,00000001191750697694","0,00000095027844713037","0,00000002542987302861","0,00000110562395327692","0,00000149622487432658","0,00000100726886096416","0,00000001204504229677","0,00000001101838193177","0,00000144257795845707","0,00000150488714846203","0,00000187784526146839","0,00000041623632672986","0,00000071826495647270"
"-0,36567576961892006600","0,00000035257800765196","0,00000069082324276805","0,00000013242044127026","0,00000001128956638118","0,00000001126250824730","0,00000102801818905299","0,00000027144963408056","0,00000001190125399829","0,00000094616387754948","0,00000002535916887057","0,00000110077793990394","0,00000149060998000741","0,00000100375157302823","0,00000001203331524611","0,00000001099384080123","0,00000144249507831262","0,00000149712666382800","0,00000187086693773078","0,00000041455394536441","0,00000071481363649994"
"-0,36367184698160542900","0,00000035053809722057","0,00000068728302661204","0,00000013167739106320","0,00000001131125786455","0,00000001126205717832","0,00000102329246552039","0,00000027012221370355","0,00000001188098114020","0,00000094205285477170","0,00000002528814637244","0,00000109589382727278","0,00000148499555505493","0,00000100022449777705","0,00000001202079238454","0,00000001096392978275","0,00000144242368216994","0,00000148935235836960","0,00000186388509961319","0,00000041287585555847","0,00000071133740838218"
"-0,36166792434429079200","0,00000034848680062598","0,00000068372579175254","0,00000013093585633242","0,00000001133603007425","0,00000001126392411933","0,00000101855139285862","0,00000026880199505814","0,00000001185668840266","0,00000093794537879701","0,00000002521680553422","0,00000109097161538344","0,00000147938159946915","0,00000099668763521063","0,00000001200747371204","0,00000001092864887633","0,00000144236377002902","0,00000148156423208683","0,00000185689974711562","0,00000041120205731203","0,00000070783627211943"
"-0,35966400170697615500","0,00000034642411786818","0,00000068015153818955","0,00000013019583707792","0,00000001136388301025","0,00000001126810907031","0,00000101379497106769","0,00000026748897814433","0,00000001182837578567","0,00000093384144962543","0,00000002514514635590","0,00000108601130423592","0,00000147376811325006","0,00000099314098532897","0,00000001199335922862","0,00000001088799808196","0,00000144231534188986","0,00000147376228497969","0,00000184991088023806","0,00000040953255062509","0,00000070431022771170"
"-0,35766007906966151800","0,00000034435004894717","0,00000067656026592308","0,00000012945733329970","0,00000001139481667258","0,00000001127461203128","0,00000100902320014759","0,00000026618316296212","0,00000001179604328924","0,00000092974106725695","0,00000002507316883749","0,00000108101289383023","0,00000146815509639767","0,00000098958454813206","0,00000001197844893428","0,00000001084197739965","0,00000144227839775248","0,00000146594651704818","0,00000184291849898053","0,00000040786733549766","0,00000070075927515897"
"-0,35565615643234693700","0,00000034226459386296","0,00000067295197495312","0,00000012872034499777","0,00000001142883106122","0,00000001128343300223","0,00000100423608009831","0,00000026488454951150","0,00000001175969091335","0,00000092564423169157","0,00000002500087297898","0,00000107597638416635","0,00000146254254891197","0,00000098601832361991","0,00000001196274282901","0,00000001079058682938","0,00000144225293761685","0,00000145811692829230","0,00000183592260334301","0,00000040620641192973","0,00000069718341446126"
"-0,35365223379503230000","0,00000034016775261554","0,00000066932666527967","0,00000012798487217211","0,00000001146592617618","0,00000001129457198316","0,00000099943361091987","0,00000026359313779247","0,00000001171931865802","0,00000092155094292930","0,00000002492825878038","0,00000107090177524430","0,00000145693047079297","0,00000098244231179251","0,00000001194624091281","0,00000001073382637118","0,00000144223896148300","0,00000145027351871204","0,00000182892319332552","0,00000040454977992130","0,00000069358264561855"
"-0,35164831115771766300","0,00000033805952520492","0,00000066568433690273","0,00000012725091482274","0,00000001150610201746","0,00000001130802897407","0,00000099461579261227","0,00000026230892780504","0,00000001167492652324","0,00000091746120097012","0,00000002485532624169","0,00000106578906706407","0,00000145131886204067","0,00000097885651264986","0,00000001192894318570","0,00000001067169602503","0,00000144223646935090","0,00000144241628830742","0,00000182192026892804","0,00000040289743947237","0,00000068995696863086"
"-0,34964438852040302700","0,00000033594941489261","0,00000066203218264686","0,00000012651359541521","0,00000001154552066079","0,00000001132177684870","0,00000098978236472924","0,00000026102869097461","0,00000001162981185556","0,00000091336567637794","0,00000002478288937388","0,00000106065033234884","0,00000144569816615034","0,00000097524643424102","0,00000001191147332274","0,00000001061008210583","0,00000144225404673202","0,00000143454571347818","0,00000181489658266199","0,00000040123853502728","0,00000068631583122856"
"-0,34764046588308839000","0,00000033384692494013","0,00000065837739533660","0,00000012576803641509","0,00000001158034418191","0,00000001133378848079","0,00000098493306682453","0,00000025974919872657","0,00000001158727200152","0,00000090925503971662","0,00000002471176218792","0,00000105549764382179","0,00000144005882661728","0,00000097159758461501","0,00000001189445499903","0,00000001055487092847","0,00000144230027913778","0,00000142666227062409","0,00000180783488703878","0,00000039956221103035","0,00000068266868114203"
"-0,34563654324577375300","0,00000033175205534749","0,00000065471997497197","0,00000012501423782237","0,00000001161057258082","0,00000001134406387033","0,00000098006789889816","0,00000025847045106093","0,00000001154730696112","0,00000090512929098617","0,00000002464194468381","0,00000105033100148293","0,00000143440084344148","0,00000096790996377186","0,00000001187788821456","0,00000001050606249296","0,00000144237516656819","0,00000141876595974514","0,00000180073518205840","0,00000039786846748159","0,00000067901551837128"
"-0,34363262060845911600","0,00000032966480611469","0,00000065105992155295","0,00000012425219963705","0,00000001163620585752","0,00000001135260301732","0,00000097518686095010","0,00000025719244797768","0,00000001150991673437","0,00000090098843018660","0,00000002457343686157","0,00000104515040533225","0,00000142872421662295","0,00000096418357171155","0,00000001186177296933","0,00000001046365679930","0,00000144247870902326","0,00000141085678084134","0,00000179359746772087","0,00000039615730438099","0,00000067535634291631"
"-0,34162869797114447900","0,00000032758517724172","0,00000064739723507955","0,00000012348192185914","0,00000001165724401201","0,00000001135940592177","0,00000097028995298038","0,00000025591518947683","0,00000001147510132126","0,00000089683245731789","0,00000002450623872117","0,00000103995585536976","0,00000142302894616168","0,00000096041840843408","0,00000001184610926334","0,00000001042765384748","0,00000144261090650297","0,00000140293473391268","0,00000178642174402617","0,00000039442872172856","0,00000067169115477711"
"-0,33962477533382989800","0,00000032551316872859","0,00000064373191555177","0,00000012270340448863","0,00000001167368704430","0,00000001136447258367","0,00000096537717498898","0,00000025463867555837","0,00000001144286072179","0,00000089266137238005","0,00000002444035026263","0,00000103474735159544","0,00000141731503205768","0,00000095661447393946","0,00000001183089709660","0,00000001039805363751","0,00000144277175900733","0,00000139499981895917","0,00000177920801097430","0,00000039268271952428","0,00000066801995395368"
"-0,33762085269651526100","0,00000032344878057529","0,00000064006396296960","0,00000012191664752552","0,00000001168553495437","0,00000001136780300303","0,00000096044852697590","0,00000025336290622231","0,00000001141319493597","0,00000088847517537308","0,00000002437577148594","0,00000102952489400931","0,00000141158247431094","0,00000095277176822768","0,00000001181613646909","0,00000001037485616939","0,00000144296126653634","0,00000138705203598080","0,00000177195626856528","0,00000039091929776818","0,00000066434274044603"
"-0,33561693005920062400","0,00000032139201278183","0,00000063639337733306","0,00000012112165096982","0,00000001169278774224","0,00000001136939717984","0,00000095550400894116","0,00000025208788146864","0,00000001138610396379","0,00000088427386629698","0,00000002431250239111","0,00000102428848261137","0,00000140583127292146","0,00000094889029129875","0,00000001180182738083","0,00000001035806144310","0,00000144317942908999","0,00000137909138497757","0,00000176466651679909","0,00000038913845646024","0,00000066065951425416"
"-0,33361300742188598800","0,00000031934286534820","0,00000063272015864213","0,00000012031841482153","0,00000001169544540790","0,00000001136925511411","0,00000095054362088473","0,00000025081360129736","0,00000001136158780526","0,00000088005744515175","0,00000002425054297814","0,00000101903811740161","0,00000140006142788925","0,00000094497004315266","0,00000001178796983181","0,00000001034766945867","0,00000144342624666830","0,00000137111786594950","0,00000175733875567574","0,00000038734019560046","0,00000065697027537806"
"-0,33160908478457135100","0,00000031730133827441","0,00000062904430689682","0,00000011950693908063","0,00000001169350795135","0,00000001136737680583","0,00000094556736280664","0,00000024954006570849","0,00000001133964646037","0,00000087582591193740","0,00000002418989324701","0,00000101377379838003","0,00000139427293921431","0,00000094101102378942","0,00000001177456382204","0,00000001034368021608","0,00000144370171927125","0,00000136313147889656","0,00000174997298519522","0,00000038552451518884","0,00000065327502381774"
"-0,32960516214725671400","0,00000031526743156046","0,00000062536582209713","0,00000011868722374714","0,00000001168697537259","0,00000001136376225500","0,00000094057523470687","0,00000024826727470200","0,00000001132027992912","0,00000087157926665391","0,00000002413055319775","0,00000100849552554663","0,00000138846580689662","0,00000093701323320902","0,00000001176160935150","0,00000001034609371534","0,00000144400584689886","0,00000135513222381877","0,00000174256920535755","0,00000038369141522539","0,00000064957375957319"
"-0,32760123950994207700","0,00000031324114520634","0,00000062168470424305","0,00000011785926882106","0,00000001167584767162","0,00000001135841146164","0,00000093556723658542","0,00000024699522827791","0,00000001130348821151","0,00000086731750930129","0,00000002407252283033","0,00000100320329890142","0,00000138264003093620","0,00000093297667141147","0,00000001174910642021","0,00000001035490995644","0,00000144433862955111","0,00000134712010071613","0,00000173512741616271","0,00000038184089571011","0,00000064586648264442"
"-0,32559731687262749600","0,00000031122247921205","0,00000061800095333459","0,00000011702307430238","0,00000001166012484844","0,00000001135132442572","0,00000093054336844230","0,00000024572392643622","0,00000001128927130755","0,00000086304063987954","0,00000002401580214477","0,00000099789711844438","0,00000137679561133305","0,00000092890133839676","0,00000001173705502816","0,00000001037012893938","0,00000144470006722801","0,00000133909510958863","0,00000172764761761071","0,00000037997295664299","0,00000064215319303143"
"-0,32359339423531285900","0,00000030921143357761","0,00000061431456937176","0,00000011617864019110","0,00000001163980690305","0,00000001134250114726","0,00000092550363027751","0,00000024445336917692","0,00000001127762921723","0,00000085874865838866","0,00000002396039114107","0,00000099257698417554","0,00000137093254808716","0,00000092478723416490","0,00000001172545517535","0,00000001039175066418","0,00000144509015992957","0,00000133105725043628","0,00000172012980970154","0,00000037808759802403","0,00000063843389073421"
"-0,32158947159799822200","0,00000030720800830299","0,00000061062555235454","0,00000011532596648723","0,00000001161489383545","0,00000001133194162625","0,00000092044802209104","0,00000024318355650001","0,00000001126856194056","0,00000085444156482864","0,00000002390628981922","0,00000098724289609487","0,00000136505084119853","0,00000092063435871588","0,00000001171430686179","0,00000001041977513082","0,00000144550890765577","0,00000132300652325907","0,00000171257399243521","0,00000037618481985324","0,00000063470857575276"
"-0,31958554896068358500","0,00000030521220338822","0,00000060693390228293","0,00000011446505319076","0,00000001158538564565","0,00000001131964586270","0,00000091537654388290","0,00000024191448840550","0,00000001126206947753","0,00000085011935919950","0,00000002385349817922","0,00000098189485420239","0,00000135915049066717","0,00000091644271204970","0,00000001170361008746","0,00000001045420233930","0,00000144595631040661","0,00000131494292805701","0,00000170498016581172","0,00000037426462213061","0,00000063097724808709"
"-0,31758162632336894800","0,00000030322401883327","0,00000060323961915695","0,00000011359590030170","0,00000001155128233363","0,00000001130561385660","0,00000091028919565308","0,00000024064616489338","0,00000001125815182814","0,00000084578204150123","0,00000002380201622108","0,00000097653285849810","0,00000135323149649307","0,00000091221229416637","0,00000001169336485238","0,00000001049503228963","0,00000144643236818211","0,00000130686646483009","0,00000169734832983107","0,00000037232700485614","0,00000062723990773720"
"-0,31557770368605431200","0,00000030124345463817","0,00000059954270297658","0,00000011271850782004","0,00000001151258389941","0,00000001128984560796","0,00000090518597740159","0,00000023937858596366","0,00000001125680899240","0,00000084142961173383","0,00000002375184394480","0,00000097115690898198","0,00000134729385867624","0,00000090794310506589","0,00000001168357115654","0,00000001054226498180","0,00000144693708098226","0,00000129877713357832","0,00000168967848449325","0,00000037037196802984","0,00000062349655470308"
"-0,31357378104873967500","0,00000029927051080290","0,00000059584315374183","0,00000011183287574578","0,00000001146929034298","0,00000001127234111677","0,00000090006688912843","0,00000023811175161634","0,00000001125804097030","0,00000083706206989730","0,00000002370298135037","0,00000096576700565405","0,00000134133757721667","0,00000090363514474825","0,00000001167422899995","0,00000001059590041583","0,00000144747044880705","0,00000129067493430169","0,00000168197062979827","0,00000036839951165171","0,00000061974718898473"
"-0,31156985841142503800","0,00000029730518732746","0,00000059214097145270","0,00000011093900407893","0,00000001142140166434","0,00000001125310038304","0,00000089493193083359","0,00000023684566185140","0,00000001126184776184","0,00000083267941599164","0,00000002365542843779","0,00000096036314851430","0,00000133536265211437","0,00000089928841321345","0,00000001166533838259","0,00000001065593859169","0,00000144803247165650","0,00000128255986700020","0,00000167422476574613","0,00000036640963572174","0,00000061599181058217"
"-0,30956593577411045700","0,00000029534748421186","0,00000058843615610919","0,00000011003689281948","0,00000001136891786349","0,00000001123212340676","0,00000088978110251708","0,00000023558031666887","0,00000001126822936703","0,00000082828165001684","0,00000002360918520707","0,00000095494533756274","0,00000132936908336933","0,00000089490291046150","0,00000001165689930448","0,00000001072237950940","0,00000144862314953059","0,00000127443193167387","0,00000166644089233683","0,00000036440234023993","0,00000061223041949537"
"-0,30756201313679582000","0,00000029339740145610","0,00000058472870771130","0,00000010912654196744","0,00000001131183894043","0,00000001120941018794","0,00000088461440417889","0,00000023431571606873","0,00000001127718578586","0,00000082386877197292","0,00000002356425165820","0,00000094951357279936","0,00000132335687098155","0,00000089047863649240","0,00000001164891176561","0,00000001079522316896","0,00000144924248242934","0,00000126629112832267","0,00000165861900957036","0,00000036237762520628","0,00000060846301572436"
"-0,30555809049948118300","0,00000029145493906017","0,00000058101862625902","0,00000010820795152280","0,00000001125016489516","0,00000001118496072657","0,00000087943183581903","0,00000023305186005098","0,00000001128871701833","0,00000081944078185987","0,00000002352062779118","0,00000094406785422416","0,00000131732601495104","0,00000088601559130614","0,00000001164137576598","0,00000001087446957037","0,00000144989047035273","0,00000125813745694662","0,00000165075911744673","0,00000036033549062080","0,00000060468959926911"
"-0,30355416786216654600","0,00000028952009702408","0,00000057730591175236","0,00000010728112148557","0,00000001118389572768","0,00000001115877502265","0,00000087423339743749","0,00000023178874861563","0,00000001130282306445","0,00000081499767967768","0,00000002347831360603","0,00000093860818183714","0,00000131127651527779","0,00000088151377490272","0,00000001163429130559","0,00000001096011871361","0,00000145056711330077","0,00000124997091754572","0,00000164286121596594","0,00000035827593648349","0,00000060091017012965"
"-0,30155024522485190900","0,00000028759287534782","0,00000057359056419132","0,00000010634605185573","0,00000001111303143799","0,00000001113085307619","0,00000086901908903428","0,00000023052638176267","0,00000001131950392421","0,00000081053946542637","0,00000002343730910272","0,00000093313455563831","0,00000130520837196181","0,00000087697318728215","0,00000001162765838445","0,00000001105217059871","0,00000145127241127346","0,00000124179151011996","0,00000163492530512798","0,00000035619896279434","0,00000059712472830595"
"-0,29954632258753727300","0,00000028567487836617","0,00000056986989319944","0,00000010541029055859","0,00000001104296282744","0,00000001110342357612","0,00000086379437752021","0,00000022926436867864","0,00000001133682425264","0,00000080607926525642","0,00000002339536423395","0,00000092764141874368","0,00000129913155360808","0,00000087242242507040","0,00000001162205197238","0,00000001114450164562","0,00000145197078132944","0,00000123361272701151","0,00000162696442598376","0,00000035411692889871","0,00000059333267356013"
"-0,29754239995022263600","0,00000028376771041389","0,00000056614120840024","0,00000010448138551942","0,00000001097908069736","0,00000001107871521139","0,00000085856472980610","0,00000022800231855007","0,00000001135284870479","0,00000080163020531834","0,00000002335022895239","0,00000092212321426925","0,00000129305602882159","0,00000086789008489344","0,00000001161804703921","0,00000001123098827432","0,00000145262664052735","0,00000122544806056254","0,00000161899161958418","0,00000035204219414196","0,00000058953340565427"
"-0,29553847731290799900","0,00000028187137149098","0,00000056240450979374","0,00000010355933673822","0,00000001092138504775","0,00000001105672798198","0,00000085333014589194","0,00000022674023137697","0,00000001136757728064","0,00000079719228561213","0,00000002330190325804","0,00000091657994221505","0,00000128698179760235","0,00000086337616675128","0,00000001161564358495","0,00000001131163048480","0,00000145323998886719","0,00000121729751077303","0,00000161100688592923","0,00000034997475852410","0,00000058572692458837"
"-0,29353455467559341800","0,00000027998586159744","0,00000055865979737993","0,00000010264414421499","0,00000001086987587861","0,00000001103746188791","0,00000084809062577774","0,00000022547810715932","0,00000001138100998020","0,00000079276550613778","0,00000002325038715090","0,00000091101160258105","0,00000128090885995035","0,00000085888067064392","0,00000001161484160959","0,00000001138642827707","0,00000145381082634896","0,00000120916107764301","0,00000160301022501891","0,00000034791462204511","0,00000058191323036242"
"-0,29153063203827878100","0,00000027811118073327","0,00000055490707115882","0,00000010173580794973","0,00000001082455318995","0,00000001102091692917","0,00000084284616946349","0,00000022421594589714","0,00000001139314680347","0,00000078834986689530","0,00000002319568063098","0,00000090541819536727","0,00000127483721586560","0,00000085440359657134","0,00000001161564111313","0,00000001145538165113","0,00000145433915297267","0,00000120103876117246","0,00000159500163685323","0,00000034586178470501","0,00000057809232297644"
"-0,28952670940096414400","0,00000027624732889848","0,00000055114633113040","0,00000010083432794244","0,00000001078541698176","0,00000001100709310576","0,00000083759677694919","0,00000022295374759043","0,00000001140398775045","0,00000078394536788468","0,00000002313778369826","0,00000089979972057369","0,00000126876686534809","0,00000084994494453357","0,00000001161804209558","0,00000001151849060697","0,00000145482496873830","0,00000119293056136138","0,00000158698112143219","0,00000034381624650379","0,00000057426420243042"
"-0,28752278676364950700","0,00000027439430609305","0,00000054737757729467","0,00000009993970419312","0,00000001075246725404","0,00000001099599041769","0,00000083234244823485","0,00000022169151223917","0,00000001141353282114","0,00000077955200910593","0,00000002307669635276","0,00000089415617820034","0,00000126269780839782","0,00000084550471453058","0,00000001162204455693","0,00000001157575514460","0,00000145526827364587","0,00000118483647820977","0,00000157894867875577","0,00000034177800744145","0,00000057042886872436"
"-0,28551886412633487000","0,00000027255211231700","0,00000054360080965163","0,00000009905193670178","0,00000001072570400680","0,00000001098760886494","0,00000082708318332047","0,00000022042923984338","0,00000001142178201554","0,00000077516979055905","0,00000002301241859447","0,00000088848756824719","0,00000125663004501480","0,00000084108290656240","0,00000001162764849719","0,00000001162717526402","0,00000145566906769537","0,00000117675651171764","0,00000157090430882400","0,00000033974706751799","0,00000056658632185826"
"-0,28351494148902023300","0,00000027072074757032","0,00000053981602820128","0,00000009817102546840","0,00000001070512724003","0,00000001098194844753","0,00000082181898220604","0,00000021916693040305","0,00000001142873533364","0,00000077079871224403","0,00000002294495042339","0,00000088279389071426","0,00000125056357519902","0,00000083667952062901","0,00000001163485391635","0,00000001167275096522","0,00000145602735088680","0,00000116869066188498","0,00000156284801163685","0,00000033772342673341","0,00000056273656183212"
"-0,28151101885170559700","0,00000026890021185301","0,00000053602323294363","0,00000009729697049300","0,00000001069073695373","0,00000001097900916544","0,00000081654984489157","0,00000021790458391818","0,00000001143439277546","0,00000076643877416088","0,00000002287429183952","0,00000087707514560154","0,00000124449839895048","0,00000083229455673041","0,00000001164366081441","0,00000001171248224821","0,00000145634312322016","0,00000116063892871180","0,00000155477978719434","0,00000033570708508771","0,00000055887958864594"
"-0,27950709621439101500","0,00000026709050516507","0,00000053222242387867","0,00000009642977177557","0,00000001068253314790","0,00000001097879101869","0,00000081127577137705","0,00000021664220038877","0,00000001143875434098","0,00000076208997630959","0,00000002280044284286","0,00000087133133290903","0,00000123843451626919","0,00000082792801486661","0,00000001165406919138","0,00000001174636911299","0,00000145661638469545","0,00000115260131219809","0,00000154669963549647","0,00000033369804258090","0,00000055501540229972"
"-0,27750317357707637800","0,00000026529162750651","0,00000052841360100640","0,00000009556942931611","0,00000001068051582255","0,00000001098129400728","0,00000080599676166248","0,00000021537977981483","0,00000001144182003021","0,00000075775231869017","0,00000002272340343342","0,00000086556245263673","0,00000123237192715514","0,00000082357989503760","0,00000001166607904725","0,00000001177441155955","0,00000145684713531268","0,00000114457781234386","0,00000153860755654323","0,00000033169629921296","0,00000055114400279346"
"-0,27549925093976174200","0,00000026350357887732","0,00000052459676432683","0,00000009471594311462","0,00000001068468497767","0,00000001098651813119","0,00000080071281574787","0,00000021411732219635","0,00000001144358984315","0,00000075342580130262","0,00000002264317361118","0,00000085976850478465","0,00000122631063160834","0,00000081925019724339","0,00000001167969038202","0,00000001179660958790","0,00000145703537507183","0,00000113656842914910","0,00000153050355033463","0,00000032970185498391","0,00000054726539012716"
"-0,27349532830244710500","0,00000026172635927749","0,00000052077191383995","0,00000009386931317110","0,00000001069504061326","0,00000001099446339043","0,00000079542393363322","0,00000021285482753333","0,00000001144406377979","0,00000074911042414693","0,00000002255975337616","0,00000085394948935278","0,00000122025062962878","0,00000081493892148397","0,00000001169490319570","0,00000001181296319804","0,00000145718110397292","0,00000112857316261381","0,00000152238761687066","0,00000032771470989374","0,00000054337956430083"
"-0,27149140566513246800","0,00000025995996870704","0,00000051693904954576","0,00000009302953948556","0,00000001071158272932","0,00000001100512978501","0,00000079013011531852","0,00000021159229582577","0,00000001144324184015","0,00000074480618722311","0,00000002247314272835","0,00000084810540634112","0,00000121419192121646","0,00000081064606775935","0,00000001171171748828","0,00000001182347238996","0,00000145728432201594","0,00000112059201273800","0,00000151425975615132","0,00000032573486394244","0,00000053948652531445"
"-0,26948748302781783100","0,00000025820440716597","0,00000051309817144426","0,00000009219662205798","0,00000001073431132586","0,00000001101851731492","0,00000078483136080377","0,00000021032972707368","0,00000001144112402421","0,00000074051309053115","0,00000002238334166775","0,00000084223625574968","0,00000120813450637139","0,00000080637163606952","0,00000001173013325977","0,00000001182813716367","0,00000145734502920089","0,00000111262497952166","0,00000150611996817662","0,00000032376231713004","0,00000053558627316803"
"-0,26748356039050319400","0,00000025645967465426","0,00000050924927953546","0,00000009137056088838","0,00000001076322640287","0,00000001103462598016","0,00000077952767008898","0,00000020906712127704","0,00000001143771033199","0,00000073623113407106","0,00000002229035019436","0,00000083634203757845","0,00000120207838509356","0,00000080211562641449","0,00000001175015051016","0,00000001182695751916","0,00000145736322552777","0,00000110467206296480","0,00000149796825294655","0,00000032179706945651","0,00000053167880786157"
"-0,26547963775318855800","0,00000025472577117192","0,00000050539237381934","0,00000009055135597674","0,00000001079832796036","0,00000001105345578073","0,00000077421904317415","0,00000020780447843587","0,00000001143300076347","0,00000073196031784283","0,00000002219416830819","0,00000083042275182743","0,00000119602355738297","0,00000079787803879425","0,00000001177176923945","0,00000001181993345644","0,00000145733891099658","0,00000109673326306741","0,00000148980461046112","0,00000031983912092186","0,00000052776412939508"
"-0,26347571511587397600","0,00000025300269671896","0,00000050152745429592","0,00000008973900732308","0,00000001083961599831","0,00000001107500671663","0,00000076890548005927","0,00000020654179855017","0,00000001142699531866","0,00000072770064184648","0,00000002209479600922","0,00000082447839849662","0,00000118997002323963","0,00000079365887320881","0,00000001179498944765","0,00000001180706497551","0,00000145727208560732","0,00000108880857982949","0,00000148162904072032","0,00000031788847152609","0,00000052384223776854"
"-0,26147179247855933900","0,00000025129045129537","0,00000049765452096520","0,00000008893351492739","0,00000001088709051674","0,00000001109927878787","0,00000076358698074435","0,00000020527908161992","0,00000001141969399756","0,00000072345210608198","0,00000002199223329747","0,00000081850897758603","0,00000118391778266353","0,00000078945812965816","0,00000001181981113475","0,00000001178835207637","0,00000145716274936000","0,00000108089801325105","0,00000147344154372416","0,00000031594512126921","0,00000051991313298197"
"-0,25946786984124470300","0,00000024958903490115","0,00000049377357382716","0,00000008813487878967","0,00000001094075151565","0,00000001112627199443","0,00000075826354522938","0,00000020401632764514","0,00000001141109680017","0,00000071921471054936","0,00000002188648017293","0,00000081251448909565","0,00000117786683565468","0,00000078527580814231","0,00000001184623430076","0,00000001176379475901","0,00000145701090225460","0,00000107300156333208","0,00000146524211947263","0,00000031400907015121","0,00000051597681503535"
"-0,25746394720393006600","0,00000024789844753630","0,00000048988461288182","0,00000008734309890992","0,00000001100059899502","0,00000001115598633633","0,00000075293517351436","0,00000020275353662582","0,00000001140120372648","0,00000071498845524860","0,00000002177753663559","0,00000080649493302548","0,00000117181718221307","0,00000078111190866125","0,00000001187425894567","0,00000001173339302344","0,00000145681654429114","0,00000106511923007259","0,00000145703076796574","0,00000031208031817208","0,00000051203328392870"
"-0,25546002456661542900","0,00000024621868920082","0,00000048598763812917","0,00000008655817528814","0,00000001106663295487","0,00000001118842181356","0,00000074760186559930","0,00000020149070856196","0,00000001139001477651","0,00000071077334017970","0,00000002166540268548","0,00000080045030937552","0,00000116576882233870","0,00000077696643121499","0,00000001190388506948","0,00000001169714686965","0,00000145657967546961","0,00000105725101347257","0,00000144880748920348","0,00000031015886533184","0,00000050808253966200"
"-0,25345610192930079200","0,00000024454975989472","0,00000048208264956921","0,00000008578010792434","0,00000001113885339519","0,00000001122357842612","0,00000074226362148420","0,00000020022784345356","0,00000001137752995024","0,00000070656936534267","0,00000002155007832257","0,00000079438061814578","0,00000115972175603158","0,00000077283937580352","0,00000001193511267220","0,00000001165505629765","0,00000145630029579001","0,00000104939691353202","0,00000144057228318586","0,00000030824471163048","0,00000050412458223527"
"-0,25145217929198615500","0,00000024289165961799","0,00000047816964720195","0,00000008500889681850","0,00000001121726031598","0,00000001126145617402","0,00000073692044116905","0,00000019896494130063","0,00000001136374924768","0,00000070237653073751","0,00000002143156354687","0,00000078828585933625","0,00000115367598329170","0,00000076873074242685","0,00000001196794175382","0,00000001160712130744","0,00000145597840525234","0,00000104155693025095","0,00000143232514991287","0,00000030633785706800","0,00000050015941164850"
"-0,24944825665467154600","0,00000024124731686722","0,00000047426328559740","0,00000008424619029518","0,00000001129539056598","0,00000001129927025382","0,00000073159478322593","0,00000019771075184061","0,00000001135021041058","0,00000069819734043293","0,00000002131135162899","0,00000078217634221870","0,00000114763843585740","0,00000076461020215582","0,00000001199996414286","0,00000001155819251094","0,00000145564478688902","0,00000103374881747375","0,00000142407851813812","0,00000030443343040378","0,00000049618708959918"
"-0,24744433401735690900","0,00000023961966013903","0,00000047037821932559","0,00000008349363667889","0,00000001136678099389","0,00000001133423586210","0,00000072630910622691","0,00000019647402481097","0,00000001133845118070","0,00000069403429849766","0,00000002119093583952","0,00000077606237606492","0,00000114161604546698","0,00000076044742606130","0,00000001202877166784","0,00000001151312052009","0,00000145533022373247","0,00000102599032904479","0,00000141584481661523","0,00000030252656039719","0,00000049220767778480"
"-0,24544041138004230000","0,00000023800868943341","0,00000046651444838652","0,00000008275123596966","0,00000001143143159972","0,00000001136635299885","0,00000072106341017199","0,00000019525476021170","0,00000001132847155803","0,00000068988740493169","0,00000002107031617846","0,00000076994396087489","0,00000113560881212047","0,00000075624241414328","0,00000001205436432876","0,00000001147190533489","0,00000145503471578270","0,00000101828146496409","0,00000140762404534420","0,00000030061724704824","0,00000048822117620538"
"-0,24343648874272766400","0,00000023641440475035","0,00000046267197278019","0,00000008201898816747","0,00000001148934238347","0,00000001139562166409","0,00000071585769506117","0,00000019405295804280","0,00000001132027154258","0,00000068575665973503","0,00000002094949264582","0,00000076382109664862","0,00000112961673581786","0,00000075199516640176","0,00000001207674212561","0,00000001143454695532","0,00000145475826303969","0,00000101062222523165","0,00000139941620432502","0,00000029870549035691","0,00000048422758486090"
"-0,24143256610541302700","0,00000023483680608987","0,00000045885079250660","0,00000008129689327232","0,00000001154051334514","0,00000001142204185781","0,00000071069196089446","0,00000019286861830428","0,00000001131385113434","0,00000068164206290767","0,00000002082846524158","0,00000075769378338612","0,00000112363981655914","0,00000074770568283675","0,00000001209590505841","0,00000001140104538140","0,00000145450086550346","0,00000100301260984746","0,00000139122129355769","0,00000029679129032322","0,00000048022690375137"
"-0,23942864346809839000","0,00000023327589345196","0,00000045505090756575","0,00000008058495128422","0,00000001158494448473","0,00000001144561358000","0,00000070556620767184","0,00000019170174099613","0,00000001130921033331","0,00000067754361444961","0,00000002070723396577","0,00000075156202108737","0,00000111767805434432","0,00000074337396344823","0,00000001211185312714","0,00000001137140061313","0,00000145426252317399","0,00000099545261881152","0,00000138303931304223","0,00000029487464694717","0,00000047621913287679"
"-0,23742472083078378100","0,00000023173166683661","0,00000045127231795763","0,00000007988316220317","0,00000001162263580224","0,00000001146633683068","0,00000070048043539333","0,00000019055232611835","0,00000001130634913950","0,00000067346131436086","0,00000002058579881836","0,00000074542580975238","0,00000111173144917339","0,00000073900000823622","0,00000001212458633180","0,00000001134561265050","0,00000145404323605130","0,00000098794225212384","0,00000137487026277861","0,00000029295556022874","0,00000047220427223715"
"-0,23542079819346914400","0,00000023020412624384","0,00000044751502368226","0,00000007919152602916","0,00000001165358729767","0,00000001148421160983","0,00000069543464405892","0,00000018942037367094","0,00000001130526755291","0,00000066939516264142","0,00000002046415979937","0,00000073928514938114","0,00000110580000104636","0,00000073458381720072","0,00000001213410467241","0,00000001132368149352","0,00000145384300413538","0,00000098048150978441","0,00000136671414276685","0,00000029103403016795","0,00000046818232183246"
"-0,23341687555615450700","0,00000022869327167363","0,00000044377902473962","0,00000007851004276220","0,00000001167779897102","0,00000001149923791747","0,00000069042883366861","0,00000018830588365391","0,00000001130596557352","0,00000066534515929128","0,00000002034231690879","0,00000073314003997367","0,00000109988370996324","0,00000073012539034171","0,00000001214040814896","0,00000001130560714218","0,00000145366182742623","0,00000097307039179324","0,00000135857095300695","0,00000028911005676479","0,00000046415328166272"
"-0,23141295291883987000","0,00000022719910312600","0,00000044006432112972","0,00000007783871240228","0,00000001169527082230","0,00000001151141575358","0,00000068546300422241","0,00000018720885606726","0,00000001130844320136","0,00000066131130431044","0,00000002022027014663","0,00000072699048152996","0,00000109398257592400","0,00000072562472765921","0,00000001214349676144","0,00000001129138959648","0,00000145349970592385","0,00000096570889815032","0,00000135044069349891","0,00000028718364001926","0,00000046011715172792"
"-0,22940903028152526100","0,00000022572162060093","0,00000043637091285257","0,00000007717753494941","0,00000001170600285149","0,00000001152074511817","0,00000068053715572030","0,00000018612929091097","0,00000001131270043640","0,00000065729359769891","0,00000002009801951288","0,00000072083647405001","0,00000108809659892867","0,00000072108182915320","0,00000001214337050986","0,00000001128102885643","0,00000145335663962824","0,00000095839702885565","0,00000134232336424271","0,00000028525477993136","0,00000045607393202807"
"-0,22740510764421062400","0,00000022426082409844","0,00000043269879990815","0,00000007652651040358","0,00000001170999505860","0,00000001152722601125","0,00000067565128816230","0,00000018506718818506","0,00000001131873727866","0,00000065329203945668","0,00000001997556500754","0,00000071467801753381","0,00000108222577897723","0,00000071649669482371","0,00000001214002939422","0,00000001127452492203","0,00000145323262853941","0,00000095113478390924","0,00000133421896523838","0,00000028332347650110","0,00000045202362256317"
"-0,22540118500689598800","0,00000022281671361851","0,00000042904798229647","0,00000007588563876480","0,00000001170724744363","0,00000001153085843280","0,00000067080540154839","0,00000018402254788952","0,00000001132655372814","0,00000064930662958376","0,00000001985290663062","0,00000070851511198137","0,00000107637011606969","0,00000071186932467071","0,00000001213347341451","0,00000001127187779327","0,00000145312767265734","0,00000094392216331108","0,00000132612749648590","0,00000028138972972847","0,00000044796622333322"
"-0,22339726236958137900","0,00000022138928916115","0,00000042541846001753","0,00000007525492003307","0,00000001169776000659","0,00000001153164238283","0,00000066599949587859","0,00000018299537002436","0,00000001133614978483","0,00000064533736808014","0,00000001973004438211","0,00000070234775739270","0,00000107052961020605","0,00000070719971869421","0,00000001212370257074","0,00000001127308747015","0,00000145304177198205","0,00000093675916706118","0,00000131804895798527","0,00000027945353961347","0,00000044390173433821"
"-0,22139333973226674200","0,00000021997855072637","0,00000042181023307133","0,00000007463435420838","0,00000001168153274746","0,00000001152957786134","0,00000066123357115289","0,00000018198565458957","0,00000001134752544873","0,00000064138425494582","0,00000001960697826201","0,00000069617595376778","0,00000106470426138630","0,00000070248787689422","0,00000001211071686292","0,00000001127815395268","0,00000145297492651352","0,00000092964579515953","0,00000130998334973650","0,00000027751490615611","0,00000043983015557815"
"-0,21938941709495210500","0,00000021858449831415","0,00000041822330145787","0,00000007402394129074","0,00000001165856566625","0,00000001152466486833","0,00000065650762737130","0,00000018099340158515","0,00000001136068071985","0,00000063744729018081","0,00000001948370827032","0,00000068999970110662","0,00000105889406961046","0,00000069773379927073","0,00000001209451629102","0,00000001128707724085","0,00000145292713625177","0,00000092258204760613","0,00000130193067173959","0,00000027557382935638","0,00000043575148705304"
"-0,21738549445763746800","0,00000021720713192450","0,00000041465766517715","0,00000007342368128014","0,00000001162885876297","0,00000001151690340380","0,00000065182166453380","0,00000018001861101110","0,00000001137561559818","0,00000063352647378511","0,00000001936023440705","0,00000068381899940922","0,00000105309903487851","0,00000069293748582374","0,00000001207510085507","0,00000001129985733467","0,00000145289840119679","0,00000091556792440099","0,00000129389092399453","0,00000027363030921428","0,00000043166572876287"
"-0,21538157182032285900","0,00000021584645155743","0,00000041111332422916","0,00000007283357417658","0,00000001159241203760","0,00000001150629346775","0,00000064717568264041","0,00000017906128286743","0,00000001139233008372","0,00000062962180575871","0,00000001923655667219","0,00000067763384867558","0,00000104731915719045","0,00000068809893655326","0,00000001205247055506","0,00000001131649423413","0,00000145288872134858","0,00000090860342554410","0,00000128586410650132","0,00000027168434572981","0,00000042757288070766"
"-0,21337764918300822200","0,00000021450245721292","0,00000040759027861392","0,00000007225361998008","0,00000001154922549015","0,00000001149283506017","0,00000064256968169111","0,00000017812141715413","0,00000001141082417648","0,00000062573328610161","0,00000001911267506575","0,00000067144424890570","0,00000104155443654630","0,00000068321815145928","0,00000001202662539098","0,00000001133698793924","0,00000145289809670714","0,00000090168855103547","0,00000127785021925997","0,00000026973593890298","0,00000042347294288738"
"-0,21137372654569358500","0,00000021317514889098","0,00000040408852833141","0,00000007168381869061","0,00000001149929912063","0,00000001147652818108","0,00000063800366168592","0,00000017719901387120","0,00000001143109787646","0,00000062186091481382","0,00000001898858958772","0,00000066525020009958","0,00000103580487294604","0,00000067829513054180","0,00000001199756536284","0,00000001136133844999","0,00000145292652727247","0,00000089482330087509","0,00000126984926227048","0,00000026778508873378","0,00000041936591530206"
"-0,20936980390837894900","0,00000021186452659161","0,00000040060807338165","0,00000007112417030820","0,00000001144263292902","0,00000001145737283047","0,00000063347762262483","0,00000017629407301865","0,00000001145315118365","0,00000061800469189533","0,00000001886430023810","0,00000065905170225722","0,00000103007046638968","0,00000067332987380082","0,00000001196529047064","0,00000001138954576639","0,00000145297401304458","0,00000088800767506297","0,00000126186123553284","0,00000026583179522221","0,00000041525179795168"
"-0,20736588127106434000","0,00000021057059031481","0,00000039714891376462","0,00000007057467483283","0,00000001137922691534","0,00000001143536900833","0,00000062899156450784","0,00000017540659459647","0,00000001147698409805","0,00000061416461734615","0,00000001873980701690","0,00000065284875537861","0,00000102435121687722","0,00000066832238123634","0,00000001192980071437","0,00000001142160988843","0,00000145304055402345","0,00000088124167359910","0,00000125388613904706","0,00000026387605836827","0,00000041113059083625"
"-0,20536195863374970300","0,00000020929334006059","0,00000039371104948033","0,00000007003533226450","0,00000001130908107957","0,00000001141051671468","0,00000062454548733496","0,00000017453657860467","0,00000001150259661967","0,00000061034069116627","0,00000001861510992410","0,00000064664135946377","0,00000101864712440865","0,00000066327265284837","0,00000001189109609405","0,00000001145753081611","0,00000145312615020909","0,00000087452529648348","0,00000124592397281313","0,00000026191787817197","0,00000040700229395577"
"-0,20335803599643506600","0,00000020803277582893","0,00000039029448052878","0,00000006950614260322","0,00000001123219542172","0,00000001138281594950","0,00000062013939110617","0,00000017368402504323","0,00000001152998874850","0,00000060653291335570","0,00000001849020895973","0,00000064042951451268","0,00000101295818898398","0,00000065818068863690","0,00000001184917660966","0,00000001149730854944","0,00000145323080160151","0,00000086785854371612","0,00000123797473683106","0,00000025995725463330","0,00000040286690731024"
"-0,20135411335912042900","0,00000020678889761984","0,00000038689920690997","0,00000006898710584898","0,00000001114856994180","0,00000001135226671281","0,00000061577327582149","0,00000017284893391217","0,00000001155916048455","0,00000060274128391443","0,00000001836510412376","0,00000063421322052535","0,00000100728441060321","0,00000065304648860193","0,00000001180404226121","0,00000001154094308842","0,00000145335450820070","0,00000086124141529701","0,00000123003843110084","0,00000025799418775226","0,00000039872443089965"
"-0,19935019072180582000","0,00000020555880414422","0,00000038353787853830","0,00000006847983933997","0,00000001106481149104","0,00000001132148128857","0,00000061145447955969","0,00000017202829700719","0,00000001158774891963","0,00000059897443173013","0,00000001823855135161","0,00000062802375990013","0,00000100163728723836","0,00000064790013423510","0,00000001175905163430","0,00000001158478848198","0,00000145348054060450","0,00000085468271923254","0,00000122217147736165","0,00000025603383043324","0,00000039459589912728"
"-0,19734626808449118300","0,00000020433959411297","0,00000038022314532817","0,00000006798596041437","0,00000001098752692071","0,00000001129307196078","0,00000060719034039954","0,00000017121910612398","0,00000001161339114556","0,00000059524098569046","0,00000001810930657868","0,00000062189241503537","0,00000099602831686144","0,00000064277170702807","0,00000001171756331452","0,00000001162519877905","0,00000145359216941075","0,00000084819126352910","0,00000121443029735267","0,00000025408133558062","0,00000039050234639640"
"-0,19534234544717654600","0,00000020313126752608","0,00000037695500727957","0,00000006750546907216","0,00000001091671623079","0,00000001126703872944","0,00000060298085834106","0,00000017042136126254","0,00000001163608716235","0,00000059154094579544","0,00000001797736980497","0,00000061581918593105","0,00000099045749947246","0,00000063766120698082","0,00000001167957730187","0,00000001166217397964","0,00000145368939461947","0,00000084176704818669","0,00000120681489107389","0,00000025213670319440","0,00000038644377270702"
"-0,19333842280986191000","0,00000020193382438356","0,00000037373346439251","0,00000006703836531336","0,00000001085237942129","0,00000001124338159454","0,00000059882603338424","0,00000016963506242288","0,00000001165583697000","0,00000058787431204505","0,00000001784274103048","0,00000060980407258720","0,00000098492483507143","0,00000063256863409336","0,00000001164509359636","0,00000001169571408375","0,00000145377221623063","0,00000083541007320530","0,00000119932525852532","0,00000025019993327459","0,00000038242017805913"
"-0,19133450017254730000","0,00000020074726468542","0,00000037055851666699","0,00000006658464913795","0,00000001079451649220","0,00000001122210055608","0,00000059472586552907","0,00000016886020960499","0,00000001167264056850","0,00000058424108443929","0,00000001770542025521","0,00000060384707500379","0,00000097943032365832","0,00000062749398836570","0,00000001161411219799","0,00000001172581909137","0,00000145384063424426","0,00000082912033858494","0,00000119196139970695","0,00000024827102582118","0,00000037843156245273"
"-0,18933057753523266400","0,00000019957158843164","0,00000036743016410300","0,00000006614432054595","0,00000001074312744354","0,00000001120319561407","0,00000059068035477557","0,00000016809680280888","0,00000001168649795785","0,00000058064126297817","0,00000001756540747915","0,00000059794819318084","0,00000097397396523316","0,00000062243726979781","0,00000001158663310675","0,00000001175248900252","0,00000145389464866033","0,00000082289784432561","0,00000118472331461878","0,00000024634998083417","0,00000037447792588782"
"-0,18732665489791802700","0,00000019840679562222","0,00000036434840670055","0,00000006571737953736","0,00000001069821227529","0,00000001118666676851","0,00000058668950112372","0,00000016734484203454","0,00000001169740913806","0,00000057707484766169","0,00000001742270270232","0,00000059210742711834","0,00000096855575979594","0,00000061739847838972","0,00000001156265632264","0,00000001177572381718","0,00000145393425947887","0,00000081674259042730","0,00000117761100326082","0,00000024443679831356","0,00000037055926836440"
"-0,18532273226060341800","0,00000019725288625718","0,00000036131324445964","0,00000006530382611216","0,00000001065977098747","0,00000001117251401939","0,00000058275330457354","0,00000016660432728197","0,00000001170537410912","0,00000057354183848984","0,00000001727730592470","0,00000058632477681630","0,00000096317570734665","0,00000061237761414142","0,00000001154218184567","0,00000001179552353536","0,00000145395946669986","0,00000081065457689002","0,00000117062446563306","0,00000024253147825935","0,00000036667558988248"
"-0,18331880962328878100","0,00000019610986033650","0,00000035832467738026","0,00000006490366027037","0,00000001062780358006","0,00000001116073736671","0,00000057887176512501","0,00000016587525855118","0,00000001171039287104","0,00000057004223546263","0,00000001712921714631","0,00000058060024227471","0,00000095783380788530","0,00000060737467705291","0,00000001152520967583","0,00000001181188815705","0,00000145397027032330","0,00000080463380371376","0,00000116376370173551","0,00000024063402067155","0,00000036282689044205"
"-0,18131488698597414400","0,00000019497771786020","0,00000035538270546243","0,00000006451688201198","0,00000001060231005307","0,00000001115133681048","0,00000057504488277814","0,00000016515763584217","0,00000001171246542381","0,00000056657603858006","0,00000001697843636713","0,00000057493382349358","0,00000095253006141189","0,00000060238966712418","0,00000001151173981313","0,00000001182481768227","0,00000145396667034920","0,00000079868027089854","0,00000115702871156816","0,00000023874442555015","0,00000035901317004311"
"-0,17931096434865950700","0,00000019385645882826","0,00000035248732870613","0,00000006414349133699","0,00000001058329040650","0,00000001114431235069","0,00000057127265753293","0,00000016445145915493","0,00000001171159176744","0,00000056314324784212","0,00000001682496358717","0,00000056932552047290","0,00000094726446792642","0,00000059742258435524","0,00000001150177225756","0,00000001183431211100","0,00000145394866677756","0,00000079279397844434","0,00000115041949513101","0,00000023686269289515","0,00000035523442868566"
"-0,17730704171134489800","0,00000019274608324068","0,00000034963854711136","0,00000006378348824541","0,00000001057074464034","0,00000001113966398735","0,00000056755508938939","0,00000016375672848946","0,00000001170777190192","0,00000055974386324882","0,00000001666879880643","0,00000056377533321267","0,00000094203702742889","0,00000059247342874609","0,00000001149530700913","0,00000001184037144325","0,00000145391625960837","0,00000078697492635116","0,00000114393605242407","0,00000023498882270655","0,00000035149066636970"
"-0,17530311907403026100","0,00000019164659109748","0,00000034683636067814","0,00000006343687273723","0,00000001056467275461","0,00000001113739172045","0,00000056389217834750","0,00000016307344384577","0,00000001170100582725","0,00000055637788480015","0,00000001650994202491","0,00000055828326171290","0,00000093684773991930","0,00000058754220029674","0,00000001149234406783","0,00000001184299567901","0,00000145386944884164","0,00000078122311461902","0,00000113757838344733","0,00000023312281498435","0,00000034778188309524"
"-0,17329919643671562500","0,00000019055798239864","0,00000034408076940645","0,00000006310364481245","0,00000001056507474929","0,00000001113749555000","0,00000056028392440727","0,00000016240160522385","0,00000001169129354344","0,00000055304531249612","0,00000001634839324261","0,00000055284930597358","0,00000093169660539764","0,00000058262889900716","0,00000001149288343367","0,00000001184218481830","0,00000145380823447737","0,00000077553854324789","0,00000113134648820080","0,00000023126466972856","0,00000034410807886227"
"-0,17129527379940098800","0,00000018948025714418","0,00000034137177329629","0,00000006278380447107","0,00000001057195062439","0,00000001113997547599","0,00000055673032756870","0,00000016174121262370","0,00000001167863505049","0,00000054974614633673","0,00000001618415245952","0,00000054747346599471","0,00000092658362386392","0,00000057773352487738","0,00000001149692510664","0,00000001183793886110","0,00000145373261651555","0,00000076992121223780","0,00000112524036668447","0,00000022941438693917","0,00000034046925367079"
"-0,16929135116208637900","0,00000018841341533408","0,00000033870937234768","0,00000006247735171309","0,00000001058530037991","0,00000001114483149843","0,00000055323138783179","0,00000016109226604534","0,00000001166303034839","0,00000054648038632197","0,00000001601721967566","0,00000054215574177630","0,00000092150879531814","0,00000057285607790739","0,00000001150446908675","0,00000001183025780742","0,00000145364259495618","0,00000076437112158873","0,00000111926001889835","0,00000022757196661618","0,00000033686540752080"
"-0,16728742852477174200","0,00000018735745696834","0,00000033609356656060","0,00000006218428653852","0,00000001060512401585","0,00000001115206361731","0,00000054978710519654","0,00000016045476548874","0,00000001164447943714","0,00000054324803245184","0,00000001584759489101","0,00000053689613331834","0,00000091647211976030","0,00000056799655809718","0,00000001151551537399","0,00000001181914165725","0,00000145353816979927","0,00000075888827130069","0,00000111340544484243","0,00000022573740875959","0,00000033329654041231"
"-0,16528350588745710500","0,00000018631238204698","0,00000033352435593506","0,00000006190460894735","0,00000001063142153221","0,00000001116167183263","0,00000054639747966295","0,00000015982871095392","0,00000001162298231675","0,00000054004908472636","0,00000001567527810559","0,00000053169464062084","0,00000091147359719040","0,00000056315496544677","0,00000001153006396837","0,00000001180459041061","0,00000145341934104482","0,00000075347266137368","0,00000110767664451671","0,00000022391071336941","0,00000032976265234531"
"-0,16327958325014246800","0,00000018527819056998","0,00000033100174047106","0,00000006163831893958","0,00000001066419292898","0,00000001117365614440","0,00000054306251123102","0,00000015921410244088","0,00000001159853898721","0,00000053688354314551","0,00000001550026931938","0,00000052655126368379","0,00000090651322760843","0,00000055833129995614","0,00000001154811486988","0,00000001178660406748","0,00000145328610869282","0,00000074812429180769","0,00000110207361792120","0,00000022209188044563","0,00000032626374331980"
"-0,16127566061282785900","0,00000018425488253736","0,00000032852572016859","0,00000006138541651521","0,00000001070343820618","0,00000001118801655262","0,00000053978219990075","0,00000015861093994961","0,00000001157114944853","0,00000053375140770929","0,00000001532256853239","0,00000052146600250720","0,00000090159101101440","0,00000055352556162530","0,00000001156966807852","0,00000001176518262787","0,00000145313847274328","0,00000074284316260273","0,00000109659636505589","0,00000022028090998825","0,00000032279981333578"
"-0,15927173797551322200","0,00000018324245794910","0,00000032609629502766","0,00000006114590167425","0,00000001074915736379","0,00000001120475305728","0,00000053655654567214","0,00000015801922348011","0,00000001154081370071","0,00000053065267841772","0,00000001514217574462","0,00000051643885709105","0,00000089670694740831","0,00000054873775045425","0,00000001159472359430","0,00000001174032609177","0,00000145297643319619","0,00000073762927375880","0,00000109124488592079","0,00000021847780199727","0,00000031937086239325"
"-0,15726781533819858500","0,00000018224091680521","0,00000032371346504827","0,00000006091977441669","0,00000001080135040182","0,00000001122386565838","0,00000053338554854519","0,00000015743895303239","0,00000001150753174373","0,00000052758735527078","0,00000001495909095607","0,00000051146982743537","0,00000089186103679016","0,00000054396786644299","0,00000001162328141722","0,00000001171203445920","0,00000145279999005156","0,00000073248262527589","0,00000108601918051589","0,00000021668255647269","0,00000031597689049222"
"-0,15526389270088394900","0,00000018125025910568","0,00000032137723023041","0,00000006070703474253","0,00000001086001732027","0,00000001124535435593","0,00000053026920851989","0,00000015687012860644","0,00000001147130357761","0,00000052455543826847","0,00000001477331416674","0,00000050655891354013","0,00000088705327915995","0,00000053921590959152","0,00000001165534154727","0,00000001168030773014","0,00000145260914330938","0,00000072740321715401","0,00000108091924884120","0,00000021489517341452","0,00000031261789763268"
"-0,15325997006356934000","0,00000018027048485053","0,00000031908759057409","0,00000006050768265177","0,00000001092515811914","0,00000001126921914993","0,00000052720752559626","0,00000015631275020227","0,00000001143212920235","0,00000052155692741080","0,00000001458484537663","0,00000050170611540535","0,00000088228367451768","0,00000053448187989983","0,00000001169090398445","0,00000001164514590460","0,00000145240389296966","0,00000072239104939316","0,00000107594509089671","0,00000021311565282275","0,00000030929388381463"
"-0,15125604742625470300","0,00000017930159403974","0,00000031684454607931","0,00000006032171814442","0,00000001099677279842","0,00000001129546004037","0,00000052420049977429","0,00000015576681781987","0,00000001139000861794","0,00000051859182269777","0,00000001439368458574","0,00000049691143303103","0,00000087755222286334","0,00000052976577736794","0,00000001172996872877","0,00000001160654898257","0,00000145218423903240","0,00000071744612199333","0,00000107109670668242","0,00000021134399469738","0,00000030600484903807"
"-0,14925212478894006600","0,00000017835905194486","0,00000031466872245164","0,00000006015318152837","0,00000001106874663984","0,00000001132160324734","0,00000052126703773473","0,00000015523545554846","0,00000001134795146712","0,00000051568022025156","0,00000001420250117999","0,00000049220128886275","0,00000087286974167955","0,00000052508909063364","0,00000001176908385735","0,00000001156787307552","0,00000145193164183641","0,00000071261043939996","0,00000106640562154754","0,00000020957994411601","0,00000030278885865974"
"-0,14724820215162545700","0,00000017745832383742","0,00000031258074539664","0,00000006000611311151","0,00000001113496492509","0,00000001134517499094","0,00000051842604615835","0,00000015472178747728","0,00000001130896739262","0,00000051284221619439","0,00000001401396454531","0,00000048760210534613","0,00000086824704844890","0,00000052047330833476","0,00000001180479744731","0,00000001153247429489","0,00000145162756172052","0,00000070792600605849","0,00000106190336084127","0,00000020782324615624","0,00000029968397803639"
"-0,14524427951431082000","0,00000017659940971742","0,00000031058061491433","0,00000005988051289385","0,00000001119542765419","0,00000001136617527116","0,00000051567752504514","0,00000015422581360631","0,00000001127305639445","0,00000051007781052625","0,00000001382807468170","0,00000048311388248117","0,00000086368414317140","0,00000051591843047129","0,00000001183710949865","0,00000001150035264069","0,00000145127199868471","0,00000070339282196890","0,00000105758992456361","0,00000020607390081806","0,00000029669020716802"
"-0,14324035687699618300","0,00000017578230958487","0,00000030866833100470","0,00000005977638087539","0,00000001125013482713","0,00000001138460408801","0,00000051302147439510","0,00000015374753393556","0,00000001124021847260","0,00000050738700324714","0,00000001364483158916","0,00000047873662026786","0,00000085918102584704","0,00000051142445704323","0,00000001186602001138","0,00000001147150811292","0,00000145086495272901","0,00000069901088713121","0,00000105346531271456","0,00000020433190810149","0,00000029380754605462"
"-0,14123643423968154600","0,00000017500702343977","0,00000030684389366774","0,00000005969371705613","0,00000001129908644390","0,00000001140046144148","0,00000051045789420824","0,00000015328694846502","0,00000001121045362707","0,00000050476979435705","0,00000001346423526769","0,00000047447031870620","0,00000085473769647583","0,00000050699138805059","0,00000001189152898549","0,00000001144594071157","0,00000145040642385340","0,00000069478020154541","0,00000104952952529413","0,00000020259726800651","0,00000029103599469619"
"-0,13923251160236693700","0,00000017427355128210","0,00000030510730290347","0,00000005963252143606","0,00000001134228250452","0,00000001141374733157","0,00000050798678448456","0,00000015284405719470","0,00000001118376185787","0,00000050222618385600","0,00000001328628571729","0,00000047031497779619","0,00000085035415505777","0,00000050261922349336","0,00000001191363642099","0,00000001142365043664","0,00000144989641205788","0,00000069070076521150","0,00000104578256230230","0,00000020086998053313","0,00000028837555309274"
"-0,13722858896505230100","0,00000017358189311188","0,00000030345855871187","0,00000005959279401520","0,00000001137972300898","0,00000001142446175830","0,00000050560814522404","0,00000015241886012460","0,00000001116014316499","0,00000049975617174398","0,00000001311098293796","0,00000046627059753784","0,00000084603040159285","0,00000049830796337154","0,00000001193234231787","0,00000001140463728814","0,00000144933491734245","0,00000068677257812949","0,00000104222442373908","0,00000019915004568135","0,00000028582622124426"
"-0,13522466632773766400","0,00000017293204892911","0,00000030189766109296","0,00000005957453479353","0,00000001141140795728","0,00000001143260472164","0,00000050332197642671","0,00000015201135725472","0,00000001113959754843","0,00000049735975802098","0,00000001293832692970","0,00000046233717793114","0,00000084176643608108","0,00000049405760768513","0,00000001194764667614","0,00000001138890126607","0,00000144872193970712","0,00000068299564029936","0,00000103885510960447","0,00000019743746345117","0,00000028338799915076"
"-0,13322074369042302700","0,00000017232401873377","0,00000030042461004672","0,00000005957774377106","0,00000001143733734942","0,00000001143817622161","0,00000050112827809254","0,00000015162154858505","0,00000001112212500820","0,00000049503694268702","0,00000001276831769251","0,00000045851471897609","0,00000083756225852245","0,00000048986815643414","0,00000001195954949578","0,00000001137644237042","0,00000144805747915189","0,00000067936995172113","0,00000103567461989848","0,00000019573223384259","0,00000028106088681223"
"-0,13121682105310841800","0,00000017175780252589","0,00000029903940557317","0,00000005960242094778","0,00000001145751118540","0,00000001144117625821","0,00000049902705022155","0,00000015124943411560","0,00000001110772554429","0,00000049278772574208","0,00000001260095522638","0,00000045480322067270","0,00000083341786891697","0,00000048573960961855","0,00000001196805077681","0,00000001136726060120","0,00000144734153567674","0,00000067589551239479","0,00000103268295462109","0,00000019403435685560","0,00000027884488422868"
"-0,12921289841579378100","0,00000017123340030544","0,00000029774204767229","0,00000005964856632371","0,00000001147192946522","0,00000001144160483143","0,00000049701829281373","0,00000015089501384636","0,00000001109639915670","0,00000049061210718617","0,00000001243623953133","0,00000045120268302096","0,00000082933326726463","0,00000048167196723839","0,00000001197315051923","0,00000001136135595840","0,00000144657410928170","0,00000067257232232034","0,00000102988011377231","0,00000019234383249022","0,00000027673999140010"
"-0,12720897577847914400","0,00000017075081207244","0,00000029653253634410","0,00000005971617989883","0,00000001148059218888","0,00000001143946194127","0,00000049510200586909","0,00000015055828777735","0,00000001108814584544","0,00000048851008701929","0,00000001227417060735","0,00000044771310602087","0,00000082530845356545","0,00000047766522929363","0,00000001197484872303","0,00000001135872844203","0,00000144575519996674","0,00000066940038149779","0,00000102726609735215","0,00000019066066074643","0,00000027474620832650"
"-0,12520505314116450700","0,00000017031003782688","0,00000029541087158858","0,00000005980526167315","0,00000001148349935639","0,00000001143474758774","0,00000049327818938762","0,00000015023925590855","0,00000001108296561049","0,00000048648166524145","0,00000001211474845444","0,00000044433448967243","0,00000082134342781940","0,00000047371939578429","0,00000001197314538821","0,00000001135937805208","0,00000144488480773189","0,00000066637968992712","0,00000102484090536059","0,00000018898484162424","0,00000027286353500787"
"-0,12320113050384988400","0,00000016991107756877","0,00000029437705340574","0,00000005991581164667","0,00000001148065096773","0,00000001142746177083","0,00000049154684336933","0,00000014993791823996","0,00000001108085845188","0,00000048452684185263","0,00000001195797307259","0,00000044106683397565","0,00000081743819002651","0,00000046983446671036","0,00000001196804051478","0,00000001136330478856","0,00000144396293257712","0,00000066351024760835","0,00000102260453779765","0,00000018731637512365","0,00000027109197144422"
"-0,12119720786653526100","0,00000016955393129810","0,00000029343108179559","0,00000006004782981939","0,00000001147204702291","0,00000001141760449055","0,00000048990796781421","0,00000014965427477160","0,00000001108182436958","0,00000048264561685284","0,00000001180384446182","0,00000043791013893053","0,00000081359274018676","0,00000046601044207184","0,00000001195953410273","0,00000001137050865147","0,00000144298957450245","0,00000066079205454147","0,00000102055699466331","0,00000018565526124465","0,00000026943151763554"
"-0,11919328522922063800","0,00000016923859901487","0,00000029257295675811","0,00000006020131619130","0,00000001145768752194","0,00000001140517574689","0,00000048836156272226","0,00000014938832550345","0,00000001108586336361","0,00000048083799024208","0,00000001165236262212","0,00000043486440453705","0,00000080980707830015","0,00000046224732186873","0,00000001194762615206","0,00000001138098964080","0,00000144196473350787","0,00000065822511072648","0,00000101869827595758","0,00000018400149998726","0,00000026788217358183"
"-0,11718936259190600200","0,00000016896508071909","0,00000029180267829331","0,00000006037627076242","0,00000001143757246480","0,00000001139017553986","0,00000048690762809349","0,00000014914007043551","0,00000001109297543396","0,00000047910396202035","0,00000001150352755348","0,00000043192963079523","0,00000080608120436669","0,00000045854510610104","0,00000001193231666278","0,00000001139474775655","0,00000144088840959339","0,00000065580941616338","0,00000101702838168047","0,00000018235509135146","0,00000026644393928310"
"-0,11518543995459137900","0,00000016873337641075","0,00000029112024640119","0,00000006057269353273","0,00000001141170185150","0,00000001137260386945","0,00000048554616392789","0,00000014890950956780","0,00000001110316058064","0,00000047744353218764","0,00000001135733925592","0,00000042910581770506","0,00000080241511838638","0,00000045490379476876","0,00000001191360563488","0,00000001141178299873","0,00000143976060275900","0,00000065354497085218","0,00000101554731183196","0,00000018071603533727","0,00000026511681473934"
"-0,11318151731727674200","0,00000016854348608985","0,00000029052566108176","0,00000006079058450224","0,00000001138007568205","0,00000001135246073567","0,00000048427717022547","0,00000014869664290030","0,00000001111641880364","0,00000047585670074397","0,00000001121379772943","0,00000042639296526655","0,00000079880882035921","0,00000045132338787189","0,00000001189149306837","0,00000001143209536734","0,00000143858131300471","0,00000065143177479286","0,00000101425506641207","0,00000017908433194467","0,00000026390079995056"
"-0,11117759467996211900","0,00000016839540975640","0,00000029001892233500","0,00000006102994367094","0,00000001134269395644","0,00000001132974613851","0,00000048310064698622","0,00000014850147043302","0,00000001113275010296","0,00000047434346768933","0,00000001107290297400","0,00000042379107347969","0,00000079526231028519","0,00000044780388541044","0,00000001186597896323","0,00000001145568486237","0,00000143735054033051","0,00000064946982798544","0,00000101315164542079","0,00000017745998117366","0,00000026279589491676"
"-0,10917367204264748200","0,00000016828914741039","0,00000028960003016092","0,00000006129077103885","0,00000001129955667466","0,00000001130446007797","0,00000048201659421014","0,00000014832399216595","0,00000001115215447860","0,00000047290383302372","0,00000001093465498965","0,00000042130014234448","0,00000079177558816432","0,00000044434528738439","0,00000001183706331949","0,00000001148255148383","0,00000143606828473640","0,00000064765913042991","0,00000101223704885811","0,00000017584298302426","0,00000026180209963792"
"-0,10716974940533285900","0,00000016822469905182","0,00000028926898455952","0,00000006157306660595","0,00000001125066383673","0,00000001127660255406","0,00000048102501189724","0,00000014816420809911","0,00000001117463193057","0,00000047153779674713","0,00000001079905377636","0,00000041892017186092","0,00000078834865399659","0,00000044094759379376","0,00000001180474613712","0,00000001151269523171","0,00000143473454622239","0,00000064599968212627","0,00000101151127672405","0,00000017423333749646","0,00000026091941411407"
"-0,10516582676801822200","0,00000016820206468070","0,00000028902578553080","0,00000006187683037225","0,00000001119601544264","0,00000001124617356678","0,00000048012590004752","0,00000014802211823247","0,00000001120018245886","0,00000047024535885958","0,00000001066609933415","0,00000041665116202902","0,00000078498150778200","0,00000043761080463855","0,00000001176902741614","0,00000001154611610602","0,00000143334932478847","0,00000064449148307453","0,00000101097432901859","0,00000017263104459025","0,00000026014783834518"
"-0,10316190413070359900","0,00000016822124429702","0,00000028887043307476","0,00000006220206233775","0,00000001113561149239","0,00000001121317311612","0,00000047931925866096","0,00000014789772256606","0,00000001122880606348","0,00000046902651936105","0,00000001053579166300","0,00000041449311284877","0,00000078167414952057","0,00000043433491991874","0,00000001172990715655","0,00000001158281410676","0,00000143191262043465","0,00000064313453327467","0,00000101062620574175","0,00000017103610430564","0,00000025948737233127"
"-0,10115798149338896300","0,00000016828223790079","0,00000028880292719140","0,00000006254876250244","0,00000001106945198598","0,00000001117760120208","0,00000047860508773758","0,00000014779102109986","0,00000001126050274441","0,00000046788127825156","0,00000001040813076292","0,00000041244602432017","0,00000077842657921228","0,00000043111993963435","0,00000001168738535833","0,00000001162278923391","0,00000143042443316092","0,00000064192883272671","0,00000101046690689352","0,00000016944851664263","0,00000025893801607234"
"-0,09915405885607433970","0,00000016838379787625","0,00000028879981055037","0,00000006290696906958","0,00000001100338773026","0,00000001114210886992","0,00000047799089955879","0,00000014769628387997","0,00000001129220664970","0,00000046678157265435","0,00000001028343805406","0,00000041052733564322","0,00000077525344557151","0,00000042801087176712","0,00000001164502990506","0,00000001166278353643","0,00000142892311235126","0,00000064087754592000","0,00000101050769465302","0,00000016788450944581","0,00000025849217423653"
"-0,09715013621875970290","0,00000016852467660764","0,00000028883762582130","0,00000006326672024240","0,00000001094326953208","0,00000001110934716489","0,00000047748420640602","0,00000014760778095247","0,00000001132085192737","0,00000046569933969270","0,00000001016203495654","0,00000040875448601788","0,00000077216939731266","0,00000042505272429881","0,00000001160640868028","0,00000001169953906323","0,00000142744700738965","0,00000063998383734390","0,00000101075983119938","0,00000016636031055978","0,00000025814225149200"
"-0,09514621358144507990","0,00000016870487409497","0,00000028891637300420","0,00000006362801602091","0,00000001088909739145","0,00000001107931608699","0,00000047708500827925","0,00000014752551231736","0,00000001134643857742","0,00000046463457936661","0,00000001004392147036","0,00000040712747544417","0,00000076917443443572","0,00000042224549722942","0,00000001157152168399","0,00000001173305581432","0,00000142599611827608","0,00000063924770699842","0,00000101122331653260","0,00000016487591998453","0,00000025788824783874"
"-0,09314229094413044310","0,00000016892439033825","0,00000028903605209907","0,00000006399085640509","0,00000001084087130836","0,00000001105201563621","0,00000047679330517849","0,00000014744947797465","0,00000001136896659984","0,00000046358729167606","0,00000000992909759554","0,00000040564630392208","0,00000076626855694068","0,00000041958919055894","0,00000001154036891619","0,00000001176333378970","0,00000142457044501056","0,00000063866915488354","0,00000101189815065268","0,00000016343133772007","0,00000025773016327675"
"-0,09113836830681582010","0,00000016918322533746","0,00000028919666310591","0,00000006435524139496","0,00000001079859128282","0,00000001102744581257","0,00000047660909710374","0,00000014737967792432","0,00000001138843599465","0,00000046255747662107","0,00000000981756333206","0,00000040431097145161","0,00000076345176482756","0,00000041708380428737","0,00000001151295037688","0,00000001179037298936","0,00000142316998759308","0,00000063824818099928","0,00000101278433355961","0,00000016202656376639","0,00000025766799780605"
"-0,08913444566950118330","0,00000016948137909260","0,00000028939820602472","0,00000006472117099052","0,00000001076225731482","0,00000001100560661605","0,00000047653238405500","0,00000014731611216639","0,00000001140484676183","0,00000046154513420163","0,00000000970931867993","0,00000040312147803277","0,00000076072405809635","0,00000041472933841472","0,00000001148926606607","0,00000001181417341330","0,00000142179474602365","0,00000063798478534563","0,00000101388186525341","0,00000016066159812350","0,00000025770175142661"
"-0,08713052303218656040","0,00000016981885160369","0,00000028964068085549","0,00000006508864519176","0,00000001073186940436","0,00000001098649804667","0,00000047656316603227","0,00000014725878070085","0,00000001141819890139","0,00000046055026441775","0,00000000960436363914","0,00000040207782366555","0,00000075808543674705","0,00000041252579294099","0,00000001146931598375","0,00000001183473506154","0,00000142044472030227","0,00000063787896792260","0,00000101519074573406","0,00000015933644079140","0,00000025783142413845"
"-0,08512660039487193740","0,00000017019564287072","0,00000028992408759824","0,00000006545766399868","0,00000001070742755145","0,00000001097012010441","0,00000047670144303555","0,00000014720768352771","0,00000001142849241334","0,00000045957286726942","0,00000000950269820971","0,00000040118000834995","0,00000075553590077966","0,00000041047316786618","0,00000001145310012992","0,00000001185205793406","0,00000141911991042893","0,00000063793072873017","0,00000101671097500157","0,00000015805109177008","0,00000025805701594157"
"-0,08312267775755730060","0,00000017061175289368","0,00000029024842625295","0,00000006582822741129","0,00000001068893175608","0,00000001095647278928","0,00000047694721506484","0,00000014716282064695","0,00000001143572729766","0,00000045861294275664","0,00000000940432239162","0,00000040042803208597","0,00000075307545019417","0,00000040857146319027","0,00000001144061850458","0,00000001186614203087","0,00000141782031640363","0,00000063814006776836","0,00000101844255305594","0,00000015680555105954","0,00000025837852683596"
"-0,08111875512024267770","0,00000017106718167258","0,00000029061369681964","0,00000006620033542958","0,00000001067638201825","0,00000001094555610127","0,00000047730048212014","0,00000014712419205859","0,00000001143990355436","0,00000045767049087942","0,00000000930923618488","0,00000039982189487362","0,00000075070408499060","0,00000040682067891329","0,00000001143187110774","0,00000001187698735196","0,00000141654593822639","0,00000063850698503716","0,00000102038547989717","0,00000015559981865979","0,00000025879595682162"
"-0,07911483248292804080","0,00000017156192920742","0,00000029101989929829","0,00000006657398805355","0,00000001066977833797","0,00000001093737004040","0,00000047776124420145","0,00000014709179776262","0,00000001144102118343","0,00000045674551163775","0,00000000921743958948","0,00000039936159671289","0,00000074842180516894","0,00000040522081503522","0,00000001142685793939","0,00000001188459389734","0,00000141529677589718","0,00000063903148053657","0,00000102253975552526","0,00000015443389457083","0,00000025930930589856"
"-0,07711090984561341790","0,00000017209599549820","0,00000029146703368891","0,00000006694918528321","0,00000001066912071523","0,00000001093191460666","0,00000047832950130877","0,00000014706563775905","0,00000001143908018489","0,00000045583800503163","0,00000000912893260543","0,00000039904713760378","0,00000074622861072919","0,00000040377187155607","0,00000001142557899953","0,00000001188896166701","0,00000141407282941603","0,00000063971355426660","0,00000102490537994020","0,00000015330777879265","0,00000025991857406677"
"-0,07510698720829878110","0,00000017266938054492","0,00000029195509999150","0,00000006732592711855","0,00000001067440915004","0,00000001092918980004","0,00000047900525344210","0,00000014704571204786","0,00000001143408055873","0,00000045494797106107","0,00000000904371523273","0,00000039887851754630","0,00000074412450167135","0,00000040247384847583","0,00000001142803428816","0,00000001189009066096","0,00000141287409878292","0,00000064055320622723","0,00000102748235314201","0,00000015222147132526","0,00000026062376132626"
"-0,07310306457098415810","0,00000017328208434757","0,00000029248409820605","0,00000006770421355957","0,00000001068564364239","0,00000001092919562056","0,00000047978850060144","0,00000014703202062907","0,00000001142602230494","0,00000045407540972605","0,00000000896178747138","0,00000039885573654044","0,00000074210947799542","0,00000040132674579451","0,00000001143422380529","0,00000001188798087920","0,00000141170058399785","0,00000064155043641848","0,00000103027067513067","0,00000015117497216865","0,00000026142486767703"
"-0,07109914193366952130","0,00000017393410690617","0,00000029305402833258","0,00000006808404460628","0,00000001070282419228","0,00000001093193206820","0,00000048067924278678","0,00000014702456350267","0,00000001141490542354","0,00000045322032102660","0,00000000888314932138","0,00000039897879458620","0,00000074018353970140","0,00000040033056351211","0,00000001144414755091","0,00000001188263232172","0,00000141055228506083","0,00000064270524484034","0,00000103327034590619","0,00000015016828132283","0,00000026232189311907"
"-0,06909521929635489840","0,00000017462544822070","0,00000029366489037107","0,00000006846542025867","0,00000001072595079972","0,00000001093739914297","0,00000048167747999814","0,00000014702334066866","0,00000001140072991451","0,00000045238270496269","0,00000000880780078272","0,00000039924769168358","0,00000073834668678929","0,00000039948530162862","0,00000001145780552502","0,00000001187404498853","0,00000140942920197186","0,00000064401763149281","0,00000103648136546857","0,00000014920139878779","0,00000026331483765238"
"-0,06709129665904026150","0,00000017535610829117","0,00000029431668432154","0,00000006884834051674","0,00000001075502346470","0,00000001094559684487","0,00000048278321223551","0,00000014702835212705","0,00000001138349577786","0,00000045156256153434","0,00000000873574185541","0,00000039966242783259","0,00000073659891925909","0,00000039879096014404","0,00000001147519772762","0,00000001186221887963","0,00000140833133473093","0,00000064548759637590","0,00000103990373381781","0,00000014827432456354","0,00000026440370127697"
"-0,06508737402172563860","0,00000017612608711758","0,00000029500941018397","0,00000006923280538050","0,00000001079004218722","0,00000001095652517390","0,00000048399643949889","0,00000014703959787782","0,00000001136320301359","0,00000045075989074155","0,00000000866697253944","0,00000040022300303322","0,00000073494023711080","0,00000039824753905839","0,00000001149632415871","0,00000001184715399502","0,00000140725868333804","0,00000064711513948960","0,00000104353745095391","0,00000014738705865007","0,00000026558848399283"
"-0,06308345138441100180","0,00000017693538469992","0,00000029574306795837","0,00000006961881484994","0,00000001083100696729","0,00000001097018413005","0,00000048531716178827","0,00000014705707792099","0,00000001133985162170","0,00000044997469258430","0,00000000860149283483","0,00000040092941728547","0,00000073337064034442","0,00000039785503837164","0,00000001152118481830","0,00000001182885033469","0,00000140621124779321","0,00000064890026083391","0,00000104738251687687","0,00000014653960104739","0,00000026686918579997"
"-0,06107952874709637880","0,00000017778400103821","0,00000029651765764474","0,00000007000636892507","0,00000001087791780490","0,00000001098657371334","0,00000048674537910367","0,00000014708079225656","0,00000001131344160219","0,00000044920696706261","0,00000000853930274156","0,00000040178167058934","0,00000073189012895995","0,00000039761345808382","0,00000001154977970638","0,00000001180730789865","0,00000140518902809642","0,00000065084296040883","0,00000105143893158668","0,00000014573195175549","0,00000026824580669839"
"-0,05907560610978174890","0,00000017867193613243","0,00000029733317924308","0,00000007039546760588","0,00000001093077470005","0,00000001100569392375","0,00000048828109144507","0,00000014711074088451","0,00000001128397295506","0,00000044845671417648","0,00000000848040225964","0,00000040277976294484","0,00000073049870295739","0,00000039752279819491","0,00000001158210882295","0,00000001178252668689","0,00000140419202424767","0,00000065294323821436","0,00000105570669508335","0,00000014496411077438","0,00000026971834668807"
"-0,05707168347246711900","0,00000017959918998259","0,00000029818963275339","0,00000007078611089237","0,00000001098957765275","0,00000001102754476130","0,00000048992429881249","0,00000014714692380486","0,00000001125144568031","0,00000044772393392589","0,00000000842479138906","0,00000040392369435196","0,00000072919636233674","0,00000039758305870491","0,00000001161817216801","0,00000001175450669942","0,00000140322023624697","0,00000065520109425051","0,00000106018580736688","0,00000014423607810406","0,00000027128680576904"
"-0,05506776083515248920","0,00000018056576258869","0,00000029908701817566","0,00000007117829878455","0,00000001105432666300","0,00000001105212622597","0,00000049167500120592","0,00000014718934101760","0,00000001121585977793","0,00000044700862631086","0,00000000837247012983","0,00000040521346481070","0,00000072798310709800","0,00000039779423961384","0,00000001165796974157","0,00000001172324793624","0,00000140227366409432","0,00000065761652851727","0,00000106487626843728","0,00000014354785374452","0,00000027295118394128"
"-0,05306383819783785930","0,00000018157165395073","0,00000030002533550990","0,00000007157203128241","0,00000001112502173078","0,00000001107943831777","0,00000049353319862535","0,00000014723799252273","0,00000001117721524794","0,00000044631079133139","0,00000000832343848195","0,00000040664907432107","0,00000072685893724117","0,00000039815634092167","0,00000001170150154362","0,00000001168875039734","0,00000140135230778971","0,00000066018954101464","0,00000106977807829452","0,00000014289943769577","0,00000027471148120479"
"-0,05105991556052322940","0,00000018261686406871","0,00000030100458475612","0,00000007196730838595","0,00000001120166285611","0,00000001110948103670","0,00000049549889107079","0,00000014729287832025","0,00000001113551209032","0,00000044563042898746","0,00000000827769644542","0,00000040823052288306","0,00000072582385276626","0,00000039866936262843","0,00000001174876757416","0,00000001165101408273","0,00000140045616733314","0,00000066292013174262","0,00000107489123693863","0,00000014229082995780","0,00000027656769755958"
"-0,04905599292320859950","0,00000018367557310927","0,00000030202500717641","0,00000007236356104654","0,00000001127828450765","0,00000001113949092204","0,00000049755284351511","0,00000014734787128115","0,00000001109411809223","0,00000044499042519011","0,00000000823870873378","0,00000040991914372759","0,00000072488106883619","0,00000039930390396107","0,00000001179592913783","0,00000001161316726393","0,00000139957226668245","0,00000066578240831286","0,00000108014172565238","0,00000014172253711190","0,00000027849745810418"
"-0,04705207028589396960","0,00000018472196123906","0,00000030308684403290","0,00000007276022021555","0,00000001134892115405","0,00000001116670451310","0,00000049967582093116","0,00000014739684427642","0,00000001105640104083","0,00000044441366585035","0,00000000820994006058","0,00000041167627008558","0,00000072403380061392","0,00000040003056414657","0,00000001183914753925","0,00000001157833821245","0,00000139868762979546","0,00000066875047833701","0,00000108545552571855","0,00000014119506573936","0,00000028047838793715"
"-0,04504814764857933970","0,00000018575602845809","0,00000030419009532558","0,00000007315728589297","0,00000001141357279531","0,00000001119112180986","0,00000050186782331895","0,00000014743979730605","0,00000001102236093610","0,00000044390015096817","0,00000000819139042581","0,00000041350190195702","0,00000072328204809945","0,00000040084934318493","0,00000001187842277844","0,00000001154652692830","0,00000139780225667217","0,00000067182434181506","0,00000109083263713714","0,00000014070841584018","0,00000028251048705847"
"-0,04304422501126470980","0,00000018677777476634","0,00000030533476105445","0,00000007355475807881","0,00000001147223943145","0,00000001121274281233","0,00000050412885067847","0,00000014747673037004","0,00000001099199777805","0,00000044344988054359","0,00000000818305982948","0,00000041539603934193","0,00000072262581129277","0,00000040176024107615","0,00000001191375485538","0,00000001151773341148","0,00000139691614731259","0,00000067500399874702","0,00000109627305990816","0,00000014026258741436","0,00000028459375546815"
"-0,04104030237395008000","0,00000018778720016383","0,00000030652084121951","0,00000007395263677306","0,00000001152492106245","0,00000001123156752051","0,00000050645890300973","0,00000014750764346839","0,00000001096531156669","0,00000044306285457659","0,00000000818494827159","0,00000041735868224030","0,00000072206509019388","0,00000040276325782023","0,00000001194514377009","0,00000001149195766198","0,00000139602930171670","0,00000067828944913288","0,00000110177679403159","0,00000013985758046190","0,00000028672819316620"
"-0,03903637973663545010","0,00000018878430465055","0,00000030774833582076","0,00000007435092197572","0,00000001157161768831","0,00000001124759593440","0,00000050885798031272","0,00000014753253660111","0,00000001094230230200","0,00000044273907306718","0,00000000819705575213","0,00000041938983065212","0,00000072159988480279","0,00000040385839341717","0,00000001197258952256","0,00000001146919967981","0,00000139514171988451","0,00000068168069297265","0,00000110734383950745","0,00000013949339498279","0,00000028891380015260"
"-0,03703245709932082020","0,00000018976908822650","0,00000030901724485821","0,00000007474961368680","0,00000001161232930905","0,00000001126082805399","0,00000051132608258744","0,00000014755140976819","0,00000001092296998399","0,00000044247853601537","0,00000000821938227111","0,00000042148948457741","0,00000072123019511950","0,00000040504564786696","0,00000001199609211278","0,00000001144945946496","0,00000139425340181603","0,00000068517773026632","0,00000111297419633573","0,00000013917003097704","0,00000029115057642736"
"-0,03502853446200619030","0,00000019074155089168","0,00000031032756833185","0,00000007514871190629","0,00000001164705592465","0,00000001127126387929","0,00000051386320983390","0,00000014756426296963","0,00000001090731461267","0,00000044228124342114","0,00000000825192782853","0,00000042365764401615","0,00000072095602114400","0,00000040632502116962","0,00000001201565154077","0,00000001143273701745","0,00000139336434751124","0,00000068878056101390","0,00000111866786451644","0,00000013888748844466","0,00000029343852199048"
"-0,03302461182469156740","0,00000019170169264609","0,00000031167930624168","0,00000007554821663419","0,00000001167579753511","0,00000001127890341030","0,00000051646936205210","0,00000014757109620544","0,00000001089533618802","0,00000044214719528450","0,00000000829469242439","0,00000042589430896835","0,00000072077736287630","0,00000040769651332513","0,00000001203126780651","0,00000001141903233725","0,00000139247455697016","0,00000069248918521538","0,00000112442484404956","0,00000013864576738563","0,00000029577763684196"
"-0,03102068918737693400","0,00000019264951348973","0,00000031307245858771","0,00000007594812787051","0,00000001169855414045","0,00000001128374664701","0,00000051914453924203","0,00000014757190947561","0,00000001088703471006","0,00000044207639160545","0,00000000834767605868","0,00000042819947943402","0,00000072069422031639","0,00000040916012433351","0,00000001204294091002","0,00000001140834542439","0,00000139158403019277","0,00000069630360287077","0,00000113024513493511","0,00000013844486779995","0,00000029816792098180"
"-0,02901676655006230410","0,00000019358501342261","0,00000031450702536993","0,00000007634844561524","0,00000001171532574065","0,00000001128579358944","0,00000052188874140369","0,00000014756670278014","0,00000001088241017877","0,00000044206883238398","0,00000000841087873141","0,00000043057315541314","0,00000072070659346428","0,00000041071585419474","0,00000001205067085128","0,00000001140067627885","0,00000139069276717909","0,00000070022381398007","0,00000113612873717308","0,00000013828478968764","0,00000030060937441000"
"-0,02701284391274767420","0,00000019450819244471","0,00000031598300658834","0,00000007674916986839","0,00000001172611233571","0,00000001128504423757","0,00000052470196853709","0,00000014755547611904","0,00000001088146259417","0,00000044212451762011","0,00000000848430044257","0,00000043301533690572","0,00000072081448231996","0,00000041236370290884","0,00000001205445763031","0,00000001139602490064","0,00000138980076792911","0,00000070424981854327","0,00000114207565076347","0,00000013816553304868","0,00000030310199712656"
"-0,02500892127543304780","0,00000019541905055605","0,00000031750040224294","0,00000007715030062995","0,00000001173091392564","0,00000001128149859141","0,00000052758422064222","0,00000014753822949229","0,00000001088419195624","0,00000044224344731383","0,00000000856794119217","0,00000043552602391176","0,00000072101788688344","0,00000041410367047579","0,00000001205430124709","0,00000001139439128975","0,00000138890803244283","0,00000070838161656037","0,00000114808587570628","0,00000013808709788309","0,00000030564578913147"
"-0,02300499863811841790","0,00000019631758775662","0,00000031905921233373","0,00000007755183789993","0,00000001172973051044","0,00000001127515665095","0,00000053053549771909","0,00000014751496289992","0,00000001089059826500","0,00000044242562146513","0,00000000866180098021","0,00000043810521643126","0,00000072131680715472","0,00000041593575689560","0,00000001205020170164","0,00000001139577544619","0,00000138801456072025","0,00000071261920803138","0,00000115415941200152","0,00000013804948419085","0,00000030824075042475"
"-0,02100107600080378810","0,00000019720380404642","0,00000032065943686072","0,00000007795378167832","0,00000001172256209011","0,00000001126601841621","0,00000053355579976769","0,00000014748567634190","0,00000001090068152043","0,00000044267104007402","0,00000000876587980669","0,00000044075291446421","0,00000072171124313378","0,00000041785996216827","0,00000001204215899394","0,00000001140017736996","0,00000138712035276137","0,00000071696259295630","0,00000116029625964918","0,00000013805269197197","0,00000031088688100639"
"-0,01899715336348915820","0,00000019807769942545","0,00000032230107582390","0,00000007835613196512","0,00000001170940866464","0,00000001125408388717","0,00000053664512678803","0,00000014745036981825","0,00000001091444172255","0,00000044297970314051","0,00000000888017767160","0,00000044346911801063","0,00000072220119482065","0,00000041987628629380","0,00000001203017312401","0,00000001140759706106","0,00000138622540856619","0,00000072141177133512","0,00000116649641864926","0,00000013809672122644","0,00000031358418087638"
"-0,01699323072617452830","0,00000019893927389371","0,00000032398412922327","0,00000007875888876034","0,00000001169027023404","0,00000001123935306384","0,00000053980347878010","0,00000014740904332896","0,00000001093187887134","0,00000044335161066458","0,00000000900469457495","0,00000044625382707051","0,00000072278666221531","0,00000042198472927219","0,00000001201424409183","0,00000001141803451948","0,00000138532972813471","0,00000072596674316785","0,00000117275988900176","0,00000013818157195428","0,00000031633265003474"
"-0,01498930808885989840","0,00000019978852745120","0,00000032570859705883","0,00000007916205206397","0,00000001166514679830","0,00000001122182594622","0,00000054303085574391","0,00000014736169687403","0,00000001095299296682","0,00000044378676264624","0,00000000913943051674","0,00000044910704164384","0,00000072346764531777","0,00000042418529110344","0,00000001199437189742","0,00000001143148974522","0,00000138443331146693","0,00000073062750845448","0,00000117908667070669","0,00000013830724415547","0,00000031913228848145"
"-0,01298538545154526850","0,00000020062546009793","0,00000032747447933059","0,00000007956562187602","0,00000001163403835743","0,00000001120150253430","0,00000054632725767945","0,00000014730833045347","0,00000001097778400897","0,00000044428515908549","0,00000000928438549696","0,00000045202876173064","0,00000072424414412802","0,00000042647797178755","0,00000001197055654076","0,00000001144796273830","0,00000138353615856285","0,00000073539406719502","0,00000118547676376403","0,00000013847373783003","0,00000032198309621653"
"-0,01098146281423064040","0,00000020145007183388","0,00000032928177603854","0,00000007996959819648","0,00000001159694491143","0,00000001117838282809","0,00000054969268458673","0,00000014724894406727","0,00000001100625199781","0,00000044484679998233","0,00000000943955951562","0,00000045501898733089","0,00000072511615864606","0,00000042886277132452","0,00000001194279802186","0,00000001146745349870","0,00000138263826942248","0,00000074026641938946","0,00000119193016817380","0,00000013868105297794","0,00000032488507323996"
"-0,00897754017691601049","0,00000020226236265907","0,00000033113048718268","0,00000008037398102535","0,00000001155386646029","0,00000001115246682759","0,00000055312713646574","0,00000014718353771543","0,00000001103839693333","0,00000044547168533675","0,00000000960495257272","0,00000045807771844460","0,00000072608368887190","0,00000043133968971435","0,00000001191109634073","0,00000001148996202642","0,00000138173964404580","0,00000074524456503781","0,00000119844688393599","0,00000013892918959921","0,00000032783821955175"
"-0,00697361753960138060","0,00000020306233257349","0,00000033302061276301","0,00000008077877036264","0,00000001150480300402","0,00000001112375453280","0,00000055663061331648","0,00000014711211139796","0,00000001107421881552","0,00000044615981514877","0,00000000978056466826","0,00000046120495507178","0,00000072714673480554","0,00000043390872695703","0,00000001187545149735","0,00000001151548832148","0,00000138084028243283","0,00000075032850414007","0,00000120502691105061","0,00000013921814769383","0,00000033084253515190"
"-0,00496969490228675159","0,00000020384998157714","0,00000033495215277954","0,00000008118396620834","0,00000001144975454262","0,00000001109224594372","0,00000056020311513896","0,00000014703466511485","0,00000001111371764440","0,00000044691118941838","0,00000000996639580223","0,00000046440069721241","0,00000072830529644697","0,00000043656988305258","0,00000001183586349173","0,00000001154403238386","0,00000137994018458355","0,00000075551823669623","0,00000121167024951764","0,00000013954792726182","0,00000033389802004042"
"-0,00296577226497212214","0,00000020462530967002","0,00000033692510723225","0,00000008158956856245","0,00000001138872107608","0,00000001105794106034","0,00000056384464193318","0,00000014695119886610","0,00000001115689341996","0,00000044772580814557","0,00000001016244597464","0,00000046766494486650","0,00000072955937379620","0,00000043932315800098","0,00000001179233232388","0,00000001157559421356","0,00000137903935049798","0,00000076081376270629","0,00000121837689933710","0,00000013991852830316","0,00000033700467421729"
"-0,00096184962765749247","0,00000020538831685213","0,00000033893947612116","0,00000008199557742498","0,00000001132170260441","0,00000001102083988267","0,00000056755519369913","0,00000014686171265172","0,00000001120374614219","0,00000044860367133036","0,00000001036871518548","0,00000047099769803405","0,00000073090896685322","0,00000044216855180225","0,00000001174485799378","0,00000001161017381060","0,00000137813778017610","0,00000076621508217026","0,00000122514686050898","0,00000014032995081787","0,00000034016249768252"
"0,00104207300965713698","0,00000020614945222325","0,00000034097377340681","0,00000008239357372027","0,00000001125453515893","0,00000001098395727586","0,00000057131725381552","0,00000014676613043344","0,00000001125076790742","0,00000044951175848025","0,00000001057903993274","0,00000047439246567456","0,00000073234824692330","0,00000044507136249454","0,00000001169719134128","0,00000001164521813401","0,00000137725643791788","0,00000077169288961491","0,00000123198378945855","0,00000014078216043852","0,00000034335169028994"
"0,00304599564697176665","0,00000020691916488315","0,00000034300651304972","0,00000008277513837266","0,00000001119305477098","0,00000001095030810506","0,00000057511330566105","0,00000014666437617301","0,00000001129445081194","0,00000045041704910278","0,00000001078725671438","0,00000047784275674755","0,00000073387138531168","0,00000044799688811602","0,00000001165308320623","0,00000001167817414287","0,00000137641628802326","0,00000077721787956700","0,00000123889134261107","0,00000014127512279770","0,00000034655245189339"
"0,00504991828428639610","0,00000020769745483182","0,00000034503769504991","0,00000008314027138216","0,00000001113726144055","0,00000001091989237028","0,00000057894334923573","0,00000014655644987042","0,00000001133479485576","0,00000045131954319794","0,00000001099336553040","0,00000048134857125301","0,00000073547838201836","0,00000045094512866671","0,00000001161253358862","0,00000001170904183716","0,00000137561733049225","0,00000078279005202654","0,00000124586951996654","0,00000014180883789543","0,00000034976478249286"
"0,00705384092160102512","0,00000020848432206928","0,00000034706731940737","0,00000008348897274875","0,00000001108715516764","0,00000001089271007150","0,00000058280738453956","0,00000014644235152568","0,00000001137180003887","0,00000045221924076573","0,00000001119736638080","0,00000048490990919095","0,00000073716923704335","0,00000045391608414659","0,00000001157554248846","0,00000001173782121689","0,00000137485956532483","0,00000078840940699353","0,00000125291832152496","0,00000014238330573169","0,00000035298868208836"
"0,00905776355891565501","0,00000020927976659552","0,00000034909538612211","0,00000008382124247245","0,00000001104273595226","0,00000001086876120874","0,00000058670541157253","0,00000014632208113878","0,00000001140546636128","0,00000045311614180616","0,00000001139925926559","0,00000048852677056136","0,00000073894395038665","0,00000045690975455566","0,00000001154210990574","0,00000001176451228206","0,00000137414299252102","0,00000079407594446796","0,00000126003774728633","0,00000014299852630649","0,00000035622415067989"
"0,01106168619623028490","0,00000021008378841054","0,00000035112189519412","0,00000008413708055325","0,00000001100400379440","0,00000001084804578199","0,00000059063743033464","0,00000014619563870973","0,00000001143579382299","0,00000045401024631922","0,00000001159904418476","0,00000049219915536424","0,00000074080252204825","0,00000045992613989393","0,00000001151223584046","0,00000001178911503266","0,00000137346761208081","0,00000079978966444984","0,00000126722779725066","0,00000014365449961983","0,00000035947118826744"
"0,01306560883354491300","0,00000021089638751434","0,00000035314684662340","0,00000008443648699115","0,00000001097095869406","0,00000001083056379126","0,00000059460344082590","0,00000014606302423853","0,00000001146278242399","0,00000045490155430491","0,00000001179672113831","0,00000049592706359959","0,00000074274495202816","0,00000046296524016140","0,00000001148592029263","0,00000001181162946871","0,00000137283342400421","0,00000080555056693917","0,00000127448847141793","0,00000014435122567170","0,00000036272979485101"
"0,01506953147085954290","0,00000021171756390692","0,00000035517024040995","0,00000008471946178615","0,00000001094360065125","0,00000001081631523653","0,00000059860344304631","0,00000014592423772517","0,00000001148643216429","0,00000045579006576324","0,00000001199229012624","0,00000049971049526741","0,00000074477124032637","0,00000046602705535806","0,00000001146316326224","0,00000001183205559020","0,00000137224042829120","0,00000081135865193595","0,00000128181976978816","0,00000014508870446211","0,00000036599997043062"
"0,01707345410817417280","0,00000021254731758828","0,00000035719207655378","0,00000008498600493826","0,00000001092192966596","0,00000001080530011782","0,00000060263743699586","0,00000014577927916966","0,00000001150674304389","0,00000045667578069420","0,00000001218575114856","0,00000050354945036771","0,00000074688138694289","0,00000046911158548391","0,00000001144396474929","0,00000001185039339712","0,00000137168862494180","0,00000081721391944017","0,00000128922169236134","0,00000014586693599106","0,00000036928171500624"
"0,01907737674548880270","0,00000021338564855842","0,00000035921235505488","0,00000008523611644747","0,00000001090594573819","0,00000001079751843511","0,00000060670542267456","0,00000014562814857200","0,00000001152371506278","0,00000045755869909779","0,00000001237710420526","0,00000050744392890048","0,00000074907539187771","0,00000047221883053897","0,00000001142832475379","0,00000001186664288948","0,00000137117801395600","0,00000082311636945184","0,00000129669423913747","0,00000014668592025855","0,00000037257502857790"
"0,02108129938280343260","0,00000021423255681735","0,00000036123107591326","0,00000008546979631378","0,00000001089564886794","0,00000001079297018842","0,00000061080740008240","0,00000014547084593218","0,00000001153734822097","0,00000045843882097402","0,00000001256634929634","0,00000051139393086573","0,00000075135325513084","0,00000047534879052321","0,00000001141624327573","0,00000001188080406728","0,00000137070859533381","0,00000082906600197095","0,00000130423741011655","0,00000014754565726457","0,00000037587991114558"
"0,02308522202011806250","0,00000021508804236505","0,00000036324823912890","0,00000008568704453719","0,00000001089103905522","0,00000001079165537775","0,00000061494336921938","0,00000014530737125020","0,00000001154764251845","0,00000045931614632288","0,00000001275348642181","0,00000051539945626345","0,00000075371497670228","0,00000047850146543666","0,00000001140772031511","0,00000001189287693052","0,00000137028036907521","0,00000083506281699752","0,00000131185120529859","0,00000014844614700914","0,00000037919636270928"
"0,02508914465743269230","0,00000021595210520153","0,00000036526384470182","0,00000008588786111770","0,00000001089211630002","0,00000001079357400308","0,00000061911333008552","0,00000014513772452608","0,00000001155459795523","0,00000046019067514437","0,00000001293851558166","0,00000051946050509364","0,00000075616055659202","0,00000048167685527930","0,00000001140275587194","0,00000001190286147919","0,00000136989333518022","0,00000084110681453153","0,00000131953562468357","0,00000014938738949224","0,00000038252438326901"
"0,02709306729474731880","0,00000021682474532679","0,00000036727789263201","0,00000008607224605532","0,00000001089888060235","0,00000001079872606443","0,00000062331728268079","0,00000014496190575980","0,00000001155821453131","0,00000046106240743849","0,00000001312143677589","0,00000052357707735630","0,00000075868999480007","0,00000048487496005113","0,00000001140134994622","0,00000001191075771331","0,00000136954749364883","0,00000084719799457298","0,00000132729066827151","0,00000015036938471387","0,00000038586397282477"
"0,02909698993206194860","0,00000021770596274084","0,00000036929038291948","0,00000008624019935004","0,00000001091133196219","0,00000001080711156178","0,00000062755522700521","0,00000014477991495136","0,00000001155849224668","0,00000046193134320525","0,00000001330225000451","0,00000052774917305144","0,00000076130329132642","0,00000048809577975216","0,00000001140350253793","0,00000001191656563286","0,00000136924284448105","0,00000085333635712189","0,00000133511633606240","0,00000015139213267405","0,00000038921513137655"
"0,03110091256937657850","0,00000021859575744366","0,00000037130131556422","0,00000008639172100186","0,00000001092947037956","0,00000001081873049515","0,00000063182716305878","0,00000014459175210077","0,00000001155543110135","0,00000046279748244465","0,00000001348095526750","0,00000053197679217905","0,00000076400044617108","0,00000049133931438239","0,00000001140921364709","0,00000001192028523786","0,00000136897938767686","0,00000085952190217824","0,00000134301262805624","0,00000015245563337276","0,00000039257785892436"
"0,03310483520669121190","0,00000021949412943526","0,00000037331069056623","0,00000008652681101079","0,00000001095329585446","0,00000001083358286453","0,00000063613309084149","0,00000014439741720803","0,00000001154903109532","0,00000046366082515667","0,00000001365755256488","0,00000053625993473913","0,00000076678145933405","0,00000049460556394181","0,00000001141848327369","0,00000001192191652829","0,00000136875712323628","0,00000086575462974204","0,00000135097954425303","0,00000015355988681001","0,00000039595215546819"
"0,03510875784400583480","0,00000022040107871565","0,00000037531850792551","0,00000008664546937681","0,00000001098280838687","0,00000001085166866993","0,00000064047301035335","0,00000014419691027314","0,00000001153929222858","0,00000046452137134133","0,00000001383204189665","0,00000054059860073168","0,00000076964633081532","0,00000049789452843043","0,00000001143131141774","0,00000001192145950416","0,00000136857605115930","0,00000087203453981328","0,00000135901708465278","0,00000015470489298579","0,00000039933802100805"
"0,03711268048132046470","0,00000022131660528481","0,00000037732476764207","0,00000008674769609994","0,00000001101800797681","0,00000001087298791133","0,00000064484692159435","0,00000014399023129609","0,00000001152621450114","0,00000046537912099862","0,00000001400442326279","0,00000054499279015671","0,00000077259506061489","0,00000050120620784824","0,00000001144769807923","0,00000001191891416546","0,00000136843617144593","0,00000087836163239197","0,00000136712524925547","0,00000015589065190012","0,00000040273545554393"
"0,03911660311863509460","0,00000022224070914275","0,00000037932946971590","0,00000008683349118017","0,00000001105889462428","0,00000001089754058875","0,00000064925482456450","0,00000014377738027688","0,00000001150979791299","0,00000046623407412854","0,00000001417469666332","0,00000054944250301421","0,00000077562764873277","0,00000050454060219525","0,00000001146764325816","0,00000001191428051221","0,00000136833748409615","0,00000088473590747811","0,00000137530403806112","0,00000015711716355298","0,00000040614445907585"
"0,04112052575594972450","0,00000022317339028948","0,00000038133261414701","0,00000008690285461750","0,00000001110546832926","0,00000001092532670218","0,00000065369671926380","0,00000014355835721552","0,00000001149004246414","0,00000046708623073110","0,00000001434286209823","0,00000055394773930418","0,00000077874409516896","0,00000050789771147146","0,00000001149114695454","0,00000001190755854439","0,00000136827998910998","0,00000089115736507170","0,00000138355345106971","0,00000015838442794438","0,00000040956503160378"
"0,04312444839326435440","0,00000022411464872499","0,00000038333420093538","0,00000008695578641194","0,00000001115772909177","0,00000001095634625162","0,00000065817260569223","0,00000014333316211201","0,00000001146694815459","0,00000046793559080629","0,00000001450891956753","0,00000055850849902663","0,00000078194439992345","0,00000051127753567686","0,00000001151820916836","0,00000001189874826202","0,00000136826368648741","0,00000089762600517273","0,00000139187348828126","0,00000015969244507431","0,00000041299717312774"
"0,04512837103057898420","0,00000022506448444927","0,00000038533423008103","0,00000008699228656347","0,00000001121567691180","0,00000001099059923707","0,00000066268248384982","0,00000014310179496635","0,00000001144051498433","0,00000046878215435411","0,00000001467286907120","0,00000056312478218155","0,00000078522856299625","0,00000051468007481145","0,00000001154882989963","0,00000001188784966508","0,00000136828857622845","0,00000090414182778121","0,00000140026414969577","0,00000016104121494279","0,00000041644088364773"
"0,04713229366789361410","0,00000022602289746234","0,00000038733270158396","0,00000008701235507211","0,00000001127931178936","0,00000001102808565854","0,00000066722635373655","0,00000014286425577853","0,00000001141074295337","0,00000046962592137457","0,00000001483471060926","0,00000056779658876894","0,00000078859658438736","0,00000051810532887525","0,00000001158300914834","0,00000001187486275358","0,00000136835465833308","0,00000091070483289713","0,00000140872543531322","0,00000016243073754980","0,00000041989616316374"
"0,04913621630520824400","0,00000022698988776418","0,00000038932961544415","0,00000008701599193785","0,00000001134863372444","0,00000001106880551602","0,00000067180421535242","0,00000014262054454855","0,00000001137763206171","0,00000047046689186766","0,00000001499444418170","0,00000057252391878881","0,00000079204846409677","0,00000052155329786823","0,00000001162074691449","0,00000001185978752752","0,00000136846193280132","0,00000091731502052051","0,00000141725734513362","0,00000016386101289535","0,00000042336301167578"
"0,05114013894252287390","0,00000022795545510545","0,00000039134569887877","0,00000008700317112911","0,00000001141812472975","0,00000001110958616128","0,00000067640247786740","0,00000014237740411641","0,00000001134419615720","0,00000047136014912879","0,00000001515845508500","0,00000057727587777580","0,00000079557714105202","0,00000052501524137902","0,00000001165884588822","0,00000001184411367479","0,00000136858763242577","0,00000092397511405638","0,00000142582465315362","0,00000016531344038562","0,00000042683376067714"
"0,05314406157983750380","0,00000022890959923678","0,00000039340167910497","0,00000008697386661430","0,00000001148226681803","0,00000001114725494611","0,00000068100755045145","0,00000014214157732208","0,00000001131344908770","0,00000047236077645335","0,00000001533312861563","0,00000058202157126458","0,00000079917555418066","0,00000052848241899622","0,00000001169410875967","0,00000001182933088329","0,00000136870898999901","0,00000093068783690979","0,00000143439213336985","0,00000016676941942680","0,00000043030074166110"
"0,05514798421715213370","0,00000022985232015817","0,00000039549755612274","0,00000008692807839342","0,00000001154105998926","0,00000001118181187049","0,00000068561943310456","0,00000014191306416557","0,00000001128539085320","0,00000047346877384136","0,00000001551846477358","0,00000058676099925515","0,00000080284370348270","0,00000053195483071983","0,00000001172653552885","0,00000001181543915303","0,00000136882600552107","0,00000093745318908074","0,00000144295978578231","0,00000016822895001889","0,00000043376395462768"
"0,05715190685446676360","0,00000023078361786963","0,00000039763332993208","0,00000008686580646646","0,00000001159450424346","0,00000001121325693444","0,00000069023812582674","0,00000014169186464687","0,00000001126002145372","0,00000047468414129280","0,00000001571446355887","0,00000059149416174751","0,00000080658158895811","0,00000053543247654985","0,00000001175612619574","0,00000001180243848399","0,00000136893867899193","0,00000094427117056923","0,00000145152761039101","0,00000016969203216189","0,00000043722339957686"
"0,05915582949178139340","0,00000023170349237115","0,00000039980900053300","0,00000008678705083344","0,00000001164259958060","0,00000001124159013796","0,00000069486362861799","0,00000014147797876599","0,00000001123734088924","0,00000047600687880768","0,00000001592112497148","0,00000059622105874165","0,00000081038921060692","0,00000053891535648627","0,00000001178288076035","0,00000001179032887618","0,00000136904701041160","0,00000095114178137527","0,00000146009560719593","0,00000017115866585579","0,00000044067907650865"
"0,06115975212909602330","0,00000023261194366273","0,00000040202456792550","0,00000008669181149435","0,00000001168534600071","0,00000001126681148103","0,00000069949594147831","0,00000014127140652293","0,00000001121734915977","0,00000047743698638600","0,00000001613844901142","0,00000060094169023758","0,00000081426656842911","0,00000054240347052911","0,00000001180679922268","0,00000001177911032960","0,00000136915099978007","0,00000095806502149885","0,00000146866377619710","0,00000017262885110061","0,00000044413098542306"
"0,06316367476641064630","0,00000023350897174437","0,00000040428003210957","0,00000008658008844918","0,00000001172274350378","0,00000001128892096366","0,00000070413506440769","0,00000014107214791768","0,00000001120004626532","0,00000047897446402776","0,00000001636643567869","0,00000060565605623529","0,00000081821366242469","0,00000054589681867835","0,00000001182788158272","0,00000001176878284426","0,00000136925064709735","0,00000096504089093997","0,00000147723211739449","0,00000017410258789633","0,00000044757912632007"
"0,06516759740372528310","0,00000023439457661608","0,00000040657539308521","0,00000008645188169795","0,00000001175479208980","0,00000001130791858586","0,00000070878099740614","0,00000014088020295024","0,00000001118543220587","0,00000048061931173296","0,00000001660508497329","0,00000061036415673480","0,00000082223049259365","0,00000054939540093400","0,00000001184612784049","0,00000001175934642014","0,00000136934595236343","0,00000097206938969864","0,00000148580063078812","0,00000017557987624297","0,00000045102349919969"
"0,06717152004103990600","0,00000023526875827785","0,00000040891065085243","0,00000008630719124065","0,00000001178149175878","0,00000001132380434762","0,00000071343374047365","0,00000014069557162063","0,00000001117350698142","0,00000048237152950160","0,00000001685439689521","0,00000061506599173609","0,00000082631705893601","0,00000055289921729606","0,00000001186153799598","0,00000001175080105726","0,00000136943691557833","0,00000097915051777485","0,00000149436931637797","0,00000017706071614051","0,00000045446410406192"
"0,06917544267835454290","0,00000023613151672968","0,00000041128580541123","0,00000008614601707727","0,00000001180284251072","0,00000001133657824894","0,00000071809329361024","0,00000014051825392882","0,00000001116427059199","0,00000048423111733368","0,00000001711437144447","0,00000061976156123916","0,00000083047336145175","0,00000055640826776454","0,00000001187411204918","0,00000001174314675560","0,00000136952353674202","0,00000098628427516859","0,00000150293817416407","0,00000017854510758896","0,00000045790094090676"
"0,07117936531566916580","0,00000023698285197157","0,00000041370085676160","0,00000008596835920783","0,00000001181884434561","0,00000001134624028982","0,00000072275965681589","0,00000014034824987484","0,00000001115772303757","0,00000048619807522919","0,00000001738500862105","0,00000062445086524402","0,00000083469940014087","0,00000055992255233942","0,00000001188385000011","0,00000001173638351517","0,00000136960581585452","0,00000099347066187989","0,00000151150720414639","0,00000018003305058832","0,00000046133400973421"
"0,07318328795298380260","0,00000023782276400353","0,00000041615580490354","0,00000008577421763231","0,00000001182949726347","0,00000001135279047027","0,00000072743283009061","0,00000014018555945866","0,00000001115386431815","0,00000048827240318815","0,00000001766630842496","0,00000062913390375067","0,00000083899517500339","0,00000056344207102070","0,00000001189075184875","0,00000001173051133598","0,00000136968375291583","0,00000100070967790872","0,00000152007640632495","0,00000018152454513859","0,00000046476331054427"
"0,07518721059029842560","0,00000023865125282554","0,00000041865064983706","0,00000008556359235073","0,00000001183480126428","0,00000001135622879027","0,00000073211281343439","0,00000014003018268031","0,00000001115269443375","0,00000049045410121054","0,00000001795827085620","0,00000063381067675911","0,00000084336068603929","0,00000056696682380840","0,00000001189481759511","0,00000001172553021801","0,00000136975734792595","0,00000100800132325510","0,00000152864578069974","0,00000018301959123976","0,00000046818884333693"
"0,07719113322761306240","0,00000023946831843762","0,00000042118539156216","0,00000008533648336308","0,00000001183475634805","0,00000001135655524984","0,00000073679960684724","0,00000013988211953977","0,00000001115421338435","0,00000049274316929638","0,00000001826089591477","0,00000063848118426933","0,00000084779593324858","0,00000057049681070251","0,00000001189604723920","0,00000001172144016128","0,00000136982660088487","0,00000101534559791902","0,00000153721532727076","0,00000018451818889185","0,00000047161060811221"
"0,07919505586492768540","0,00000024027396083977","0,00000042376003007882","0,00000008509289066935","0,00000001182936251477","0,00000001135376984897","0,00000074149321032916","0,00000013974137003704","0,00000001115842116996","0,00000049513960744565","0,00000001857418360067","0,00000064314542628134","0,00000085230091663125","0,00000057403203170302","0,00000001189444078100","0,00000001171824116577","0,00000136989151179260","0,00000102274250190048","0,00000154578504603802","0,00000018602033809484","0,00000047502860487010"
"0,08119897850224232220","0,00000024106818003197","0,00000042637456538707","0,00000008483281426956","0,00000001181861976446","0,00000001134787258766","0,00000074619362388015","0,00000013960793417213","0,00000001116531779058","0,00000049764341565836","0,00000001889813391390","0,00000064780340279514","0,00000085687563618732","0,00000057757248680995","0,00000001188999822052","0,00000001171593323150","0,00000136995208064913","0,00000103019203519948","0,00000155435493700151","0,00000018752603884875","0,00000047844283361059"
"0,08320290113955694510","0,00000024185097601424","0,00000042902899748689","0,00000008455625416369","0,00000001180252809710","0,00000001133886346591","0,00000075090084750020","0,00000013948181194504","0,00000001117490324621","0,00000050025459393451","0,00000001923274685445","0,00000065245511381072","0,00000086152009191677","0,00000058111817602328","0,00000001188271955775","0,00000001171451635845","0,00000137000830745447","0,00000103769419781603","0,00000156292500016123","0,00000018903529115356","0,00000048185329433370"
"0,08520682377687158190","0,00000024262234878657","0,00000043172332637828","0,00000008426321035176","0,00000001178108751270","0,00000001132674248373","0,00000075561488118932","0,00000013936300335576","0,00000001118717753684","0,00000050297314227410","0,00000001957802242233","0,00000065710055932809","0,00000086623428381960","0,00000058466909934303","0,00000001187260479271","0,00000001171399054664","0,00000137006019220861","0,00000104524898975012","0,00000157149523551719","0,00000019054809500928","0,00000048525998703941"
"0,08721074641418620490","0,00000024338229834897","0,00000043445755206125","0,00000008395368283375","0,00000001175429801126","0,00000001131150964110","0,00000076033572494751","0,00000013925150840430","0,00000001120214066249","0,00000050579906067713","0,00000001993396061754","0,00000066173973934725","0,00000087101821189583","0,00000058822525676918","0,00000001185965392539","0,00000001171435579605","0,00000137010773491156","0,00000105285641100175","0,00000158006564306937","0,00000019206445041591","0,00000048866291172774"
"0,08921466905150082780","0,00000024413082470142","0,00000043723167453580","0,00000008362767160968","0,00000001172215959277","0,00000001129316493804","0,00000076506337877477","0,00000013914732709065","0,00000001121979262314","0,00000050873234914360","0,00000002030056144008","0,00000066637265386819","0,00000087587187614544","0,00000059178664830174","0,00000001184386695579","0,00000001171561210670","0,00000137015093556332","0,00000106051646157092","0,00000158863622281779","0,00000019358435737345","0,00000049206206839867"
"0,09121859168881546470","0,00000024486792784394","0,00000044004569380192","0,00000008328517667953","0,00000001168467225724","0,00000001127170837454","0,00000076979784267109","0,00000013905045941482","0,00000001124013341881","0,00000051177300767351","0,00000002067782488995","0,00000067099930289093","0,00000088079527656844","0,00000059535327394071","0,00000001182524388390","0,00000001171775947858","0,00000137018979416388","0,00000106822914145764","0,00000159720697476245","0,00000019510781588190","0,00000049545745705221"
"0,09322251432613008760","0,00000024559360777652","0,00000044289960985961","0,00000008292619804332","0,00000001164183600467","0,00000001124713995061","0,00000077453911663648","0,00000013896090537680","0,00000001126316304948","0,00000051492103626685","0,00000002106575096715","0,00000067561968641544","0,00000088578841316482","0,00000059892513368609","0,00000001180378470974","0,00000001172079791168","0,00000137022431071325","0,00000107599445066190","0,00000160577789890333","0,00000019663482594125","0,00000049884907768836"
"0,09522643696344472440","0,00000024630786449917","0,00000044579342270888","0,00000008255073570103","0,00000001159365083506","0,00000001121945966623","0,00000077928720067093","0,00000013887866497660","0,00000001128888151516","0,00000051817643492364","0,00000002146433967168","0,00000068023380444175","0,00000089085128593460","0,00000060250222753788","0,00000001177948943329","0,00000001172472740602","0,00000137025448521142","0,00000108381238918370","0,00000161434899524045","0,00000019816538755152","0,00000050223693030712"
"0,09723035960075934740","0,00000024701069801187","0,00000044872713234972","0,00000008215878965268","0,00000001154011674841","0,00000001118866752141","0,00000078404209477446","0,00000013880373821422","0,00000001131728881585","0,00000052153920364386","0,00000002187359100353","0,00000068484165696984","0,00000089598389487776","0,00000060608455549607","0,00000001175235805456","0,00000001172954796158","0,00000137028031765840","0,00000109168295702304","0,00000162292026377380","0,00000019969950071269","0,00000050562101490849"
"0,09923428223807398420","0,00000024770210831464","0,00000045170073878214","0,00000008175035989825","0,00000001148123374471","0,00000001115476351616","0,00000078880379894705","0,00000013873612508965","0,00000001134838495155","0,00000052500934242752","0,00000002229350496271","0,00000068944324399972","0,00000090118623999430","0,00000060967211756068","0,00000001172239057355","0,00000001173525957838","0,00000137030180805419","0,00000109960615417993","0,00000163149170450339","0,00000020123716542477","0,00000050900133149247"
"0,10123820487538860700","0,00000024839016515771","0,00000045470824820834","0,00000008133778584473","0,00000001142163576528","0,00000001112094471493","0,00000079358258214169","0,00000013868104152258","0,00000001137942630258","0,00000052854333560265","0,00000002270971561572","0,00000069406450843833","0,00000090646542856880","0,00000061326314024683","0,00000001169252477732","0,00000001174150592553","0,00000137031045550108","0,00000110757635801402","0,00000164006539982294","0,00000020279745435135","0,00000051236901996043"
"0,10324212751270324400","0,00000024908293829131","0,00000045774366683052","0,00000008093340689910","0,00000001136595675142","0,00000001109040818217","0,00000079838871331138","0,00000013864370343268","0,00000001140766924925","0,00000053209766749725","0,00000002310785702905","0,00000069873139319264","0,00000091182856788580","0,00000061685585006965","0,00000001166569845292","0,00000001174793067217","0,00000137029775910137","0,00000111558794588497","0,00000164864343212619","0,00000020439944015600","0,00000051571522021372"
"0,10524605015001786700","0,00000024978042771545","0,00000046080699464867","0,00000008053722306134","0,00000001131419670313","0,00000001106315391789","0,00000080322219245611","0,00000013862411081997","0,00000001143311379158","0,00000053567233811133","0,00000002348792920271","0,00000070344389826263","0,00000091727565794531","0,00000062045024702916","0,00000001164191160036","0,00000001175453381829","0,00000137026371885507","0,00000112364091779279","0,00000165722580141314","0,00000020604312283872","0,00000051903993225235"
"0,10724997278733250400","0,00000025048263343013","0,00000046389823166281","0,00000008014923433147","0,00000001126635562042","0,00000001103918192208","0,00000080808301957588","0,00000013862226368444","0,00000001145575992956","0,00000053926734744490","0,00000002384993213669","0,00000070820202364832","0,00000092280669874733","0,00000062404633112534","0,00000001162116421963","0,00000001176131536390","0,00000137020833476217","0,00000113173527373747","0,00000166581250768379","0,00000020772850239952","0,00000052234315607633"
"0,10925389542464712700","0,00000025118955543534","0,00000046701737787293","0,00000007976944070948","0,00000001122243350327","0,00000001101849219474","0,00000081297119467069","0,00000013863816202609","0,00000001147560766318","0,00000054288269549794","0,00000002419386583099","0,00000071300576934969","0,00000092842169029185","0,00000062764410235820","0,00000001160345631073","0,00000001176827530899","0,00000137013160682268","0,00000113987101371902","0,00000167440355093814","0,00000020945557883840","0,00000052562489168564"
"0,11125781806196176300","0,00000025190119373109","0,00000047016443327903","0,00000007939784219537","0,00000001118243035170","0,00000001100108473589","0,00000081788671774055","0,00000013867180584491","0,00000001149265699246","0,00000054651838227047","0,00000002451973028562","0,00000071785513536676","0,00000093412063257889","0,00000063124356072773","0,00000001158878787367","0,00000001177541365356","0,00000137003353503659","0,00000114804813773742","0,00000168299893117619","0,00000021122435215535","0,00000052888513908029"
"0,11326174069927638600","0,00000025261754831737","0,00000047333939788111","0,00000007903443878914","0,00000001114634616570","0,00000001098695954550","0,00000082282958878545","0,00000013872319514092","0,00000001150690791739","0,00000055017440776247","0,00000002482752550057","0,00000072275012169951","0,00000093990352560843","0,00000063484470623395","0,00000001157715890844","0,00000001178273039762","0,00000136991411940390","0,00000115626664579270","0,00000169159864839794","0,00000021303482235038","0,00000053212389826028"
"0,11526566333659102300","0,00000025333861919419","0,00000047654227167917","0,00000007867923049080","0,00000001111418094527","0,00000001097611662359","0,00000082779980780539","0,00000013879232991411","0,00000001151836043796","0,00000055385077197396","0,00000002511725147585","0,00000072769072834795","0,00000094577036938048","0,00000063844753887684","0,00000001156856941505","0,00000001179022554116","0,00000136977335992462","0,00000116452653788484","0,00000170020270260339","0,00000021488698942348","0,00000053534116922561"
"0,11726958597390564600","0,00000025406440636154","0,00000047977305467322","0,00000007833221730034","0,00000001108593469041","0,00000001096855597016","0,00000083279737480037","0,00000013887921016447","0,00000001152701455419","0,00000055754747490493","0,00000002538890821145","0,00000073267695531209","0,00000095172116389504","0,00000064205205865640","0,00000001156301939349","0,00000001179789908419","0,00000136961125659874","0,00000117282781401384","0,00000170881109379254","0,00000021678085337466","0,00000053853695197628"
"0,11927350861122028300","0,00000025479490981943","0,00000048303174686324","0,00000007799339921776","0,00000001106160740113","0,00000001096427758520","0,00000083782228977040","0,00000013898383589202","0,00000001153287026607","0,00000056126451655537","0,00000002564249570737","0,00000073770880259191","0,00000095775590915210","0,00000064565826557265","0,00000001156050884377","0,00000001180575102670","0,00000136942780942627","0,00000118117047417970","0,00000171742382196539","0,00000021871641420391","0,00000054171124651229"
"0,12127743124853490600","0,00000025553012956786","0,00000048631834824924","0,00000007766277624306","0,00000001104119907741","0,00000001096328146872","0,00000084287455271547","0,00000013910620709675","0,00000001153592757359","0,00000056500189692530","0,00000002587801396362","0,00000074278627018742","0,00000096387460515168","0,00000064926615962557","0,00000001156103776587","0,00000001181378136869","0,00000136922301840720","0,00000118955451838243","0,00000172604088712194","0,00000022069367191124","0,00000054486405283364"
"0,12328135388584952900","0,00000025627006560682","0,00000048963285883123","0,00000007734034837624","0,00000001102470971927","0,00000001096556762071","0,00000084795416363558","0,00000013924632377865","0,00000001153618647677","0,00000056875961601471","0,00000002609546298019","0,00000074790935809862","0,00000097007725189376","0,00000065287574081517","0,00000001156460615982","0,00000001182199011017","0,00000136899688354153","0,00000119797994662203","0,00000173466228926219","0,00000022271262649664","0,00000054799537094032"
"0,12528527652316415200","0,00000025701471793632","0,00000049297527860919","0,00000007702611561731","0,00000001101213932670","0,00000001097113604118","0,00000085306112253073","0,00000013940418593774","0,00000001153364697559","0,00000057253767382360","0,00000002629484275709","0,00000075307806632552","0,00000097636384937835","0,00000065648700914145","0,00000001157121402559","0,00000001183037725113","0,00000136874940482927","0,00000120644675889849","0,00000174328802838614","0,00000022477327796012","0,00000055110520083235"
"0,12728919916047878900","0,00000025776408655635","0,00000049634560758314","0,00000007672007796626","0,00000001100348789970","0,00000001097998673012","0,00000085819542940092","0,00000013957979357400","0,00000001152830907007","0,00000057633607035197","0,00000002647615329431","0,00000075829239486810","0,00000098273439760545","0,00000066009996460440","0,00000001158086136320","0,00000001183894279157","0,00000136848058227041","0,00000121495495521181","0,00000175191810449378","0,00000022687562630167","0,00000055419354250972"
"0,12929312179779342500","0,00000025851817146692","0,00000049974384575307","0,00000007642223542309","0,00000001099875543827","0,00000001099211968754","0,00000086335708424616","0,00000013977314668745","0,00000001152017276020","0,00000058015480559982","0,00000002663939459185","0,00000076355234372637","0,00000098918889657505","0,00000066371460720404","0,00000001159354817265","0,00000001184768673150","0,00000136819041586496","0,00000122350453556200","0,00000176055251758513","0,00000022901967152130","0,00000055726039597242"
"0,13129704443510806200","0,00000025927697266803","0,00000050316999311897","0,00000007613258798780","0,00000001099794194242","0,00000001100753491344","0,00000086854608706644","0,00000013998424527808","0,00000001150923804597","0,00000058399387956715","0,00000002678456664972","0,00000076885791290033","0,00000099572734628716","0,00000066733093694035","0,00000001160927445393","0,00000001185660907092","0,00000136787890561290","0,00000123209549994905","0,00000176919126766018","0,00000023120541361901","0,00000056030576122047"
"0,13330096707242267100","0,00000026004049015967","0,00000050662404968086","0,00000007585113566040","0,00000001100104741214","0,00000001102623240780","0,00000087376243786176","0,00000014021308934588","0,00000001149550492740","0,00000058785329225396","0,00000002691166946791","0,00000077420910238998","0,00000100234974674179","0,00000067094895381333","0,00000001162804020704","0,00000001186570980982","0,00000136754605151426","0,00000124072784837296","0,00000177783435471893","0,00000023343285259479","0,00000056332963825386"
"0,13530488970973730800","0,00000026080872394184","0,00000051010601543873","0,00000007557787844088","0,00000001100807184742","0,00000001104821217065","0,00000087900613663212","0,00000014045967889087","0,00000001147897340447","0,00000059173304366025","0,00000002702070304642","0,00000077960591219532","0,00000100905609793892","0,00000067456865782300","0,00000001164984543199","0,00000001187498894820","0,00000136719185356901","0,00000124940158083374","0,00000178648177876137","0,00000023570198844865","0,00000056633202707258"
"0,13730881234705194500","0,00000026158167401456","0,00000051361589039258","0,00000007531281632924","0,00000001101901524828","0,00000001107347420197","0,00000088427718337753","0,00000014072401391303","0,00000001145964347720","0,00000059563313378602","0,00000002711166738526","0,00000078504834231635","0,00000101584639987855","0,00000067819004896934","0,00000001167469012877","0,00000001188444648606","0,00000136681631177717","0,00000125811669733138","0,00000179513353978752","0,00000023801282118058","0,00000056931292767664"
"0,13931273498436658200","0,00000026235934037780","0,00000051715367454241","0,00000007505594932548","0,00000001103387761472","0,00000001110201850176","0,00000088957557809798","0,00000014100609441237","0,00000001143751514557","0,00000059955356263127","0,00000002718456248443","0,00000079053639275307","0,00000102272065256070","0,00000068181312725236","0,00000001170257429738","0,00000001189408242341","0,00000136641942613874","0,00000126687319786589","0,00000180378963779737","0,00000024036535079059","0,00000057227234006605"
"0,14131665762168119100","0,00000026314172303159","0,00000052071936788822","0,00000007480727742960","0,00000001105265894672","0,00000001113384507003","0,00000089490132079347","0,00000014130592038890","0,00000001141258840960","0,00000060349433019601","0,00000002723938834391","0,00000079607006350548","0,00000102967885598535","0,00000068543789267205","0,00000001173349793783","0,00000001190389676025","0,00000136600119665371","0,00000127567108243726","0,00000181245007279092","0,00000024275957727867","0,00000057521026424079"
"0,14332058025899582800","0,00000026392882197591","0,00000052431297043001","0,00000007456680064161","0,00000001107535924429","0,00000001116895390677","0,00000090025441146400","0,00000014162349184260","0,00000001138486326927","0,00000060745543648022","0,00000002727614496372","0,00000080164935457358","0,00000103672101015251","0,00000068906434522843","0,00000001176746105012","0,00000001191388949657","0,00000136556162332208","0,00000128451035104550","0,00000182111484476816","0,00000024519550064483","0,00000057812670020087"
"0,14532450289631046500","0,00000026472063721076","0,00000052793448216778","0,00000007433451896150","0,00000001110197850744","0,00000001120734501199","0,00000090563485010958","0,00000014195880877349","0,00000001135433972460","0,00000061143688148391","0,00000002729483234386","0,00000080727426595736","0,00000104384711506218","0,00000069269248492148","0,00000001180446363423","0,00000001192406063237","0,00000136510070614385","0,00000129339100369060","0,00000182978395372911","0,00000024767312088906","0,00000058102164794630"
"0,14732842553362510100","0,00000026551716873615","0,00000053158390310153","0,00000007411043238927","0,00000001113251673616","0,00000001124901838568","0,00000091104263673020","0,00000014231187118155","0,00000001132101777557","0,00000061543866520709","0,00000002729545048431","0,00000081294479765684","0,00000105105717071436","0,00000069632231175121","0,00000001184450569018","0,00000001193441016765","0,00000136461844511903","0,00000130231304037256","0,00000183845739967375","0,00000025019243801137","0,00000058389510747706"
"0,14933234817093971000","0,00000026631841655208","0,00000053526123323127","0,00000007389454092492","0,00000001116697393045","0,00000001129397402785","0,00000091647777132586","0,00000014268267906679","0,00000001128489742219","0,00000061946078764974","0,00000002727799938510","0,00000081866094967201","0,00000105835117710904","0,00000069995382571761","0,00000001188758721797","0,00000001194493810242","0,00000136411484024762","0,00000131127646109139","0,00000184713518260210","0,00000025275345201176","0,00000058674707879316"
"0,15133627080825434700","0,00000026711650100155","0,00000053897419523525","0,00000007371012105960","0,00000001120253834495","0,00000001133919656094","0,00000092194088245721","0,00000014307509281024","0,00000001124901058211","0,00000062354953386656","0,00000002726097568509","0,00000082438772147740","0,00000106569560174756","0,00000070358547781136","0,00000001193078042652","0,00000001195522984898","0,00000136360669772604","0,00000132027277748846","0,00000185578212447527","0,00000025533079638740","0,00000058959699240572"
"0,15334019344556898400","0,00000026790354242756","0,00000054273051179177","0,00000007358044928445","0,00000001123639823430","0,00000001138167060738","0,00000092743259868490","0,00000014349297279291","0,00000001121638917298","0,00000062775118891222","0,00000002726287602320","0,00000083009011254755","0,00000107305691213123","0,00000070721571902314","0,00000001197115752476","0,00000001196487081961","0,00000136311082375075","0,00000132929350120516","0,00000186436304725438","0,00000025789910463549","0,00000059246427882585"
"0,15534411608288362100","0,00000026867954083011","0,00000054653018290081","0,00000007350552559946","0,00000001126855359849","0,00000001142139616717","0,00000093295292000893","0,00000014393631901481","0,00000001118703319478","0,00000063206575278673","0,00000002728370039941","0,00000083576812288245","0,00000108043510826004","0,00000071084454935293","0,00000001200871851269","0,00000001197386101433","0,00000136262721832174","0,00000133833863224149","0,00000187287795093945","0,00000026045837675603","0,00000059534893805357"
"0,15734803872019823000","0,00000026944449620920","0,00000055037320856238","0,00000007348535000464","0,00000001129900443754","0,00000001145837324032","0,00000093850184642930","0,00000014440513147593","0,00000001116094264753","0,00000063649322549008","0,00000002732344881372","0,00000084142175248211","0,00000108783019013401","0,00000071447196880074","0,00000001204346339031","0,00000001198220043313","0,00000136215588143900","0,00000134740817059744","0,00000188132683553045","0,00000026300861274902","0,00000059825097008886"
"0,15935196135751286700","0,00000027019840856484","0,00000055425958877648","0,00000007351992249999","0,00000001132775075143","0,00000001149260182682","0,00000094407937794601","0,00000014489941017627","0,00000001113811753122","0,00000064103360702227","0,00000002738212126614","0,00000084705100134652","0,00000109524215775314","0,00000071809797736657","0,00000001207539215762","0,00000001198988907601","0,00000136169681310255","0,00000135650211627302","0,00000188970970102741","0,00000026554981261445","0,00000060117037493172"
"0,16135588399482750400","0,00000027094127789702","0,00000055818932354310","0,00000007360924308550","0,00000001135479254017","0,00000001152408192668","0,00000094968551455906","0,00000014541915511584","0,00000001111855784585","0,00000064568689738331","0,00000002745971775666","0,00000085265586947569","0,00000110267101111741","0,00000072172257505042","0,00000001210450481462","0,00000001199692694298","0,00000136125001331238","0,00000136562046926823","0,00000189802654743031","0,00000026808197635233","0,00000060410715258216"
"0,16335980663214211300","0,00000027167310420574","0,00000056216241286225","0,00000007375331176118","0,00000001138012980376","0,00000001155281353990","0,00000095532025626845","0,00000014596436629464","0,00000001110226359142","0,00000065045309657319","0,00000002755623828530","0,00000085823635686962","0,00000111011675022684","0,00000072534576185229","0,00000001213080136131","0,00000001200331403403","0,00000136081548206849","0,00000137476322958306","0,00000190627737473915","0,00000027060510396266","0,00000060706130304018"
"0,16536372926945675000","0,00000027239388749100","0,00000056617885673393","0,00000007395212852703","0,00000001140376254219","0,00000001157879666647","0,00000096098360307418","0,00000014653504371266","0,00000001108923476794","0,00000065533220459192","0,00000002767168285203","0,00000086379246352831","0,00000111757937508141","0,00000072896753777217","0,00000001215428179770","0,00000001200905034916","0,00000136039321937089","0,00000138393039721752","0,00000191446218295394","0,00000027311919544543","0,00000061003282630578"
"0,16736765190677138600","0,00000027310362775281","0,00000057023865515814","0,00000007420569338305","0,00000001142569075548","0,00000001160203130639","0,00000096667555497626","0,00000014713118736991","0,00000001107947137540","0,00000066032422143949","0,00000002780605145688","0,00000086932418945175","0,00000112505888568114","0,00000073258790281008","0,00000001217494612377","0,00000001201413588837","0,00000135998322521956","0,00000139312197217161","0,00000192258097207468","0,00000027562425080065","0,00000061302172237895"
"0,16937157454408602300","0,00000027380232499116","0,00000057434180813487","0,00000007451400632923","0,00000001144591444361","0,00000001162251745967","0,00000097239611197467","0,00000014775279726638","0,00000001107297341380","0,00000066542914711591","0,00000002795934409982","0,00000087483153463995","0,00000113255528202603","0,00000073620685696601","0,00000001219279433954","0,00000001201857065166","0,00000135958549961451","0,00000140233795444532","0,00000193063374210137","0,00000027812027002831","0,00000061602799125970"
"0,17137549718140063200","0,00000027448997920605","0,00000057848831566413","0,00000007487706736559","0,00000001146443360659","0,00000001164025512630","0,00000097814527406942","0,00000014839987340207","0,00000001106974088314","0,00000067064698162117","0,00000002813156078088","0,00000088031449909290","0,00000114006856411606","0,00000073982440023995","0,00000001220782644499","0,00000001202235463904","0,00000135920004255575","0,00000141157834403866","0,00000193862049303400","0,00000028060725312843","0,00000061905163294803"
"0,17337941981871526900","0,00000027516659039749","0,00000058267817774592","0,00000007529487649210","0,00000001148124824442","0,00000001165524430629","0,00000098392304126051","0,00000014907241577699","0,00000001106977378343","0,00000067597772495527","0,00000002832270150004","0,00000088577308281061","0,00000114759873195124","0,00000074344053263191","0,00000001222004244014","0,00000001202548785050","0,00000135882685404326","0,00000142084314095162","0,00000194654122487258","0,00000028308520010099","0,00000062209264744393"
"0,17538334245602990600","0,00000027583215856546","0,00000058691139438023","0,00000007576743370879","0,00000001149635835709","0,00000001166748499963","0,00000098972941354794","0,00000014977042439114","0,00000001107307211466","0,00000068142137711822","0,00000002853276625731","0,00000089120728579307","0,00000115514578553158","0,00000074705525414190","0,00000001222944232498","0,00000001202797028604","0,00000135846593407706","0,00000143013234518421","0,00000195439593761710","0,00000028555411094599","0,00000062515103474741"
"0,17738726509334454300","0,00000027648668370998","0,00000059118796556708","0,00000007629473901565","0,00000001150976394462","0,00000001167697720633","0,00000099556439093171","0,00000015049389924451","0,00000001107963587683","0,00000068697793811001","0,00000002876175505268","0,00000089661710804030","0,00000116270972485707","0,00000075066856476990","0,00000001223602609951","0,00000001202980194566","0,00000135811728265714","0,00000143944595673643","0,00000196218463126757","0,00000028801398566345","0,00000062822679485847"
"0,17939118773065915200","0,00000027713016583105","0,00000059550789130645","0,00000007687679241267","0,00000001152146500699","0,00000001168372092638","0,00000100142797341182","0,00000015124284033710","0,00000001108946506994","0,00000069264740793065","0,00000002900966788615","0,00000090200254955227","0,00000117029054992771","0,00000075428046451592","0,00000001223979376373","0,00000001203098282937","0,00000135778089978350","0,00000144878397560828","0,00000196990730582399","0,00000029046482425335","0,00000063131992777710"
"0,18139511036797378900","0,00000027776260492865","0,00000059987117159835","0,00000007751359389986","0,00000001153146154421","0,00000001168771615979","0,00000100732016098828","0,00000015201724766892","0,00000001110255969400","0,00000069842978658013","0,00000002927650475774","0,00000090736361032901","0,00000117788826074350","0,00000075789095337996","0,00000001224074531764","0,00000001203151293715","0,00000135745678545614","0,00000145814640179975","0,00000197756396128635","0,00000029290662671569","0,00000063443043350331"
"0,18339903300528842500","0,00000027838400100280","0,00000060427780644277","0,00000007820514347721","0,00000001153975355628","0,00000001168896290656","0,00000101324095366107","0,00000015281712123997","0,00000001111891974899","0,00000070432507405846","0,00000002956226566743","0,00000091270029037050","0,00000118550285730445","0,00000076150003136202","0,00000001223888076124","0,00000001203139226902","0,00000135714493967506","0,00000146753323531085","0,00000198515459765466","0,00000029533939305049","0,00000063755831203710"
"0,18540295564260306200","0,00000027899435405349","0,00000060872779583972","0,00000007895144114474","0,00000001154634104319","0,00000001168746116667","0,00000101919035143020","0,00000015364246105024","0,00000001113854523493","0,00000071033327036563","0,00000002986695061522","0,00000091801258967675","0,00000119313433961054","0,00000076510769846209","0,00000001223420009453","0,00000001203062082498","0,00000135684536244026","0,00000147694447614157","0,00000199267921492891","0,00000029776312325773","0,00000064070356337846"
"0,18740687827991767100","0,00000027959366408072","0,00000061322113978920","0,00000007975248690243","0,00000001155122400495","0,00000001168321094015","0,00000102516835429567","0,00000015449326709973","0,00000001116143615182","0,00000071645437550164","0,00000003019055960112","0,00000092330050824775","0,00000120078270766179","0,00000076871395468019","0,00000001222670331752","0,00000001202919860501","0,00000135655805375174","0,00000148638012429192","0,00000200013781310911","0,00000030017781733741","0,00000064386618752740"
"0,18941080091723230800","0,00000028018193108449","0,00000061775783829121","0,00000008060828075029","0,00000001155440244157","0,00000001167621222697","0,00000103117496225748","0,00000015536953938845","0,00000001118759249964","0,00000072268838946650","0,00000003053309262513","0,00000092856404608351","0,00000120844796145819","0,00000077231880001631","0,00000001221639043019","0,00000001202712560913","0,00000135628301360950","0,00000149584017976190","0,00000200753039219526","0,00000030258347528955","0,00000064704618448391"
"0,19141472355454694500","0,00000028075915506481","0,00000062233789134574","0,00000008151882268831","0,00000001155587635303","0,00000001166646502716","0,00000103721017531563","0,00000015627127791640","0,00000001121701427841","0,00000072903531226020","0,00000003089454968724","0,00000093380320318403","0,00000121613010099974","0,00000077592223447044","0,00000001220326143256","0,00000001202440183733","0,00000135602024201355","0,00000150532464255150","0,00000201485695218735","0,00000030498009711413","0,00000065024355424801"
"0,19341864619186155400","0,00000028132533602167","0,00000062696129895280","0,00000008248411271651","0,00000001155564573933","0,00000001165396934069","0,00000104327399347013","0,00000015719848268357","0,00000001124970148812","0,00000073549514388275","0,00000003127493078746","0,00000093901797954930","0,00000122382912628645","0,00000077952425804260","0,00000001218731632461","0,00000001202102728961","0,00000135576973896387","0,00000151483351266073","0,00000202211749308539","0,00000030736768281116","0,00000065345829681968"
"0,19542256882917619100","0,00000028188047395507","0,00000063162806111239","0,00000008350415083487","0,00000001155371060049","0,00000001163872516759","0,00000104936641672096","0,00000015815115368996","0,00000001128565412877","0,00000074206788433414","0,00000003167423592578","0,00000094420837517933","0,00000123154503731830","0,00000078312487073277","0,00000001216855510636","0,00000001201700196597","0,00000135553150446048","0,00000152436679008959","0,00000202931201488938","0,00000030974623238063","0,00000065669041219892"
"0,19742649146649082800","0,00000028242456886502","0,00000063633817782451","0,00000008457893704339","0,00000001155007093649","0,00000001162073250783","0,00000105548744506813","0,00000015912929093558","0,00000001132487220036","0,00000074875353361438","0,00000003209246510221","0,00000094937439007411","0,00000123927783409531","0,00000078672407254096","0,00000001214697777780","0,00000001201232586642","0,00000135530553850336","0,00000153392447483808","0,00000203644051759931","0,00000031211574582255","0,00000065993990038575"
"0,19943041410380546400","0,00000028295762075151","0,00000064109164908915","0,00000008570847134209","0,00000001154472674734","0,00000001159999136144","0,00000106163707851164","0,00000016013289442043","0,00000001136735570290","0,00000075555209172346","0,00000003252961831674","0,00000095451602423365","0,00000124702751661747","0,00000079032186346717","0,00000001212258433892","0,00000001200699899095","0,00000135509184109253","0,00000154350656690619","0,00000204350300121519","0,00000031447622313692","0,00000066320676138015"
"0,20143433674112007400","0,00000028349696912113","0,00000064585663670890","0,00000008686108804751","0,00000001153885369831","0,00000001157912887907","0,00000106779973100563","0,00000016114562816051","0,00000001141020822372","0,00000076235752087812","0,00000003297102296647","0,00000095965294709969","0,00000125478287825094","0,00000079391810801426","0,00000001209811245525","0,00000001200202420061","0,00000135488480772480","0,00000155309529843646","0,00000205052085747221","0,00000031683453823872","0,00000066647650979650"
"0,20343825937843471000","0,00000028405995348048","0,00000065060130248633","0,00000008800512147620","0,00000001153362745468","0,00000001156077221142","0,00000107395981650424","0,00000016215115617184","0,00000001145053335018","0,00000076906378329512","0,00000003340200644849","0,00000096480482811395","0,00000126253271236190","0,00000079751267068509","0,00000001207629979226","0,00000001199840435644","0,00000135467883389699","0,00000156267290157145","0,00000205751547810555","0,00000031919756504293","0,00000066973466024918"
"0,20544218201574934700","0,00000028464657382955","0,00000065532564642144","0,00000008914057162817","0,00000001152904801643","0,00000001154492135848","0,00000108011733500747","0,00000016314947845443","0,00000001148833108227","0,00000077567087897444","0,00000003382256876278","0,00000096997166727644","0,00000127027701895033","0,00000080110555147966","0,00000001205714634996","0,00000001199613945844","0,00000135447391960910","0,00000157223937631115","0,00000206448686311523","0,00000032156530354956","0,00000067298121273818"
"0,20744610465306398400","0,00000028525683016835","0,00000066002966851424","0,00000009026743850341","0,00000001152511538358","0,00000001153157632025","0,00000108627228651532","0,00000016414059500827","0,00000001152360141999","0,00000078217880791609","0,00000003423270990937","0,00000097515346458717","0,00000127801579801624","0,00000080469675039796","0,00000001204065212836","0,00000001199522950662","0,00000135427006486113","0,00000158179472265556","0,00000207143501250124","0,00000032393775375861","0,00000067621616726352"
"0,20945002729037859300","0,00000028589072249688","0,00000066471336876471","0,00000009138572210193","0,00000001152182955611","0,00000001152073709674","0,00000109242467102779","0,00000016512450583335","0,00000001155634436334","0,00000078858757012007","0,00000003463242988823","0,00000098035022004612","0,00000128574904955963","0,00000080828626744001","0,00000001202681712745","0,00000001199567450097","0,00000135406726965308","0,00000159133894060468","0,00000207835992626357","0,00000032631491567008","0,00000067943952382518"
"0,21145394992769323000","0,00000028654825081514","0,00000066937674717287","0,00000009249542242372","0,00000001151919053404","0,00000001151240368794","0,00000109857448854488","0,00000016610121092969","0,00000001158655991233","0,00000079489716558637","0,00000003502172869938","0,00000098556193365330","0,00000129347677358050","0,00000081187410260579","0,00000001201564134724","0,00000001199747444150","0,00000135386553398495","0,00000160087203015851","0,00000208526160440224","0,00000032869678928396","0,00000068265128242316"
"0,21345787256500786700","0,00000028722941512312","0,00000067401980373871","0,00000009359653946879","0,00000001151719831736","0,00000001150657609385","0,00000110472173906658","0,00000016707071029728","0,00000001161424806695","0,00000080110759431501","0,00000003540060634282","0,00000099078860540871","0,00000130119897007884","0,00000081546025589531","0,00000001200712478772","0,00000001200062932820","0,00000135366485785675","0,00000161039399131705","0,00000209214004691724","0,00000033108337460025","0,00000068585144305748"
"0,21546179520232250400","0,00000028793421542083","0,00000067864253846223","0,00000009468907323714","0,00000001151585290607","0,00000001150325431447","0,00000111086642259291","0,00000016803300393612","0,00000001163940882721","0,00000080721885630597","0,00000003576906281853","0,00000099603023531235","0,00000130891563905467","0,00000081904472730857","0,00000001200126744889","0,00000001200513916107","0,00000135346524126846","0,00000161990482408030","0,00000209899525380856","0,00000033347467161897","0,00000068904000572812"
"0,21746571783963711300","0,00000028866265170827","0,00000068324495134343","0,00000009577302372876","0,00000001151515430017","0,00000001150243834981","0,00000111700853912385","0,00000016898809184622","0,00000001166204219309","0,00000081323095155926","0,00000003612709812654","0,00000100128682336422","0,00000131662678050797","0,00000082262751684557","0,00000001199806933075","0,00000001201100394012","0,00000135326668422010","0,00000162940452844827","0,00000210582722507622","0,00000033587068034009","0,00000069221697043509"
"0,21946964047695174900","0,00000028941472398543","0,00000068782704238232","0,00000009684839094365","0,00000001151510249967","0,00000001150412819985","0,00000112314808865942","0,00000016993597402756","0,00000001168214816461","0,00000081914388007488","0,00000003647471226682","0,00000100655836956432","0,00000132433239443876","0,00000082620862450630","0,00000001199753043330","0,00000001201822366535","0,00000135306918671165","0,00000163889310442094","0,00000211263596072020","0,00000033827140076364","0,00000069538233717838"
"0,22147356311426638600","0,00000029019043225232","0,00000069238881157888","0,00000009791517488182","0,00000001151569750455","0,00000001150832386461","0,00000112928507119960","0,00000017087665048016","0,00000001169972674176","0,00000082495764185283","0,00000003681190523939","0,00000101184487391265","0,00000133203248084702","0,00000082978805029078","0,00000001199965075655","0,00000001202679833674","0,00000135287274874313","0,00000164837055199832","0,00000211942146074052","0,00000034067683288960","0,00000069853610595800"
"0,22347748575158102300","0,00000029098977650894","0,00000069693025893313","0,00000009897337554327","0,00000001151693931483","0,00000001151502534408","0,00000113541948674440","0,00000017181012120400","0,00000001171477792455","0,00000083067223689310","0,00000003713867704425","0,00000101714633640920","0,00000133972703973276","0,00000083336579419899","0,00000001200443030049","0,00000001203672795431","0,00000135267737031453","0,00000165783687118041","0,00000212618372513716","0,00000034308697671798","0,00000070167827677395"
"0,22548140838889563200","0,00000029181275675528","0,00000070145138444506","0,00000010002299292799","0,00000001151882793050","0,00000001152423263827","0,00000114155133529383","0,00000017273638619910","0,00000001172730171297","0,00000083628766519571","0,00000003745502768138","0,00000102246275705399","0,00000134741607109598","0,00000083694185623094","0,00000001201186906513","0,00000001204801251806","0,00000135248305142585","0,00000166729206196721","0,00000213292275391014","0,00000034550183224877","0,00000070480884962623"
"0,22748533102621026900","0,00000029265937299135","0,00000070595218811467","0,00000010106402703599","0,00000001152136335156","0,00000001153594574717","0,00000114768061684787","0,00000017365544546545","0,00000001173729810702","0,00000084180392676064","0,00000003776095715081","0,00000102779413584701","0,00000135509957493668","0,00000084051623638663","0,00000001202196705045","0,00000001206065202798","0,00000135228979207709","0,00000167673612435873","0,00000213963854705945","0,00000034792139948198","0,00000070792782451483"
"0,22948925366352490600","0,00000029352962521715","0,00000071043266994197","0,00000010209647786726","0,00000001152454557801","0,00000001155016467078","0,00000115380733140653","0,00000017456729900305","0,00000001174476710670","0,00000084722102158790","0,00000003805646545251","0,00000103314047278825","0,00000136277755125485","0,00000084408893466606","0,00000001203472425647","0,00000001207464648407","0,00000135209759226825","0,00000168616905835495","0,00000214633110458508","0,00000035034567841761","0,00000071103520143976"
"0,23149317630083951500","0,00000029442351343267","0,00000071489282992694","0,00000010312034542181","0,00000001152837460985","0,00000001156688940910","0,00000115993147896981","0,00000017547194681190","0,00000001174970871202","0,00000085253894967749","0,00000003834155258650","0,00000103850176787773","0,00000137045000005051","0,00000084765995106923","0,00000001205014068319","0,00000001208999588633","0,00000135190645199934","0,00000169559086395588","0,00000215300042648705","0,00000035277466905565","0,00000071413098040101"
"0,23349709893815415200","0,00000029534103763792","0,00000071933266806960","0,00000010413562969963","0,00000001153285044709","0,00000001158611996213","0,00000116605305953771","0,00000017636938889200","0,00000001175212292297","0,00000085775771102940","0,00000003861621855278","0,00000104387802111543","0,00000137811692132364","0,00000085122928559613","0,00000001206821633059","0,00000001210670023477","0,00000135171637127034","0,00000170500154116153","0,00000215964651276534","0,00000035520837139611","0,00000071721516139860"
"0,23550102157546878900","0,00000029628219783290","0,00000072375218436994","0,00000010514233070073","0,00000001153797308971","0,00000001160785632988","0,00000117217207311023","0,00000017725962524336","0,00000001175200973955","0,00000086287730564365","0,00000003888046335134","0,00000104926923250137","0,00000138577831507426","0,00000085479693824678","0,00000001208895119869","0,00000001212475952939","0,00000135152735008126","0,00000171440108997188","0,00000216626936341997","0,00000035764678543899","0,00000072028774443251"
"0,23750494421278342500","0,00000029724699401760","0,00000072815137882796","0,00000010614044842510","0,00000001154374253773","0,00000001163209851234","0,00000117828851968736","0,00000017814265586596","0,00000001174936916176","0,00000086789773352022","0,00000003913428698218","0,00000105467540203553","0,00000139343418130235","0,00000085836290902116","0,00000001211234528748","0,00000001214417377018","0,00000135133938843211","0,00000172378951038695","0,00000217286897845092","0,00000036008991118428","0,00000072334872950274"
"0,23950886685009803400","0,00000029823542619203","0,00000073253025144366","0,00000010712998287275","0,00000001155015879114","0,00000001165884650951","0,00000118440239926912","0,00000017901848075982","0,00000001174420118961","0,00000087281899465912","0,00000003937768944530","0,00000106009652971792","0,00000140108452000792","0,00000086192719791928","0,00000001213839859696","0,00000001216494295714","0,00000135115248632288","0,00000173316680240672","0,00000217944535785821","0,00000036253774863199","0,00000072639811660931"
"0,24151278948741267100","0,00000029924749435619","0,00000073688880221705","0,00000010811093404368","0,00000001155722184994","0,00000001168810032139","0,00000119051371185550","0,00000017988709992493","0,00000001173650582309","0,00000087764108906035","0,00000003961067074071","0,00000106553261554854","0,00000140872933119097","0,00000086548980494114","0,00000001216711112714","0,00000001218706709028","0,00000135096664375356","0,00000174253296603121","0,00000218599850164182","0,00000036499029778211","0,00000072943590575220"
"0,24351671212472730800","0,00000030028319851008","0,00000074122703114812","0,00000010908330193788","0,00000001156493171413","0,00000001171985994799","0,00000119662245744649","0,00000018074851336129","0,00000001172628306221","0,00000088236401672390","0,00000003983323086841","0,00000107098365952739","0,00000141636861485150","0,00000086905073008674","0,00000001219848287801","0,00000001221054616959","0,00000135078186072417","0,00000175188800126040","0,00000219252840980177","0,00000036744755863465","0,00000073246209693142"
"0,24552063476204194500","0,00000030134253865369","0,00000074554493823686","0,00000011004708655535","0,00000001157328838371","0,00000001175412538930","0,00000120272863604210","0,00000018160272106890","0,00000001171353290695","0,00000088698777764979","0,00000004004536982839","0,00000107644966165448","0,00000142400237098951","0,00000087260997335607","0,00000001223251384957","0,00000001223538019507","0,00000135059813723470","0,00000176123190809431","0,00000219903508233805","0,00000036990953118961","0,00000073547669014696"
"0,24752455739935655400","0,00000030242551478702","0,00000074984252348329","0,00000011100228789611","0,00000001158229185868","0,00000001179089664532","0,00000120883224764234","0,00000018244972304776","0,00000001169825535733","0,00000089151237183800","0,00000004024708762065","0,00000108193062192979","0,00000143163059960499","0,00000087616753474915","0,00000001226920404182","0,00000001226156916673","0,00000135041547328515","0,00000177056468653293","0,00000220551851925065","0,00000037237621544698","0,00000073847968539883"
"0,24952848003667119100","0,00000030353212691009","0,00000075411978688741","0,00000011194890596013","0,00000001159194213905","0,00000001183017371605","0,00000121493329224719","0,00000018328951929787","0,00000001168045041335","0,00000089593779928854","0,00000004043838424520","0,00000108742654035332","0,00000143925330069796","0,00000087972341426596","0,00000001230855345477","0,00000001228911308456","0,00000135023386887552","0,00000177988633657625","0,00000221197872053959","0,00000037484761140677","0,00000074147108268703"
"0,25153240267398580000","0,00000030465135371535","0,00000075838703421487","0,00000011289123311465","0,00000001160160954371","0,00000001186918093719","0,00000122102185598730","0,00000018413699703398","0,00000001166218173985","0,00000090035207654027","0,00000004062312642072","0,00000109291292687841","0,00000144686406687715","0,00000088328143719648","0,00000001234761935631","0,00000001231645027846","0,00000135004563559611","0,00000178919400330025","0,00000221840362267641","0,00000037731353913244","0,00000074445821914514"
"0,25353632531130043700","0,00000030577217389529","0,00000076265457123136","0,00000011383356172689","0,00000001161066439157","0,00000001190514264441","0,00000122708802499330","0,00000018500704347083","0,00000001164551300172","0,00000090484322013207","0,00000004080518086593","0,00000109836529145835","0,00000145445649075132","0,00000088684542883068","0,00000001238345901435","0,00000001234201907833","0,00000134984308503722","0,00000179848483178089","0,00000222478116213267","0,00000037976381868748","0,00000074744843190672"
"0,25554024794861507300","0,00000030689458744989","0,00000076692239793687","0,00000011477589179684","0,00000001161910668262","0,00000001193805883772","0,00000123313179926519","0,00000018589965860843","0,00000001163044419895","0,00000090941123006392","0,00000004098454758081","0,00000110378363409314","0,00000146203057232047","0,00000089041538916855","0,00000001241607242888","0,00000001236581948417","0,00000134962621719885","0,00000180775882201815","0,00000223111133890838","0,00000038219845007186","0,00000075044172097178"
"0,25754417058592971000","0,00000030801859437916","0,00000077119051433140","0,00000011571822332451","0,00000001162693641688","0,00000001196792951712","0,00000123915317880298","0,00000018681484244677","0,00000001161697533154","0,00000091405610633583","0,00000004116122656537","0,00000110916795478279","0,00000146958631158459","0,00000089399131821010","0,00000001244545959991","0,00000001238785149597","0,00000134939503208099","0,00000181701597401205","0,00000223739415300354","0,00000038461743328561","0,00000075343808634032"
"0,25954809322324434700","0,00000030914419468311","0,00000077545892041496","0,00000011666055630989","0,00000001163415359433","0,00000001199475468261","0,00000124515216360665","0,00000018775259498586","0,00000001160510639948","0,00000091877784894779","0,00000004133521781961","0,00000111451825352729","0,00000147712370854369","0,00000089757321595532","0,00000001247162052744","0,00000001240811511373","0,00000134914952968366","0,00000182625628776259","0,00000224362960441814","0,00000038702076832870","0,00000075643752801233"
"0,26155201586055898400","0,00000031027138836172","0,00000077972761618755","0,00000011760289075299","0,00000001164075821497","0,00000001201853433418","0,00000125112875367622","0,00000018871291622568","0,00000001159483740279","0,00000092357645789982","0,00000004150652134352","0,00000111983453032666","0,00000148464276319777","0,00000090116108240422","0,00000001249455521146","0,00000001242661033747","0,00000134888971000684","0,00000183547976326976","0,00000224981769315218","0,00000038940845520116","0,00000075944004598783"
"0,26355593849787362100","0,00000031140017541501","0,00000078399660164915","0,00000011854522665380","0,00000001164675027882","0,00000001203926847185","0,00000125708294901168","0,00000018969580616626","0,00000001158616834146","0,00000092845193319190","0,00000004167513713711","0,00000112511678518087","0,00000149214347554682","0,00000090475491755680","0,00000001251426365198","0,00000001244333716717","0,00000134861557305054","0,00000184468640053356","0,00000225595841920566","0,00000039178049390297","0,00000076244564026681"
"0,26555986113518820200","0,00000031253055584296","0,00000078826587679978","0,00000011948756401233","0,00000001165212978586","0,00000001205695709560","0,00000126301474961304","0,00000019070126480757","0,00000001157909921548","0,00000093340427482404","0,00000004184106520038","0,00000113036501808994","0,00000149962584559085","0,00000090835472141305","0,00000001253074584900","0,00000001245829560283","0,00000134832711881476","0,00000185387619955400","0,00000226205178257859","0,00000039413688443413","0,00000076545431084926"
"0,26756378377250283900","0,00000031366252964559","0,00000079253544163943","0,00000012042990282857","0,00000001165689673610","0,00000001207160020544","0,00000126892415548028","0,00000019172929214963","0,00000001157363002487","0,00000093843348279625","0,00000004200430553332","0,00000113557922905387","0,00000150708987332986","0,00000091196049397298","0,00000001254400180251","0,00000001247148564446","0,00000134802434729950","0,00000186304916033107","0,00000226809778327097","0,00000039647762679466","0,00000076846605773519"
"0,26956770640981747600","0,00000031479609682288","0,00000079680529616811","0,00000012137224310253","0,00000001166105112954","0,00000001208319780137","0,00000127481116661342","0,00000019277988819243","0,00000001156976076961","0,00000094353955710850","0,00000004216485813594","0,00000114075941807266","0,00000151453555876384","0,00000091557223523658","0,00000001255403151252","0,00000001248290729206","0,00000134770725850475","0,00000187220528286477","0,00000227409642128279","0,00000039880272098453","0,00000077148088092461"
"0,27157162904713211300","0,00000031593125737485","0,00000080107544038581","0,00000012231458483420","0,00000001166459296617","0,00000001209174988339","0,00000128067578301245","0,00000019385305293598","0,00000001156749144972","0,00000094872249776082","0,00000004232272300824","0,00000114590558514630","0,00000152196290189281","0,00000091918994520386","0,00000001256083497902","0,00000001249256054563","0,00000134737585243053","0,00000188134456715511","0,00000228004769661405","0,00000040111216700377","0,00000077449878041750"
"0,27357555168444674900","0,00000031706801130148","0,00000080534587429253","0,00000012325692802359","0,00000001166752224601","0,00000001209725645149","0,00000128651800467737","0,00000019494878638027","0,00000001156682206518","0,00000095398230475320","0,00000004247790015022","0,00000115101773027479","0,00000152937190271674","0,00000092281362387481","0,00000001256441220203","0,00000001250044540516","0,00000134703012907682","0,00000189046701320209","0,00000228595160926476","0,00000040340596485236","0,00000077751975621387"
"0,27557947432176138600","0,00000031820635860279","0,00000080961659788828","0,00000012419927267069","0,00000001166983896904","0,00000001209971750569","0,00000129233783160818","0,00000019606708852531","0,00000001156775261600","0,00000095931897808563","0,00000004263038956187","0,00000115609585345815","0,00000153676256123566","0,00000092644327124944","0,00000001256476318152","0,00000001250656187065","0,00000134667008844363","0,00000189957262100569","0,00000229180815923491","0,00000040568411453030","0,00000078054380831372"
"0,27758339695907602300","0,00000031934629927876","0,00000081388761117305","0,00000012514161877551","0,00000001167154313527","0,00000001209913304597","0,00000129813526380489","0,00000019720795937108","0,00000001157028310218","0,00000096473251775812","0,00000004278019124321","0,00000116113995469635","0,00000154413487744955","0,00000093007888732775","0,00000001256188791752","0,00000001251090994212","0,00000134629573053096","0,00000190866139056594","0,00000229761734652450","0,00000040794661603760","0,00000078357093671705"
"0,27958731959639066000","0,00000032048783332941","0,00000081815891414684","0,00000012608396633805","0,00000001167263474469","0,00000001209550307234","0,00000130391030126748","0,00000019837139891761","0,00000001157441352373","0,00000097022292377067","0,00000004292730519421","0,00000116615003398942","0,00000155148885135842","0,00000093372047210973","0,00000001255578641001","0,00000001251348961955","0,00000134590705533881","0,00000191773332188281","0,00000230337917113354","0,00000041019346937426","0,00000078660114142386"
"0,28159124223370524100","0,00000032163096075473","0,00000082243050680966","0,00000012702631535829","0,00000001167311379731","0,00000001208882758480","0,00000130966294399597","0,00000019955740716487","0,00000001158014388063","0,00000097579019612328","0,00000004307173141490","0,00000117112609133734","0,00000155882448296227","0,00000093736802559539","0,00000001254645865899","0,00000001251430090294","0,00000134550406286718","0,00000192678841495632","0,00000230909363306202","0,00000041242467454028","0,00000078963442243414"
"0,28359516487101987800","0,00000032277568155471","0,00000082670238916150","0,00000012796866583626","0,00000001167298029314","0,00000001207910658335","0,00000131539319199035","0,00000020076598411288","0,00000001158747417289","0,00000098143433481595","0,00000004321346990526","0,00000117606812674011","0,00000156614177226109","0,00000094102154778472","0,00000001253390466448","0,00000001251334379230","0,00000134508675311606","0,00000193582666978646","0,00000231476073230995","0,00000041464023153564","0,00000079267077974791"
"0,28559908750833451500","0,00000032392199572937","0,00000083097456120236","0,00000012891101777194","0,00000001167223423215","0,00000001206634006799","0,00000132110104525063","0,00000020199712976163","0,00000001159640440051","0,00000098715533984867","0,00000004335252066530","0,00000118097614019774","0,00000157344071925489","0,00000094468103867773","0,00000001251812442646","0,00000001251061828763","0,00000134465512608546","0,00000194484808637324","0,00000232038046887732","0,00000041684014036037","0,00000079571021336515"
"0,28760301014564915200","0,00000032506990327870","0,00000083524702293225","0,00000012985337116533","0,00000001167087561437","0,00000001205052803871","0,00000132678650377679","0,00000020325084411113","0,00000001160693456349","0,00000099295321122146","0,00000004348888369502","0,00000118585013171023","0,00000158072132394367","0,00000094834649827442","0,00000001249911794493","0,00000001250612438893","0,00000134420918177539","0,00000195385266471665","0,00000232595284276413","0,00000041902440101445","0,00000079875272328588"
"0,28960693278296378800","0,00000032621940420270","0,00000083951977435116","0,00000013079572601644","0,00000001166890443978","0,00000001203167049553","0,00000133244956756885","0,00000020452712716137","0,00000001161906466183","0,00000099882794893430","0,00000004362255899441","0,00000119069010127757","0,00000158798358632742","0,00000095201792657478","0,00000001247688521990","0,00000001249986209619","0,00000134374892018582","0,00000196284040481670","0,00000233147785397039","0,00000042119301349789","0,00000080179830951008"
"0,29161085542027842500","0,00000032737049850136","0,00000084379281545909","0,00000013173808232526","0,00000001166632070839","0,00000001200976743843","0,00000133809023662680","0,00000020582597891235","0,00000001163279469553","0,00000100477955298720","0,00000004375354656348","0,00000119549604889977","0,00000159522750640615","0,00000095569532357882","0,00000001245142625137","0,00000001249183140941","0,00000134327434131678","0,00000197181130667338","0,00000233695550249610","0,00000042334597781068","0,00000080484697203776"
"0,29361477805759306200","0,00000032852318617470","0,00000084806614625605","0,00000013268044009180","0,00000001166312442020","0,00000001198481886742","0,00000134370851095064","0,00000020714739936408","0,00000001164812466459","0,00000101080802338016","0,00000004388184640223","0,00000120026797457683","0,00000160245308417986","0,00000095937868928653","0,00000001242274103934","0,00000001248203232861","0,00000134278544516826","0,00000198076537028669","0,00000234238578834124","0,00000042548329395283","0,00000080789871086892"
"0,29561870069490764300","0,00000032967746722271","0,00000085233976674203","0,00000013362279931606","0,00000001165931557521","0,00000001195682478250","0,00000134930439054037","0,00000020849138851655","0,00000001166505456901","0,00000101691336011317","0,00000004400745851066","0,00000120500587830874","0,00000160966031964855","0,00000096306802369792","0,00000001239082958380","0,00000001247046485376","0,00000134228223174025","0,00000198970259565664","0,00000234776871150583","0,00000042760496192433","0,00000081095352600356"
"0,29762262333222228000","0,00000033083334164539","0,00000085661367691704","0,00000013456515999803","0,00000001165489417341","0,00000001192578518367","0,00000135487787539600","0,00000020985794636977","0,00000001168358440879","0,00000102309556318625","0,00000004413038288876","0,00000120970976009550","0,00000161684921281221","0,00000096676332681299","0,00000001235569188475","0,00000001245712898489","0,00000134176470103277","0,00000199862298278322","0,00000235310427198987","0,00000042971098172519","0,00000081401141744168"
"0,29962654596953691700","0,00000033199080944274","0,00000086088787678107","0,00000013550752213771","0,00000001164986021481","0,00000001189170007092","0,00000136042896551752","0,00000021124707292372","0,00000001170371418392","0,00000102935463259938","0,00000004425061953654","0,00000121437961993712","0,00000162401976367085","0,00000097046459863173","0,00000001231732794221","0,00000001244202472198","0,00000134123285304580","0,00000200752653166643","0,00000235839246979335","0,00000043180135335541","0,00000081707238518328"
"0,30163046860685155400","0,00000033314584133379","0,00000086515416627889","0,00000013645041501856","0,00000001164485244490","0,00000001185689852645","0,00000136597010749706","0,00000021264577635820","0,00000001172374546530","0,00000103560662687580","0,00000004436089288009","0,00000121904335261876","0,00000163118012739231","0,00000097418788642271","0,00000001227893517880","0,00000001242683688293","0,00000134073285051544","0,00000201641328979594","0,00000236366373563103","0,00000043388371274411","0,00000082013726522383"
"0,30363439124416619100","0,00000033429440803759","0,00000086940434535527","0,00000013739436792403","0,00000001164050960915","0,00000001182370963242","0,00000137151374792676","0,00000021404106485299","0,00000001174197982381","0,00000104176760453875","0,00000004445392734549","0,00000122372885292556","0,00000163833845914444","0,00000097794923745451","0,00000001224371101719","0,00000001241325028564","0,00000134031085617779","0,00000202528330466142","0,00000236894850021768","0,00000043596569582044","0,00000082320689355882"
"0,30563831388148082800","0,00000033543650955412","0,00000087363841401021","0,00000013833938085410","0,00000001163683170756","0,00000001179213338885","0,00000137705988680662","0,00000021543293840807","0,00000001175841725944","0,00000104783756558822","0,00000004452972293274","0,00000122843612085753","0,00000164549475892724","0,00000098174865172712","0,00000001221165545736","0,00000001240126493009","0,00000133996687003285","0,00000203413657626285","0,00000237424676355330","0,00000043804730258440","0,00000082628127018825"
"0,30764223651879546400","0,00000033657214588340","0,00000087785637224372","0,00000013928545380880","0,00000001163381874015","0,00000001176216979573","0,00000138260852413664","0,00000021682139702346","0,00000001177305777220","0,00000105381651002421","0,00000004458827964185","0,00000123316515641468","0,00000165264902674072","0,00000098558612924054","0,00000001218276849932","0,00000001239088081630","0,00000133970089208062","0,00000204297310460024","0,00000237955852563789","0,00000044012853303597","0,00000082936039511211"
"0,30964615915611010100","0,00000033770131702542","0,00000088205822005579","0,00000014023258678811","0,00000001163147070690","0,00000001173381885306","0,00000138815965991681","0,00000021820644069915","0,00000001178590136209","0,00000105970443784673","0,00000004462959747282","0,00000123791595959699","0,00000165980126258486","0,00000098946166999477","0,00000001215705014306","0,00000001238209794426","0,00000133951292232109","0,00000205179288967359","0,00000238488378647144","0,00000044220938717517","0,00000083244426833040"
"0,31165008179342468200","0,00000033882402298018","0,00000088624395744642","0,00000014118077979203","0,00000001162978760782","0,00000001170708056084","0,00000139371329414715","0,00000021958806943515","0,00000001179694802910","0,00000106550134905576","0,00000004465367642564","0,00000124268853040447","0,00000166695146645967","0,00000099337527398981","0,00000001213450038860","0,00000001237491631397","0,00000133940296075426","0,00000206059593148291","0,00000239022254605396","0,00000044428986500199","0,00000083553288984313"
"0,31365400443073931900","0,00000033994026374769","0,00000089041358441561","0,00000014213003282057","0,00000001162876944290","0,00000001168195491907","0,00000139926942682764","0,00000022096628323144","0,00000001180619777324","0,00000107120724365133","0,00000004466051650032","0,00000124748286883712","0,00000167409963836515","0,00000099732694122566","0,00000001211511923592","0,00000001236933592544","0,00000133937100738015","0,00000206938223002818","0,00000239557480438544","0,00000044636996651644","0,00000083862625965030"
"0,31565792706805395600","0,00000034105003932793","0,00000089456710096336","0,00000014308034587372","0,00000001162841621215","0,00000001165844192776","0,00000140482805795829","0,00000022234108208804","0,00000001181365059450","0,00000107682212163341","0,00000004465011769685","0,00000125229897489494","0,00000168124577830131","0,00000100131667170233","0,00000001209890668503","0,00000001236535677866","0,00000133941706219874","0,00000207815178530941","0,00000240094056146590","0,00000044844969171851","0,00000084172437775190"
"0,31766184970536859300","0,00000034215334972092","0,00000089870450708968","0,00000014403171895148","0,00000001162872791557","0,00000001163654158689","0,00000141038918753910","0,00000022371246600494","0,00000001181930649289","0,00000108234598300202","0,00000004462248001523","0,00000125713684857793","0,00000168838988626813","0,00000100534446541980","0,00000001208586273592","0,00000001236297887363","0,00000133954112521004","0,00000208690459732660","0,00000240631981729532","0,00000045052904060820","0,00000084482724414793"
"0,31966577234268323000","0,00000034325019492664","0,00000090282580279456","0,00000014498415205386","0,00000001162970455316","0,00000001161625389648","0,00000141595281557007","0,00000022508043498214","0,00000001182316546841","0,00000108777882775714","0,00000004457760345547","0,00000126199648988609","0,00000169553196226562","0,00000100941032237809","0,00000001207598738861","0,00000001236220221035","0,00000133974319641405","0,00000209564066607976","0,00000241171257187371","0,00000045260801318552","0,00000084793485883841"
"0,32166969497999786700","0,00000034434057494511","0,00000090693098807800","0,00000014593764518086","0,00000001163134612491","0,00000001159757885651","0,00000142151894205119","0,00000022644498901964","0,00000001182522752105","0,00000109312065589880","0,00000004451548801757","0,00000126687789881942","0,00000170267200629378","0,00000101351424257719","0,00000001206928064308","0,00000001236302678882","0,00000134002327581076","0,00000210435999156887","0,00000241711882520106","0,00000045468660945046","0,00000085104722182331"
"0,32367361761731250300","0,00000034542448977632","0,00000091102006294000","0,00000014689219833247","0,00000001163365263083","0,00000001158051646700","0,00000142708756698247","0,00000022780612811745","0,00000001182549265082","0,00000109837146742697","0,00000004443613370152","0,00000127178107537791","0,00000170981001835262","0,00000101765622601710","0,00000001206574249934","0,00000001236545260905","0,00000134038136340018","0,00000211306257379394","0,00000242253857727738","0,00000045676482940303","0,00000085416433310265"
"0,32567754025462714000","0,00000034650193942027","0,00000091509302738056","0,00000014784781150870","0,00000001163662407092","0,00000001156506672794","0,00000143265869036392","0,00000022916385227556","0,00000001182396085772","0,00000110353126234167","0,00000004433954050733","0,00000127670601956158","0,00000171694599844212","0,00000102183627269782","0,00000001206537295738","0,00000001236947967103","0,00000134081745918230","0,00000212174841275497","0,00000242797182810267","0,00000045884267304321","0,00000085728619267643"
"0,32768146289194172200","0,00000034757292387697","0,00000091914988139968","0,00000014880448470954","0,00000001164026044518","0,00000001155122963933","0,00000143823231219552","0,00000023051816149397","0,00000001182063214174","0,00000110860004064289","0,00000004422570843499","0,00000128165273137042","0,00000172407994656229","0,00000102605438261935","0,00000001206817201722","0,00000001237510797476","0,00000134133156315714","0,00000213041750845197","0,00000243341857767693","0,00000046092014037103","0,00000086041280054464"
"0,32968538552925635800","0,00000034863744314640","0,00000092319062499737","0,00000014976221793499","0,00000001164456175360","0,00000001153900520117","0,00000144380843247727","0,00000023186905577268","0,00000001181550650289","0,00000111357780233063","0,00000004409463748450","0,00000128662121080442","0,00000173121186271313","0,00000103031055578170","0,00000001207413967884","0,00000001238233752025","0,00000134192367532467","0,00000213906986088492","0,00000243887882600015","0,00000046299723138646","0,00000086354415670729"
"0,33168930816657099500","0,00000034969549722858","0,00000092721525817362","0,00000015072101118506","0,00000001164952799619","0,00000001152839341346","0,00000144938705120919","0,00000023321653511170","0,00000001180858394117","0,00000111846454740490","0,00000004394632765587","0,00000129161145786360","0,00000173834174689465","0,00000103460479218485","0,00000001208327594225","0,00000001239116830748","0,00000134259379568492","0,00000214770547005383","0,00000244435257307234","0,00000046507394608952","0,00000086668026116437"
"0,33369323080388563200","0,00000035074708612349","0,00000093122378092843","0,00000015168086445974","0,00000001165515917294","0,00000001151939427621","0,00000145496816839127","0,00000023456059951101","0,00000001179986445657","0,00000112326027586569","0,00000004378077894910","0,00000129662347254794","0,00000174546959910683","0,00000103893709182882","0,00000001209558080745","0,00000001240160033647","0,00000134334192423787","0,00000215632433595870","0,00000244983981889350","0,00000046715028448020","0,00000086982111391588"
"0,33569715344120026900","0,00000035179220983115","0,00000093521619326180","0,00000015264177775904","0,00000001166145528386","0,00000001151200778940","0,00000146055178402350","0,00000023590124897063","0,00000001178934804909","0,00000112796498771300","0,00000004359799136418","0,00000130165725485745","0,00000175259541934968","0,00000104330745471360","0,00000001211105427443","0,00000001241363360722","0,00000134416806098353","0,00000216492645859954","0,00000245534056346362","0,00000046922624655851","0,00000087296671496184"
"0,33770107607851490600","0,00000035283086835155","0,00000093919249517373","0,00000015360375108295","0,00000001166841632895","0,00000001150623395305","0,00000146613789810589","0,00000023723848349055","0,00000001177703471875","0,00000113257868294684","0,00000004339796490111","0,00000130671280479214","0,00000175971920762321","0,00000104771588083919","0,00000001212969634320","0,00000001242726811971","0,00000134507220592190","0,00000217351183797633","0,00000246085480678271","0,00000047130183232443","0,00000087611706430222"
"0,33970499871582954200","0,00000035386306168469","0,00000094315268666423","0,00000015456678443148","0,00000001167604230821","0,00000001150207276714","0,00000147172651063844","0,00000023857230307078","0,00000001176292446553","0,00000113710136156719","0,00000004318069955991","0,00000131179012235199","0,00000176684096392740","0,00000105216237020559","0,00000001215150701376","0,00000001244250387396","0,00000134605435905297","0,00000218208047408908","0,00000246638254885077","0,00000047337704177799","0,00000087927216193705"
"0,34170892135314412400","0,00000035488878983057","0,00000094709676773329","0,00000015553087780462","0,00000001168433322163","0,00000001149952423169","0,00000147731762162115","0,00000023990270771130","0,00000001174701728943","0,00000114153302357407","0,00000004294619534055","0,00000131688920753701","0,00000177396068826226","0,00000105664692281280","0,00000001217648628611","0,00000001245934086996","0,00000134711452037675","0,00000219063236693779","0,00000247192378966779","0,00000047545187491916","0,00000088243200786630"
"0,34371284399045876100","0,00000035590805278920","0,00000095102473838091","0,00000015649603120238","0,00000001169328906922","0,00000001149858834669","0,00000148291123105401","0,00000024122969741213","0,00000001172931319047","0,00000114587366896748","0,00000004269445224305","0,00000132201006034720","0,00000178107838062780","0,00000106116953866083","0,00000001220463416024","0,00000001247777910771","0,00000134825268989324","0,00000219916751652247","0,00000247747852923378","0,00000047752633174796","0,00000088559660209000"
"0,34571676662777339700","0,00000035692085056056","0,00000095493659860709","0,00000015746224462475","0,00000001170290985098","0,00000001149926511214","0,00000148850733893704","0,00000024255327217326","0,00000001170981216863","0,00000115012329774740","0,00000004242547026741","0,00000132715268078256","0,00000178819404102400","0,00000106573021774966","0,00000001223595063617","0,00000001249781858721","0,00000134946886760244","0,00000220768592284310","0,00000248304676754874","0,00000047960041226438","0,00000088876594460812"
"0,34772068926508803400","0,00000035792718314467","0,00000095883234841183","0,00000015842951807173","0,00000001171319556691","0,00000001150155452804","0,00000149410594527022","0,00000024387343199470","0,00000001168851422391","0,00000115428190991385","0,00000004213924941362","0,00000133231706884309","0,00000179530766945088","0,00000107032896007931","0,00000001227043571388","0,00000001251945930847","0,00000135076305350434","0,00000221618758589969","0,00000248862850461267","0,00000048167411646843","0,00000089194003542069"
"0,34972461190240267100","0,00000035892705054152","0,00000096271198779514","0,00000015939785154333","0,00000001172414621700","0,00000001150545659440","0,00000149970705005356","0,00000024519017687643","0,00000001166541935632","0,00000115834950546682","0,00000004183578968168","0,00000133750322452879","0,00000180241926590842","0,00000107496576564977","0,00000001230808939338","0,00000001254270127148","0,00000135213524759894","0,00000222467250569224","0,00000249422374042556","0,00000048374744436010","0,00000089511887452768"
"0,35172853453971730800","0,00000035993559177853","0,00000096658190287465","0,00000016036504255916","0,00000001173525585364","0,00000001151027525546","0,00000150529571285751","0,00000024650909390852","0,00000001164249526612","0,00000116241290519520","0,00000004153678988011","0,00000134268948992520","0,00000180952714293676","0,00000107959516511957","0,00000001234587248859","0,00000001256589486415","0,00000135355844735578","0,00000223313815385109","0,00000249982847930850","0,00000048581701256309","0,00000089829438101324"
"0,35373245717703194500","0,00000036096794588313","0,00000097044847976804","0,00000016132888863880","0,00000001174601852923","0,00000001151531445550","0,00000151085699325252","0,00000024783577018103","0,00000001162170965355","0,00000116655892988788","0,00000004126394881741","0,00000134785420711785","0,00000181662961307602","0,00000108417168914725","0,00000001238074581346","0,00000001258739047440","0,00000135500565024437","0,00000224158200200656","0,00000250543872558258","0,00000048787943770111","0,00000090145847396148"
"0,35573637981434658200","0,00000036202411285531","0,00000097431171847529","0,00000016228938978228","0,00000001175643424376","0,00000001152057419452","0,00000151639089123859","0,00000024917020569394","0,00000001160306251863","0,00000117078757954485","0,00000004101726649359","0,00000135299737610675","0,00000182372667632619","0,00000108869533773281","0,00000001241270936798","0,00000001260718810222","0,00000135647685626472","0,00000225000405015865","0,00000251105447924778","0,00000048993471977415","0,00000090461115337241"
"0,35774030245166116300","0,00000036310409269508","0,00000097817161899640","0,00000016324654598958","0,00000001176650299723","0,00000001152605447250","0,00000152189740681572","0,00000025051240044726","0,00000001158655386134","0,00000117509885416611","0,00000004079674290863","0,00000135811899689189","0,00000183081833268729","0,00000109316611087625","0,00000001244176315215","0,00000001262528774761","0,00000135797206541682","0,00000225840429830737","0,00000251667574030412","0,00000049198285878221","0,00000090775241924602"
"0,35974422508897580000","0,00000036420788540243","0,00000098202818133139","0,00000016420035726071","0,00000001177622478964","0,00000001153175528947","0,00000152737653998390","0,00000025186235444099","0,00000001157218368170","0,00000117949275375167","0,00000004060237806255","0,00000136321906947327","0,00000183790458215931","0,00000109758400857756","0,00000001246790716597","0,00000001264168941058","0,00000135949127770067","0,00000226678274645272","0,00000252230250875159","0,00000049402385472530","0,00000091088227158231"
"0,36174814772629043600","0,00000036533549097738","0,00000098588140548023","0,00000016515082359566","0,00000001178559962100","0,00000001153767664541","0,00000153282829074315","0,00000025322006767512","0,00000001155995197969","0,00000118396927830152","0,00000004043417195534","0,00000136829759385091","0,00000184498542474224","0,00000110194903083676","0,00000001249114140945","0,00000001265639309112","0,00000136103449311628","0,00000227513939459468","0,00000252793478459019","0,00000049605770760341","0,00000091400071038129"
"0,36375207036360507300","0,00000036648690941990","0,00000098973129144295","0,00000016609794499444","0,00000001179462749130","0,00000001154381854032","0,00000153825265909345","0,00000025458554014967","0,00000001154985875532","0,00000118852842781567","0,00000004029212458700","0,00000137335457002478","0,00000185206086043609","0,00000110626117765383","0,00000001251146588257","0,00000001266939878924","0,00000136260171166364","0,00000228347424273327","0,00000253357256781992","0,00000049808441741654","0,00000091710773564296"
"0,36575599300091971000","0,00000036766214073001","0,00000099357783921953","0,00000016704172145705","0,00000001180330840053","0,00000001155018097421","0,00000154364964503482","0,00000025595877186463","0,00000001154190400860","0,00000119317020229411","0,00000004017623595754","0,00000137838999799490","0,00000185913088924087","0,00000111052044902878","0,00000001252888058535","0,00000001268070650493","0,00000136419293334275","0,00000229178729086849","0,00000253921585844078","0,00000050010398416470","0,00000092020334736730"
"0,36775991563823434700","0,00000036886118490771","0,00000099742104880997","0,00000016798215298349","0,00000001181164234871","0,00000001155676394707","0,00000154901924856724","0,00000025733976282000","0,00000001153608773951","0,00000119789460173684","0,00000004008650606695","0,00000138340387776127","0,00000186619551115656","0,00000111472684496161","0,00000001254338551778","0,00000001269031623820","0,00000136580815815362","0,00000230007853900033","0,00000254486465645278","0,00000050211640784788","0,00000092328754555434"
"0,36976383827554898400","0,00000037008404195299","0,00000100126092021429","0,00000016891923957375","0,00000001181962933584","0,00000001156356745891","0,00000155436146969072","0,00000025872851301578","0,00000001153240994806","0,00000120270162614387","0,00000004002293491523","0,00000138839620932388","0,00000187325472618317","0,00000111888036545232","0,00000001255498067986","0,00000001269822798904","0,00000136744738609624","0,00000230834798712880","0,00000255051896185590","0,00000050412168846608","0,00000092636033020405"
"0,37176776091286356500","0,00000037133071186586","0,00000100509745343246","0,00000016985298122784","0,00000001182726936190","0,00000001157059150972","0,00000155967630840526","0,00000026012502245196","0,00000001153087063426","0,00000120759127551519","0,00000003998552250238","0,00000139336699268274","0,00000188030853432070","0,00000112298101050090","0,00000001256366607159","0,00000001270444175745","0,00000136911061717061","0,00000231659563525389","0,00000255617877465016","0,00000050611982601931","0,00000092942170131645"
"0,37377168355017820200","0,00000037260119464632","0,00000100893064846451","0,00000017078337794575","0,00000001183456242691","0,00000001157783609951","0,00000156496376471086","0,00000026152929112856","0,00000001153146979809","0,00000121256354985081","0,00000003997426882840","0,00000139831622783784","0,00000188735693556916","0,00000112702878010736","0,00000001256944169297","0,00000001270895754344","0,00000137079785137674","0,00000232482148337560","0,00000256184409483555","0,00000050811082050756","0,00000093247165889154"
"0,37577560618749283900","0,00000037389549029436","0,00000101276050531042","0,00000017171042972749","0,00000001184150853085","0,00000001158530122827","0,00000157022383860752","0,00000026294131904557","0,00000001153420743956","0,00000121761844915072","0,00000003998917389330","0,00000140324391478918","0,00000189439992992853","0,00000113102367427171","0,00000001257230754400","0,00000001271177534700","0,00000137250908871462","0,00000233302553149394","0,00000256751492241207","0,00000051009467193083","0,00000093551020292931"
"0,37777952882480747600","0,00000037521359880998","0,00000101658702397019","0,00000017263413657306","0,00000001184810767374","0,00000001159298689600","0,00000157545653009524","0,00000026436110620298","0,00000001153908355867","0,00000122275597341493","0,00000004003023769707","0,00000140815005353677","0,00000190143751739881","0,00000113496569299392","0,00000001257226362469","0,00000001271289516814","0,00000137424432918426","0,00000234120777960891","0,00000257319125737972","0,00000051207138028913","0,00000093853733342976"
"0,37978345146212211200","0,00000037655552019319","0,00000102041020444383","0,00000017355449848246","0,00000001185435985557","0,00000001160089310271","0,00000158066183917402","0,00000026578865260081","0,00000001154609815542","0,00000122797612264343","0,00000004009746023971","0,00000141303464408061","0,00000190846969798002","0,00000113885483627402","0,00000001256930993502","0,00000001271231700685","0,00000137600357278565","0,00000234936822772050","0,00000257887309973850","0,00000051404094558245","0,00000094155305039290"
"0,38178737409943674900","0,00000037792125444399","0,00000102423004673134","0,00000017447151545568","0,00000001186026507635","0,00000001160901984840","0,00000158583976584385","0,00000026722395823904","0,00000001155525122982","0,00000123327889683622","0,00000004019084152123","0,00000141789768642069","0,00000191549647167215","0,00000114269110411200","0,00000001256344647501","0,00000001271004086313","0,00000137778681951879","0,00000235750687582871","0,00000258456044948842","0,00000051600336781079","0,00000094455735381872"
"0,38379129673675138600","0,00000037931080156237","0,00000102804655083271","0,00000017538518749273","0,00000001186582333606","0,00000001161736713306","0,00000159099031010475","0,00000026866702311769","0,00000001156654278185","0,00000123866429599331","0,00000004031038154161","0,00000142273918055702","0,00000192251783847520","0,00000114647449650785","0,00000001255467324465","0,00000001270606673699","0,00000137959406938369","0,00000236562372393355","0,00000259025330662947","0,00000051795864697415","0,00000094755024370723"
"0,38579521937406602300","0,00000038072416154834","0,00000103185971674795","0,00000017629551459361","0,00000001187103463472","0,00000001162593495669","0,00000159611347195671","0,00000027011784723674","0,00000001157997281152","0,00000124413232011470","0,00000004045608030087","0,00000142755912648959","0,00000192953379838917","0,00000115020501346158","0,00000001254299024394","0,00000001270039462842","0,00000138142532238034","0,00000237371877203501","0,00000259595167116164","0,00000051990678307254","0,00000095053172005842"
"0,38779914201138060400","0,00000038216133440190","0,00000103566954447705","0,00000017720249675831","0,00000001187589897232","0,00000001163472331930","0,00000160120925139972","0,00000027157643059620","0,00000001159554131883","0,00000124968296920037","0,00000004062793779900","0,00000143235752421840","0,00000193654435141405","0,00000115388265497319","0,00000001252839747288","0,00000001269302453743","0,00000138328057850874","0,00000238179202013310","0,00000260165554308495","0,00000052184777610596","0,00000095350178287229"
"0,38980306464869524100","0,00000038362232012304","0,00000103947603402002","0,00000017810613398684","0,00000001188041634886","0,00000001164373222088","0,00000160627764843379","0,00000027304277319608","0,00000001161324830378","0,00000125531624325034","0,00000004082595403600","0,00000143713437374346","0,00000194354949754986","0,00000115750742104268","0,00000001251089493147","0,00000001268395646401","0,00000138515983776890","0,00000238984346822781","0,00000260736492239940","0,00000052378162607439","0,00000095646043214885"
"0,39180698728600987800","0,00000038510711871176","0,00000104327918537686","0,00000017900642627919","0,00000001188458676434","0,00000001165296166144","0,00000161131866305892","0,00000027451687503636","0,00000001163309376637","0,00000126103214226461","0,00000004105012901188","0,00000144188967506477","0,00000195054923679658","0,00000116107931167005","0,00000001249048261971","0,00000001267319040816","0,00000138706310016081","0,00000239787311631914","0,00000261307980910497","0,00000052570833297785","0,00000095940766788809"
"0,39381090992332451500","0,00000038661573016807","0,00000104707899854756","0,00000017990337363538","0,00000001188841021876","0,00000001166241164097","0,00000161633229527512","0,00000027599873611705","0,00000001165507770661","0,00000126683066624317","0,00000004130046272663","0,00000144662342818232","0,00000195754356915422","0,00000116459832685529","0,00000001246716053761","0,00000001266072636989","0,00000138899036568447","0,00000240588096440710","0,00000261880020320167","0,00000052762789681634","0,00000096234349009002"
"0,39581483256063915100","0,00000038814815449197","0,00000105087547353213","0,00000018079697605539","0,00000001189188671213","0,00000001167208215948","0,00000162131854508237","0,00000027748835643815","0,00000001167920012448","0,00000127271181518602","0,00000004157695518025","0,00000145133563309611","0,00000196453249462279","0,00000116806446659841","0,00000001244092868515","0,00000001264656434919","0,00000139094163433989","0,00000241386701249169","0,00000262452610468951","0,00000052954031758984","0,00000096526789875463"
"0,39781875519795378800","0,00000038970439168345","0,00000105466861033056","0,00000018168723353922","0,00000001189501624443","0,00000001168197321696","0,00000162627741248068","0,00000027898573599966","0,00000001170546101999","0,00000127867558909317","0,00000004187960637274","0,00000145602628980615","0,00000197151601320227","0,00000117147773089942","0,00000001241178706235","0,00000001263070434607","0,00000139291690612706","0,00000242183126057290","0,00000263025751356848","0,00000053144559529837","0,00000096818089388193"
"0,39982267783526842500","0,00000039128444174252","0,00000105845840894286","0,00000018257414608688","0,00000001189779881568","0,00000001169208481342","0,00000163120889747005","0,00000028049087480158","0,00000001173386039314","0,00000128472198796462","0,00000004220841630411","0,00000146069539831244","0,00000197849412489267","0,00000117483811975829","0,00000001237973566920","0,00000001261314636052","0,00000139491618104599","0,00000242977370865073","0,00000263599442983858","0,00000053334372994193","0,00000097108247547191"
"0,40182660047258300600","0,00000039286087575319","0,00000106223180683827","0,00000018345754687486","0,00000001190080289416","0,00000001170211385054","0,00000163612625066892","0,00000028199829034541","0,00000001176217159027","0,00000129075409868697","0,00000004254282455599","0,00000146535372864074","0,00000198546535690213","0,00000117820421232676","0,00000001234774832466","0,00000001259560114464","0,00000139689472053591","0,00000243769372073046","0,00000264177110419476","0,00000053523849824659","0,00000097398200301561"
"0,40383052310989764300","0,00000039440626479947","0,00000106597574148602","0,00000018433726907964","0,00000001190459694816","0,00000001171175723003","0,00000164104272269575","0,00000028350250013262","0,00000001178816795774","0,00000129667500814686","0,00000004286227071004","0,00000147001205081684","0,00000199242823643880","0,00000118163458775653","0,00000001231879884770","0,00000001257977945054","0,00000139880778603607","0,00000244559066081737","0,00000264762178733199","0,00000053713367693847","0,00000097688883600405"
"0,40583444574721228000","0,00000039592060888137","0,00000106969021288611","0,00000018521331270121","0,00000001190918097768","0,00000001172101495187","0,00000164595831355052","0,00000028500350416322","0,00000001181184949553","0,00000130248471634427","0,00000004316675476626","0,00000147467036484073","0,00000199938276350267","0,00000118512924604760","0,00000001229288723831","0,00000001256568127820","0,00000140065537754647","0,00000245346452891145","0,00000265354647925025","0,00000053902926601756","0,00000097980297443724"
"0,40783836838452691700","0,00000039740390799888","0,00000107337522103855","0,00000018608567773959","0,00000001191455498272","0,00000001172988701607","0,00000165087302323325","0,00000028650130243721","0,00000001183321620366","0,00000130818322327921","0,00000004345627672465","0,00000147932867071242","0,00000200632893809374","0,00000118868818719996","0,00000001227001349649","0,00000001255330662762","0,00000140243749506710","0,00000246131532501269","0,00000265954517994956","0,00000054092526548385","0,00000098272441831518"
"0,40984229102184155400","0,00000039885616215200","0,00000107703076594334","0,00000018695436419477","0,00000001192071896329","0,00000001173837342263","0,00000165578685174393","0,00000028799589495460","0,00000001185226808211","0,00000131377052895169","0,00000004373083658520","0,00000148398696843189","0,00000201326676021201","0,00000119231141121362","0,00000001225017762225","0,00000001254265549882","0,00000140415413859798","0,00000246914304912111","0,00000266561788942990","0,00000054282167533735","0,00000098565316763787"
"0,41184621365915619100","0,00000040027737134074","0,00000108065684760047","0,00000018781937206675","0,00000001192767291937","0,00000001174647417156","0,00000166069979908256","0,00000028948728171537","0,00000001186900513090","0,00000131924663336169","0,00000004399043434791","0,00000148864525799916","0,00000202019622985749","0,00000119599891808859","0,00000001223337961558","0,00000001253372789179","0,00000140580530813909","0,00000247694770123671","0,00000267176460769129","0,00000054471849557806","0,00000098858922240530"
"0,41385013629647082700","0,00000040166753556509","0,00000108425346600994","0,00000018868070135552","0,00000001193541685097","0,00000001175418926284","0,00000166561186524915","0,00000029097546271953","0,00000001188342735001","0,00000132461153650922","0,00000004423507001280","0,00000149330353941422","0,00000202711734703017","0,00000119975070782485","0,00000001221961947649","0,00000001252652380652","0,00000140739100369044","0,00000248472928135947","0,00000267798533473371","0,00000054661572620598","0,00000099153258261748"
"0,41585405893378546400","0,00000040302665482506","0,00000108782062117176","0,00000018953835206110","0,00000001194395075809","0,00000001176151869648","0,00000167052305024368","0,00000029246043796709","0,00000001189553473946","0,00000132986523839429","0,00000004446474357985","0,00000149796181267708","0,00000203403011173005","0,00000120356678042241","0,00000001220889720497","0,00000001252104324303","0,00000140891122525203","0,00000249248778948941","0,00000268428007055718","0,00000054851336722111","0,00000099448324827440"
"0,41785798157110004600","0,00000040435472912064","0,00000109135831308592","0,00000019039232418348","0,00000001195327464073","0,00000001176846247248","0,00000167543335406617","0,00000029394220745803","0,00000001190532729923","0,00000133500773901688","0,00000004467945504907","0,00000150262007778773","0,00000204093452395714","0,00000120744713588127","0,00000001220121280103","0,00000001251728620130","0,00000141036597282385","0,00000250022322562652","0,00000269064881516168","0,00000055041141862344","0,00000099744121937608"
"0,41986190420841468200","0,00000040565175845183","0,00000109486654175243","0,00000019124261772266","0,00000001196338849889","0,00000001177502059084","0,00000168034277671661","0,00000029542077119237","0,00000001191280502933","0,00000134003903837700","0,00000004487920442045","0,00000150727833474617","0,00000204783058371142","0,00000121139177420143","0,00000001219656626466","0,00000001251525268134","0,00000141175524640591","0,00000250793558977080","0,00000269709156854723","0,00000055230988041298","0,00000100040649592250"
"0,42186582684572931900","0,00000040691774281863","0,00000109834530717128","0,00000019208923267863","0,00000001197429233258","0,00000001178119305156","0,00000168525131819500","0,00000029689612917010","0,00000001191796792977","0,00000134495913647465","0,00000004506399169400","0,00000151193658355240","0,00000205471829099291","0,00000121540069538289","0,00000001219495759586","0,00000001251494268315","0,00000141307904599822","0,00000251562488192226","0,00000270360833071381","0,00000055420875258974","0,00000100337907791366"
"0,42386974948304395600","0,00000040815268222105","0,00000110179460934248","0,00000019293216905141","0,00000001198598614178","0,00000001178697985464","0,00000169015897850134","0,00000029836828139122","0,00000001192081600053","0,00000134976803330983","0,00000004523381686972","0,00000151659482420643","0,00000206159764580161","0,00000121947389942565","0,00000001219638679464","0,00000001251635620673","0,00000141433737160075","0,00000252329110208088","0,00000271019910166144","0,00000055610803515370","0,00000100635896534958"
"0,42587367212035859300","0,00000040935657665909","0,00000110521444826602","0,00000019377142684099","0,00000001199846992650","0,00000001179238100008","0,00000169506575763563","0,00000029983722785572","0,00000001192134924162","0,00000135446572888254","0,00000004538867994760","0,00000152125305670825","0,00000206846864813750","0,00000122361138632970","0,00000001220085386099","0,00000001251949325208","0,00000141553022321353","0,00000253093425024668","0,00000271686388139011","0,00000055800772810486","0,00000100934615823024"
"0,42787759475767323000","0,00000041052942613274","0,00000110860482394191","0,00000019460700604737","0,00000001201174368674","0,00000001179739648788","0,00000169997165559787","0,00000030130296856362","0,00000001191956765305","0,00000135905222319278","0,00000004552858092765","0,00000152591128105786","0,00000207533129800060","0,00000122781315609506","0,00000001220835879492","0,00000001252435381919","0,00000141665760083655","0,00000253855432641965","0,00000272360266989981","0,00000055990783144324","0,00000101234065655565"
"0,42988151739498786600","0,00000041167123064200","0,00000111196573637014","0,00000019543890667055","0,00000001202580742251","0,00000001180202631804","0,00000170487667238807","0,00000030276550351491","0,00000001191547123480","0,00000136352751624055","0,00000004565351980987","0,00000153056949725527","0,00000208218559539090","0,00000123207920872172","0,00000001221890159642","0,00000001253093790808","0,00000141771950446980","0,00000254615133059979","0,00000273041546719056","0,00000056180834516882","0,00000101534246032580"
"0,43188544003230244800","0,00000041278199018687","0,00000111529718555072","0,00000019626712871053","0,00000001204066113379","0,00000001180627049056","0,00000170978080800622","0,00000030422483270959","0,00000001190905998689","0,00000136789160802585","0,00000004576349659425","0,00000153522770530047","0,00000208903154030840","0,00000123640954420967","0,00000001223248226550","0,00000001253924551873","0,00000141871593411329","0,00000255372526278711","0,00000273730227326234","0,00000056370926928162","0,00000101835156954071"
"0,43388936266961708500","0,00000041386170476736","0,00000111859917148364","0,00000019709167216731","0,00000001205630482059","0,00000001181012900543","0,00000171468406245232","0,00000030568095614766","0,00000001190033390930","0,00000137214449854868","0,00000004585851128080","0,00000153988590519346","0,00000209586913275311","0,00000124080416255892","0,00000001224910080215","0,00000001254927665115","0,00000141964688976702","0,00000256127612298159","0,00000274426308811517","0,00000056561060378162","0,00000102136798420036"
"0,43589328530693172100","0,00000041491037438347","0,00000112187169416891","0,00000019791253704088","0,00000001207273848292","0,00000001181360186267","0,00000171958643572637","0,00000030713387382912","0,00000001188929300204","0,00000137628618780904","0,00000004593856386952","0,00000154454409693424","0,00000210269837272502","0,00000124526306376948","0,00000001226875720637","0,00000001256103130534","0,00000142051237143099","0,00000256880391118325","0,00000275129791174904","0,00000056751234866883","0,00000102439170430476"
"0,43789720794424635800","0,00000041592799903518","0,00000112511475360652","0,00000019872972333126","0,00000001208996212076","0,00000001181668906227","0,00000172448792782837","0,00000030858358575398","0,00000001187593726511","0,00000138031667580692","0,00000004600365436040","0,00000154920228052282","0,00000210951926022413","0,00000124978624784133","0,00000001229145147817","0,00000001257450948130","0,00000142131237910519","0,00000257630862739208","0,00000275840674416394","0,00000056941450394325","0,00000102742272985390"
"0,43990113058156099500","0,00000041691457872251","0,00000112832834979647","0,00000019954323103844","0,00000001210797573412","0,00000001181939060423","0,00000172938853875832","0,00000031003009192222","0,00000001186026669852","0,00000138423596254234","0,00000004605378275345","0,00000155386045595919","0,00000211633179525045","0,00000125437371477448","0,00000001231718361754","0,00000001258971117903","0,00000142204691278963","0,00000258379027160808","0,00000276558958535989","0,00000057131706960487","0,00000103046106084779"
"0,44190505321887563200","0,00000041787011344546","0,00000113151248273877","0,00000020035306016242","0,00000001212677932301","0,00000001182170648854","0,00000173428826851623","0,00000031147339233385","0,00000001184228130225","0,00000138804404801529","0,00000004608894904867","0,00000155851862324336","0,00000212313597780396","0,00000125902546456893","0,00000001234595362449","0,00000001260663639853","0,00000142271597248431","0,00000259124884383126","0,00000277284643533687","0,00000057322004565371","0,00000103350669728643"
"0,44390897585619026900","0,00000041879460320402","0,00000113466715243342","0,00000020115921070320","0,00000001214637288741","0,00000001182363671522","0,00000173918711710208","0,00000031291348698887","0,00000001182198107631","0,00000139174093222577","0,00000004610915324605","0,00000156317678237531","0,00000212993180788468","0,00000126374149722468","0,00000001237776149901","0,00000001262528513979","0,00000142331955818923","0,00000259868434406161","0,00000278017729409490","0,00000057512343208975","0,00000103655963916982"
"0,44591289849350490600","0,00000041968804799819","0,00000113779235888041","0,00000020196168266078","0,00000001216675642734","0,00000001182518128426","0,00000174408508451589","0,00000031435037588729","0,00000001179936602070","0,00000139532661517377","0,00000004611439534560","0,00000156783493335506","0,00000213671928549261","0,00000126852181274172","0,00000001241260724110","0,00000001264565740283","0,00000142385766990439","0,00000260609677229913","0,00000278758216163396","0,00000057702722891300","0,00000103961988649795"
"0,44791682113081948700","0,00000042055044782798","0,00000114088810207974","0,00000020276047603516","0,00000001218792994278","0,00000001182634019565","0,00000174898217075765","0,00000031578405902909","0,00000001177443613543","0,00000139880109685931","0,00000004610467534732","0,00000157249307618261","0,00000214349841062773","0,00000127336641112007","0,00000001245049085077","0,00000001266775318763","0,00000142433030762978","0,00000261348612854382","0,00000279506103795407","0,00000057893143612346","0,00000104268743927083"
"0,44992074376813412400","0,00000042138180269338","0,00000114395438203142","0,00000020355559082634","0,00000001220989343374","0,00000001182711344941","0,00000175387837582736","0,00000031721453641429","0,00000001174719142048","0,00000140216437728237","0,00000004607999325120","0,00000157715121085794","0,00000215026918329006","0,00000127827529235972","0,00000001249141232802","0,00000001269157249420","0,00000142473747136542","0,00000262085241279568","0,00000280261392305522","0,00000058083605372112","0,00000104576229748846"
"0,45192466640544876000","0,00000042219986649571","0,00000114701773709258","0,00000020435482376368","0,00000001222961808910","0,00000001182658402839","0,00000175876528556013","0,00000031865421246299","0,00000001171985310686","0,00000140554379062012","0,00000004605506192686","0,00000158180070063219","0,00000215701236234676","0,00000128317925472535","0,00000001253065993497","0,00000001271673771723","0,00000142515688143500","0,00000262819240874972","0,00000281019588869108","0,00000058273640239334","0,00000104883697842785"
"0,45392858904276339700","0,00000042302239313629","0,00000115010470562034","0,00000020516597157654","0,00000001224407509771","0,00000001182383491546","0,00000176363448579108","0,00000032011549159533","0,00000001169464242556","0,00000140906667104971","0,00000004604459424392","0,00000158643290875645","0,00000216370870666498","0,00000128800909648165","0,00000001256352193379","0,00000001274287125139","0,00000142566625816223","0,00000263550290010093","0,00000281776200661533","0,00000058462780282744","0,00000105190399936602"
"0,45593251168007803400","0,00000042384938261513","0,00000115321528761472","0,00000020598903426491","0,00000001225326445957","0,00000001181886611062","0,00000176848597652018","0,00000032159837381129","0,00000001167155937660","0,00000141273301857114","0,00000004604859020236","0,00000159104783523074","0,00000217035821624473","0,00000129276481762863","0,00000001258999832445","0,00000001276997309669","0,00000142626560154712","0,00000264278388684931","0,00000282531227682796","0,00000058651025502342","0,00000105496336030298"
"0,45793643431739267100","0,00000042468083493221","0,00000115634948307570","0,00000020682401182880","0,00000001225718617469","0,00000001181167761387","0,00000177331975774746","0,00000032310285911088","0,00000001165060395995","0,00000141654283318442","0,00000004606704980219","0,00000159564548005504","0,00000217696089108602","0,00000129744641816628","0,00000001261008910697","0,00000001279804325313","0,00000142695491158967","0,00000265003536899486","0,00000283284669932899","0,00000058838375898129","0,00000105801506123872"
"0,45994035695470730800","0,00000042551675008755","0,00000115950729200329","0,00000020767090426821","0,00000001225584024306","0,00000001180226942521","0,00000177813582947291","0,00000032462894749410","0,00000001163177617564","0,00000142049611488953","0,00000004609997304342","0,00000160022584322937","0,00000218351673118883","0,00000130205389809460","0,00000001262379428135","0,00000001282708172070","0,00000142773418828988","0,00000265725734653759","0,00000284036527411840","0,00000059024831470105","0,00000106105910217324"
"0,46194427959202194500","0,00000042635712808114","0,00000116268871439749","0,00000020852971158313","0,00000001224922666469","0,00000001179064154464","0,00000178293419169652","0,00000032617663896095","0,00000001161507602365","0,00000142459286368648","0,00000004614735992603","0,00000160478892475372","0,00000219002573655318","0,00000130658725741360","0,00000001263111384758","0,00000001285708849941","0,00000142860343164774","0,00000266444981947749","0,00000284786800119620","0,00000059210392218269","0,00000106409548310654"
"0,46394820222933652600","0,00000042720196891298","0,00000116589375025829","0,00000020940043377357","0,00000001223734543957","0,00000001177679397216","0,00000178771484441831","0,00000032774593351143","0,00000001160050350398","0,00000142883307957527","0,00000004620921045003","0,00000160933472462809","0,00000219648790717905","0,00000131104649612327","0,00000001263204780566","0,00000001288806358926","0,00000142956264166326","0,00000267161278781456","0,00000285535488056239","0,00000059395058142621","0,00000106712420403862"
"0,46595212486665116300","0,00000042805127258307","0,00000116912239958571","0,00000021028307083953","0,00000001222019656771","0,00000001176072670777","0,00000179247778763826","0,00000032933683114553","0,00000001158805861664","0,00000143321676255590","0,00000004628552461543","0,00000161386324285249","0,00000220290324306645","0,00000131543161422361","0,00000001262659615560","0,00000001292000699024","0,00000143061181833643","0,00000267874625154881","0,00000286282591221696","0,00000059578829243163","0,00000107014526496949"
"0,46795604750396580000","0,00000042890503909142","0,00000117237466237973","0,00000021117762278100","0,00000001219778004911","0,00000001174243975147","0,00000179722302135638","0,00000033094933186327","0,00000001157774136163","0,00000143774391262836","0,00000004637630242222","0,00000161837447942690","0,00000220927174421538","0,00000131974261171462","0,00000001261475889739","0,00000001295291870237","0,00000143175096166726","0,00000268585021068022","0,00000287028109615993","0,00000059761705519892","0,00000107315866589914"
"0,46995997014128043600","0,00000042976326843801","0,00000117565053864037","0,00000021208408959799","0,00000001217009588376","0,00000001172193310326","0,00000180195054557267","0,00000033258343566463","0,00000001156955173894","0,00000144241452979267","0,00000004648154387039","0,00000162286843435134","0,00000221559341062585","0,00000132397948859631","0,00000001259653603104","0,00000001298679872562","0,00000143298007165575","0,00000269292466520881","0,00000287772043239128","0,00000059943686972810","0,00000107616440682757"
"0,47196389277859507300","0,00000043062596062286","0,00000117895002836761","0,00000021300247129050","0,00000001213714407166","0,00000001169920676314","0,00000180666036028713","0,00000033423914254962","0,00000001156348974858","0,00000144722861404882","0,00000004660124895996","0,00000162734510762579","0,00000222186824229784","0,00000132814224486866","0,00000001257192755654","0,00000001302164706002","0,00000143429914830189","0,00000269996961513458","0,00000288514392091102","0,00000060124773601917","0,00000107916248775479"
"0,47396781541590971000","0,00000043149311564595","0,00000118227313156146","0,00000021393276785852","0,00000001209892461282","0,00000001167426073111","0,00000181135246549976","0,00000033591645251824","0,00000001155955539054","0,00000145218616539681","0,00000004673541769092","0,00000163180449925027","0,00000222809623923136","0,00000133223088053170","0,00000001254093347390","0,00000001305746370555","0,00000143570819160569","0,00000270698506045751","0,00000289255156171915","0,00000060304965407212","0,00000108215290868079"
"0,47597173805322434700","0,00000043236473350730","0,00000118561984822192","0,00000021487497930206","0,00000001205543750724","0,00000001164709500717","0,00000181602686121056","0,00000033761536557049","0,00000001155774866483","0,00000145728718383664","0,00000004688405006327","0,00000163624660922477","0,00000223427740142641","0,00000133624539558540","0,00000001250355378311","0,00000001309424866222","0,00000143720720156715","0,00000271397100117762","0,00000289994335481566","0,00000060484262388696","0,00000108513566960556"
"0,47797566069053892800","0,00000043324081420690","0,00000118899017834898","0,00000021582910562112","0,00000001200668275491","0,00000001161770959132","0,00000182068354741952","0,00000033933588170637","0,00000001155806957145","0,00000146253166936831","0,00000004704714607700","0,00000164067143754929","0,00000224041172888299","0,00000134018579002978","0,00000001245978848417","0,00000001313200193003","0,00000143879617818626","0,00000272092743729490","0,00000290731930020057","0,00000060662664546368","0,00000108811077052913"
"0,47997958332785356500","0,00000043412135774475","0,00000119238412194266","0,00000021679514681570","0,00000001195266035584","0,00000001158610448356","0,00000182532252412666","0,00000034107800092587","0,00000001156051811039","0,00000146791962199182","0,00000004722470573213","0,00000164507898422384","0,00000224649922160110","0,00000134405206386482","0,00000001240963757709","0,00000001317072350898","0,00000144047512146303","0,00000272785436880935","0,00000291467939787386","0,00000060840171880229","0,00000109107821145147"
"0,48198350596516820200","0,00000043500636412085","0,00000119580167900294","0,00000021777310288579","0,00000001189337031002","0,00000001155227968389","0,00000182994379133196","0,00000034284172322901","0,00000001156509428166","0,00000147345104170717","0,00000004741672902865","0,00000164946924924840","0,00000225253987958074","0,00000134784421709055","0,00000001235310106187","0,00000001321041339906","0,00000144224403139746","0,00000273475179572098","0,00000292202364783554","0,00000061016784390279","0,00000109403799237259"
"0,48398742860248283900","0,00000043589583333521","0,00000119924284952983","0,00000021876297383140","0,00000001182881261746","0,00000001151623519231","0,00000183454734903543","0,00000034462704861577","0,00000001157179808525","0,00000147912592851436","0,00000004762321596656","0,00000165384223262299","0,00000225853370282191","0,00000135156224970694","0,00000001229017893849","0,00000001325107160028","0,00000144410290798954","0,00000274161971802978","0,00000292935205008561","0,00000061192502076517","0,00000109699011329250"
"0,48599135123979747500","0,00000043678976538781","0,00000120270763352333","0,00000021976475965252","0,00000001175898727815","0,00000001147797100882","0,00000183913319723707","0,00000034643397708616","0,00000001158062952117","0,00000148494428241339","0,00000004784416654586","0,00000165819793434759","0,00000226448069132461","0,00000135520616171401","0,00000001222087120697","0,00000001329269811263","0,00000144605175123928","0,00000274845813573575","0,00000293666460462406","0,00000061367324938943","0,00000109993457421119"
"0,48799527387711211200","0,00000043768816027867","0,00000120619603098344","0,00000022077846034917","0,00000001168389429210","0,00000001143748713342","0,00000184370133593688","0,00000034826250864018","0,00000001159158858941","0,00000149090610340426","0,00000004807958076656","0,00000166253635442222","0,00000227038084508884","0,00000135877595311175","0,00000001214517786731","0,00000001333529293612","0,00000144809056114667","0,00000275526704883890","0,00000294396131145091","0,00000061541252977558","0,00000110287137512867"
"0,48999919651442674900","0,00000043859101800777","0,00000120970804191016","0,00000022180407592133","0,00000001160353365930","0,00000001139478356611","0,00000184825176513486","0,00000035011264327783","0,00000001160467528998","0,00000149701139148697","0,00000004832945862864","0,00000166685749284687","0,00000227623416411460","0,00000136227162390016","0,00000001206309891950","0,00000001337885607075","0,00000145021933771172","0,00000276204645733921","0,00000295124217056614","0,00000061714286192361","0,00000110580051604492"
"0,49200311915174138600","0,00000043949833857513","0,00000121324366630349","0,00000022284160636900","0,00000001151790537976","0,00000001134986030689","0,00000185278448483101","0,00000035198438099911","0,00000001161988962288","0,00000150326014666152","0,00000004859380013211","0,00000167116134962154","0,00000228204064840189","0,00000136569317407924","0,00000001197463436355","0,00000001342338751652","0,00000145243808093443","0,00000276879636123670","0,00000295850718196976","0,00000061886424583353","0,00000110872199695996"
"0,49400704178905596700","0,00000044041012198074","0,00000121680290416342","0,00000022389105169220","0,00000001142700945347","0,00000001130271735576","0,00000185729949502533","0,00000035387772180402","0,00000001163723158810","0,00000150965236892790","0,00000004887260527697","0,00000167544792474624","0,00000228780029795071","0,00000136904060364900","0,00000001187978419945","0,00000001346888727343","0,00000145474679081479","0,00000277551676053136","0,00000296575634566177","0,00000062057668150534","0,00000111163581787378"
"0,49601096442637060400","0,00000044132636822460","0,00000122038575548996","0,00000022495241189091","0,00000001133084588044","0,00000001125335471272","0,00000186179679571781","0,00000035579266569255","0,00000001165670118565","0,00000151618805828613","0,00000004916587406323","0,00000167971721822095","0,00000229351311276105","0,00000137231391260943","0,00000001177854842720","0,00000001351535534147","0,00000145714546735281","0,00000278220765522320","0,00000297298966164216","0,00000062228016893903","0,00000111454197878638"
"0,49801488706368524100","0,00000044224707730672","0,00000122399222028311","0,00000022602568696513","0,00000001122941466066","0,00000001120177237777","0,00000186627638690846","0,00000035772921266472","0,00000001167829841553","0,00000152286721473620","0,00000004947360649087","0,00000168396923004569","0,00000229917909283293","0,00000137551310096053","0,00000001167092704681","0,00000001356279172065","0,00000145963411054849","0,00000278886904531221","0,00000298020712991095","0,00000062397470813461","0,00000111744047969776"
"0,50001880970099987800","0,00000044317224922708","0,00000122762229854287","0,00000022711087691488","0,00000001112271579414","0,00000001114797035091","0,00000187073826859729","0,00000035968736272051","0,00000001170202327773","0,00000152968983827811","0,00000004979580255991","0,00000168820396022044","0,00000230479823816634","0,00000137863816870231","0,00000001155692005827","0,00000001361119641096","0,00000146221272040182","0,00000279550093079839","0,00000298740875046812","0,00000062566029909207","0,00000112033132060793"
