Variable Source,dev1,dev2,dev3,dev4,dev5,dev6,dev7,dev8,dev9,dev10,dev11,dev12,dev13,dev14,dev15,dev16,dev17,Dev 18,Dev 19,Dev 20
"-0,49993858631900023300","0,00000216739120152648","0,00000002038816569600","0,00000037542865219628","0,00000001246913606339","0,00000000998726927480","0,00000014222358672179","0,00000003991431439552","0,00000404294722281756","0,00000270799316089419","0,00000000902625941633","0,00000200824586270259","0,00000319190416555521","0,00000006854018655715","0,00000290287090420517","0,00000001226786618169","0,00000116654131099895","0,00000682890465340842","0,00000217171658326631","0,00000674585694645489","0,00000097502173077642"
"-0,49793466368168559600","0,00000216688049391539","0,00000002022246333398","0,00000037380379283551","0,00000001228093315873","0,00000001016433798304","0,00000014206023700609","0,00000004015008183861","0,00000403176761322992","0,00000269866113283245","0,00000000913718478027","0,00000200363010197997","0,00000318806596997897","0,00000007107172981578","0,00000289656808469044","0,00000001216200342857","0,00000116324766830759","0,00000682748117388928","0,00000216766615772885","0,00000672744711637890","0,00000097282180892872"
"-0,49593074104437096000","0,00000216632317805087","0,00000002006492297079","0,00000037218271299366","0,00000001210293514398","0,00000001033086753734","0,00000014187300138692","0,00000004037142112622","0,00000402042870263995","0,00000268927519648816","0,00000000924702603703","0,00000199897354177625","0,00000318430342835685","0,00000007344651777151","0,00000289021182003233","0,00000001206314793048","0,00000115991588861671","0,00000682583599601026","0,00000216358063957369","0,00000670895395392943","0,00000097059428361782"
"-0,49392681840705632300","0,00000216571925393295","0,00000001991554460644","0,00000037056541267074","0,00000001193514201912","0,00000001048685793772","0,00000014166187986425","0,00000004057833225836","0,00000400893049104765","0,00000267983535186132","0,00000000935578318661","0,00000199427618209142","0,00000318061654068883","0,00000007566455042433","0,00000288380211023084","0,00000001197129968743","0,00000115654597192631","0,00000682396911977137","0,00000215946002880082","0,00000669037745910646","0,00000096833915484374"
"-0,49192289576974174100","0,00000216506872156161","0,00000001977432824092","0,00000036895189186675","0,00000001177755378416","0,00000001063230918416","0,00000014142687243810","0,00000004077081523503","0,00000399727297845301","0,00000267034159895195","0,00000000946345622901","0,00000198953802292548","0,00000317700530697494","0,00000007772582777425","0,00000287733895528599","0,00000001188645869941","0,00000115313791823638","0,00000682188054517260","0,00000215530432541025","0,00000667171763191000","0,00000096605642260647"
"-0,48991897313242710500","0,00000216437158093685","0,00000001964127387424","0,00000036734215058168","0,00000001163017043910","0,00000001076722127668","0,00000014116797910846","0,00000004094887005622","0,00000398545616485605","0,00000266079393776002","0,00000000957004516423","0,00000198475906427844","0,00000317346972721515","0,00000007963034982126","0,00000287082235519775","0,00000001180862496641","0,00000114969172754692","0,00000681957027221395","0,00000215111352940198","0,00000665297447234005","0,00000096374608690600"
"-0,48791505049511246800","0,00000216362783205868","0,00000001951638150639","0,00000036573618881554","0,00000001149299198394","0,00000001089159421526","0,00000014088519987533","0,00000004111249672195","0,00000397348005025675","0,00000265119236828556","0,00000000967554999227","0,00000197993930615028","0,00000317000980140948","0,00000008137811656538","0,00000286425230996614","0,00000001173779848845","0,00000114620739985795","0,00000681703830089542","0,00000214688764077601","0,00000663414798039661","0,00000096140814774235"
"-0,48591112785779783100","0,00000216283747492710","0,00000001939965113737","0,00000036413400656833","0,00000001136601841868","0,00000001100542799992","0,00000014057853473871","0,00000004126169523220","0,00000396134463465513","0,00000264153689052854","0,00000000977997071313","0,00000197507874854102","0,00000316662552955793","0,00000008296912800659","0,00000285762881959116","0,00000001167397926552","0,00000114268493516945","0,00000681428463121702","0,00000214262665953233","0,00000661523815607969","0,00000095904260511551"
"-0,48390720522048319400","0,00000216200050954211","0,00000001929108276719","0,00000036253560384004","0,00000001124924974331","0,00000001110872263064","0,00000014024798369861","0,00000004139646558698","0,00000394904991805117","0,00000263182750448899","0,00000000988330732681","0,00000197017739145065","0,00000316331691166048","0,00000008440338414489","0,00000285095188407281","0,00000001161716729762","0,00000113912433348142","0,00000681130926317874","0,00000213833058567095","0,00000659624499938927","0,00000095664945902549"
"-0,48190328258316855700","0,00000216111693590369","0,00000001919067639584","0,00000036094098063068","0,00000001114268595785","0,00000001120147810743","0,00000013989354675502","0,00000004151680778628","0,00000393659590044488","0,00000262206421016688","0,00000000998555983331","0,00000196523523487918","0,00000316008394771715","0,00000008568088498030","0,00000284422150341107","0,00000001156736258475","0,00000113552559479387","0,00000680811219678058","0,00000213399941919187","0,00000657716851032536","0,00000095422870947227"
"-0,47989935994585392000","0,00000216018675401187","0,00000001909843202333","0,00000035935013694024","0,00000001104632706228","0,00000001128369443030","0,00000013951522390794","0,00000004162272183012","0,00000392398258183626","0,00000261224700756223","0,00000001008672823263","0,00000196025227882660","0,00000315692663772794","0,00000008680163051280","0,00000283743767760597","0,00000001152456512692","0,00000113188871910680","0,00000680469343202255","0,00000212963316009509","0,00000655800868888796","0,00000095178035645586"
"-0,47789543730853928400","0,00000215920996386663","0,00000001901434964965","0,00000035776307276874","0,00000001096017305662","0,00000001135537159923","0,00000013911301515738","0,00000004171420771848","0,00000391120996222531","0,00000260237589667504","0,00000001018681252477","0,00000195522852329291","0,00000315384498169284","0,00000008776562074240","0,00000283060040665749","0,00000001148877492411","0,00000112821370642020","0,00000680105296890464","0,00000212523180838060","0,00000653876553507707","0,00000094930439997627"
"-0,47589151467122470200","0,00000215818656546798","0,00000001893842927480","0,00000035617978811616","0,00000001088422394085","0,00000001141650961424","0,00000013868692050333","0,00000004179126545137","0,00000389827804161203","0,00000259245087750530","0,00000001028581270973","0,00000195016396827811","0,00000315083897961185","0,00000008857285566910","0,00000282370969056563","0,00000001145999197634","0,00000112450055673408","0,00000679719080742685","0,00000212079536404842","0,00000651943904889269","0,00000094680084003348"
"-0,47388759203391006600","0,00000215711655881591","0,00000001887067089879","0,00000035460028298250","0,00000001081847971498","0,00000001146710847531","0,00000013823693994579","0,00000004185389502879","0,00000388518681999642","0,00000258247195005302","0,00000001038372878751","0,00000194505861378220","0,00000314790863148497","0,00000008922333529289","0,00000281676552933040","0,00000001143821628360","0,00000112074927004843","0,00000679310694758918","0,00000211632382709853","0,00000650002923033482","0,00000094426967662751"
"-0,47188366939659542900","0,00000215599994391043","0,00000001881107452161","0,00000035302455736778","0,00000001076294037902","0,00000001150716818245","0,00000013776307348476","0,00000004190209645073","0,00000387193629737847","0,00000257243911431819","0,00000001048056075810","0,00000193991245980519","0,00000314505393731221","0,00000008971705961378","0,00000280976792295180","0,00000001142344784589","0,00000111695984636326","0,00000678880138939164","0,00000211181719753093","0,00000648053607940346","0,00000094171090975835"
"-0,46987974675928079200","0,00000215483672075153","0,00000001875964014327","0,00000035145261127197","0,00000001071760593295","0,00000001153668873567","0,00000013726532112025","0,00000004193586971721","0,00000385852647375820","0,00000256235237030082","0,00000001057630862152","0,00000193472550634707","0,00000314227489709356","0,00000009005402863177","0,00000280271687142982","0,00000001141568666321","0,00000111313228567857","0,00000678427413283422","0,00000210727547534564","0,00000646095959609861","0,00000093912453942600"
"-0,46787582412196615500","0,00000215362688933923","0,00000001871636776376","0,00000034988444469510","0,00000001068247637678","0,00000001155567013495","0,00000013674368285225","0,00000004195521482821","0,00000384495734913559","0,00000255221171800090","0,00000001067097237776","0,00000192949775340784","0,00000313957151082903","0,00000009023424234685","0,00000279561237476447","0,00000001141493273556","0,00000110926658799435","0,00000677952517791692","0,00000210269866054264","0,00000644129978042027","0,00000093651056563046"
"-0,46587190148465151800","0,00000215237044967350","0,00000001868125738309","0,00000034832005763715","0,00000001065755171050","0,00000001156411238031","0,00000013619815868076","0,00000004196013178374","0,00000383122892351066","0,00000254201715741844","0,00000001076455202681","0,00000192422920098750","0,00000313694377851861","0,00000009025770075903","0,00000278845443295574","0,00000001142118606294","0,00000110536275331061","0,00000677455452463975","0,00000209808675312194","0,00000642155663236845","0,00000093386898837173"
"-0,46386797884733688100","0,00000215106740175436","0,00000001865430900125","0,00000034675945009813","0,00000001064283193413","0,00000001156201547173","0,00000013562874860578","0,00000004195062058379","0,00000381734119688339","0,00000253176868855343","0,00000001085704756869","0,00000191891984908606","0,00000313439170016230","0,00000009012440386831","0,00000278124304600364","0,00000001143444664536","0,00000110142078162735","0,00000676936217300270","0,00000209343975308354","0,00000640173015194313","0,00000093119980764982"
"-0,46186405621002230000","0,00000214971774558181","0,00000001863552261825","0,00000034520262207804","0,00000001063831704766","0,00000001154937940922","0,00000013503545262732","0,00000004192668122838","0,00000380329416925379","0,00000252146631140587","0,00000001094845900339","0,00000191356969770351","0,00000313191527576010","0,00000008983435167469","0,00000277397821390816","0,00000001145471448280","0,00000109744067294456","0,00000676394812300576","0,00000208875766042744","0,00000638182033914432","0,00000092850302346471"
"-0,45986013357270766300","0,00000214832148115585","0,00000001862489823407","0,00000034364957357687","0,00000001064400705108","0,00000001152620419279","0,00000013441827074537","0,00000004188831371749","0,00000378908784062186","0,00000251111002597577","0,00000001103878633090","0,00000190817874683985","0,00000312951450531202","0,00000008938754417816","0,00000276665993666931","0,00000001148198957528","0,00000109342242726224","0,00000675831237464896","0,00000208404047515363","0,00000636182719397201","0,00000092577863581642"
"-0,45785621093539302600","0,00000214687860847647","0,00000001862243584874","0,00000034210030459463","0,00000001065990194441","0,00000001149248982242","0,00000013377720295993","0,00000004183551805113","0,00000377472221098760","0,00000250069983226313","0,00000001112802955123","0,00000190274699649508","0,00000312718938881806","0,00000008878398137873","0,00000275928821428709","0,00000001151627192279","0,00000108936604458041","0,00000675245492793227","0,00000207928819726212","0,00000634175071642623","0,00000092302664470493"
"-0,45585228829807839000","0,00000214538912754367","0,00000001862813546223","0,00000034055481513131","0,00000001068600172763","0,00000001144823629812","0,00000013311224927101","0,00000004176829422930","0,00000376019728035101","0,00000249023573026794","0,00000001121618866439","0,00000189727444666921","0,00000312493992627820","0,00000008802366327640","0,00000275186304676149","0,00000001155756152533","0,00000108527152489904","0,00000674637578285571","0,00000207450082675291","0,00000632159090650695","0,00000092024705013026"
"-0,45384836566076375300","0,00000214385303835747","0,00000001864199707457","0,00000033901310518693","0,00000001072230640076","0,00000001139344361989","0,00000013242340967860","0,00000004168664225199","0,00000374551304871209","0,00000247971771999021","0,00000001130326367036","0,00000189176109736223","0,00000312276611769246","0,00000008710658987116","0,00000274438443409251","0,00000001160585838290","0,00000108113886821816","0,00000674007493941927","0,00000206967836362600","0,00000630134776421417","0,00000091743985209240"
"-0,45184444302344911600","0,00000214227034091785","0,00000001866402068573","0,00000033747517476146","0,00000001076881596378","0,00000001132811178774","0,00000013171068418270","0,00000004159056211921","0,00000373066951607084","0,00000246914580142993","0,00000001138925456916","0,00000188620694857414","0,00000312066796306084","0,00000008603276116302","0,00000273685237628016","0,00000001166116249550","0,00000107696807453775","0,00000673355239762296","0,00000206482080788138","0,00000628102128954791","0,00000091460505059135"
"-0,44984052038613447900","0,00000214065920338624","0,00000001868887616041","0,00000033593952899980","0,00000001081956435706","0,00000001126023763313","0,00000013099196376563","0,00000004148872789392","0,00000371574195428711","0,00000245855145100644","0,00000001147191367729","0,00000188061836658637","0,00000311856462915917","0,00000008490183788880","0,00000272926329449350","0,00000001171844363298","0,00000107277162807528","0,00000672687322456643","0,00000205991050973955","0,00000626063301845673","0,00000091175483481529"
"-0,44783659774881984200","0,00000213903779392409","0,00000001871123336328","0,00000033440467304680","0,00000001086858552094","0,00000001119781798756","0,00000013028513940972","0,00000004138981363907","0,00000370080563522075","0,00000244796614513907","0,00000001154899331127","0,00000187500171768034","0,00000311637528276330","0,00000008381348078532","0,00000272161360990159","0,00000001177267156516","0,00000106856201304823","0,00000672010248734934","0,00000205492981942097","0,00000624020448688918","0,00000090890139395240"
"-0,44583267511150526100","0,00000213740611253139","0,00000001873109229434","0,00000033287060690247","0,00000001091587945544","0,00000001114085285101","0,00000012959021111497","0,00000004129381935466","0,00000368586055887177","0,00000243738988382783","0,00000001162049347110","0,00000186935700185605","0,00000311409992387323","0,00000008276768985257","0,00000271390332250443","0,00000001182384629206","0,00000106433922945660","0,00000671324018597171","0,00000204987873692566","0,00000621973569484528","0,00000090604472800268"
"-0,44382875247419062400","0,00000213576415920814","0,00000001874845295360","0,00000033133733056680","0,00000001096144616055","0,00000001108934222350","0,00000012890717888138","0,00000004120074504069","0,00000367090672524017","0,00000242682266707271","0,00000001168641415679","0,00000186368421911351","0,00000311173855248896","0,00000008176446509056","0,00000270613243230202","0,00000001187196781367","0,00000106010327730038","0,00000670628632043352","0,00000204475726225361","0,00000619922664232501","0,00000090318483696613"
"-0,44182482983687598700","0,00000213411193395435","0,00000001876331534104","0,00000032980484403980","0,00000001100528563627","0,00000001104328610501","0,00000012823604270894","0,00000004111059069717","0,00000365594413432594","0,00000241626449487371","0,00000001174675536833","0,00000185798336945272","0,00000310929116861049","0,00000008080380649928","0,00000269830093929436","0,00000001191703612999","0,00000105585415657957","0,00000669924089073478","0,00000203956539540482","0,00000617867732932839","0,00000090032172084274"
"-0,43982090719956135100","0,00000213244943677000","0,00000001877567945668","0,00000032827314732147","0,00000001104739788259","0,00000001100268449556","0,00000012757680259765","0,00000004102335632408","0,00000364097278612909","0,00000240571536723084","0,00000001180151710573","0,00000185225445287366","0,00000310675777223782","0,00000007988571407874","0,00000269040884348145","0,00000001195905124102","0,00000105159186729417","0,00000669210389687548","0,00000203430313637930","0,00000615808775585540","0,00000089745537963253"
"-0,43781698456224671400","0,00000213077666765511","0,00000001878554530051","0,00000032674224041180","0,00000001108778289953","0,00000001096753739514","0,00000012692945854753","0,00000004093904192144","0,00000362599268064961","0,00000239517528414409","0,00000001185069936897","0,00000184649746937636","0,00000310413836337096","0,00000007901018782894","0,00000268245614486329","0,00000001199801314677","0,00000104731640944419","0,00000668487533885564","0,00000202897048517703","0,00000613745792190606","0,00000089458581333548"
"-0,43581306192493207700","0,00000212909362660967","0,00000001879291287253","0,00000032521212331079","0,00000001112644068708","0,00000001093784480375","0,00000012629401055856","0,00000004085764748924","0,00000361100381788751","0,00000238464424561346","0,00000001189430215807","0,00000184071241896079","0,00000310143294200989","0,00000007817722774987","0,00000267444284343988","0,00000001203392184722","0,00000104302778302963","0,00000667755521667524","0,00000202356744179803","0,00000611678782748035","0,00000089171302195161"
"-0,43380913928761744000","0,00000212740031363368","0,00000001879778217275","0,00000032368279601846","0,00000001116337124524","0,00000001091360672139","0,00000012567045863074","0,00000004077917302747","0,00000359600619784278","0,00000237412225163896","0,00000001193232547302","0,00000183489930162697","0,00000309864150815462","0,00000007738683384154","0,00000266636893921122","0,00000001206677734239","0,00000103872598805047","0,00000667014353033429","0,00000201809400624229","0,00000609607747257829","0,00000088883700548090"
"-0,43180521665030280300","0,00000212569672872714","0,00000001880015320115","0,00000032215425853479","0,00000001119857457401","0,00000001089482314806","0,00000012505880276408","0,00000004070361853616","0,00000358099982051543","0,00000236360930222058","0,00000001196476931383","0,00000182905811737489","0,00000309576406180515","0,00000007663900610395","0,00000265823443217732","0,00000001209657963227","0,00000103441102450673","0,00000666264027983278","0,00000201255017850981","0,00000607532685719986","0,00000088595776392336"
"-0,42980129401298822200","0,00000212398287189005","0,00000001880002595775","0,00000032062651085978","0,00000001123205067339","0,00000001088149408376","0,00000012445904295858","0,00000004063098401528","0,00000356598468590546","0,00000235310539735832","0,00000001199163368049","0,00000182318886620456","0,00000309280060296148","0,00000007593374453709","0,00000265003932233816","0,00000001212332871687","0,00000103008289239841","0,00000665504546517073","0,00000200693595860059","0,00000605453598134507","0,00000088307529727899"
"-0,42779737137567358500","0,00000212225874312242","0,00000001879740044254","0,00000031909955299344","0,00000001126379954338","0,00000001087361952850","0,00000012387117921423","0,00000004056126946484","0,00000355096079401286","0,00000234261053705218","0,00000001201291857300","0,00000181729154811597","0,00000308975113162361","0,00000007527104914097","0,00000264178360969375","0,00000001214702459617","0,00000102574159172550","0,00000664735908634812","0,00000200125134651464","0,00000603370484501393","0,00000088018960554779"
"-0,42579344873835894800","0,00000212052434242423","0,00000001879227665552","0,00000031757338493577","0,00000001129382118397","0,00000001087119948226","0,00000012329521153105","0,00000004049447488485","0,00000353592814483764","0,00000233212472130217","0,00000001202862399136","0,00000181136616310912","0,00000308661564779154","0,00000007465091991559","0,00000263346729424409","0,00000001216766727019","0,00000102138712248800","0,00000663958114336495","0,00000199549634225195","0,00000601283344820642","0,00000087730068872976"
"-0,42378952610104431100","0,00000211877966979550","0,00000001878465459670","0,00000031604800668676","0,00000001132211559518","0,00000001087423394506","0,00000012273113990901","0,00000004043060027529","0,00000352088673837979","0,00000232164795010829","0,00000001203874993557","0,00000180541271118401","0,00000308339415146528","0,00000007407335686094","0,00000262509037598919","0,00000001218525673891","0,00000101701948468592","0,00000663171163622124","0,00000198967094581252","0,00000599192179092256","0,00000087440854682490"
"-0,42178560346372967500","0,00000211702472523622","0,00000001877453426606","0,00000031452341824642","0,00000001134868277700","0,00000001088272291688","0,00000012217896434814","0,00000004036964563618","0,00000350583657463932","0,00000231118022347052","0,00000001204329640564","0,00000179943119234066","0,00000308008664264481","0,00000007353835997703","0,00000261665285492903","0,00000001219979300235","0,00000101263867831925","0,00000662375056491697","0,00000198377515719635","0,00000597096987316233","0,00000087151317983321"
"-0,41978168082641503800","0,00000211525950874639","0,00000001876191566362","0,00000031299961961475","0,00000001137352272943","0,00000001089666639774","0,00000012163868484841","0,00000004031161096751","0,00000349077765361622","0,00000230072154138888","0,00000001204226340156","0,00000179342160657904","0,00000307669312133014","0,00000007304592926385","0,00000260815473106363","0,00000001221127606050","0,00000100824470338800","0,00000661569792945215","0,00000197780897640344","0,00000594997769492575","0,00000086861458775468"
"-0,41777775818910040100","0,00000211348402032601","0,00000001874679878937","0,00000031147661079174","0,00000001139663545247","0,00000001091606438763","0,00000012111030140985","0,00000004025649626928","0,00000347570997531050","0,00000229027190386336","0,00000001203565092334","0,00000178738395389917","0,00000307321358752127","0,00000007259606472141","0,00000259959600439297","0,00000001221970591337","0,00000100383755989216","0,00000660755372982678","0,00000197177240343379","0,00000592894525621280","0,00000086571277058933"
"-0,41577383555178582000","0,00000211169825997509","0,00000001872918364331","0,00000030995439177740","0,00000001141802094612","0,00000001094091688655","0,00000012059381403244","0,00000004020430154150","0,00000346063353972215","0,00000227983131089397","0,00000001202345897097","0,00000178131823430104","0,00000306964804121820","0,00000007218876634971","0,00000259097667491707","0,00000001222508256094","0,00000099941724783173","0,00000659931796604085","0,00000196566543828741","0,00000590787255702350","0,00000086280772833714"
"-0,41376991291447118300","0,00000210990222769361","0,00000001870907022544","0,00000030843296257172","0,00000001143767921038","0,00000001097122389449","0,00000012008922271619","0,00000004015502678415","0,00000344554834685118","0,00000226939976248070","0,00000001200568754445","0,00000177522444778465","0,00000306599648242094","0,00000007182403414875","0,00000258229674263591","0,00000001222740600323","0,00000099498376720672","0,00000659099063809438","0,00000195948808096429","0,00000588675959735783","0,00000085989946099813"
"-0,41176599027715654600","0,00000210809592348159","0,00000001868645853576","0,00000030691232317471","0,00000001145561024525","0,00000001100698541148","0,00000011959652746109","0,00000004010867199725","0,00000343045439669759","0,00000225897725862355","0,00000001198233664378","0,00000176910259435001","0,00000306225891112947","0,00000007150186811852","0,00000257355620754951","0,00000001222667624023","0,00000099053711801712","0,00000658257174598735","0,00000195324033146443","0,00000586560637721581","0,00000085698796857228"
"-0,40976206763984190900","0,00000210627934733902","0,00000001866134857428","0,00000030539247358636","0,00000001147181405074","0,00000001104820143749","0,00000011911572826716","0,00000004006523718078","0,00000341535168926137","0,00000224856379932253","0,00000001195340626896","0,00000176295267399711","0,00000305843532734380","0,00000007122226825902","0,00000256475506965785","0,00000001222289327194","0,00000098607730026294","0,00000657406128971976","0,00000194692218978783","0,00000584441289659742","0,00000085407325105960"
"-0,40775814500252727200","0,00000210445249926590","0,00000001863374034099","0,00000030387341380668","0,00000001148629062683","0,00000001109487197253","0,00000011864682513437","0,00000004002472233476","0,00000340024022454252","0,00000223815938457762","0,00000001191889642000","0,00000175677468672596","0,00000305452573106393","0,00000007098523457027","0,00000255589332896095","0,00000001221605709836","0,00000098160431394417","0,00000656545926929163","0,00000194053365593449","0,00000582317915550267","0,00000085115530846009"
"-0,40575422236521263600","0,00000210261537926223","0,00000001860363383589","0,00000030235514383567","0,00000001149903997353","0,00000001114699701660","0,00000011818981806275","0,00000003998712745918","0,00000338512000254106","0,00000222776401438885","0,00000001187880709689","0,00000175056863253655","0,00000305053012228987","0,00000007079076705225","0,00000254697098545880","0,00000001220616771950","0,00000097711815906081","0,00000655676568470294","0,00000193407472990442","0,00000580190515393157","0,00000084823414077375"
"-0,40375029972789799900","0,00000210076798732802","0,00000001857102905898","0,00000030083766367332","0,00000001151006209084","0,00000001120457656971","0,00000011774470705227","0,00000003995245255404","0,00000336999102325697","0,00000221737768875619","0,00000001183313829964","0,00000174433451142888","0,00000304644850102160","0,00000007063886570497","0,00000253798803915140","0,00000001219322513534","0,00000097261883561287","0,00000654798053595370","0,00000192754541169761","0,00000578059089188410","0,00000084530974800058"
"-0,40174637709058336200","0,00000209891032346325","0,00000001853592601027","0,00000029932097331964","0,00000001151935697876","0,00000001126761063184","0,00000011731149210296","0,00000003992069761935","0,00000335485328669025","0,00000220700040767966","0,00000001178189002823","0,00000173807232340296","0,00000304228086725913","0,00000007052953052842","0,00000252894449003874","0,00000001217722934590","0,00000096810634360034","0,00000653910382304391","0,00000192094570131406","0,00000575923636936028","0,00000084238213014058"
"-0,39974245445326878100","0,00000209703270692315","0,00000001849915014509","0,00000029780584985742","0,00000001152798691008","0,00000001133128503115","0,00000011688201520025","0,00000003988662845307","0,00000333970465517710","0,00000219663464426900","0,00000001173015249139","0,00000173180404385903","0,00000303803440672108","0,00000007043811293073","0,00000251986071159320","0,00000001216055621734","0,00000096358235147390","0,00000653017097671318","0,00000191429960705615","0,00000573782367219671","0,00000083944781610318"
"-0,39773853181595414400","0,00000209512545696291","0,00000001846152691880","0,00000029629307036945","0,00000001153701415758","0,00000001139078559578","0,00000011644811832958","0,00000003984501085320","0,00000332454299105371","0,00000218628287163395","0,00000001168301589781","0,00000172555164819732","0,00000303371630512605","0,00000007033996432001","0,00000251075707728710","0,00000001214558161584","0,00000095904852768422","0,00000652121742770116","0,00000190763113722628","0,00000571633488623002","0,00000083650333479783"
"-0,39573460917863950700","0,00000209318857358253","0,00000001842305633141","0,00000029478263485573","0,00000001154643872126","0,00000001144611232573","0,00000011600980149096","0,00000003979584481973","0,00000330936829432009","0,00000217594508977451","0,00000001164048024750","0,00000171931513641785","0,00000302932656247405","0,00000007023508469626","0,00000250163358712047","0,00000001213230554140","0,00000095450487223129","0,00000651224317600782","0,00000190094029182445","0,00000569477001146022","0,00000083354868622451"
"-0,39373068654132487000","0,00000209122205678202","0,00000001838373838290","0,00000029327454331626","0,00000001155626060113","0,00000001149726522100","0,00000011556706468438","0,00000003973913035266","0,00000329418056497622","0,00000216562129869069","0,00000001160254554046","0,00000171309450852061","0,00000302486517876507","0,00000007012347405949","0,00000249249024109329","0,00000001212072799401","0,00000094995138511513","0,00000650324822163319","0,00000189422707085064","0,00000567312904788729","0,00000083058387038324"
"-0,39172676390401023300","0,00000208922590656138","0,00000001834357307329","0,00000029176879575105","0,00000001156647979717","0,00000001154424428159","0,00000011511990790985","0,00000003967486745200","0,00000327897980302212","0,00000215531149838249","0,00000001156921177668","0,00000170688976450561","0,00000302033215399912","0,00000007000513240969","0,00000248332703920556","0,00000001211084897368","0,00000094538806633572","0,00000649423256457724","0,00000188749147430487","0,00000565141199551124","0,00000082760888727401"
"-0,38972284126669559600","0,00000208720012292060","0,00000001830256040256","0,00000029026539216008","0,00000001157709630940","0,00000001158704950750","0,00000011466833116737","0,00000003960305611774","0,00000326376600845777","0,00000214501568884989","0,00000001154047895617","0,00000170070090437283","0,00000301572748817620","0,00000006988005974687","0,00000247414398145729","0,00000001210266848041","0,00000094081491589307","0,00000648519620483999","0,00000188073350218713","0,00000562961885433207","0,00000082462373689681"
"-0,38771891862938096000","0,00000208514470585968","0,00000001826070037073","0,00000028876433254336","0,00000001158811013781","0,00000001162568089873","0,00000011421233445693","0,00000003952369634988","0,00000324853918128319","0,00000213473387009291","0,00000001151634707892","0,00000169452792812229","0,00000301105118129630","0,00000006974825607102","0,00000246494106784848","0,00000001209618651419","0,00000093623193378717","0,00000647613914242144","0,00000187395315449743","0,00000560774962434978","0,00000082162841925166"
"-0,38571499599206637800","0,00000208305965537863","0,00000001821799297778","0,00000028726561690090","0,00000001159952128241","0,00000001166013845528","0,00000011375191777853","0,00000003943678814843","0,00000323329932149837","0,00000212446604211155","0,00000001149681614494","0,00000168837083575398","0,00000300630323335943","0,00000006960972138214","0,00000245571829837913","0,00000001209140307503","0,00000093163912001804","0,00000646706137732158","0,00000186715043123576","0,00000558580430556437","0,00000081862293433855"
"-0,38371107335475174200","0,00000208094497147745","0,00000001817443822372","0,00000028576924523269","0,00000001161132974318","0,00000001169042217714","0,00000011328708113218","0,00000003934233151337","0,00000321804642910331","0,00000211421220490580","0,00000001148188615423","0,00000168222962726791","0,00000300148364436559","0,00000006946445568023","0,00000244647567304923","0,00000001208831816293","0,00000092703647458566","0,00000645796290954042","0,00000186032533240212","0,00000556378289797583","0,00000081560728215749"
"-0,38170715071743710500","0,00000207880065415613","0,00000001813003610856","0,00000028427521753873","0,00000001162353552014","0,00000001171653206433","0,00000011281782451788","0,00000003924032644472","0,00000320278050409801","0,00000210397235847566","0,00000001147155710678","0,00000167610430266406","0,00000299659241431477","0,00000006931245896530","0,00000243721319185878","0,00000001208693177788","0,00000092242399749004","0,00000644884373907795","0,00000185347785799651","0,00000554168540158418","0,00000081258146270846"
"-0,37970322808012246800","0,00000207662670341468","0,00000001808478663228","0,00000028278353381901","0,00000001163613861328","0,00000001173846811684","0,00000011234414793562","0,00000003913077294248","0,00000318750154648247","0,00000209374650282114","0,00000001146582900260","0,00000166999486194245","0,00000299162954320698","0,00000006915373123734","0,00000242793085480780","0,00000001208724391989","0,00000091780168873118","0,00000643970386593417","0,00000184660800801894","0,00000551951181638940","0,00000080954547599147"
"-0,37769930544280783100","0,00000207442311925309","0,00000001803868979490","0,00000028129419407356","0,00000001164913902260","0,00000001175623033467","0,00000011186605138541","0,00000003901367100663","0,00000317220955625670","0,00000208353463794223","0,00000001146470184169","0,00000166390130510306","0,00000298659503104221","0,00000006898827249635","0,00000241862866189627","0,00000001208925458896","0,00000091316954830908","0,00000643054329010909","0,00000183971578246940","0,00000549726214239150","0,00000080649932200653"
"-0,37569538280549319400","0,00000207218990167137","0,00000001799174559640","0,00000027980719830235","0,00000001166253674811","0,00000001176981871781","0,00000011138353486725","0,00000003888902063719","0,00000315690453342068","0,00000207333676383894","0,00000001146817562404","0,00000165782363214592","0,00000298148887782048","0,00000006881608274234","0,00000240930661312419","0,00000001209296378508","0,00000090852757622374","0,00000642136201160271","0,00000183280118134789","0,00000547493637959049","0,00000080344300075362"
"-0,37369146016817855700","0,00000206992705066951","0,00000001794395403679","0,00000027832254650539","0,00000001167633178980","0,00000001177923326628","0,00000011089659838113","0,00000003875682183415","0,00000314158647797443","0,00000206315288051126","0,00000001147625034966","0,00000165176184307100","0,00000297631108354176","0,00000006863716197530","0,00000239996470849157","0,00000001209837150826","0,00000090387577247515","0,00000641216003041501","0,00000182586420465442","0,00000545253452798635","0,00000080037651223276"
"-0,37168753753086392100","0,00000206763456624752","0,00000001789531511608","0,00000027684023868268","0,00000001169052414766","0,00000001178447398007","0,00000011040524192705","0,00000003861707459752","0,00000312625538991793","0,00000205298298795919","0,00000001148892601855","0,00000164571593787831","0,00000297106164820608","0,00000006845151019523","0,00000239060294799841","0,00000001210547775850","0,00000089921413706333","0,00000640293734654602","0,00000181890485238898","0,00000543005658757909","0,00000079729985644394"
"-0,36968361489354933900","0,00000206531244840539","0,00000001784582883425","0,00000027536027483423","0,00000001170511382172","0,00000001178554085917","0,00000010990946550503","0,00000003846977892728","0,00000311091126925120","0,00000204282708618274","0,00000001150620263070","0,00000163968591656786","0,00000296574057181341","0,00000006825912740214","0,00000238122133164471","0,00000001211428253580","0,00000089454266998826","0,00000639369395999572","0,00000181192312455157","0,00000540750255836871","0,00000079421303338716"
"-0,36767969225623470200","0,00000206296069714313","0,00000001779549519131","0,00000027388265496003","0,00000001172010081195","0,00000001178243390360","0,00000010940926911504","0,00000003831493482345","0,00000309555411597423","0,00000203268517518190","0,00000001152808018612","0,00000163367177913964","0,00000296034785436378","0,00000006806001359602","0,00000237181985943046","0,00000001212478584015","0,00000088986137124995","0,00000638442987076411","0,00000180491902114219","0,00000538487244035521","0,00000079111604306242"
"-0,36567576961892006600","0,00000206057931246074","0,00000001774431418726","0,00000027240737906007","0,00000001173548511837","0,00000001177515311334","0,00000010890465275711","0,00000003815254228603","0,00000308018393008701","0,00000202255725495667","0,00000001155455868480","0,00000162767352559365","0,00000295488349585717","0,00000006785416877687","0,00000236239853135566","0,00000001213698767156","0,00000088517024084839","0,00000637514507885120","0,00000179789254216085","0,00000536216623353859","0,00000078800888546972"
"-0,36367184698160542900","0,00000205816829435821","0,00000001769228582211","0,00000027093444713437","0,00000001175126674096","0,00000001176369848841","0,00000010839561643121","0,00000003798260131500","0,00000306480071158957","0,00000201244332550706","0,00000001158563812675","0,00000162169115592990","0,00000294934749629359","0,00000006764159294470","0,00000235295734742032","0,00000001215088803002","0,00000088046927878360","0,00000636583958425698","0,00000179084368760754","0,00000533938393791885","0,00000078489156060906"
"-0,36166792434429079200","0,00000205572764283554","0,00000001763941009584","0,00000026946385918292","0,00000001176744567974","0,00000001174807002879","0,00000010788216013737","0,00000003780511191038","0,00000304940446048188","0,00000200234338683307","0,00000001162131851197","0,00000161572467014837","0,00000294373985567303","0,00000006742228609950","0,00000234349630762444","0,00000001216648691555","0,00000087575848505556","0,00000635651338698146","0,00000178377245748226","0,00000531652555349598","0,00000078176406848044"
"-0,35966400170697615500","0,00000205325735789274","0,00000001758568700846","0,00000026799561520572","0,00000001178402193471","0,00000001172826773450","0,00000010736428387557","0,00000003762007407216","0,00000303399517676395","0,00000199225743893468","0,00000001166159984045","0,00000160977406824908","0,00000293806057399550","0,00000006719624824127","0,00000233401541196802","0,00000001218378432812","0,00000087103785966428","0,00000634716648702463","0,00000177667885178502","0,00000529359108027000","0,00000077862640908387"
"-0,35766007906966151800","0,00000205075743952981","0,00000001753111655997","0,00000026652971520278","0,00000001180099550585","0,00000001170429160552","0,00000010684198764581","0,00000003742748780034","0,00000301857286043578","0,00000198218548181192","0,00000001170648211220","0,00000160383935023202","0,00000293230965126100","0,00000006696347937002","0,00000232451466045105","0,00000001220278026776","0,00000086630740260976","0,00000633779888438649","0,00000176956287051581","0,00000527058051824089","0,00000077547858241933"
"-0,35565615643234693700","0,00000204822788774674","0,00000001747569875038","0,00000026506615917408","0,00000001181836639318","0,00000001167614164187","0,00000010631527144810","0,00000003722735309493","0,00000300313751149737","0,00000197212751546476","0,00000001175596532722","0,00000159792051609720","0,00000292648708746952","0,00000006672397948574","0,00000231499405307354","0,00000001222347473445","0,00000086156711389200","0,00000632841057906706","0,00000176242451367463","0,00000524749386740867","0,00000077232058848684"
"-0,35365223379503230000","0,00000204566870254353","0,00000001741943357967","0,00000026360494711963","0,00000001183613459669","0,00000001164381784353","0,00000010578413528244","0,00000003701966995592","0,00000298768912994873","0,00000196208353989322","0,00000001181004948550","0,00000159201756584460","0,00000292059288262107","0,00000006647774858843","0,00000230545358983548","0,00000001224586772820","0,00000085681699351100","0,00000631900157106631","0,00000175526378126149","0,00000522433112777332","0,00000076915242728638"
"-0,35164831115771766300","0,00000204307988392020","0,00000001736232104785","0,00000026214607903944","0,00000001185430011638","0,00000001160732021051","0,00000010524857914882","0,00000003680443838331","0,00000297222771578985","0,00000195205355509730","0,00000001186873458705","0,00000158613049947424","0,00000291462703671565","0,00000006622478667810","0,00000229589327073688","0,00000001226995924901","0,00000085205704146675","0,00000630957186038426","0,00000174808067327638","0,00000520109229933485","0,00000076597409881797"
"-0,34964438852040302700","0,00000204046246500399","0,00000001730481432813","0,00000026068859249764","0,00000001187146556938","0,00000001157050614441","0,00000010471440725219","0,00000003658992832217","0,00000295677449259815","0,00000194203616166464","0,00000001192752978683","0,00000158023192043545","0,00000290859104227450","0,00000006597766142805","0,00000228631233972773","0,00000001229377047886","0,00000084729305997538","0,00000630008440255604","0,00000174087016667806","0,00000517777649685787","0,00000076278476604585"
"-0,34764046588308839000","0,00000203781747892219","0,00000001724736659371","0,00000025923152505838","0,00000001188623357280","0,00000001153723304680","0,00000010418742379749","0,00000003638440971756","0,00000294135068395109","0,00000193202996018292","0,00000001198194423981","0,00000157429443217759","0,00000290248639181887","0,00000006574894051162","0,00000227671004075801","0,00000001231532259975","0,00000084253085125299","0,00000629050215311679","0,00000173362723842531","0,00000515438283510698","0,00000075958359193427"
"-0,34563654324577375300","0,00000203514492567479","0,00000001718997784459","0,00000025777487672165","0,00000001189860412665","0,00000001150750091770","0,00000010366762878473","0,00000003618788256947","0,00000292595628984866","0,00000192203495065212","0,00000001203197794599","0,00000156831803470066","0,00000289631308534877","0,00000006553862392881","0,00000226708637382774","0,00000001233461561167","0,00000083777041529959","0,00000628082511206650","0,00000172635188851812","0,00000513091131408219","0,00000075637057648322"
"-0,34363262060845911600","0,00000203244480526179","0,00000001713264808078","0,00000025631864748747","0,00000001190857723093","0,00000001148130975709","0,00000010315502221389","0,00000003600034687792","0,00000291059131029085","0,00000191205113307226","0,00000001207763090536","0,00000156230272800465","0,00000289007112286420","0,00000006534671167960","0,00000225744133893690","0,00000001235164951463","0,00000083301175211517","0,00000627105327940517","0,00000171904411695649","0,00000510736193378349","0,00000075314571969271"
"-0,34162869797114447900","0,00000202971711768320","0,00000001707537730227","0,00000025486283735582","0,00000001191615288563","0,00000001145865956499","0,00000010264960408498","0,00000003582180264290","0,00000289525574527766","0,00000190207850744332","0,00000001211890311793","0,00000155624851208957","0,00000288376050436514","0,00000006517320376400","0,00000224777493608550","0,00000001236642430862","0,00000082825486169974","0,00000626118665513281","0,00000171170392374042","0,00000508373469421088","0,00000074990902156274"
"-0,33962477533382989800","0,00000202696186293901","0,00000001701816550905","0,00000025340744632671","0,00000001192133109076","0,00000001143955034138","0,00000010215137439800","0,00000003565224986440","0,00000287994959480911","0,00000189211707376531","0,00000001215579458370","0,00000155015538695541","0,00000287738122985161","0,00000006501810018202","0,00000223808716527355","0,00000001237893999364","0,00000082349974405329","0,00000625122523924941","0,00000170433130886992","0,00000506002959536437","0,00000074666048209331"
"-0,33762085269651526100","0,00000202417904102922","0,00000001696101270115","0,00000025195247440013","0,00000001192411184632","0,00000001142398208628","0,00000010166033315295","0,00000003549168854244","0,00000286467285888518","0,00000188216683203824","0,00000001218830530267","0,00000154402335260217","0,00000287093329932361","0,00000006488140093365","0,00000222837802650103","0,00000001238919656970","0,00000081874639917584","0,00000624116903175498","0,00000169692627234497","0,00000503624663724395","0,00000074340010128442"
"-0,33561693005920062400","0,00000202136865195383","0,00000001690391887854","0,00000025049792157610","0,00000001192449515231","0,00000001141195479968","0,00000010117648034983","0,00000003534011867701","0,00000284942553750587","0,00000187222778226209","0,00000001221643527483","0,00000153785240902986","0,00000286441671278113","0,00000006476310601889","0,00000221864751976795","0,00000001239719403679","0,00000081399482706736","0,00000623101803264951","0,00000168948881416559","0,00000501238581984963","0,00000074012787913607"
"-0,33361300742188598800","0,00000201853069571285","0,00000001684688404124","0,00000024904378785460","0,00000001192248100872","0,00000001140346848158","0,00000010069981598864","0,00000003519754026810","0,00000283420763067120","0,00000186229992443687","0,00000001224018450019","0,00000153164255623848","0,00000285783147022417","0,00000006466321543774","0,00000220889564507430","0,00000001240293239492","0,00000080924502772788","0,00000622077224193301","0,00000168201893433177","0,00000498844714318139","0,00000073684381564825"
"-0,33160908478457135100","0,00000201566517230627","0,00000001678990818924","0,00000024759007323564","0,00000001191806941556","0,00000001139852313198","0,00000010023034006938","0,00000003506395331573","0,00000281901913838115","0,00000185238325856259","0,00000001225955297875","0,00000152539379422802","0,00000285117757165274","0,00000006458172919021","0,00000219912240242010","0,00000001240641164408","0,00000080449700115737","0,00000621043165960547","0,00000167451663284351","0,00000496443060723926","0,00000073354791082097"
"-0,32960516214725671400","0,00000201277208173410","0,00000001673299132254","0,00000024613677771922","0,00000001191126037283","0,00000001139711875088","0,00000009976805259206","0,00000003493935781988","0,00000280386006063573","0,00000184247778463923","0,00000001227454071051","0,00000151910612299848","0,00000284445501706683","0,00000006451864727628","0,00000218932779180534","0,00000001240763178428","0,00000079975074735586","0,00000619999628566690","0,00000166698190970081","0,00000494033621202322","0,00000073024016465423"
"-0,32760123950994207700","0,00000200985142399632","0,00000001667613344114","0,00000024468390130534","0,00000001190205388052","0,00000001139925533828","0,00000009931295355666","0,00000003482375378056","0,00000278873039743493","0,00000183258350266680","0,00000001228514769546","0,00000151277954254988","0,00000283766380646645","0,00000006447396969597","0,00000217951181323001","0,00000001240659281551","0,00000079500626632333","0,00000618946612011729","0,00000165941476490368","0,00000491616395753327","0,00000072692057714803"
"-0,32559731687262749600","0,00000200690319909295","0,00000001661933454505","0,00000024323144399399","0,00000001189044993864","0,00000001140493289418","0,00000009886504296319","0,00000003471714119778","0,00000277363014877876","0,00000182270041264530","0,00000001229137393361","0,00000150641405288219","0,00000283080393985159","0,00000006444769644927","0,00000216967446669413","0,00000001240329473778","0,00000079026355805978","0,00000617884116295664","0,00000165181519845210","0,00000489191384376941","0,00000072358914830237"
"-0,32359339423531285900","0,00000200392740702398","0,00000001656259463425","0,00000024177940578519","0,00000001187644854719","0,00000001141415141858","0,00000009842432081165","0,00000003461952007152","0,00000275855931466722","0,00000181282851457474","0,00000001229321942496","0,00000150000965399543","0,00000282387541722226","0,00000006443982753618","0,00000215981575219768","0,00000001239773755108","0,00000078552262256523","0,00000616812141418496","0,00000164418321034609","0,00000486758587073165","0,00000072024587811724"
"-0,32158947159799822200","0,00000200092404778942","0,00000001650591370876","0,00000024032778667892","0,00000001186004970617","0,00000001142691091148","0,00000009799078710205","0,00000003453089040179","0,00000274351789510031","0,00000180296780845510","0,00000001229068416951","0,00000149356634588960","0,00000281687823857845","0,00000006445036295670","0,00000214993566974067","0,00000001238992125541","0,00000078078345983965","0,00000615730687380224","0,00000163651880058564","0,00000484318003841999","0,00000071689076659265"
"-0,31958554896068358500","0,00000199789312138925","0,00000001644929176858","0,00000023887658667518","0,00000001184125341557","0,00000001144321137288","0,00000009756444183437","0,00000003445125218860","0,00000272850589007802","0,00000179311829428639","0,00000001228376816726","0,00000148708412856469","0,00000280981240392016","0,00000006447930271083","0,00000214003421932310","0,00000001237984585078","0,00000077604606988307","0,00000614639754180849","0,00000162882196917075","0,00000481869634683441","0,00000071352381372860"
"-0,31758162632336894800","0,00000199483462782349","0,00000001639272881369","0,00000023742580577399","0,00000001182005967540","0,00000001146305280279","0,00000009714528500862","0,00000003438060543193","0,00000271352329960036","0,00000178327997206861","0,00000001227247141820","0,00000148056300202070","0,00000280267791324740","0,00000006452664679858","0,00000213011140094497","0,00000001236751133719","0,00000077131045269547","0,00000613539341820370","0,00000162109271610142","0,00000479413479597494","0,00000071014501952509"
"-0,31557770368605431200","0,00000199174856709213","0,00000001633622484411","0,00000023597544397533","0,00000001179646848566","0,00000001148643520119","0,00000009673331662480","0,00000003431895013179","0,00000269857012366733","0,00000177345284180176","0,00000001225679392234","0,00000147400296625764","0,00000279547476656016","0,00000006459239521994","0,00000212016721460628","0,00000001235291771462","0,00000076657660827685","0,00000612429450298788","0,00000161333104137766","0,00000476949538584155","0,00000070675438398212"
"-0,31357378104873967500","0,00000198863493919518","0,00000001627977985983","0,00000023452550127922","0,00000001177047984634","0,00000001151335856809","0,00000009632853668292","0,00000003426628628818","0,00000268364636227892","0,00000176363690348584","0,00000001223673567968","0,00000146740402127551","0,00000278820296385845","0,00000006467654797491","0,00000211020166030703","0,00000001233606498310","0,00000076184453662722","0,00000611310079616102","0,00000160553694499945","0,00000474477811643426","0,00000070335190709969"
"-0,31156985841142503800","0,00000198549374413263","0,00000001622339386085","0,00000023307597768563","0,00000001174209375745","0,00000001154382290350","0,00000009593094518296","0,00000003422261390111","0,00000266875201543514","0,00000175383215712085","0,00000001221229669021","0,00000146076616707430","0,00000278086250514226","0,00000006477910506349","0,00000210021473804722","0,00000001231695314260","0,00000075711423774658","0,00000610181229772313","0,00000159771042696681","0,00000471998298775306","0,00000069993758887779"
"-0,30956593577411045700","0,00000198232498190448","0,00000001616706684717","0,00000023162687319459","0,00000001171131021899","0,00000001157782820741","0,00000009554054212493","0,00000003418793297056","0,00000265388708313598","0,00000174403860270679","0,00000001218347695394","0,00000145408940365402","0,00000277345339041159","0,00000006490006648568","0,00000209020644782684","0,00000001229558219315","0,00000075238571163492","0,00000609042900767420","0,00000158985148727973","0,00000469510999979796","0,00000069651142931643"
"-0,30756201313679582000","0,00000197912865251073","0,00000001611079881880","0,00000023017818780609","0,00000001167812923095","0,00000001161537447981","0,00000009515732750884","0,00000003416224349654","0,00000263905156538146","0,00000173425624024366","0,00000001215027647087","0,00000144737373101466","0,00000276597561966645","0,00000006503943224149","0,00000208017678964591","0,00000001227195213472","0,00000074765895829225","0,00000607895092601424","0,00000158196012593821","0,00000467015915256895","0,00000069307342841561"
"-0,30555809049948118300","0,00000197590475595139","0,00000001605458977573","0,00000022872992152012","0,00000001164255079335","0,00000001165646172072","0,00000009478130133467","0,00000003414554547905","0,00000262424546217156","0,00000172448506973145","0,00000001211269524100","0,00000144061914915622","0,00000275842919290683","0,00000006519720233090","0,00000207012576350441","0,00000001224606296733","0,00000074293397771856","0,00000606737805274324","0,00000157403634294225","0,00000464513044606604","0,00000068962358617533"
"-0,30355416786216654600","0,00000197265329222645","0,00000001599843971796","0,00000022728207433669","0,00000001160457490616","0,00000001170108993013","0,00000009441246360243","0,00000003413783891809","0,00000260946877350628","0,00000171472509117018","0,00000001207073326433","0,00000143382565807871","0,00000275081411013274","0,00000006537337675393","0,00000206005336940235","0,00000001221791469098","0,00000073821076991386","0,00000605571038786120","0,00000156608013829186","0,00000462002388028922","0,00000068616190259559"
"-0,30155024522485190900","0,00000196937426133591","0,00000001594234864549","0,00000022583464625580","0,00000001156420156941","0,00000001174925910803","0,00000009405081431213","0,00000003413912381366","0,00000259472149938564","0,00000170497630455984","0,00000001202439054085","0,00000142699325778213","0,00000274313037134417","0,00000006556795551057","0,00000204995960733974","0,00000001218750730566","0,00000073348933487815","0,00000604394793136813","0,00000155809151198702","0,00000459483945523849","0,00000068268837767638"
"-0,29954632258753727300","0,00000196607382064019","0,00000001588662505852","0,00000022438563901357","0,00000001152482985253","0,00000001179765788959","0,00000009369029393428","0,00000003414106070333","0,00000258002355728568","0,00000169523963256617","0,00000001197829165585","0,00000142012962371713","0,00000273539532969787","0,00000006576579701911","0,00000203984861247155","0,00000001215725435046","0,00000072877005672607","0,00000603210993800925","0,00000155008686877977","0,00000456959414418114","0,00000067920258010135"
"-0,29754239995022263600","0,00000196275812749970","0,00000001583157745724","0,00000022293305434611","0,00000001148985882496","0,00000001184297490994","0,00000009332484293941","0,00000003413531012466","0,00000256539486468249","0,00000168551599785491","0,00000001193706119462","0,00000141324243133440","0,00000272762633835057","0,00000006595175969783","0,00000202972451995280","0,00000001212956936448","0,00000072405331957227","0,00000602021566252978","0,00000154208261342210","0,00000454430492038446","0,00000067570407855414"
"-0,29553847731290799900","0,00000195942718191443","0,00000001577720584166","0,00000022147689225343","0,00000001145928848670","0,00000001188521016909","0,00000009295446132752","0,00000003412187207766","0,00000255083542157605","0,00000167580540042605","0,00000001190069915714","0,00000140633168063391","0,00000271982339730228","0,00000006612584354675","0,00000201958732978347","0,00000001210445234771","0,00000071933912341675","0,00000600826510492974","0,00000153407874591404","0,00000451897178384844","0,00000067219287303474"
"-0,29353455467559341800","0,00000195608098388440","0,00000001572351021177","0,00000022001715273553","0,00000001143311883776","0,00000001192436366704","0,00000009257914909861","0,00000003410074656233","0,00000253634522796638","0,00000166610784027961","0,00000001186920554343","0,00000139939737161568","0,00000271198650655299","0,00000006628804856585","0,00000200943704196357","0,00000001208190330015","0,00000071462746825952","0,00000599625826520911","0,00000152607526625556","0,00000449359473457308","0,00000066866896354315"
"-0,29153063203827878100","0,00000195271953340960","0,00000001567049056758","0,00000021855383579241","0,00000001141134987813","0,00000001196043540378","0,00000009219890625268","0,00000003407193357867","0,00000252192428385346","0,00000165642331741557","0,00000001184258035348","0,00000139243950427971","0,00000270411566610271","0,00000006643837475513","0,00000199927365649311","0,00000001206192222180","0,00000070991835410057","0,00000598419514336789","0,00000151807217444668","0,00000446817377255839","0,00000066513235007938"
"-0,28952670940096414400","0,00000194934283049003","0,00000001561814690907","0,00000021708694142407","0,00000001139398160782","0,00000001199342537932","0,00000009181373278974","0,00000003403543312668","0,00000250757258923730","0,00000164675183183394","0,00000001182082358728","0,00000138545807862599","0,00000269621087595144","0,00000006657682211461","0,00000198909717337207","0,00000001204450911267","0,00000070521178093990","0,00000597207573940610","0,00000151006947048740","0,00000444270889780436","0,00000066158303264343"
"-0,28752278676364950700","0,00000194595087512569","0,00000001556647923626","0,00000021561646963051","0,00000001138101402681","0,00000001202333359366","0,00000009142362870977","0,00000003399124520635","0,00000249329014411790","0,00000163709338353473","0,00000001180393524485","0,00000137845309465453","0,00000268827213609917","0,00000006670339064427","0,00000197890759260046","0,00000001202966397275","0,00000070050774877752","0,00000595990005332372","0,00000150206715437771","0,00000441720011031099","0,00000065802101123528"
"-0,28551886412633487000","0,00000194254366731658","0,00000001551548754915","0,00000021414242041172","0,00000001137244713513","0,00000001205016004679","0,00000009102859401278","0,00000003393936981769","0,00000247907694849526","0,00000162744797251792","0,00000001179191532618","0,00000137142455236532","0,00000268029944654590","0,00000006681808034412","0,00000196870491417828","0,00000001201738680204","0,00000069580625761341","0,00000594766808512075","0,00000149406522611761","0,00000439164741007829","0,00000065444628585496"
"-0,28351494148902023300","0,00000193912120706270","0,00000001546517184773","0,00000021266479376771","0,00000001136828093275","0,00000001207390473872","0,00000009062862869878","0,00000003387980696070","0,00000246493300236938","0,00000161781559878352","0,00000001178476383128","0,00000136437245175837","0,00000267229280729165","0,00000006692089121415","0,00000195848913810553","0,00000001200767760055","0,00000069110730744759","0,00000593537983479721","0,00000148606368570711","0,00000436605079710625","0,00000065085885650244"
"-0,28151101885170559700","0,00000193568349436405","0,00000001541553213200","0,00000021118358969848","0,00000001136851541969","0,00000001209456766945","0,00000009022373276776","0,00000003381255663537","0,00000245085830574025","0,00000160819626233153","0,00000001178248076013","0,00000135729679283367","0,00000266425221833640","0,00000006701182325437","0,00000194826026438221","0,00000001200053636827","0,00000068641089828005","0,00000592303530235308","0,00000147806253314620","0,00000434041027139488","0,00000064725872317775"
"-0,27950709621439101500","0,00000193223052922063","0,00000001536656840196","0,00000020969880820403","0,00000001137315059595","0,00000001211214883897","0,00000008981390621971","0,00000003373761884171","0,00000243685285860789","0,00000159858996316195","0,00000001178506611274","0,00000135019757559123","0,00000265617767968015","0,00000006709087646478","0,00000193801829300832","0,00000001199596310520","0,00000068171703011079","0,00000591063448778837","0,00000147006176843489","0,00000431472583294417","0,00000064364588588086"
"-0,27750317357707637800","0,00000192876231163244","0,00000001531828065762","0,00000020821044928435","0,00000001138218646151","0,00000001212664824729","0,00000008939914905465","0,00000003365499357972","0,00000242291666097228","0,00000158899670127478","0,00000001179251988912","0,00000134307480003104","0,00000264806919132291","0,00000006715805084538","0,00000192776322398386","0,00000001199395781135","0,00000067702570293982","0,00000589817739110307","0,00000146206139157317","0,00000428899748175412","0,00000064002034461180"
"-0,27549925093976174200","0,00000192527884159948","0,00000001527066889897","0,00000020671851293946","0,00000001139562301639","0,00000001213806589441","0,00000008897946127257","0,00000003356468084940","0,00000240904971283344","0,00000157941647667001","0,00000001180484208926","0,00000133592846615311","0,00000263992675326468","0,00000006721334639616","0,00000191749505730883","0,00000001199452048671","0,00000067233691676713","0,00000588566401229719","0,00000145406140256105","0,00000426322521782474","0,00000063638209937054"
"-0,27349532830244710500","0,00000192178011912175","0,00000001522373312601","0,00000020522299916934","0,00000001141346026059","0,00000001214640178032","0,00000008855484287347","0,00000003346668065074","0,00000239525201419135","0,00000156984928934766","0,00000001182203271315","0,00000132875857395743","0,00000263175036550545","0,00000006725676311713","0,00000190721379298323","0,00000001199765113128","0,00000066765067159272","0,00000587309435137073","0,00000144606180139852","0,00000423740904115602","0,00000063273115015710"
"-0,27149140566513246800","0,00000191826614419926","0,00000001517747333875","0,00000020372390797400","0,00000001143569819410","0,00000001215165590503","0,00000008812529385735","0,00000003336099298375","0,00000238152356504602","0,00000156029513930772","0,00000001184409176081","0,00000132156512344401","0,00000262354002804522","0,00000006728830100829","0,00000189691943100705","0,00000001200334974506","0,00000066296696741659","0,00000586046840832369","0,00000143806258808558","0,00000421154895174796","0,00000062906749697148"
"-0,26948748302781783100","0,00000191473691683199","0,00000001513188953718","0,00000020222123935344","0,00000001146233681692","0,00000001215382826854","0,00000008769081422421","0,00000003324761784843","0,00000236786436539745","0,00000155075402655018","0,00000001187101923223","0,00000131434811461284","0,00000261529574088401","0,00000006730796006963","0,00000188661197138031","0,00000001201161632806","0,00000065828580423875","0,00000584778618315606","0,00000143006376262224","0,00000418564494960057","0,00000062539113981367"
"-0,26748356039050319400","0,00000191119243701995","0,00000001508698172131","0,00000020071499330765","0,00000001149337612906","0,00000001215291887084","0,00000008725140397405","0,00000003312655524477","0,00000235427441524564","0,00000154122595107506","0,00000001190281512742","0,00000130710754746393","0,00000260701750402180","0,00000006731574030116","0,00000187629141410299","0,00000001202245088027","0,00000065360718205918","0,00000583504767586784","0,00000142206532500849","0,00000415969703471384","0,00000062170207868367"
"-0,26547963775318855800","0,00000190763270476314","0,00000001504274989113","0,00000019920516983665","0,00000001152881613051","0,00000001214892771194","0,00000008680706310687","0,00000003299780517279","0,00000234075371459059","0,00000153171091288234","0,00000001193947944636","0,00000129984342199728","0,00000259870531745859","0,00000006731164170288","0,00000186595775917511","0,00000001203585340169","0,00000064893110087790","0,00000582225288645905","0,00000141406727524434","0,00000413370520708777","0,00000061800031358149"
"-0,26347571511587397600","0,00000190405772006156","0,00000001499919404664","0,00000019769176894042","0,00000001156865682127","0,00000001214185479183","0,00000008635779162267","0,00000003286136763246","0,00000232730226343229","0,00000152220891197203","0,00000001198101218906","0,00000129255573821288","0,00000259035918119439","0,00000006729566427478","0,00000185561100659665","0,00000001205182389233","0,00000064425756069491","0,00000580940181492967","0,00000140606961332978","0,00000410766946672237","0,00000061428584450712"
"-0,26147179247855933900","0,00000190046748291522","0,00000001495631418784","0,00000019617479061897","0,00000001161289820135","0,00000001213170011053","0,00000008590358952146","0,00000003271724262381","0,00000231392006177076","0,00000151271994834413","0,00000001202741335553","0,00000128524449611073","0,00000258197909522920","0,00000006726780801688","0,00000184525115636763","0,00000001207036235217","0,00000063958656151019","0,00000579649446127971","0,00000139807233926482","0,00000408158981361763","0,00000061055867146057"
"-0,25946786984124470300","0,00000189686199332410","0,00000001491411031474","0,00000019465423487230","0,00000001166154027074","0,00000001211846366802","0,00000008544445680322","0,00000003256543014683","0,00000230060710960599","0,00000150324402199865","0,00000001207868294575","0,00000127790969569084","0,00000257356505956301","0,00000006722807292916","0,00000183487820848803","0,00000001209146878124","0,00000063491810332376","0,00000578353082550917","0,00000139007545304945","0,00000405546624777356","0,00000060681879444183"
"-0,25746394720393006600","0,00000189324125128821","0,00000001487258242733","0,00000019313010170041","0,00000001171458302944","0,00000001210214546430","0,00000008498039346797","0,00000003240593020151","0,00000228736340693797","0,00000149378113293557","0,00000001213482095974","0,00000127055133695321","0,00000256511707419582","0,00000006717645901162","0,00000182449216295786","0,00000001211514317951","0,00000063025218613561","0,00000577051090761804","0,00000138207895468367","0,00000402929876919015","0,00000060306621345091"
"-0,25546002456661542900","0,00000188960525680755","0,00000001483173052562","0,00000019160239110329","0,00000001177202647746","0,00000001208274549938","0,00000008451139951569","0,00000003223874278786","0,00000227418895376671","0,00000148433128115490","0,00000001219582739749","0,00000126316941989783","0,00000255663513912765","0,00000006711296626427","0,00000181409301977713","0,00000001214138554700","0,00000062558880994574","0,00000575743470760633","0,00000137408284416749","0,00000400308737786740","0,00000059930092848780"
"-0,25345610192930079200","0,00000188595400988213","0,00000001479155460959","0,00000019007110308096","0,00000001183387061479","0,00000001206026377326","0,00000008403747494640","0,00000003206386790587","0,00000226108375009221","0,00000147489446665663","0,00000001226170225900","0,00000125576394452470","0,00000254811925435848","0,00000006703759468711","0,00000180368077894582","0,00000001217019588370","0,00000062092797475415","0,00000574430222547404","0,00000136608712150090","0,00000397683207380532","0,00000059552293955251"
"-0,25145217929198615500","0,00000188228751051193","0,00000001475205467927","0,00000018853623763340","0,00000001190011544144","0,00000001203470028594","0,00000008355861976008","0,00000003188130555556","0,00000224804779591447","0,00000146547068944078","0,00000001233244554427","0,00000124833491083383","0,00000253956941988831","0,00000006695034428014","0,00000179325544046394","0,00000001220157418961","0,00000061626968056085","0,00000573111346122116","0,00000135809178668391","0,00000395053285700390","0,00000059173224664503"
"-0,24944825665467154600","0,00000187859560839541","0,00000001471182709133","0,00000018700601325525","0,00000001196550733793","0,00000001200832503306","0,00000008308017083187","0,00000003169841784767","0,00000223511258159582","0,00000145607069313259","0,00000001240290927828","0,00000124088134892498","0,00000253098211793506","0,00000006686487869871","0,00000178281164100119","0,00000001223221942910","0,00000061162294644535","0,00000571790221612092","0,00000135009504731710","0,00000392421558055720","0,00000058793605544513"
"-0,24744433401735690900","0,00000187486815323103","0,00000001466946820251","0,00000018548864844115","0,00000001202479268480","0,00000001198340801026","0,00000008260746503686","0,00000003152256689298","0,00000222230959749858","0,00000144670522135731","0,00000001246794548601","0,00000123340228889793","0,00000252235383071665","0,00000006679486159817","0,00000177234401722728","0,00000001225883056654","0,00000060699679148717","0,00000570470229144653","0,00000134209511100106","0,00000389790609755930","0,00000058414157163256"
"-0,24544041138004230000","0,00000187110514501877","0,00000001462497801278","0,00000018398414319109","0,00000001207797148204","0,00000001195994921755","0,00000008214050237505","0,00000003135375269148","0,00000220963884362275","0,00000143737427411494","0,00000001252755416746","0,00000122589773075266","0,00000251368455823306","0,00000006674029297854","0,00000176185256914220","0,00000001228140760193","0,00000060239121568633","0,00000569151368719800","0,00000133409197773578","0,00000387160440801018","0,00000058034879520733"
"-0,24343648874272766400","0,00000186730658375864","0,00000001457835652215","0,00000018249249750508","0,00000001212504372966","0,00000001193794865493","0,00000008167928284646","0,00000003119197524317","0,00000219710031996834","0,00000142807785140549","0,00000001258173532262","0,00000121836767448917","0,00000250497430048430","0,00000006670117283979","0,00000175133729674596","0,00000001229995053526","0,00000059780621904281","0,00000567833640337533","0,00000132608564752127","0,00000384531051190986","0,00000057655772616944"
"-0,24143256610541302700","0,00000186347246945065","0,00000001452960373063","0,00000018101371138311","0,00000001216600942766","0,00000001191740632240","0,00000008122380645107","0,00000003103723454805","0,00000218469402653534","0,00000141881595322894","0,00000001263048895150","0,00000121081212010748","0,00000249622305747037","0,00000006667750118195","0,00000174079820003855","0,00000001231445936654","0,00000059324180155661","0,00000566517043997851","0,00000131807612035753","0,00000381902440925832","0,00000057276836451888"
"-0,23942864346809839000","0,00000185960280209478","0,00000001447871963821","0,00000017954778482519","0,00000001220086857604","0,00000001189832221996","0,00000008077407318890","0,00000003088953060612","0,00000217241996332375","0,00000140958857958531","0,00000001267381505410","0,00000120323106760758","0,00000248743082919127","0,00000006666927800500","0,00000173023527901998","0,00000001232493409577","0,00000058869796322774","0,00000565201579700755","0,00000131006339624456","0,00000379274610005557","0,00000056898071025566"
"-0,23742472083078378100","0,00000185569758169104","0,00000001442570424489","0,00000017809471783131","0,00000001222962117479","0,00000001188069634760","0,00000008033008305993","0,00000003074886341739","0,00000216027813033358","0,00000140039573047460","0,00000001271171363041","0,00000119562451698946","0,00000247859761564700","0,00000006667650330895","0,00000171964853369024","0,00000001233137472295","0,00000058417470405620","0,00000563887247446244","0,00000130204747518236","0,00000376647558430160","0,00000056519476337978"
"-0,23542079819346914400","0,00000185175680823943","0,00000001437055755068","0,00000017665451040148","0,00000001225226722392","0,00000001186452870534","0,00000007989183606417","0,00000003061523298185","0,00000214826852756482","0,00000139123740589679","0,00000001274418468044","0,00000118799246825314","0,00000246972341683756","0,00000006669917709380","0,00000170903796404934","0,00000001233378124807","0,00000057967202404198","0,00000562574047234319","0,00000129402835717092","0,00000374021286199643","0,00000056141052389124"
"-0,23341687555615450700","0,00000184778048173995","0,00000001431327955556","0,00000017522716253570","0,00000001226880672343","0,00000001184981929315","0,00000007945933220161","0,00000003048863929950","0,00000213639115501747","0,00000138211360585189","0,00000001277122820419","0,00000118033492139860","0,00000246080823276294","0,00000006673729935954","0,00000169840357009727","0,00000001233215367114","0,00000057518992318509","0,00000561261979064980","0,00000128600604221025","0,00000371395793314005","0,00000055762799179003"
"-0,23141295291883987000","0,00000184376860219260","0,00000001425387025955","0,00000017381267423396","0,00000001227923967331","0,00000001183656811106","0,00000007903257147227","0,00000003036908237035","0,00000212464601269154","0,00000137302433033991","0,00000001279284420166","0,00000117265187642585","0,00000245185206342316","0,00000006679087010618","0,00000168774535183403","0,00000001232649199215","0,00000057072840148553","0,00000559951042938226","0,00000127798053030035","0,00000368771079773245","0,00000055384716707616"
"-0,22940903028152526100","0,00000183972116959738","0,00000001419232966264","0,00000017241104549626","0,00000001228356607358","0,00000001182477515906","0,00000007861155387613","0,00000003025656219439","0,00000211303310058702","0,00000136396957936084","0,00000001280903267284","0,00000116494333333489","0,00000244285490881821","0,00000006685988933372","0,00000167706330925964","0,00000001231679621111","0,00000056628745894329","0,00000558641238854057","0,00000126995182144122","0,00000366147145577364","0,00000055006804974962"
"-0,22740510764421062400","0,00000183563818395429","0,00000001412865776483","0,00000017102227632261","0,00000001228178592421","0,00000001181444043714","0,00000007819627941321","0,00000003015107877162","0,00000210155241870391","0,00000135494935291469","0,00000001281979361775","0,00000115720929212572","0,00000243381676894809","0,00000006694435704216","0,00000166635744237407","0,00000001230306632802","0,00000056186709555838","0,00000557332566812475","0,00000126191991563286","0,00000363523990726362","0,00000054629063981042"
"-0,22540118500689598800","0,00000183151964526333","0,00000001406285456613","0,00000016964636671301","0,00000001227389922523","0,00000001180556394531","0,00000007778674808349","0,00000003005263210204","0,00000209020396704221","0,00000134596365100144","0,00000001282512703637","0,00000114944975279834","0,00000242473764381279","0,00000006704427323149","0,00000165562775117734","0,00000001228530234288","0,00000055746731133079","0,00000556025026813478","0,00000125388481287526","0,00000360901615220239","0,00000054251493725856"
"-0,22339726236958137900","0,00000182736555352450","0,00000001399492006652","0,00000016828331666745","0,00000001225990597662","0,00000001179814568357","0,00000007738295988698","0,00000002996122218565","0,00000207898774560193","0,00000133701247362111","0,00000001282503292870","0,00000114166471535275","0,00000241561753341233","0,00000006715963790171","0,00000164487423566945","0,00000001226350425568","0,00000055308810626053","0,00000554718618857066","0,00000124584651316844","0,00000358280019058995","0,00000053874094209404"
"-0,22139333973226674200","0,00000182317590873780","0,00000001392485426602","0,00000016693312618593","0,00000001223980617839","0,00000001179218565192","0,00000007698491482367","0,00000002987684902246","0,00000206790375438307","0,00000132809582077369","0,00000001281951129476","0,00000113385417978894","0,00000240645643774669","0,00000006729045105284","0,00000163409689585039","0,00000001223767206643","0,00000054872948034760","0,00000553413342943240","0,00000123780501651238","0,00000355659202242630","0,00000053496865431685"
"-0,21938941709495210500","0,00000181895071090323","0,00000001385265716462","0,00000016559579526846","0,00000001221359983054","0,00000001178768385035","0,00000007659261289358","0,00000002979951261246","0,00000205695199338561","0,00000131921369245918","0,00000001280856213453","0,00000112601814610693","0,00000239725435681589","0,00000006743671268486","0,00000162329573172017","0,00000001220780577513","0,00000054439143359199","0,00000552109199071999","0,00000122976032290708","0,00000353039164771143","0,00000053119807392700"
"-0,21738549445763746800","0,00000181468996002079","0,00000001377832876232","0,00000016427132391504","0,00000001218128693307","0,00000001178464027887","0,00000007620605409669","0,00000002972921295565","0,00000204613246260957","0,00000131036608867758","0,00000001279218544802","0,00000111815661430670","0,00000238801129061991","0,00000006759842279778","0,00000161247074327878","0,00000001217390538178","0,00000054007396599371","0,00000550806187243345","0,00000122171243235256","0,00000350419906644535","0,00000052742920092448"
"-0,21538157182032285900","0,00000181039365609048","0,00000001370186905913","0,00000016295971212566","0,00000001214286748597","0,00000001178305493748","0,00000007582523843302","0,00000002966595005203","0,00000203544516205495","0,00000130155300942890","0,00000001277038123522","0,00000111026958438826","0,00000237872723915877","0,00000006777558139159","0,00000160162193052622","0,00000001213597088637","0,00000053577707755276","0,00000549504307457275","0,00000121366134484880","0,00000347801427862807","0,00000052366203530931"
"-0,21337764918300822200","0,00000180606179911230","0,00000001362327805503","0,00000016166095990032","0,00000001209834148925","0,00000001178292782618","0,00000007545016590255","0,00000002960972390161","0,00000202489009172173","0,00000129277445471312","0,00000001274314949615","0,00000110235705635161","0,00000236940220243245","0,00000006796818846631","0,00000159074929346250","0,00000001209400228890","0,00000053150076826913","0,00000548203559713792","0,00000120560706039582","0,00000345183728425957","0,00000051989657708147"
"-0,21137372654569358500","0,00000180169438908625","0,00000001354255575004","0,00000016037506723904","0,00000001204770894290","0,00000001178425894496","0,00000007508083650528","0,00000002956053450437","0,00000201446725160993","0,00000128403042453026","0,00000001271049023079","0,00000109441903019675","0,00000236003618044096","0,00000006817624402192","0,00000157985283208762","0,00000001204799958939","0,00000052724503814283","0,00000546903944012893","0,00000119754957899360","0,00000342566808333986","0,00000051613282624096"
"-0,20936980390837894900","0,00000179729142601232","0,00000001345970214415","0,00000015910203414179","0,00000001199096984693","0,00000001178704829383","0,00000007471725024123","0,00000002951838186033","0,00000200417664171954","0,00000127532091888031","0,00000001267240343915","0,00000108645550592368","0,00000235062917318430","0,00000006839974805842","0,00000156893254640157","0,00000001199796278782","0,00000052300988717385","0,00000545605460354581","0,00000118948890064214","0,00000339950667586893","0,00000051237078278780"
"-0,20736588127106434000","0,00000179285290989053","0,00000001337471723736","0,00000015784186060859","0,00000001192812420134","0,00000001179129587279","0,00000007435940711039","0,00000002948326596949","0,00000199401826205057","0,00000126664593776328","0,00000001262888912122","0,00000107846648353240","0,00000234118118066248","0,00000006863870057583","0,00000155798843640435","0,00000001194389188420","0,00000051879531536220","0,00000544308108738854","0,00000118142502534146","0,00000337335306184680","0,00000050861044672197"
"-0,20536195863374970300","0,00000178837884072087","0,00000001328760102968","0,00000015659454663944","0,00000001185917200613","0,00000001179700168184","0,00000007400730711275","0,00000002945518683183","0,00000198399211260301","0,00000125800548117915","0,00000001257994727702","0,00000107045196302290","0,00000233169220287548","0,00000006889310157413","0,00000154702050209597","0,00000001188578687853","0,00000051460132270788","0,00000543011889165712","0,00000117335795309154","0,00000334720724127345","0,00000050485181804348"
"-0,20335803599643506600","0,00000178386921850334","0,00000001319835352110","0,00000015536009223433","0,00000001178411326129","0,00000001180416572098","0,00000007366095024832","0,00000002943414444737","0,00000197409819337686","0,00000124939954912794","0,00000001252557790653","0,00000106241194439520","0,00000232216223982331","0,00000006916295105332","0,00000153602874347642","0,00000001182364777080","0,00000051042790921088","0,00000541716801635156","0,00000116528768389240","0,00000332106921414890","0,00000050109489675232"
"-0,20135411335912042900","0,00000177932404323793","0,00000001310697471161","0,00000015413849739327","0,00000001170294796684","0,00000001181278799020","0,00000007332033651710","0,00000002942013881610","0,00000196433650437212","0,00000124082814160964","0,00000001246578100976","0,00000105434642764928","0,00000231259129150597","0,00000006944824901342","0,00000152501316054571","0,00000001175747456102","0,00000050627507487121","0,00000540422846147186","0,00000115721421774402","0,00000329493898047313","0,00000049733968284850"
"-0,19935019072180582000","0,00000177476843501405","0,00000001301794230399","0,00000015293211651715","0,00000001162207150871","0,00000001182150698997","0,00000007297679352647","0,00000002940715894327","0,00000195471803625225","0,00000123229535744992","0,00000001240491560078","0,00000104627085270982","0,00000230300325370878","0,00000006973157516649","0,00000151398681332456","0,00000001169209037880","0,00000050215936305683","0,00000539132426009856","0,00000114913874370992","0,00000326887483838021","0,00000049358015413535"
"-0,19734626808449118300","0,00000177022751392107","0,00000001293573400099","0,00000015174330400689","0,00000001154787927287","0,00000001182896122073","0,00000007262164888383","0,00000002938919383412","0,00000194525377968070","0,00000122380529547442","0,00000001234734069370","0,00000103820065950148","0,00000229342202221708","0,00000006999550922465","0,00000150296276183369","0,00000001163231835376","0,00000049809731713570","0,00000537847944531222","0,00000114106245085363","0,00000324293508600422","0,00000048981028841619"
"-0,19534234544717654600","0,00000176570127995900","0,00000001286034980261","0,00000015057205986246","0,00000001148037125933","0,00000001183515068249","0,00000007225490258916","0,00000002936624348867","0,00000193594373465746","0,00000121535795568316","0,00000001229305628849","0,00000103013584802426","0,00000228384759703085","0,00000007024005118788","0,00000149194100607310","0,00000001157815848589","0,00000049408893710784","0,00000536569401711282","0,00000113298533917515","0,00000321711972334513","0,00000048603008569102"
"-0,19333842280986191000","0,00000176118973312783","0,00000001279178970885","0,00000014941838408389","0,00000001141954746807","0,00000001184007537524","0,00000007187655464246","0,00000002933830790690","0,00000192678790118254","0,00000120695333807613","0,00000001224206238517","0,00000102207641827817","0,00000227427997815011","0,00000007046520105619","0,00000148092154604279","0,00000001152961077520","0,00000049013422297323","0,00000535296797550038","0,00000112490740867448","0,00000319142875040297","0,00000048223954595985"
"-0,19133450017254730000","0,00000175669287342757","0,00000001273005371970","0,00000014828227667117","0,00000001136540789910","0,00000001184373529899","0,00000007148660504375","0,00000002930538708882","0,00000191778627925593","0,00000119859144265334","0,00000001219435898372","0,00000101402237026319","0,00000226471916557484","0,00000007067095882957","0,00000146990438174276","0,00000001148667522169","0,00000048623317473188","0,00000534030132047488","0,00000111682865935160","0,00000316586216717773","0,00000047843866922266"
"-0,18933057753523266400","0,00000175221070085822","0,00000001267514183517","0,00000014716373762429","0,00000001131795255242","0,00000001184613045374","0,00000007108505379302","0,00000002926748103443","0,00000190893886887764","0,00000119027226941478","0,00000001214994608417","0,00000100597370397934","0,00000225516515930505","0,00000007085732450803","0,00000145888951317301","0,00000001144935182535","0,00000048238579238378","0,00000532769405203634","0,00000110874909120654","0,00000314041997366940","0,00000047462745547948"
"-0,18732665489791802700","0,00000174774321541977","0,00000001262705405527","0,00000014606276694326","0,00000001127718142803","0,00000001184726083948","0,00000007067190089026","0,00000002922458974373","0,00000190024567004766","0,00000118199581836044","0,00000001210882368649","0,00000099793041942661","0,00000224561795934075","0,00000007102429809156","0,00000144787694033355","0,00000001141764058619","0,00000047859207592894","0,00000531514617018475","0,00000110066870423928","0,00000311510216987798","0,00000047080590473028"
"-0,18532273226060341800","0,00000174329041711224","0,00000001258579037998","0,00000014497936462808","0,00000001124309452592","0,00000001184712645622","0,00000007024714633548","0,00000002917671321671","0,00000189170668276600","0,00000117376208949035","0,00000001207099179070","0,00000098989251660499","0,00000223607756568192","0,00000007117187958017","0,00000143686666322436","0,00000001139154150420","0,00000047485202536736","0,00000530265767492011","0,00000109258749844983","0,00000308990875580349","0,00000046697401697508"
"-0,18331880962328878100","0,00000173885230593560","0,00000001255135080931","0,00000014391353067875","0,00000001121569184611","0,00000001184572730395","0,00000006981079012868","0,00000002912385145338","0,00000188332190703266","0,00000116557108280448","0,00000001203645039679","0,00000098185999551451","0,00000222654397832857","0,00000007130006897386","0,00000142585868184546","0,00000001137105457939","0,00000047116564069904","0,00000529022856624243","0,00000108450547383818","0,00000306483973144591","0,00000046313179221387"
"-0,18131488698597414400","0,00000173442888188988","0,00000001252373534326","0,00000014286526509527","0,00000001119497338859","0,00000001184306338268","0,00000006936283226986","0,00000002906600445374","0,00000187509134284763","0,00000115742279830285","0,00000001200519950476","0,00000097383285615514","0,00000221701719728070","0,00000007140886627262","0,00000141485299619684","0,00000001135617981176","0,00000046753292192397","0,00000527785884415169","0,00000107642263040433","0,00000303989509680525","0,00000045927923044666"
"-0,17931096434865950700","0,00000173002014497506","0,00000001250294398183","0,00000014183456787763","0,00000001118093915335","0,00000001183913469241","0,00000006890327275902","0,00000002900317221779","0,00000186701499021092","0,00000114931723598545","0,00000001197723911461","0,00000096581109852689","0,00000220749722253832","0,00000007149827147645","0,00000140384960627850","0,00000001134691720130","0,00000046395386904216","0,00000526554850864791","0,00000106833896814830","0,00000301507485188150","0,00000045541633167344"
"-0,17730704171134489800","0,00000172562609519115","0,00000001248897672501","0,00000014082143902585","0,00000001117358914041","0,00000001183394123313","0,00000006843211159615","0,00000002893535474552","0,00000185909284912252","0,00000114125439585229","0,00000001195256922635","0,00000095779472262977","0,00000219798405410141","0,00000007156828458536","0,00000139284851209044","0,00000001134326674802","0,00000046042848205361","0,00000525329755973108","0,00000106025448707007","0,00000299037899667468","0,00000045154309589421"
"-0,17530311907403026100","0,00000172124673253814","0,00000001248183357282","0,00000013982587853991","0,00000001117292334975","0,00000001182748300485","0,00000006794934878127","0,00000002886255203694","0,00000185132491958244","0,00000113323427790335","0,00000001193118983997","0,00000094978372846376","0,00000218847769196998","0,00000007161890559935","0,00000138184971363266","0,00000001134522845192","0,00000045695676095831","0,00000524110599740120","0,00000105216918716964","0,00000296580753118477","0,00000044765952310897"
"-0,17329919643671562500","0,00000171688205701604","0,00000001248151452525","0,00000013884788641981","0,00000001117894178139","0,00000001181976000756","0,00000006745498431436","0,00000002878476409205","0,00000184371120159067","0,00000112525688213865","0,00000001191310095547","0,00000094177811602888","0,00000217897813614403","0,00000007165013451841","0,00000137085321090516","0,00000001135280231299","0,00000045353870575627","0,00000522897382165827","0,00000104408306844702","0,00000294136045541178","0,00000044376561331773"
"-0,17129527379940098800","0,00000171253206862485","0,00000001248801958229","0,00000013788746266557","0,00000001119164443531","0,00000001181077224128","0,00000006694901819543","0,00000002870199091085","0,00000183625169514722","0,00000111732220855819","0,00000001189830257286","0,00000093377788532512","0,00000216948538662356","0,00000007166197134255","0,00000135985900390794","0,00000001136598833124","0,00000045017431644749","0,00000521690103250229","0,00000103599613090220","0,00000291703776935570","0,00000043986136652048"
"-0,16929135116208637900","0,00000170819676736456","0,00000001250134874395","0,00000013694460727717","0,00000001121103131152","0,00000001180051970598","0,00000006643145042448","0,00000002861423249334","0,00000182894640025209","0,00000110943025716195","0,00000001188679469212","0,00000092578303635248","0,00000215999944340857","0,00000007165441607177","0,00000134886709264101","0,00000001138478650666","0,00000044686359303196","0,00000520488762993327","0,00000102790837453520","0,00000289283947301654","0,00000043594678271723"
"-0,16728742852477174200","0,00000170387615323519","0,00000001252150201023","0,00000013601932025463","0,00000001123710241002","0,00000001178900240169","0,00000006590228100150","0,00000002852148883951","0,00000182179531690527","0,00000110158102794995","0,00000001187857731327","0,00000091779356911096","0,00000215052030649906","0,00000007162746870606","0,00000133787747710435","0,00000001140919683927","0,00000044360653550969","0,00000519293361395120","0,00000101981979934599","0,00000286876556639430","0,00000043202186190797"
"-0,16528350588745710500","0,00000169957022623671","0,00000001254847938114","0,00000013511160159793","0,00000001126985773081","0,00000001177622032839","0,00000006536150992651","0,00000002842375994937","0,00000181479844510676","0,00000109377452092218","0,00000001187365043631","0,00000090980948360057","0,00000214104797589503","0,00000007158112924542","0,00000132689015729798","0,00000001143921932904","0,00000044040314388068","0,00000518103898455607","0,00000101173040533459","0,00000284481604948898","0,00000042808660409270"
"-0,16327958325014246800","0,00000169527898636915","0,00000001258228085666","0,00000013422145130708","0,00000001130929727389","0,00000001176217348608","0,00000006480913719949","0,00000002832104582292","0,00000180795578485658","0,00000108601073607864","0,00000001187201406122","0,00000090183077982129","0,00000213158245159648","0,00000007151539768986","0,00000131590513322189","0,00000001147485397600","0,00000043725341814493","0,00000516920374174791","0,00000100364019250100","0,00000282099092230057","0,00000042414100927142"
"-0,16127566061282785900","0,00000169100243363249","0,00000001262290643679","0,00000013334886938207","0,00000001135542103926","0,00000001174686187477","0,00000006424516282045","0,00000002821334646016","0,00000180126733615470","0,00000107828967341934","0,00000001187366818802","0,00000089385745777314","0,00000212212373360341","0,00000007143027403938","0,00000130492240487608","0,00000001151610078013","0,00000043415735830243","0,00000515742788552669","0,00000099554916084521","0,00000279729018482908","0,00000042018507744414"
"-0,15927173797551322200","0,00000168674056802674","0,00000001267035612155","0,00000013249385582292","0,00000001140822902691","0,00000001173028549446","0,00000006366958678939","0,00000002810066186108","0,00000179473309900115","0,00000107061133294427","0,00000001187861281670","0,00000088588951745611","0,00000211267182191582","0,00000007132575829397","0,00000129394197226055","0,00000001156295974143","0,00000043111496435319","0,00000514571141589242","0,00000098745731036723","0,00000277371383707451","0,00000041621880861085"
"-0,15726781533819858500","0,00000168249338955189","0,00000001272462991093","0,00000013165641062961","0,00000001146772123686","0,00000001171244434515","0,00000006308240910631","0,00000002798299202569","0,00000178835307339591","0,00000106297571465343","0,00000001188684794726","0,00000087792695887020","0,00000210322671653371","0,00000007120185045364","0,00000128296383537530","0,00000001161543085991","0,00000042812623629720","0,00000513405433284510","0,00000097936464106706","0,00000275026187903685","0,00000041224220277156"
"-0,15526389270088394900","0,00000167826089820795","0,00000001278572780492","0,00000013083653380215","0,00000001153389766910","0,00000001169333842683","0,00000006248362977121","0,00000002786033695399","0,00000178212725933898","0,00000105538281854683","0,00000001189837357971","0,00000086996978201541","0,00000209378841745708","0,00000007105855051838","0,00000127198799422033","0,00000001167351413557","0,00000042519117413448","0,00000512245663638474","0,00000097127115294469","0,00000272693431071611","0,00000040825525992625"
"-0,15325997006356934000","0,00000167404309399492","0,00000001285364980354","0,00000013003422534054","0,00000001160675832362","0,00000001167296773950","0,00000006187324878409","0,00000002773269664598","0,00000177605565683037","0,00000104783264462445","0,00000001191318971404","0,00000086201798689174","0,00000208435692468593","0,00000007089585848820","0,00000126101444879565","0,00000001173720956841","0,00000042230977786501","0,00000511091832651133","0,00000096317684600012","0,00000270373113211229","0,00000040425798007494"
"-0,15125604742625470300","0,00000166983997691279","0,00000001292839590677","0,00000012924948524478","0,00000001168630320043","0,00000001165133228317","0,00000006125126614494","0,00000002760007110165","0,00000177013826587008","0,00000104032519288631","0,00000001193129635025","0,00000085407157349920","0,00000207493223822025","0,00000007071377436310","0,00000125004319910124","0,00000001180651715842","0,00000041948204748879","0,00000509943940322487","0,00000095508172023337","0,00000268065234322539","0,00000040025036321763"
"-0,14925212478894006600","0,00000166564736342951","0,00000001300383697014","0,00000012847683002955","0,00000001176599835860","0,00000001163012442819","0,00000006062835206194","0,00000002746952311600","0,00000176440761089817","0,00000103289685728126","0,00000001195061758675","0,00000084616334945737","0,00000206554570826609","0,00000007053426899777","0,00000123907755015205","0,00000001187605852497","0,00000041669951103872","0,00000508807329458660","0,00000094700991157480","0,00000265784166562646","0,00000039624901033046"
"-0,14724820215162545700","0,00000166146107001301","0,00000001307384384918","0,00000012771077620955","0,00000001183930985720","0,00000001161103654491","0,00000006001517674324","0,00000002734811548400","0,00000175889621635473","0,00000102558403175813","0,00000001196907752196","0,00000083832612238587","0,00000205622868502947","0,00000007037931324691","0,00000122812080696302","0,00000001194045528743","0,00000041395369654768","0,00000507687342865775","0,00000093898555595482","0,00000263544282088657","0,00000039227052238957"
"-0,14524427951431082000","0,00000165728109666328","0,00000001313841654388","0,00000012695132378479","0,00000001190623769622","0,00000001159406863332","0,00000005941174018885","0,00000002723584820566","0,00000175360408223974","0,00000101838671631694","0,00000001198667615586","0,00000083055989228469","0,00000204698116851038","0,00000007024890711052","0,00000121717296953414","0,00000001199970744580","0,00000041124460401567","0,00000506583980543832","0,00000093100865337342","0,00000261345580900571","0,00000038831489939498"
"-0,14324035687699618300","0,00000165310744338034","0,00000001319755505425","0,00000012619847275525","0,00000001196678187567","0,00000001157922069342","0,00000005881804239876","0,00000002713272128098","0,00000174853120855321","0,00000101130491095768","0,00000001200341348846","0,00000082286465915384","0,00000203780315870884","0,00000007014305058860","0,00000120623403786542","0,00000001205381500007","0,00000040857223344269","0,00000505497242492832","0,00000092307920383060","0,00000259188062998389","0,00000038438214134669"
"-0,14123643423968154600","0,00000164894011016417","0,00000001325125938028","0,00000012545222312093","0,00000001202094239554","0,00000001156649272523","0,00000005823408337298","0,00000002703873470995","0,00000174367759529514","0,00000100433861568035","0,00000001201928951977","0,00000081524042299330","0,00000202869465562483","0,00000007006174368116","0,00000119530401195684","0,00000001210277795026","0,00000040593658482873","0,00000504427128712774","0,00000091519720732637","0,00000257071728382111","0,00000038047224824468"
"-0,13923251160236693700","0,00000164477909701479","0,00000001329952952197","0,00000012471257488185","0,00000001206871925583","0,00000001155588472873","0,00000005765986311151","0,00000002695388849258","0,00000173904324246553","0,00000099748783048496","0,00000001203430424977","0,00000080768718380309","0,00000201965565925837","0,00000007000498638818","0,00000118438289180843","0,00000001214659629635","0,00000040333765817381","0,00000503373639203659","0,00000090736266386071","0,00000254996577051736","0,00000037658522008896"
"-0,13722858896505230100","0,00000164062440393218","0,00000001334236547933","0,00000012397952803800","0,00000001211011245655","0,00000001154739670392","0,00000005709538161435","0,00000002687818262886","0,00000173462815006438","0,00000099075255537149","0,00000001204845767848","0,00000080020494158320","0,00000201068616960944","0,00000006997277870968","0,00000117347067742017","0,00000001218527003835","0,00000040077545347791","0,00000502336773965486","0,00000089957557343364","0,00000252962609007265","0,00000037272105687954"
"-0,13522466632773766400","0,00000163647603091635","0,00000001337976725235","0,00000012325308258937","0,00000001214512199770","0,00000001154102865081","0,00000005654063888149","0,00000002681161711880","0,00000173043231809169","0,00000098413279033996","0,00000001206174980588","0,00000079279369633364","0,00000200178618667805","0,00000006996512064565","0,00000116256736879206","0,00000001221879917626","0,00000039824997074105","0,00000501316532998255","0,00000089183593604516","0,00000250969824248697","0,00000036887975861641"
"-0,13322074369042302700","0,00000163233397796730","0,00000001341173484103","0,00000012253323853597","0,00000001217374787927","0,00000001153678056940","0,00000005599563491294","0,00000002675419196240","0,00000172645574654746","0,00000097762853539036","0,00000001207418063198","0,00000078545344805439","0,00000199295571046420","0,00000006998201219610","0,00000115167296592410","0,00000001224718371007","0,00000039576120996321","0,00000500312916301966","0,00000088414375169525","0,00000249018222776033","0,00000036506132529957"
"-0,13121682105310841800","0,00000162819824508503","0,00000001343826824538","0,00000012181999587780","0,00000001219599010127","0,00000001153465245968","0,00000005546036970869","0,00000002670590715965","0,00000172269843543169","0,00000097123979052269","0,00000001208575015679","0,00000077818419674547","0,00000198419474096789","0,00000007002345336101","0,00000114078746881630","0,00000001227042363980","0,00000039330917114440","0,00000499325923876620","0,00000087649902038393","0,00000247107804589272","0,00000036126575692902"
"-0,12921289841579378100","0,00000162406883226954","0,00000001345936746539","0,00000012111335461486","0,00000001221184866369","0,00000001153464432166","0,00000005493484326875","0,00000002666676271056","0,00000171916038474437","0,00000096496655573696","0,00000001209645838029","0,00000077098594240688","0,00000197550327818911","0,00000007008944414040","0,00000112991087746866","0,00000001228851896543","0,00000039089385428462","0,00000498355555722217","0,00000086890174211119","0,00000245238569688415","0,00000035749305350476"
"-0,12720897577847914400","0,00000161994573952083","0,00000001347503250107","0,00000012041331474715","0,00000001222132356653","0,00000001153675615534","0,00000005441905559312","0,00000002663675861513","0,00000171584159448552","0,00000095880883103316","0,00000001210630530250","0,00000076385868503860","0,00000196688132212788","0,00000007017998453426","0,00000111904319188117","0,00000001230146968697","0,00000038851525938387","0,00000497401811838755","0,00000086135191687703","0,00000243410518073462","0,00000035374321502680"
"-0,12520505314116450700","0,00000161582896683890","0,00000001348526335241","0,00000011971987627467","0,00000001222441480980","0,00000001154098796071","0,00000005391300668179","0,00000002661589487335","0,00000171274206465513","0,00000095276661641129","0,00000001211529092341","0,00000075680242464065","0,00000195832887278419","0,00000007029507454259","0,00000110818441205383","0,00000001230927580442","0,00000038617338644215","0,00000496464692226237","0,00000085384954468145","0,00000241623649744412","0,00000035001624149513"
"-0,12320113050384988400","0,00000161171851422375","0,00000001349006001941","0,00000011903303919741","0,00000001222112239350","0,00000001154733973777","0,00000005341669653477","0,00000002660417148523","0,00000170986179525319","0,00000094683991187135","0,00000001212341524301","0,00000074981716121302","0,00000194984593015803","0,00000007043471416539","0,00000109733453798664","0,00000001231193731777","0,00000038386823545946","0,00000495544196884660","0,00000084639462552446","0,00000239877964701265","0,00000034631213290974"
"-0,12119720786653526100","0,00000160761438167538","0,00000001348942250208","0,00000011835280351539","0,00000001221144631762","0,00000001155581148654","0,00000005293012515206","0,00000002660158845076","0,00000170720078627972","0,00000094102871741334","0,00000001213067826132","0,00000074290289475571","0,00000194143249424942","0,00000007059890340266","0,00000108649356967961","0,00000001230945422703","0,00000038159980643579","0,00000494640325814026","0,00000083898715940605","0,00000238173462944023","0,00000034263088927066"
"-0,11919328522922063800","0,00000160351656919378","0,00000001348335080041","0,00000011767916922859","0,00000001219538658216","0,00000001156640320700","0,00000005245329253365","0,00000002660814576995","0,00000170475903773470","0,00000093533303303727","0,00000001213707997833","0,00000073605962526872","0,00000193308856505834","0,00000007078764225441","0,00000107566150713274","0,00000001230182653221","0,00000037936809937116","0,00000493753079014334","0,00000083162714632622","0,00000236510144472683","0,00000033897251057786"
"-0,11718936259190600200","0,00000159942507677897","0,00000001347184491440","0,00000011701213633702","0,00000001217294318714","0,00000001157911489915","0,00000005198619867955","0,00000002662384344280","0,00000170253654961815","0,00000092975285874313","0,00000001214262039403","0,00000072928735275206","0,00000192481414258480","0,00000007100093072063","0,00000106483835034602","0,00000001228905423328","0,00000037717311426555","0,00000492882456485584","0,00000082431458628497","0,00000234888009287248","0,00000033533699683135"
"-0,11518543995459137900","0,00000159533990443093","0,00000001345490484406","0,00000011635170484068","0,00000001214411613253","0,00000001159394656300","0,00000005152884358976","0,00000002664868146930","0,00000170053332193005","0,00000092428819453092","0,00000001214729950844","0,00000072258607720572","0,00000191660922682880","0,00000007123876880132","0,00000105402409931945","0,00000001227113733027","0,00000037501485111897","0,00000492028458227777","0,00000081704947928231","0,00000233307057387716","0,00000033172434803114"
"-0,11318151731727674200","0,00000159126105214968","0,00000001343253058938","0,00000011569787473956","0,00000001210890541835","0,00000001161089819855","0,00000005108122726427","0,00000002668265984946","0,00000169874935467041","0,00000091893904040064","0,00000001215111732155","0,00000071595579862971","0,00000190847381779035","0,00000007150115649648","0,00000104321875405304","0,00000001224807582317","0,00000037289330993143","0,00000491191084240913","0,00000080983182531823","0,00000231767288774087","0,00000032813456417721"
"-0,11117759467996211900","0,00000158718851993520","0,00000001340472215037","0,00000011505064603368","0,00000001206731104460","0,00000001162996980579","0,00000005064334970309","0,00000002672577858328","0,00000169718464783923","0,00000091370539635230","0,00000001215407383336","0,00000070939651702401","0,00000190040791546942","0,00000007178809380611","0,00000103242231454678","0,00000001221986971197","0,00000037080849070291","0,00000490370334524990","0,00000080266162439273","0,00000230268703446362","0,00000032456764526958"
"-0,10917367204264748200","0,00000158312230778750","0,00000001337147952701","0,00000011441001872302","0,00000001201933301127","0,00000001165116138473","0,00000005021521090621","0,00000002677803767075","0,00000169583920143651","0,00000090858726238588","0,00000001215616904386","0,00000070290823238864","0,00000189241151986604","0,00000007209958073021","0,00000102163478080068","0,00000001218651899668","0,00000036876039343342","0,00000489566209080010","0,00000079553887650581","0,00000228811301404541","0,00000032102359130824"
"-0,10716974940533285900","0,00000157906241570659","0,00000001333280271933","0,00000011377599280760","0,00000001196497131836","0,00000001167447293537","0,00000004979681087365","0,00000002683943711188","0,00000169471301546225","0,00000090358463850140","0,00000001215740295307","0,00000069649094472359","0,00000188448463098020","0,00000007243561726879","0,00000101085615281472","0,00000001214802367730","0,00000036674901812296","0,00000488778707905972","0,00000078846358165748","0,00000227395082648623","0,00000031750240229319"
"-0,10516582676801822200","0,00000157500884369245","0,00000001328869172730","0,00000011314856828740","0,00000001190422596588","0,00000001169990445770","0,00000004938814960538","0,00000002690997690666","0,00000169380608991645","0,00000089869752469886","0,00000001215777556098","0,00000069014465402886","0,00000187662724881190","0,00000007279620342184","0,00000100008643058893","0,00000001210438375383","0,00000036477436477153","0,00000488007831002877","0,00000078143573984773","0,00000226020047178609","0,00000031400407822444"
"-0,10316190413070359900","0,00000157096159174509","0,00000001323914655094","0,00000011252774516243","0,00000001183709695383","0,00000001172745595173","0,00000004898922710143","0,00000002698965705510","0,00000169311842479911","0,00000089392592097824","0,00000001215728686759","0,00000068386936030446","0,00000186883937336113","0,00000007318133918936","0,00000098932561412329","0,00000001205559922626","0,00000036283643337912","0,00000487253578370724","0,00000077445535107656","0,00000224686194994499","0,00000031052861910197"
"-0,10115798149338896300","0,00000156692065986451","0,00000001318416719025","0,00000011191352343268","0,00000001176358428220","0,00000001175712741745","0,00000004860004336178","0,00000002707847755720","0,00000169265002011023","0,00000088926982733956","0,00000001215593687290","0,00000067766506355038","0,00000186112100462791","0,00000007359102457135","0,00000097857370341780","0,00000001200167009460","0,00000036093522394575","0,00000486515950009513","0,00000076752241534397","0,00000223393526096292","0,00000030707602492580"
"-0,09915405885607433970","0,00000156293030036085","0,00000001312830278966","0,00000011131040008845","0,00000001169010259413","0,00000001178715411714","0,00000004822084215063","0,00000002716899425661","0,00000169239602446522","0,00000088479438571633","0,00000001215432289321","0,00000067162956584462","0,00000185355057648591","0,00000007401613321389","0,00000096790759707041","0,00000001194749216774","0,00000035908910871919","0,00000485803142304450","0,00000076074459196326","0,00000222149529145320","0,00000030367482861253"
"-0,09715013621875970290","0,00000155903476554425","0,00000001307610249361","0,00000011072287212001","0,00000001162306653273","0,00000001181577131306","0,00000004785186723216","0,00000002725376299701","0,00000169235158647951","0,00000088056473804208","0,00000001215304224482","0,00000066586066926521","0,00000184620652280884","0,00000007444753876305","0,00000095740419367905","0,00000001189796125454","0,00000035731645994724","0,00000485123351640738","0,00000075422954024773","0,00000220961692802917","0,00000030035356307877"
"-0,09514621358144507990","0,00000155523405541472","0,00000001302756630212","0,00000011015093952737","0,00000001156247609803","0,00000001184297900522","0,00000004749311860638","0,00000002733278377838","0,00000169251670615308","0,00000087658088431680","0,00000001215209492774","0,00000066035837381213","0,00000183908884359669","0,00000007488524121884","0,00000094706349324374","0,00000001185307735502","0,00000035561727762990","0,00000484476578018378","0,00000074797726019737","0,00000219830017069083","0,00000029711222832453"
"-0,09314229094413044310","0,00000155152816997224","0,00000001298269421517","0,00000010959460231051","0,00000001150833129001","0,00000001186877719362","0,00000004714459627328","0,00000002740605660073","0,00000169289138348594","0,00000087284282454051","0,00000001215148094195","0,00000065512267948538","0,00000183219753884947","0,00000007532924058125","0,00000093688549576446","0,00000001181284046918","0,00000035399156176717","0,00000483862821437370","0,00000074198775181218","0,00000218754501943816","0,00000029395082434979"
"-0,09113836830681582010","0,00000154791710921683","0,00000001294148623277","0,00000010905386046945","0,00000001146063210867","0,00000001189316587825","0,00000004680630023288","0,00000002747358146406","0,00000169347561847808","0,00000086935055871319","0,00000001215120028747","0,00000065015358628498","0,00000182553260856717","0,00000007577953685028","0,00000092687020124122","0,00000001177725059700","0,00000035243931235904","0,00000483282081897714","0,00000073626101509217","0,00000217735147427117","0,00000029086935115457"
"-0,08913444566950118330","0,00000154440087314849","0,00000001290394235492","0,00000010852871400418","0,00000001141937855402","0,00000001191614505912","0,00000004647823048515","0,00000002753535836837","0,00000169426941112952","0,00000086610408683485","0,00000001215125296430","0,00000064545109421091","0,00000181909405274979","0,00000007623613002594","0,00000091701760967402","0,00000001174630773851","0,00000035096052940552","0,00000482734359399410","0,00000073079705003734","0,00000216771953518987","0,00000028786780873886"
"-0,08713052303218656040","0,00000154097946176720","0,00000001287006258162","0,00000010801916291471","0,00000001138457062605","0,00000001193771473622","0,00000004616038703012","0,00000002759138731366","0,00000169527276144025","0,00000086310340890548","0,00000001215163897242","0,00000064101520326317","0,00000181288187139733","0,00000007669902010822","0,00000090732772106286","0,00000001172001189368","0,00000034955521290661","0,00000482219653942458","0,00000072559585664767","0,00000215864920219425","0,00000028494619710266"
"-0,08512660039487193740","0,00000153765287507298","0,00000001283984691286","0,00000010752520720103","0,00000001135620832477","0,00000001195787490956","0,00000004585276986777","0,00000002764166829992","0,00000169648566941026","0,00000086034852492510","0,00000001215235831185","0,00000063684591344177","0,00000180689606450980","0,00000007716820709712","0,00000089780053540774","0,00000001169836306253","0,00000034822336286230","0,00000481737965526857","0,00000072065743492318","0,00000215014047528431","0,00000028210451624598"
"-0,08312267775755730060","0,00000153442111306582","0,00000001281329534865","0,00000010704684686314","0,00000001133429165017","0,00000001197662557913","0,00000004555537899810","0,00000002768620132717","0,00000169790813503957","0,00000085783943489369","0,00000001215341098258","0,00000063294322474671","0,00000180113663208719","0,00000007764369099264","0,00000088843605270865","0,00000001168136124505","0,00000034696497927260","0,00000481289294152608","0,00000071598178486387","0,00000214219335446005","0,00000027934276616881"
"-0,08111875512024267770","0,00000153128417574572","0,00000001279040788899","0,00000010658408190104","0,00000001131882060226","0,00000001199396674494","0,00000004526821442112","0,00000002772498639539","0,00000169954015832816","0,00000085557613881126","0,00000001215479698461","0,00000062930713717799","0,00000179560357412950","0,00000007812547179479","0,00000087923427296560","0,00000001166900644125","0,00000034578006213751","0,00000480873639819712","0,00000071156890646973","0,00000213480783972148","0,00000027666094687115"
"-0,07911483248292804080","0,00000152824206311269","0,00000001277118453388","0,00000010613691231473","0,00000001130979518103","0,00000001200989840698","0,00000004499127613683","0,00000002775802350460","0,00000170138173927604","0,00000085355863667781","0,00000001215651631794","0,00000062593765073560","0,00000179029689063674","0,00000007861354950357","0,00000087019519617860","0,00000001166129865112","0,00000034466861145703","0,00000480491002528167","0,00000070741879974076","0,00000212798393106858","0,00000027405905835300"
"-0,07711090984561341790","0,00000152529477516671","0,00000001275562528331","0,00000010570533810422","0,00000001130721538649","0,00000001202442056526","0,00000004472456414522","0,00000002778531265478","0,00000170343287788321","0,00000085178692849333","0,00000001215856898258","0,00000062283476541955","0,00000178521658160890","0,00000007910792411896","0,00000086131882234763","0,00000001165823787466","0,00000034363062723115","0,00000480141382277973","0,00000070353146467697","0,00000212172162850137","0,00000027153710061436"
"-0,07510698720829878110","0,00000152244231190780","0,00000001274373013730","0,00000010528935926950","0,00000001131108121863","0,00000001203753321977","0,00000004446807844630","0,00000002780685384594","0,00000170569357414967","0,00000085026101425783","0,00000001216095497852","0,00000061999848122983","0,00000178036264704598","0,00000007960859564098","0,00000085260515147269","0,00000001165982411188","0,00000034266610945988","0,00000479824779069132","0,00000069990690127836","0,00000211602093201984","0,00000026909507365524"
"-0,07310306457098415810","0,00000151968467333596","0,00000001273549909583","0,00000010488897581058","0,00000001132139267745","0,00000001204923637052","0,00000004422181904007","0,00000002782264707808","0,00000170816382807542","0,00000084898089397131","0,00000001216367430576","0,00000061742879816645","0,00000177573508694798","0,00000008011556406962","0,00000084405418355380","0,00000001166605736277","0,00000034177505814322","0,00000479541192901643","0,00000069654510954491","0,00000211088184162399","0,00000026673297747563"
"-0,07109914193366952130","0,00000151702185945117","0,00000001273093215890","0,00000010450418772744","0,00000001133814976296","0,00000001205953001751","0,00000004398578592652","0,00000002783269235120","0,00000171084363966046","0,00000084794656763377","0,00000001216672696430","0,00000061512571622941","0,00000177133390131491","0,00000008062882940489","0,00000083566591859094","0,00000001167693762733","0,00000034095747328116","0,00000479290623775505","0,00000069344608947665","0,00000210630435731382","0,00000026445081207553"
"-0,06909521929635489840","0,00000151445387025345","0,00000001273002932653","0,00000010413499502010","0,00000001136135247515","0,00000001206841416073","0,00000004375997910566","0,00000002783698966530","0,00000171373300890479","0,00000084715803524520","0,00000001217011295415","0,00000061308923541870","0,00000176715909014676","0,00000008114839164678","0,00000082744035658413","0,00000001169246490557","0,00000034021335487371","0,00000479073071690719","0,00000069060984107355","0,00000210228847908934","0,00000026224857745494"
"-0,06709129665904026150","0,00000151198070574279","0,00000001273279059870","0,00000010378139768856","0,00000001139100081403","0,00000001207588880018","0,00000004354439857748","0,00000002783553902038","0,00000171683193580841","0,00000084661529680561","0,00000001217383227529","0,00000061131935573433","0,00000176321065344353","0,00000008167425079529","0,00000081937749753335","0,00000001171263919748","0,00000033954270292087","0,00000478888536647285","0,00000068803636433563","0,00000209883420695053","0,00000026012627361387"
"-0,06508737402172563860","0,00000150960236591919","0,00000001273921597543","0,00000010344339573280","0,00000001142709477959","0,00000001208195393587","0,00000004333904434199","0,00000002782834041643","0,00000172014042037131","0,00000084631835231500","0,00000001217788492774","0,00000060981607717629","0,00000175948859120523","0,00000008220640685042","0,00000081147734143861","0,00000001173746050306","0,00000033894551742263","0,00000478737018645203","0,00000068572565926289","0,00000209594154089741","0,00000025808390055231"
"-0,06308345138441100180","0,00000150731885078265","0,00000001274930545670","0,00000010312098915284","0,00000001146963437184","0,00000001208660956780","0,00000004314391639918","0,00000002781539385347","0,00000172365846259351","0,00000084626720177337","0,00000001218227091150","0,00000060857939974459","0,00000175599290343185","0,00000008274485981218","0,00000080373988829991","0,00000001176692882232","0,00000033842179837901","0,00000478618517684473","0,00000068367772585532","0,00000209361048092997","0,00000025612145827026"
"-0,06107952874709637880","0,00000150513016033318","0,00000001276305904251","0,00000010281417794867","0,00000001151861959077","0,00000001208985569596","0,00000004295901474907","0,00000002779669933148","0,00000172738606247499","0,00000084646184518072","0,00000001218699022655","0,00000060760932343923","0,00000175272359012339","0,00000008328960968057","0,00000079616513811724","0,00000001180104415525","0,00000033797154578999","0,00000478533033765095","0,00000068189256411292","0,00000209184102704821","0,00000025423894676772"
"-0,05907560610978174890","0,00000150303629457077","0,00000001278047673288","0,00000010252296212029","0,00000001157405043639","0,00000001209169232036","0,00000004278433939163","0,00000002777225685048","0,00000173132322001576","0,00000084690228253704","0,00000001219204287291","0,00000060690584826021","0,00000174968065127986","0,00000008384065645557","0,00000078875309089062","0,00000001183980650186","0,00000033759475965557","0,00000478480566887068","0,00000068037017403570","0,00000209063317925213","0,00000025243636604470"
"-0,05707168347246711900","0,00000150103725349542","0,00000001280155852779","0,00000010224734166771","0,00000001163592690869","0,00000001209211944099","0,00000004261989032689","0,00000002774206641045","0,00000173546993521582","0,00000084758851384234","0,00000001219742885057","0,00000060646897420752","0,00000174686408690125","0,00000008439800013720","0,00000078150374662003","0,00000001188321586214","0,00000033729143997577","0,00000478461117050394","0,00000067911055562365","0,00000208998693754174","0,00000025071371610119"
"-0,05506776083515248920","0,00000149913303710713","0,00000001282630442725","0,00000010198731659091","0,00000001170424900768","0,00000001209113705786","0,00000004246566755482","0,00000002770612801140","0,00000173982620807517","0,00000084852053909661","0,00000001220314815953","0,00000060629870128116","0,00000174427389698756","0,00000008496164072545","0,00000077441710530548","0,00000001193127223609","0,00000033706158675057","0,00000478474684255071","0,00000067811370887677","0,00000208990230191703","0,00000024907099693719"
"-0,05306383819783785930","0,00000149732364540590","0,00000001285471443126","0,00000010174288688991","0,00000001177901673335","0,00000001208874517096","0,00000004232167107545","0,00000002766444165333","0,00000174439203859381","0,00000084969835829987","0,00000001220920079979","0,00000060639502948115","0,00000174191008153879","0,00000008553157822033","0,00000076749316694697","0,00000001198397562372","0,00000033690519997997","0,00000478521268501100","0,00000067737963379508","0,00000209037927237799","0,00000024750820855270"
"-0,05105991556052322940","0,00000149560907839174","0,00000001288678853982","0,00000010151405256471","0,00000001186023008570","0,00000001208494378030","0,00000004218790088876","0,00000002761700733624","0,00000174916742677174","0,00000085112197145210","0,00000001221558677136","0,00000060675795880747","0,00000173977264055495","0,00000008610781262182","0,00000076073193154450","0,00000001204132602502","0,00000033682227966399","0,00000478600869788481","0,00000067690833037855","0,00000209141784892464","0,00000024602535094772"
"-0,04905599292320859950","0,00000149396179702478","0,00000001291940038347","0,00000010130321545026","0,00000001194130281853","0,00000001208042840415","0,00000004206655953594","0,00000002756989754959","0,00000175414066171487","0,00000085276523865739","0,00000001222185851789","0,00000060733551392248","0,00000173786112037292","0,00000008667002675474","0,00000075420336340230","0,00000001209838604548","0,00000033682088954738","0,00000478703540568578","0,00000067668712187231","0,00000209299912288278","0,00000024463016525027"
"-0,04705207028589396960","0,00000149235426226515","0,00000001294942359277","0,00000010111277738153","0,00000001201564868562","0,00000001207589456079","0,00000004195984955815","0,00000002752918478283","0,00000175930003252914","0,00000085460202001982","0,00000001222756848304","0,00000060807571948856","0,00000173617506732957","0,00000008719790344387","0,00000074797742682463","0,00000001215021829059","0,00000033690909337493","0,00000478819333292756","0,00000067670333152148","0,00000209510418557821","0,00000024333039258837"
"-0,04504814764857933970","0,00000149078647411285","0,00000001297685816772","0,00000010094273835852","0,00000001208326768697","0,00000001207134225021","0,00000004186777095542","0,00000002749486903597","0,00000176464553921454","0,00000085663231553940","0,00000001223271666683","0,00000060897857550569","0,00000173471448142491","0,00000008769144268921","0,00000074205412181147","0,00000001219682276035","0,00000033708689114662","0,00000478948247961016","0,00000067695695932605","0,00000209773303701092","0,00000024212603296200"
"-0,04304422501126470980","0,00000148925843256789","0,00000001300170410831","0,00000010079309838123","0,00000001214415982258","0,00000001206677147242","0,00000004179032372772","0,00000002746695030900","0,00000177017718177106","0,00000085885612521611","0,00000001223730306923","0,00000061004408197387","0,00000173347936265893","0,00000008815064449077","0,00000073643344836283","0,00000001223819945476","0,00000033735428286247","0,00000479090284573356","0,00000067744800528602","0,00000210088567718093","0,00000024101708637117"
"-0,04104030237395008000","0,00000148777013763026","0,00000001302396141456","0,00000010066385744966","0,00000001219832509245","0,00000001206218222742","0,00000004172750787506","0,00000002744542860194","0,00000177589496019871","0,00000086127344904996","0,00000001224132769027","0,00000061127223889312","0,00000173246971103165","0,00000008857550884853","0,00000073111540647871","0,00000001227434837382","0,00000033771126852246","0,00000479245443129777","0,00000067817646940140","0,00000210456210608822","0,00000024000355281588"
"-0,03903637973663545010","0,00000148632158929996","0,00000001304363008645","0,00000010055501556381","0,00000001224576349658","0,00000001205757451520","0,00000004167932339745","0,00000002743030391476","0,00000178179887449749","0,00000086388428704096","0,00000001224479052993","0,00000061266304626342","0,00000173168552654305","0,00000008896603576251","0,00000072609999615911","0,00000001230526951753","0,00000033815784812661","0,00000479413723630279","0,00000067914235167218","0,00000210876232373281","0,00000023908543229614"
"-0,03703245709932082020","0,00000148491278757700","0,00000001306071012398","0,00000010046657272368","0,00000001228647503497","0,00000001205294833578","0,00000004164577029488","0,00000002742157624749","0,00000178788892466740","0,00000086668863918909","0,00000001224769158821","0,00000061421650408477","0,00000173112680919314","0,00000008932222523271","0,00000072138721740402","0,00000001233096288589","0,00000033869402167491","0,00000479595126074862","0,00000068034565209836","0,00000211348633011468","0,00000023826272481193"
"-0,03502853446200619030","0,00000148354373246137","0,00000001307520152717","0,00000010039852892927","0,00000001232045970762","0,00000001204830368913","0,00000004162684856735","0,00000002741924560011","0,00000179416511070844","0,00000086968650549437","0,00000001225003086512","0,00000061593261235719","0,00000173079355898192","0,00000008964407725911","0,00000071697707021346","0,00000001235142847890","0,00000033931978916736","0,00000479789650463526","0,00000068178637067995","0,00000211873412523385","0,00000023753543036327"
"-0,03302461182469156740","0,00000148221442395308","0,00000001308710429600","0,00000010035088418058","0,00000001234771751454","0,00000001204364057528","0,00000004162255821487","0,00000002742331197263","0,00000180062743262061","0,00000087287788595678","0,00000001225180836066","0,00000061781137108066","0,00000173068577590939","0,00000008993159184173","0,00000071286955458741","0,00000001236666629657","0,00000034003515060395","0,00000479997296796271","0,00000068346450741694","0,00000212450570909030","0,00000023690354895014"
"-0,03102068918737693400","0,00000148092486205212","0,00000001309641843048","0,00000010032363847761","0,00000001236824845571","0,00000001203895899421","0,00000004163289923743","0,00000002743377536504","0,00000180727589040390","0,00000087626278057634","0,00000001225302407482","0,00000061985278025518","0,00000173080345997554","0,00000009018476898056","0,00000070906467052588","0,00000001237667633888","0,00000034084010598470","0,00000480218065073097","0,00000068538006230933","0,00000213080108168405","0,00000023636708057256"
"-0,02901676655006230410","0,00000147967504675849","0,00000001310314393060","0,00000010031679182036","0,00000001238205253114","0,00000001203425894593","0,00000004165787163503","0,00000002745063577735","0,00000181411048405833","0,00000087984118935303","0,00000001225367800761","0,00000062205683988077","0,00000173114661118039","0,00000009040360867560","0,00000070556241802887","0,00000001238145860584","0,00000034173465530960","0,00000480451955294004","0,00000068753303535713","0,00000213762024301509","0,00000023592602523051"
"-0,02701284391274767420","0,00000147846497807220","0,00000001310728079637","0,00000010033034420883","0,00000001238912974084","0,00000001202954043044","0,00000004169747540767","0,00000002747389320956","0,00000182113121358388","0,00000088361311228687","0,00000001225377015903","0,00000062442354995741","0,00000173171522952392","0,00000009058811092686","0,00000070236279709638","0,00000001238101309745","0,00000034271879857865","0,00000480698967458992","0,00000068992342656033","0,00000214496319308341","0,00000023558038292401"
"-0,02500892127543304780","0,00000147729465599324","0,00000001310882902779","0,00000010036429564302","0,00000001238948008479","0,00000001202480344773","0,00000004175171055536","0,00000002750354766166","0,00000182833807898056","0,00000088757854937785","0,00000001225330052907","0,00000062695291048510","0,00000173250931500614","0,00000009073827573433","0,00000069946580772841","0,00000001237533981371","0,00000034379253579185","0,00000480959101568061","0,00000069255123591893","0,00000215282993188903","0,00000023533015365305"
"-0,02300499863811841790","0,00000147616408052161","0,00000001310778862486","0,00000010041864612293","0,00000001238310356301","0,00000001202004799781","0,00000004182057707808","0,00000002753959913366","0,00000183573108024837","0,00000089173750062596","0,00000001225226911774","0,00000062964492146386","0,00000173352886762704","0,00000009085410309801","0,00000069687144992495","0,00000001236443875462","0,00000034495586694920","0,00000481232357621211","0,00000069541646343294","0,00000216122045943193","0,00000023517533741763"
"-0,02100107600080378810","0,00000147507325165732","0,00000001310415958757","0,00000010049339564856","0,00000001237000017549","0,00000001201527408068","0,00000004190407497585","0,00000002758204762556","0,00000184331021738731","0,00000089608996603122","0,00000001225067592503","0,00000063249958289367","0,00000173477388738664","0,00000009093559301790","0,00000069457972368602","0,00000001234830992018","0,00000034620879205070","0,00000481518735618442","0,00000069851910910235","0,00000217013477571213","0,00000023511593421775"
"-0,01899715336348915820","0,00000147402216940036","0,00000001309794191593","0,00000010058854421991","0,00000001235016992222","0,00000001201048169633","0,00000004200220424867","0,00000002763089313735","0,00000185107549039738","0,00000090063594559362","0,00000001224852095095","0,00000063551689477453","0,00000173624437428492","0,00000009098274549401","0,00000069259062901160","0,00000001232695331039","0,00000034755131109635","0,00000481818235559754","0,00000070185917292716","0,00000217957288072961","0,00000023515194405341"
"-0,01699323072617452830","0,00000147301083375074","0,00000001308913560994","0,00000010070409183698","0,00000001232361280322","0,00000001200567084477","0,00000004211496489652","0,00000002768613566904","0,00000185902689927858","0,00000090537543931316","0,00000001224580419549","0,00000063869685710646","0,00000173794032832189","0,00000009099556052633","0,00000069090416590170","0,00000001230036892524","0,00000034898342408616","0,00000482130857445147","0,00000070543665490738","0,00000218953477448439","0,00000023528336692461"
"-0,01498930808885989840","0,00000147203924470845","0,00000001307774066960","0,00000010084003849977","0,00000001229032881848","0,00000001200084152600","0,00000004224235691942","0,00000002774777522062","0,00000186716444403090","0,00000091030844718984","0,00000001224252565866","0,00000064203946988944","0,00000173986174949755","0,00000009097403811486","0,00000068952033435632","0,00000001226855676475","0,00000035050513102011","0,00000482456601274621","0,00000070925155504300","0,00000220002045697646","0,00000023551020283135"
"-0,01298538545154526850","0,00000147110740227349","0,00000001306375709490","0,00000010099638420828","0,00000001225031796800","0,00000001199599374001","0,00000004238438031736","0,00000002781581179210","0,00000187548812465436","0,00000091543496922366","0,00000001223868534046","0,00000064554473312347","0,00000174200863781190","0,00000009091817825961","0,00000068843913437545","0,00000001223151682891","0,00000035211643189821","0,00000482795467048176","0,00000071330387333402","0,00000221102992820581","0,00000023583245177363"
"-0,01098146281423064040","0,00000147021530644586","0,00000001304718488585","0,00000010117312896252","0,00000001220358025178","0,00000001199112748681","0,00000004254103509034","0,00000002789024538348","0,00000188399794114894","0,00000092075500541462","0,00000001223428324088","0,00000064921264680857","0,00000174438099326493","0,00000009082798096057","0,00000068766056595911","0,00000001218924911772","0,00000035381732672047","0,00000483147454765811","0,00000071759360978045","0,00000222256318817246","0,00000023625011375145"
"-0,00897754017691601049","0,00000146936295722557","0,00000001302802404245","0,00000010137027276247","0,00000001215011566982","0,00000001198624276640","0,00000004271232123837","0,00000002797107599475","0,00000189269389351465","0,00000092626855576272","0,00000001222931935992","0,00000065304321094472","0,00000174697881585665","0,00000009070344621774","0,00000068718462910728","0,00000001214175363118","0,00000035560781548687","0,00000483512564427528","0,00000072212076438228","0,00000223462023687639","0,00000023676318876481"
"-0,00697361753960138060","0,00000146855035461262","0,00000001300627456469","0,00000010158781560814","0,00000001208992422212","0,00000001198133957878","0,00000004289823876143","0,00000002805830362592","0,00000190157598175149","0,00000093197562026796","0,00000001222379369760","0,00000065703642553193","0,00000174980210558706","0,00000009054457403112","0,00000068701132381998","0,00000001208903036929","0,00000035748789819743","0,00000483890796033326","0,00000072688533713951","0,00000224720107431762","0,00000023737167681371"
"-0,00496969490228675159","0,00000146777749860699","0,00000001298193645258","0,00000010182575749953","0,00000001202300590868","0,00000001197641792394","0,00000004309878765954","0,00000002815192827699","0,00000191064420585946","0,00000093787619893035","0,00000001221770625390","0,00000066119229057019","0,00000175285086245616","0,00000009035136440072","0,00000068714065009719","0,00000001203107933205","0,00000035945757485213","0,00000484282149583204","0,00000073188732805215","0,00000226030570049613","0,00000023807557789816"
"-0,00296577226497212214","0,00000146704438920870","0,00000001295500970612","0,00000010208409843664","0,00000001194936072950","0,00000001197147780189","0,00000004331396793269","0,00000002825194994795","0,00000191989856583856","0,00000094397029174987","0,00000001221105702882","0,00000066551080605951","0,00000175612508646395","0,00000009012381732652","0,00000068757260793892","0,00000001196790051946","0,00000036151684545099","0,00000484686625077164","0,00000073712673712019","0,00000227393411541194","0,00000023887489201814"
"-0,00096184962765749247","0,00000146635102641775","0,00000001292549432531","0,00000010236283841947","0,00000001186898868459","0,00000001196651921262","0,00000004354377958089","0,00000002835836863881","0,00000192933906168879","0,00000095025789872653","0,00000001220384602237","0,00000066999197199989","0,00000175962477761042","0,00000008986193280855","0,00000068830719734516","0,00000001189949393151","0,00000036366570999399","0,00000485104222515205","0,00000074260356434363","0,00000228808631906503","0,00000023976961917366"
"0,00104207300965713698","0,00000146569694422311","0,00000001289699994841","0,00000010266514606651","0,00000001178835379103","0,00000001196189229084","0,00000004378577270509","0,00000002846556451717","0,00000193892604396484","0,00000095669561032955","0,00000001219656962205","0,00000067460297478302","0,00000176328552702592","0,00000008957853379400","0,00000068931811282445","0,00000001183113766947","0,00000036589820621091","0,00000485535415431128","0,00000074823587115562","0,00000230267934524301","0,00000024073646772011"
"0,00304599564697176665","0,00000146508167661379","0,00000001287313621369","0,00000010299418999623","0,00000001171392006594","0,00000001195794717122","0,00000004403749740627","0,00000002856791775064","0,00000194861986322140","0,00000096324001702815","0,00000001218972421535","0,00000067931100080062","0,00000176704292584079","0,00000008928644323009","0,00000069057904888532","0,00000001176810983457","0,00000036820837183150","0,00000485980677358735","0,00000075394171898928","0,00000231763022773346","0,00000024175214601287"
"0,00504991828428639610","0,00000146450522358977","0,00000001285390312116","0,00000010334997020865","0,00000001164568750932","0,00000001195468385377","0,00000004429895368441","0,00000002866542833920","0,00000195842051945847","0,00000096989111882232","0,00000001218330980227","0,00000068411605005267","0,00000177089697405502","0,00000008898566111683","0,00000069209000552775","0,00000001171041042681","0,00000037059620685577","0,00000486440008298027","0,00000075972110784463","0,00000233293896653639","0,00000024281665405193"
"0,00705384092160102512","0,00000146396758515105","0,00000001283930067081","0,00000010373248670377","0,00000001158365612117","0,00000001195210233849","0,00000004457014153953","0,00000002875809628287","0,00000196832801267605","0,00000097664891571206","0,00000001217732638282","0,00000068901812253918","0,00000177484767166862","0,00000008867618745421","0,00000069385098275175","0,00000001165803944619","0,00000037306171128371","0,00000486913408249003","0,00000076557403772167","0,00000234860556165179","0,00000024392999183730"
"0,00905776355891565501","0,00000146346876129765","0,00000001282932886264","0,00000010414173948157","0,00000001152782590148","0,00000001195020262538","0,00000004485106097162","0,00000002884592158165","0,00000197834234287415","0,00000098351340769737","0,00000001217177395699","0,00000069401721826015","0,00000177889501868159","0,00000008835802224223","0,00000069586198055732","0,00000001161099689271","0,00000037560488511533","0,00000487400877211663","0,00000077150050862038","0,00000236463001307967","0,00000024509215936898"
"0,01106168619623028490","0,00000146300875202955","0,00000001282398769666","0,00000010457772854207","0,00000001147819685025","0,00000001194898471444","0,00000004514171198068","0,00000002892890423552","0,00000198846351005276","0,00000099048459477826","0,00000001216665252479","0,00000069911333721558","0,00000178303901509392","0,00000008803116548090","0,00000069812299894446","0,00000001156928276638","0,00000037822572835062","0,00000487902415186007","0,00000077750052054078","0,00000238101232082002","0,00000024630315664697"
"0,01306560883354491300","0,00000146258755734676","0,00000001282327717285","0,00000010504045388526","0,00000001143476896750","0,00000001194844860567","0,00000004544209456671","0,00000002900704424450","0,00000199869151421188","0,00000099756247695473","0,00000001216196208621","0,00000070430647940547","0,00000178727966090562","0,00000008769561717021","0,00000070063403791316","0,00000001153289706719","0,00000038092424098958","0,00000488418022172036","0,00000078357407348286","0,00000239775248487284","0,00000024756298367126"
"0,01506953147085954290","0,00000146220517724928","0,00000001282719729124","0,00000010552991551114","0,00000001139754225320","0,00000001194859429907","0,00000004575220872972","0,00000002908034160859","0,00000200902635535152","0,00000100474705422677","0,00000001215770264125","0,00000070959664482982","0,00000179161695611669","0,00000008735137731017","0,00000070339509746344","0,00000001150183979514","0,00000038370042303222","0,00000488947698169749","0,00000078972116744662","0,00000241485050523814","0,00000024887164044186"
"0,01707345410817417280","0,00000146186161173710","0,00000001283574805180","0,00000010604611341971","0,00000001136651670738","0,00000001194942179464","0,00000004607205446969","0,00000002914879632778","0,00000201946803347166","0,00000101203832659438","0,00000001215387418992","0,00000071498383348862","0,00000179605090072712","0,00000008699844590077","0,00000070640617759529","0,00000001147611095023","0,00000038655427447853","0,00000489491443179146","0,00000079594180243207","0,00000243230638191591","0,00000025022912695877"
"0,01907737674548880270","0,00000146155686081024","0,00000001284892945455","0,00000010658904761098","0,00000001134169233002","0,00000001195093109238","0,00000004640163178664","0,00000002921240840207","0,00000203001654857232","0,00000101943629405756","0,00000001215047673221","0,00000072046804538189","0,00000180058149473691","0,00000008663682294201","0,00000070966727830871","0,00000001145571053247","0,00000038948579532852","0,00000490049257200227","0,00000080223597843919","0,00000245012011490616","0,00000025163544322199"
"0,02108129938280343260","0,00000146129092446868","0,00000001286674149948","0,00000010715871808494","0,00000001132306912113","0,00000001195312219228","0,00000004674094068056","0,00000002927117783146","0,00000204067190065350","0,00000102694095661632","0,00000001214751026813","0,00000072604928050961","0,00000180520873814608","0,00000008626650843390","0,00000071317839960369","0,00000001144063854185","0,00000039249498558218","0,00000490621140232992","0,00000080860369546800","0,00000246829170420888","0,00000025309058923151"
"0,02308522202011806250","0,00000146106380271242","0,00000001288918418659","0,00000010775512484158","0,00000001131064708070","0,00000001195599509436","0,00000004708998115145","0,00000002932510461596","0,00000205143408971518","0,00000103455231427066","0,00000001214497479767","0,00000073172753887180","0,00000180993263095460","0,00000008588750237643","0,00000071693954148025","0,00000001143089497837","0,00000039558184523952","0,00000491207092277442","0,00000081504495351849","0,00000248682114982408","0,00000025459456498734"
"0,02508914465743269230","0,00000146087549554148","0,00000001291625751589","0,00000010837826788093","0,00000001130442620874","0,00000001195954979860","0,00000004744875319932","0,00000002937418875556","0,00000206230311575738","0,00000104227036702057","0,00000001214287032084","0,00000073750282046844","0,00000181475317316250","0,00000008549980476960","0,00000072095070393838","0,00000001142647984203","0,00000039874637430052","0,00000491807113333576","0,00000082155975259067","0,00000250570845175175","0,00000025614737048948"
"0,02709306729474731880","0,00000146072600295584","0,00000001294796148737","0,00000010902814720296","0,00000001130440650524","0,00000001196378630502","0,00000004781725682415","0,00000002941843025027","0,00000207327897878009","0,00000105009511486605","0,00000001214119683762","0,00000074337512529954","0,00000181967036476976","0,00000008510341561342","0,00000072521188697807","0,00000001142739313284","0,00000040198857276521","0,00000492421203401394","0,00000082814809268452","0,00000252495360999189","0,00000025774900573793"
"0,02909698993206194860","0,00000146061532495551","0,00000001298429610104","0,00000010970476280768","0,00000001131058797021","0,00000001196870461360","0,00000004819549202596","0,00000002945782910008","0,00000208436167878331","0,00000105802655780710","0,00000001213995434804","0,00000074934445336510","0,00000182468420577639","0,00000008469833490788","0,00000072972309059934","0,00000001143363485078","0,00000040530844063357","0,00000493049362480897","0,00000083480997380006","0,00000254455662454451","0,00000025939947073268"
"0,03110091256937657850","0,00000146054346154049","0,00000001302526135688","0,00000011040811469510","0,00000001132297060365","0,00000001197430472435","0,00000004858345880474","0,00000002949238530499","0,00000209555121576704","0,00000106606469584373","0,00000001213914285207","0,00000075541080466512","0,00000182979469618238","0,00000008428456265299","0,00000073448431480217","0,00000001144520499588","0,00000040870597790560","0,00000493691590572083","0,00000084154539593728","0,00000256451749540961","0,00000026109876547374"
"0,03310483520669121190","0,00000146051041271078","0,00000001307085725491","0,00000011113820286521","0,00000001134155440555","0,00000001198058663727","0,00000004898115716049","0,00000002952209886501","0,00000210684758973129","0,00000107420952897594","0,00000001213876234974","0,00000076157417919959","0,00000183500183598774","0,00000008386209884874","0,00000073949555958658","0,00000001146210356811","0,00000041218118458130","0,00000494347887674954","0,00000084835435909619","0,00000258483622258718","0,00000026284688996111"
"0,03510875784400583480","0,00000146051617846637","0,00000001312108379512","0,00000011189502731801","0,00000001136633937592","0,00000001198755035236","0,00000004938858709322","0,00000002954696978013","0,00000211825080067604","0,00000108246105720372","0,00000001213881284102","0,00000076783457696853","0,00000184030562519247","0,00000008343094349513","0,00000074475682495255","0,00000001148433056748","0,00000041573406066068","0,00000495018253789509","0,00000085523686327677","0,00000260551280607722","0,00000026464384419479"
"0,03711268048132046470","0,00000146056075880727","0,00000001317594097752","0,00000011267858805351","0,00000001139732551476","0,00000001199519586962","0,00000004980574860291","0,00000002956699805036","0,00000212976084860131","0,00000109081928052707","0,00000001213929432593","0,00000077419199797192","0,00000184570606379656","0,00000008299109659217","0,00000075026811090009","0,00000001151188599400","0,00000041936460614374","0,00000495702688915748","0,00000086219290847904","0,00000262654724587974","0,00000026648962817477"
"0,03911660311863509460","0,00000146064415373348","0,00000001323542880210","0,00000011348888507169","0,00000001143451282206","0,00000001200352318905","0,00000005023264168958","0,00000002958218367568","0,00000214137773350710","0,00000109928419894599","0,00000001214020680446","0,00000078064644220978","0,00000185120315180002","0,00000008254255813985","0,00000075602941742921","0,00000001154476984766","0,00000042307282103047","0,00000496401193053672","0,00000086922249470299","0,00000264793954199473","0,00000026838424190107"
"0,04112052575594972450","0,00000146076636324499","0,00000001329954726886","0,00000011432591837257","0,00000001147790129782","0,00000001201253231065","0,00000005066926635322","0,00000002959252665611","0,00000215310145539339","0,00000110785581246049","0,00000001214155027662","0,00000078719790968209","0,00000185679688920284","0,00000008208532813818","0,00000076204074453989","0,00000001158298212847","0,00000042685870532087","0,00000497113766203280","0,00000087632562194862","0,00000266968969442220","0,00000027032768537367"
"0,04312444839326435440","0,00000146092738734181","0,00000001336829637781","0,00000011518968795614","0,00000001152749094206","0,00000001202222323442","0,00000005111562259383","0,00000002959802699165","0,00000216493201426020","0,00000111653412107057","0,00000001214332474240","0,00000079384640038886","0,00000186248727600503","0,00000008161940658715","0,00000076830209223214","0,00000001162652283641","0,00000043072225901495","0,00000497840408364572","0,00000088350229021594","0,00000269179770316214","0,00000027231995859257"
"0,04512837103057898420","0,00000146112722602394","0,00000001344167612893","0,00000011608019382240","0,00000001158328175476","0,00000001203259596035","0,00000005157171041141","0,00000002959868468229","0,00000217686941010752","0,00000112531912477621","0,00000001214553020181","0,00000080059191433009","0,00000186827431220659","0,00000008114479348676","0,00000077481346050596","0,00000001167539197150","0,00000043466348211270","0,00000498581119537548","0,00000089075249950494","0,00000271426356821455","0,00000027436106155779"
"0,04713229366789361410","0,00000146136587929138","0,00000001351968652225","0,00000011699743597135","0,00000001164527373592","0,00000001204365048846","0,00000005203752980596","0,00000002959449972803","0,00000218891364293535","0,00000113421082357744","0,00000001214816665484","0,00000080743445150578","0,00000187415799780751","0,00000008066148883701","0,00000078157484936135","0,00000001172958953373","0,00000043868237461412","0,00000499335899722208","0,00000089807624981562","0,00000273708728957944","0,00000027645099426931"
"0,04913621630520824400","0,00000146164334714413","0,00000001360232755774","0,00000011794141440300","0,00000001171346688555","0,00000001205538681874","0,00000005251308077749","0,00000002958547212888","0,00000220106471274370","0,00000114320921747423","0,00000001215123410149","0,00000081437401191593","0,00000188013833280780","0,00000008016949263791","0,00000078858625879832","0,00000001178911552310","0,00000044277893651922","0,00000500104748918553","0,00000090547354114798","0,00000276026886725680","0,00000027858975672714"
"0,05114013894252287390","0,00000146194874491208","0,00000001368532488216","0,00000011890880874789","0,00000001178217013571","0,00000001206687747854","0,00000005299634339101","0,00000002957895221710","0,00000221330633897239","0,00000115228627860012","0,00000001215476661686","0,00000082137435723583","0,00000188618608938570","0,00000007968230804802","0,00000079580678509103","0,00000001184910813324","0,00000044694269410910","0,00000500884636844481","0,00000091292316395855","0,00000278376527911976","0,00000028077363576586"
"0,05314406157983750380","0,00000146227118792516","0,00000001376440414223","0,00000011989629863659","0,00000001184569241845","0,00000001207719499521","0,00000005348529771155","0,00000002958229032499","0,00000222562224106127","0,00000116141397908861","0,00000001215879827603","0,00000082839924914078","0,00000189227203971947","0,00000007921343822591","0,00000080319552451369","0,00000001190470555778","0,00000045116317366484","0,00000501672533217893","0,00000092040390870387","0,00000280753350304144","0,00000028299891822006"
"0,05514798421715213370","0,00000146261067618335","0,00000001383956533797","0,00000012090388406909","0,00000001190403373377","0,00000001208633936877","0,00000005397994373911","0,00000002959548645254","0,00000223801241901034","0,00000117059231893972","0,00000001216332907901","0,00000083544868763077","0,00000189839618380909","0,00000007876288317158","0,00000081075247706630","0,00000001195590779671","0,00000045544037518645","0,00000502468438038787","0,00000092791577538392","0,00000283157353902183","0,00000028526560408974"
"0,05715190685446676360","0,00000146296720968666","0,00000001391080846937","0,00000012193156504539","0,00000001195719408168","0,00000001209431059921","0,00000005448028147368","0,00000002961854059974","0,00000225047687281959","0,00000117982129815343","0,00000001216835902579","0,00000084252267270582","0,00000190455852165458","0,00000007833064288502","0,00000081847764274885","0,00000001200271485004","0,00000045977429867393","0,00000503272351307165","0,00000093545876399871","0,00000285588538706094","0,00000028757369337490"
"0,05915582949178139340","0,00000146334078843509","0,00000001397813353643","0,00000012297934156550","0,00000001200517346217","0,00000001210110868653","0,00000005498631091528","0,00000002965145276661","0,00000226301560248903","0,00000118910091672975","0,00000001217388811637","0,00000084962120436591","0,00000191075905325593","0,00000007791671736624","0,00000082637102156134","0,00000001204512671776","0,00000046416494412729","0,00000504084273023027","0,00000094303287454824","0,00000288046904715876","0,00000028992318607554"
"0,06115975212909602330","0,00000146373141242864","0,00000001404154053914","0,00000012404721362941","0,00000001204797187525","0,00000001210673363073","0,00000005549803206389","0,00000002969422295313","0,00000227562860801865","0,00000119843117466867","0,00000001217991635076","0,00000085674428261105","0,00000191699777861314","0,00000007752110661523","0,00000083443261350377","0,00000001208314339988","0,00000046861231154651","0,00000504904203186371","0,00000095063810703251","0,00000290532451931529","0,00000029231408219166"
"0,06316367476641064630","0,00000146413908166730","0,00000001410102947752","0,00000012513518123712","0,00000001208558932091","0,00000001211118543181","0,00000005601544491951","0,00000002974685115931","0,00000228831588940846","0,00000120781207197021","0,00000001218644372895","0,00000086389190744124","0,00000192327469772622","0,00000007714381063201","0,00000084266241857615","0,00000001211676489639","0,00000047311640093160","0,00000505732141797199","0,00000095827446145152","0,00000293045180353055","0,00000029474638172326"
"0,06516759740372528310","0,00000146456379615108","0,00000001415660035156","0,00000012624324438864","0,00000001211802579915","0,00000001211446408976","0,00000005653854948216","0,00000002980933738516","0,00000230107744665845","0,00000121724360863435","0,00000001219347025095","0,00000087106407885648","0,00000192958981059515","0,00000007678482941656","0,00000085106043677848","0,00000001214599120730","0,00000047767721228257","0,00000506568088855510","0,00000096594193780526","0,00000295585089980452","0,00000029722008467034"
"0,06717152004103990600","0,00000146500555587998","0,00000001420825316127","0,00000012737140308396","0,00000001214528130998","0,00000001211656960460","0,00000005706734575182","0,00000002988168163066","0,00000231391327976863","0,00000122672578466110","0,00000001220099591675","0,00000087826079685676","0,00000193594311721995","0,00000007644416296888","0,00000085962666811074","0,00000001217082233261","0,00000048229474559940","0,00000507412044361304","0,00000097364053609375","0,00000298152180813720","0,00000029973519103289"
"0,06917544267835454290","0,00000146546436085399","0,00000001425598790663","0,00000012851965732308","0,00000001216735585339","0,00000001211750197632","0,00000005760183372851","0,00000002996388389582","0,00000232682338873899","0,00000123625860005046","0,00000001220902072636","0,00000088548206144210","0,00000194233461760060","0,00000007612181128899","0,00000086836111257295","0,00000001219125827231","0,00000048696900088211","0,00000508264008314581","0,00000098137025631698","0,00000300746452852861","0,00000030229170081093"
"0,07117936531566916580","0,00000146594021107313","0,00000001429980458765","0,00000012968800710601","0,00000001218424942939","0,00000001211726120491","0,00000005814201341221","0,00000003005594418064","0,00000233980777356954","0,00000124584205480243","0,00000001221754467977","0,00000089272787261248","0,00000194876431173712","0,00000007581777437687","0,00000087726377016510","0,00000001220729902640","0,00000049169997813068","0,00000509123980715342","0,00000098913109847494","0,00000303367906097872","0,00000030488961400444"
"0,07318328795298380260","0,00000146643310653738","0,00000001433970320433","0,00000013087645243274","0,00000001219596203797","0,00000001211584729039","0,00000005868788480292","0,00000003015786248513","0,00000235286643426028","0,00000125547614891700","0,00000001222656777699","0,00000089999823036790","0,00000195523219962951","0,00000007553205223253","0,00000088633464088720","0,00000001221894459489","0,00000049648767734513","0,00000509991961563586","0,00000099692306256765","0,00000306016540548756","0,00000030752893061343"
"0,07518721059029842560","0,00000146694304724674","0,00000001437568375667","0,00000013208499330327","0,00000001220249367913","0,00000001211326023274","0,00000005923944790066","0,00000003026963880927","0,00000236599937081120","0,00000126516088239419","0,00000001223609001801","0,00000090729313470838","0,00000196173828127775","0,00000007526464485596","0,00000089557372473924","0,00000001222619497778","0,00000050133209852544","0,00000510867950859313","0,00000100474614859509","0,00000308692356205510","0,00000031020965063791"
"0,07719113322761306240","0,00000146747003320123","0,00000001440774624468","0,00000013331362971761","0,00000001220384435287","0,00000001210950003198","0,00000005979670270541","0,00000003039127315307","0,00000237920658322230","0,00000127489625523398","0,00000001224611140283","0,00000091461258563391","0,00000196828255668186","0,00000007501555224717","0,00000090498102172123","0,00000001222905017506","0,00000050623324167163","0,00000511751948602523","0,00000101260035655728","0,00000311395353068137","0,00000031293177407786"
"0,07919505586492768540","0,00000146801406440083","0,00000001443589066834","0,00000013456236167575","0,00000001220001405921","0,00000001210456668809","0,00000006035964921718","0,00000003052276551653","0,00000239248807149360","0,00000128468226743638","0,00000001225663193146","0,00000092195658314448","0,00000197486502584182","0,00000007478477440616","0,00000091455653183315","0,00000001222751018674","0,00000051119110678369","0,00000512643954793217","0,00000102048568645420","0,00000314125531136635","0,00000031569530093329"
"0,08119897850224232220","0,00000146857514084555","0,00000001446011702767","0,00000013583118917769","0,00000001219100279812","0,00000001209846020109","0,00000006092828743597","0,00000003066411589965","0,00000240584383562507","0,00000129451891900138","0,00000001226765160389","0,00000092932512724010","0,00000198148568875765","0,00000007457231133293","0,00000092430025507503","0,00000001222157501281","0,00000051620569386161","0,00000513543969431394","0,00000102840213828586","0,00000316882890411004","0,00000031850023120420"
"0,08320290113955694510","0,00000146915326253539","0,00000001448042532265","0,00000013712011222344","0,00000001217681056962","0,00000001209118057096","0,00000006150261736178","0,00000003081532430242","0,00000241927387561674","0,00000130440620992900","0,00000001227917042013","0,00000093671821792077","0,00000198814454542934","0,00000007437816302747","0,00000093421219144684","0,00000001221124465328","0,00000052127700290541","0,00000514451992517054","0,00000103634971205227","0,00000319667430891246","0,00000032134656489059"
"0,08520682377687158190","0,00000146974842947035","0,00000001449681555330","0,00000013842913081299","0,00000001215743737370","0,00000001208272779772","0,00000006208263899460","0,00000003097639072486","0,00000243277819146859","0,00000131434414021922","0,00000001229118838017","0,00000094413585518648","0,00000199484159585689","0,00000007420232948979","0,00000094429234094860","0,00000001219651910814","0,00000052640503391508","0,00000515368024050197","0,00000104432840775341","0,00000322479152577358","0,00000032423430199245"
"0,08721074641418620490","0,00000147036064165042","0,00000001450928771961","0,00000013975824494634","0,00000001213288321037","0,00000001207310188135","0,00000006266835233445","0,00000003114731516696","0,00000244635678318062","0,00000132433270987206","0,00000001230370548402","0,00000095157803903725","0,00000200157684004031","0,00000007404481071989","0,00000095454070358030","0,00000001217739837740","0,00000053158978689061","0,00000516292064030823","0,00000105233822538929","0,00000325318055469343","0,00000032716344250980"
"0,08921466905150082780","0,00000147098989907561","0,00000001451784182157","0,00000014110745462350","0,00000001210314807962","0,00000001206230282186","0,00000006325975738131","0,00000003132809762872","0,00000246000965075284","0,00000133437191888750","0,00000001231672173167","0,00000095904476947306","0,00000200835027797958","0,00000007390560671777","0,00000096495727934195","0,00000001215388246106","0,00000053683126183202","0,00000517224112458933","0,00000106037916495991","0,00000328184139567199","0,00000033013398644263"
"0,09121859168881546470","0,00000147163620174592","0,00000001452247785920","0,00000014247675984445","0,00000001206823198145","0,00000001205033061926","0,00000006385685413518","0,00000003151873811013","0,00000247373679418525","0,00000134446176726554","0,00000001233023712312","0,00000096653604649392","0,00000201516190967472","0,00000007378471748342","0,00000097554206823354","0,00000001212597135911","0,00000054212945873930","0,00000518164169334526","0,00000106845122646526","0,00000331077404870926","0,00000033314593379093"
"0,09322251432613008760","0,00000147229954966134","0,00000001452319583249","0,00000014386616060922","0,00000001202813491587","0,00000001203718527353","0,00000006445964259608","0,00000003171923661121","0,00000248753821347784","0,00000135460225500620","0,00000001234425165838","0,00000097405187009983","0,00000202201173512572","0,00000007368214301685","0,00000098629507025507","0,00000001209366507155","0,00000054748437761245","0,00000519112234657602","0,00000107655440990536","0,00000333997851380525","0,00000033619928455472"
"0,09522643696344472440","0,00000147297994282189","0,00000001451999574144","0,00000014527565691778","0,00000001198285688287","0,00000001202286678468","0,00000006506812276399","0,00000003192959313194","0,00000250141390863062","0,00000136479338210946","0,00000001235876533744","0,00000098159224029078","0,00000202889975433258","0,00000007359788331805","0,00000099721628540655","0,00000001205696359839","0,00000055289601845147","0,00000520068308428161","0,00000108468871528020","0,00000336945479095996","0,00000033929403873398"
"0,09723035960075934740","0,00000147367738122755","0,00000001451287758605","0,00000014670524877015","0,00000001193239788246","0,00000001200737515271","0,00000006568229463893","0,00000003214980767234","0,00000251536387964358","0,00000137503514857533","0,00000001237377816031","0,00000098915715706679","0,00000203582596729530","0,00000007353193838703","0,00000100830571368797","0,00000001201586693963","0,00000055836438125636","0,00000521032390646204","0,00000109285414258978","0,00000339920288017338","0,00000034243019632872"
"0,09923428223807398420","0,00000147439186487833","0,00000001450184136632","0,00000014815493616633","0,00000001187675791463","0,00000001199071037762","0,00000006630215822088","0,00000003237988023239","0,00000252938812651673","0,00000138532755440381","0,00000001238929012698","0,00000099674662042784","0,00000204279037401389","0,00000007348430822379","0,00000101956335509933","0,00000001197037509526","0,00000056388946602712","0,00000522004481311730","0,00000110105069183409","0,00000342922278144552","0,00000034560775733895"
"0,10123820487538860700","0,00000147512892248011","0,00000001449009753964","0,00000014962009016090","0,00000001182125155625","0,00000001197446773900","0,00000006692528587534","0,00000003261408383532","0,00000254346234719062","0,00000139566768145871","0,00000001240402935264","0,00000100436597809503","0,00000204979755006088","0,00000007343034746004","0,00000103094063582650","0,00000001192466577750","0,00000056945368135688","0,00000522981159177880","0,00000110927483786589","0,00000345940100035601","0,00000034881181459492"
"0,10324212751270324400","0,00000147589408273878","0,00000001448085656338","0,00000015109608180847","0,00000001177119338418","0,00000001196024251644","0,00000006754924996782","0,00000003284669150435","0,00000255756223960582","0,00000140605261160385","0,00000001241672395246","0,00000101202057778946","0,00000205685207100881","0,00000007334541072746","0,00000104238898205535","0,00000001188291669854","0,00000057503943583878","0,00000523959002997796","0,00000111752305553791","0,00000348962404248450","0,00000035202746092693"
"0,10524605015001786700","0,00000147668734565434","0,00000001447411843756","0,00000015258291110904","0,00000001172658339842","0,00000001194803470993","0,00000006817405049831","0,00000003307770323948","0,00000257168780376233","0,00000141648234483921","0,00000001242737392645","0,00000101971041951113","0,00000206395393685770","0,00000007322949802608","0,00000105390839378587","0,00000001184512785839","0,00000058064672947281","0,00000524938012771476","0,00000112579534485014","0,00000351989190783099","0,00000035525469633498"
"0,10724997278733250400","0,00000147750871122678","0,00000001446988316217","0,00000015408057806262","0,00000001168742159898","0,00000001193784431948","0,00000006879968746681","0,00000003330711904071","0,00000258583903966015","0,00000142695688116480","0,00000001243597927460","0,00000102743550326003","0,00000207110314760754","0,00000007308260935587","0,00000106549887101805","0,00000001181129925704","0,00000058627556225898","0,00000525918188498922","0,00000113409170580261","0,00000355020459639547","0,00000035849352081906"
"0,10925389542464712700","0,00000147835817945612","0,00000001446815073721","0,00000015558908266919","0,00000001165370798585","0,00000001192967134508","0,00000006942616087333","0,00000003353493890803","0,00000260001594729928","0,00000143747622058063","0,00000001244253999691","0,00000103519582903617","0,00000207829970325832","0,00000007290474471686","0,00000107716041375192","0,00000001178143089451","0,00000059192593419728","0,00000526899530180134","0,00000114241213839529","0,00000358056210817795","0,00000036174393437917"
"0,11125781806196176300","0,00000147923575034234","0,00000001446892116268","0,00000015710842492876","0,00000001162544255903","0,00000001192351578674","0,00000007005347071786","0,00000003376116284145","0,00000261421852667971","0,00000144804036308668","0,00000001244705609339","0,00000104299139683954","0,00000208554360381005","0,00000007269590410903","0,00000108889302198745","0,00000001175552277078","0,00000059759784528772","0,00000527882037815111","0,00000115075664262819","0,00000361096444317842","0,00000036500593701531"
"0,11326174069927638600","0,00000148014142388545","0,00000001447219443858","0,00000015863860484132","0,00000001160262531853","0,00000001191937764445","0,00000007068161700041","0,00000003398579084097","0,00000262844677780145","0,00000145864930868297","0,00000001244952756404","0,00000105082220667015","0,00000209283484926273","0,00000007245608753238","0,00000110069669572466","0,00000001173357488586","0,00000060329129553029","0,00000528865711403853","0,00000115912521850131","0,00000364141160139689","0,00000036827952872749"
"0,11526566333659102300","0,00000148107520008545","0,00000001447797056491","0,00000016017962240689","0,00000001158525626434","0,00000001191725691822","0,00000007131059972096","0,00000003420882290658","0,00000264270070066450","0,00000146930305736949","0,00000001244995440885","0,00000105868825852800","0,00000210017343961636","0,00000007218529498692","0,00000111257143496354","0,00000001171558723975","0,00000060900628492500","0,00000529850550946361","0,00000116751786601466","0,00000367190358283336","0,00000037156470951570"
"0,11726958597390564600","0,00000148203707894234","0,00000001448624954167","0,00000016173147762546","0,00000001157333539646","0,00000001191715360805","0,00000007194041887953","0,00000003443025903830","0,00000265698029526885","0,00000148000160914624","0,00000001244833662782","0,00000106658955241308","0,00000210755937487094","0,00000007188352647265","0,00000112451723970409","0,00000001170155983244","0,00000061474281347184","0,00000530836556442634","0,00000117593458516823","0,00000370244038748782","0,00000037486147937994"
"0,11927350861122028300","0,00000148302706045611","0,00000001449703136886","0,00000016329417049703","0,00000001156686271490","0,00000001191906771393","0,00000007257107447611","0,00000003465009923611","0,00000267128556161452","0,00000149074496401322","0,00000001244467422096","0,00000107452608832539","0,00000211499265502647","0,00000007155078198956","0,00000113653410994631","0,00000001169149266395","0,00000062050088117082","0,00000531823727892672","0,00000118437537596201","0,00000373302201536027","0,00000037816983832021"
"0,12127743124853490600","0,00000148404514462678","0,00000001451031604649","0,00000016486770102159","0,00000001156583821965","0,00000001192299923587","0,00000007320256651071","0,00000003486834350001","0,00000268561649970149","0,00000150153312197043","0,00000001243896718826","0,00000108249786626495","0,00000212247328008294","0,00000007118706153766","0,00000114862204569021","0,00000001168538573426","0,00000062628048802193","0,00000532812065296475","0,00000119284023839602","0,00000376364846645073","0,00000038148978633652"
"0,12328135388584952900","0,00000148509133145433","0,00000001452610357454","0,00000016645206919916","0,00000001157026191071","0,00000001192894817387","0,00000007383489498332","0,00000003508499183002","0,00000269997310952977","0,00000151236608301788","0,00000001243121552973","0,00000109050488623173","0,00000213000125004036","0,00000007079236511694","0,00000116078104693578","0,00000001168323904338","0,00000063208163402518","0,00000533801568654044","0,00000120132917247025","0,00000379431974075917","0,00000038482132342887"
"0,12528527652316415200","0,00000148616562093877","0,00000001454439395302","0,00000016804727502972","0,00000001158013378809","0,00000001193691452792","0,00000007446805989394","0,00000003530004422612","0,00000271435539109935","0,00000152324384715555","0,00000001242141924537","0,00000109854714822576","0,00000213757656489874","0,00000007036669272741","0,00000117301111368302","0,00000001168505259130","0,00000063790431918056","0,00000534792237965378","0,00000120984217818471","0,00000382503583828562","0,00000038816444959724"
"0,12728919916047878900","0,00000148726801308010","0,00000001456518718194","0,00000016965331851328","0,00000001159545385178","0,00000001194689829803","0,00000007510206124257","0,00000003551350068832","0,00000272876334441024","0,00000153416641438346","0,00000001240957833516","0,00000110662465224702","0,00000214519922465806","0,00000006991004436907","0,00000118531224593194","0,00000001169082637804","0,00000064374854348808","0,00000535784073230478","0,00000121837925553938","0,00000385579675903006","0,00000039151916484165"
"0,12929312179779342500","0,00000148839850787832","0,00000001458848326128","0,00000017127019964985","0,00000001161622210178","0,00000001195889948419","0,00000007573689902922","0,00000003572536121662","0,00000274319696946245","0,00000154513378470160","0,00000001239569279913","0,00000111473739829552","0,00000215286922931832","0,00000006942242004191","0,00000119768444368253","0,00000001170056040358","0,00000064961430694773","0,00000536777074449343","0,00000122694040453427","0,00000388660250299250","0,00000039488546916209"
"0,13129704443510806200","0,00000148955710533342","0,00000001461428219106","0,00000017289791843941","0,00000001164243853810","0,00000001197291808641","0,00000007637257325388","0,00000003593562581102","0,00000275765626625595","0,00000155614595810997","0,00000001237976263725","0,00000112288538637125","0,00000216058657887954","0,00000006890381974593","0,00000121012770693479","0,00000001171425466793","0,00000065550160955952","0,00000537771241621973","0,00000123552562516939","0,00000391745307017293","0,00000039826336255857"
"0,13330096707242267100","0,00000149074380544542","0,00000001464258397127","0,00000017453647488197","0,00000001167410316072","0,00000001198895410468","0,00000007700908391656","0,00000003614429447151","0,00000277214123479077","0,00000156720293460857","0,00000001236178784955","0,00000113106861647422","0,00000216835127334171","0,00000006835424348114","0,00000122264203568872","0,00000001173190917109","0,00000066141045132344","0,00000538766574748369","0,00000124413491744473","0,00000394834846057136","0,00000040165284503107"
"0,13530488970973730800","0,00000149195860821430","0,00000001467338860191","0,00000017618586897753","0,00000001171121596967","0,00000001200700753902","0,00000007764643101724","0,00000003635136719810","0,00000278665187506689","0,00000157830471419740","0,00000001234176843600","0,00000113928708860442","0,00000217616331270482","0,00000006777369124754","0,00000123522742994432","0,00000001175352391306","0,00000066734083223950","0,00000539763073828530","0,00000125276828136028","0,00000397928867418778","0,00000040505391657961"
"0,13730881234705194500","0,00000149320151364007","0,00000001470669608297","0,00000017784610072609","0,00000001175377696492","0,00000001202707838940","0,00000007828461455594","0,00000003655684399079","0,00000280118818708433","0,00000158945129687646","0,00000001231970439663","0,00000114754080276186","0,00000218402269696889","0,00000006716216304512","0,00000124788388970160","0,00000001177909889383","0,00000067329275230769","0,00000540760738862456","0,00000126142571691606","0,00000401027371102220","0,00000040846657720419"
"0,13931273498436658200","0,00000149447252172273","0,00000001474250641447","0,00000017951717012765","0,00000001180178614649","0,00000001204916665585","0,00000007892363453266","0,00000003676072484958","0,00000281575017084307","0,00000160064268264576","0,00000001229559573141","0,00000115582975894654","0,00000219192942613390","0,00000006651965887389","0,00000126061141496055","0,00000001180863411341","0,00000067926621152802","0,00000541759569850148","0,00000127010722411207","0,00000404130357107462","0,00000041189082690480"
"0,14131665762168119100","0,00000149577163246228","0,00000001478081959640","0,00000018119907718220","0,00000001185524351437","0,00000001207327233835","0,00000007956349094738","0,00000003696300977446","0,00000283033782634311","0,00000161187887150528","0,00000001226944244037","0,00000116415395715845","0,00000219988350019986","0,00000006584617873385","0,00000127341000572117","0,00000001184212957180","0,00000068526120990048","0,00000542759566791605","0,00000127881280294829","0,00000407237825434503","0,00000041532666568144"
"0,14332058025899582800","0,00000149709884585872","0,00000001482163562876","0,00000018289182188976","0,00000001191414906856","0,00000001209939543690","0,00000008020418380012","0,00000003716369876544","0,00000284495115358447","0,00000162315986345504","0,00000001224124452348","0,00000117251339739759","0,00000220788491916677","0,00000006514172262499","0,00000128627966198347","0,00000001187958526900","0,00000069127774742508","0,00000543760729686828","0,00000128754245342473","0,00000410349776083344","0,00000041877409353411"
"0,14532450289631046500","0,00000149845416191204","0,00000001486495451155","0,00000018459540425031","0,00000001197850280907","0,00000001212753595151","0,00000008084571309087","0,00000003736279182252","0,00000285959015256713","0,00000163448565849503","0,00000001221100198076","0,00000118090807966398","0,00000221593368303463","0,00000006440629054731","0,00000129922038374743","0,00000001192100120501","0,00000069731582410182","0,00000544763058535815","0,00000129629617554140","0,00000413466209053984","0,00000042223311046282"
"0,14732842553362510100","0,00000149983758062225","0,00000001491077624477","0,00000018630982426387","0,00000001204830473589","0,00000001215769388218","0,00000008148807881964","0,00000003756028894570","0,00000287425482329110","0,00000164585625662525","0,00000001217871481221","0,00000118933800395760","0,00000222402979180343","0,00000006363988250082","0,00000131223217101307","0,00000001196637737982","0,00000070337543993069","0,00000545766553338568","0,00000130507396929828","0,00000416587124346424","0,00000042570371646755"
"0,14933234817093971000","0,00000150124910198935","0,00000001495910082843","0,00000018803508193042","0,00000001212355484903","0,00000001218986922890","0,00000008213128098642","0,00000003775619013497","0,00000288894516575637","0,00000165727165784570","0,00000001214438301782","0,00000119780317027845","0,00000223217324547319","0,00000006284249848552","0,00000132531502378039","0,00000001201571379344","0,00000070945659491169","0,00000546771214095087","0,00000131387583469539","0,00000419712521960663","0,00000042918591154833"
"0,15133627080825434700","0,00000150267347161125","0,00000001500807997760","0,00000018976396103571","0,00000001219838909751","0,00000001222159504360","0,00000008277468681535","0,00000003794999082850","0,00000290367048609421","0,00000166870850305989","0,00000001211066625957","0,00000120628043298383","0,00000224033231452155","0,00000006205914341625","0,00000133842073801284","0,00000001206530766260","0,00000071555103880849","0,00000547779003203967","0,00000132267531589910","0,00000422839562654826","0,00000043268201347900"
"0,15334019344556898400","0,00000150409543508587","0,00000001505586540737","0,00000019148924536545","0,00000001226694343036","0,00000001225040437818","0,00000008341766353058","0,00000003814118646443","0,00000291844009043585","0,00000168014343317132","0,00000001208022419943","0,00000121474664643102","0,00000224847526942619","0,00000006133482220784","0,00000135150110967389","0,00000001211145620404","0,00000072165052138475","0,00000548791883063804","0,00000133144595707580","0,00000425965407187036","0,00000043619434003343"
"0,15534411608288362100","0,00000150551499241319","0,00000001510245711775","0,00000019321093491966","0,00000001232921784759","0,00000001227629723265","0,00000008406021113211","0,00000003832977704277","0,00000293325397878129","0,00000169157644818000","0,00000001205305683741","0,00000122320181062003","0,00000225660211018711","0,00000006066953486030","0,00000136455613876354","0,00000001215415941776","0,00000072775504264048","0,00000549809853674598","0,00000134018775822549","0,00000429090055557294","0,00000043972289121162"
"0,15734803872019823000","0,00000150693214359323","0,00000001514785510873","0,00000019492902969832","0,00000001238521234920","0,00000001229927360700","0,00000008470232961994","0,00000003851576256352","0,00000294811215113054","0,00000170300754808592","0,00000001202916417350","0,00000123164592555085","0,00000226471283680429","0,00000006006328137363","0,00000137758582528179","0,00000001219341730375","0,00000073386460257566","0,00000550832915036350","0,00000134890071934817","0,00000432213507765598","0,00000044326766701357"
"0,15935196135751286700","0,00000150834688862598","0,00000001519205938032","0,00000019664352970144","0,00000001243492693519","0,00000001231933350125","0,00000008534401899406","0,00000003869914302668","0,00000296301460748360","0,00000171443673288908","0,00000001200854620771","0,00000124007899122349","0,00000227280744927776","0,00000005951606174783","0,00000139059016922865","0,00000001222922986202","0,00000073997920119031","0,00000551861067149059","0,00000135758484044383","0,00000435335763811949","0,00000044682866743928"
"0,16135588399482750400","0,00000150975922751144","0,00000001523506993251","0,00000019835443492903","0,00000001247836160555","0,00000001233647691538","0,00000008598527925448","0,00000003887991843224","0,00000297796134784046","0,00000172586400258948","0,00000001199120294002","0,00000124850100763794","0,00000228088594760749","0,00000005902787598290","0,00000140356917060411","0,00000001226159709257","0,00000074609883848442","0,00000552894310012726","0,00000136624012151248","0,00000438456823696348","0,00000045040589248875"
"0,16335980663214211300","0,00000151116916024962","0,00000001527688676531","0,00000020006174538107","0,00000001251551636029","0,00000001235070384940","0,00000008662611040120","0,00000003905808878021","0,00000299295237220113","0,00000173728935718713","0,00000001197713437046","0,00000125691197479420","0,00000228894833179351","0,00000005859872407884","0,00000141652282940817","0,00000001229051899539","0,00000075222351445798","0,00000553932643627350","0,00000137486656255412","0,00000441576687418794","0,00000045399934216198"
"0,16536372926945675000","0,00000151257668684051","0,00000001531750987871","0,00000020176546105758","0,00000001254639119941","0,00000001236201430330","0,00000008726651243422","0,00000003923365407059","0,00000300798768056560","0,00000174871279668202","0,00000001196634049900","0,00000126531189269227","0,00000229699460183579","0,00000005822860603565","0,00000142945114564083","0,00000001231599557049","0,00000075835322911101","0,00000554976067992931","0,00000138346416356875","0,00000444695354979287","0,00000045760901645897"
"0,16736765190677138600","0,00000151398180728410","0,00000001535693927271","0,00000020346558195854","0,00000001257098612290","0,00000001237040827709","0,00000008790648535353","0,00000003940661430338","0,00000302306727293388","0,00000176013432107416","0,00000001195882132566","0,00000127370076133216","0,00000230502475773435","0,00000005791752185333","0,00000144235411930209","0,00000001233802681786","0,00000076448798244351","0,00000556024583109470","0,00000139203292455636","0,00000447812826377827","0,00000046123491537972"
"0,16937157454408602300","0,00000151538452158042","0,00000001539517494732","0,00000020516210808397","0,00000001258930113077","0,00000001237588577077","0,00000008854602915914","0,00000003957696947857","0,00000303819114930597","0,00000177155393036354","0,00000001195457685043","0,00000128207858071386","0,00000231303879948919","0,00000005766547153188","0,00000145523175039195","0,00000001235661273752","0,00000077062777445546","0,00000557078188976966","0,00000140057284551696","0,00000450929101614414","0,00000046487703892424"
"0,17137549718140063200","0,00000151678482972944","0,00000001543221690253","0,00000020685503943385","0,00000001260133622302","0,00000001237844678434","0,00000008918514385105","0,00000003974471959617","0,00000305335930968186","0,00000178297162455016","0,00000001195360707332","0,00000129044535083738","0,00000232103672710030","0,00000005747245507129","0,00000146808403891042","0,00000001237175332944","0,00000077677260514687","0,00000558136885595419","0,00000140908392645055","0,00000454044180689049","0,00000046853538709251"
"0,17337941981871526900","0,00000151818273173117","0,00000001546806513835","0,00000020854437600820","0,00000001260709139965","0,00000001237809131780","0,00000008982382942926","0,00000003990986465618","0,00000306857175406155","0,00000179438740363403","0,00000001195591199432","0,00000129880107170271","0,00000232901854056768","0,00000005733847247158","0,00000148091098485749","0,00000001238344859365","0,00000078292247451775","0,00000559200672964829","0,00000141756616735713","0,00000457158063601731","0,00000047220995988454"
"0,17538334245602990600","0,00000151957822758562","0,00000001550271965477","0,00000021023011780701","0,00000001260656666065","0,00000001237481937114","0,00000009046208589377","0,00000004007240465859","0,00000308382848244505","0,00000180580126761514","0,00000001196149161343","0,00000130714574330985","0,00000233698423989134","0,00000005726352373274","0,00000149371258823316","0,00000001239169853013","0,00000078907738256808","0,00000560269551085198","0,00000142601956823669","0,00000460270750352459","0,00000047590075730033"
"0,17738726509334454300","0,00000152097131729278","0,00000001553618045180","0,00000021191226483027","0,00000001259976200603","0,00000001236863094437","0,00000009109991324457","0,00000004023233960341","0,00000309912949483236","0,00000181721321649349","0,00000001197034593066","0,00000131547936565881","0,00000234493382507127","0,00000005724760885476","0,00000150648884903743","0,00000001239650313889","0,00000079523732929788","0,00000561343519956523","0,00000143444412908924","0,00000463382240941235","0,00000047960777933989"
"0,17939118773065915200","0,00000152236200085266","0,00000001556844752943","0,00000021359081707800","0,00000001258667743578","0,00000001235952603748","0,00000009173731148167","0,00000004038966949064","0,00000311447479122348","0,00000182862325026908","0,00000001198247494600","0,00000132380193874958","0,00000235286729610747","0,00000005729072783765","0,00000151923976727030","0,00000001239786241992","0,00000080140231470714","0,00000562422579578806","0,00000144283984991478","0,00000466492535368059","0,00000048333102600320"
"0,18139511036797378900","0,00000152375027826524","0,00000001559952088767","0,00000021526577455018","0,00000001256731294991","0,00000001234750465049","0,00000009237428060507","0,00000004054439432028","0,00000312986437161839","0,00000184003136894192","0,00000001199787865946","0,00000133211346258217","0,00000236078465299995","0,00000005739288068142","0,00000153196534293177","0,00000001239577637324","0,00000080757233879585","0,00000563506729952046","0,00000145120673071331","0,00000469601633632929","0,00000048707049729028"
"0,18339903300528842500","0,00000152513614953054","0,00000001562940052651","0,00000021693713724683","0,00000001254166854842","0,00000001233256678338","0,00000009301082061476","0,00000004069651409233","0,00000314529823601712","0,00000185143757251201","0,00000001201655707103","0,00000134041393715657","0,00000236868589574871","0,00000005755406738605","0,00000154466557602185","0,00000001239024499882","0,00000081374740156403","0,00000564595971076243","0,00000145954477148483","0,00000472709535735846","0,00000049082619320111"
"0,18540295564260306200","0,00000152651961464855","0,00000001565808644595","0,00000021860490516794","0,00000001250974423131","0,00000001231471243615","0,00000009364693151076","0,00000004084602880678","0,00000316077638441965","0,00000186284186097933","0,00000001203851018071","0,00000134870336247278","0,00000237657102435374","0,00000005777428795155","0,00000155734046654052","0,00000001238126829669","0,00000081992750301168","0,00000565690302951398","0,00000146785397222933","0,00000475816241676811","0,00000049459811373571"
"0,18740687827991767100","0,00000152790067361927","0,00000001568557864600","0,00000022026907831350","0,00000001247153999857","0,00000001229394160882","0,00000009428261329305","0,00000004099293846364","0,00000317629881682598","0,00000187424423434390","0,00000001206373798850","0,00000135698173853080","0,00000238444003881504","0,00000005805354237792","0,00000156999001448780","0,00000001236884626683","0,00000082611264313878","0,00000566789725577510","0,00000147613433294682","0,00000478921751455822","0,00000049838625889406"
"0,18941080091723230800","0,00000152927932644270","0,00000001571187712665","0,00000022192965668353","0,00000001242705585021","0,00000001227025430137","0,00000009491786596164","0,00000004113724306290","0,00000319186553323613","0,00000188564469260571","0,00000001209224049441","0,00000136524906533064","0,00000239229293913262","0,00000005839183066516","0,00000158261421986368","0,00000001235297890925","0,00000083230282194534","0,00000567894238954580","0,00000148438585363730","0,00000482026065072881","0,00000050219062867618"
"0,19141472355454694500","0,00000153065557311885","0,00000001573698188791","0,00000022358664027802","0,00000001237629178623","0,00000001224365051381","0,00000009555268951652","0,00000004127894260458","0,00000320747653365007","0,00000189704323576477","0,00000001212401769844","0,00000137350534287230","0,00000240012972530647","0,00000005878915281327","0,00000159521308266817","0,00000001233366622394","0,00000083849803943137","0,00000569003843082607","0,00000149260853430077","0,00000485129182527987","0,00000050601122308205"
"0,19341864619186155400","0,00000153202941364770","0,00000001576089292977","0,00000022524002909697","0,00000001231924780662","0,00000001221413024614","0,00000009618708395771","0,00000004141803708866","0,00000322313181806783","0,00000190843986382107","0,00000001215906960057","0,00000138175057115576","0,00000240795039733660","0,00000005924550882224","0,00000160778660290125","0,00000001231090821091","0,00000084469829559685","0,00000570118537961591","0,00000150080237493722","0,00000488231103821141","0,00000050984804211169"
"0,19542256882917619100","0,00000153340084802927","0,00000001578361025223","0,00000022688982314037","0,00000001225592391139","0,00000001218169349835","0,00000009682104928519","0,00000004155452651515","0,00000323883138648939","0,00000191983457677461","0,00000001219739620083","0,00000138998475018104","0,00000241575495522300","0,00000005976089869209","0,00000162033478056293","0,00000001228470487016","0,00000085090359044180","0,00000571238323591532","0,00000150896737554666","0,00000491331828952341","0,00000051370108576509"
"0,19742649146649082800","0,00000153476987626356","0,00000001580513385530","0,00000022853602240824","0,00000001218632010054","0,00000001214634027045","0,00000009745458549897","0,00000004168841088404","0,00000325457523891475","0,00000193122737462540","0,00000001223899749919","0,00000139820787994814","0,00000242354339896567","0,00000006033532242281","0,00000163285761565322","0,00000001225505620169","0,00000085711392396621","0,00000572363199972431","0,00000151710353612909","0,00000494431357921589","0,00000051757035404224"
"0,19943041410380546400","0,00000153613649835055","0,00000001582546373898","0,00000023017862690057","0,00000001211043637406","0,00000001210807056244","0,00000009808769259904","0,00000004181969019535","0,00000327036337534392","0,00000194261825737343","0,00000001228387349567","0,00000140641996045705","0,00000243131572856462","0,00000006096878001439","0,00000164535510817211","0,00000001222196220549","0,00000086332929617008","0,00000573493167104288","0,00000152521085668451","0,00000497529690728883","0,00000052145584694316"
"0,20143433674112007400","0,00000153751226813248","0,00000001584616364720","0,00000023181978205373","0,00000001203490768916","0,00000001207051516449","0,00000009871857791993","0,00000004195412891781","0,00000328616400902693","0,00000195400643639315","0,00000001232850233336","0,00000141461074165444","0,00000243907362060361","0,00000006159691874910","0,00000165783626108491","0,00000001218851339062","0,00000086954987530702","0,00000574627120766933","0,00000153330769142842","0,00000500624420164869","0,00000052534779073756"
"0,20343825937843471000","0,00000153890873945158","0,00000001586879732392","0,00000023346163330408","0,00000001196636900304","0,00000001203730486680","0,00000009934544879613","0,00000004209749152017","0,00000330194535321383","0,00000196539112305901","0,00000001236936215537","0,00000142276997348701","0,00000244681875166641","0,00000006215538590917","0,00000167031007735695","0,00000001215780026614","0,00000087577582963064","0,00000575763956740198","0,00000154141239457631","0,00000503713139020188","0,00000052923641169515"
"0,20544218201574934700","0,00000154032591230784","0,00000001589336476914","0,00000023510418065163","0,00000001190482031570","0,00000001200843966936","0,00000009996830522766","0,00000004224977800243","0,00000331770740790460","0,00000197677231737101","0,00000001240645296170","0,00000143089765595475","0,00000245455112175302","0,00000006264418149462","0,00000168277655698822","0,00000001212982283206","0,00000088200715914094","0,00000576903675024084","0,00000154952496612820","0,00000506795847294842","0,00000053312170981593"
"0,20744610465306398400","0,00000154176378670126","0,00000001591986598286","0,00000023674742409638","0,00000001185026162714","0,00000001198391957217","0,00000010058714721450","0,00000004241098836461","0,00000333345017309925","0,00000198815001932915","0,00000001243977475235","0,00000143899378905766","0,00000246227073086344","0,00000006306330550543","0,00000169523569997871","0,00000001210458108836","0,00000088824386383792","0,00000578046275618590","0,00000155764540608408","0,00000509872544988830","0,00000053700368509992"
"0,20945002729037859300","0,00000154322236263185","0,00000001594830096507","0,00000023839136363833","0,00000001180269293736","0,00000001196374457522","0,00000010120197475666","0,00000004258112260668","0,00000334917364879779","0,00000199952422893343","0,00000001246932752732","0,00000144705837279573","0,00000246997757899767","0,00000006341275794162","0,00000170768750632844","0,00000001208207503506","0,00000089448594372158","0,00000579191758523717","0,00000156577371444395","0,00000512943232102153","0,00000054088233754710"
"0,21145394992769323000","0,00000154470164009960","0,00000001597866971578","0,00000024003599927747","0,00000001176211424636","0,00000001194791467853","0,00000010181278785414","0,00000004276018072866","0,00000336487783500020","0,00000201089494618385","0,00000001249511128661","0,00000145509140716897","0,00000247767166615571","0,00000006369253880317","0,00000172013197603740","0,00000001206230467214","0,00000090073339879192","0,00000580340123739463","0,00000157390989120781","0,00000516007908634810","0,00000054475766715747"
"0,21345787256500786700","0,00000154620161910451","0,00000001601097223499","0,00000024168133101381","0,00000001172852555414","0,00000001193642988209","0,00000010241958650694","0,00000004294816273054","0,00000338056273170649","0,00000202226217108041","0,00000001251712603021","0,00000146309289217739","0,00000248535299233756","0,00000006390264809009","0,00000173256910910559","0,00000001204526999961","0,00000090698622904894","0,00000581491371265831","0,00000158205393637566","0,00000519066574586801","0,00000054862967393105"
"0,21546179520232250400","0,00000154772229964658","0,00000001604520852269","0,00000024332735884735","0,00000001170192686069","0,00000001192929018590","0,00000010302237071506","0,00000004314506861232","0,00000339622833891666","0,00000203362590362311","0,00000001253537175813","0,00000147106282782097","0,00000249302155754322","0,00000006404308580239","0,00000174499890553301","0,00000001203097101748","0,00000091324443449264","0,00000582645501102818","0,00000159020584994751","0,00000522119229958126","0,00000055249835786781"
"0,21746571783963711300","0,00000154926368172582","0,00000001608137857890","0,00000024497408277809","0,00000001168231816603","0,00000001192649558995","0,00000010362114047850","0,00000004335089837401","0,00000341187465663072","0,00000204498614381195","0,00000001254984847037","0,00000147900121409972","0,00000250067736177269","0,00000006411385194005","0,00000175742136531966","0,00000001201940772573","0,00000091950801512302","0,00000583802513250426","0,00000159836563192334","0,00000525165874748785","0,00000055636371896778"
"0,21946964047695174900","0,00000155082576534223","0,00000001611948240359","0,00000024662150280602","0,00000001166969947014","0,00000001192804609426","0,00000010421589579726","0,00000004356565201560","0,00000342750168484865","0,00000205634289164693","0,00000001256055616693","0,00000148690805101364","0,00000250832040502597","0,00000006411494650308","0,00000176983648846554","0,00000001201058012438","0,00000092577697094009","0,00000584962407708654","0,00000160653328230317","0,00000528206508958779","0,00000056022575723094"
"0,22147356311426638600","0,00000155240855049579","0,00000001615951999679","0,00000024826961893115","0,00000001166407077304","0,00000001193394169882","0,00000010480663667134","0,00000004378932953710","0,00000344310942357046","0,00000206769614712805","0,00000001256749484781","0,00000149478333856273","0,00000251595068730306","0,00000006404636949148","0,00000178224427497065","0,00000001200448821341","0,00000093205130194383","0,00000586125184477502","0,00000161470880108698","0,00000531241132588107","0,00000056408447265729"
"0,22347748575158102300","0,00000155401203718652","0,00000001620149135848","0,00000024991843115348","0,00000001166543207471","0,00000001194418240363","0,00000010539336310074","0,00000004402193093850","0,00000345869787279616","0,00000207904591025531","0,00000001257066451301","0,00000150262707674698","0,00000252356820860396","0,00000006390812090525","0,00000179464472483499","0,00000001200113199283","0,00000093833100813425","0,00000587290843556971","0,00000162289218827479","0,00000534269745636769","0,00000056793986524685"
"0,22548140838889563200","0,00000155563622541441","0,00000001624539648867","0,00000025156793947301","0,00000001167378337516","0,00000001195876820868","0,00000010597607508545","0,00000004426345621980","0,00000347426703252573","0,00000209039218102871","0,00000001257006516252","0,00000151043926556641","0,00000253117296892867","0,00000006370020074440","0,00000180703783805857","0,00000001200051146265","0,00000094461608951135","0,00000588459384947060","0,00000163108344386658","0,00000537292348104766","0,00000057179193499959"
"0,22748533102621026900","0,00000155728111517947","0,00000001629123538736","0,00000025321814388973","0,00000001168912467439","0,00000001197769911399","0,00000010655477262549","0,00000004451390538101","0,00000348981690275918","0,00000210173495944824","0,00000001256569679635","0,00000151821990502100","0,00000253876496827719","0,00000006342260900891","0,00000181942361464137","0,00000001200262662285","0,00000095090654607514","0,00000589630808647770","0,00000163928256786237","0,00000540308939992097","0,00000057564068191554"
"0,22948925366352490600","0,00000155894670648169","0,00000001633900805454","0,00000025486904440365","0,00000001171145597240","0,00000001200097511955","0,00000010712945572085","0,00000004477327842212","0,00000350534748349652","0,00000211307424551392","0,00000001255755941450","0,00000152596899511077","0,00000254634420664952","0,00000006307534569879","0,00000183180205458341","0,00000001200747747345","0,00000095720237782560","0,00000590805114659100","0,00000164748956026215","0,00000543319521298762","0,00000057948610599468"
"0,23149317630083951500","0,00000156063299932107","0,00000001638871449022","0,00000025652064101477","0,00000001174077726919","0,00000001202859622536","0,00000010770012437152","0,00000004504157534314","0,00000352085877473773","0,00000212441003922574","0,00000001254565301697","0,00000153368653583570","0,00000255391068404566","0,00000006265841081404","0,00000184417315788467","0,00000001201506401443","0,00000096350358476274","0,00000591982302981050","0,00000165570442106592","0,00000546324092024761","0,00000058332820723702"
"0,23349709893815415200","0,00000156233999369762","0,00000001644035469440","0,00000025817293372308","0,00000001177708856476","0,00000001206056243142","0,00000010826677857751","0,00000004531879614406","0,00000353635077648282","0,00000213574234058370","0,00000001252997760376","0,00000154137252719580","0,00000256146440046561","0,00000006217180435466","0,00000185653692454517","0,00000001202538624580","0,00000096981016688656","0,00000593162373613620","0,00000166392715027368","0,00000549322652170095","0,00000058716698564255"
"0,23550102157546878900","0,00000156406768961132","0,00000001649392866707","0,00000025982592252860","0,00000001182038985911","0,00000001209687373773","0,00000010882941833883","0,00000004560494082488","0,00000355182348873180","0,00000214707114958780","0,00000001251053317486","0,00000154902696919107","0,00000256900535590937","0,00000006161552632065","0,00000186889335456490","0,00000001203844416757","0,00000097612212419707","0,00000594345326556811","0,00000167215774788543","0,00000552315201734763","0,00000059100244121128"
"0,23750494421278342500","0,00000156581608706220","0,00000001654943640824","0,00000026147960743131","0,00000001187068115223","0,00000001213753014428","0,00000010938804365546","0,00000004590000938561","0,00000356727691148465","0,00000215839646623803","0,00000001248731973029","0,00000155664986182151","0,00000257653355037694","0,00000006098957671201","0,00000188124244794386","0,00000001205423777972","0,00000098243945669425","0,00000595531161810622","0,00000168039621390117","0,00000555301740718765","0,00000059483457394320"
"0,23950886685009803400","0,00000156758518605023","0,00000001660687791791","0,00000026313398843122","0,00000001192796244414","0,00000001218253165109","0,00000010994265452741","0,00000004620400182623","0,00000358271104474138","0,00000216971829053441","0,00000001246033727003","0,00000156424120508712","0,00000258404898386832","0,00000006029395552874","0,00000189358420468204","0,00000001207276708226","0,00000098876216437811","0,00000596719879375054","0,00000168864254832091","0,00000558282269122101","0,00000059866338383832"
"0,24151278948741267100","0,00000156937498657543","0,00000001666625319608","0,00000026478906552832","0,00000001199223373482","0,00000001223187825815","0,00000011049325095468","0,00000004651691814677","0,00000359812588850200","0,00000218103662247693","0,00000001242958579409","0,00000157180099898790","0,00000259155165638350","0,00000005952866277083","0,00000190591862477946","0,00000001209403207520","0,00000099509024724866","0,00000597911479250106","0,00000169689675114463","0,00000561256786944772","0,00000060248887089664"
"0,24351671212472730800","0,00000157118548863779","0,00000001672756224274","0,00000026644483872262","0,00000001206349502429","0,00000001228556996546","0,00000011103983293727","0,00000004683875834721","0,00000361352144276649","0,00000219235146206559","0,00000001239506530247","0,00000157932924352384","0,00000259904156792250","0,00000005869369843830","0,00000191824570823611","0,00000001211803275852","0,00000100142370530588","0,00000599105961435778","0,00000170515882237235","0,00000564225294186777","0,00000060631103511815"
"0,24552063476204194500","0,00000157301669223732","0,00000001679080505790","0,00000026810130801413","0,00000001214174631253","0,00000001234360677302","0,00000011158240047518","0,00000004716952242755","0,00000362889770753486","0,00000220366280930038","0,00000001235677579517","0,00000158682593869496","0,00000260651871848531","0,00000005778906253114","0,00000193056545505200","0,00000001214476913224","0,00000100776253854979","0,00000600303325932070","0,00000171342876200405","0,00000567187790848116","0,00000061012987650286"
"0,24752455739935655400","0,00000157486859737401","0,00000001685598164156","0,00000026975847340282","0,00000001222698759955","0,00000001240598868083","0,00000011212095356841","0,00000004750921038779","0,00000364425468280712","0,00000221497066418132","0,00000001231471727218","0,00000159429108450124","0,00000261398310807193","0,00000005681475504935","0,00000194287786522711","0,00000001217424119634","0,00000101410674698037","0,00000601503572738983","0,00000172170657003975","0,00000570144276928790","0,00000061394539505076"
"0,24952848003667119100","0,00000157674120404786","0,00000001692309199371","0,00000027141633488872","0,00000001231921888536","0,00000001247271568889","0,00000011265549221696","0,00000004785782222794","0,00000365959236858325","0,00000222627502670839","0,00000001226888973352","0,00000160172468094270","0,00000262143473668236","0,00000005577077599293","0,00000195518293876145","0,00000001220644895083","0,00000102045633059763","0,00000602706701856516","0,00000172999224647944","0,00000573094752428797","0,00000061775759076186"
"0,25153240267398580000","0,00000157862211436242","0,00000001698859968528","0,00000027307281032475","0,00000001241121108367","0,00000001253880985312","0,00000011318789797582","0,00000004820974263481","0,00000367492512864518","0,00000223756937498689","0,00000001222325769652","0,00000160914225487104","0,00000262886889048047","0,00000005470812779092","0,00000196746804734319","0,00000001223894300149","0,00000102680596119339","0,00000603906212448279","0,00000173827444649728","0,00000576038578665021","0,00000062156888462774"
"0,25353632531130043700","0,00000158049893042124","0,00000001704896828719","0,00000027472581756386","0,00000001249573510825","0,00000001259929322944","0,00000011372005239997","0,00000004855935629522","0,00000369026732677483","0,00000224884718712210","0,00000001218178567853","0,00000161655933313798","0,00000263628085563014","0,00000005367781287238","0,00000197972056266050","0,00000001226927395408","0,00000103315031055944","0,00000605095603677882","0,00000174654182526743","0,00000578975116954345","0,00000062538169763995"
"0,25554024794861507300","0,00000158237165222430","0,00000001710419779944","0,00000027637535660605","0,00000001257279095907","0,00000001265416581784","0,00000011425195548942","0,00000004890666320917","0,00000370561896297220","0,00000226010846311401","0,00000001214447367955","0,00000162397591574354","0,00000264367063213136","0,00000005267983123731","0,00000199194048471337","0,00000001229744180859","0,00000103948937869578","0,00000606274875545324","0,00000175479438278991","0,00000581904367296767","0,00000062919602979852"
"0,25754417058592971000","0,00000158424027977163","0,00000001715428822203","0,00000027802142745132","0,00000001264237863615","0,00000001270342761834","0,00000011478360724416","0,00000004925166337666","0,00000372098003723728","0,00000227135320296263","0,00000001211132169958","0,00000163139200268770","0,00000265103821998414","0,00000005171418288570","0,00000200412781350181","0,00000001232344656505","0,00000104582316560243","0,00000607444028050605","0,00000176303211906470","0,00000584826329692288","0,00000063301188110343"
"0,25954809322324434700","0,00000158610481306320","0,00000001719923955496","0,00000027966403009966","0,00000001270449813948","0,00000001274707863092","0,00000011531500766421","0,00000004959435679769","0,00000373635054957008","0,00000228258140666796","0,00000001208232973863","0,00000163880759397047","0,00000265838361918848","0,00000005078086781756","0,00000201628254902582","0,00000001234728822343","0,00000105215167127937","0,00000608603061193726","0,00000177125503409180","0,00000587741004140908","0,00000063682925155469"
"0,26155201586055898400","0,00000158796525209903","0,00000001723905179822","0,00000028130316455108","0,00000001275914946907","0,00000001278511885559","0,00000011584615674954","0,00000004993474347226","0,00000375173049997059","0,00000229379307422999","0,00000001205749779668","0,00000164622268959184","0,00000266570682974437","0,00000004987988603288","0,00000202840469128539","0,00000001236896678375","0,00000105847489572660","0,00000609751974974686","0,00000177946312787122","0,00000590648390642626","0,00000064064814115229"
"0,26355593849787362100","0,00000158982159687912","0,00000001727372495183","0,00000028293883080558","0,00000001280633262491","0,00000001281754829235","0,00000011637705450018","0,00000005027282340037","0,00000376711988843882","0,00000230498820564873","0,00000001203682587375","0,00000165363728955182","0,00000267300785165182","0,00000004901123753167","0,00000204049424028052","0,00000001238848224599","0,00000106479283894414","0,00000610890769393486","0,00000178765640040296","0,00000593548489197444","0,00000064446854989624"
"0,26555986113518820200","0,00000159167384740345","0,00000001730325901577","0,00000028457102886316","0,00000001284604760700","0,00000001284436694120","0,00000011690770091611","0,00000005060859658202","0,00000378251871497477","0,00000231616680092418","0,00000001202031396983","0,00000166105139385041","0,00000268028668491083","0,00000004817492231392","0,00000205255119601122","0,00000001240583461017","0,00000107110550093197","0,00000612019444450125","0,00000179583485168701","0,00000596441299805360","0,00000064829047778653"
"0,26756378377250283900","0,00000159352200367205","0,00000001732765399006","0,00000028619975872382","0,00000001287829441534","0,00000001286557480214","0,00000011743809599734","0,00000005094206301721","0,00000379792697957844","0,00000232732886005634","0,00000001200796208492","0,00000166846500248760","0,00000268754332952139","0,00000004737094037964","0,00000206457555847749","0,00000001242102387629","0,00000107741288169010","0,00000613138000144604","0,00000180399848172338","0,00000599326822466376","0,00000065211392482317"
"0,26956770640981747600","0,00000159536606568489","0,00000001734690987468","0,00000028782502038755","0,00000001290307304994","0,00000001288117187517","0,00000011796823974387","0,00000005127322270594","0,00000381334468224982","0,00000233847438304520","0,00000001199977021902","0,00000167587811546340","0,00000269477778548351","0,00000004659929172883","0,00000207656732767933","0,00000001243405004433","0,00000108371498121852","0,00000614246436476922","0,00000181214729051206","0,00000602205057180490","0,00000065593889100616"
"0,27157162904713211300","0,00000159720603344199","0,00000001736102666964","0,00000028944681385436","0,00000001292038351079","0,00000001289115816029","0,00000011849813215569","0,00000005160207564821","0,00000382877182298891","0,00000234960336989076","0,00000001199573837213","0,00000168329073277780","0,00000270199005279719","0,00000004585997636148","0,00000208852650361673","0,00000001244491311431","0,00000109001179951724","0,00000615344753447080","0,00000182028127805306","0,00000605076003947703","0,00000065976537633549"
"0,27357555168444674900","0,00000159904190694334","0,00000001737000437494","0,00000029106513912425","0,00000001293022579790","0,00000001289553365749","0,00000011902777323281","0,00000005192862184402","0,00000384420840179573","0,00000236071582059304","0,00000001199586654425","0,00000169070285443082","0,00000270918013146242","0,00000004515299427760","0,00000210045308628969","0,00000001245361308622","0,00000109630333658626","0,00000616432951055077","0,00000182840044434638","0,00000607939662768015","0,00000066359338081117"
"0,27557947432176138600","0,00000160087368618895","0,00000001737384299058","0,00000029267999619722","0,00000001293259991126","0,00000001289429836679","0,00000011955716297522","0,00000005225286129338","0,00000385965441867026","0,00000237181173515202","0,00000001200015473539","0,00000169811448042244","0,00000271634802147921","0,00000004447834547718","0,00000211234707569822","0,00000001246014996006","0,00000110258959242557","0,00000617511029300914","0,00000183650478939201","0,00000610796033641426","0,00000066742290443320"
"0,27758339695907602300","0,00000160270137117881","0,00000001737254251655","0,00000029429138507326","0,00000001292750585087","0,00000001288745228817","0,00000012008630138293","0,00000005257479399627","0,00000387510987361251","0,00000238289111356771","0,00000001200860294553","0,00000170552561075266","0,00000272349372284755","0,00000004383602996023","0,00000212420847184232","0,00000001246452373583","0,00000110887056703519","0,00000618578988184590","0,00000184459431318996","0,00000613645116567936","0,00000067125394720157"
"0,27958731959639066000","0,00000160452496191292","0,00000001736610295287","0,00000029589930575239","0,00000001291494361674","0,00000001287499542164","0,00000012061518845594","0,00000005289441995270","0,00000389057476662247","0,00000239395395584010","0,00000001202121117469","0,00000171293624542150","0,00000273061723556745","0,00000004322604772674","0,00000213603727472198","0,00000001246673441354","0,00000111514626041509","0,00000619636827706105","0,00000185266901574022","0,00000616486911547545","0,00000067508650911629"
"0,28159124223370524100","0,00000160634445839129","0,00000001735452429953","0,00000029750375823459","0,00000001289491320886","0,00000001285692776720","0,00000012114382419425","0,00000005321173916267","0,00000390604909770015","0,00000240500026196920","0,00000001203797942286","0,00000172034638442893","0,00000273771855963891","0,00000004264839877672","0,00000214783348433721","0,00000001246678199318","0,00000112141667256530","0,00000620684547865460","0,00000186072889704280","0,00000619321418580253","0,00000067892059017735"
"0,28359516487101987800","0,00000160815986061391","0,00000001733780655652","0,00000029910474251986","0,00000001286741462723","0,00000001283324932485","0,00000012167220859785","0,00000005352675162618","0,00000392153286684555","0,00000241603003195501","0,00000001205890769004","0,00000172775602777498","0,00000274479769506192","0,00000004210308311017","0,00000215959710068801","0,00000001246466647475","0,00000112768180348580","0,00000621722148662654","0,00000186877395709770","0,00000622148637666059","0,00000068275619038476"
"0,28559908750833451500","0,00000160997116858079","0,00000001731594972385","0,00000030070225860822","0,00000001283244787186","0,00000001280396009459","0,00000012220034166675","0,00000005383945734323","0,00000393702607405866","0,00000242704326579753","0,00000001208399597623","0,00000173516517545963","0,00000275185464183649","0,00000004159010072708","0,00000217132812377437","0,00000001246038785825","0,00000113394165317660","0,00000622749630097688","0,00000187680419590491","0,00000624968568804964","0,00000068659330973852"
"0,28760301014564915200","0,00000161177838229192","0,00000001728895380153","0,00000030229630649965","0,00000001279001294274","0,00000001276906007641","0,00000012272822340094","0,00000005414985631382","0,00000395252871933949","0,00000243803996349675","0,00000001211324428143","0,00000174257382748289","0,00000275888939996262","0,00000004110945162745","0,00000218302655359629","0,00000001245394614368","0,00000114019622163769","0,00000623766992170562","0,00000188481961346444","0,00000627781211996969","0,00000069043194823862"
"0,28960693278296378800","0,00000161358150174730","0,00000001725681878954","0,00000030388688619417","0,00000001274010983987","0,00000001272854927033","0,00000012325585380043","0,00000005445794853795","0,00000396804080268804","0,00000244902012505268","0,00000001214665260565","0,00000174998198384476","0,00000276590196944031","0,00000004066113581129","0,00000219469239015378","0,00000001244534133105","0,00000114644550886909","0,00000624774234881274","0,00000189282020977628","0,00000630586567242072","0,00000069427210588507"
"0,29161085542027842500","0,00000161538052694694","0,00000001721954468789","0,00000030547399769176","0,00000001268273856326","0,00000001268242767633","0,00000012378323286522","0,00000005476373401562","0,00000398356232410430","0,00000245998375046531","0,00000001218422094887","0,00000175738964454523","0,00000277289235026955","0,00000004024515327860","0,00000220632563344684","0,00000001243457342035","0,00000115268951487078","0,00000625771358229826","0,00000190080598484044","0,00000633384634540274","0,00000069811378267787"
"0,29361477805759306200","0,00000161717545789083","0,00000001717713149658","0,00000030705764099242","0,00000001261789911290","0,00000001263069529442","0,00000012431036059531","0,00000005506721274683","0,00000399909328358828","0,00000247093083973465","0,00000001222594931111","0,00000176479680958431","0,00000277986054245034","0,00000003986150402937","0,00000221792628347547","0,00000001242164241158","0,00000115892823964276","0,00000626758362216218","0,00000190877693865691","0,00000636175413891575","0,00000070195697861701"
"0,29561870069490764300","0,00000161896629457898","0,00000001712957921561","0,00000030863781609617","0,00000001254559148879","0,00000001257335212461","0,00000012483723699069","0,00000005536838473158","0,00000401463368113998","0,00000248186139286070","0,00000001227183769236","0,00000177220347896199","0,00000278680654598269","0,00000003951018806361","0,00000222949434023966","0,00000001240654830474","0,00000116516168318504","0,00000627735246840449","0,00000191673307122571","0,00000638958905295975","0,00000070580169370250"
"0,29762262333222228000","0,00000162075303701138","0,00000001707688784497","0,00000031021452300299","0,00000001246581569094","0,00000001251039816688","0,00000012536386205137","0,00000005566724996987","0,00000403018351675939","0,00000249277540984346","0,00000001232188609261","0,00000177960965267828","0,00000279373036086660","0,00000003919120538132","0,00000224102980373941","0,00000001238929109984","0,00000117138984549762","0,00000628702012102520","0,00000192467438254681","0,00000641735108753474","0,00000070964792793433"
"0,29962654596953691700","0,00000162253568518803","0,00000001701905738468","0,00000031178776171289","0,00000001237857171934","0,00000001244183342123","0,00000012589023577734","0,00000005596380846170","0,00000404574279044652","0,00000250367289068292","0,00000001237609451188","0,00000178701533073318","0,00000280063198710207","0,00000003890455598248","0,00000225253267397473","0,00000001236987079687","0,00000117761272658050","0,00000629658658002430","0,00000193260087262024","0,00000644504024264071","0,00000071349568131251"
"0,30163046860685155400","0,00000162432632365807","0,00000001696198551403","0,00000031336115668854","0,00000001229086226090","0,00000001237328612803","0,00000012641736922436","0,00000005625614088945","0,00000406129651219599","0,00000251455127348917","0,00000001242982856780","0,00000179441476926559","0,00000280751242637234","0,00000003867953386929","0,00000226400738204948","0,00000001235043885237","0,00000118383715656166","0,00000630612920757438","0,00000194052230367675","0,00000647264700889409","0,00000071734092717205"
"0,30363439124416619100","0,00000162613703697064","0,00000001691156991234","0,00000031493833239261","0,00000001220969000252","0,00000001231038452760","0,00000012694627344819","0,00000005654232793549","0,00000407682969200242","0,00000252540799637228","0,00000001247845387799","0,00000180180222441441","0,00000281437268036068","0,00000003854543304392","0,00000227545835906752","0,00000001233314672288","0,00000119006996556907","0,00000631572536584804","0,00000194844843794712","0,00000650016187691128","0,00000072117963884798"
"0,30563831388148082800","0,00000162796782512575","0,00000001686781057962","0,00000031651928882511","0,00000001213505494421","0,00000001225312861995","0,00000012747694844883","0,00000005682236959983","0,00000409234232986582","0,00000253624305933225","0,00000001252197044247","0,00000180917769617964","0,00000282121274906707","0,00000003850225350636","0,00000228688560502886","0,00000001231799440840","0,00000119631115360276","0,00000632537505484528","0,00000195637927543135","0,00000652758484669229","0,00000072501181634030"
"0,30764223651879546400","0,00000162981868812338","0,00000001683070751584","0,00000031810402598602","0,00000001206695708596","0,00000001220151840508","0,00000012800939422626","0,00000005709626588246","0,00000410783442578618","0,00000254705646236909","0,00000001256037826122","0,00000181654118456129","0,00000282803263249153","0,00000003854999525661","0,00000229828911993348","0,00000001230498190893","0,00000120256072066270","0,00000633507827456609","0,00000196431481612944","0,00000655491591823711","0,00000072883745964899"
"0,30964615915611010100","0,00000163168962596354","0,00000001680026072103","0,00000031969254387536","0,00000001200539642777","0,00000001215555388299","0,00000012854361078050","0,00000005736401678338","0,00000412330597976350","0,00000255784820548278","0,00000001259367733425","0,00000182389268955936","0,00000283483233063405","0,00000003868865829468","0,00000230966890378140","0,00000001229410922448","0,00000120881866674891","0,00000634483502501047","0,00000197225506004140","0,00000658215509154574","0,00000073265656877407"
"0,31165008179342468200","0,00000163358063864623","0,00000001677647019518","0,00000032128484249312","0,00000001195037296965","0,00000001211523505368","0,00000012907959811155","0,00000005762562230260","0,00000413875699179779","0,00000256861828867334","0,00000001262186766156","0,00000183123221117384","0,00000284161184349463","0,00000003891824262056","0,00000232102495657260","0,00000001228537635504","0,00000121508499186138","0,00000635464530617843","0,00000198020000716721","0,00000660930236661818","0,00000073646914371554"
"0,31365400443073931900","0,00000163549172617144","0,00000001675933593828","0,00000032288092183929","0,00000001190188671159","0,00000001208056191715","0,00000012961735621940","0,00000005788108244011","0,00000415418746188904","0,00000257936671194077","0,00000001264494924316","0,00000183855974940473","0,00000284837117107327","0,00000003923874823426","0,00000233235727830710","0,00000001227878330060","0,00000122135969600012","0,00000636450911806996","0,00000198814965750688","0,00000663635774345445","0,00000074027518447339"
"0,31565792706805395600","0,00000163742288853919","0,00000001674885795034","0,00000032448078191389","0,00000001185993765359","0,00000001205153447339","0,00000013015688510405","0,00000005813039719591","0,00000416959739003725","0,00000259009347528505","0,00000001266292207902","0,00000184587530425203","0,00000285511031336998","0,00000003965017513577","0,00000234366586898489","0,00000001227433006118","0,00000122764277916512","0,00000637442646068507","0,00000199610401106042","0,00000666332122205452","0,00000074407469104762"
"0,31766184970536859300","0,00000163937412574947","0,00000001674503623136","0,00000032608442271692","0,00000001182452579566","0,00000001202815272242","0,00000013069818476551","0,00000005837356657001","0,00000418498677624243","0,00000260079857870620","0,00000001267578616917","0,00000185317887571575","0,00000286182927038474","0,00000004015252332510","0,00000235495072860597","0,00000001227201663678","0,00000123393424135638","0,00000638439733402375","0,00000200406306782781","0,00000669019280241841","0,00000074786766343824"
"0,31966577234268323000","0,00000164134543780227","0,00000001674787078134","0,00000032769184424836","0,00000001179565113779","0,00000001201041666423","0,00000013124125520377","0,00000005861059056240","0,00000420035562050457","0,00000261148202220421","0,00000001268354151360","0,00000186047046379589","0,00000286852804211757","0,00000004074579280224","0,00000236621185717035","0,00000001227184302738","0,00000124023408257390","0,00000639442173808601","0,00000201202682780907","0,00000671697248454611","0,00000075165410164524"
"0,32166969497999786700","0,00000164333682469761","0,00000001675736160028","0,00000032930304650822","0,00000001177331367998","0,00000001199832629881","0,00000013178609641884","0,00000005884146917309","0,00000421570392282368","0,00000262214380577908","0,00000001268618811231","0,00000186775006849243","0,00000287520662856845","0,00000004142998356720","0,00000237744925467801","0,00000001227380923299","0,00000124654230281769","0,00000640449967287184","0,00000201999529100418","0,00000674366026843762","0,00000075543400566863"
"0,32367361761731250300","0,00000164534828643547","0,00000001677350868817","0,00000033091802949651","0,00000001175751342224","0,00000001199188162618","0,00000013233270841071","0,00000005906620240207","0,00000423103168319975","0,00000263278392943082","0,00000001268372596529","0,00000187501768980539","0,00000288186502973740","0,00000004220509561997","0,00000238866292112896","0,00000001227791525362","0,00000125285890208774","0,00000641463113838125","0,00000202796845741316","0,00000677025615409295","0,00000075920737550840"
"0,32567754025462714000","0,00000164737982301586","0,00000001679631204502","0,00000033253679321321","0,00000001174825036456","0,00000001199108264632","0,00000013288109117938","0,00000005928479024934","0,00000424633890163278","0,00000264340239315941","0,00000001267615507256","0,00000188227332773477","0,00000288850324562441","0,00000004307112896055","0,00000239985285652321","0,00000001228416108925","0,00000125918388038405","0,00000642481613461423","0,00000203594632703599","0,00000679676014151209","0,00000076297421116455"
"0,32768146289194172200","0,00000164943143443878","0,00000001682577167083","0,00000033415933765834","0,00000001174552450695","0,00000001199592935924","0,00000013343124472486","0,00000005949723271491","0,00000426162557812278","0,00000265399919696487","0,00000001266347543410","0,00000188951698228056","0,00000289512127622948","0,00000004402808358895","0,00000241101906086075","0,00000001229254673990","0,00000126551723770663","0,00000643505466157079","0,00000204392889987269","0,00000682317223069505","0,00000076673451263709"
"0,32968538552925635800","0,00000165150312070423","0,00000001686188756560","0,00000033578566283189","0,00000001174933584940","0,00000001200642176494","0,00000013398316904714","0,00000005970352979877","0,00000427689171266974","0,00000266457434084720","0,00000001264568704993","0,00000189674865344276","0,00000290171912155261","0,00000004507595950517","0,00000242216153414158","0,00000001230307220556","0,00000127185897405547","0,00000644534671925092","0,00000205191617592324","0,00000684949242164182","0,00000077048827992601"
"0,33168930816657099500","0,00000165359488181221","0,00000001690465972933","0,00000033741576873386","0,00000001175968439191","0,00000001202255986342","0,00000013453686414623","0,00000005990368150093","0,00000429213730527366","0,00000267512782480638","0,00000001262278992003","0,00000190396834122138","0,00000290829678159381","0,00000004621475670920","0,00000243328027636570","0,00000001231573748623","0,00000127820908943057","0,00000645569230765462","0,00000205990815518766","0,00000687572071435240","0,00000077423551303132"
"0,33369323080388563200","0,00000165570671776272","0,00000001695408816201","0,00000033904965536425","0,00000001177657013448","0,00000001204434365468","0,00000013509233002212","0,00000006009768782138","0,00000430736235593455","0,00000268565964884243","0,00000001259478404441","0,00000191117604561641","0,00000291485425635306","0,00000004744447520104","0,00000244437528753311","0,00000001233054258191","0,00000128456758383194","0,00000646609142678190","0,00000206790483766594","0,00000690185710882680","0,00000077797621195301"
"0,33569715344120026900","0,00000165783862855575","0,00000001701017286366","0,00000034068732272307","0,00000001179999307712","0,00000001207177313872","0,00000013564956667481","0,00000006028554876012","0,00000432256686465240","0,00000269616981295534","0,00000001256166942307","0,00000191837176662785","0,00000292139154583038","0,00000004876511498070","0,00000245544656764382","0,00000001234748749261","0,00000129093445725957","0,00000647654407663276","0,00000207590622335808","0,00000692790160506501","0,00000078171037669108"
"0,33770107607851490600","0,00000165999061419132","0,00000001707291383426","0,00000034232877081030","0,00000001182995321983","0,00000001210484831554","0,00000013620857410431","0,00000006046726431716","0,00000433775083142722","0,00000270665831714511","0,00000001252344605601","0,00000192555550425571","0,00000292790865002576","0,00000005017667604817","0,00000246649411669781","0,00000001236657221831","0,00000129730970971346","0,00000648705025720719","0,00000208391231226407","0,00000695385420306704","0,00000078543800724554"
"0,33970499871582954200","0,00000166216267466941","0,00000001714231107382","0,00000034397399962596","0,00000001186645056259","0,00000001214356918514","0,00000013676935231061","0,00000006064283449249","0,00000435291425625900","0,00000271712516141175","0,00000001248011394323","0,00000193272725849999","0,00000293440556893919","0,00000005167915840346","0,00000247751793469510","0,00000001238779675903","0,00000130369334119362","0,00000649760996850519","0,00000209192310438393","0,00000697971490283288","0,00000078915910361639"
"0,34170892135314412400","0,00000166435480999004","0,00000001721836458234","0,00000034562300917004","0,00000001190948510542","0,00000001218793574751","0,00000013733190129372","0,00000006081225928611","0,00000436805713914774","0,00000272757034575525","0,00000001243167308473","0,00000193988702936067","0,00000294088230257069","0,00000005327256204657","0,00000248851802163567","0,00000001241116111475","0,00000131008535170004","0,00000650822321052677","0,00000209993859971765","0,00000700548370436253","0,00000079287366580361"
"0,34371284399045876100","0,00000166656702015319","0,00000001730107435981","0,00000034727579944253","0,00000001195905684831","0,00000001223794800267","0,00000013789622105363","0,00000006097553869803","0,00000438317948009344","0,00000273799387017561","0,00000001237812348051","0,00000194703481683777","0,00000294733885092025","0,00000005495688697748","0,00000249949437751954","0,00000001243666528549","0,00000131648574123272","0,00000651888998327192","0,00000210795879826523","0,00000703116060765599","0,00000079658169380722"
"0,34571676662777339700","0,00000166879930515887","0,00000001739044040625","0,00000034893237044345","0,00000001201516579127","0,00000001229360595060","0,00000013846231159035","0,00000006113267272824","0,00000439828127909611","0,00000274839573467283","0,00000001231946513056","0,00000195417062093129","0,00000295377521398788","0,00000005673213319622","0,00000251044700234671","0,00000001246430927124","0,00000132289450979166","0,00000652961028674065","0,00000211598370002667","0,00000705674561271327","0,00000080028318762722"
"0,34772068926508803400","0,00000167105166500708","0,00000001748646272164","0,00000035059272217280","0,00000001207781193429","0,00000001235490959132","0,00000013903017290387","0,00000006128366137674","0,00000441336253615575","0,00000275877593924692","0,00000001225569803490","0,00000196129444164122","0,00000296019139177356","0,00000005859830070276","0,00000252137589611716","0,00000001249409307200","0,00000132931165737687","0,00000654038412093296","0,00000212401330500197","0,00000708223871953437","0,00000080397814726360"
"0,34972461190240267100","0,00000167332409969782","0,00000001758914130599","0,00000035225685463056","0,00000001214699527738","0,00000001242185892481","0,00000013959980499419","0,00000006142850464354","0,00000442842325127234","0,00000276913448389787","0,00000001218682219351","0,00000196840627896756","0,00000296658738427731","0,00000006055538949712","0,00000253228105883090","0,00000001252601668778","0,00000133573718398834","0,00000655121148584883","0,00000213204761319113","0,00000710763992811927","0,00000080766657271636"
"0,35172853453971730800","0,00000167559873825110","0,00000001769301538278","0,00000035391803246937","0,00000001221657280417","0,00000001248888912216","0,00000014017065751668","0,00000006156764728305","0,00000444346696919459","0,00000277947624416564","0,00000001211849069172","0,00000197549141426557","0,00000297297240939703","0,00000006245797696462","0,00000254316253686862","0,00000001255704601984","0,00000134215424107798","0,00000656210987497610","0,00000214006933014391","0,00000713295518274893","0,00000081134935923254"
"0,35373245717703194500","0,00000167785770968693","0,00000001779262417548","0,00000035556952034185","0,00000001228040149833","0,00000001255043535446","0,00000014074218012670","0,00000006170153404969","0,00000445849723467118","0,00000278980609559019","0,00000001205635661482","0,00000198253512889050","0,00000297935568503064","0,00000006416064049057","0,00000255402037661101","0,00000001258414696948","0,00000134854598009768","0,00000657309678180258","0,00000214806116141008","0,00000715819042770427","0,00000081502740205918"
"0,35573637981434658200","0,00000168010101400531","0,00000001788796768411","0,00000035721131824800","0,00000001233848135986","0,00000001260649762169","0,00000014131437282425","0,00000006183016494346","0,00000447351404770210","0,00000280012403817152","0,00000001200041996283","0,00000198953742284234","0,00000298573721117815","0,00000006566338007496","0,00000256485457805807","0,00000001260731953670","0,00000135491240104745","0,00000658417220632826","0,00000215602310698963","0,00000718334566298529","0,00000081870070119626"
"0,35774030245166116300","0,00000168232865120624","0,00000001797904590865","0,00000035884342618782","0,00000001239081238874","0,00000001265707592387","0,00000014188723560933","0,00000006195353996435","0,00000448851740828736","0,00000281043007190964","0,00000001195068073573","0,00000199649829612111","0,00000299211698783955","0,00000006696619571781","0,00000257566514120979","0,00000001262656372149","0,00000136125350392728","0,00000659533614855315","0,00000216395516688256","0,00000720842088859199","0,00000082236925664379"
"0,35974422508897580000","0,00000168454062128972","0,00000001806585884911","0,00000036046584416132","0,00000001243739458499","0,00000001270217026098","0,00000014246076848194","0,00000006207165911237","0,00000450350731642696","0,00000282072419680454","0,00000001190713893354","0,00000200341774872680","0,00000299849501501485","0,00000006806908741912","0,00000258645206606617","0,00000001264187952385","0,00000136756928873718","0,00000660658860847724","0,00000217185734108887","0,00000723341610452438","0,00000082603306840177"
"0,36174814772629043600","0,00000168673692425575","0,00000001814840650549","0,00000036207857216848","0,00000001247822794860","0,00000001274178063304","0,00000014303497144208","0,00000006218452238751","0,00000451848377212090","0,00000283100641285623","0,00000001186979455625","0,00000201029578065940","0,00000300487129270403","0,00000006897205517887","0,00000259721535262723","0,00000001265326694379","0,00000137385975547714","0,00000661792958610054","0,00000217972962960857","0,00000725833131078244","0,00000082969213647020"
"0,36375207036360507300","0,00000168891756010433","0,00000001822668887779","0,00000036368161020932","0,00000001251331247958","0,00000001277590704004","0,00000014360984448976","0,00000006229212978979","0,00000453344677536918","0,00000284127672006469","0,00000001183864760386","0,00000201713239191893","0,00000301124582090711","0,00000006967509899708","0,00000260795500089294","0,00000001266072598130","0,00000138012490414717","0,00000662935908142305","0,00000218757203244165","0,00000728316650736619","0,00000083334646084909"
"0,36575599300091971000","0,00000169108252883546","0,00000001830070596600","0,00000036527495828382","0,00000001254264817792","0,00000001280454948197","0,00000014418538762496","0,00000006239448131919","0,00000454839632617179","0,00000285153511842994","0,00000001181369807636","0,00000202392758250538","0,00000301761859962409","0,00000007017821887373","0,00000261867101086333","0,00000001266425663639","0,00000138636473474727","0,00000664087709444476","0,00000219538454958812","0,00000730792169427563","0,00000083699604153842"
"0,36775991563823434700","0,00000169323183044914","0,00000001837045777014","0,00000036685861639200","0,00000001256623504362","0,00000001282770795885","0,00000014476160084769","0,00000006249157697572","0,00000456333242452874","0,00000286178160795197","0,00000001179494597377","0,00000203068135241874","0,00000302398962885496","0,00000007048141480884","0,00000262936338253838","0,00000001266385890905","0,00000139257924727743","0,00000665248362516568","0,00000220316718104797","0,00000733259687151074","0,00000084064087853821"
"0,36976383827554898400","0,00000169536546494537","0,00000001843594429019","0,00000036843258453385","0,00000001258407307668","0,00000001284538247067","0,00000014533848415795","0,00000006258341675938","0,00000457825507044003","0,00000287201618863078","0,00000001178239129608","0,00000203739370165903","0,00000303035890859972","0,00000007058468680240","0,00000264003211591810","0,00000001265953279929","0,00000139876844173765","0,00000666417867358580","0,00000221091992682120","0,00000735719203907154","0,00000084428097184844"
"0,37176776091286356500","0,00000169748343232415","0,00000001849716552616","0,00000036999686270937","0,00000001259616227710","0,00000001285757301743","0,00000014591603755574","0,00000006267000067016","0,00000459316426390566","0,00000288223886046637","0,00000001177603404329","0,00000204406463022623","0,00000303672643885837","0,00000007048803485442","0,00000265067721100248","0,00000001265127830710","0,00000140493231812794","0,00000667596223970513","0,00000221864278690781","0,00000738170719695802","0,00000084791632146913"
"0,37377168355017820200","0,00000169958573258548","0,00000001855412147804","0,00000037155145091856","0,00000001260250264489","0,00000001286427959913","0,00000014649426104106","0,00000006275132870808","0,00000460806000492563","0,00000289244962345875","0,00000001177587421540","0,00000205069413812035","0,00000304309221963092","0,00000007019145896488","0,00000266129866779153","0,00000001263909543249","0,00000141107087644830","0,00000668783432352367","0,00000222633576130781","0,00000740614234517018","0,00000085154692740026"
"0,37577560618749283900","0,00000170167236572936","0,00000001860681214585","0,00000037309634916143","0,00000001260309418005","0,00000001286550221577","0,00000014707315461392","0,00000006282740087312","0,00000462294229349993","0,00000290264847760790","0,00000001178191181241","0,00000205728222534140","0,00000304945625091735","0,00000006969495913380","0,00000267189648628524","0,00000001262298417545","0,00000141718411669872","0,00000669979492504142","0,00000223399885002119","0,00000743049748370803","0,00000085517278964185"
"0,37777952882480747600","0,00000170374333175579","0,00000001865523752957","0,00000037463155743796","0,00000001259793688256","0,00000001286124086735","0,00000014765271827430","0,00000006289821716528","0,00000463781112962857","0,00000291283542291385","0,00000001179414683432","0,00000206382889188936","0,00000305581853271769","0,00000006899853536117","0,00000268247066648362","0,00000001260294453598","0,00000142327203887921","0,00000671184404425837","0,00000224163205304795","0,00000745477261257156","0,00000085879390819388"
"0,37978345146212211200","0,00000170579863066477","0,00000001869939762921","0,00000037615707574817","0,00000001258703075244","0,00000001285149555388","0,00000014823295202221","0,00000006296377758458","0,00000465266651331156","0,00000292301045937657","0,00000001181257928113","0,00000207033413776424","0,00000306217906503191","0,00000006810218764699","0,00000269302120838667","0,00000001257897651409","0,00000142933464298976","0,00000672398168117453","0,00000224923537038810","0,00000747896773176077","0,00000086241028305637"
"0,38178737409943674900","0,00000170783826245630","0,00000001873929244477","0,00000037767290409204","0,00000001257037578968","0,00000001283626627534","0,00000014881385585765","0,00000006302408213100","0,00000466750844454887","0,00000293317358699607","0,00000001183720915284","0,00000207679796296604","0,00000306853784786003","0,00000006700591599126","0,00000270354811199438","0,00000001255108010978","0,00000143537192903038","0,00000673620783578989","0,00000225680880204163","0,00000750308284127566","0,00000086602191422931"
"0,38379129673675138600","0,00000170986222713038","0,00000001877492197625","0,00000037917904246959","0,00000001254797199428","0,00000001281555303174","0,00000014939542978062","0,00000006307913080455","0,00000468233692334053","0,00000294332480577236","0,00000001186803644945","0,00000208322036749476","0,00000307489488120204","0,00000006570972039399","0,00000271405137730676","0,00000001251925532304","0,00000144138389700107","0,00000674852250810446","0,00000226435234800854","0,00000752711794111624","0,00000086962880171269"
"0,38579521937406602300","0,00000171187052468701","0,00000001880628622365","0,00000038067549088081","0,00000001251981936625","0,00000001278935582309","0,00000014997767379113","0,00000006312892360523","0,00000469715194968653","0,00000295346411570543","0,00000001190506117097","0,00000208960135135040","0,00000308125016505795","0,00000006421360085516","0,00000272453100432381","0,00000001248350215387","0,00000144737054690182","0,00000676092569811824","0,00000227186600828884","0,00000755107303128249","0,00000087323094550653"
"0,38779914201138060400","0,00000171386315512619","0,00000001883338518696","0,00000038216224932570","0,00000001248591790558","0,00000001275767464937","0,00000015056058788916","0,00000006317346053303","0,00000471195352358686","0,00000296359151679528","0,00000001194828331738","0,00000209594091453296","0,00000308760369942775","0,00000006251755737479","0,00000273498699304552","0,00000001244382060228","0,00000145333187873263","0,00000677341740583122","0,00000227934978288251","0,00000757494811177443","0,00000087682834561082"
"0,38980306464869524100","0,00000171584011844793","0,00000001885621886619","0,00000038363931780426","0,00000001244626761227","0,00000001272050951060","0,00000015114417207472","0,00000006321274158796","0,00000472674164504153","0,00000297370700904192","0,00000001199770288869","0,00000210223905704244","0,00000309395548431144","0,00000006062158995287","0,00000274541934347190","0,00000001240021066826","0,00000145926789249352","0,00000678599763124341","0,00000228680367178958","0,00000759874318259206","0,00000088042100202556"
"0,39180698728600987800","0,00000171780141465221","0,00000001887478726134","0,00000038510669631649","0,00000001240086848632","0,00000001267786040677","0,00000015172842634781","0,00000006324676677002","0,00000474151631405054","0,00000298381059244534","0,00000001205331988490","0,00000210849577887884","0,00000310030551970902","0,00000005852569858940","0,00000275582805560294","0,00000001235267235182","0,00000146517858818446","0,00000679866637435480","0,00000229422767501002","0,00000762245824373536","0,00000088400891475075"
"0,39381090992332451500","0,00000171974704373904","0,00000001888909037241","0,00000038656438486239","0,00000001234972052774","0,00000001262972733787","0,00000015231335070844","0,00000006327553607921","0,00000475627753061388","0,00000299390226700553","0,00000001211513430602","0,00000211471108004216","0,00000310665380562050","0,00000005622988328439","0,00000276621312943865","0,00000001230120565295","0,00000147106396580548","0,00000681142363516540","0,00000230162179254385","0,00000764609329520435","0,00000088759208378639"
"0,39581483256063915100","0,00000172167700570842","0,00000001889912819939","0,00000038801238344197","0,00000001229282373652","0,00000001257611030392","0,00000015289894515659","0,00000006329904951552","0,00000477102529473157","0,00000300398203272252","0,00000001218314615203","0,00000212088496053240","0,00000311300034204587","0,00000005373414403782","0,00000277657456497902","0,00000001224581057165","0,00000147692402535655","0,00000682426941367521","0,00000230898602439106","0,00000766964833699902","0,00000089117050913247"
"0,39781875519795378800","0,00000172359130056035","0,00000001890490074230","0,00000038945069205521","0,00000001223017811267","0,00000001251700930491","0,00000015348520969227","0,00000006331730707897","0,00000478575960640359","0,00000301404988959628","0,00000001225735542295","0,00000212701742034956","0,00000311934512898514","0,00000005103848084971","0,00000278691236222407","0,00000001218648710793","0,00000148275876683770","0,00000683720370988422","0,00000231632037055166","0,00000769312336911937","0,00000089474419078901"
"0,39982267783526842500","0,00000172548992829484","0,00000001890640800112","0,00000039087931070213","0,00000001216178365617","0,00000001245242434084","0,00000015407214431549","0,00000006333030876954","0,00000480048046562995","0,00000302410583762683","0,00000001233776211876","0,00000213310845949363","0,00000312568816643829","0,00000004814289372005","0,00000279722652117377","0,00000001212323526179","0,00000148856819024891","0,00000685022652379245","0,00000232362483102563","0,00000771651839156541","0,00000089831312875601"
"0,40182660047258300600","0,00000172737927973642","0,00000001890838191277","0,00000039230666803963","0,00000001209385365495","0,00000001238795453270","0,00000015465820509299","0,00000006334784260910","0,00000481518237864681","0,00000303413657995665","0,00000001241781502128","0,00000213917415067385","0,00000313200742600524","0,00000004524561457069","0,00000280751851458026","0,00000001206124122292","0,00000149436622366884","0,00000686319840160136","0,00000233088861143683","0,00000773983018527918","0,00000090187548577401"
"0,40383052310989764300","0,00000172926574570966","0,00000001891555441416","0,00000039374119272464","0,00000001203260139692","0,00000001232919900148","0,00000015524184809152","0,00000006337969661953","0,00000482985985169032","0,00000304412881972824","0,00000001249096291229","0,00000214523056659943","0,00000313828087928587","0,00000004254487532348","0,00000281778981519564","0,00000001200569118105","0,00000150016679517617","0,00000687597988951246","0,00000233810091740909","0,00000776305553120273","0,00000090542942458359"
"0,40583444574721228000","0,00000173114932621456","0,00000001892792550530","0,00000039518288475715","0,00000001197802688207","0,00000001227615774717","0,00000015582307331110","0,00000006342587080082","0,00000484451288476049","0,00000305408255694160","0,00000001255720579180","0,00000215127770727037","0,00000314450852628019","0,00000004004067597843","0,00000282804042301992","0,00000001195658513616","0,00000150596990477088","0,00000688857098752575","0,00000234526174894240","0,00000778619442933607","0,00000090897494518476"
"0,40783836838452691700","0,00000173303002125112","0,00000001894549518618","0,00000039663174413716","0,00000001193013011041","0,00000001222883076979","0,00000015640188075172","0,00000006348636515297","0,00000485914147785731","0,00000306399779159672","0,00000001261654365980","0,00000215731557268668","0,00000315069036698820","0,00000003773301653552","0,00000283827033805309","0,00000001191392308825","0,00000151177555245298","0,00000690097169564122","0,00000235237110603676","0,00000780924687967920","0,00000091251204757750"
"0,40984229102184155400","0,00000173490783081933","0,00000001896826345679","0,00000039808777086467","0,00000001188891108193","0,00000001218721806933","0,00000015697827041338","0,00000006356117967599","0,00000487374563098078","0,00000307387452369362","0,00000001266897651630","0,00000216334416284835","0,00000315682640140989","0,00000003562189699477","0,00000284847956029516","0,00000001187770503734","0,00000151758373822247","0,00000691318201385887","0,00000235942898869219","0,00000783221288223211","0,00000091604073176182"
"0,41184621365915619100","0,00000173678275491920","0,00000001899623031715","0,00000039955096493968","0,00000001185436979664","0,00000001215131964578","0,00000015755224229607","0,00000006365031436987","0,00000488832534413091","0,00000308371275323229","0,00000001271450436130","0,00000216936347775538","0,00000316291662954527","0,00000003370731735617","0,00000285866808974612","0,00000001184793098341","0,00000152339446207934","0,00000692520194217871","0,00000236643539690867","0,00000785509243699480","0,00000091956099773771"
"0,41385013629647082700","0,00000173865479355072","0,00000001902939576726","0,00000040102132636220","0,00000001182650625454","0,00000001212113549916","0,00000015812379639981","0,00000006375376923461","0,00000490288061730770","0,00000309351248021272","0,00000001275312719480","0,00000217537351740777","0,00000316896105139434","0,00000003198927761972","0,00000286883592640598","0,00000001182460092647","0,00000152920772402361","0,00000693703148060074","0,00000237339033068620","0,00000787788554396728","0,00000092307284550519"
"0,41585405893378546400","0,00000174052394671390","0,00000001906775980710","0,00000040249885513222","0,00000001180532045562","0,00000001209666562945","0,00000015869293272459","0,00000006387154427022","0,00000491741145051113","0,00000310327370463493","0,00000001278484501679","0,00000218137428180553","0,00000317495966695709","0,00000003046777778542","0,00000287898307027473","0,00000001180771486652","0,00000153502352405526","0,00000694867062912494","0,00000238029379002480","0,00000790059220314955","0,00000092657627506425"
"0,41785798157110004600","0,00000174239021440874","0,00000001911132243668","0,00000040398355124974","0,00000001179081239988","0,00000001207791003666","0,00000015925965127040","0,00000006400363947669","0,00000493191784374123","0,00000311299642649890","0,00000001280965782728","0,00000218736577094864","0,00000318091247623353","0,00000002914281785327","0,00000288910952135237","0,00000001179727280355","0,00000154084186217430","0,00000696011938775134","0,00000238714577492445","0,00000792321241454160","0,00000093007128641488"
"0,41986190420841468200","0,00000174425359663524","0,00000001916008365601","0,00000040547541471476","0,00000001178298208733","0,00000001206486872080","0,00000015982395203726","0,00000006415005485402","0,00000494639979699797","0,00000312268064580464","0,00000001282756562627","0,00000219334798483712","0,00000318681947922365","0,00000002801439782327","0,00000289921527963891","0,00000001179327473757","0,00000154666273838073","0,00000697137775647991","0,00000239394628538515","0,00000794574617814344","0,00000093355787955709"
"0,42186582684572931900","0,00000174611409339339","0,00000001921404346508","0,00000040697444552729","0,00000001178182951797","0,00000001205754168185","0,00000016038583502515","0,00000006431079040222","0,00000496085731028137","0,00000313232636255215","0,00000001283856841375","0,00000219932092347097","0,00000319268067592746","0,00000002708251769543","0,00000290930034513435","0,00000001179572066858","0,00000155248615267455","0,00000698244573531068","0,00000240069532140691","0,00000796819349395506","0,00000093703605449089"
"0,42386974948304395600","0,00000174797170468320","0,00000001927320186389","0,00000040848064368732","0,00000001178735469179","0,00000001205592891982","0,00000016094530023409","0,00000006448584612127","0,00000497529038359143","0,00000314193357674143","0,00000001284266618973","0,00000220528458685017","0,00000319849606634496","0,00000002634717746973","0,00000291936471783868","0,00000001180461059657","0,00000155831210505576","0,00000699332332424362","0,00000240739288298973","0,00000799055436197647","0,00000094050581121626"
"0,42587367212035859300","0,00000174982643050466","0,00000001933755885244","0,00000040999400919485","0,00000001179955760880","0,00000001206003043471","0,00000016150234766406","0,00000006467522201119","0,00000498969901692814","0,00000315150228837248","0,00000001283985895421","0,00000221123897497474","0,00000320426565047614","0,00000002580837714619","0,00000292940839775190","0,00000001181994452155","0,00000156414059552435","0,00000700401052327875","0,00000241403897013361","0,00000801282878220766","0,00000094396714973321"
"0,42787759475767323000","0,00000175167827085778","0,00000001940711443073","0,00000041151454204988","0,00000001181843826900","0,00000001206984622652","0,00000016205697731508","0,00000006487891807198","0,00000500408321029150","0,00000316103249744529","0,00000001283014670718","0,00000221718408784467","0,00000320998942832101","0,00000002546611672480","0,00000293943138487402","0,00000001184172244352","0,00000156997162408033","0,00000701450733241607","0,00000242063358283854","0,00000803501675464864","0,00000094742007004173"
"0,42988151739498786600","0,00000175352722574256","0,00000001948186859877","0,00000041304224225242","0,00000001184399667238","0,00000001208537629525","0,00000016260918918713","0,00000006509693430362","0,00000501844296368152","0,00000317052420395988","0,00000001281352944866","0,00000222311992545996","0,00000321566739987957","0,00000002532039620556","0,00000294943367920503","0,00000001186994436248","0,00000157580519072370","0,00000702481375165557","0,00000242717672110453","0,00000805711827929941","0,00000095086457214184"
"0,43188544003230244800","0,00000175537329515900","0,00000001956182135654","0,00000041457710980245","0,00000001187623281894","0,00000001210662064090","0,00000016315898328023","0,00000006532927070613","0,00000503277827709819","0,00000317997740791623","0,00000001279000717862","0,00000222904648782062","0,00000322129956515181","0,00000002537121558848","0,00000295941528074494","0,00000001190461027842","0,00000158164129545446","0,00000703492978099726","0,00000243366838493157","0,00000807913335615996","0,00000095430065603353"
"0,43388936266961708500","0,00000175721647910709","0,00000001964697270406","0,00000041611914469999","0,00000001191514670869","0,00000001213357926346","0,00000016370635959436","0,00000006557592727951","0,00000504708915054152","0,00000318939210931435","0,00000001275957989709","0,00000223496377492663","0,00000322688592413774","0,00000002561857487354","0,00000296937618949374","0,00000001194572019135","0,00000158747993827260","0,00000704485542044113","0,00000244010857431967","0,00000810106198523029","0,00000095772832171679"
"0,43589328530693172100","0,00000175905677758683","0,00000001973732264132","0,00000041766834694503","0,00000001196073834163","0,00000001216625216295","0,00000016425131812954","0,00000006583690402374","0,00000506137558401150","0,00000319876830815425","0,00000001272224760405","0,00000224087178677801","0,00000323242647683736","0,00000002606247406076","0,00000297931640545144","0,00000001199327410127","0,00000159332111917814","0,00000705459066998718","0,00000244649728926883","0,00000812290416651041","0,00000096114756919163"
"0,43789720794424635800","0,00000176089419059824","0,00000001983287116832","0,00000041922471653758","0,00000001201300771775","0,00000001220463933935","0,00000016479385888575","0,00000006611220093884","0,00000507563757750814","0,00000320810600443591","0,00000001267801029951","0,00000224677052337476","0,00000323792122325066","0,00000002670291315012","0,00000298923592861803","0,00000001204727200818","0,00000159916483817106","0,00000706413552963542","0,00000245283452977904","0,00000814465990000032","0,00000096455839845805"
"0,43990113058156099500","0,00000176272871814130","0,00000001993361828506","0,00000042078825347762","0,00000001207195483706","0,00000001224874079268","0,00000016533398186300","0,00000006640181802480","0,00000508987513103143","0,00000321740519815934","0,00000001262686798347","0,00000225265998471686","0,00000324337016337765","0,00000002753989214164","0,00000299913475899351","0,00000001210771391207","0,00000160501109525137","0,00000707348999938584","0,00000245912029585031","0,00000816632918570001","0,00000096796080951605"
"0,44190505321887563200","0,00000176456036021602","0,00000002003956399155","0,00000042235895776517","0,00000001213757969955","0,00000001229855652292","0,00000016587168706130","0,00000006670575528163","0,00000510408824458137","0,00000322666588932453","0,00000001256882065592","0,00000225854017080433","0,00000324877329721833","0,00000002857341103531","0,00000300901289657790","0,00000001217459981295","0,00000161085989041907","0,00000708265407923845","0,00000246535458748264","0,00000818791202360949","0,00000097135480236563"
"0,44390897585619026900","0,00000176638911682239","0,00000002015070828778","0,00000042393682940022","0,00000001220988230523","0,00000001235408653009","0,00000016640697448063","0,00000006702401270932","0,00000511827691815797","0,00000323588807793150","0,00000001250386831687","0,00000226441108163716","0,00000325413062477269","0,00000002980346983113","0,00000301887034137117","0,00000001224792971081","0,00000161671122367415","0,00000709162776919325","0,00000247153740467602","0,00000820940841372875","0,00000097474037700679"
"0,44591289849350490600","0,00000176821498796042","0,00000002026705117374","0,00000042552186838278","0,00000001228886265410","0,00000001241533081417","0,00000016693984412100","0,00000006735659030787","0,00000513244115176123","0,00000324507176398024","0,00000001243201096632","0,00000227027271721535","0,00000325944214604074","0,00000003123006852911","0,00000302870709337334","0,00000001232770360567","0,00000162256509501663","0,00000710041106925022","0,00000247766874743046","0,00000823081835605779","0,00000097811753343952"
"0,44791682113081948700","0,00000177003797363011","0,00000002038859264945","0,00000042711407471283","0,00000001237452074615","0,00000001248228937517","0,00000016747029598241","0,00000006770348807728","0,00000514658094539113","0,00000325421694747074","0,00000001235324860426","0,00000227612507753891","0,00000326470786102247","0,00000003285320712923","0,00000303852315258440","0,00000001241392149751","0,00000162842150444649","0,00000710900397940939","0,00000248374861574596","0,00000825214185059663","0,00000098148627166384"
"0,44992074376813412400","0,00000177185807383145","0,00000002051533271490","0,00000042871344839039","0,00000001246685658138","0,00000001255496221309","0,00000016799833006487","0,00000006806470601756","0,00000516069629904769","0,00000326332362840302","0,00000001226758123070","0,00000228196816260782","0,00000326992776971789","0,00000003467288563151","0,00000304831851900436","0,00000001250658338634","0,00000163428045196374","0,00000711740649967073","0,00000248977700962251","0,00000827337889734524","0,00000098484659167973"
"0,45192466640544876000","0,00000177368350986571","0,00000002064043558863","0,00000043030901675810","0,00000001255594694700","0,00000001262761284772","0,00000016852681942272","0,00000006843670712891","0,00000517478767167938","0,00000327241725555203","0,00000001218305957253","0,00000228778914484767","0,00000327512855338393","0,00000003654163751416","0,00000305808668698836","0,00000001259670162806","0,00000164013211526435","0,00000712574776025022","0,00000249579860380989","0,00000829453933667606","0,00000098820493892374"
"0,45392858904276339700","0,00000177552250303414","0,00000002075706548915","0,00000043188980715860","0,00000001263186863021","0,00000001269450479882","0,00000016905863711035","0,00000006881595441156","0,00000518885552223466","0,00000328152327769275","0,00000001210773435662","0,00000229357519668401","0,00000328033689327754","0,00000003831199625542","0,00000306782115089152","0,00000001267528857860","0,00000164596667204430","0,00000713415689136379","0,00000250185807305785","0,00000831563300896149","0,00000099156775883238"
"0,45593251168007803400","0,00000177737505333674","0,00000002086522241647","0,00000043345581959190","0,00000001269462163100","0,00000001275563806641","0,00000016959378312775","0,00000006920244786550","0,00000520289985071354","0,00000329064169482518","0,00000001204160558297","0,00000229932631811685","0,00000328555278939870","0,00000003998396185528","0,00000307752191071386","0,00000001274234423795","0,00000165178412230358","0,00000714263389301145","0,00000250795541736641","0,00000833665991420152","0,00000099493505140567"
"0,45793643431739267100","0,00000177924116077351","0,00000002096490637059","0,00000043500705405800","0,00000001274420594937","0,00000001281101265047","0,00000017013225747492","0,00000006959618749074","0,00000521692065711600","0,00000329977250694931","0,00000001198467325159","0,00000230504250914619","0,00000329077624174742","0,00000004155753431376","0,00000308718896645537","0,00000001279786860610","0,00000165758446604219","0,00000715117876519319","0,00000251409063673555","0,00000835762005239617","0,00000099830681664361"
"0,45994035695470730800","0,00000178112082534445","0,00000002105611735151","0,00000043654351055689","0,00000001278062158533","0,00000001286062855102","0,00000017067406015185","0,00000006999717328727","0,00000523091794144207","0,00000330891571406516","0,00000001193693736248","0,00000231072376977202","0,00000329600725032370","0,00000004303271363083","0,00000309682231811605","0,00000001284186168307","0,00000166336770326014","0,00000715979150790903","0,00000252026373116528","0,00000837851342354542","0,00000100168305454619"
"0,46194427959202194500","0,00000178301404704957","0,00000002113885535923","0,00000043806518908858","0,00000001280386853887","0,00000001290448576806","0,00000017121919115856","0,00000007040540525509","0,00000524489170369172","0,00000331807131617271","0,00000001189839791564","0,00000231637009999434","0,00000330124581512754","0,00000004440949980651","0,00000310642196569591","0,00000001287432346884","0,00000166913383395743","0,00000716847212115895","0,00000252647470065561","0,00000839934002764929","0,00000100506376511341"
"0,46394820222933652600","0,00000178492082588885","0,00000002121312039375","0,00000043957208965307","0,00000001281394680999","0,00000001294258430157","0,00000017176765049504","0,00000007082088339420","0,00000525884194386498","0,00000332723931327197","0,00000001186905491106","0,00000232198149981317","0,00000330649193615894","0,00000004568789284080","0,00000311598790919493","0,00000001289525396343","0,00000167488285813405","0,00000717722060494296","0,00000253272354520652","0,00000842009986470776","0,00000100844894834527"
"0,46595212486665116300","0,00000178684116186231","0,00000002127891245507","0,00000044106421225035","0,00000001281085639870","0,00000001297492415157","0,00000017231943816129","0,00000007124360770461","0,00000527276866196182","0,00000333641970536294","0,00000001184890834875","0,00000232755796922849","0,00000331174561341789","0,00000004686789273369","0,00000312552014861313","0,00000001290465316682","0,00000168061477579000","0,00000718603695926106","0,00000253901026481802","0,00000844079293472085","0,00000101183860424178"
"0,46795604750396580000","0,00000178877505496994","0,00000002133623154319","0,00000044254155688043","0,00000001279459730499","0,00000001300150531804","0,00000017287455415731","0,00000007167357818632","0,00000528667185798226","0,00000334561249244561","0,00000001183795822870","0,00000233309950824030","0,00000331700684690441","0,00000004794949948519","0,00000313501868395050","0,00000001290252107902","0,00000168632958692529","0,00000719492118411324","0,00000254533485949011","0,00000846141923768854","0,00000101523273280293"
"0,46995997014128043600","0,00000179072250521174","0,00000002138507765811","0,00000044400412354330","0,00000001276516952887","0,00000001302232780100","0,00000017343299848310","0,00000007211079483931","0,00000530055153192629","0,00000335481767452000","0,00000001183620455092","0,00000233860611684861","0,00000332227563661849","0,00000004893271309529","0,00000314448351520705","0,00000001288885770004","0,00000169202729153991","0,00000720387327949952","0,00000255169732922279","0,00000848197877361085","0,00000101863133402873"
"0,47196389277859507300","0,00000179268351258771","0,00000002142545079983","0,00000044545191223898","0,00000001272257307033","0,00000001303739160045","0,00000017399477113865","0,00000007255525766360","0,00000531440768379392","0,00000336403525158609","0,00000001184364731541","0,00000234407779505342","0,00000332755198256012","0,00000004981753356400","0,00000315391464238276","0,00000001286366302986","0,00000169770788963386","0,00000721289324541988","0,00000255809767401606","0,00000850247154248776","0,00000102203440791917"
"0,47396781541590971000","0,00000179465807709785","0,00000002145735096835","0,00000044688492296745","0,00000001266680792937","0,00000001304669671637","0,00000017455987212398","0,00000007300696665918","0,00000532824031358514","0,00000337326522364389","0,00000001186028652217","0,00000234951454285472","0,00000333283588472932","0,00000005060396089132","0,00000316331206547765","0,00000001282693706849","0,00000170337138120715","0,00000722198108187433","0,00000256453589386991","0,00000852289754431929","0,00000102544195447425"
"0,47597173805322434700","0,00000179664619874216","0,00000002148077816367","0,00000044830315572871","0,00000001259787410600","0,00000001305024314877","0,00000017512830143908","0,00000007346592182606","0,00000534204942129996","0,00000338250759069340","0,00000001188612217119","0,00000235491636025252","0,00000333812734312607","0,00000005129199507724","0,00000317267578449171","0,00000001277867981593","0,00000170901776625978","0,00000723113678886287","0,00000257101198878436","0,00000854325677910542","0,00000102885397369398"
"0,47797566069053892800","0,00000179864787752065","0,00000002149573238579","0,00000044970661052278","0,00000001251577160022","0,00000001304803089766","0,00000017570005908395","0,00000007393212316422","0,00000535583500693837","0,00000339176235273462","0,00000001192115426247","0,00000236028324724682","0,00000334342635775038","0,00000005188163612176","0,00000318200579942494","0,00000001271889127218","0,00000171464704479174","0,00000724036036638549","0,00000257752595875940","0,00000856354924684617","0,00000103227046557834"
"0,47997958332785356500","0,00000180066311343330","0,00000002150221363471","0,00000045109528734964","0,00000001242050041201","0,00000001304005996303","0,00000017627514505859","0,00000007440557067369","0,00000536959707050037","0,00000340102950976754","0,00000001196538279603","0,00000236561520383761","0,00000334873292860225","0,00000005237288402489","0,00000319130211027735","0,00000001264757143724","0,00000172025921680303","0,00000724965181444220","0,00000258407780379502","0,00000858377494754152","0,00000103569143012736"
"0,48198350596516820200","0,00000180269190648013","0,00000002150022191043","0,00000045246918620929","0,00000001231206054139","0,00000001302633034488","0,00000017685355936300","0,00000007488626435444","0,00000538333561198597","0,00000341030906179217","0,00000001201880777185","0,00000237091223002490","0,00000335404705568168","0,00000005276573878663","0,00000320056471704893","0,00000001256472031111","0,00000172585428229366","0,00000725901113303301","0,00000259066752389124","0,00000860393388119149","0,00000103911686734101"
"0,48398742860248283900","0,00000180473425666113","0,00000002148975721295","0,00000045382830710174","0,00000001219045198836","0,00000001300684204322","0,00000017743530199718","0,00000007537420420649","0,00000539705063139516","0,00000341960100880851","0,00000001208142918994","0,00000237617432580868","0,00000335936873898867","0,00000005306020040697","0,00000320979361973968","0,00000001247033789379","0,00000173143224126362","0,00000726843832215789","0,00000259729511904804","0,00000862402604779606","0,00000104254677721931"
"0,48599135123979747500","0,00000180679016397630","0,00000002147081954227","0,00000045517265002699","0,00000001205567475290","0,00000001298159505803","0,00000017802037296113","0,00000007586939022983","0,00000541074212872795","0,00000342890535081656","0,00000001215324705029","0,00000238140149118896","0,00000336469797852322","0,00000005325626888592","0,00000321898881834960","0,00000001236442418528","0,00000173699309371291","0,00000727793338181687","0,00000260396058926544","0,00000864405144735525","0,00000104598115976225"
"0,48799527387711211200","0,00000180885962842564","0,00000002144340889839","0,00000045650221498504","0,00000001190772883504","0,00000001295058938933","0,00000017860877225485","0,00000007637182242447","0,00000542441010398433","0,00000343822208781632","0,00000001223426135291","0,00000238659372616574","0,00000337003477428532","0,00000005335394422347","0,00000322815031287869","0,00000001224697918558","0,00000174253683964155","0,00000728749631200993","0,00000261066393454342","0,00000866401007986904","0,00000104942001496984"
"0,48999919651442674900","0,00000181094265000915","0,00000002140752528131","0,00000045781700197588","0,00000001174661423475","0,00000001291382503711","0,00000017920049987834","0,00000007688150079040","0,00000543805455716430","0,00000344755121980778","0,00000001232447209780","0,00000239175103073901","0,00000337537912627499","0,00000005335322641963","0,00000323727810332696","0,00000001211800289469","0,00000174806347904951","0,00000729712711273709","0,00000261740515488199","0,00000868390194533744","0,00000105286334284207"
"0,49200311915174138600","0,00000181303922872684","0,00000002136316869102","0,00000045911701099952","0,00000001157233095205","0,00000001287130200137","0,00000017979555583160","0,00000007739842532762","0,00000545167548826787","0,00000345689274679095","0,00000001242387928495","0,00000239687340490878","0,00000338073103449222","0,00000005325411547439","0,00000324637218969440","0,00000001197749531261","0,00000175357301193681","0,00000730682578399833","0,00000262418425028116","0,00000870372704376046","0,00000105631114337894"
"0,49400704178905596700","0,00000181514936457869","0,00000002131033912754","0,00000046040224205596","0,00000001138487898694","0,00000001282302028211","0,00000018039394011463","0,00000007792259603613","0,00000546527289729503","0,00000346624666876583","0,00000001253248291437","0,00000240196084867505","0,00000338609049893700","0,00000005305661138776","0,00000325543257198101","0,00000001182545643934","0,00000175906543830344","0,00000731659232579366","0,00000263100122074091","0,00000872348537513808","0,00000105976341658046"
"0,49601096442637060400","0,00000181727305756472","0,00000002124903659086","0,00000046167269514519","0,00000001118425833940","0,00000001276897987934","0,00000018099565272743","0,00000007845401291594","0,00000547884678424579","0,00000347561298573242","0,00000001265028298605","0,00000240701336203781","0,00000339145751960935","0,00000005276071415973","0,00000326445925018680","0,00000001166188627488","0,00000176454075814941","0,00000732642673812307","0,00000263785606626125","0,00000874317693947032","0,00000106322016244662"
"0,49801488706368524100","0,00000181941030768491","0,00000002117926108098","0,00000046292837026722","0,00000001097046900946","0,00000001270918079305","0,00000018160069367000","0,00000007899267596704","0,00000549239714912014","0,00000348499169769072","0,00000001277727950001","0,00000241203094499706","0,00000339683209650925","0,00000005236642379031","0,00000327345222431175","0,00000001148678481922","0,00000176999897147471","0,00000733632902098657","0,00000264474878684218","0,00000876280173675716","0,00000106668138097742"
"0,50001880970099987800","0,00000182156111493928","0,00000002110101259789","0,00000046416926742205","0,00000001074351099709","0,00000001264362302324","0,00000018220906294234","0,00000007953858518944","0,00000550592399191809","0,00000349438280464072","0,00000001291347245623","0,00000241701359755282","0,00000340221422963671","0,00000005187374027950","0,00000328241149435588","0,00000001130015207238","0,00000177544007827935","0,00000734629917438417","0,00000265167938248370","0,00000878235976699862","0,00000107014707217287"
