Variable Source,dev1,dev2,dev3,dev4,dev5,dev6,dev7,dev8,dev9,dev10,dev11,dev12,dev13,dev14,dev15,dev16,dev17,Dev 18,Dev 19,Dev 20
"-0,49993858631900023300","0,00000197330408347918","0,00000001993683021869","0,00000031790087159639","0,00000001370703612770","0,00000001307967930353","0,00000011382875669269","0,00000004166509789260","0,00000333689916872462","0,00000214911553974310","0,00000295598943300159","0,00000168835055592554","0,00000251467574685876","0,00000002144802493331","0,00000254159406206761","0,00000000941983703426","0,00000100892457684621","0,00000554236782506678","0,00000184757135917538","0,00000564816577115427","0,00000080479814183274"
"-0,49793466368168559600","0,00000197277507605174","0,00000001973088162523","0,00000031629748517057","0,00000001320578322435","0,00000001272167861828","0,00000011349176296693","0,00000004205793323329","0,00000332659261652036","0,00000214277608653750","0,00000294704437031693","0,00000168348774654300","0,00000251258458104951","0,00000002156545051128","0,00000253485266218979","0,00000000984994548033","0,00000100585904479553","0,00000553865630903420","0,00000184339491044365","0,00000563171132329686","0,00000080384974021901"
"-0,49593074104437096000","0,00000197219836322484","0,00000001954024026503","0,00000031472763889722","0,00000001273437211822","0,00000001238434482669","0,00000011314593040538","0,00000004241798445090","0,00000331617594203107","0,00000213633518773215","0,00000293801879542462","0,00000167865391891072","0,00000251046142955131","0,00000002167936946133","0,00000252812241290903","0,00000001025159013379","0,00000100275305376791","0,00000553492460327554","0,00000183922432820789","0,00000561523330620396","0,00000080282882758484"
"-0,49392681840705632300","0,00000197157394499846","0,00000001936490613811","0,00000031319133277634","0,00000001229280280929","0,00000001206767792877","0,00000011279125900806","0,00000004274525154541","0,00000330564914525675","0,00000212979284332705","0,00000292891270832466","0,00000167384907302869","0,00000250830629236417","0,00000002178978178348","0,00000252140331422533","0,00000001062477099464","0,00000099960660376336","0,00000553117270779081","0,00000183505961246811","0,00000559873171987558","0,00000080173540393021"
"-0,49192289576974174100","0,00000197090182137262","0,00000001920487924445","0,00000031168856680794","0,00000001188107529759","0,00000001177167792451","0,00000011242774877494","0,00000004303973451683","0,00000329501222619740","0,00000212314905332219","0,00000291972610901706","0,00000166907320889692","0,00000250611916948808","0,00000002189668747771","0,00000251469536613869","0,00000001096948806287","0,00000099641969478187","0,00000552740062257999","0,00000183090076322431","0,00000558220656431172","0,00000080056946925513"
"-0,48991897313242710500","0,00000197018199234732","0,00000001906015958406","0,00000031021934099200","0,00000001149918958309","0,00000001149634481391","0,00000011205539970604","0,00000004330143336515","0,00000328426518485302","0,00000211640381771758","0,00000291045899750182","0,00000166432632651540","0,00000250390006092304","0,00000002200008654402","0,00000250799856864912","0,00000001128574133850","0,00000099319232682344","0,00000552360834764310","0,00000182674778047648","0,00000556565783951237","0,00000079933102355961"
"-0,48791505049511246800","0,00000196941445792254","0,00000001893074715694","0,00000030878365532853","0,00000001114714566581","0,00000001124167859698","0,00000011167421180135","0,00000004353034809039","0,00000327340802122360","0,00000210955713651322","0,00000290111137377893","0,00000165960842588414","0,00000250164896666906","0,00000002209997898243","0,00000250131292175660","0,00000001157353082151","0,00000098992449988807","0,00000551979588298012","0,00000182260066422462","0,00000554908554547754","0,00000079802006684364"
"-0,48591112785779783100","0,00000196859921809830","0,00000001881664196309","0,00000030738150981754","0,00000001082494354575","0,00000001100767927372","0,00000011128418506088","0,00000004372647869253","0,00000326244073530915","0,00000210260900970910","0,00000289168323784839","0,00000165491950700314","0,00000249936588672613","0,00000002219636479292","0,00000249463842546115","0,00000001183285651191","0,00000098661621397576","0,00000551596322859107","0,00000181845941446874","0,00000553248968220723","0,00000079663659910722"
"-0,48390720522048319400","0,00000196773627287458","0,00000001871784400251","0,00000030601290445902","0,00000001053258322289","0,00000001079434684412","0,00000011088531948463","0,00000004388982517158","0,00000325136332710967","0,00000209555943730522","0,00000288217458971021","0,00000165025956987239","0,00000249705082109425","0,00000002228924397549","0,00000248797507976276","0,00000001206371840970","0,00000098326746908652","0,00000551211038447594","0,00000181432403120884","0,00000551587024970143","0,00000079518062035035"
"-0,48190328258316855700","0,00000196682562225140","0,00000001863435327519","0,00000030467783925296","0,00000001027006469726","0,00000001060168130818","0,00000011047761507259","0,00000004402038752753","0,00000324017579662516","0,00000208840841930160","0,00000287258542936439","0,00000164562861449190","0,00000249470376977343","0,00000002237861653016","0,00000248132288466143","0,00000001226611651488","0,00000097987826522033","0,00000550823735063473","0,00000181019451444491","0,00000549922724796015","0,00000079365213057304"
"-0,47989935994585392000","0,00000196586726622876","0,00000001856616978115","0,00000030337631419938","0,00000001003738796883","0,00000001042968266591","0,00000011006107182476","0,00000004411816576039","0,00000322887814385561","0,00000208115595569821","0,00000286291575681092","0,00000164102664086167","0,00000249232473276367","0,00000002246448245691","0,00000247468184015716","0,00000001244005082745","0,00000097644860237721","0,00000550434412706744","0,00000180607086417695","0,00000548256067698339","0,00000079205112977527"
"-0,47789543730853928400","0,00000196486120480664","0,00000001851329352038","0,00000030210832929827","0,00000000983455303762","0,00000001027835091731","0,00000010963568974115","0,00000004418315987016","0,00000321747036880104","0,00000207380204649508","0,00000285316557204981","0,00000163645364898169","0,00000248991371006495","0,00000002254684175574","0,00000246805194624996","0,00000001258552134741","0,00000097297848055715","0,00000550043071377407","0,00000180195308040497","0,00000546587053677115","0,00000079037761795706"
"-0,47589151467122470200","0,00000196380743798506","0,00000001847572449287","0,00000030087388454963","0,00000000966155990363","0,00000001014768606236","0,00000010920146882175","0,00000004421536985684","0,00000320595247146143","0,00000206634669169219","0,00000284333487508105","0,00000163190963885197","0,00000248747070167730","0,00000002262569442667","0,00000246143320293981","0,00000001270252807475","0,00000096946789976016","0,00000549649711075462","0,00000179784116312897","0,00000544915682732342","0,00000078863159511840"
"-0,47388759203391006600","0,00000196270596576400","0,00000001845346269864","0,00000029967297995346","0,00000000951840856684","0,00000001003768810109","0,00000010875840906657","0,00000004421479572042","0,00000319432445183679","0,00000205878989128955","0,00000283342366590465","0,00000162739461047250","0,00000248499570760069","0,00000002270104046968","0,00000245482561022673","0,00000001279107100949","0,00000096591685998622","0,00000549254331800910","0,00000179373511234894","0,00000543241954864021","0,00000078681306125929"
"-0,47188366939659542900","0,00000196155678814348","0,00000001844650813767","0,00000029850561550976","0,00000000940509902727","0,00000000994835703347","0,00000010830651047560","0,00000004418143746091","0,00000318258630992711","0,00000205113164528715","0,00000282343194452060","0,00000162290856384329","0,00000248248872783514","0,00000002277287988477","0,00000244822916811071","0,00000001285115015161","0,00000096232536123535","0,00000548856933553749","0,00000178963492806489","0,00000541565870072151","0,00000078492201637974"
"-0,46987974675928079200","0,00000196035990512350","0,00000001845486080997","0,00000029737179121854","0,00000000932163128492","0,00000000987969285953","0,00000010784577304885","0,00000004411529507831","0,00000317073804573241","0,00000204337195368500","0,00000281335971092891","0,00000161845149896433","0,00000247994976238064","0,00000002284121267196","0,00000244164387659175","0,00000001288276550112","0,00000095869340350753","0,00000548457516333981","0,00000178554061027681","0,00000539887428356734","0,00000078295846047973"
"-0,46787582412196615500","0,00000195911531670404","0,00000001847852071554","0,00000029627150707978","0,00000000926800533978","0,00000000983169557924","0,00000010737619678631","0,00000004401636857262","0,00000315877965925267","0,00000203551081648309","0,00000280320696512958","0,00000161402341583563","0,00000247737881123720","0,00000002290603883123","0,00000243506973566985","0,00000001288591705802","0,00000095502098680278","0,00000548056080141605","0,00000178145215898470","0,00000538206629717768","0,00000078092239355928"
"-0,46587190148465151800","0,00000195782302288512","0,00000001851748785439","0,00000029520476309350","0,00000000924422119185","0,00000000980436519263","0,00000010689778168799","0,00000004388465794383","0,00000314671115048790","0,00000202754823368143","0,00000279297370712260","0,00000160962431445719","0,00000247477587440481","0,00000002296735836258","0,00000242850674534501","0,00000001286060482231","0,00000095130811112110","0,00000547652624976621","0,00000177736957418858","0,00000536523474155253","0,00000077881381561837"
"-0,46386797884733688100","0,00000195648302366673","0,00000001857176222650","0,00000029417155925968","0,00000000925027884114","0,00000000979770169967","0,00000010641052775388","0,00000004372016319195","0,00000313453251943810","0,00000201948420528002","0,00000278265993690797","0,00000160525419482900","0,00000247214095188348","0,00000002302517126603","0,00000242195490561723","0,00000001280682879399","0,00000094755477646247","0,00000547247150839028","0,00000177329285588842","0,00000534837961669191","0,00000077663272665702"
"-0,46186405621002230000","0,00000195509531904887","0,00000001864134383187","0,00000029317189557834","0,00000000928617828764","0,00000000981170510038","0,00000010591443498399","0,00000004352288431698","0,00000312224376610326","0,00000201131873127885","0,00000277226565448571","0,00000160091305695107","0,00000246947404367319","0,00000002307947754156","0,00000241541421648652","0,00000001272458897306","0,00000094376098282691","0,00000546839657728829","0,00000176922200408425","0,00000533150092259580","0,00000077437912667523"
"-0,45986013357270766300","0,00000195365990903154","0,00000001872623267052","0,00000029220577204947","0,00000000935191953136","0,00000000984637539476","0,00000010540950337831","0,00000004329282131891","0,00000310984489048340","0,00000200305181167793","0,00000276179085985579","0,00000159660090082339","0,00000246677514977397","0,00000002313027718917","0,00000240888467795287","0,00000001261388535952","0,00000093992673021440","0,00000546430145646021","0,00000176515701877604","0,00000531459865926420","0,00000077205301567298"
"-0,45785621093539302600","0,00000195217679361474","0,00000001882642874244","0,00000029127318867307","0,00000000944750257228","0,00000000990171258280","0,00000010489573293685","0,00000004302997419775","0,00000309733589257850","0,00000199468344647725","0,00000275123555301823","0,00000159231772644597","0,00000246404427018579","0,00000002317757020888","0,00000240236629001627","0,00000001247471795336","0,00000093605201862496","0,00000546018614590605","0,00000176109789996382","0,00000529767282669713","0,00000076965439365028"
"-0,45585228829807839000","0,00000195064597279848","0,00000001894193204763","0,00000029037414544914","0,00000000957292741043","0,00000000997771666450","0,00000010437312365960","0,00000004273434295350","0,00000308471677238857","0,00000198621363567682","0,00000274059973397303","0,00000158806353381881","0,00000246128140490868","0,00000002322135660067","0,00000239585905267674","0,00000001230708675460","0,00000093213684805858","0,00000545605064562582","0,00000175704464764756","0,00000528072342489457","0,00000076718326060714"
"-0,45384836566076375300","0,00000194906744658275","0,00000001907274258608","0,00000028950864237768","0,00000000972819404578","0,00000001007438763987","0,00000010384167554656","0,00000004240592758616","0,00000307198752991360","0,00000197764237927664","0,00000272988340272018","0,00000158383832294190","0,00000245848655394261","0,00000002326163636454","0,00000238936296593427","0,00000001211099176322","0,00000092818121851527","0,00000545189495561950","0,00000175299726182729","0,00000526375045385653","0,00000076463961654355"
"-0,45184444302344911600","0,00000194744121496755","0,00000001921886035781","0,00000028867667945869","0,00000000991330247835","0,00000001019172550891","0,00000010330138859774","0,00000004204472809572","0,00000305914816515361","0,00000196896967727670","0,00000271908655925969","0,00000157964209381525","0,00000245565971728760","0,00000002329840950051","0,00000238287802978887","0,00000001188643297923","0,00000092418512999501","0,00000544771907588711","0,00000174895574250299","0,00000524675391358301","0,00000076202346145951"
"-0,44984052038613447900","0,00000194578763703945","0,00000001936540644614","0,00000028784936625036","0,00000001010743752105","0,00000001031621706922","0,00000010275844707249","0,00000004167868841167","0,00000304628373053333","0,00000196025972889581","0,00000270826913893699","0,00000157544011194873","0,00000245279135301265","0,00000002333254783472","0,00000237637421645938","0,00000001165627794991","0,00000092016924970128","0,00000544349584050178","0,00000174488945723507","0,00000522973127643789","0,00000075938362146003"
"-0,44783659774881984200","0,00000194412707188502","0,00000001949750193440","0,00000028699781231088","0,00000001028978398677","0,00000001043434911844","0,00000010221903523017","0,00000004133575246350","0,00000303347927847751","0,00000195157673335278","0,00000269749107709751","0,00000157119764285224","0,00000244987191918678","0,00000002336492319336","0,00000236982149816468","0,00000001144339422255","0,00000091615424483754","0,00000543919808353666","0,00000174076777358395","0,00000521268001478508","0,00000075676892265013"
"-0,44583267511150526100","0,00000194245951950427","0,00000001961514682260","0,00000028612201764026","0,00000001046034187552","0,00000001054612165655","0,00000010168315307078","0,00000004101592025120","0,00000302073480898614","0,00000194292069064760","0,00000268675237374126","0,00000156691468652576","0,00000244690141580998","0,00000002339553557641","0,00000236321987490476","0,00000001124778179715","0,00000091214011540378","0,00000543482580499175","0,00000173659069154962","0,00000519560012862458","0,00000075417936502981"
"-0,44382875247419062400","0,00000194078497989718","0,00000001971834111074","0,00000028522198223848","0,00000001061911118730","0,00000001065153468356","0,00000010115080059431","0,00000004071919177478","0,00000300805032205924","0,00000193429160078027","0,00000267605302886824","0,00000156259124296931","0,00000244387984288226","0,00000002342438498389","0,00000235656934667962","0,00000001106944067370","0,00000090812686140002","0,00000543037900486704","0,00000173235821113209","0,00000517849161795638","0,00000075161494859906"
"-0,44182482983687598700","0,00000193910345306377","0,00000001980708479881","0,00000028429770610556","0,00000001076609192211","0,00000001075058819947","0,00000010062197780077","0,00000004044556703423","0,00000299542581769679","0,00000192568946375080","0,00000266539304247844","0,00000155822731218287","0,00000244080720040362","0,00000002345147141578","0,00000234986991348926","0,00000001090837085221","0,00000090411448282624","0,00000542585768316255","0,00000172807033233135","0,00000516135448278049","0,00000074907567335789"
"-0,43982090719956135100","0,00000193741493900402","0,00000001988137788682","0,00000028334918924149","0,00000001090128407995","0,00000001084328220428","0,00000010009668469016","0,00000004019504602955","0,00000298286129589881","0,00000191711427955919","0,00000265477241457187","0,00000155382289416645","0,00000243768348837405","0,00000002347679487209","0,00000234312157533369","0,00000001076457233267","0,00000090010297968245","0,00000542126183987826","0,00000172372705514741","0,00000514418872309691","0,00000074656153930629"
"-0,43781698456224671400","0,00000193571943771795","0,00000001994122037476","0,00000028237643164626","0,00000001102468766082","0,00000001092961669799","0,00000009957492126247","0,00000003996762876075","0,00000297035675666528","0,00000190856604820543","0,00000264419114514852","0,00000154937798892006","0,00000243450870679355","0,00000002350035535282","0,00000233632433221290","0,00000001063804511508","0,00000089609235196865","0,00000541659147501418","0,00000171932837958027","0,00000512699433890562","0,00000074407254644427"
"-0,43581306192493207700","0,00000193401694920555","0,00000001998661226265","0,00000028137943331989","0,00000001113630266472","0,00000001100959168059","0,00000009905668751771","0,00000003976331522782","0,00000295791219999621","0,00000190004476968952","0,00000263364923420840","0,00000154489259644368","0,00000243128285566214","0,00000002352215285797","0,00000232947818412689","0,00000001052878919946","0,00000089208259968483","0,00000541184658857031","0,00000171487430562992","0,00000510977133020665","0,00000074160869477182"
"-0,43380913928761744000","0,00000193230747346681","0,00000002001755355046","0,00000028035819426237","0,00000001123612909165","0,00000001108320715210","0,00000009854198345588","0,00000003958210543076","0,00000294552762589161","0,00000189155044401146","0,00000262314668175150","0,00000154036671673732","0,00000242800593497979","0,00000002354218738754","0,00000232258313107566","0,00000001043680458579","0,00000088807372283101","0,00000540702718054664","0,00000171036483329636","0,00000509251969699998","0,00000073916998428895"
"-0,43180521665030280300","0,00000193059101050175","0,00000002003404423822","0,00000027931271447370","0,00000001132416694161","0,00000001115046311250","0,00000009803080907697","0,00000003942399936958","0,00000293320303435146","0,00000188308307117126","0,00000261268348777783","0,00000153580034980098","0,00000242467794474652","0,00000002356045894153","0,00000231563917305921","0,00000001036209127407","0,00000088406572140717","0,00000540213325094319","0,00000170579996257960","0,00000507523943928561","0,00000073675641499566"
"-0,42980129401298822200","0,00000192886756031036","0,00000002003608432591","0,00000027824299395388","0,00000001140041621460","0,00000001121135956180","0,00000009752316438099","0,00000003928899704428","0,00000292093842537576","0,00000187464265116892","0,00000260225965228738","0,00000153119349563466","0,00000242129888496233","0,00000002357696751994","0,00000230864631007755","0,00000001030464926431","0,00000088005859541332","0,00000539716479975994","0,00000170117969347963","0,00000505793055706355","0,00000073436798689194"
"-0,42779737137567358500","0,00000192713712289264","0,00000002002367381353","0,00000027714903270291","0,00000001146487691062","0,00000001126589650000","0,00000009701904936794","0,00000003917709845484","0,00000290873379896453","0,00000186622918400443","0,00000259187517528016","0,00000152654615423836","0,00000241786875562721","0,00000002359171312276","0,00000230160454213067","0,00000001026447855650","0,00000087605234484945","0,00000539212182699690","0,00000169650402599646","0,00000504059305033380","0,00000073200469997779"
"-0,42579344873835894800","0,00000192539969824859","0,00000001999681270110","0,00000027603083072080","0,00000001151754902967","0,00000001131407392710","0,00000009651846403781","0,00000003908830360128","0,00000289658915511776","0,00000185784266967779","0,00000258153005675617","0,00000152185832561208","0,00000241438755674117","0,00000002360469575001","0,00000229451386921857","0,00000001024157915066","0,00000087204696971558","0,00000538700433265407","0,00000169177296013009","0,00000502322691909635","0,00000072966655425323"
"-0,42378952610104431100","0,00000192365528637821","0,00000001995550098860","0,00000027488838800753","0,00000001155843257175","0,00000001135589184310","0,00000009602140839062","0,00000003902261248360","0,00000288450449383545","0,00000184948310818901","0,00000257122429671540","0,00000151713000975582","0,00000241085528830421","0,00000002361591540167","0,00000228737429134126","0,00000001023595104676","0,00000086804247001169","0,00000538181231673144","0,00000168698649588051","0,00000500583216335120","0,00000072735354971823"
"-0,42178560346372967500","0,00000192190388728150","0,00000001989973867603","0,00000027372170456311","0,00000001158752753686","0,00000001139135024799","0,00000009552788242634","0,00000003898002510179","0,00000287247981511759","0,00000184115049953808","0,00000256095789515786","0,00000151236120666958","0,00000240727195031632","0,00000002362537207776","0,00000228018580849872","0,00000001024759424482","0,00000086403884573779","0,00000537654577922903","0,00000168214463324772","0,00000498840878309837","0,00000072506568637282"
"-0,41978168082641503800","0,00000192014550095847","0,00000001982952576340","0,00000027253078038755","0,00000001160483392499","0,00000001142044914179","0,00000009503788614500","0,00000003896054145585","0,00000286051511896420","0,00000183284484372501","0,00000255073085208354","0,00000150755191635335","0,00000240363754277750","0,00000002363306577826","0,00000227294842069097","0,00000001027650874484","0,00000086003609689388","0,00000537120472014682","0,00000167724737223173","0,00000497095677833783","0,00000072280296421698"
"-0,41777775818910040100","0,00000191838012740910","0,00000001974486225071","0,00000027131561548083","0,00000001161035173616","0,00000001144318852448","0,00000009455141954658","0,00000003896416154579","0,00000284861040537526","0,00000182456614074979","0,00000254054316749245","0,00000150270213880715","0,00000239995206568776","0,00000002363899650318","0,00000226566212791800","0,00000001032269454681","0,00000085603422347996","0,00000536578913948482","0,00000167229471283253","0,00000495347614906960","0,00000072056538325071"
"-0,41577383555178582000","0,00000191660776663340","0,00000001964574813795","0,00000027007620984297","0,00000001160408097036","0,00000001145956839607","0,00000009406848263109","0,00000003899088537160","0,00000283676567435078","0,00000181631439061242","0,00000253039484138458","0,00000149781187403097","0,00000239621551904709","0,00000002364316425252","0,00000225832693017981","0,00000001038615165074","0,00000085203322549603","0,00000536029903724303","0,00000166728665505013","0,00000493596689529368","0,00000071835294347402"
"-0,41376991291447118300","0,00000191482841863138","0,00000001953218342514","0,00000026881256347396","0,00000001158602162758","0,00000001146958875656","0,00000009358907539853","0,00000003904071293328","0,00000282498092589077","0,00000180808959331291","0,00000252028587375994","0,00000149288112202480","0,00000239242790285550","0,00000002364556902628","0,00000225094282747641","0,00000001046688005663","0,00000084803310294208","0,00000535473441342145","0,00000166222319888453","0,00000491842901701006","0,00000071616564488691"
"-0,41176599027715654600","0,00000191304208340302","0,00000001940416811225","0,00000026752467637379","0,00000001155617370784","0,00000001147324960595","0,00000009311319784889","0,00000003911364423084","0,00000281325615999521","0,00000179989174885126","0,00000251021626461852","0,00000148790988278866","0,00000238858921711299","0,00000002364621082446","0,00000224350981980779","0,00000001056487976446","0,00000084403385581812","0,00000534909526802007","0,00000165710434433572","0,00000490086251421875","0,00000071400348748937"
"-0,40976206763984190900","0,00000191124876094834","0,00000001926170219930","0,00000026621254854248","0,00000001151453721113","0,00000001147055094423","0,00000009264084998218","0,00000003920967926427","0,00000280159137666411","0,00000179172085722746","0,00000250018601396033","0,00000148289815632253","0,00000238469946181955","0,00000002364508964706","0,00000223602790717395","0,00000001068015077426","0,00000084003548412415","0,00000534338160103891","0,00000165193009140370","0,00000488326738691975","0,00000071186647128141"
"-0,40775814500252727200","0,00000190944845126733","0,00000001910478568629","0,00000026487617998002","0,00000001146111213744","0,00000001146149277142","0,00000009217203179840","0,00000003932881803358","0,00000278998657589746","0,00000178357691844151","0,00000249019512178537","0,00000147784594262643","0,00000238075863697519","0,00000002364220549408","0,00000222849708957489","0,00000001081269308601","0,00000083603798786017","0,00000533759341247795","0,00000164670044008848","0,00000486564363511304","0,00000070975459626302"
"-0,40575422236521263600","0,00000190764115435999","0,00000001893341857322","0,00000026351557068641","0,00000001139589848679","0,00000001144607508750","0,00000009170674329754","0,00000003947106053876","0,00000277844175769528","0,00000177545993249341","0,00000248024358809363","0,00000147275324170034","0,00000237676674257990","0,00000002363755836551","0,00000222091736701061","0,00000001096250669972","0,00000083204136702617","0,00000533173070233720","0,00000164141539039006","0,00000484799125879865","0,00000070766786243421"
"-0,40375029972789799900","0,00000190582687022631","0,00000001874760086008","0,00000026213072066165","0,00000001131889625916","0,00000001142429789248","0,00000009124498447962","0,00000003963640677982","0,00000276695692205756","0,00000176736989938318","0,00000247033141288512","0,00000146762005354427","0,00000237272377863369","0,00000002363114826137","0,00000221328873948112","0,00000001112959161538","0,00000082804562162216","0,00000532579347061666","0,00000163607494230843","0,00000483031025797656","0,00000070560626979498"
"-0,40174637709058336200","0,00000190400559886631","0,00000001854733254688","0,00000026072162990575","0,00000001123010545456","0,00000001139616118636","0,00000009078675534461","0,00000003982485675674","0,00000275553206898430","0,00000175930681911079","0,00000246045859615983","0,00000146244637815823","0,00000236862974513655","0,00000002362297518164","0,00000220561120698641","0,00000001131394783299","0,00000082405075164815","0,00000531978171731632","0,00000163067909584359","0,00000481260063264677","0,00000070356981834532"
"-0,39974245445326878100","0,00000190216975779260","0,00000001834717195848","0,00000025930519075883","0,00000001113902461793","0,00000001136611604049","0,00000009032707953473","0,00000004001256859994","0,00000274412147929356","0,00000175124870219374","0,00000245063107982676","0,00000145725335376471","0,00000236450890921569","0,00000002361273440219","0,00000219789878868680","0,00000001149955533475","0,00000082005794284507","0,00000531371878830952","0,00000162524640112795","0,00000479486619499919","0,00000070153444869334"
"-0,39773853181595414400","0,00000190031176451778","0,00000001816167741975","0,00000025789829556105","0,00000001105515229419","0,00000001133861352623","0,00000008986098069216","0,00000004017570043980","0,00000273267943380343","0,00000174317355914951","0,00000244085480579491","0,00000145206211858623","0,00000236038553799831","0,00000002360012119885","0,00000219016550374264","0,00000001167039410283","0,00000081606838095391","0,00000530762802946959","0,00000161979540829391","0,00000477711075722370","0,00000069947610144718"
"-0,39573460917863950700","0,00000189843161904185","0,00000001799084893070","0,00000025650094431240","0,00000001097848848333","0,00000001131365364357","0,00000008938845881690","0,00000004031425227631","0,00000272120593251389","0,00000173508138997809","0,00000243112977406427","0,00000144687267262278","0,00000235625963148442","0,00000002358513557164","0,00000218241135215391","0,00000001182646413724","0,00000081208206597465","0,00000530150944079653","0,00000161432611734147","0,00000475933431932030","0,00000069739477660681"
"-0,39373068654132487000","0,00000189652932136483","0,00000001783468649132","0,00000025511313701288","0,00000001090903318537","0,00000001129123639251","0,00000008890951390894","0,00000004042822410949","0,00000270970097542496","0,00000172697219467950","0,00000242145598463485","0,00000144168501587438","0,00000235213118967400","0,00000002356777752055","0,00000217463633392062","0,00000001196776543797","0,00000080809899790729","0,00000529536302229033","0,00000160883852827063","0,00000474153688128900","0,00000069529047417225"
"-0,39172676390401023300","0,00000189460487148670","0,00000001769319010161","0,00000025373487366249","0,00000001084678640030","0,00000001127136177305","0,00000008842414596830","0,00000004051761593933","0,00000269816456253663","0,00000171884597325372","0,00000241183343750665","0,00000143649914834101","0,00000234800021256706","0,00000002354804704558","0,00000216684044904277","0,00000001209429800502","0,00000080411917675184","0,00000528918877395100","0,00000160333264108138","0,00000472371844312980","0,00000069316319414349"
"-0,38972284126669559600","0,00000189265826940748","0,00000001756635976157","0,00000025236615426124","0,00000001079174812812","0,00000001125402978520","0,00000008793235499497","0,00000004058242776583","0,00000268659669384890","0,00000171070272570075","0,00000240226213267965","0,00000143131507002268","0,00000234386670016361","0,00000002352594414673","0,00000215902369752035","0,00000001220606183840","0,00000080014260250830","0,00000528298669577853","0,00000159780845577373","0,00000470587900484269","0,00000069101293652053"
"-0,38771891862938096000","0,00000189068951512714","0,00000001745419547120","0,00000025100697880912","0,00000001074391836883","0,00000001123924042895","0,00000008743414098895","0,00000004062265958898","0,00000267499736936176","0,00000170254245202061","0,00000239274207015388","0,00000142613278091938","0,00000233973065246363","0,00000002350146882400","0,00000215118607935337","0,00000001230305693810","0,00000079616927517666","0,00000527675678777293","0,00000159226597234768","0,00000468801856642767","0,00000068883970130337"
"-0,38571499599206637800","0,00000188869860864571","0,00000001735669723050","0,00000024965734730613","0,00000001070329712244","0,00000001122699370430","0,00000008692950395024","0,00000004063831140880","0,00000266336658907523","0,00000169436515221328","0,00000238327324992932","0,00000142095228103113","0,00000233559206946714","0,00000002347462107739","0,00000214332759454183","0,00000001238528330412","0,00000079219919475693","0,00000527049904993419","0,00000158670519080323","0,00000467013712788475","0,00000068664348849202"
"-0,38371107335475174200","0,00000188668554996317","0,00000001727386503948","0,00000024831725975228","0,00000001066988438893","0,00000001121728961126","0,00000008641844387884","0,00000004062938322528","0,00000265170435298930","0,00000168617082627877","0,00000237385567200597","0,00000141577357035791","0,00000233145095117413","0,00000002344540090691","0,00000213544824308572","0,00000001245274093647","0,00000078823236124910","0,00000526421348226232","0,00000158112611114038","0,00000465223468921393","0,00000068442429808647"
"-0,38170715071743710500","0,00000188465033907954","0,00000001720569889813","0,00000024698671614755","0,00000001064368016832","0,00000001121012814982","0,00000008590096077475","0,00000004059587503842","0,00000264001066110397","0,00000167795947421707","0,00000236448933638384","0,00000141059664889973","0,00000232730729758460","0,00000002341380831254","0,00000212754802498505","0,00000001250542983515","0,00000078426877465318","0,00000525790008475732","0,00000157552873335912","0,00000463431125041520","0,00000068218213008672"
"-0,37970322808012246800","0,00000188259297599480","0,00000001715219880645","0,00000024566571649196","0,00000001062468446059","0,00000001120550931999","0,00000008537705463797","0,00000004053778684822","0,00000262828551341924","0,00000166973109602820","0,00000235517424306293","0,00000140542151665659","0,00000232316110869854","0,00000002337984329430","0,00000211962694023982","0,00000001254335000014","0,00000078030843496917","0,00000525155885741918","0,00000156991305745947","0,00000461636681148856","0,00000067991698449277"
"-0,37769930544280783100","0,00000188051346070895","0,00000001711336476444","0,00000024435426078551","0,00000001061289726576","0,00000001120343312176","0,00000008484672546850","0,00000004045511865469","0,00000261652890993511","0,00000166148569171214","0,00000234591039204323","0,00000140024817362848","0,00000231901238451597","0,00000002334350585217","0,00000211168498885002","0,00000001256650143147","0,00000077635134219706","0,00000524518980024791","0,00000156427908344141","0,00000459840137243402","0,00000067762886130463"
"-0,37569538280549319400","0,00000187841179322201","0,00000001708919677210","0,00000024305234902818","0,00000001060831858382","0,00000001120389955513","0,00000008430997326634","0,00000004034787045781","0,00000260474085065158","0,00000165322326126889","0,00000233669778332474","0,00000139507661981541","0,00000231486112503688","0,00000002330479598617","0,00000210372217081567","0,00000001257488412911","0,00000077239749633686","0,00000523879291324351","0,00000155862681130495","0,00000458041493325158","0,00000067531776052228"
"-0,37369146016817855700","0,00000187628797353396","0,00000001707969482943","0,00000024175998121999","0,00000001061094841477","0,00000001120690862010","0,00000008376679803149","0,00000004021604225759","0,00000259292133556865","0,00000164494380469847","0,00000232753641690747","0,00000138990685521738","0,00000231070733026128","0,00000002326371369629","0,00000209573848613675","0,00000001256849809308","0,00000076844689738856","0,00000523236819640597","0,00000155295624105009","0,00000456240749394123","0,00000067298368214574"
"-0,37168753753086392100","0,00000187414200164481","0,00000001708485893644","0,00000024047715736093","0,00000001062078675861","0,00000001121246031668","0,00000008321719976396","0,00000004005963405403","0,00000258107036468632","0,00000163664732200086","0,00000231842629279142","0,00000138473887983439","0,00000230655100018915","0,00000002322025898253","0,00000208773393481326","0,00000001254734332337","0,00000076449954535217","0,00000522591564973530","0,00000154726737267682","0,00000454437905450297","0,00000067062662617501"
"-0,36968361489354933900","0,00000187197387755456","0,00000001710468909312","0,00000023920387745100","0,00000001063783361534","0,00000001122055464486","0,00000008266117846373","0,00000003987864584714","0,00000256918793800460","0,00000162833381317607","0,00000230936741097658","0,00000137957269366643","0,00000230239213482050","0,00000002317443184489","0,00000207970851684521","0,00000001251141981999","0,00000076055544022768","0,00000521943527323149","0,00000154156020618516","0,00000452632961493681","0,00000066824659261007"
"-0,36767969225623470200","0,00000186978360126320","0,00000001713918529947","0,00000023794014149021","0,00000001066208898497","0,00000001123119160464","0,00000008209873413081","0,00000003967307763690","0,00000255727405552347","0,00000162000327822409","0,00000230035977146295","0,00000137440829671351","0,00000229823073415533","0,00000002312623228337","0,00000207166223223260","0,00000001246072758293","0,00000075661458201510","0,00000521292706689455","0,00000153583474157509","0,00000450825917524275","0,00000066584358145094"
"-0,36567576961892006600","0,00000186757117277075","0,00000001718834755549","0,00000023668594947855","0,00000001069355286748","0,00000001124437119603","0,00000008152986676520","0,00000003944292942333","0,00000254532871724294","0,00000161165571714494","0,00000229140337425055","0,00000136924568897563","0,00000229406679819365","0,00000002307566029798","0,00000206359508097543","0,00000001239526661220","0,00000075267697071443","0,00000520639103072447","0,00000153009097884662","0,00000449016773542078","0,00000066341759269761"
"-0,36367184698160542900","0,00000186533659207719","0,00000001725217586118","0,00000023544130141602","0,00000001073222526289","0,00000001126009341902","0,00000008095457636691","0,00000003918820120641","0,00000253335192316301","0,00000160329112993860","0,00000228249821933935","0,00000136408487045279","0,00000228990032693544","0,00000002302271588870","0,00000205550706307369","0,00000001231503690779","0,00000074874260632566","0,00000519982716472127","0,00000152432891799975","0,00000447205529547090","0,00000066096862635008"
"-0,36166792434429079200","0,00000186307985918252","0,00000001733067021655","0,00000023420619730262","0,00000001077810617118","0,00000001127835827362","0,00000008037286293592","0,00000003890889298616","0,00000252134367328369","0,00000159490951660508","0,00000227364430672937","0,00000135892584114498","0,00000228573132038072","0,00000002296739905555","0,00000204739817852739","0,00000001222003846970","0,00000074481148884880","0,00000519323546888492","0,00000151854855903448","0,00000445392185539312","0,00000065849668240836"
"-0,35966400170697615500","0,00000186080097408676","0,00000001742383062158","0,00000023298063713836","0,00000001083119559237","0,00000001129916575981","0,00000007978472647224","0,00000003860500476256","0,00000250930396760496","0,00000158651087714437","0,00000226484163642061","0,00000135376860105222","0,00000228155977852948","0,00000002290970979851","0,00000203926842733653","0,00000001211027129794","0,00000074088361828384","0,00000518661594321545","0,00000151274990195080","0,00000443576741518744","0,00000065600176087244"
"-0,35766007906966151800","0,00000185849993678989","0,00000001753165707629","0,00000023176462092323","0,00000001089149352645","0,00000001132251587762","0,00000007919016697588","0,00000003827653653563","0,00000249723280612683","0,00000157809521155648","0,00000225609020841306","0,00000134861315017449","0,00000227738570138171","0,00000002284964811760","0,00000203111780950111","0,00000001198573539250","0,00000073695899463079","0,00000517996858771284","0,00000150693294674873","0,00000441759197485385","0,00000065348386174232"
"-0,35565615643234693700","0,00000185617674729192","0,00000001765414958067","0,00000023055814865723","0,00000001095899997342","0,00000001134840862702","0,00000007858918444682","0,00000003792348830536","0,00000248513018884931","0,00000156966251984141","0,00000224739002270673","0,00000134345948851179","0,00000227320908893743","0,00000002278721401281","0,00000202294632502112","0,00000001184643075339","0,00000073303761788965","0,00000517329340237709","0,00000150109769342825","0,00000439939553439235","0,00000065094298501800"
"-0,35365223379503230000","0,00000185383140559285","0,00000001779130813473","0,00000022936122034037","0,00000001103371493329","0,00000001137684400803","0,00000007798177888508","0,00000003754586007175","0,00000247299611577238","0,00000156121280199916","0,00000223874107930161","0,00000133830761606414","0,00000226902994119663","0,00000002272240748414","0,00000201475397389657","0,00000001169235738060","0,00000072911948806041","0,00000516659038720821","0,00000149524414198937","0,00000438117809380295","0,00000064837913069948"
"-0,35164831115771766300","0,00000185146391169268","0,00000001794313273845","0,00000022817383597263","0,00000001111563840604","0,00000001140782202064","0,00000007736795029064","0,00000003714365183480","0,00000246083058689606","0,00000155274605802972","0,00000223014337819771","0,00000133315753283152","0,00000226484825815931","0,00000002265522853159","0,00000200654075612745","0,00000001152351527413","0,00000072520460514307","0,00000515985954220620","0,00000148937229243209","0,00000436293965308565","0,00000064579229878677"
"-0,34964438852040302700","0,00000184907791868867","0,00000001809499827151","0,00000022698740113653","0,00000001119774539636","0,00000001143826984333","0,00000007675683626015","0,00000003673892088089","0,00000244869521236339","0,00000154430108692650","0,00000222157746025543","0,00000132800104857978","0,00000226063888276523","0,00000002258464076162","0,00000199829494915730","0,00000001135488329167","0,00000072129365729055","0,00000515308914303352","0,00000148346556880805","0,00000434466913428666","0,00000064319425063573"
"-0,34764046588308839000","0,00000184667707967808","0,00000001823227961356","0,00000022579332141453","0,00000001127301090894","0,00000001146511465457","0,00000007615757439023","0,00000003635372449640","0,00000243665160231744","0,00000153591668768289","0,00000221302386633518","0,00000132282997307476","0,00000225637665795414","0,00000002250960778070","0,00000199000483042963","0,00000001120144029089","0,00000071738733265575","0,00000514626746535265","0,00000147750739516891","0,00000432635545945220","0,00000064059674760225"
"-0,34563654324577375300","0,00000184426139466093","0,00000001835497676461","0,00000022459159680666","0,00000001134143494378","0,00000001148835645437","0,00000007557016468088","0,00000003598806268133","0,00000242469975675820","0,00000152759286029888","0,00000220448259643695","0,00000131764430631645","0,00000225206158372603","0,00000002243012958883","0,00000198167039994444","0,00000001106318627179","0,00000071348563123866","0,00000513939450916357","0,00000147149777151465","0,00000430799862858228","0,00000063799978968631"
"-0,34363262060845911600","0,00000184183086363720","0,00000001846308972466","0,00000022338222731291","0,00000001140301750086","0,00000001150799524272","0,00000007499460713210","0,00000003564193543569","0,00000241283967568567","0,00000151932960477448","0,00000219595365056075","0,00000131244404830487","0,00000224769366008093","0,00000002234620618601","0,00000197329165770173","0,00000001094012123438","0,00000070958855303930","0,00000513247027446630","0,00000146543669784528","0,00000428959864167690","0,00000063540337688793"
"-0,34162869797114447900","0,00000183938548660690","0,00000001855661849370","0,00000022216521293327","0,00000001145775858021","0,00000001152403101962","0,00000007443090174390","0,00000003531534275947","0,00000240107135909986","0,00000151112692110968","0,00000218743702870658","0,00000130722919904000","0,00000224327288701881","0,00000002225783757223","0,00000196486860370152","0,00000001083224517864","0,00000070569609805765","0,00000512549476126083","0,00000145932417416081","0,00000427115549873605","0,00000063280750920710"
"-0,33962477533382989800","0,00000183692526357003","0,00000001863556307174","0,00000022094055366775","0,00000001150565818180","0,00000001153646378508","0,00000007387904851627","0,00000003500828465268","0,00000238939480700076","0,00000150298480930450","0,00000217893273087444","0,00000130199975852185","0,00000223879926453968","0,00000002216502374749","0,00000195640123794378","0,00000001073955810459","0,00000070180826629373","0,00000511846796954717","0,00000145316020046122","0,00000425266919975973","0,00000063021218664382"
"-0,33762085269651526100","0,00000183445019452658","0,00000001869992345878","0,00000021970824951635","0,00000001154671630565","0,00000001154529353909","0,00000007333904744921","0,00000003472076111530","0,00000237781001938837","0,00000149490326935892","0,00000217044075706432","0,00000129675572675042","0,00000223427279264354","0,00000002206776471181","0,00000194788956042853","0,00000001066206001222","0,00000069792505774752","0,00000511138989932530","0,00000144694477674653","0,00000423413974474795","0,00000062761740919809"
"-0,33561693005920062400","0,00000183196027947656","0,00000001874969965481","0,00000021846830047907","0,00000001158093295175","0,00000001155052028165","0,00000007281089854272","0,00000003445277214735","0,00000236631699626270","0,00000148688230127295","0,00000216196110727624","0,00000129149710372570","0,00000222969347133040","0,00000002196606046517","0,00000193933357115576","0,00000001059975090154","0,00000069404647241903","0,00000510426055059524","0,00000144067790301672","0,00000421556713370071","0,00000062502317686991"
"-0,33361300742188598800","0,00000182945551841997","0,00000001878489165984","0,00000021722070655590","0,00000001160830812011","0,00000001155214401277","0,00000007229460179681","0,00000003420431774882","0,00000235491573762374","0,00000147892190504659","0,00000215349378151018","0,00000128622388944771","0,00000222506130060025","0,00000002185991100757","0,00000193073327012547","0,00000001055263077253","0,00000069017251030826","0,00000509707992335698","0,00000143435957927181","0,00000419695136661800","0,00000062242948965928"
"-0,33160908478457135100","0,00000182693591135681","0,00000001880549947386","0,00000021596546774685","0,00000001162884181072","0,00000001155016473244","0,00000007179015721146","0,00000003397539791971","0,00000234360624347150","0,00000147102208067983","0,00000214503877976615","0,00000128093608391643","0,00000222037628045309","0,00000002174931633903","0,00000192208865733767","0,00000001052069962521","0,00000068630317141521","0,00000508984801761052","0,00000142798980551179","0,00000417829244349982","0,00000061983634756620"
"-0,32960516214725671400","0,00000182440145828708","0,00000001881152309688","0,00000021470258405192","0,00000001164253402359","0,00000001154458244067","0,00000007129756478669","0,00000003376601266003","0,00000233238851380597","0,00000146318282817268","0,00000213659610204414","0,00000127563368713187","0,00000221563841088892","0,00000002163427645953","0,00000191339973279236","0,00000001050395745957","0,00000068243845573987","0,00000508256483335587","0,00000142156858173665","0,00000415959036434618","0,00000061724375059068"
"-0,32760123950994207700","0,00000182185215921077","0,00000001880296252890","0,00000021343205547111","0,00000001164938475871","0,00000001153539713745","0,00000007081682452249","0,00000003357616196977","0,00000232126254862715","0,00000145540414752514","0,00000212816574834416","0,00000127031669909402","0,00000221084769190774","0,00000002151479136907","0,00000190466649648952","0,00000001050240427562","0,00000067857836328226","0,00000507523037059302","0,00000141509590794641","0,00000414084512915707","0,00000061465169873270"
"-0,32559731687262749600","0,00000181928801412789","0,00000001877981776991","0,00000021215388200441","0,00000001164939401608","0,00000001152260882278","0,00000007034793641887","0,00000003340584584893","0,00000231022834793505","0,00000144768603873721","0,00000211974771866621","0,00000126498511980290","0,00000220600412350955","0,00000002139086106767","0,00000189588894842917","0,00000001051604007335","0,00000067472289404236","0,00000506784462932197","0,00000140857178414106","0,00000412205673793250","0,00000061206019199228"
"-0,32359339423531285900","0,00000181670902303844","0,00000001874208881992","0,00000021086806365183","0,00000001164256179571","0,00000001150621749666","0,00000006989090047581","0,00000003325506429751","0,00000229928591172966","0,00000144002850180889","0,00000211134201301029","0,00000125963894925849","0,00000220110770569435","0,00000002126248555530","0,00000188706708861131","0,00000001054486485275","0,00000067087204802019","0,00000506040760954272","0,00000140199621032060","0,00000410322519067247","0,00000060946923036941"
"-0,32158947159799822200","0,00000181411518594241","0,00000001868977567893","0,00000020957460041337","0,00000001162888809759","0,00000001148622315910","0,00000006944571669333","0,00000003312381731552","0,00000228843524001099","0,00000143243153674017","0,00000210294863137640","0,00000125427818746080","0,00000219615843846215","0,00000002112966483199","0,00000187820091703592","0,00000001058887861385","0,00000066702582521573","0,00000505291931125527","0,00000139536918648502","0,00000408435048737697","0,00000060687881386408"
"-0,31958554896068358500","0,00000181150650283982","0,00000001862287834693","0,00000020827349228903","0,00000001160837292173","0,00000001146262581010","0,00000006901238507142","0,00000003301210490295","0,00000227767633277902","0,00000142489514353106","0,00000209456757376453","0,00000124890283440983","0,00000219115632181294","0,00000002099239889772","0,00000186929043370302","0,00000001064808135662","0,00000066318422562899","0,00000504537973445963","0,00000138869071263434","0,00000406543262804600","0,00000060428894247631"
"-0,31758162632336894800","0,00000180888297373065","0,00000001854139682393","0,00000020696473927880","0,00000001158101626812","0,00000001143542544964","0,00000006859090561009","0,00000003291992705980","0,00000226700919003378","0,00000141741932218156","0,00000208619884017469","0,00000124351289010558","0,00000218610135574672","0,00000002085068775250","0,00000186033563861261","0,00000001072247308107","0,00000065934724925997","0,00000503778887915579","0,00000138196078876855","0,00000404647161267957","0,00000060169961620610"
"-0,31557770368605431200","0,00000180624459861491","0,00000001844533110992","0,00000020564834138270","0,00000001154681813676","0,00000001140462207774","0,00000006818127830932","0,00000003284728378607","0,00000225643381177524","0,00000141000407269166","0,00000207784243060688","0,00000123810835454804","0,00000218099354026349","0,00000002070453139633","0,00000185133653176468","0,00000001081205378721","0,00000065551489610867","0,00000503014674534375","0,00000137517941488765","0,00000402746744127767","0,00000059911083505343"
"-0,31357378104873967500","0,00000180359137749259","0,00000001833468120491","0,00000020432429860071","0,00000001150577852766","0,00000001137021569440","0,00000006778350316913","0,00000003279417508177","0,00000224595019800342","0,00000140264939506138","0,00000206949834506110","0,00000123268922773723","0,00000217583287536325","0,00000002055392982920","0,00000184229311315923","0,00000001091682347503","0,00000065168716617509","0,00000502245333302352","0,00000136834659099164","0,00000400842011384031","0,00000059652259901831"
"-0,31156985841142503800","0,00000180092331036371","0,00000001820944710890","0,00000020299261093283","0,00000001145789744081","0,00000001133220629960","0,00000006739758018951","0,00000003276060094689","0,00000223555834871831","0,00000139535528929070","0,00000206116658353734","0,00000122725550967313","0,00000217061936104600","0,00000002039888305112","0,00000183320538279627","0,00000001103678214454","0,00000064786405945923","0,00000501470864219509","0,00000136146231708052","0,00000398932963036748","0,00000059393490810074"
"-0,30956593577411045700","0,00000179824039722825","0,00000001806962882188","0,00000020165327837908","0,00000001140317487621","0,00000001129059389337","0,00000006702350937046","0,00000003274656138143","0,00000222525826391992","0,00000138812175537963","0,00000205284714603562","0,00000122180720035574","0,00000216535299731175","0,00000002023939106208","0,00000182407334067579","0,00000001117192979572","0,00000064404557596108","0,00000500691267285845","0,00000135452659315429","0,00000397019599085919","0,00000059134776230073"
"-0,30756201313679582000","0,00000179554263808622","0,00000001791522634386","0,00000020030630093944","0,00000001134161083387","0,00000001124537847568","0,00000006666129071199","0,00000003275205638539","0,00000221504994360824","0,00000138094879332816","0,00000204454003255592","0,00000121634429978508","0,00000216003378416048","0,00000002007545386209","0,00000181489698679779","0,00000001132226642859","0,00000064023171568066","0,00000499906542501363","0,00000134753941921295","0,00000395101919531544","0,00000058876116161826"
"-0,30555809049948118300","0,00000179283003293761","0,00000001774623967484","0,00000019895167861392","0,00000001127320531378","0,00000001119656004655","0,00000006631092421409","0,00000003277708595878","0,00000220493338778328","0,00000137383640313631","0,00000203624524309824","0,00000121086680796113","0,00000215466172159221","0,00000001990707145115","0,00000180567632116228","0,00000001148779204314","0,00000063642247861795","0,00000499116689866060","0,00000134050079525651","0,00000393179924373621","0,00000058617510605335"
"-0,30355416786216654600","0,00000179010258178244","0,00000001756266881481","0,00000019758941140252","0,00000001119795831595","0,00000001114413860597","0,00000006597240987675","0,00000003282165010159","0,00000219490859644502","0,00000136678458480406","0,00000202796277766260","0,00000120537472488391","0,00000214923680960693","0,00000001973424382925","0,00000179641134376925","0,00000001166850663938","0,00000063261786477296","0,00000498321709379938","0,00000133341072128495","0,00000391253613612153","0,00000058358959560599"
"-0,30155024522485190900","0,00000178736028462069","0,00000001736451376378","0,00000019621949930524","0,00000001111586984037","0,00000001108811415395","0,00000006564574770000","0,00000003288574881382","0,00000218497556959349","0,00000135979333833142","0,00000201969263624898","0,00000119986805055340","0,00000214375904820464","0,00000001955697099640","0,00000178710205461870","0,00000001186441021729","0,00000062881787414569","0,00000497521601042996","0,00000132626919729828","0,00000389322987247138","0,00000058100463027618"
"-0,29954632258753727300","0,00000178461138012841","0,00000001716452986467","0,00000019485312038024","0,00000001103462467500","0,00000001103325319456","0,00000006532323472962","0,00000003295138291794","0,00000217509900473916","0,00000135282032235744","0,00000201146973563716","0,00000119434118807721","0,00000213826224453025","0,00000001938082666712","0,00000177777904748524","0,00000001205951978644","0,00000062502117825755","0,00000496719911758252","0,00000131911151264971","0,00000387390082203391","0,00000057840599394803"
"-0,29754239995022263600","0,00000178186410698165","0,00000001697547246042","0,00000019350145268571","0,00000001096190760778","0,00000001098432223189","0,00000006499716801143","0,00000003300055323640","0,00000216524359939256","0,00000134582319552120","0,00000200332899260690","0,00000118878854056294","0,00000213278020572869","0,00000001921138455593","0,00000176847291614345","0,00000001223785235636","0,00000062122644862992","0,00000495920188428727","0,00000131197295669243","0,00000385456935405727","0,00000057577947050565"
"-0,29553847731290799900","0,00000177911846518039","0,00000001679734155102","0,00000019216449622164","0,00000001089771863872","0,00000001094132126595","0,00000006466754754543","0,00000003303325976921","0,00000215540935355367","0,00000133880195782269","0,00000199527040715820","0,00000118321010801060","0,00000212731293179994","0,00000001904864466282","0,00000175918366059335","0,00000001239940792707","0,00000061743368526283","0,00000495122431054419","0,00000130485352942645","0,00000383523546854146","0,00000057312505994905"
"-0,29353455467559341800","0,00000177637445472465","0,00000001663013713648","0,00000019084225098803","0,00000001084205776781","0,00000001090425029672","0,00000006433437333162","0,00000003304950251638","0,00000214559626722250","0,00000133175660926190","0,00000198729397929106","0,00000117760589042019","0,00000212186042274401","0,00000001889260698780","0,00000174991128083492","0,00000001254418649855","0,00000061364288815626","0,00000494326639635330","0,00000129775323085177","0,00000381589916548648","0,00000057044276227821"
"-0,29153063203827878100","0,00000177363207561442","0,00000001647385921679","0,00000018953471698489","0,00000001079492499505","0,00000001087310932422","0,00000006399764537000","0,00000003304928147789","0,00000213580434039905","0,00000132468714983885","0,00000197939970900549","0,00000117197588779169","0,00000211642267856091","0,00000001874327153087","0,00000174065577686817","0,00000001267218807082","0,00000060985405731021","0,00000493532814171458","0,00000129067206096839","0,00000379656044489233","0,00000056773257749315"
"-0,28952670940096414400","0,00000177089132784971","0,00000001632850779196","0,00000018824189421220","0,00000001075632032045","0,00000001084789834844","0,00000006365736366057","0,00000003303259665375","0,00000212603357308332","0,00000131759357955353","0,00000197158759630148","0,00000116632010012512","0,00000211099969925062","0,00000001860063829203","0,00000173141714869311","0,00000001278341264386","0,00000060606719272469","0,00000492740954662803","0,00000128361001977630","0,00000377721930675901","0,00000056499450559386"
"-0,28752278676364950700","0,00000176815221143050","0,00000001619408286198","0,00000018696378266998","0,00000001072624374401","0,00000001082861736938","0,00000006331352820333","0,00000003299944804395","0,00000211628396527531","0,00000131047589840593","0,00000196385764117903","0,00000116063852742048","0,00000210559148481315","0,00000001846470727128","0,00000172219539630972","0,00000001287786021768","0,00000060228229439970","0,00000491951061109367","0,00000127656710727551","0,00000375787575108652","0,00000056222854658034"
"-0,28551886412633487000","0,00000176541472635681","0,00000001607058442686","0,00000018570038235822","0,00000001070469526572","0,00000001081526638703","0,00000006296613899827","0,00000003294983564851","0,00000210655551697501","0,00000130333410639607","0,00000195620984363815","0,00000115493116967776","0,00000210019803524850","0,00000001833547846861","0,00000171299051971801","0,00000001295553079228","0,00000059849936233523","0,00000491163133511148","0,00000126954332346602","0,00000373852977787486","0,00000055943470045260"
"-0,28351494148902023300","0,00000176267887262863","0,00000001595801248659","0,00000018445169327692","0,00000001069167488559","0,00000001080784540142","0,00000006261519604541","0,00000003288375946741","0,00000209684822818243","0,00000129616820352393","0,00000194864420367882","0,00000114919802689696","0,00000209481935055668","0,00000001821295188404","0,00000170380251891798","0,00000001301642436766","0,00000059471839653128","0,00000490377171868147","0,00000126253866834782","0,00000371918138712404","0,00000055661296721062"
"-0,28151101885170559700","0,00000175994465024597","0,00000001585636704118","0,00000018321771542609","0,00000001068718260361","0,00000001080635441252","0,00000006226069934473","0,00000003280121950066","0,00000208716209889757","0,00000128897818978953","0,00000194116072130106","0,00000114343909907809","0,00000208945543073767","0,00000001809712751755","0,00000169463139390963","0,00000001306054094382","0,00000059093939698786","0,00000489593176180364","0,00000125555314192092","0,00000369983057883404","0,00000055376334685442"
"-0,27950709621439101500","0,00000175721205920881","0,00000001576564809062","0,00000018199844880571","0,00000001069121841979","0,00000001081079342034","0,00000006190264889625","0,00000003270221574826","0,00000207749712912043","0,00000128176406519285","0,00000193375939650486","0,00000113765438622114","0,00000208410627579148","0,00000001798800536915","0,00000168547714469296","0,00000001308788052076","0,00000058716236370497","0,00000488811146447799","0,00000124858674418532","0,00000368047735300487","0,00000055088583938399"
"-0,27750317357707637800","0,00000175448109951717","0,00000001568585563491","0,00000018079389341580","0,00000001070378233412","0,00000001082116242488","0,00000006154104469995","0,00000003258674821021","0,00000206785331885100","0,00000127452582973391","0,00000192644022929023","0,00000113184388832611","0,00000207877188571811","0,00000001788558543884","0,00000167633977126797","0,00000001309844309848","0,00000058338729668260","0,00000488031082670451","0,00000124163947514102","0,00000366112170963653","0,00000054798044479933"
"-0,27549925093976174200","0,00000175175177117104","0,00000001561698967406","0,00000017960404925635","0,00000001072487434661","0,00000001083746142615","0,00000006117588675584","0,00000003245481688651","0,00000205823066808929","0,00000126726348341269","0,00000191920321965715","0,00000112600760539301","0,00000207345226051756","0,00000001778986772661","0,00000166721927363465","0,00000001309222867698","0,00000057961419592075","0,00000487252984848321","0,00000123471133478802","0,00000364176364872902","0,00000054504716310045"
"-0,27349532830244710500","0,00000174902407417042","0,00000001555905020806","0,00000017842891632736","0,00000001075449445725","0,00000001085969042413","0,00000006080717506392","0,00000003230642177715","0,00000204862917683530","0,00000125997702622921","0,00000191204836760564","0,00000112014553742183","0,00000206814740018983","0,00000001770085223248","0,00000165811565179302","0,00000001306923725626","0,00000057584306141943","0,00000486476852981409","0,00000122780232312631","0,00000362240317028235","0,00000054208599428733"
"-0,27149140566513246800","0,00000174629800851532","0,00000001551203723692","0,00000017726849462883","0,00000001079264266605","0,00000001088784941884","0,00000006043490962419","0,00000003214156288215","0,00000203904884508903","0,00000125266645818345","0,00000190497567313569","0,00000111425768441258","0,00000206285730473491","0,00000001761853895643","0,00000164902890574307","0,00000001302946883632","0,00000057207389317864","0,00000485702687069715","0,00000122091244015590","0,00000360304027429650","0,00000053909693835999"
"-0,26948748302781783100","0,00000174357357420573","0,00000001547595076064","0,00000017612278416077","0,00000001083931897300","0,00000001092193841027","0,00000006005909043665","0,00000003196024020149","0,00000202948967285048","0,00000124533177927543","0,00000189798513624730","0,00000110834404636525","0,00000205758197415282","0,00000001754292789847","0,00000163995903548479","0,00000001297292341715","0,00000056830669119837","0,00000484930487113238","0,00000121404168587678","0,00000358367496077148","0,00000053607999531842"
"-0,26748356039050319400","0,00000174085077124164","0,00000001545079077920","0,00000017499178492317","0,00000001089452337811","0,00000001096195739842","0,00000005967971750130","0,00000003176245373518","0,00000201995166011964","0,00000123797298950513","0,00000189107675694048","0,00000110240462327984","0,00000205232140844355","0,00000001747401905860","0,00000163090604101820","0,00000001289960099877","0,00000056454145547863","0,00000484160253111979","0,00000120719006028897","0,00000356430722970729","0,00000053303516516262"
"-0,26547963775318855800","0,00000173812959962308","0,00000001543655729263","0,00000017387549691603","0,00000001095825588138","0,00000001100790638329","0,00000005929679081814","0,00000003154820348322","0,00000201043480689652","0,00000123059008887256","0,00000188425053521521","0,00000109643941515636","0,00000204707560760710","0,00000001741181243682","0,00000162186992234328","0,00000001280950158116","0,00000056077818601941","0,00000483391985065938","0,00000120035756339245","0,00000354493708110394","0,00000052996244789259"
"-0,26347571511587397600","0,00000173541005935002","0,00000001543325030090","0,00000017277392013935","0,00000001103051648280","0,00000001105978536488","0,00000005891031038717","0,00000003131748944560","0,00000200093911318112","0,00000122318307737773","0,00000187750647107151","0,00000109044842199481","0,00000204184457164347","0,00000001735630803313","0,00000161285067946004","0,00000001270262516434","0,00000055701688282072","0,00000482625682975115","0,00000119354419518723","0,00000352556451496141","0,00000052686184350833"
"-0,26147179247855933900","0,00000173269215042248","0,00000001544086980404","0,00000017168705459313","0,00000001111130518237","0,00000001111759434319","0,00000005852027620839","0,00000003107031162234","0,00000199146457897344","0,00000121575195502062","0,00000187084456450938","0,00000108443164379517","0,00000203662830055265","0,00000001730750584752","0,00000160384831236849","0,00000001257897174829","0,00000055325754588255","0,00000481861346839510","0,00000118674995567331","0,00000350618953127972","0,00000052373335200985"
"-0,25946786984124470300","0,00000172997587284045","0,00000001545941580202","0,00000017061490027738","0,00000001120062198010","0,00000001118133331822","0,00000005812668828179","0,00000003080667001342","0,00000198201120427348","0,00000120829672180124","0,00000186426481552880","0,00000107838908055746","0,00000203142679433466","0,00000001726540588000","0,00000159486282106861","0,00000001243854133302","0,00000054950017520491","0,00000481098976659122","0,00000117997484485068","0,00000348681213005885","0,00000052057697339714"
"-0,25746394720393006600","0,00000172726122660393","0,00000001548888829486","0,00000016955745719208","0,00000001129846687598","0,00000001125100228997","0,00000005772954660739","0,00000003052656461885","0,00000197257898908123","0,00000120081737771959","0,00000185776722412979","0,00000107232073228168","0,00000202624005298948","0,00000001723000813057","0,00000158589420556041","0,00000001228133391853","0,00000054574477078779","0,00000480338572433952","0,00000117321886271935","0,00000346743231129881","0,00000051739270767020"
"-0,25546002456661542900","0,00000172454821171292","0,00000001552928728256","0,00000016851472533725","0,00000001140483987002","0,00000001132660125845","0,00000005732885118517","0,00000003022999543863","0,00000196316793339670","0,00000119331392277567","0,00000185135179031234","0,00000106622659896781","0,00000202106807651713","0,00000001720131259923","0,00000157694246584389","0,00000001210734950482","0,00000054199133263120","0,00000479580134164000","0,00000116648200927932","0,00000344805007499961","0,00000051418055482903"
"-0,25345610192930079200","0,00000172183682816743","0,00000001558061276511","0,00000016748670471288","0,00000001151974096222","0,00000001140813022364","0,00000005692460201514","0,00000002991696247276","0,00000195377803721989","0,00000118578635696949","0,00000184501851407645","0,00000106010668061588","0,00000201591086491759","0,00000001717931928598","0,00000156800760191905","0,00000001191658809190","0,00000053823986073514","0,00000478823661849266","0,00000115976428453058","0,00000342866542116123","0,00000051094051487364"
"-0,25145217929198615500","0,00000171912707596745","0,00000001564286474251","0,00000016647339531898","0,00000001164317015257","0,00000001149558918556","0,00000005651679909731","0,00000002958746572124","0,00000194440930055080","0,00000117823468030103","0,00000183876739542212","0,00000105396097722586","0,00000201076841819088","0,00000001716402819081","0,00000155908961378589","0,00000001170904967975","0,00000053449035509960","0,00000478069155489749","0,00000115306568847315","0,00000340927834978368","0,00000050767258780401"
"-0,24944825665467154600","0,00000171640435797497","0,00000001570465947512","0,00000016546617449945","0,00000001176521965440","0,00000001158209710073","0,00000005611126155381","0,00000002925987817380","0,00000193513054346996","0,00000117070701282146","0,00000183259047135258","0,00000104779193499320","0,00000200562154430387","0,00000001715071104282","0,00000155016936655772","0,00000001150188856322","0,00000053075536459006","0,00000477314779342782","0,00000114636365330803","0,00000338988427744635","0,00000050440011717033"
"-0,24744433401735690900","0,00000171365407705199","0,00000001575461322329","0,00000016445641959823","0,00000001187598168106","0,00000001166077292568","0,00000005571380850682","0,00000002895257282017","0,00000192601058605789","0,00000116325147458196","0,00000182647977887105","0,00000104160200011332","0,00000200045105122347","0,00000001713463957107","0,00000154122772534785","0,00000001131225903715","0,00000052704743807199","0,00000476558697665695","0,00000113963561123625","0,00000337047862072863","0,00000050114644652277"
"-0,24544041138004230000","0,00000171087623319851","0,00000001579272598702","0,00000016344413061531","0,00000001197545623254","0,00000001173161666040","0,00000005532443995632","0,00000002866554966035","0,00000191704942831460","0,00000115586806558252","0,00000182043531797752","0,00000103539117258622","0,00000199525693894967","0,00000001711581377558","0,00000153226469015629","0,00000001114016110155","0,00000052336657554540","0,00000475800910458489","0,00000113288156225781","0,00000335106137963050","0,00000049791157586133"
"-0,24343648874272766400","0,00000170807082641452","0,00000001581899776630","0,00000016242930755069","0,00000001206364330883","0,00000001179462830491","0,00000005494315590232","0,00000002839880869435","0,00000190824707024009","0,00000114855678582313","0,00000181445708867199","0,00000102915945241191","0,00000199003920748247","0,00000001709423365634","0,00000152328026098303","0,00000001098559475641","0,00000051971277701029","0,00000475041417721164","0,00000112610150637270","0,00000333163255415198","0,00000049469550518602"
"-0,24143256610541302700","0,00000170523785670003","0,00000001583342856114","0,00000016141195040437","0,00000001214054290995","0,00000001184980785920","0,00000005456995634482","0,00000002815234992217","0,00000189960351183436","0,00000114131763530380","0,00000180854509095448","0,00000102290683959037","0,00000198479785682188","0,00000001706989921335","0,00000151427443782807","0,00000001084856000174","0,00000051608604246665","0,00000474280219453719","0,00000111929544358094","0,00000331219214429305","0,00000049149823449682"
"-0,23942864346809839000","0,00000170237732405503","0,00000001583601837153","0,00000016039205917635","0,00000001220615503589","0,00000001189715532326","0,00000005420484128381","0,00000002792617334379","0,00000189111875309740","0,00000113415061402454","0,00000180269932482497","0,00000101663333412162","0,00000197953288696788","0,00000001704281044661","0,00000150524722069142","0,00000001072905683752","0,00000051248637191449","0,00000473517315656155","0,00000111246337388251","0,00000329274015005373","0,00000048831976379374"
"-0,23742472083078378100","0,00000169948922847953","0,00000001582676719749","0,00000015936963386664","0,00000001226047968665","0,00000001193667069711","0,00000005384781071931","0,00000002772027895924","0,00000188279279402923","0,00000112705572198533","0,00000179691979028347","0,00000101033893600564","0,00000197424429792050","0,00000001701296735612","0,00000149619860957307","0,00000001062708526378","0,00000050891376535380","0,00000472752706328471","0,00000110560529727742","0,00000327327657143402","0,00000048516009307678"
"-0,23542079819346914400","0,00000169657356997353","0,00000001580567503900","0,00000015834467447522","0,00000001230351686222","0,00000001196835398074","0,00000005349886465130","0,00000002753466676849","0,00000187462563462983","0,00000112003295918618","0,00000179120648732997","0,00000100402364524245","0,00000196893208967971","0,00000001698036994188","0,00000148712860447302","0,00000001054264528049","0,00000050536822278459","0,00000471986391470669","0,00000109872121376567","0,00000325380140843390","0,00000048201922234593"
"-0,23341687555615450700","0,00000169363034853702","0,00000001577274189606","0,00000015731718100211","0,00000001233526656262","0,00000001199220517415","0,00000005315800307979","0,00000002736933677156","0,00000186661727489920","0,00000111308232562710","0,00000178555941596448","0,00000099768746183205","0,00000196359626224552","0,00000001694501820389","0,00000147803720539128","0,00000001047573688767","0,00000050184974420686","0,00000471218371082746","0,00000109181112334726","0,00000323431466105339","0,00000047889715160121"
"-0,23141295291883987000","0,00000169065956417001","0,00000001572796776869","0,00000015628715344730","0,00000001235572878784","0,00000001200822427734","0,00000005282522600477","0,00000002722428896844","0,00000185876771483736","0,00000110620382130807","0,00000177997857618700","0,00000099133038577442","0,00000195823681561794","0,00000001690691214216","0,00000146892441232784","0,00000001042636008531","0,00000049835832962060","0,00000470448645164705","0,00000108487502602219","0,00000321481632929247","0,00000047579388084261"
"-0,22940903028152526100","0,00000168766121687250","0,00000001567135265687","0,00000015525459181079","0,00000001236490353788","0,00000001201641129030","0,00000005250053342626","0,00000002709952335914","0,00000185107695444430","0,00000109939744622910","0,00000177446396799752","0,00000098495241706957","0,00000195285374979696","0,00000001686605175667","0,00000145979022528270","0,00000001039451487342","0,00000049489397902581","0,00000469677213716544","0,00000107791292179046","0,00000319530641315116","0,00000047270941007013"
"-0,22740510764421062400","0,00000168463530664448","0,00000001560289656061","0,00000015421949609259","0,00000001236279081273","0,00000001201676621305","0,00000005218392534424","0,00000002699503994365","0,00000184354499372001","0,00000109266320039019","0,00000176901559139606","0,00000097855355571751","0,00000194744706478259","0,00000001682243704744","0,00000145063464425587","0,00000001038020125199","0,00000049145669242251","0,00000468904076738264","0,00000107092481065206","0,00000317578491262946","0,00000046964373928377"
"-0,22540118500689598800","0,00000168158183348596","0,00000001552259947990","0,00000015318186629268","0,00000001234939061241","0,00000001200928904558","0,00000005187540175872","0,00000002691083872198","0,00000183617183266450","0,00000108600108379134","0,00000176363344638259","0,00000097213380171823","0,00000194201676057481","0,00000001677606801446","0,00000144145766924734","0,00000001038341922102","0,00000048804646981067","0,00000468129234229864","0,00000106391069260700","0,00000315625182772735","0,00000046659686848353"
"-0,22339726236958137900","0,00000167850079739693","0,00000001543046141475","0,00000015214170241108","0,00000001232470293691","0,00000001199397978789","0,00000005157496266970","0,00000002684691969412","0,00000182895747127777","0,00000107941109643255","0,00000175831753295714","0,00000096569315507172","0,00000193656283717364","0,00000001672694465773","0,00000143225930025711","0,00000001040416878051","0,00000048466331119032","0,00000467352686191346","0,00000105687056765528","0,00000313670715844485","0,00000046356879766941"
"-0,22139333973226674200","0,00000167539219837740","0,00000001532648236516","0,00000015109900444778","0,00000001228872778622","0,00000001197083843998","0,00000005128260807718","0,00000002680328286007","0,00000182190190955981","0,00000107289323831382","0,00000175306785111969","0,00000095923161577800","0,00000193108529457907","0,00000001667506697725","0,00000142303953728519","0,00000001044244993047","0,00000048130721656144","0,00000466574432622707","0,00000104980443579690","0,00000311715090478194","0,00000046055952684140"
"-0,21938941709495210500","0,00000167225603642737","0,00000001521066233113","0,00000015005377240278","0,00000001224146516036","0,00000001193986500184","0,00000005099833798116","0,00000002677992821984","0,00000181500514751064","0,00000106644750943515","0,00000174788440087024","0,00000095274918383707","0,00000192558413279111","0,00000001662043497302","0,00000141379838033157","0,00000001049826267090","0,00000047797818592403","0,00000465794473523950","0,00000104271229703186","0,00000309758306673864","0,00000045756905599952"
"-0,21738549445763746800","0,00000166909231154683","0,00000001508300131265","0,00000014900600627608","0,00000001218291505932","0,00000001190105947349","0,00000005072215238163","0,00000002677685577342","0,00000180826718513024","0,00000106007390979654","0,00000174276718220881","0,00000094624585924891","0,00000192005935180974","0,00000001656304864504","0,00000140453582939625","0,00000001057160700178","0,00000047467621927810","0,00000465012808895073","0,00000103559415136016","0,00000307800364431495","0,00000045459738514376"
"-0,21538157182032285900","0,00000166590102373579","0,00000001494349930973","0,00000014795570606768","0,00000001211307748310","0,00000001185442185492","0,00000005045405127860","0,00000002679406552082","0,00000180168802241862","0,00000105377243939799","0,00000173771619513538","0,00000093972164201354","0,00000191451095163498","0,00000001650290799332","0,00000139525188447924","0,00000001066248292313","0,00000047140131662365","0,00000464229438736077","0,00000102844999878179","0,00000305841263751085","0,00000045164451427411"
"-0,21337764918300822200","0,00000166268217299424","0,00000001479215632237","0,00000014690287177759","0,00000001203195243169","0,00000001179995214613","0,00000005019403467207","0,00000002683155746203","0,00000179526765937577","0,00000104754309823949","0,00000173273143964995","0,00000093317653213094","0,00000190893893226682","0,00000001644001301784","0,00000138594654558053","0,00000001077089043494","0,00000046815347796067","0,00000463444363046961","0,00000102127983929677","0,00000303881004632636","0,00000044871044339059"
"-0,21137372654569358500","0,00000165943575932219","0,00000001462897235056","0,00000014584750340580","0,00000001193953990511","0,00000001173765034712","0,00000004994210256204","0,00000002688933159705","0,00000178900609600171","0,00000104138588632106","0,00000172781291575254","0,00000092661052960113","0,00000190334329370527","0,00000001637436371862","0,00000137661981270012","0,00000001089682953722","0,00000046493270328917","0,00000462657581827726","0,00000101408367290508","0,00000301919587076146","0,00000044579517249319"
"-0,20936980390837894900","0,00000165616178271964","0,00000001445394739431","0,00000014478960095231","0,00000001183583990335","0,00000001166751645789","0,00000004969825494850","0,00000002696738792589","0,00000178290333229642","0,00000103530080364269","0,00000172296062344312","0,00000092002363442410","0,00000189772403595031","0,00000001630596009565","0,00000136727168583802","0,00000001104030022996","0,00000046173899260914","0,00000461869095078372","0,00000100686149960673","0,00000299957011081617","0,00000044289870158190"
"-0,20736588127106434000","0,00000165286024318658","0,00000001426708145362","0,00000014372916441712","0,00000001172085242640","0,00000001158955047844","0,00000004946249183146","0,00000002706572644854","0,00000177695936825991","0,00000102928785020437","0,00000171817456272172","0,00000091341584659985","0,00000189208115900196","0,00000001623480214892","0,00000135790216499421","0,00000001120130251316","0,00000045857234592059","0,00000461078902798898","0,00000099961331940172","0,00000297993276649049","0,00000044002103065674"
"-0,20536195863374970300","0,00000164953114072302","0,00000001406837452849","0,00000014266619380023","0,00000001159457747428","0,00000001150375240877","0,00000004923481321092","0,00000002718434716500","0,00000177117420389218","0,00000102334702600612","0,00000171345473358832","0,00000090678716612838","0,00000188641466286022","0,00000001616088987845","0,00000134851125016872","0,00000001137983638683","0,00000045543276322352","0,00000460287004989305","0,00000099233913229004","0,00000296028383778440","0,00000043716215971769"
"-0,20335803599643506600","0,00000164617447532896","0,00000001385782661891","0,00000014160068910164","0,00000001145701504698","0,00000001141012224887","0,00000004901521908688","0,00000002732325007528","0,00000176554783919323","0,00000101747833104792","0,00000170880113604293","0,00000090013759300970","0,00000188072454752507","0,00000001608422328423","0,00000133909894136152","0,00000001157590185096","0,00000045232024451792","0,00000459493401649593","0,00000098503893827171","0,00000294062332469792","0,00000043432208876477"
"-0,20135411335912042900","0,00000164279024700439","0,00000001363543772489","0,00000014053265032136","0,00000001130816514450","0,00000001130865999876","0,00000004880370945934","0,00000002748243517938","0,00000176008027416305","0,00000101168176532979","0,00000170421377008555","0,00000089346712724380","0,00000187501081299653","0,00000001600480236627","0,00000132966523857263","0,00000001178949890555","0,00000044923478980379","0,00000458698092779762","0,00000097771273734671","0,00000292095122723103","0,00000043150081779796"
"-0,19935019072180582000","0,00000163939207544458","0,00000001341578209383","0,00000013947447102924","0,00000001116014816886","0,00000001120823641668","0,00000004859583870113","0,00000002764348812193","0,00000175474577111337","0,00000100593042878743","0,00000169972753843868","0,00000088679702566035","0,00000186930335580039","0,00000001592837062970","0,00000132023766221119","0,00000001200311584445","0,00000044617089790633","0,00000457907395562581","0,00000097039913631845","0,00000290134443162444","0,00000042866811005739"
"-0,19734626808449118300","0,00000163599358034478","0,00000001321343397315","0,00000013843854479516","0,00000001102508452209","0,00000001111772226087","0,00000004838716118509","0,00000002778799454759","0,00000174951859235591","0,00000100019742135655","0,00000169537734382484","0,00000088014854508905","0,00000186363207246246","0,00000001586067157968","0,00000131084373268632","0,00000001219924096150","0,00000044312306765071","0,00000457127627180822","0,00000096313674199031","0,00000288187982411880","0,00000042579372878317"
"-0,19534234544717654600","0,00000163259476170499","0,00000001302839336285","0,00000013742487161910","0,00000001090297420420","0,00000001103711753133","0,00000004817767691123","0,00000002791595445637","0,00000174439873789065","0,00000099448274303717","0,00000169116318624403","0,00000087352168552990","0,00000185799696298274","0,00000001580170521621","0,00000130148344999805","0,00000001237787425670","0,00000044009129903694","0,00000456358787634484","0,00000095592555436230","0,00000286255740471414","0,00000042287767397529"
"-0,19333842280986191000","0,00000162919561952522","0,00000001286066026291","0,00000013643345150108","0,00000001079381721517","0,00000001096642222806","0,00000004796738587954","0,00000002802736784825","0,00000173938620771760","0,00000098878639382927","0,00000168708506569624","0,00000086691644698288","0,00000185239802736123","0,00000001575147153929","0,00000129215681414635","0,00000001253901573004","0,00000043707559206500","0,00000455600876923568","0,00000094876557343442","0,00000284337717341043","0,00000041991994563376"
"-0,19133450017254730000","0,00000162579615380546","0,00000001271023467335","0,00000013546428444110","0,00000001069761355502","0,00000001090563635107","0,00000004775628809003","0,00000002812223472324","0,00000173448100183677","0,00000098310837373286","0,00000168314298218148","0,00000086033282944801","0,00000184683526559792","0,00000001570997054893","0,00000128286382513124","0,00000001268266538154","0,00000043407594673492","0,00000454853895048073","0,00000094165679920666","0,00000282433913020770","0,00000041692054375857"
"-0,18933057753523266400","0,00000162239636454571","0,00000001257711659417","0,00000013451737043914","0,00000001061436322374","0,00000001085475990035","0,00000004754438354269","0,00000002820055508134","0,00000172968312024815","0,00000097744868274793","0,00000167933693569974","0,00000085377083292528","0,00000184130867769283","0,00000001567720224511","0,00000127360448295272","0,00000001280882321118","0,00000043109236304667","0,00000454117842008000","0,00000093459923167903","0,00000280544327510593","0,00000041387946834973"
"-0,18732665489791802700","0,00000161899625174598","0,00000001246130602536","0,00000013359270949522","0,00000001054406622133","0,00000001081379287591","0,00000004733167223752","0,00000002826232892255","0,00000172499256295174","0,00000097180732087450","0,00000167566692625103","0,00000084723045741469","0,00000183581826364594","0,00000001565316662784","0,00000126437878761078","0,00000001291748921897","0,00000042812484100028","0,00000453392717803348","0,00000092759287085153","0,00000278668960810512","0,00000041079671940724"
"-0,18532273226060341800","0,00000161559581540626","0,00000001236280296692","0,00000013269030160933","0,00000001048672254779","0,00000001078273527773","0,00000004711815417452","0,00000002830755624687","0,00000172040932994754","0,00000096618428811255","0,00000167213295383535","0,00000084071170291624","0,00000183036402345726","0,00000001563786369713","0,00000125518673910542","0,00000001300866340491","0,00000042517338059572","0,00000452678522434118","0,00000092063771672415","0,00000276807812920528","0,00000040767229693110"
"-0,18331880962328878100","0,00000161219505552655","0,00000001228160741885","0,00000013181014678147","0,00000001044233220312","0,00000001076158710583","0,00000004690382935370","0,00000002833623705430","0,00000171593342123556","0,00000096057958446209","0,00000166873501845270","0,00000083421456942994","0,00000182494595712678","0,00000001563129345296","0,00000124602833743665","0,00000001308234576900","0,00000042223798183301","0,00000451975255900309","0,00000091373376929690","0,00000274960883840641","0,00000040450620092130"
"-0,18131488698597414400","0,00000160879397210686","0,00000001221771938116","0,00000013095224501164","0,00000001041089518732","0,00000001075034836021","0,00000004668869777505","0,00000002834837134484","0,00000171156483681578","0,00000095499320992311","0,00000166547312010307","0,00000082773905695578","0,00000181956406465452","0,00000001563345589534","0,00000123690358260446","0,00000001313853631124","0,00000041931864471215","0,00000451282918201922","0,00000090688102856978","0,00000273128173570850","0,00000040129843137785"
"-0,17931096434865950700","0,00000160539256514718","0,00000001217113885385","0,00000013011659629985","0,00000001039241150040","0,00000001074901904085","0,00000004647275943857","0,00000002834395911848","0,00000170730357668822","0,00000094942516449563","0,00000166234725878647","0,00000082128516549376","0,00000181421834604047","0,00000001564435102427","0,00000122781247460885","0,00000001317723503162","0,00000041641536923312","0,00000450601509338956","0,00000090007949454278","0,00000271309682111155","0,00000039804898830074"
"-0,17730704171134489800","0,00000160199083464751","0,00000001214186583691","0,00000012930320064609","0,00000001038688114234","0,00000001075759914777","0,00000004625601434426","0,00000002832300037524","0,00000170314964085287","0,00000094387544817963","0,00000165935743450289","0,00000081485289504389","0,00000180890880128462","0,00000001566397883976","0,00000121875501344983","0,00000001319844193016","0,00000041352815539595","0,00000449931029311412","0,00000089332916721591","0,00000269505409461558","0,00000039475787168999"
"-0,17530311907403026100","0,00000159858878060786","0,00000001212990033034","0,00000012851205805036","0,00000001039430411316","0,00000001077608868096","0,00000004603846249213","0,00000002828549511510","0,00000169910302930973","0,00000093834406097512","0,00000165650364725234","0,00000080844224560615","0,00000180363543038698","0,00000001569233934179","0,00000120973119912740","0,00000001320215700684","0,00000041065700320061","0,00000449271478119289","0,00000088663004658917","0,00000267715355622056","0,00000039142508154558"
"-0,17329919643671562500","0,00000159518640302822","0,00000001213524233414","0,00000012774316851266","0,00000001041468041284","0,00000001080448764043","0,00000004582010388218","0,00000002823144333808","0,00000169516374205880","0,00000093283100288210","0,00000165378589703482","0,00000080205321718056","0,00000179839823334755","0,00000001572943253037","0,00000120074103164155","0,00000001318838026167","0,00000040780191264712","0,00000448622855762587","0,00000087998213266256","0,00000265939520592652","0,00000038805061786751"
"-0,17129527379940098800","0,00000159178370190859","0,00000001215789184832","0,00000012699653203300","0,00000001044801004140","0,00000001084279602616","0,00000004560093851439","0,00000002816084504416","0,00000169133177910009","0,00000092733627390056","0,00000165120418385032","0,00000079568580976711","0,00000179319721016632","0,00000001577525840551","0,00000119178451099228","0,00000001315711169465","0,00000040496288373548","0,00000447985162241308","0,00000087338542543607","0,00000264177904373344","0,00000038463448065580"
"-0,16929135116208637900","0,00000158838067724898","0,00000001219784887288","0,00000012627214861136","0,00000001049429299883","0,00000001089101383818","0,00000004538096638878","0,00000002807370023335","0,00000168760714043359","0,00000092185987403051","0,00000164875850769885","0,00000078934002336580","0,00000178803236084331","0,00000001582981696719","0,00000118286163717959","0,00000001310835130578","0,00000040213991646568","0,00000447358397555449","0,00000086683992490970","0,00000262430506964132","0,00000038117666991042"
"-0,16728742852477174200","0,00000158497732904938","0,00000001225511340781","0,00000012557001824776","0,00000001055352928513","0,00000001094914107646","0,00000004516018750534","0,00000002797000890565","0,00000168398982605929","0,00000091640180327195","0,00000164644886858041","0,00000078301585797664","0,00000178290368537850","0,00000001589310821542","0,00000117397241020350","0,00000001304209909506","0,00000039933301083772","0,00000446742561705012","0,00000086034563108347","0,00000260697328365017","0,00000037767718563140"
"-0,16528350588745710500","0,00000158157365730979","0,00000001232968545311","0,00000012489014094220","0,00000001062571890030","0,00000001101717774102","0,00000004493860186408","0,00000002784977106106","0,00000168047983597721","0,00000091096206162488","0,00000164427526649500","0,00000077671331359962","0,00000177781118377190","0,00000001596513215021","0,00000116511683006398","0,00000001295835506249","0,00000039654216685161","0,00000446137654689996","0,00000085390254395736","0,00000258978368575999","0,00000037413602781872"
"-0,16327958325014246800","0,00000157816966203022","0,00000001242156500878","0,00000012423251669466","0,00000001071086184435","0,00000001109512383185","0,00000004471620946498","0,00000002771298669958","0,00000167707717018735","0,00000090554064908930","0,00000164223770144261","0,00000077043239023474","0,00000177275485602351","0,00000001604588877154","0,00000115629489676105","0,00000001285711920806","0,00000039376738450734","0,00000445543676510402","0,00000084751066353137","0,00000257273627597077","0,00000037055319647240"
"-0,16127566061282785900","0,00000157476534321066","0,00000001253075207483","0,00000012359714550516","0,00000001080895811726","0,00000001118297934895","0,00000004449301030806","0,00000002755965582121","0,00000167378182868969","0,00000090013756566520","0,00000164033617342324","0,00000076417308788200","0,00000176773470213333","0,00000001613537807942","0,00000114750661029471","0,00000001273839153178","0,00000039100866380491","0,00000444960627166230","0,00000084116998980552","0,00000255583105428251","0,00000036692869159241"
"-0,15927173797551322200","0,00000157136070085111","0,00000001265724665126","0,00000012298402737369","0,00000001092000771904","0,00000001128074429232","0,00000004426900439332","0,00000002738977842595","0,00000167059381148425","0,00000089475281135259","0,00000163857068243691","0,00000075793540654140","0,00000176275072210136","0,00000001623360007386","0,00000113875197066494","0,00000001260217203366","0,00000038826600474433","0,00000444388506657479","0,00000083488052277979","0,00000253906802069523","0,00000036326251317878"
"-0,15726781533819858500","0,00000156795573495158","0,00000001280104873805","0,00000012239316230025","0,00000001104401064970","0,00000001138841866197","0,00000004404419172074","0,00000002720335451380","0,00000166751311857102","0,00000088938638615147","0,00000163694122848360","0,00000075171934621295","0,00000175780291592759","0,00000001634055475484","0,00000113003097787177","0,00000001244846071368","0,00000038553940732560","0,00000443827314984149","0,00000082864226245418","0,00000252244717520890","0,00000035955466123149"
"-0,15526389270088394900","0,00000156455044551206","0,00000001296215833522","0,00000012182455028484","0,00000001118096690923","0,00000001150600245789","0,00000004381857229034","0,00000002700038408475","0,00000166453974994999","0,00000088403829006183","0,00000163544781156331","0,00000074552490689664","0,00000175289128361203","0,00000001645624212237","0,00000112134363191517","0,00000001227725757185","0,00000038282887154871","0,00000443277052146241","0,00000082245520882871","0,00000250596851782354","0,00000035580513575054"
"-0,15325997006356934000","0,00000156114483253255","0,00000001314057544277","0,00000012127819132747","0,00000001133087649763","0,00000001163349568009","0,00000004359214610212","0,00000002678086713882","0,00000166167370562119","0,00000087870852308369","0,00000163409043167606","0,00000073935208859247","0,00000174801582515468","0,00000001658066217646","0,00000111268993279516","0,00000001208856260816","0,00000038013439741366","0,00000442737718143754","0,00000081631936190336","0,00000248963204853915","0,00000035201393673595"
"-0,15125604742625470300","0,00000155773889601306","0,00000001333630006069","0,00000012075408542813","0,00000001149373941489","0,00000001177089832856","0,00000004336491315606","0,00000002654480367599","0,00000165891498558459","0,00000087339708521703","0,00000163286908882183","0,00000073320089130044","0,00000174317654055554","0,00000001671381491709","0,00000110406988051174","0,00000001188237582263","0,00000037745598492046","0,00000442209312976689","0,00000081023472167813","0,00000247343776735573","0,00000034818106418770"
"-0,14925212478894006600","0,00000155433918264365","0,00000001353517596545","0,00000012023840564462","0,00000001165608848399","0,00000001190714212903","0,00000004314172925545","0,00000002631067476328","0,00000165630305658312","0,00000086818034157392","0,00000163178697430624","0,00000072710663198555","0,00000173837341079221","0,00000001684894418718","0,00000109547087984153","0,00000001167569021655","0,00000037481010768825","0,00000441691917734965","0,00000080420457020753","0,00000245744124793586","0,00000034436463107549"
"-0,14724820215162545700","0,00000155095223911441","0,00000001372304693353","0,00000011971732503476","0,00000001180445652785","0,00000001203115880724","0,00000004292745020356","0,00000002609696146768","0,00000165387738535969","0,00000086313465726643","0,00000163084727943490","0,00000072110462761278","0,00000173360641684228","0,00000001697929382965","0,00000108688033556118","0,00000001148549879122","0,00000037221323933620","0,00000441185613508504","0,00000079823218954603","0,00000244169806394216","0,00000034062275036903"
"-0,14524427951431082000","0,00000154757806542533","0,00000001389991296493","0,00000011919084359855","0,00000001193884354648","0,00000001214294836318","0,00000004272207600037","0,00000002590366378919","0,00000165163797191429","0,00000085826003229457","0,00000163005000420783","0,00000071519487818214","0,00000172887555870576","0,00000001710486384448","0,00000107829824767068","0,00000001131180154664","0,00000036966537986431","0,00000440690400297305","0,00000079231757969363","0,00000242620821537461","0,00000033695542206831"
"-0,14324035687699618300","0,00000154421666157640","0,00000001406577405964","0,00000011865896133597","0,00000001205924953989","0,00000001224251079685","0,00000004252560664590","0,00000002573078172781","0,00000164958481624693","0,00000085355646665832","0,00000162939514862501","0,00000070937738369362","0,00000172418083638265","0,00000001722565423167","0,00000106972461617003","0,00000001115459848281","0,00000036716652927257","0,00000440206278101369","0,00000078646074065035","0,00000241097170223323","0,00000033336264617332"
"-0,14123643423968154600","0,00000154086802756764","0,00000001422063021766","0,00000011812167824704","0,00000001216567450807","0,00000001232984610827","0,00000004233804214014","0,00000002557831528355","0,00000164771791835762","0,00000084902396035768","0,00000162888271268644","0,00000070365214414722","0,00000171952224987295","0,00000001734166499124","0,00000106115944105924","0,00000001101388959974","0,00000036471668756099","0,00000439733246920694","0,00000078066167241617","0,00000239598852451800","0,00000032984442268408"
"-0,13923251160236693700","0,00000153753216339904","0,00000001436448143900","0,00000011757899433175","0,00000001225811845102","0,00000001240495429741","0,00000004215938248309","0,00000002544626445640","0,00000164603727824634","0,00000084466251339267","0,00000162851269639213","0,00000069801915954294","0,00000171489979917665","0,00000001745289612318","0,00000105260272233830","0,00000001088967489741","0,00000036231585472956","0,00000439271306755282","0,00000077492037499110","0,00000238125868222894","0,00000032640075160058"
"-0,13722858896505230100","0,00000153420906907060","0,00000001449732772366","0,00000011703090959011","0,00000001233658136875","0,00000001246783536430","0,00000004198962767476","0,00000002533462924637","0,00000164454289591310","0,00000084047212576328","0,00000162828509974208","0,00000069247842988079","0,00000171031348429376","0,00000001755934762748","0,00000104405446000721","0,00000001078195437584","0,00000035996403077829","0,00000438820457605132","0,00000076923684837513","0,00000236678217536603","0,00000032303163292282"
"-0,13522466632773766400","0,00000153089874458233","0,00000001461916907163","0,00000011647742402211","0,00000001240106326124","0,00000001251848930891","0,00000004182877771514","0,00000002524340965344","0,00000164323477135789","0,00000083645279746950","0,00000162819992273628","0,00000068702995516077","0,00000170576330522428","0,00000001766101950415","0,00000103551465406598","0,00000001069072803502","0,00000035766121570718","0,00000438380699470245","0,00000076361109256827","0,00000235255900392928","0,00000031973706665080"
"-0,13322074369042302700","0,00000152760118993421","0,00000001473000548292","0,00000011591853762775","0,00000001245156412851","0,00000001255691613126","0,00000004167683260423","0,00000002517260567763","0,00000164211290458073","0,00000083260452851135","0,00000162825716537473","0,00000068167373538286","0,00000170124926196821","0,00000001775791175319","0,00000102698330451460","0,00000001061599587496","0,00000035540740951621","0,00000437952032350619","0,00000075804310757052","0,00000233858916791870","0,00000031651705278452"
"-0,13121682105310841800","0,00000152431640512626","0,00000001482983695752","0,00000011535425040703","0,00000001248808397055","0,00000001258311583135","0,00000004153379234203","0,00000002512221731894","0,00000164117729558160","0,00000082892731888881","0,00000162845682765745","0,00000067640977054708","0,00000169677135452554","0,00000001785002437460","0,00000101846041135307","0,00000001055775789564","0,00000035320261220541","0,00000437534456246256","0,00000075253289338187","0,00000232487266733427","0,00000031337159132398"
"-0,12921289841579378100","0,00000152104439015846","0,00000001491866349543","0,00000011478456235996","0,00000001251062278736","0,00000001259708840917","0,00000004139965692855","0,00000002509224457736","0,00000164042794436052","0,00000082542116860189","0,00000162879890958442","0,00000067123806065343","0,00000169232958289628","0,00000001793735736838","0,00000100994597458140","0,00000001051601409708","0,00000035104682377476","0,00000437127971157155","0,00000074708045000233","0,00000231140950217600","0,00000031030068226918"
"-0,12720897577847914400","0,00000151778514503083","0,00000001499648509667","0,00000011420947348653","0,00000001251918057895","0,00000001259883386473","0,00000004127442636378","0,00000002508268745289","0,00000163986485091747","0,00000082208607765059","0,00000162928341115564","0,00000066615860570190","0,00000168792394708043","0,00000001801991073453","0,00000100143999419958","0,00000001049076447927","0,00000034894004422426","0,00000436732577083316","0,00000074168577743190","0,00000229819967244389","0,00000030730432562013"
"-0,12520505314116450700","0,00000151453866974336","0,00000001506330176121","0,00000011362898378674","0,00000001251375734530","0,00000001258835219802","0,00000004115810064773","0,00000002509354594553","0,00000163948801525246","0,00000081892204603491","0,00000162991033237112","0,00000066117140569249","0,00000168355444707798","0,00000001809768447304","0,00000099294247020761","0,00000001048200904221","0,00000034688227355392","0,00000436348274024740","0,00000073634887567057","0,00000228524317813794","0,00000030438252137681"
"-0,12320113050384988400","0,00000151130496429605","0,00000001511911348908","0,00000011304309326060","0,00000001249435308643","0,00000001256564340905","0,00000004105067978038","0,00000002512482005528","0,00000163929743736549","0,00000081592907375485","0,00000163067967323086","0,00000065627646062520","0,00000167922108288895","0,00000001817067858393","0,00000098445340260550","0,00000001048974778590","0,00000034487351176374","0,00000435975061981426","0,00000073106974471835","0,00000227254001925815","0,00000030153526953924"
"-0,12119720786653526100","0,00000150808402868891","0,00000001516392028026","0,00000011245180190810","0,00000001246096780234","0,00000001253070749781","0,00000004095216376175","0,00000002517650978215","0,00000163929311725655","0,00000081310716081041","0,00000163159143373485","0,00000065147377050004","0,00000167492385451332","0,00000001823889306718","0,00000097597279139324","0,00000001051398071035","0,00000034291375885371","0,00000435612940953374","0,00000072584838457524","0,00000226009019580452","0,00000029876257010740"
"-0,11919328522922063800","0,00000150487586292192","0,00000001519772213475","0,00000011185510972924","0,00000001241360149301","0,00000001248354446431","0,00000004086255259183","0,00000002524861512614","0,00000163947505492566","0,00000081045630720158","0,00000163264561388310","0,00000064676333531701","0,00000167066276195110","0,00000001830232792280","0,00000096750063657083","0,00000001055470781555","0,00000034100301482383","0,00000435261910940584","0,00000072068479524123","0,00000224789370777705","0,00000029606442308131"
"-0,11718936259190600200","0,00000150168046699509","0,00000001522051905256","0,00000011125301672403","0,00000001235225415845","0,00000001242415430854","0,00000004078184627063","0,00000002534113608723","0,00000163984325037280","0,00000080797651292837","0,00000163384221367560","0,00000064214515507610","0,00000166643780520228","0,00000001836098315079","0,00000095903693813827","0,00000001061192910150","0,00000033914127967411","0,00000434921971943057","0,00000071557897671634","0,00000223595055517574","0,00000029344082846095"
"-0,11518543995459137900","0,00000149849784090843","0,00000001523231103368","0,00000011064552289245","0,00000001227692579867","0,00000001235253703051","0,00000004071004479813","0,00000002545407266544","0,00000164039770359798","0,00000080566777799079","0,00000163518123311236","0,00000063761922977731","0,00000166224898426688","0,00000001841485875115","0,00000095058169609557","0,00000001068564456820","0,00000033732855340455","0,00000434593123960792","0,00000071053092900054","0,00000222426073800058","0,00000029089178624634"
"-0,11318151731727674200","0,00000149532798466193","0,00000001523309807812","0,00000011003262823453","0,00000001218761641366","0,00000001226869263021","0,00000004064714817435","0,00000002558742486076","0,00000164113841460121","0,00000080353010238882","0,00000163666267219338","0,00000063318555942064","0,00000165809629914488","0,00000001846395472387","0,00000094213491044273","0,00000001077585421565","0,00000033556483601514","0,00000434275366993789","0,00000070554065209386","0,00000221282425625159","0,00000028841729643747"
"-0,11117759467996211900","0,00000149217089825559","0,00000001522288018588","0,00000010941433275024","0,00000001208432600342","0,00000001217262110765","0,00000004059315639929","0,00000002574119267320","0,00000164206538338246","0,00000080156348612247","0,00000163828653091865","0,00000062884414400610","0,00000165397974983629","0,00000001850827106897","0,00000093369658117973","0,00000001088255804386","0,00000033385012750589","0,00000433968701042048","0,00000070060814599628","0,00000220164110992876","0,00000028601735903434"
"-0,10917367204264748200","0,00000148902658168941","0,00000001520165735695","0,00000010879063643960","0,00000001196705456796","0,00000001206432246282","0,00000004054806947293","0,00000002591537610275","0,00000164317860994176","0,00000079976792919174","0,00000164005280928818","0,00000062459498353368","0,00000164989933634110","0,00000001854780778643","0,00000092526670830659","0,00000001100575605281","0,00000033218442787679","0,00000433673126105570","0,00000069573341070781","0,00000219071129903208","0,00000028369197403695"
"-0,10716974940533285900","0,00000148589503496339","0,00000001516942959133","0,00000010816153930260","0,00000001183580210726","0,00000001194379669573","0,00000004051188739529","0,00000002610997514941","0,00000164447809427910","0,00000079814343159662","0,00000164196150730196","0,00000062043807800339","0,00000164585505865933","0,00000001858256487626","0,00000091684529182330","0,00000001114544824252","0,00000033056773712785","0,00000433388642184353","0,00000069091644622844","0,00000218003482356157","0,00000028144114144530"
"-0,10516582676801822200","0,00000148277625807753","0,00000001512619688903","0,00000010752704133924","0,00000001169056862134","0,00000001181104380637","0,00000004048461016636","0,00000002632498981318","0,00000164596383639447","0,00000079668999333713","0,00000164401262496000","0,00000061637342741522","0,00000164184691679096","0,00000001861254233846","0,00000090843233172987","0,00000001130163461298","0,00000032900005525906","0,00000433115249278400","0,00000068615725255818","0,00000216961168351721","0,00000027926486125939"
"-0,10316190413070359900","0,00000147967025103183","0,00000001507195925005","0,00000010688714254953","0,00000001153135411019","0,00000001166606379475","0,00000004046623778615","0,00000002656042009407","0,00000164763583628789","0,00000079540761441326","0,00000164620616226229","0,00000061240103176917","0,00000163787491073600","0,00000001863774017303","0,00000090002782802628","0,00000001147431516420","0,00000032748138227043","0,00000432852947387708","0,00000068145582969703","0,00000215944187889902","0,00000027716313347923"
"-0,10115798149338896300","0,00000147657701382630","0,00000001500671667438","0,00000010624184293346","0,00000001135815857382","0,00000001150885666086","0,00000004045677025464","0,00000002681626599207","0,00000164949409395934","0,00000079429629482500","0,00000164854211920885","0,00000060852089106525","0,00000163393904049444","0,00000001865815837997","0,00000089163178071256","0,00000001166348989616","0,00000032601171816195","0,00000432601736512278","0,00000067681217764498","0,00000214952540970698","0,00000027513595810480"
"-0,09915405885607433970","0,00000147350636230116","0,00000001493789552487","0,00000010560772627430","0,00000001118587371918","0,00000001135235371047","0,00000004045523045152","0,00000002707292827631","0,00000165149346447543","0,00000079335890569587","0,00000165104245254063","0,00000060480155310076","0,00000163008804812184","0,00000001868045376370","0,00000088332146085117","0,00000001185288765789","0,00000032460424835033","0,00000432363131783672","0,00000067231563293268","0,00000213991357586751","0,00000027316133512252"
"-0,09715013621875970290","0,00000147046811229665","0,00000001487292216435","0,00000010500137635529","0,00000001102939125326","0,00000001120948624933","0,00000004046064125643","0,00000002731080771593","0,00000165358880290275","0,00000079259831814936","0,00000165372911899864","0,00000060131156567301","0,00000162637067567375","0,00000001871128312866","0,00000087517413950460","0,00000001202623729837","0,00000032327215825227","0,00000432138648333451","0,00000066805553209077","0,00000213065767730701","0,00000027121726451880"
"-0,09514621358144507990","0,00000146746226381277","0,00000001481179659282","0,00000010442279317645","0,00000001088871117606","0,00000001108025427743","0,00000004047300266938","0,00000002752990431091","0,00000165578010924131","0,00000079201453218548","0,00000165660211858287","0,00000059805092878200","0,00000162278692315016","0,00000001875064647484","0,00000086718981667286","0,00000001218353881760","0,00000032201544786777","0,00000431928286161614","0,00000066403187511924","0,00000212175771402549","0,00000026930374629363"
"-0,09314229094413044310","0,00000146448881684951","0,00000001475451881028","0,00000010387197673778","0,00000001076383348757","0,00000001096465779479","0,00000004049231469038","0,00000002773021806127","0,00000165806738349111","0,00000079160754780422","0,00000165966145129331","0,00000059501964242773","0,00000161933679055108","0,00000001879854380224","0,00000085936849235595","0,00000001232479221560","0,00000032083411719683","0,00000431732045268161","0,00000066024466201810","0,00000211321368602293","0,00000026742078044702"
"-0,09113836830681582010","0,00000146154777140689","0,00000001470108881674","0,00000010334892703927","0,00000001065475818779","0,00000001086269680140","0,00000004051857731941","0,00000002791174896700","0,00000166045062565214","0,00000079137736500559","0,00000166290711712998","0,00000059221770661020","0,00000161602027787650","0,00000001885497511087","0,00000085171016655386","0,00000001244999749235","0,00000031972816623945","0,00000431549925653093","0,00000065669389278735","0,00000210502559329935","0,00000026556836697897"
"-0,08913444566950118330","0,00000145863912748489","0,00000001465150661219","0,00000010285364408092","0,00000001056148527673","0,00000001077437129725","0,00000004055179055648","0,00000002807449702811","0,00000166292983572441","0,00000079132398378958","0,00000166633911609286","0,00000058964512132941","0,00000161283738512643","0,00000001891994040072","0,00000084421483926660","0,00000001255915464787","0,00000031869759499562","0,00000431381927316409","0,00000065337956742698","0,00000209719343585474","0,00000026374650588947"
"-0,08713052303218656040","0,00000145576288508352","0,00000001460577219663","0,00000010238612786274","0,00000001048401475438","0,00000001069968128236","0,00000004059195440159","0,00000002821846224458","0,00000166550501370792","0,00000079144740415620","0,00000166995744818197","0,00000058730188658536","0,00000160978811230087","0,00000001899343967179","0,00000083688251049416","0,00000001265226368214","0,00000031774240346536","0,00000431228050258110","0,00000065030168593700","0,00000208971721368910","0,00000026195519717853"
"-0,08512660039487193740","0,00000145291904420279","0,00000001456388557007","0,00000010194637838472","0,00000001042234662075","0,00000001063862675672","0,00000004063906885475","0,00000002834364461643","0,00000166817615960266","0,00000079174762610545","0,00000167376211339729","0,00000058518800237805","0,00000160687245939980","0,00000001907547292409","0,00000082971318023655","0,00000001272932459517","0,00000031686259164866","0,00000431088294478195","0,00000064746024831741","0,00000208259692680243","0,00000026019444084615"
"-0,08312267775755730060","0,00000145010760484268","0,00000001452584673250","0,00000010153439564687","0,00000001037648087583","0,00000001059120772033","0,00000004069313391594","0,00000002845004414364","0,00000167094327340864","0,00000079222464963732","0,00000167775311173884","0,00000058330346870749","0,00000160409042642325","0,00000001916604015762","0,00000082270684849376","0,00000001279033738696","0,00000031605815954551","0,00000430962659976664","0,00000064485525456820","0,00000207583257519473","0,00000025846423689232"
"-0,08111875512024267770","0,00000144732856700320","0,00000001449165568392","0,00000010115017964918","0,00000001034641751962","0,00000001055742417318","0,00000004075414958517","0,00000002853766082623","0,00000167380635512585","0,00000079287847475182","0,00000168193044320660","0,00000058164828557366","0,00000160144201337120","0,00000001926514137236","0,00000081586351526580","0,00000001283530205750","0,00000031532910715593","0,00000430851146753518","0,00000064248670468938","0,00000206942415886600","0,00000025676458531705"
"-0,07911483248292804080","0,00000144458193068434","0,00000001446131242433","0,00000010079373039165","0,00000001033215655213","0,00000001053727611529","0,00000004082211586244","0,00000002860649466420","0,00000167676540475430","0,00000079370910144895","0,00000168629410780058","0,00000058022245297657","0,00000159892722024365","0,00000001937277656833","0,00000080918318055266","0,00000001286421860681","0,00000031467543447990","0,00000430753754808757","0,00000064035459868094","0,00000206337167781625","0,00000025509548612034"
"-0,07711090984561341790","0,00000144186769588612","0,00000001443481695374","0,00000010046504787429","0,00000001033369797335","0,00000001053076354665","0,00000004089703274775","0,00000002865654565753","0,00000167982042229399","0,00000079471652972869","0,00000169084410552078","0,00000057902597091622","0,00000159654604704061","0,00000001948894574553","0,00000080266584435435","0,00000001287708703487","0,00000031409714151744","0,00000430670484142380","0,00000063845893654289","0,00000205767513204547","0,00000025345693930218"
"-0,07510698720829878110","0,00000143918586260852","0,00000001441216927214","0,00000010016413209709","0,00000001035104178329","0,00000001053788646726","0,00000004097890024111","0,00000002868781380623","0,00000168297140774491","0,00000079590075959107","0,00000169558043636720","0,00000057805883939262","0,00000159429849376208","0,00000001961364890394","0,00000079631150667087","0,00000001287390734170","0,00000031359422826853","0,00000430601334754388","0,00000063679971827523","0,00000205233452155366","0,00000025184894486257"
"-0,07310306457098415810","0,00000143653643085156","0,00000001439336937953","0,00000009989098306005","0,00000001038418798194","0,00000001055864487712","0,00000004106771834250","0,00000002870029911031","0,00000168621836110707","0,00000079726179103607","0,00000170050310033984","0,00000057732105840575","0,00000159218456040805","0,00000001974688604358","0,00000079012016750221","0,00000001285467952728","0,00000031316669473318","0,00000430546306644780","0,00000063537694387795","0,00000204734984634082","0,00000025027150280153"
"-0,07109914193366952130","0,00000143391940061522","0,00000001437841727592","0,00000009964560076318","0,00000001043313656931","0,00000001059303877623","0,00000004116348705193","0,00000002869400156976","0,00000168956128238046","0,00000079879962406370","0,00000170561209743870","0,00000057681262795563","0,00000159020424697852","0,00000001988865716445","0,00000078409182684837","0,00000001281940359162","0,00000031281454091140","0,00000430505399813556","0,00000063419061335106","0,00000204272110640695","0,00000024872461311904"
"-0,06909521929635489840","0,00000143133477189951","0,00000001436731296130","0,00000009942798520647","0,00000001049788754539","0,00000001064106816459","0,00000004126620636940","0,00000002866892118458","0,00000169300017156509","0,00000080051425867395","0,00000171090742766378","0,00000057653354804224","0,00000158835755347350","0,00000002003896226654","0,00000077822648470936","0,00000001276807953471","0,00000031253776680317","0,00000430478614260717","0,00000063324072669455","0,00000203844830175205","0,00000024720827581510"
"-0,06709129665904026150","0,00000142878254470443","0,00000001436005643567","0,00000009923813638993","0,00000001057844091018","0,00000001070273304220","0,00000004137587629491","0,00000002862505795477","0,00000169653502866096","0,00000080240569486683","0,00000171638909101508","0,00000057648381866559","0,00000158664447989299","0,00000002019780134985","0,00000077252414108518","0,00000001270070735657","0,00000031233637240850","0,00000430465949986262","0,00000063252728390844","0,00000203453143237613","0,00000024572249088973"
"-0,06508737402172563860","0,00000142626271902998","0,00000001435664769903","0,00000009907605431355","0,00000001067479666369","0,00000001077803340906","0,00000004149249682846","0,00000002856241188034","0,00000170016585366806","0,00000080447393264233","0,00000172205708749260","0,00000057666343982569","0,00000158506502623698","0,00000002036517441438","0,00000076698479597582","0,00000001261728705718","0,00000031221035772739","0,00000430467406990192","0,00000063205028499270","0,00000203097049827917","0,00000024426725834291"
"-0,06308345138441100180","0,00000142377529487616","0,00000001435708675139","0,00000009894173897733","0,00000001078695480592","0,00000001086696926517","0,00000004161606797005","0,00000002848098296127","0,00000170389264658640","0,00000080671897200046","0,00000172791141709633","0,00000057707241152253","0,00000158361919250547","0,00000002054108146014","0,00000076160844938128","0,00000001251781863656","0,00000031215972275984","0,00000430482985272506","0,00000063180972994736","0,00000202776549946119","0,00000024284257817464"
"-0,06107952874709637880","0,00000142132027224296","0,00000001436137359274","0,00000009883519038128","0,00000001091491533685","0,00000001096954061053","0,00000004174658971968","0,00000002838077119758","0,00000170771540741598","0,00000080914081294122","0,00000173395207982629","0,00000057771073375610","0,00000158230697869847","0,00000002072552248713","0,00000075639510130158","0,00000001240230209469","0,00000031218446750585","0,00000430512684833205","0,00000063180561877240","0,00000202491643592218","0,00000024144845038493"
"-0,05907560610978174890","0,00000141889765113040","0,00000001436950822308","0,00000009875640852539","0,00000001105867825651","0,00000001108574744514","0,00000004188406207735","0,00000002826177658926","0,00000171163413615679","0,00000081173945546460","0,00000174017907568246","0,00000057857840652642","0,00000158112838481598","0,00000002091849749533","0,00000075134475173669","0,00000001227073743158","0,00000031228459196542","0,00000430556505672288","0,00000063203795146783","0,00000202242330766214","0,00000024008487497378"
"-0,05707168347246711900","0,00000141650743153846","0,00000001438149064242","0,00000009870539340967","0,00000001121824356487","0,00000001121558976901","0,00000004202848504306","0,00000002812399913631","0,00000171564883280884","0,00000081451489957061","0,00000174659240466486","0,00000057967542983347","0,00000158008341085799","0,00000002112000648476","0,00000074645740068663","0,00000001212312464723","0,00000031246009613854","0,00000430614447789756","0,00000063250672803364","0,00000202028611468108","0,00000023875185194118"
"-0,05506776083515248920","0,00000141414961346715","0,00000001439732085075","0,00000009868214503411","0,00000001139361126195","0,00000001135906758212","0,00000004217985861681","0,00000002796743883874","0,00000171975949737212","0,00000081746714525924","0,00000175319206677347","0,00000058100180367727","0,00000157917205682451","0,00000002133004945542","0,00000074173304815140","0,00000001195946374163","0,00000031271098002523","0,00000430686511185608","0,00000063321194846984","0,00000201850485697898","0,00000023744938128714"
"-0,05306383819783785930","0,00000141182419691647","0,00000001441699884807","0,00000009868666339871","0,00000001158478134775","0,00000001151618088448","0,00000004233818279860","0,00000002779209569653","0,00000172396612984664","0,00000082059619253050","0,00000175997806200831","0,00000058255752805781","0,00000157839432271553","0,00000002154862640730","0,00000073717169413099","0,00000001177975471480","0,00000031303724362548","0,00000430772695859845","0,00000063415361277643","0,00000201707953455586","0,00000023617746301166"
"-0,05105991556052322940","0,00000140953118188642","0,00000001444052463438","0,00000009871894850348","0,00000001179175382226","0,00000001168692967609","0,00000004250345758843","0,00000002759796970970","0,00000172826873023240","0,00000082390204138439","0,00000176695039036936","0,00000058434260297509","0,00000157775020853106","0,00000002177573734040","0,00000073277333862541","0,00000001158399756672","0,00000031343888693928","0,00000430873001812466","0,00000063533172095340","0,00000201601014741171","0,00000023493609711473"
"-0,04905599292320859950","0,00000140727977647267","0,00000001446356770521","0,00000009876710240643","0,00000001199791685599","0,00000001185729457915","0,00000004267588637700","0,00000002740297828893","0,00000173269425076975","0,00000082736022656485","0,00000177403984546736","0,00000058627924434395","0,00000157720928340017","0,00000002199988777618","0,00000072856305246472","0,00000001138833014860","0,00000031391536651967","0,00000430982930718642","0,00000063669627472678","0,00000201532398639521","0,00000023376714485764"
"-0,04705207028589396960","0,00000140507918877088","0,00000001448179755607","0,00000009881922716556","0,00000001218665861946","0,00000001201325621583","0,00000004285567255500","0,00000002722503884490","0,00000173726964369908","0,00000083094628281584","0,00000178117722091304","0,00000058828966807923","0,00000157674111645196","0,00000002220958323612","0,00000072456590647901","0,00000001120889031161","0,00000031446613891964","0,00000431097984253545","0,00000063819727582259","0,00000201504834235506","0,00000023271246750165"
"-0,04504814764857933970","0,00000140292941878105","0,00000001449521418697","0,00000009887532278089","0,00000001235797911266","0,00000001215481458614","0,00000004304281612244","0,00000002706415137762","0,00000174199490902036","0,00000083466021013736","0,00000178836251670641","0,00000059037387418094","0,00000157634570768641","0,00000002240482372021","0,00000072078190066825","0,00000001104567805577","0,00000031509120413921","0,00000431218162417174","0,00000063983472424082","0,00000201518321529125","0,00000023177206504677"
"-0,04304422501126470980","0,00000140083046650318","0,00000001450381759790","0,00000009893538925241","0,00000001251187833560","0,00000001228196969008","0,00000004323731707931","0,00000002692031588708","0,00000174687004673361","0,00000083850200852941","0,00000179559573284745","0,00000059253186264908","0,00000157602305710353","0,00000002258560922844","0,00000071721103503247","0,00000001089869338107","0,00000031579056217837","0,00000431343465209530","0,00000064160861998148","0,00000201572860520379","0,00000023094593749299"
"-0,04104030237395008000","0,00000139878233193728","0,00000001450760778886","0,00000009899942658012","0,00000001264835628828","0,00000001239472152766","0,00000004343917542562","0,00000002679353237329","0,00000175189505683883","0,00000084247167799199","0,00000180287686933617","0,00000059476363348364","0,00000157577316470333","0,00000002275193976083","0,00000071385330957165","0,00000001076793628751","0,00000031656421303713","0,00000431473892630612","0,00000064351896304456","0,00000201668451209266","0,00000023023408484032"
"-0,03903637973663545010","0,00000139678501508334","0,00000001450658475986","0,00000009906743476403","0,00000001276741297069","0,00000001249307009886","0,00000004364839116137","0,00000002668380083624","0,00000175706993933601","0,00000084656921852510","0,00000181020592617257","0,00000059706918668463","0,00000157559603048579","0,00000002290381531736","0,00000071070872428580","0,00000001065340677509","0,00000031741215671548","0,00000431609444680420","0,00000064556575343008","0,00000201805093595788","0,00000022963650708875"
"-0,03703245709932082020","0,00000139483851594136","0,00000001450074851089","0,00000009913941380412","0,00000001286904838283","0,00000001257701540369","0,00000004386496428655","0,00000002659112127594","0,00000176239469422515","0,00000085079463012874","0,00000181758290335665","0,00000059944852225204","0,00000157549165445092","0,00000002304123589805","0,00000070777727917492","0,00000001055510484381","0,00000031833439321342","0,00000431750121358954","0,00000064774899113802","0,00000201982787679944","0,00000022915320423830"
"-0,03502853446200619030","0,00000139294283451135","0,00000001449009904196","0,00000009921536370041","0,00000001295326252471","0,00000001264655744215","0,00000004408889480117","0,00000002651549369238","0,00000176786932150626","0,00000085514791280290","0,00000182500780088842","0,00000060190164018588","0,00000157546003659872","0,00000002316420150288","0,00000070505897423900","0,00000001047303049368","0,00000031933092253095","0,00000431895922666215","0,00000065006867616839","0,00000202201533461735","0,00000022878417628894"
"-0,03302461182469156740","0,00000139109797079330","0,00000001447463635306","0,00000009929528445288","0,00000001302005539632","0,00000001270169621424","0,00000004432018270522","0,00000002645691808557","0,00000177349382117933","0,00000085962906654760","0,00000183248061876786","0,00000060442854048614","0,00000157550117692919","0,00000002327271213186","0,00000070255380947806","0,00000001040718372468","0,00000032040174466808","0,00000432046848602202","0,00000065252480852118","0,00000202461330941160","0,00000022852942324070"
"-0,03102068918737693400","0,00000138930392478721","0,00000001445436044420","0,00000009937917606155","0,00000001306942699767","0,00000001274243171997","0,00000004455882799871","0,00000002641539445550","0,00000177926819324437","0,00000086423809136283","0,00000184000135699498","0,00000060702922315283","0,00000157561507544234","0,00000002336676778499","0,00000070026178489208","0,00000001035756453683","0,00000032154685962480","0,00000432202899166916","0,00000065511738819640","0,00000202762180118219","0,00000022838894509356"
"-0,02901676655006230410","0,00000138756069649309","0,00000001442927131537","0,00000009946703852641","0,00000001310137732876","0,00000001276876395932","0,00000004480483068164","0,00000002639092280218","0,00000178519243770138","0,00000086897498724858","0,00000184757001556978","0,00000060970368818594","0,00000157580173213815","0,00000002344636846227","0,00000069818290048106","0,00000001032417293012","0,00000032276626740111","0,00000432364074360356","0,00000065784641519405","0,00000203104080992912","0,00000022836274184752"
"-0,02701284391274767420","0,00000138586828591093","0,00000001439936896657","0,00000009955887184746","0,00000001311590638958","0,00000001278069293230","0,00000004505819075400","0,00000002638350312561","0,00000179126655455034","0,00000087383975420487","0,00000185518659449226","0,00000061245193558548","0,00000157606114701663","0,00000002351151416370","0,00000069631715624502","0,00000001030700890455","0,00000032405996799702","0,00000432530374182522","0,00000066071188951412","0,00000203487033565240","0,00000022845081350260"
"-0,02500892127543304780","0,00000138422669304073","0,00000001436465339781","0,00000009965467602471","0,00000001311301418013","0,00000001277821863891","0,00000004531890821580","0,00000002639313542578","0,00000179749054379128","0,00000087883239223168","0,00000186285109376242","0,00000061527396535145","0,00000157639332007778","0,00000002356220488928","0,00000069466455218394","0,00000001030607246013","0,00000032542796141252","0,00000432701798633415","0,00000066371381115663","0,00000203911037835202","0,00000022865316005878"
"-0,02300499863811841790","0,00000138263591788250","0,00000001432512460908","0,00000009975445105814","0,00000001309270070042","0,00000001276134107915","0,00000004558698306703","0,00000002641981970270","0,00000180386440542417","0,00000088395290132902","0,00000187056351338026","0,00000061816977748384","0,00000157679825132160","0,00000002359844063901","0,00000069322508829782","0,00000001032136359684","0,00000032687024764761","0,00000432878347713034","0,00000066685218012155","0,00000204376093802798","0,00000022896978151606"
"-0,02100107600080378810","0,00000138109596043622","0,00000001428078260039","0,00000009985819694777","0,00000001305496595045","0,00000001273006025302","0,00000004586241530770","0,00000002646355595636","0,00000181038813944903","0,00000088920128149690","0,00000187832385334578","0,00000062113937198265","0,00000157727594074809","0,00000002362022141289","0,00000069199876458668","0,00000001035288231470","0,00000032838682670230","0,00000433060021421379","0,00000067012699640891","0,00000204882201468029","0,00000022940067787445"
"-0,01899715336348915820","0,00000137960682070191","0,00000001423162737173","0,00000009996591369358","0,00000001299980993021","0,00000001268437616052","0,00000004614520493780","0,00000002652434418676","0,00000181706174586586","0,00000089457753273530","0,00000188613211365898","0,00000062418274884789","0,00000157782638835725","0,00000002362754721091","0,00000069098558105050","0,00000001040062861369","0,00000032997769857658","0,00000433246819758451","0,00000067353826001869","0,00000205429360830893","0,00000022994584913395"
"-0,01699323072617452830","0,00000137816849867957","0,00000001417765892310","0,00000010007760129559","0,00000001292723263971","0,00000001262428880165","0,00000004643535195734","0,00000002660218439392","0,00000182388522467465","0,00000090008165504423","0,00000189398829431986","0,00000062729990807956","0,00000157844959414908","0,00000002362041803309","0,00000069018553768929","0,00000001046460249383","0,00000033164286327045","0,00000433438742724249","0,00000067708597095090","0,00000206017571891392","0,00000023060529529456"
"-0,01498930808885989840","0,00000137678099436919","0,00000001411887725451","0,00000010019325975379","0,00000001283723407894","0,00000001254979817641","0,00000004673285636632","0,00000002669707657781","0,00000183085857587541","0,00000090571364842369","0,00000190189239532842","0,00000063049084967765","0,00000157914555812358","0,00000002359883387942","0,00000068959863450305","0,00000001054480395511","0,00000033338232078392","0,00000433635790318773","0,00000068077012920554","0,00000206646834649526","0,00000023137901635627"
"-0,01298538545154526850","0,00000137544430777077","0,00000001405528236595","0,00000010031288906818","0,00000001272981424790","0,00000001246090428480","0,00000004703771816473","0,00000002680902073846","0,00000183798179946813","0,00000091147351287368","0,00000190984441668466","0,00000063375557364217","0,00000157991428028075","0,00000002356279474989","0,00000068922487149177","0,00000001064123299754","0,00000033519607111697","0,00000433837962542024","0,00000068459073478260","0,00000207317149105294","0,00000023226701231908"
"-0,01098146281423064040","0,00000137415843888431","0,00000001398687425743","0,00000010043648923877","0,00000001260497314660","0,00000001235760712682","0,00000004734993735258","0,00000002693801687584","0,00000184525489545281","0,00000091736124839420","0,00000191784435838858","0,00000063709407997311","0,00000158075576062058","0,00000002351230064452","0,00000068906424865547","0,00000001075388962110","0,00000033708411426963","0,00000434045259394001","0,00000068854778768209","0,00000208028515258695","0,00000023326928318301"
"-0,00897754017691601049","0,00000137292338770982","0,00000001391365292894","0,00000010056406026554","0,00000001246271077504","0,00000001223990670247","0,00000004766951392986","0,00000002708406498998","0,00000185267786382946","0,00000092337685498525","0,00000192589222044018","0,00000064050636867047","0,00000158166999914309","0,00000002344735156329","0,00000068911676599413","0,00000001088277382581","0,00000033904645024187","0,00000434257680874704","0,00000069264128790401","0,00000208780933109732","0,00000023438582894803"
"-0,00697361753960138060","0,00000137173915424729","0,00000001383561838049","0,00000010069560214851","0,00000001230302713321","0,00000001210780301175","0,00000004799644789658","0,00000002724716508086","0,00000186025070459807","0,00000092952033264682","0,00000193398800283946","0,00000064399243973427","0,00000158265699584827","0,00000002336794750621","0,00000068938242350775","0,00000001102788561166","0,00000034108307903371","0,00000434475226984134","0,00000069687123544835","0,00000209574402658402","0,00000023561664961417"
"-0,00496969490228675159","0,00000137060573849672","0,00000001375277061207","0,00000010083111488766","0,00000001212592222112","0,00000001196129605466","0,00000004833073925274","0,00000002742731714848","0,00000186797341775865","0,00000093579168137893","0,00000194213170558642","0,00000064755229316448","0,00000158371675073612","0,00000002327408847328","0,00000068986122119634","0,00000001118922497864","0,00000034319400064514","0,00000434697897722290","0,00000070123763031512","0,00000210408923904707","0,00000023696174518141"
"-0,00296577226497212214","0,00000136952314045811","0,00000001366510962368","0,00000010097059848301","0,00000001193139603876","0,00000001180038583120","0,00000004867238799833","0,00000002762452119285","0,00000187584600331119","0,00000094219090118157","0,00000195032332868106","0,00000065118592896113","0,00000158484926380663","0,00000002316577446450","0,00000069055315905991","0,00000001136679192678","0,00000034537921507616","0,00000434925693089173","0,00000070574047250432","0,00000211284496848646","0,00000023842111564976"
"-0,00096184962765749247","0,00000136849136013147","0,00000001357263541533","0,00000010111405293455","0,00000001171944858614","0,00000001162507234137","0,00000004902139413336","0,00000002783877721397","0,00000188386846125570","0,00000094871799205473","0,00000195856287212338","0,00000065489334712419","0,00000158605453505982","0,00000002304300547987","0,00000069145823709843","0,00000001156058645605","0,00000034763872232678","0,00000435158613084781","0,00000071037976201595","0,00000212201121490220","0,00000023999476101921"
"0,00104207300965713698","0,00000136749364175761","0,00000001347983707648","0,00000010127828120202","0,00000001150692541693","0,00000001145001388761","0,00000004937813952249","0,00000002805460686901","0,00000189198704930685","0,00000095533737749733","0,00000196688801388928","0,00000065869183655851","0,00000158732768726629","0,00000002292228275059","0,00000069255244983122","0,00000001175524383607","0,00000034995485795965","0,00000435400216980535","0,00000071511126855833","0,00000213149872364297","0,00000024161858464265"
"0,00304599564697176665","0,00000136651322957736","0,00000001339120369662","0,00000010148008624517","0,00000001131067208481","0,00000001128986877238","0,00000004974300603039","0,00000002825653181514","0,00000190014802517932","0,00000096201348100829","0,00000197533643195467","0,00000066259868616890","0,00000158866384319667","0,00000002282010750786","0,00000069381179177756","0,00000001193539933646","0,00000035230995753742","0,00000435654064047852","0,00000071989076183983","0,00000214121824005750","0,00000024322848987293"
"0,00504991828428639610","0,00000136555012359071","0,00000001330673527573","0,00000010171946806400","0,00000001113068858978","0,00000001114463699567","0,00000005011599365707","0,00000002844455205238","0,00000190835138887311","0,00000096874630258759","0,00000198390812631954","0,00000066661389595537","0,00000159006300285096","0,00000002273647975167","0,00000069523626293744","0,00000001210105295722","0,00000035470402106009","0,00000435920154286732","0,00000072471824186042","0,00000215116976414577","0,00000024482447671007"
"0,00705384092160102512","0,00000136460432379767","0,00000001322643181383","0,00000010199642665850","0,00000001096697493185","0,00000001101431855749","0,00000005049710240253","0,00000002861866758072","0,00000191659714038822","0,00000097553584223523","0,00000199260309698390","0,00000067073746591790","0,00000159152516622914","0,00000002267139948203","0,00000069682586331087","0,00000001225220469834","0,00000035713704852767","0,00000436198487697176","0,00000072959370862011","0,00000216135329590779","0,00000024640654515406"
"0,00905776355891565501","0,00000136367583019823","0,00000001315029331090","0,00000010231096202868","0,00000001081953111101","0,00000001089891345782","0,00000005088633226676","0,00000002877887840016","0,00000192488527972464","0,00000098238209995123","0,00000200142134394774","0,00000067496939605651","0,00000159305033333123","0,00000002262486669893","0,00000069858059289786","0,00000001238885455983","0,00000035960903994016","0,00000436489064279183","0,00000073451716211891","0,00000217176883534355","0,00000024797469520490"
"0,01106168619623028490","0,00000136276464279239","0,00000001307831976696","0,00000010266307417453","0,00000001068835712726","0,00000001079842169668","0,00000005128368324976","0,00000002892518451070","0,00000193321580688239","0,00000098928507573557","0,00000201036286721107","0,00000067930968637119","0,00000159463850415723","0,00000002259688140239","0,00000070050045169839","0,00000001251100254168","0,00000036211999529755","0,00000436791884032754","0,00000073948860235681","0,00000218241638245306","0,00000024952892686260"
"0,01306560883354491300","0,00000136187076158016","0,00000001301051118199","0,00000010305276309606","0,00000001057345298060","0,00000001071284327406","0,00000005168915535153","0,00000002905758591234","0,00000194158872186145","0,00000099624476958826","0,00000201942766677388","0,00000068375833686195","0,00000159628967870713","0,00000002258744359239","0,00000070258543971247","0,00000001261864864390","0,00000036466991459985","0,00000437106946957888","0,00000074450802933381","0,00000219329593723632","0,00000025106924012715"
"0,01506953147085954290","0,00000136099418656154","0,00000001294686755601","0,00000010348002879327","0,00000001047481867103","0,00000001064217818996","0,00000005210274857208","0,00000002917608260508","0,00000195000402466184","0,00000100326118150930","0,00000202861574263617","0,00000068831534752878","0,00000159800385698094","0,00000002259655326893","0,00000070483555694010","0,00000001271179286649","0,00000036725879784705","0,00000437434253054585","0,00000074957544304992","0,00000220440749969333","0,00000025259563499855"
"0,01707345410817417280","0,00000136013491773651","0,00000001288738888900","0,00000010394487126615","0,00000001039245419856","0,00000001058642644439","0,00000005252446291141","0,00000002928067458892","0,00000195846171528354","0,00000101033431149869","0,00000203792709479796","0,00000069298071837168","0,00000159978103897865","0,00000002262421043203","0,00000070725080338128","0,00000001279043520943","0,00000036988664503916","0,00000437773802322846","0,00000075469084350512","0,00000221575106982408","0,00000025410811147680"
"0,01907737674548880270","0,00000135929295510510","0,00000001283207518097","0,00000010444729051471","0,00000001032635956318","0,00000001054558803734","0,00000005295429836951","0,00000002937136186385","0,00000196696179372657","0,00000101746415955642","0,00000204736172325922","0,00000069775444939065","0,00000160162122470026","0,00000002267041508167","0,00000070983117903601","0,00000001285457567275","0,00000037255345617617","0,00000438125594762670","0,00000075985423069943","0,00000222732664762857","0,00000025560666956191"
"0,02108129938280343260","0,00000135846829866728","0,00000001278092643193","0,00000010498728653894","0,00000001027653476489","0,00000001051966296881","0,00000005339225494638","0,00000002944814442989","0,00000197550425999091","0,00000102465072568251","0,00000205691962801998","0,00000070263654058570","0,00000160352441414578","0,00000002273516721785","0,00000071257668390429","0,00000001290421425643","0,00000037525923125808","0,00000438489630374058","0,00000076506560463284","0,00000223913423310682","0,00000025709130925387"
"0,02308522202011806250","0,00000135766094842307","0,00000001273394264186","0,00000010556485933885","0,00000001024297980369","0,00000001050865123880","0,00000005383833264202","0,00000002951102228703","0,00000198408911407657","0,00000103189400987694","0,00000206660080908021","0,00000070762699195682","0,00000160549060731521","0,00000002281846684059","0,00000071548731798612","0,00000001293935096047","0,00000037800397028490","0,00000438865909157009","0,00000077032496530536","0,00000225117382625881","0,00000025856203055268"
"0,02508914465743269230","0,00000135687090437247","0,00000001269112381078","0,00000010618000891443","0,00000001022569467958","0,00000001051255284732","0,00000005429253145644","0,00000002955999543527","0,00000199271635598355","0,00000103919401213972","0,00000207640526643994","0,00000071272580350401","0,00000160751980420854","0,00000002292031394987","0,00000071856308128150","0,00000001295998578489","0,00000038078767325663","0,00000439254431111523","0,00000077563231271697","0,00000226344542708455","0,00000026001883345834"
"0,02709306729474731880","0,00000135609816651547","0,00000001265246993867","0,00000010683273526570","0,00000001022467939257","0,00000001053136779436","0,00000005475485138964","0,00000002959506387461","0,00000200138598571185","0,00000104655073247084","0,00000208633300009914","0,00000071793297522728","0,00000160961200482577","0,00000002304070854569","0,00000072180397379043","0,00000001296611872966","0,00000038361034017326","0,00000439655196237601","0,00000078098764686769","0,00000227594903558403","0,00000026146171797086"
"0,02909698993206194860","0,00000135534273485208","0,00000001261798102555","0,00000010752303839263","0,00000001023993394264","0,00000001056509607992","0,00000005522529244161","0,00000002961622760505","0,00000201009800326147","0,00000105396417087032","0,00000209638401005784","0,00000072324850712661","0,00000161176720916691","0,00000002317965062807","0,00000072520999551290","0,00000001295774979480","0,00000038647197103480","0,00000440068204535242","0,00000078639096775751","0,00000228868465175726","0,00000026289068409022"
"0,03110091256937657850","0,00000135460460938229","0,00000001258765707140","0,00000010825091829525","0,00000001027145832981","0,00000001061373770400","0,00000005570385461235","0,00000002962348662659","0,00000201885240863241","0,00000106143432733814","0,00000210655829631602","0,00000072867239920203","0,00000161398541723195","0,00000002333714019699","0,00000072878114644893","0,00000001293487898031","0,00000038937256584124","0,00000440493456004446","0,00000079184227538643","0,00000230165227560424","0,00000026430573181644"
"0,03310483520669121190","0,00000135388379010610","0,00000001256149807624","0,00000010901637497354","0,00000001031925255407","0,00000001067729266661","0,00000005619053790187","0,00000002961684093923","0,00000202764920182467","0,00000106896120187431","0,00000211685585887368","0,00000073420465145351","0,00000161626662902089","0,00000002351317725246","0,00000073251742659850","0,00000001289750628618","0,00000039231212459259","0,00000440930950645214","0,00000079734156975445","0,00000231485190712496","0,00000026570686114952"
"0,03510875784400583480","0,00000135318027702352","0,00000001253950404005","0,00000010981940842750","0,00000001038331661543","0,00000001075576096774","0,00000005668534231016","0,00000002959629054297","0,00000203648838283825","0,00000107654479447883","0,00000212727669773083","0,00000073984526388107","0,00000161861084453375","0,00000002370776179447","0,00000073641883596163","0,00000001284563171242","0,00000039529064728884","0,00000441380688457546","0,00000080288885086158","0,00000232828354631943","0,00000026709407208944"
"0,03711268048132046470","0,00000135249407013454","0,00000001252167496284","0,00000011066001865714","0,00000001046365051387","0,00000001084914260739","0,00000005718826783722","0,00000002956183543782","0,00000204536995167314","0,00000108418510515169","0,00000213782081288746","0,00000074559423648470","0,00000162101806377050","0,00000002392089382303","0,00000074048537453830","0,00000001277925525902","0,00000039830813392999","0,00000441842669441440","0,00000080848411870781","0,00000234194719318765","0,00000026846736463622"
"0,03911660311863509460","0,00000135182516943917","0,00000001250801084462","0,00000011153820566246","0,00000001056025424941","0,00000001095743758556","0,00000005769931448306","0,00000002951347562376","0,00000205429390832936","0,00000109188213389291","0,00000214848820434358","0,00000075145156926440","0,00000162348828673116","0,00000002415257333814","0,00000074471704232852","0,00000001269837692599","0,00000040136458451605","0,00000442316893596899","0,00000081412737329314","0,00000235584284772961","0,00000026982673878985"
"0,04112052575594972450","0,00000135117357493740","0,00000001249851168537","0,00000011245396944345","0,00000001067312782204","0,00000001108064590226","0,00000005821848224767","0,00000002945121110080","0,00000206326025280690","0,00000109963588070247","0,00000215927887209918","0,00000075741726222018","0,00000162602151341573","0,00000002440280033980","0,00000074911383933229","0,00000001260299671332","0,00000040445999904702","0,00000442803360923920","0,00000081981861461757","0,00000236997050994532","0,00000027117219455034"
"0,04312444839326435440","0,00000135053928662924","0,00000001249317748511","0,00000011340731000012","0,00000001080227123176","0,00000001121876755748","0,00000005874577113106","0,00000002937504186894","0,00000207226898510575","0,00000110744634558038","0,00000217019281615427","0,00000076349131535203","0,00000162861774382420","0,00000002467157482800","0,00000075367576554962","0,00000001249311462102","0,00000040759437752289","0,00000443302071422505","0,00000082555784268110","0,00000238433017983478","0,00000027250373191767"
"0,04512837103057898420","0,00000134992230451468","0,00000001249200824382","0,00000011439822733247","0,00000001094768447857","0,00000001137180255122","0,00000005928118113322","0,00000002928496792818","0,00000208132010522592","0,00000111531352852663","0,00000218123003650884","0,00000076967372865995","0,00000163127697795657","0,00000002495889680275","0,00000075840282098049","0,00000001236873064909","0,00000041076771994367","0,00000443813025092653","0,00000083134505748374","0,00000239892185739798","0,00000027382135089186"
"0,04713229366789361410","0,00000134932262859372","0,00000001249500396151","0,00000011542672144049","0,00000001110936756247","0,00000001153975088348","0,00000005982471225415","0,00000002918098927852","0,00000209041361316742","0,00000112323742954124","0,00000219239053316290","0,00000077596450214395","0,00000163399921581285","0,00000002526476626404","0,00000076329500562491","0,00000001222984479752","0,00000041398002630935","0,00000444336221934365","0,00000083718025902548","0,00000241374554263493","0,00000027512505147290"
"0,04913621630520824400","0,00000134874025886637","0,00000001250216463819","0,00000011649279232418","0,00000001128732048347","0,00000001172261255427","0,00000006037636449386","0,00000002906310591996","0,00000209954950893023","0,00000113121804862419","0,00000220367430611645","0,00000078236363580401","0,00000163678445739303","0,00000002558918321189","0,00000076835231948288","0,00000001207645706631","0,00000041723129661994","0,00000444871661947640","0,00000084306344730632","0,00000242880123554562","0,00000027641483366079"
"0,05114013894252287390","0,00000134818484172434","0,00000001251152797527","0,00000011757400388835","0,00000001146624654065","0,00000001190549153297","0,00000006092923877099","0,00000002894650165343","0,00000210875553462584","0,00000113923893422646","0,00000221500684685915","0,00000078881017878013","0,00000163961796348667","0,00000002591254102447","0,00000077358043819441","0,00000001192197068086","0,00000042052386049055","0,00000445413006324265","0,00000084897150681815","0,00000244411693994754","0,00000027773093248734"
"0,05314406157983750380","0,00000134766602355934","0,00000001252113167419","0,00000011864792003777","0,00000001163084903311","0,00000001207349178900","0,00000006147643600418","0,00000002884636027984","0,00000211805943236570","0,00000114728363479899","0,00000222631364688068","0,00000079524318021227","0,00000164248499488333","0,00000002621523308000","0,00000077898503739951","0,00000001177978886654","0,00000042386004753630","0,00000445953916256029","0,00000085488132205284","0,00000245972065965813","0,00000027911358298434"
"0,05514798421715213370","0,00000134718380437137","0,00000001253097573495","0,00000011971454077245","0,00000001178112796085","0,00000001222661332233","0,00000006201795619342","0,00000002876268179920","0,00000212746120214984","0,00000115535215034179","0,00000223759470618105","0,00000080166264010044","0,00000164538555158299","0,00000002649725937848","0,00000078456611709818","0,00000001164991162335","0,00000042723985775719","0,00000446494391742930","0,00000086079289301040","0,00000247561239467741","0,00000028056278515180"
"0,05715190685446676360","0,00000134673818416043","0,00000001254106015754","0,00000012077386609239","0,00000001191708332386","0,00000001236485613298","0,00000006255379933873","0,00000002869546621151","0,00000213696084397823","0,00000116344448085486","0,00000224885002476025","0,00000080806855844463","0,00000164831963358567","0,00000002675861991989","0,00000079032367729043","0,00000001153233895130","0,00000043066329115322","0,00000447034432784969","0,00000086670621969083","0,00000249179214500536","0,00000028207853898972"
"0,05915582949178139340","0,00000134632916292653","0,00000001255138494197","0,00000012182589599758","0,00000001203871512215","0,00000001248822022095","0,00000006308396544010","0,00000002864471351676","0,00000214655835785090","0,00000117156062633820","0,00000226007960261828","0,00000081446093524485","0,00000165128724089136","0,00000002699931470425","0,00000079625771797625","0,00000001142707085038","0,00000043413034772440","0,00000447574039382146","0,00000087262130209412","0,00000250825991064201","0,00000028366084449809"
"0,06115975212909602330","0,00000134595674066965","0,00000001256195008824","0,00000012287063048804","0,00000001214602335573","0,00000001259670558624","0,00000006360845449753","0,00000002861042371496","0,00000215625374376782","0,00000117970058679181","0,00000227128343975514","0,00000082083977050109","0,00000165428837350006","0,00000002721934373156","0,00000080236823915565","0,00000001133410732060","0,00000043764102747072","0,00000448113211534461","0,00000087853814022029","0,00000252501569158733","0,00000028530970167692"
"0,06316367476641064630","0,00000134562091738981","0,00000001257275559635","0,00000012390806956375","0,00000001223900802457","0,00000001269031222884","0,00000006412726651102","0,00000002859259680611","0,00000216604700172901","0,00000118786436221568","0,00000228246153617084","0,00000082720506421336","0,00000165732303141178","0,00000002741870700180","0,00000080865524082861","0,00000001125344836195","0,00000044119533039217","0,00000448651949241914","0,00000088445673406932","0,00000254205948784134","0,00000028702511052621"
"0,06516759740372528310","0,00000134532169308700","0,00000001258380146629","0,00000012493821322471","0,00000001231766912870","0,00000001276904014875","0,00000006464040148057","0,00000002859123279021","0,00000217593813173447","0,00000119605195260983","0,00000229361389186536","0,00000083355681638165","0,00000166039121462650","0,00000002759740451499","0,00000081511872299515","0,00000001118509397444","0,00000044479325648877","0,00000449190252504504","0,00000089037708364121","0,00000255939129940403","0,00000028880707104595"
"0,06717152004103990600","0,00000134505906776123","0,00000001259508769807","0,00000012596106147094","0,00000001238200666810","0,00000001283288934598","0,00000006514785940619","0,00000002860633166725","0,00000218592713378419","0,00000120426335797425","0,00000230474050683872","0,00000083989502700596","0,00000166349292314424","0,00000002775543627112","0,00000082175868565526","0,00000001112904415805","0,00000044843480576052","0,00000449728121322233","0,00000089629918893598","0,00000257701112627540","0,00000029065558323614"
"0,06917544267835454290","0,00000134483304141248","0,00000001260661429168","0,00000012697661430243","0,00000001243202064279","0,00000001288185982053","0,00000006564964028786","0,00000002863789343724","0,00000219601400787817","0,00000121249857830894","0,00000231584138109091","0,00000084621969608630","0,00000166662815696499","0,00000002789280227020","0,00000082857512880895","0,00000001108529891281","0,00000045211997820740","0,00000450265555695099","0,00000090222304995361","0,00000259491896845546","0,00000029257064709680"
"0,07117936531566916580","0,00000134464361404077","0,00000001261838124714","0,00000012798487171917","0,00000001246771105275","0,00000001291595157239","0,00000006614574412560","0,00000002868591810018","0,00000220619875401642","0,00000122075761361389","0,00000232691651462194","0,00000085253082362267","0,00000166979691608875","0,00000002800950251221","0,00000083556805245621","0,00000001105385823870","0,00000045584877382942","0,00000450802555623103","0,00000090814866669411","0,00000261311482594420","0,00000029455226262791"
"0,07318328795298380260","0,00000134449078564608","0,00000001263038856443","0,00000012898583372117","0,00000001248907789798","0,00000001293516460157","0,00000006663617091939","0,00000002875040565606","0,00000221648137219893","0,00000122904046388912","0,00000233796590743179","0,00000085882840961506","0,00000167299920051553","0,00000002810553699717","0,00000084273745659704","0,00000001103472213572","0,00000045962119262659","0,00000451339121106245","0,00000091407603915748","0,00000263159869874162","0,00000029660042982948"
"0,07518721059029842560","0,00000134437455622843","0,00000001264263624356","0,00000012997950030842","0,00000001249612117850","0,00000001293949890806","0,00000006712092066925","0,00000002883135610490","0,00000222686186242570","0,00000123734712913461","0,00000234898955952048","0,00000086511245406348","0,00000167623501024532","0,00000002818090572508","0,00000085008334123144","0,00000001102789060387","0,00000046343723459889","0,00000451875252144524","0,00000092000516734371","0,00000265037058684773","0,00000029871514870150"
"0,07719113322761306240","0,00000134429492578781","0,00000001265512428452","0,00000013096587148094","0,00000001248884089429","0,00000001292895449187","0,00000006759999337516","0,00000002892876944668","0,00000223734022469674","0,00000124567760935038","0,00000235998747088800","0,00000087138295696792","0,00000167950434527811","0,00000002823560869592","0,00000085760570635942","0,00000001103336364316","0,00000046729689974634","0,00000452410948737942","0,00000092593605125281","0,00000266943049026252","0,00000030089641924398"
"0,07919505586492768540","0,00000134425189432423","0,00000001266785268733","0,00000013194494723871","0,00000001246723704536","0,00000001290353135300","0,00000006807338903714","0,00000002904264568140","0,00000224791645901205","0,00000125403190453641","0,00000237095964153435","0,00000087763991832838","0,00000168280720561393","0,00000002826964590971","0,00000086530455198096","0,00000001105114125359","0,00000047120018806893","0,00000452946210886497","0,00000093186869088478","0,00000268877840898599","0,00000030314424145691"
"0,08119897850224232220","0,00000134424546183767","0,00000001268082145196","0,00000013291672758174","0,00000001243130963171","0,00000001286322949144","0,00000006854110765518","0,00000002917298480908","0,00000225859056537162","0,00000126241001469271","0,00000238190607145953","0,00000088388333814487","0,00000168614359125275","0,00000002828301736645","0,00000087317987809608","0,00000001108122343515","0,00000047514709956667","0,00000453481038590190","0,00000093780308623962","0,00000270841434301814","0,00000030545861534030"
"0,08320290113955694510","0,00000134427562832815","0,00000001269403057844","0,00000013388121251003","0,00000001238105865334","0,00000001280804890719","0,00000006900314922928","0,00000002931978682970","0,00000226936254377545","0,00000127081193981928","0,00000239282676066355","0,00000089011321641739","0,00000168951350219458","0,00000002827572306612","0,00000088123168470478","0,00000001112361018784","0,00000047913763423954","0,00000454015431849021","0,00000094373923731732","0,00000272833829235898","0,00000030783954089415"
"0,08520682377687158190","0,00000134434239379565","0,00000001270748006675","0,00000013483840202358","0,00000001231648411024","0,00000001273798960027","0,00000006945951375944","0,00000002948305174327","0,00000228023239422355","0,00000127923767991613","0,00000240372170914640","0,00000089632955314593","0,00000169291693843943","0,00000002824776300874","0,00000088945997180704","0,00000001117830151167","0,00000048317179208755","0,00000454549390662990","0,00000094967714411789","0,00000274855025700850","0,00000031028701811846"
"0,08721074641418620490","0,00000134444575824019","0,00000001272116991691","0,00000013578829612238","0,00000001223758600242","0,00000001265305157065","0,00000006991020124566","0,00000002966277954978","0,00000229120011671591","0,00000128768723498324","0,00000241459091690808","0,00000090253234833049","0,00000169635389998729","0,00000002819913719430","0,00000089786473940288","0,00000001124529740663","0,00000048724957311071","0,00000455082915032097","0,00000095561680664133","0,00000276905023696670","0,00000031280104701322"
"0,08921466905150082780","0,00000134458572166177","0,00000001273510012889","0,00000013673089480645","0,00000001214436432989","0,00000001255323481836","0,00000007035521168794","0,00000002985897024925","0,00000230226571125254","0,00000129616060502062","0,00000242543438394859","0,00000090872160197108","0,00000169982438683816","0,00000002812984562280","0,00000090644598749230","0,00000001132459787273","0,00000049137097730901","0,00000455616004956341","0,00000096155822488764","0,00000278983823223358","0,00000031538162757843"
"0,09121859168881546470","0,00000134476228406037","0,00000001274927070272","0,00000013766619807577","0,00000001203681909262","0,00000001243853934338","0,00000007079454508629","0,00000003007162384166","0,00000231342917783343","0,00000130465779002827","0,00000243625211026793","0,00000091489731406769","0,00000170332839899204","0,00000002803988829425","0,00000091520371607528","0,00000001141620290996","0,00000049553600468244","0,00000456148660435723","0,00000096750139885681","0,00000281091424280915","0,00000031802875981410"
"0,09322251432613008760","0,00000134497544543601","0,00000001276368163838","0,00000013859420593034","0,00000001191495029064","0,00000001230896514571","0,00000007122820144069","0,00000003030074032701","0,00000232469051645858","0,00000131317879000619","0,00000244704409586611","0,00000092105948462033","0,00000170686593644894","0,00000002792926520864","0,00000092413792515184","0,00000001152011251832","0,00000049974465523103","0,00000456680881470244","0,00000097344632854885","0,00000283227826869340","0,00000032074244372023"
"0,09522643696344472440","0,00000134522520578867","0,00000001277833293588","0,00000013951491837018","0,00000001177875792393","0,00000001216451222536","0,00000007165618075116","0,00000003054631970532","0,00000233604972712800","0,00000132172360495438","0,00000245781034074312","0,00000092720811362900","0,00000171043699920885","0,00000002779797636597","0,00000093324861472197","0,00000001163632669782","0,00000050399692895475","0,00000457212668059902","0,00000097939301396376","0,00000285393030988634","0,00000032352267929682"
"0,09723035960075934740","0,00000134551156511837","0,00000001279322459522","0,00000014042833539527","0,00000001162824199250","0,00000001200518058233","0,00000007207848301768","0,00000003080836197657","0,00000234750680984168","0,00000133029223487283","0,00000246855084489896","0,00000093334320109369","0,00000171404158727177","0,00000002764602176625","0,00000094253578478567","0,00000001176484544845","0,00000050829282585361","0,00000457744020204697","0,00000098534145510153","0,00000287587036638795","0,00000032636946654386"
"0,09923428223807398420","0,00000134583452342510","0,00000001280835661639","0,00000014133445700562","0,00000001146340249635","0,00000001183097021661","0,00000007249510824027","0,00000003108686714077","0,00000235906176459963","0,00000133888467976156","0,00000247926560833363","0,00000093946474701440","0,00000171767970063770","0,00000002747340140947","0,00000095199943534295","0,00000001190566877022","0,00000051263234592761","0,00000458274937904631","0,00000099129165196217","0,00000289809843819825","0,00000032928280546136"
"0,10123820487538860700","0,00000134618793423592","0,00000001282358732751","0,00000014225036025182","0,00000001129886476222","0,00000001165645148739","0,00000007291458715302","0,00000003136961858082","0,00000237065339922693","0,00000134749485253138","0,00000248999949168991","0,00000094561848802639","0,00000172136282937787","0,00000002729831338718","0,00000096158274054648","0,00000001204725481233","0,00000051701018036780","0,00000458809773320734","0,00000099726846204669","0,00000292049686609634","0,00000033221303623200"
"0,10324212751270324400","0,00000134656565107787","0,00000001283877505669","0,00000014319312218447","0,00000001114925411685","0,00000001149619475387","0,00000007334545049004","0,00000003164439967962","0,00000238222052154867","0,00000135611666609310","0,00000250079735561057","0,00000095185016076491","0,00000172510246356350","0,00000002713895579095","0,00000097122887454897","0,00000001217806172400","0,00000052142102036521","0,00000459352878614036","0,00000100329674285608","0,00000294294799086132","0,00000033511049903847"
"0,10524605015001786700","0,00000134696767395096","0,00000001285391980392","0,00000014416274280357","0,00000001101457056025","0,00000001135020001604","0,00000007378769825134","0,00000003191121043718","0,00000239376313156484","0,00000136475012044672","0,00000251165920009561","0,00000095815976522996","0,00000172889860319459","0,00000002699532862076","0,00000098093783735040","0,00000001229808950523","0,00000052586486591985","0,00000459904253784539","0,00000100937649439036","0,00000296545181249319","0,00000033797519388078"
"0,10724997278733250400","0,00000134739400285519","0,00000001286902156921","0,00000014515922210910","0,00000001089481409240","0,00000001121846727390","0,00000007424133043691","0,00000003217005085349","0,00000240528122927546","0,00000137339521559225","0,00000252258502514504","0,00000096454730142153","0,00000173275124827115","0,00000002686743187662","0,00000099070962895079","0,00000001240733815601","0,00000053034171703171","0,00000460463898832241","0,00000101550771664951","0,00000298800833099195","0,00000034080712075892"
"0,10925389542464712700","0,00000134784463779056","0,00000001288408035255","0,00000014618256010109","0,00000001078998471331","0,00000001110099652746","0,00000007470634704675","0,00000003242092092855","0,00000241677481468051","0,00000138205195152968","0,00000253357483075884","0,00000097101276933964","0,00000173666039879318","0,00000002675526555853","0,00000100054424935012","0,00000001250580767635","0,00000053485157370079","0,00000461031813757144","0,00000102169040963354","0,00000301061754635761","0,00000034360627967289"
"0,11125781806196176300","0,00000134831957875707","0,00000001289909615396","0,00000014723275677952","0,00000001070008242299","0,00000001099778777671","0,00000007518274808086","0,00000003266382066237","0,00000242824388778001","0,00000139072032825901","0,00000254462861693703","0,00000097755616898428","0,00000174062605476066","0,00000002665882966649","0,00000101044169854841","0,00000001259349806625","0,00000053939443592710","0,00000461607998559247","0,00000102792457334245","0,00000303327945859015","0,00000034637267062269"
"0,11326174069927638600","0,00000134881882575471","0,00000001291406897341","0,00000014830981214439","0,00000001062510722142","0,00000001090884102165","0,00000007567053353924","0,00000003289875005494","0,00000243968844857394","0,00000139940034578025","0,00000255574638367960","0,00000098417750035544","0,00000174464821617361","0,00000002657812420050","0,00000102040197654564","0,00000001267040932570","0,00000054397030371063","0,00000462192453238549","0,00000103421020777623","0,00000305599406768960","0,00000034910629360832"
"0,11526566333659102300","0,00000134934237878349","0,00000001292899881093","0,00000014941372619571","0,00000001056505910862","0,00000001083415626228","0,00000007616970342190","0,00000003312570910626","0,00000245110849706231","0,00000140809200409340","0,00000256692813098655","0,00000099087676345313","0,00000174872688303202","0,00000002651314916056","0,00000103042508334183","0,00000001273654145471","0,00000054857917705139","0,00000462785177795052","0,00000104054731293490","0,00000307876137365593","0,00000035180714862979"
"0,11726958597390564600","0,00000134989023784342","0,00000001294388566650","0,00000015054449893347","0,00000001051993808458","0,00000001077373349861","0,00000007668025772882","0,00000003334469781634","0,00000246250403324512","0,00000141679530319844","0,00000257817385885789","0,00000099765395827735","0,00000175286205533590","0,00000002646390454666","0,00000104051101893696","0,00000001279189445328","0,00000055322105594937","0,00000463386172228755","0,00000104693588881844","0,00000310158137648915","0,00000035447523568708"
"0,11927350861122028300","0,00000135046240293447","0,00000001295872954013","0,00000015170213035768","0,00000001048974414930","0,00000001072757273062","0,00000007720219646002","0,00000003355571618517","0,00000247387505712237","0,00000142551024309540","0,00000258948356729360","0,00000100450908482811","0,00000175705373308524","0,00000002643039035882","0,00000105065978333104","0,00000001283646832141","0,00000055789594040457","0,00000463995436539657","0,00000105337593542686","0,00000312445407618927","0,00000035711055478021"
"0,12127743124853490600","0,00000135105887405667","0,00000001297353043181","0,00000015288662046834","0,00000001047447730278","0,00000001069567395833","0,00000007773551961549","0,00000003375876421276","0,00000248522156869406","0,00000143423682378425","0,00000260085725629370","0,00000101144214310539","0,00000176130191628004","0,00000002641260659702","0,00000106087137652407","0,00000001287026305909","0,00000056260383041700","0,00000464612970727760","0,00000105986745276017","0,00000314737947275628","0,00000035971310590917"
"0,12328135388584952900","0,00000135167965121001","0,00000001298828834155","0,00000015409796926544","0,00000001047413754502","0,00000001067803718174","0,00000007828022719523","0,00000003395384189909","0,00000249654356796019","0,00000144297504526501","0,00000261229492585818","0,00000101845313310919","0,00000176560660492031","0,00000002641055326127","0,00000107114579851606","0,00000001289327866633","0,00000056734472598666","0,00000465238774793063","0,00000106641044081835","0,00000317035756619018","0,00000036228288907397"
"0,12528527652316415200","0,00000135232473439448","0,00000001300300326934","0,00000015533617674898","0,00000001048872487603","0,00000001067466240083","0,00000007883631919925","0,00000003414094924419","0,00000250784105492075","0,00000145172490753768","0,00000262379657598704","0,00000102554205483953","0,00000176996779900603","0,00000002642423035158","0,00000108148304930699","0,00000001290551514312","0,00000057211862711353","0,00000465872848735566","0,00000107300489960140","0,00000319338835649097","0,00000036481990427459"
"0,12728919916047878900","0,00000135299412361009","0,00000001301767521520","0,00000015660124291897","0,00000001051823929579","0,00000001068554961562","0,00000007940379562753","0,00000003432008624803","0,00000251911402957576","0,00000146048641060225","0,00000263536220668028","0,00000103270890829640","0,00000177438549853723","0,00000002645363786793","0,00000109188312889687","0,00000001290697248947","0,00000057692553379763","0,00000466515192555268","0,00000107965082910934","0,00000321647184365866","0,00000036732415151105"
"0,12929312179779342500","0,00000135368781885684","0,00000001303230417910","0,00000015789316777540","0,00000001056268080432","0,00000001071069882610","0,00000007998265648009","0,00000003449125291063","0,00000253036249192520","0,00000146925955445872","0,00000264699181793790","0,00000103995369347979","0,00000177885970351388","0,00000002649877581033","0,00000110234603728570","0,00000001289765070538","0,00000058176544603896","0,00000467165806252171","0,00000108634822934216","0,00000323960802769323","0,00000036979563078333"
"0,13129704443510806200","0,00000135440582013473","0,00000001304689016107","0,00000015921195131829","0,00000001062204940161","0,00000001075011003227","0,00000008057290175692","0,00000003465444923198","0,00000254158644196909","0,00000147804433910710","0,00000265868540975991","0,00000104727641038972","0,00000178339041393600","0,00000002655964417877","0,00000111287177447348","0,00000001287754979085","0,00000058663836383751","0,00000467824689826274","0,00000109309710029985","0,00000326279690859470","0,00000037223434209145"
"0,13330096707242267100","0,00000135514812744375","0,00000001306143316109","0,00000016055759354761","0,00000001069634508766","0,00000001080378323414","0,00000008117453145802","0,00000003480967521208","0,00000255278587970741","0,00000148684076454738","0,00000267044298214630","0,00000105467705902617","0,00000178797762980358","0,00000002663624297327","0,00000112346034046021","0,00000001284666974587","0,00000059154428719328","0,00000468491843277577","0,00000109989744198243","0,00000328603848636307","0,00000037464028543541"
"0,13530488970973730800","0,00000135591474078392","0,00000001307593317917","0,00000016193009446338","0,00000001078556786247","0,00000001087171843169","0,00000008178754558339","0,00000003495693085094","0,00000256396080514017","0,00000149564883077956","0,00000268226453509707","0,00000106215563938915","0,00000179262135111663","0,00000002672857219382","0,00000113411173524589","0,00000001280501057045","0,00000059648321610628","0,00000469167266606080","0,00000110674925438988","0,00000330933276099832","0,00000037701346081519"
"0,13730881234705194500","0,00000135670566015522","0,00000001309039021530","0,00000016332945406560","0,00000001088971772604","0,00000001095391562494","0,00000008241194413303","0,00000003509621614855","0,00000257511121826737","0,00000150446853780365","0,00000269415006861222","0,00000106971215147866","0,00000179732157787514","0,00000002683663184041","0,00000114482595883052","0,00000001275257226459","0,00000060145515057650","0,00000469850959811782","0,00000111365253752221","0,00000333267973250047","0,00000037935386823080"
"0,13931273498436658200","0,00000135752088555766","0,00000001310480426949","0,00000016475567235426","0,00000001100879467837","0,00000001105037481388","0,00000008304772710695","0,00000003522753110492","0,00000258623711908901","0,00000151329988561965","0,00000270609958269175","0,00000107734659529470","0,00000180207831007911","0,00000002696042191305","0,00000115560301121409","0,00000001268935482828","0,00000060646009060395","0,00000470542922894685","0,00000112060729137942","0,00000335607940086950","0,00000038166150768225"
"0,14131665762168119100","0,00000135836041699124","0,00000001311917534173","0,00000016620874932937","0,00000001114279871946","0,00000001116109599852","0,00000008369489450513","0,00000003535087572004","0,00000259733850760509","0,00000152214287422755","0,00000271811307733567","0,00000108505897083727","0,00000180689154772855","0,00000002709994241175","0,00000116644289239662","0,00000001261535826153","0,00000061149803618862","0,00000471243155854788","0,00000112761351596150","0,00000337953176610543","0,00000038393637916953"
"0,14332058025899582800","0,00000135922425445595","0,00000001313350343204","0,00000016768868499092","0,00000001129172984932","0,00000001128607917885","0,00000008435344632759","0,00000003546624999391","0,00000260841538381560","0,00000153099750362735","0,00000273019055254396","0,00000109284927810637","0,00000181176129082344","0,00000002725519333649","0,00000117734560237810","0,00000001253058256434","0,00000061656898733051","0,00000471951658692091","0,00000113467121126847","0,00000340303682820826","0,00000038617848269264"
"0,14532450289631046500","0,00000136011239795181","0,00000001314778854039","0,00000016919547933891","0,00000001145558806794","0,00000001142532435486","0,00000008502338257432","0,00000003557365392654","0,00000261946774772056","0,00000153986377381906","0,00000274233200831664","0,00000110071751710200","0,00000181668753936381","0,00000002742617468728","0,00000118831114115853","0,00000001243502773670","0,00000062167294402963","0,00000472668431406594","0,00000114178037730032","0,00000342659458717797","0,00000038838781825158"
"0,14732842553362510100","0,00000136102484747880","0,00000001316203066681","0,00000017072913237336","0,00000001163437337531","0,00000001157883152658","0,00000008570470324532","0,00000003567308751791","0,00000263049559931995","0,00000154874168480267","0,00000275453744465370","0,00000110866368782415","0,00000182167029334963","0,00000002761288646412","0,00000119933950873790","0,00000001232869377862","0,00000062680990628597","0,00000473393473998297","0,00000114894101405704","0,00000345020504301458","0,00000039056438584636"
"0,14933234817093971000","0,00000136196160303693","0,00000001317622981128","0,00000017228964409424","0,00000001182808577145","0,00000001174660069398","0,00000008639740834060","0,00000003576455076805","0,00000264149893861379","0,00000155763123657818","0,00000276680686155515","0,00000111668779027284","0,00000182670955278092","0,00000002781532866701","0,00000121043070511623","0,00000001221158069010","0,00000063197987409954","0,00000474126786467200","0,00000115615312153864","0,00000347386819571808","0,00000039270818547697"
"0,15133627080825434700","0,00000136293019529761","0,00000001319243087131","0,00000017385723837975","0,00000001202153696432","0,00000001191462774933","0,00000008708924318452","0,00000003585569877332","0,00000265251885569026","0,00000156653028744285","0,00000277908984541942","0,00000112472330673607","0,00000183177449851697","0,00000002802506711469","0,00000122156986977958","0,00000001209357617055","0,00000063717431712990","0,00000474862340737144","0,00000116338412972723","0,00000349762372667662","0,00000039486265864579"
"0,15334019344556898400","0,00000136393815493224","0,00000001321267874439","0,00000017541213910806","0,00000001219953866187","0,00000001206890858486","0,00000008776795310145","0,00000003595418663014","0,00000266359644063759","0,00000157543669569392","0,00000279133598264498","0,00000113270371950185","0,00000183683431141709","0,00000002823366762590","0,00000123274214221405","0,00000001198456791939","0,00000064238470503663","0,00000475594108731973","0,00000117060146860493","0,00000352151131727836","0,00000039707124685523"
"0,15534411608288362100","0,00000136498548194083","0,00000001323697343052","0,00000017695434627916","0,00000001236209086411","0,00000001220944320059","0,00000008843353809141","0,00000003606001433849","0,00000267473169345577","0,00000158435046133140","0,00000280354527323183","0,00000114062902857019","0,00000184188899148127","0,00000002844113020065","0,00000124394752241962","0,00000001188455593662","0,00000064761103781972","0,00000476322090451685","0,00000117780513817173","0,00000354553096752330","0,00000039933395010527"
"0,15734803872019823000","0,00000136607217632338","0,00000001326531492971","0,00000017848385989306","0,00000001250919357104","0,00000001233623159651","0,00000008908599815438","0,00000003617318189837","0,00000268592461414480","0,00000159327158435528","0,00000281571771717996","0,00000114849923394108","0,00000184693853870951","0,00000002864745483894","0,00000125518601039630","0,00000001179354022223","0,00000065285331547918","0,00000477046285896280","0,00000118499513842763","0,00000356968267741144","0,00000040165076839591"
"0,15935196135751286700","0,00000136719823807988","0,00000001329770324195","0,00000018000067994975","0,00000001264084678266","0,00000001244927377262","0,00000008972533329037","0,00000003629368930980","0,00000269717520270469","0,00000160220006476557","0,00000282785331448937","0,00000115631433561453","0,00000185198295310182","0,00000002885264154076","0,00000126645760614408","0,00000001171152077623","0,00000065811153801500","0,00000477766695065760","0,00000119217146937263","0,00000359396644694278","0,00000040402170172717"
"0,16135588399482750400","0,00000136836366721034","0,00000001333413836725","0,00000018150480644925","0,00000001275705049898","0,00000001254856972893","0,00000009035154349938","0,00000003642153657276","0,00000270848345913542","0,00000161113590256225","0,00000283995206516007","0,00000116407433359054","0,00000185702223465819","0,00000002905669030612","0,00000127776230966298","0,00000001163849759862","0,00000066338570542719","0,00000478483317960123","0,00000119933413100674","0,00000361838227611731","0,00000040644675009903"
"0,16335980663214211300","0,00000136956846371476","0,00000001337462030560","0,00000018299623939154","0,00000001285780471997","0,00000001263411946542","0,00000009096462878141","0,00000003655672368725","0,00000271984938343700","0,00000162007909774535","0,00000285201396919206","0,00000117177922786910","0,00000186205638337863","0,00000002925960113502","0,00000128910012095298","0,00000001157447068940","0,00000066867581771575","0,00000479196154579369","0,00000120648312332995","0,00000364293016493504","0,00000040892591351149"
"0,16536372926945675000","0,00000137081262759313","0,00000001341914905701","0,00000018447497877663","0,00000001294310944566","0,00000001270592298210","0,00000009156458913645","0,00000003669925065328","0,00000273127297560943","0,00000162902965031484","0,00000286403902658533","0,00000117942901845021","0,00000186708539926313","0,00000002946137402745","0,00000130047104001409","0,00000001151944004856","0,00000067398187488067","0,00000479905204923499","0,00000121361844634226","0,00000366761011339597","0,00000041145919196457"
"0,16736765190677138600","0,00000137209615884546","0,00000001346772462147","0,00000018594102460451","0,00000001301296467604","0,00000001276398027898","0,00000009215142456451","0,00000003684911747085","0,00000274275423565272","0,00000163798756027074","0,00000287602723733989","0,00000118702370533388","0,00000187210928231169","0,00000002966200898342","0,00000131187506684631","0,00000001147340567612","0,00000067930387692196","0,00000480610468992513","0,00000122074010004367","0,00000369242212150009","0,00000041404658545825"
"0,16937157454408602300","0,00000137341905747174","0,00000001352034699899","0,00000018739437687519","0,00000001306737041111","0,00000001280829135605","0,00000009272513506559","0,00000003700632413995","0,00000275429316356685","0,00000164695282761304","0,00000288797860145573","0,00000119456328852011","0,00000187712803252432","0,00000002986150600292","0,00000132331220144964","0,00000001143636757206","0,00000068464182383961","0,00000481311946786411","0,00000122784808443419","0,00000371736618924742","0,00000041668809399254"
"0,17137549718140063200","0,00000137478132347199","0,00000001357701618956","0,00000018883503558867","0,00000001310632665087","0,00000001283885621331","0,00000009328572063969","0,00000003717087066059","0,00000276588975935184","0,00000165592545234175","0,00000289989311893285","0,00000120204776800890","0,00000188214164990101","0,00000003005986508596","0,00000133478244382407","0,00000001140832573639","0,00000068999571563363","0,00000482009638305192","0,00000123494239951381","0,00000374244231663794","0,00000041938371756743"
"0,17337941981871526900","0,00000137618295684618","0,00000001363773219318","0,00000019026300074495","0,00000001312983339531","0,00000001285567485076","0,00000009383318128680","0,00000003734275703277","0,00000277754402300767","0,00000166490543445686","0,00000291177078977126","0,00000120947714380024","0,00000188715013444177","0,00000003025708623253","0,00000134628579396961","0,00000001138928016910","0,00000069536555230402","0,00000482703543548857","0,00000124202304528253","0,00000376765050367166","0,00000042213345618294"
"0,17538334245602990600","0,00000137762395759434","0,00000001370249500986","0,00000019167827234402","0,00000001313789064445","0,00000001285874726840","0,00000009436751700694","0,00000003752198325648","0,00000278925595453436","0,00000167389277395838","0,00000292361161397096","0,00000121685141589413","0,00000189215348614659","0,00000003045316944264","0,00000135782225188626","0,00000001137923087021","0,00000070075133385077","0,00000483393662517405","0,00000124909002174036","0,00000379299075034857","0,00000042493730983904"
"0,17738726509334454300","0,00000137910432571645","0,00000001377130463959","0,00000019308085038589","0,00000001313049839827","0,00000001284807346623","0,00000009488872780009","0,00000003770854933173","0,00000280102555393190","0,00000168288747084629","0,00000293541559153194","0,00000122417058429058","0,00000189715170501547","0,00000003064811471629","0,00000136939181757402","0,00000001137817783970","0,00000070615306027389","0,00000484079995210837","0,00000125614332888729","0,00000381846305666869","0,00000042779527853576"
"0,17939118773065915200","0,00000138062406121252","0,00000001384416108238","0,00000019447073487056","0,00000001310765665679","0,00000001282365344425","0,00000009539681366626","0,00000003790245525852","0,00000281285282120029","0,00000169188952512062","0,00000294718272245421","0,00000123143464898959","0,00000190214479104842","0,00000003084192205347","0,00000138099449103288","0,00000001138612107758","0,00000071157073157337","0,00000484762541629153","0,00000126318296672332","0,00000384406742263200","0,00000043070736227308"
"0,18139511036797378900","0,00000138218316408254","0,00000001392106433822","0,00000019584792579802","0,00000001306936541999","0,00000001278548720247","0,00000009589177460544","0,00000003810370103684","0,00000282473775633953","0,00000170089893678134","0,00000295891300673776","0,00000123864360999115","0,00000190713274424543","0,00000003103459145419","0,00000139263027226286","0,00000001140306058385","0,00000071700434774922","0,00000485441301772352","0,00000127020893524845","0,00000386980384823851","0,00000043367356105101"
"0,18339903300528842500","0,00000138378163432652","0,00000001400201440711","0,00000019721242316829","0,00000001301562468788","0,00000001273357474087","0,00000009637361061765","0,00000003831228666669","0,00000283668035934962","0,00000170991570582847","0,00000297060644438259","0,00000124579746729526","0,00000191211556460650","0,00000003122612291844","0,00000140429916126394","0,00000001142899635850","0,00000072245390880144","0,00000486116275640435","0,00000127722123446269","0,00000389567233348822","0,00000043669387486955"
"0,18540295564260306200","0,00000138541947194446","0,00000001408701128906","0,00000019856422698134","0,00000001294643446046","0,00000001266791605947","0,00000009684232170287","0,00000003852821214809","0,00000284868063023056","0,00000171893983226201","0,00000298226303538871","0,00000125289622090194","0,00000191709325213164","0,00000003141651644623","0,00000141600115803613","0,00000001146392840155","0,00000072791941473002","0,00000486787463233402","0,00000128421986436603","0,00000392167287838112","0,00000043976830372869"
"0,18740687827991767100","0,00000138709667693635","0,00000001417605498407","0,00000019990333723720","0,00000001286179473773","0,00000001258851115826","0,00000009729790786111","0,00000003875147748102","0,00000286073856898235","0,00000172797131608194","0,00000299388277975612","0,00000125993987081117","0,00000192206580682085","0,00000003160577203755","0,00000142773626257943","0,00000001150785671298","0,00000073340086553497","0,00000487454864551252","0,00000129120482495847","0,00000394780548291722","0,00000044289684762844"
"0,18941080091723230800","0,00000138881324930220","0,00000001426914549213","0,00000020122975393585","0,00000001276170551969","0,00000001249536003724","0,00000009774036909237","0,00000003898208266549","0,00000287285417560499","0,00000173701015728829","0,00000300546567748481","0,00000126692841702295","0,00000192703322867411","0,00000003179388969241","0,00000143950447489383","0,00000001156078129280","0,00000073889826121628","0,00000488118479593986","0,00000129817611624001","0,00000397407014709652","0,00000044607950656880"
"0,19141472355454694500","0,00000139056918904201","0,00000001436628281324","0,00000020254347707730","0,00000001264616680634","0,00000001238846269641","0,00000009816970539664","0,00000003922002770149","0,00000288502745009849","0,00000174605635588103","0,00000301701172857479","0,00000127386185953729","0,00000193199551769144","0,00000003198086941081","0,00000145130579497934","0,00000001162270214101","0,00000074441160177396","0,00000488778308361603","0,00000130513373821066","0,00000400046687091902","0,00000044931628054977"
"0,19341864619186155400","0,00000139236449615577","0,00000001446746694741","0,00000020384450666155","0,00000001251517859768","0,00000001226781913577","0,00000009858591677394","0,00000003946531258903","0,00000289725839246283","0,00000175510991186018","0,00000302852093302605","0,00000128074019835418","0,00000193695267387284","0,00000003216671119274","0,00000146314022283596","0,00000001169361925760","0,00000074994088720800","0,00000489434350854104","0,00000131207769087041","0,00000402699565438472","0,00000045260716957134"
"0,19542256882917619100","0,00000139419917064349","0,00000001457269789463","0,00000020513284268859","0,00000001236874089371","0,00000001213342935532","0,00000009898900322425","0,00000003971793732810","0,00000290954700269802","0,00000176417082522573","0,00000303999329083859","0,00000128756343347364","0,00000194190469721830","0,00000003235141503821","0,00000147500775846369","0,00000001177353264258","0,00000075548611751841","0,00000490086607071489","0,00000131900797421926","0,00000405365649749361","0,00000045595217363352"
"0,19742649146649082800","0,00000139607321250516","0,00000001468197565491","0,00000020640848515844","0,00000001220685369443","0,00000001198529335507","0,00000009937896474758","0,00000003997790191871","0,00000292189328080407","0,00000177323909597769","0,00000305142880201242","0,00000129433156489564","0,00000194685158772782","0,00000003253498094721","0,00000148690840186253","0,00000001186244229596","0,00000076104729270519","0,00000490735077013758","0,00000132592458825722","0,00000408044940024570","0,00000045935129273630"
"0,19943041410380546400","0,00000139798662174079","0,00000001479530022824","0,00000020767143407107","0,00000001202951699983","0,00000001182341113500","0,00000009975580134393","0,00000004024520636086","0,00000293429722678096","0,00000178231472411605","0,00000306282746654754","0,00000130104459262020","0,00000195179334540141","0,00000003271740891975","0,00000149884215303247","0,00000001196034821771","0,00000076662441276833","0,00000491379760680910","0,00000133282753298428","0,00000410737436264099","0,00000046280452687969"
"0,20143433674112007400","0,00000139991305384622","0,00000001490696704398","0,00000020893225688931","0,00000001185153129492","0,00000001166196118806","0,00000010013053803992","0,00000004051402124879","0,00000294670721511022","0,00000179138427343743","0,00000307422164704169","0,00000130775589641413","0,00000195674205047751","0,00000003289549641996","0,00000151077215203231","0,00000001205912092190","0,00000077220526291696","0,00000492025744006098","0,00000133972943602964","0,00000413430943197645","0,00000046626611946589"
"0,20343825937843471000","0,00000140182616431728","0,00000001501127153151","0,00000021020152107594","0,00000001168769706469","0,00000001151512200715","0,00000010051419986220","0,00000004077851717674","0,00000295907162027333","0,00000180043430773843","0,00000308564370609262","0,00000131451885604421","0,00000196170978319457","0,00000003306604091197","0,00000152266153892082","0,00000001215063092254","0,00000077777762836020","0,00000492678112922474","0,00000134664292502249","0,00000416113265554906","0,00000046969031389710"
"0,20544218201574934700","0,00000140372595315397","0,00000001510821369083","0,00000021147922663097","0,00000001153801430913","0,00000001138289359229","0,00000010090678681076","0,00000004103869414471","0,00000297139044227031","0,00000180946482701907","0,00000309709364370034","0,00000132133347151047","0,00000196669654355261","0,00000003322904239578","0,00000153451031369800","0,00000001223487821964","0,00000078334150909804","0,00000493336867430040","0,00000135356799996285","0,00000418784403335881","0,00000047307711017332"
"0,20744610465306398400","0,00000140561242035629","0,00000001519779352192","0,00000021276537355440","0,00000001140248302825","0,00000001126527594347","0,00000010130829888560","0,00000004129455215271","0,00000298366368110115","0,00000181847583127933","0,00000310857145986485","0,00000132819974281289","0,00000197170233155161","0,00000003338450087138","0,00000154631847636386","0,00000001231186281321","0,00000078889690513049","0,00000494002007528793","0,00000136050466085070","0,00000421444356540571","0,00000047642650829454"
"0,20945002729037859300","0,00000140748556592425","0,00000001528001102479","0,00000021405996184623","0,00000001128110322204","0,00000001116226906069","0,00000010171873608673","0,00000004154609120073","0,00000299589133676585","0,00000182746732051923","0,00000312007715458614","0,00000133511766995147","0,00000197672714719157","0,00000003353241633879","0,00000155808602691838","0,00000001238158470323","0,00000079444381645755","0,00000494673533218735","0,00000136745290768606","0,00000424093125168975","0,00000047973850826077"
"0,21145394992769323000","0,00000140934538985783","0,00000001535486619945","0,00000021536299150645","0,00000001117387489051","0,00000001107387294395","0,00000010213809841413","0,00000004179331128877","0,00000300807340926442","0,00000183643929473875","0,00000313161072786421","0,00000134208725292622","0,00000198177099047250","0,00000003367278879799","0,00000156981296536159","0,00000001244404388972","0,00000079998224307922","0,00000495351444499866","0,00000137441274046891","0,00000426730709221094","0,00000048301311007202"
"0,21345787256500786700","0,00000141119189215705","0,00000001542235904589","0,00000021667446253507","0,00000001108079803366","0,00000001100008759326","0,00000010256638586782","0,00000004203621241683","0,00000302020989859685","0,00000184539175393790","0,00000314317217969907","0,00000134910849173713","0,00000198683386139440","0,00000003380561824900","0,00000158149929169346","0,00000001249924037266","0,00000080551218499550","0,00000496035741372185","0,00000138138415919926","0,00000429357108696928","0,00000048625031372826"
"0,21546179520232250400","0,00000141302507282191","0,00000001548248956411","0,00000021799437493209","0,00000001100187265149","0,00000001094091300861","0,00000010300359844778","0,00000004227479458492","0,00000303230080476314","0,00000185432469811668","0,00000315476151009071","0,00000135618138638421","0,00000199191575995726","0,00000003393090469180","0,00000159314500591401","0,00000001254717415207","0,00000081103364220638","0,00000496726423835693","0,00000138836716387711","0,00000431972323596476","0,00000048945011922952"
"0,21746571783963711300","0,00000141484493185239","0,00000001553525775411","0,00000021932272869751","0,00000001093709874399","0,00000001089634919000","0,00000010344973615403","0,00000004250905779303","0,00000304434612776329","0,00000186323812727510","0,00000316637871903914","0,00000136330593686745","0,00000199701668616109","0,00000003404864812641","0,00000160475010802324","0,00000001258784522793","0,00000081654661471187","0,00000497423491890389","0,00000139536175450246","0,00000434576353919739","0,00000049261252657579"
"0,21946964047695174900","0,00000141665146924851","0,00000001558066361590","0,00000022065952383132","0,00000001088647631117","0,00000001086639613743","0,00000010390479898656","0,00000004273900204117","0,00000305634586759730","0,00000187213204141314","0,00000317802380654435","0,00000137048214318686","0,00000200213664000588","0,00000003415884855281","0,00000161631459802113","0,00000001262125360026","0,00000082205110251197","0,00000498126945536273","0,00000140236793107530","0,00000437169199666716","0,00000049573753576706"
"0,22147356311426638600","0,00000141844468501026","0,00000001561870714946","0,00000022200476033354","0,00000001085000535302","0,00000001085105385090","0,00000010436878694537","0,00000004296462732932","0,00000306830002426518","0,00000188100644053081","0,00000318969677260634","0,00000137771000534243","0,00000200727562149164","0,00000003426150597101","0,00000162783847590770","0,00000001264739926904","0,00000082754710560667","0,00000498836784773346","0,00000140938569359564","0,00000439750860837408","0,00000049882514680334"
"0,22347748575158102300","0,00000142022457913764","0,00000001564938835481","0,00000022335843820414","0,00000001082768586955","0,00000001085032233042","0,00000010484170003046","0,00000004318593365750","0,00000308020859776692","0,00000188986132462811","0,00000320139761722512","0,00000138498952333417","0,00000201243363061836","0,00000003435662038102","0,00000163932174168294","0,00000001266628223429","0,00000083303462399599","0,00000499553009601608","0,00000141641504206349","0,00000442321337431814","0,00000050187535968463"
"0,22548140838889563200","0,00000142199115163065","0,00000001567270723194","0,00000022472055744315","0,00000001081951786076","0,00000001086420157598","0,00000010532353824184","0,00000004340292102571","0,00000309207158810252","0,00000189869669370504","0,00000321312634040069","0,00000139232069716207","0,00000201761066738605","0,00000003444419178282","0,00000165076439534686","0,00000001267790249600","0,00000083851365767991","0,00000500275620021058","0,00000142345597647883","0,00000444880629449935","0,00000050488817441093"
"0,22748533102621026900","0,00000142374440248930","0,00000001568866378085","0,00000022609111805056","0,00000001082550132664","0,00000001089269158758","0,00000010581430157949","0,00000004361558943393","0,00000310388899527199","0,00000190751254776159","0,00000322488294213304","0,00000139970352682614","0,00000202280673179471","0,00000003452422017642","0,00000166216643689945","0,00000001268226005416","0,00000084398420665844","0,00000501004616031696","0,00000143050849684167","0,00000447428736891771","0,00000050786359098224"
"0,22948925366352490600","0,00000142548433171358","0,00000001569725800154","0,00000022747012002636","0,00000001084563626720","0,00000001093579236522","0,00000010631399004343","0,00000004382393888218","0,00000311566081927532","0,00000191630888679778","0,00000323666742242217","0,00000140713801232637","0,00000202802182384433","0,00000003459670556182","0,00000167352786634071","0,00000001267935490879","0,00000084944627093157","0,00000501739997633524","0,00000143757260315201","0,00000449965659757321","0,00000051080160939855"
"0,23149317630083951500","0,00000142721093930349","0,00000001569848989401","0,00000022885756337056","0,00000001087992268244","0,00000001099350390891","0,00000010682260363365","0,00000004402796937045","0,00000312738706011251","0,00000192508571081360","0,00000324847978126809","0,00000141462415366277","0,00000203325594353492","0,00000003466164793902","0,00000168484868367065","0,00000001266918705988","0,00000085489985049932","0,00000502481764826539","0,00000144464829540984","0,00000452491398046586","0,00000051370222965988"
"0,23349709893815415200","0,00000142892422525903","0,00000001569235945827","0,00000023025344808316","0,00000001092836057235","0,00000001106582621864","0,00000010734014235015","0,00000004422768089875","0,00000313906771778356","0,00000193384301980905","0,00000326032001867079","0,00000142216195083533","0,00000203850909086648","0,00000003471904730802","0,00000169612888888926","0,00000001265175650743","0,00000086034494536167","0,00000503229917610743","0,00000145173557361518","0,00000455005951759565","0,00000051656545176621"
"0,23550102157546878900","0,00000143062418958021","0,00000001567886669430","0,00000023165777416415","0,00000001099094993694","0,00000001115275929441","0,00000010786660619293","0,00000004442307346706","0,00000315070279228848","0,00000194258081378412","0,00000327218813463028","0,00000142975140384406","0,00000204378126583900","0,00000003476890366882","0,00000170736848199655","0,00000001262706325144","0,00000086578155551863","0,00000503984455986136","0,00000145883443776801","0,00000457509320896259","0,00000051939127571755"
"0,23750494421278342500","0,00000143231083226701","0,00000001565801160212","0,00000023307054161355","0,00000001106769077620","0,00000001125430313622","0,00000010840199516199","0,00000004461414707540","0,00000316229228362725","0,00000195129909273883","0,00000328408412914655","0,00000143739251268896","0,00000204907246845248","0,00000003481121702142","0,00000171856746299250","0,00000001259510729191","0,00000087120968097020","0,00000504745379952717","0,00000146594488786834","0,00000460001505456668","0,00000052217970151389"
"0,23950886685009803400","0,00000143398415331946","0,00000001562979418172","0,00000023449175043134","0,00000001115858309015","0,00000001137045774408","0,00000010894630925733","0,00000004480090172377","0,00000317383619179989","0,00000195999785667316","0,00000329600800221961","0,00000144508527737001","0,00000205438269870693","0,00000003484598736582","0,00000172972583187713","0,00000001255588862883","0,00000087662932171637","0,00000505512689510486","0,00000147306692391617","0,00000462482505440791","0,00000052493072915525"
"0,24151278948741267100","0,00000143564415273753","0,00000001559421443311","0,00000023592140061753","0,00000001126362687877","0,00000001150122311797","0,00000010949954847896","0,00000004498333741215","0,00000318533451680640","0,00000196867710558713","0,00000330795975384945","0,00000145282969788724","0,00000205971195660235","0,00000003487321470202","0,00000174084358865044","0,00000001250940726222","0,00000088204047775716","0,00000506286384659444","0,00000148020054591150","0,00000464952320848628","0,00000052764435864161"
"0,24351671212472730800","0,00000143729083052123","0,00000001555127235627","0,00000023735949217211","0,00000001138282214206","0,00000001164659925791","0,00000011006171282686","0,00000004516145414056","0,00000319678725864676","0,00000197733683948072","0,00000331993938403608","0,00000146062577424063","0,00000206506024213874","0,00000003489289903002","0,00000175192073331242","0,00000001245566319207","0,00000088744314909255","0,00000507066465399591","0,00000148734575385433","0,00000467410951680181","0,00000053032058997299"
"0,24552063476204194500","0,00000143892418667057","0,00000001550096795121","0,00000023880602509509","0,00000001151616888003","0,00000001180658616389","0,00000011063280230105","0,00000004533525190899","0,00000320819441732099","0,00000198597705835394","0,00000333194689277949","0,00000146847350643018","0,00000207042755531608","0,00000003490504034982","0,00000176295726586307","0,00000001239465641838","0,00000089283733572255","0,00000507852931730926","0,00000149450254774466","0,00000469858397935448","0,00000053295942314937"
"0,24752455739935655400","0,00000144054422118554","0,00000001544330121794","0,00000024026099938648","0,00000001166366709268","0,00000001198118383592","0,00000011121281690152","0,00000004550473071745","0,00000321955599282908","0,00000199459776220679","0,00000334398228007968","0,00000147637289445590","0,00000207581389613440","0,00000003490963866141","0,00000177395318630239","0,00000001232638694116","0,00000089822303764715","0,00000508645783653449","0,00000150167092758248","0,00000472294659614429","0,00000053556085817076"
"0,24952848003667119100","0,00000144215093406614","0,00000001537827215645","0,00000024172441504625","0,00000001182531678001","0,00000001217039227398","0,00000011180175662827","0,00000004566989056593","0,00000323087198517103","0,00000200319895103928","0,00000335604554593666","0,00000148432393831778","0,00000208121926459368","0,00000003490669396481","0,00000178490849463039","0,00000001225085476039","0,00000090360025486637","0,00000509445021167161","0,00000150885089336781","0,00000474719736717125","0,00000053812489503715"
"0,25153240267398580000","0,00000144375462327417","0,00000001531373323251","0,00000024318764212245","0,00000001198779011596","0,00000001235874013916","0,00000011238779802454","0,00000004583399848059","0,00000324219150725687","0,00000201180069487096","0,00000336810192969902","0,00000149227519555695","0,00000208661657075490","0,00000003489440184846","0,00000179583075487447","0,00000001217465785223","0,00000090897637744679","0,00000510245154512857","0,00000151603118110488","0,00000477139756625200","0,00000054068940527668"
"0,25353632531130043700","0,00000144536558677140","0,00000001525753691187","0,00000024464205066310","0,00000001213775927450","0,00000001253075609252","0,00000011295911763355","0,00000004600032148761","0,00000325356367199661","0,00000202042306372142","0,00000338011667071534","0,00000150017522371451","0,00000209197872467902","0,00000003487095790081","0,00000180672753106205","0,00000001210439419283","0,00000091435879545503","0,00000511040693931332","0,00000152320052679797","0,00000479560846720319","0,00000054329226041745"
"0,25554024794861507300","0,00000144698382455785","0,00000001520968319455","0,00000024608764066818","0,00000001227522425561","0,00000001268644013407","0,00000011351571545532","0,00000004616885958698","0,00000326498847939025","0,00000202906605759065","0,00000339208976898564","0,00000150802402279047","0,00000209730572636606","0,00000003483636212186","0,00000181759882319312","0,00000001204006378219","0,00000091974750889109","0,00000511831639422586","0,00000153035893044706","0,00000481983007002482","0,00000054593346045947"
"0,25754417058592971000","0,00000144860933663351","0,00000001517017208054","0,00000024752441213772","0,00000001240018505931","0,00000001282579226380","0,00000011405759148983","0,00000004633961277870","0,00000327646592943780","0,00000203772967647866","0,00000340402122450990","0,00000151582159278483","0,00000210259757581600","0,00000003479061451162","0,00000182844463126769","0,00000001198166662031","0,00000092514251775496","0,00000512617990986618","0,00000153750639205217","0,00000484406237471689","0,00000054861300540274"
"0,25954809322324434700","0,00000145024212299838","0,00000001513900356984","0,00000024895236507169","0,00000001251264168560","0,00000001294881248171","0,00000011458474573710","0,00000004651258106277","0,00000328799602213924","0,00000204641392038545","0,00000341591103728814","0,00000152356793369759","0,00000210785427302885","0,00000003473371507008","0,00000183926495528575","0,00000001192920270719","0,00000093054382204664","0,00000513399748623430","0,00000154464291161328","0,00000486830538127940","0,00000055133089524726"
"0,26155201586055898400","0,00000145188218365246","0,00000001511617766245","0,00000025037149947011","0,00000001261259413446","0,00000001305550078780","0,00000011509717819711","0,00000004668776443919","0,00000329957875749459","0,00000205511878931101","0,00000342775920732034","0,00000153126304552874","0,00000211307581800460","0,00000003466566379725","0,00000185005979524730","0,00000001188267204283","0,00000093595142176615","0,00000514176912333020","0,00000155176848913040","0,00000489255908971234","0,00000055408712999303"
"0,26355593849787362100","0,00000145352951859576","0,00000001510169435837","0,00000025178181533297","0,00000001270004240591","0,00000001314585718208","0,00000011559488886987","0,00000004686516290797","0,00000331121413550385","0,00000206384428325535","0,00000343956573460652","0,00000153890692827829","0,00000211826221074327","0,00000003458646069311","0,00000186082915115235","0,00000001184207462723","0,00000094136531691346","0,00000514949482115390","0,00000155888312460353","0,00000491682350001572","0,00000055688170964004"
"0,26555986113518820200","0,00000145518412782826","0,00000001509555365761","0,00000025318331266028","0,00000001277498649994","0,00000001321988166454","0,00000011607787775539","0,00000004704477646909","0,00000332290215616700","0,00000207259040221846","0,00000345133061914666","0,00000154649958194624","0,00000212341345124484","0,00000003449610575768","0,00000187157302300090","0,00000001180741046039","0,00000094678550748859","0,00000515717457970539","0,00000156598681803267","0,00000494109861218955","0,00000055971463418830"
"0,26756378377250283900","0,00000145684601134998","0,00000001509775556015","0,00000025457599145203","0,00000001283742641655","0,00000001327757423518","0,00000011654614485365","0,00000004722660512257","0,00000333464281948406","0,00000208135714620035","0,00000346305386094078","0,00000155404100653259","0,00000212852953950933","0,00000003439459899096","0,00000188229141079294","0,00000001177867954231","0,00000095221199349154","0,00000516480839898466","0,00000157307956941782","0,00000496538442623380","0,00000056258590363781"
"0,26956770640981747600","0,00000145851516916091","0,00000001510830006601","0,00000025595985170822","0,00000001288736215574","0,00000001331893489401","0,00000011699969016466","0,00000004741064886840","0,00000334643612545503","0,00000209014451520101","0,00000347473545998886","0,00000156153120203733","0,00000213361047553671","0,00000003428194039294","0,00000189298431452847","0,00000001175588187299","0,00000095764477492230","0,00000517239627899172","0,00000158016137875898","0,00000498968094214850","0,00000056549551798857"
"0,27157162904713211300","0,00000146019160126105","0,00000001512718717518","0,00000025733489342886","0,00000001292479371752","0,00000001334396364102","0,00000011743851368843","0,00000004759690770658","0,00000335828207407989","0,00000209895250922045","0,00000348637541629091","0,00000156897016846047","0,00000213865625932701","0,00000003415812996362","0,00000190365173420750","0,00000001173901745242","0,00000096308385178088","0,00000517993821972658","0,00000158723224605615","0,00000501398815993364","0,00000056844347724058"
"0,27357555168444674900","0,00000146187530765040","0,00000001515441688766","0,00000025870111661394","0,00000001294972110188","0,00000001335266047621","0,00000011786261542494","0,00000004778538163711","0,00000337018066535866","0,00000210778112825867","0,00000349797372984694","0,00000157635790580202","0,00000214366689088022","0,00000003402316770300","0,00000191429366983003","0,00000001172808628062","0,00000096852922406728","0,00000518743422118922","0,00000159429217130932","0,00000503830607958921","0,00000057142978139383"
"0,27557947432176138600","0,00000146356628832897","0,00000001518998920345","0,00000026005852126346","0,00000001296214430882","0,00000001334502539959","0,00000011827199537420","0,00000004797607065999","0,00000338213189929133","0,00000211663037231566","0,00000350953040065693","0,00000158369441406195","0,00000214864237019633","0,00000003387705361109","0,00000192491012139605","0,00000001172308835758","0,00000097398089178148","0,00000519488428337966","0,00000160134115451851","0,00000506263470111523","0,00000057445443044833"
"0,27758339695907602300","0,00000146526454329674","0,00000001523390412255","0,00000026140710737743","0,00000001296206333834","0,00000001332105841114","0,00000011866665353621","0,00000004816897477523","0,00000339413577587791","0,00000212550024139142","0,00000352104542872089","0,00000159097969324029","0,00000215358269727535","0,00000003371978768787","0,00000193550108890556","0,00000001172402368330","0,00000097943885492351","0,00000520228840629788","0,00000160837919568370","0,00000508697402451168","0,00000057751742440408"
"0,27958731959639066000","0,00000146697007255373","0,00000001528616164496","0,00000026274687495584","0,00000001294947819044","0,00000001328075951089","0,00000011904658991098","0,00000004836409398281","0,00000340619229511838","0,00000213439073548596","0,00000353251881403882","0,00000159821374333702","0,00000215848787211728","0,00000003355136993337","0,00000194606657235857","0,00000001173089225778","0,00000098490311349335","0,00000520964658994390","0,00000161540629480491","0,00000511132404977857","0,00000058061876326108"
"0,28159124223370524100","0,00000146868287609993","0,00000001534676177069","0,00000026407782399870","0,00000001292438886513","0,00000001322412869881","0,00000011941180449849","0,00000004856142828275","0,00000341830145701276","0,00000214330185459928","0,00000354395055661073","0,00000160539656435216","0,00000216335789472212","0,00000003337180034756","0,00000195660657175507","0,00000001174369408101","0,00000099037366749100","0,00000521695883431770","0,00000162242245188212","0,00000513568477691590","0,00000058375844701933"
"0,28359516487101987800","0,00000147040295393534","0,00000001541570449972","0,00000026539995450600","0,00000001288679536240","0,00000001315116597492","0,00000011976229729875","0,00000004876097767504","0,00000343046326156105","0,00000215223359873137","0,00000355534065643660","0,00000161252815628568","0,00000216819276508987","0,00000003318107893046","0,00000196712108709507","0,00000001176242915301","0,00000099585051691647","0,00000522422513941929","0,00000162942766691534","0,00000516005620592367","0,00000058693647567883"
"0,28559908750833451500","0,00000147213030605997","0,00000001549298983207","0,00000026671326647774","0,00000001283669768225","0,00000001306187133921","0,00000012009806831176","0,00000004896274215968","0,00000344267770876323","0,00000216118596788224","0,00000356668911351644","0,00000161960851913761","0,00000217299248322052","0,00000003297920568207","0,00000197761011837856","0,00000001178709747377","0,00000100133366176976","0,00000523144550524867","0,00000163642193990457","0,00000518443833680187","0,00000059015284923957"
"0,28760301014564915200","0,00000147386493247380","0,00000001557861776773","0,00000026801775991393","0,00000001277409582468","0,00000001295624479168","0,00000012041911753752","0,00000004916672173668","0,00000345494479861932","0,00000217015896205188","0,00000357799592785025","0,00000162663765290794","0,00000217775704911408","0,00000003276618060237","0,00000198807366560555","0,00000001181769904328","0,00000100682310205085","0,00000523861993180585","0,00000164340527084981","0,00000520883116955052","0,00000059340756770156"
"0,28960693278296378800","0,00000147560683317685","0,00000001567258830670","0,00000026931343481456","0,00000001269898978970","0,00000001283428633234","0,00000012072544497603","0,00000004937291640602","0,00000346726453112931","0,00000217915258124030","0,00000358926109943803","0,00000163361555759666","0,00000218248646277055","0,00000003254200369138","0,00000199851172877603","0,00000001185423386156","0,00000101231883775977","0,00000524574841909081","0,00000165037765975106","0,00000523323470416960","0,00000059670063106480"
"0,29161085542027842500","0,00000147735600816910","0,00000001577490144898","0,00000027060029117963","0,00000001261137957730","0,00000001269599596118","0,00000012101705062729","0,00000004958132616771","0,00000347963690629321","0,00000218816682544750","0,00000360048462827978","0,00000164054223320378","0,00000218718072418993","0,00000003230667494909","0,00000200892430789001","0,00000001189670192860","0,00000101782086889650","0,00000525283096710356","0,00000165733910660831","0,00000525764894065912","0,00000060003203932929"
"0,29361477805759306200","0,00000147911245745057","0,00000001588555719457","0,00000027187832900915","0,00000001251126518747","0,00000001254137367820","0,00000012129393449130","0,00000004979195102176","0,00000349206192411101","0,00000219720169467347","0,00000361166651437550","0,00000164741767972930","0,00000219183983337221","0,00000003206019437551","0,00000201931140294748","0,00000001194510324439","0,00000102332919546105","0,00000525986757584410","0,00000166428961142158","0,00000528207387901908","0,00000060340179249502"
"0,29561870069490764300","0,00000148087618102126","0,00000001600455554347","0,00000027314754830311","0,00000001239864662024","0,00000001237041948341","0,00000012155609656806","0,00000005000479096816","0,00000350453958458271","0,00000220625718891821","0,00000362280675772519","0,00000165424189717321","0,00000219646379031741","0,00000003180256197063","0,00000202967301394845","0,00000001199943780895","0,00000102884381745341","0,00000526685824531243","0,00000167122917419085","0,00000530650951924948","0,00000060680989056200"
"0,29762262333222228000","0,00000148264717888115","0,00000001613189649569","0,00000027440794906152","0,00000001227352387558","0,00000001218313337680","0,00000012180353685757","0,00000005021984600691","0,00000351706988770831","0,00000221533330818173","0,00000363390535832885","0,00000166101488553553","0,00000220105259502551","0,00000003153377773445","0,00000204000914089291","0,00000001205970562226","0,00000103436473487358","0,00000527380297550855","0,00000167815779491614","0,00000533095586135031","0,00000061025633353024"
"0,29962654596953691700","0,00000148442545103025","0,00000001626758005122","0,00000027565953128437","0,00000001213589695351","0,00000001197951535837","0,00000012203625535983","0,00000005043711613801","0,00000352965283348782","0,00000222443005246403","0,00000364496231618648","0,00000166773664481624","0,00000220560624749652","0,00000003125384166697","0,00000205031978378087","0,00000001212590668434","0,00000103989194772158","0,00000528070176643246","0,00000168507547359743","0,00000535541290532159","0,00000061374112139972"
"0,30163046860685155400","0,00000148620246923802","0,00000001640008648442","0,00000027691270366120","0,00000001199766019685","0,00000001177591758159","0,00000012227041848869","0,00000005065491055171","0,00000354224257328804","0,00000223351773003504","0,00000365599590981270","0,00000167443692080459","0,00000221014803327860","0,00000003096721908126","0,00000206060354714361","0,00000001219252056823","0,00000104541114777990","0,00000528759301401363","0,00000169199283133412","0,00000537982485482235","0,00000061722911527885"
"0,30363439124416619100","0,00000148796970527389","0,00000001651789606966","0,00000027817787488153","0,00000001187070794844","0,00000001158869219993","0,00000012252219265803","0,00000005087153843824","0,00000355479325847580","0,00000224256664916472","0,00000366702441772214","0,00000168114545928984","0,00000221470123791991","0,00000003067837529036","0,00000207085903551244","0,00000001225402684701","0,00000105090802683106","0,00000529451511418153","0,00000169892048922560","0,00000540413591351166","0,00000062068517627603"
"0,30563831388148082800","0,00000148972715913787","0,00000001662100880694","0,00000027945504494537","0,00000001175504020827","0,00000001141783921338","0,00000012279157786784","0,00000005108699979761","0,00000356730488905108","0,00000225157680985307","0,00000367804783991479","0,00000168786226027197","0,00000221926586142046","0,00000003038731029427","0,00000208108624888735","0,00000001231042552066","0,00000105638258487508","0,00000530146806693615","0,00000170585844727187","0,00000542834608138950","0,00000062410930439128"
"0,30764223651879546400","0,00000149147483082995","0,00000001670942469626","0,00000028074421385272","0,00000001165065697636","0,00000001126335862194","0,00000012307857411811","0,00000005130129462982","0,00000357977746501389","0,00000226054821210008","0,00000368906617639065","0,00000169458732375099","0,00000222384190378024","0,00000003009402409301","0,00000209128518726834","0,00000001236171658919","0,00000106183482191193","0,00000530845187227749","0,00000171280670547293","0,00000545245535845588","0,00000062750149962457"
"0,30964615915611010100","0,00000149321272035014","0,00000001678314373762","0,00000028204538160357","0,00000001155755825269","0,00000001112525042562","0,00000012338318140885","0,00000005151442293487","0,00000359221098636424","0,00000226948085590575","0,00000370007942714972","0,00000170132064972689","0,00000222842936499925","0,00000002979851668656","0,00000210145585065542","0,00000001240790005260","0,00000106726473794164","0,00000531546653020556","0,00000171976526382877","0,00000547646374471080","0,00000063086176197592"
"0,31165008179342468200","0,00000149494082769844","0,00000001684216593102","0,00000028335854819794","0,00000001147574403727","0,00000001100351462441","0,00000012370539974007","0,00000005172638471275","0,00000360460545310211","0,00000227837474127009","0,00000371108759219201","0,00000170806223819969","0,00000223302824507750","0,00000002950078807493","0,00000211159823904858","0,00000001244897591089","0,00000107267233296418","0,00000532251204072036","0,00000172673412233941","0,00000550037124015426","0,00000063419009144533"
"0,31365400443073931900","0,00000149665915287484","0,00000001688649127645","0,00000028468371363581","0,00000001140521433010","0,00000001089815121831","0,00000012404522911175","0,00000005193717996347","0,00000361696086522752","0,00000228722986819309","0,00000372209067151752","0,00000171481208916937","0,00000223763854401498","0,00000002920083825811","0,00000212171235244782","0,00000001248494416406","0,00000107805760697957","0,00000532958840382188","0,00000173371328100483","0,00000552417784478626","0,00000063748648803279"
"0,31565792706805395600","0,00000149836769587936","0,00000001691611977393","0,00000028602087791718","0,00000001134596913118","0,00000001080916020733","0,00000012440266952390","0,00000005214680868703","0,00000362927722274045","0,00000229604623667475","0,00000373308866512624","0,00000172157020263594","0,00000224226026181170","0,00000002889866723611","0,00000213179819085315","0,00000001251580481211","0,00000108342055998781","0,00000533669561951013","0,00000174070273982504","0,00000554788355860679","0,00000064075095173831"
"0,31766184970536859300","0,00000150006645671197","0,00000001693105142345","0,00000028737004104207","0,00000001129800844051","0,00000001073654159146","0,00000012477772097652","0,00000005235527088343","0,00000364155452564092","0,00000230482384671508","0,00000374408157301817","0,00000172833657859940","0,00000224689339846765","0,00000002859427500893","0,00000214185575426455","0,00000001254155785504","0,00000108876119198889","0,00000534383368778511","0,00000174770249880004","0,00000557148838161587","0,00000064398348256188"
"0,31966577234268323000","0,00000150175543537270","0,00000001693128622501","0,00000028873120301046","0,00000001126133225808","0,00000001068029537071","0,00000012517038346960","0,00000005256256655266","0,00000365379277392892","0,00000231356269831408","0,00000375506939519331","0,00000173511121705974","0,00000225153795398283","0,00000002828766157656","0,00000215188504268204","0,00000001256220329285","0,00000109407950298282","0,00000535100260864681","0,00000175471255792983","0,00000559499231381348","0,00000064718408050350"
"0,32166969497999786700","0,00000150343463186153","0,00000001691682417860","0,00000029010436382236","0,00000001123594058390","0,00000001064042154507","0,00000012558065700316","0,00000005276869569473","0,00000366599196760444","0,00000232226279147174","0,00000376605213165167","0,00000174189411801698","0,00000225619392835725","0,00000002797882693901","0,00000216188605610562","0,00000001257774112554","0,00000109937549296959","0,00000535820238209523","0,00000176173291721440","0,00000561839535519964","0,00000065035274556318"
"0,32367361761731250300","0,00000150510404617847","0,00000001688766528424","0,00000029148952347777","0,00000001122183341798","0,00000001061692011455","0,00000012600854157719","0,00000005297365830964","0,00000367815210666750","0,00000233092412618806","0,00000377702978239325","0,00000174868528147110","0,00000226086132159090","0,00000002766777109628","0,00000217185879453527","0,00000001258817135310","0,00000110464916194921","0,00000536543300813038","0,00000176876357665377","0,00000564169750577433","0,00000065348947774092"
"0,32567754025462714000","0,00000150676367832352","0,00000001684380954191","0,00000029288668197669","0,00000001121901076029","0,00000001060979107914","0,00000012645403719168","0,00000005317745439739","0,00000369027319111809","0,00000233954670246304","0,00000378800234741803","0,00000175548470742211","0,00000226554013368379","0,00000002735449404836","0,00000218180325797101","0,00000001259349397555","0,00000110990050992167","0,00000537269448675226","0,00000177580453624792","0,00000566489876553756","0,00000065659427703671"
"0,32768146289194172200","0,00000150841352829667","0,00000001678525695163","0,00000029429583931911","0,00000001122747261086","0,00000001061903443884","0,00000012691714384664","0,00000005338008395797","0,00000370235522095621","0,00000234813052029670","0,00000379896982672603","0,00000176229239587001","0,00000227023036463590","0,00000002703899579526","0,00000219171944641283","0,00000001259370899287","0,00000111512953688698","0,00000537998681796086","0,00000178285579599686","0,00000568799913448933","0,00000065966714345056"
"0,32968538552925635800","0,00000151005359609793","0,00000001671200751338","0,00000029571699550504","0,00000001124721896967","0,00000001064465019366","0,00000012739786154208","0,00000005358154699139","0,00000371439819618186","0,00000235667557968901","0,00000380993222031725","0,00000176910834681479","0,00000227493201444726","0,00000002672127633698","0,00000220160735986074","0,00000001258881640507","0,00000112033624284513","0,00000538731000175619","0,00000178991735590059","0,00000571099861262964","0,00000066270807698246"
"0,33168930816657099500","0,00000151168388172730","0,00000001662406122718","0,00000029715015053448","0,00000001127824983674","0,00000001068663834359","0,00000012789619027798","0,00000005378184349765","0,00000372640211679503","0,00000236518188063999","0,00000382088952819168","0,00000177593256025647","0,00000227964508311784","0,00000002640133567351","0,00000221146699831473","0,00000001257881621216","0,00000112552062779612","0,00000539466403813825","0,00000179698921595911","0,00000573389719995849","0,00000066571707763241"
"0,33369323080388563200","0,00000151330438518477","0,00000001652141809301","0,00000029859530440742","0,00000001132056521205","0,00000001074499888863","0,00000012841213005435","0,00000005398097347675","0,00000373836698279574","0,00000237364942314963","0,00000383184175034932","0,00000178276503619503","0,00000228436957064766","0,00000002607917380486","0,00000222129836177480","0,00000001256370841412","0,00000113068269173997","0,00000540204892710703","0,00000180407137617241","0,00000575669489647588","0,00000066869414540042"
"0,33569715344120026900","0,00000151491510647035","0,00000001640407811088","0,00000030005245712388","0,00000001137416509561","0,00000001081973182879","0,00000012894568087119","0,00000005417893692868","0,00000375029279418398","0,00000238207820721794","0,00000384278888679018","0,00000178960577463048","0,00000228910547703671","0,00000002575479073102","0,00000223110145024095","0,00000001254349301096","0,00000113582243467665","0,00000540946466866253","0,00000181116383654051","0,00000577939170218181","0,00000067163928028649"
"0,33770107607851490600","0,00000151651604558404","0,00000001627204128079","0,00000030152160868384","0,00000001143904948741","0,00000001091083716407","0,00000012949684272849","0,00000005437573385345","0,00000376217955095975","0,00000239046823284491","0,00000385373093751424","0,00000179645477556282","0,00000229385280228500","0,00000002542818645201","0,00000224087626371318","0,00000001251817000268","0,00000114093985660618","0,00000541691126280477","0,00000181826659706339","0,00000580198761707628","0,00000067455248229061"
"0,33970499871582954200","0,00000151810720252583","0,00000001612530760275","0,00000030300275908731","0,00000001151521838747","0,00000001101831489446","0,00000013006561562627","0,00000005457136425106","0,00000377402725312305","0,00000239881950003055","0,00000386466790252153","0,00000180331203899204","0,00000229861154639252","0,00000002509936096781","0,00000225062280219150","0,00000001248773938928","0,00000114603495752856","0,00000542438870953372","0,00000182537965774107","0,00000582448264115928","0,00000067743375141278"
"0,34170892135314412400","0,00000151968857729573","0,00000001596387707674","0,00000030449590833428","0,00000001160267179577","0,00000001114216501996","0,00000013065199956451","0,00000005476582812151","0,00000378583590067388","0,00000240713200877485","0,00000387559978181203","0,00000181017756491816","0,00000230338170935927","0,00000002476831427842","0,00000226034106567590","0,00000001245220117076","0,00000115110773744378","0,00000543189700884941","0,00000183250301857353","0,00000584687677443083","0,00000068028308765301"
"0,34371284399045876100","0,00000152126016989374","0,00000001578774970277","0,00000030600105642477","0,00000001170140971232","0,00000001128238754057","0,00000013125599454323","0,00000005495912546479","0,00000379760549361224","0,00000241540575907781","0,00000388652657538574","0,00000181705135334116","0,00000230816329118526","0,00000002443504638385","0,00000227003105416639","0,00000001241155534712","0,00000115615819635185","0,00000543943616075182","0,00000183963667956078","0,00000586917001689091","0,00000068310049101130"
"0,34571676662777339700","0,00000152282198031985","0,00000001559692548084","0,00000030751820335876","0,00000001181143213712","0,00000001143898245630","0,00000013187760056241","0,00000005515125628092","0,00000380933603193813","0,00000242364075093944","0,00000389744828324266","0,00000182393340426105","0,00000231295629187048","0,00000002409955728410","0,00000227969276766296","0,00000001236580191835","0,00000116118633425276","0,00000544700616524095","0,00000184678064070281","0,00000589136236853953","0,00000068588596148764"
"0,34772068926508803400","0,00000152437400857407","0,00000001539140441095","0,00000030904734913626","0,00000001193273907017","0,00000001161194976715","0,00000013251681762206","0,00000005534222056987","0,00000382102751565155","0,00000243183698435973","0,00000390836490538280","0,00000183082371767783","0,00000231776071141494","0,00000002376184697917","0,00000228932620616561","0,00000001231494088447","0,00000116619215114652","0,00000545460702231681","0,00000185393490199964","0,00000591345382937670","0,00000068863949908204"
"0,34972461190240267100","0,00000152591625465640","0,00000001517118649310","0,00000031058849375726","0,00000001206533051147","0,00000001180128947310","0,00000013317364572218","0,00000005553201833167","0,00000383267994475250","0,00000243999445933869","0,00000391927644180615","0,00000183772229359149","0,00000232257654981862","0,00000002342191546905","0,00000229893136967434","0,00000001225897224547","0,00000117117564703312","0,00000546223873197940","0,00000186109946345125","0,00000593544439940240","0,00000069136110379449"
"0,35172853453971730800","0,00000152745639730865","0,00000001495168052446","0,00000031212805704342","0,00000001219750901489","0,00000001199103362291","0,00000013383042630610","0,00000005572110315293","0,00000384433698478510","0,00000244814465740161","0,00000393017096182780","0,00000184460067079135","0,00000232737507242189","0,00000002308606183969","0,00000230850555936662","0,00000001220257426180","0,00000117615686563032","0,00000546986234912633","0,00000186825681333453","0,00000595737396336652","0,00000069408499061746"
"0,35373245717703194500","0,00000152900211527265","0,00000001474829530221","0,00000031365245881636","0,00000001231757713432","0,00000001216521426530","0,00000013446950081716","0,00000005590992862029","0,00000385604230129346","0,00000245631906007379","0,00000394103653476282","0,00000185143038806670","0,00000233212754456508","0,00000002276058517703","0,00000231804607641992","0,00000001215042519393","0,00000118115585065586","0,00000547743892865525","0,00000187538943992634","0,00000597928240601895","0,00000069684537454342"
"0,35573637981434658200","0,00000153055340854839","0,00000001456103082635","0,00000031516169907610","0,00000001242553486976","0,00000001232383140028","0,00000013509086925534","0,00000005609849473374","0,00000386779589427757","0,00000246451766735522","0,00000395187316061122","0,00000185821144541755","0,00000233683396624819","0,00000002244548548107","0,00000232755292083424","0,00000001210252504185","0,00000118617260210975","0,00000548496847056614","0,00000188249734322668","0,00000600116972735968","0,00000069964225557237"
"0,35774030245166116300","0,00000153211027713587","0,00000001438988709688","0,00000031665577782263","0,00000001252138222120","0,00000001246688502784","0,00000013569453162065","0,00000005628680149328","0,00000387959776373745","0,00000247274047924592","0,00000396268083937298","0,00000186494384284390","0,00000234149433747122","0,00000002214076275181","0,00000233702609260958","0,00000001205887380556","0,00000119120711999198","0,00000549245097485901","0,00000188958052323556","0,00000602303592738871","0,00000070247563370432"
"0,35974422508897580000","0,00000153367272103509","0,00000001423486411379","0,00000031813469505595","0,00000001260511918865","0,00000001259437514798","0,00000013628048791310","0,00000005647484889891","0,00000389144790967308","0,00000248098749574587","0,00000397345957104812","0,00000187162758034574","0,00000234610865823418","0,00000002184641698926","0,00000234646559174593","0,00000001201947148508","0,00000119625940430256","0,00000549988644153385","0,00000189663897995297","0,00000604488100610605","0,00000070534550893925"
"0,36174814772629043600","0,00000153524074024606","0,00000001409596187709","0,00000031959845077607","0,00000001267674577210","0,00000001270630176071","0,00000013684873813267","0,00000005666263695064","0,00000390334633208447","0,00000248925871685509","0,00000398420935563664","0,00000187826265792308","0,00000235067692853705","0,00000002156244819340","0,00000235587141824331","0,00000001198431808038","0,00000120132945504149","0,00000550727487059068","0,00000190367271337892","0,00000606670496351169","0,00000070825188127717"
"0,36375207036360507300","0,00000153681433476876","0,00000001397318038678","0,00000032104704498297","0,00000001273626197156","0,00000001280266486602","0,00000013739928227938","0,00000005685016564846","0,00000391529303097162","0,00000249755414257356","0,00000399493019313853","0,00000188484907557591","0,00000235519914837985","0,00000002128885636424","0,00000236524357210170","0,00000001195341359148","0,00000120641727220876","0,00000551461626202947","0,00000191068172351340","0,00000608850779960564","0,00000071119475071809"
"0,36575599300091971000","0,00000153839350460322","0,00000001386651964286","0,00000032248047767667","0,00000001278366778703","0,00000001288346446392","0,00000013793212035322","0,00000005703743499238","0,00000392728800633453","0,00000250587377290129","0,00000400562208355379","0,00000189138683330424","0,00000235967531776258","0,00000002102564150179","0,00000237458205332110","0,00000001192675801837","0,00000121152285580437","0,00000552191061585025","0,00000191766601035641","0,00000611028951438789","0,00000071417411726199"
"0,36775991563823434700","0,00000153997824974941","0,00000001377597964533","0,00000032389874885715","0,00000001281896321851","0,00000001294870055440","0,00000013844725235419","0,00000005722444498238","0,00000393933125817320","0,00000251421760783828","0,00000401628502688243","0,00000189787593110806","0,00000236410543668522","0,00000002077280360604","0,00000238388686190153","0,00000001190435136106","0,00000121664620582833","0,00000552915793205300","0,00000192462557390796","0,00000613205010785845","0,00000071718998090888"
"0,36976383827554898400","0,00000154156857020735","0,00000001370156039418","0,00000032530185852443","0,00000001284214826599","0,00000001299837313747","0,00000013894467828229","0,00000005741119561848","0,00000395142278648763","0,00000252258564738453","0,00000402691902312443","0,00000190431636898738","0,00000236848950514779","0,00000002053034267698","0,00000239315799784297","0,00000001188619361955","0,00000122178732228064","0,00000553635821063773","0,00000193156041416805","0,00000615378958001731","0,00000072024234165876"
"0,37176776091286356500","0,00000154316446597703","0,00000001364326188942","0,00000032668980667850","0,00000001285322292948","0,00000001303248221312","0,00000013942439813752","0,00000005759768690068","0,00000396356259127781","0,00000253097789154004","0,00000403752407227982","0,00000191070814694220","0,00000237282752315028","0,00000002029825871463","0,00000240239546114543","0,00000001187228479382","0,00000122694620516129","0,00000554351145160444","0,00000193847053113666","0,00000617550793086447","0,00000072333119951164"
"0,37377168355017820200","0,00000154476593705845","0,00000001360108413105","0,00000032806259331936","0,00000001285218720897","0,00000001305102778135","0,00000013988641191988","0,00000005778391882896","0,00000397575067254376","0,00000253939434030481","0,00000404810017434857","0,00000191705126497251","0,00000237711949069269","0,00000002007655171898","0,00000241159925180891","0,00000001186262488390","0,00000123212285447029","0,00000555061765495312","0,00000194535592481382","0,00000619720516039994","0,00000072645655446750"
"0,37577560618749283900","0,00000154637298345161","0,00000001357502711907","0,00000032942021844701","0,00000001283904110448","0,00000001305400984217","0,00000014033071962938","0,00000005796989140334","0,00000398798703028546","0,00000254783499367883","0,00000405864732933070","0,00000192334572307831","0,00000238136540777502","0,00000001986522169003","0,00000242076936983341","0,00000001185721388976","0,00000123731727020764","0,00000555767682068378","0,00000195221659519950","0,00000621888126862371","0,00000072961840652635"
"0,37777952882480747600","0,00000154798560515652","0,00000001356509085347","0,00000033076268206146","0,00000001281378461598","0,00000001304142839557","0,00000014075732126600","0,00000005815560462382","0,00000400027166450293","0,00000255629985166212","0,00000406916553722621","0,00000192959152125962","0,00000238556527439727","0,00000001966426862778","0,00000242990581521892","0,00000001185605181142","0,00000124252945237333","0,00000556468894879641","0,00000195905254229372","0,00000624053625553579","0,00000073281675568820"
"0,37978345146212211200","0,00000154960380217317","0,00000001357127533426","0,00000033208998416269","0,00000001277641774350","0,00000001301328344156","0,00000014116621682976","0,00000005834105849038","0,00000401260457519615","0,00000256478891425466","0,00000407965479803509","0,00000193578865951642","0,00000238971909055945","0,00000001947369253223","0,00000243900858796545","0,00000001185913864888","0,00000124775940096736","0,00000557165403929103","0,00000196586376609648","0,00000626217012113617","0,00000073605160195303"
"0,38178737409943674900","0,00000155122757450156","0,00000001359358056144","0,00000033340212475072","0,00000001272694048702","0,00000001296957498013","0,00000014155740632065","0,00000005852625300304","0,00000402498576236513","0,00000257330218145647","0,00000409011511175734","0,00000194193713784871","0,00000239382685626155","0,00000001929349340338","0,00000244807768807300","0,00000001186647440213","0,00000125300711598974","0,00000557857209216762","0,00000197265026660776","0,00000628378286542485","0,00000073932294532085"
"0,38379129673675138600","0,00000155285692214170","0,00000001363200653501","0,00000033469910382554","0,00000001266535284655","0,00000001291030301129","0,00000014193088973866","0,00000005871118816179","0,00000403741522600988","0,00000258183965326753","0,00000410054647839296","0,00000194803695625650","0,00000239788857150357","0,00000001912367124123","0,00000245711311554157","0,00000001187805907118","0,00000125827259744047","0,00000558544310742618","0,00000197941204382759","0,00000630537448840184","0,00000074263078579167"
"0,38579521937406602300","0,00000155449184509357","0,00000001368655325497","0,00000033598092138715","0,00000001259165482208","0,00000001283546753503","0,00000014228666708381","0,00000005889586396664","0,00000404989296613038","0,00000259040132968785","0,00000411094889794196","0,00000195408811473979","0,00000240190423628552","0,00000001896422604579","0,00000246611487037116","0,00000001189389265601","0,00000126355584531954","0,00000559226708506673","0,00000198614909775594","0,00000632694499006713","0,00000074597512336547"
"0,38779914201138060400","0,00000155613234335719","0,00000001375722072131","0,00000033724757743555","0,00000001250584641362","0,00000001274506855135","0,00000014262473835609","0,00000005908028041758","0,00000406241898272664","0,00000259898721071743","0,00000412132237040433","0,00000196009061329857","0,00000240587385060738","0,00000001881515781704","0,00000247508295256176","0,00000001191397515665","0,00000126885685962696","0,00000559904402508925","0,00000199286142839284","0,00000634849437042073","0,00000074935595804226"
"0,38980306464869524100","0,00000155777841693256","0,00000001384400893404","0,00000033849907197074","0,00000001240792762117","0,00000001263910606026","0,00000014294510355551","0,00000005926443751461","0,00000407499327579865","0,00000260759729635627","0,00000413166689578008","0,00000196604445193284","0,00000240979741446917","0,00000001867646655500","0,00000248401736211338","0,00000001193830657308","0,00000127417564036272","0,00000560577392749375","0,00000199954903573826","0,00000637002262946263","0,00000075277328982204"
"0,39180698728600987800","0,00000155943006581966","0,00000001394691789316","0,00000033973540499273","0,00000001229789844472","0,00000001251758006175","0,00000014324776268205","0,00000005944833525774","0,00000408761584534643","0,00000261623158660437","0,00000414198247406920","0,00000197194963064262","0,00000241367492787088","0,00000001854815225965","0,00000249291809902602","0,00000001196688690530","0,00000127951218752683","0,00000561245679228022","0,00000200621191979222","0,00000639152976719283","0,00000075622711870482"
"0,39381090992332451500","0,00000156108729001851","0,00000001406594759867","0,00000034095657650150","0,00000001217575888428","0,00000001238049055583","0,00000014353271573572","0,00000005963197364696","0,00000410028669136997","0,00000262489008146173","0,00000415226910527169","0,00000197780614942789","0,00000241750639081252","0,00000001843021493101","0,00000250178516329967","0,00000001199971615332","0,00000128486650111928","0,00000561909261944867","0,00000201285008055471","0,00000641301578361134","0,00000075971744469058"
"0,39581483256063915100","0,00000156275008952910","0,00000001420109805057","0,00000034216258649707","0,00000001204150893985","0,00000001222783754249","0,00000014379996271653","0,00000005981535268227","0,00000411300581386927","0,00000263357278092834","0,00000416252678938756","0,00000198361400828865","0,00000242129180329407","0,00000001832265456906","0,00000251061855493435","0,00000001203679431713","0,00000129023858114008","0,00000562568140899910","0,00000201946351802574","0,00000643448067871815","0,00000076324426777933"
"0,39781875519795378800","0,00000156441846435143","0,00000001435236924885","0,00000034335343497943","0,00000001189514861142","0,00000001205962102173","0,00000014404950362446","0,00000005999847236367","0,00000412577321284432","0,00000264227968500422","0,00000417275552641680","0,00000198937320722491","0,00000242503116531555","0,00000001822547117382","0,00000251941827393004","0,00000001207812139674","0,00000129562842758923","0,00000563222316093150","0,00000202605223220530","0,00000645592445251327","0,00000076680758797108"
"0,39982267783526842500","0,00000156609241448551","0,00000001451976119352","0,00000034452912194858","0,00000001173667789900","0,00000001187584099356","0,00000014428133845953","0,00000006018133269117","0,00000413858888829514","0,00000265101079368935","0,00000418295531635941","0,00000199508374623667","0,00000242872447687695","0,00000001813866474528","0,00000252818432028675","0,00000001212369739214","0,00000130103604046672","0,00000563871787524588","0,00000203261622309340","0,00000647734710499669","0,00000077040740526581"
"0,40182660047258300600","0,00000156775183021056","0,00000001469010768604","0,00000034570342088983","0,00000001158035955426","0,00000001169322905346","0,00000014451328427995","0,00000006036301959431","0,00000415138795679381","0,00000265973166549797","0,00000419313259209850","0,00000200076899640520","0,00000243241331914524","0,00000001805880689995","0,00000253692602958646","0,00000001216842837441","0,00000130643653034585","0,00000564520668897647","0,00000203916961669343","0,00000649870711679186","0,00000077399841747098"
"0,40383052310989764300","0,00000156937660180580","0,00000001485024252788","0,00000034689010528848","0,00000001144045632888","0,00000001152851679692","0,00000014476315814396","0,00000006054261900265","0,00000416410553491245","0,00000266840785894431","0,00000420329378651717","0,00000200645232881180","0,00000243613927328738","0,00000001798246925435","0,00000254565273741115","0,00000001220722041463","0,00000131180500779990","0,00000565173073915747","0,00000204572653900880","0,00000651996296852225","0,00000077753532239404"
"0,40583444574721228000","0,00000157096672927124","0,00000001500016571904","0,00000034808917514454","0,00000001131696822285","0,00000001138170422393","0,00000014503096005155","0,00000006072013091617","0,00000417674162265105","0,00000267703937402837","0,00000421343889961543","0,00000201213374345646","0,00000243990233930337","0,00000001790965180847","0,00000255436444376083","0,00000001224007351279","0,00000131714147282887","0,00000565829002578889","0,00000205228699003951","0,00000654111466018784","0,00000078101812003499"
"0,40783836838452691700","0,00000157252221260688","0,00000001513987725951","0,00000034930063045800","0,00000001120989523618","0,00000001125279133450","0,00000014531669000273","0,00000006089555533489","0,00000418929622000962","0,00000268562621075013","0,00000422356793139326","0,00000201781324033917","0,00000244370251719321","0,00000001784035456231","0,00000256306114863549","0,00000001226698766890","0,00000132244592543276","0,00000566488454887073","0,00000205885096978556","0,00000656216219178864","0,00000078444681039383"
"0,40984229102184155400","0,00000157404305181272","0,00000001526937714930","0,00000035052447122887","0,00000001111923736887","0,00000001114177812862","0,00000014562034799749","0,00000006106889225881","0,00000420176932698815","0,00000269416836910962","0,00000423368088185067","0,00000202349081945996","0,00000244753980695691","0,00000001777457751588","0,00000257174285203514","0,00000001228796288295","0,00000132771836561159","0,00000567151430840300","0,00000206541847824694","0,00000658310556332464","0,00000078782139347056"
"0,41184621365915619100","0,00000157552924688876","0,00000001538866538841","0,00000035176069745715","0,00000001104499462091","0,00000001104866460630","0,00000014594193403583","0,00000006124014168792","0,00000421416094358664","0,00000270266584910682","0,00000424377775098766","0,00000202916648081880","0,00000245141420859446","0,00000001771232066917","0,00000258040955395977","0,00000001230299915496","0,00000133295879336533","0,00000567817930438569","0,00000207198951542367","0,00000660394477479586","0,00000079114186926517"
"0,41385013629647082700","0,00000157698079783499","0,00000001549774197684","0,00000035300930914283","0,00000001098716699231","0,00000001097345076754","0,00000014628144811776","0,00000006140930362222","0,00000422647106980509","0,00000271111865074174","0,00000425385853880424","0,00000203484022441570","0,00000245532572210587","0,00000001765358402219","0,00000258906125440939","0,00000001231209648490","0,00000133816720869400","0,00000568487953681879","0,00000207856408131573","0,00000662467982620228","0,00000079440823777767"
"0,41585405893378546400","0,00000157839770465142","0,00000001559660691458","0,00000035427030628591","0,00000001094575448306","0,00000001091613661233","0,00000014663889024327","0,00000006157637806172","0,00000423869970564351","0,00000271952677401437","0,00000426392324530039","0,00000204051205025066","0,00000245927434749112","0,00000001759836757493","0,00000259769795338399","0,00000001231525487280","0,00000134334361159759","0,00000569161500570232","0,00000208514217592313","0,00000664531071754391","0,00000079762049900806"
"0,41785798157110004600","0,00000157977996733805","0,00000001568526020164","0,00000035554368888640","0,00000001092075709317","0,00000001087672214068","0,00000014701426041237","0,00000006174136500640","0,00000425084685110189","0,00000272789021892472","0,00000427397187047612","0,00000204618195832369","0,00000246326008475023","0,00000001754667132740","0,00000260631965088357","0,00000001231247431864","0,00000134848800207610","0,00000569838571103627","0,00000209172379924587","0,00000666583744882074","0,00000080077865295634"
"0,41986190420841468200","0,00000158112758589487","0,00000001576370183801","0,00000035682945694430","0,00000001091217482263","0,00000001085520735258","0,00000014740755862505","0,00000006190426445629","0,00000426291250618024","0,00000273620898547278","0,00000428400441433144","0,00000205184994863477","0,00000246728293388319","0,00000001749849527959","0,00000261492634690814","0,00000001230375482242","0,00000135360038012954","0,00000570519165282064","0,00000209830895128395","0,00000668626002003279","0,00000080388269962251"
"0,42186582684572931900","0,00000158244056032190","0,00000001583193182371","0,00000035812761045960","0,00000001092000767145","0,00000001085159224804","0,00000014781878488131","0,00000006206507641136","0,00000427489667087855","0,00000274448307365856","0,00000429402087686633","0,00000205751602118392","0,00000247134289489001","0,00000001745383943151","0,00000262351804145769","0,00000001228909638416","0,00000135868074575790","0,00000571203283105544","0,00000210489763203736","0,00000670657843118004","0,00000080693263900657"
"0,42386974948304395600","0,00000158371889061912","0,00000001588995015872","0,00000035943814943231","0,00000001094425563963","0,00000001086587682705","0,00000014824793918116","0,00000006222380087163","0,00000428679934519682","0,00000275271248348206","0,00000430402125808081","0,00000206318017597113","0,00000247543996777068","0,00000001741270378315","0,00000263209473453223","0,00000001226849900383","0,00000136372909896119","0,00000571890924574065","0,00000211148984150612","0,00000672679268226249","0,00000080992847110851"
"0,42587367212035859300","0,00000158496257678654","0,00000001593775684304","0,00000036076107386242","0,00000001098491872716","0,00000001089806108962","0,00000014869502152459","0,00000006238043783710","0,00000429862052913506","0,00000276089721494327","0,00000431400555797486","0,00000206884241299640","0,00000247957415252520","0,00000001737508833452","0,00000264065642613175","0,00000001224196268146","0,00000136874543973940","0,00000572582089687629","0,00000211808557969021","0,00000674690277328016","0,00000081287019592835"
"0,42787759475767323000","0,00000158617161882416","0,00000001597535187669","0,00000036209638374994","0,00000001104199693405","0,00000001094814503575","0,00000014916003191160","0,00000006253498730775","0,00000431036022269326","0,00000276903726804220","0,00000432397377654850","0,00000207450273225973","0,00000248374544915357","0,00000001734099308561","0,00000264920311625625","0,00000001220948741703","0,00000137372976809253","0,00000573276778446234","0,00000212468484658964","0,00000676690870423303","0,00000081575781346607"
"0,42988151739498786600","0,00000158734601673197","0,00000001600273525965","0,00000036344407909486","0,00000001111549026030","0,00000001101612866543","0,00000014964297034220","0,00000006268744928360","0,00000432201842587142","0,00000277713264277884","0,00000433392591380171","0,00000208016113376112","0,00000248795385765579","0,00000001731041803642","0,00000265773480490574","0,00000001217107321054","0,00000137868208402059","0,00000573974990849882","0,00000213128764220441","0,00000678681047512112","0,00000081859132372168"
"0,43188544003230244800","0,00000158848577050998","0,00000001601990699192","0,00000036480415989719","0,00000001120539870590","0,00000001110201197867","0,00000015014383681638","0,00000006283782376464","0,00000433359513866954","0,00000278518333915320","0,00000434386196973451","0,00000208581761750057","0,00000249219937803187","0,00000001728336318696","0,00000266625149208022","0,00000001212672006201","0,00000138360238752357","0,00000574676726898572","0,00000213789396653451","0,00000680660808594440","0,00000082137072669518"
"0,43388936266961708500","0,00000158959088015820","0,00000001602686707352","0,00000036617662615692","0,00000001131172227085","0,00000001120579497547","0,00000015066263133415","0,00000006298611075088","0,00000434509036108763","0,00000279318935716528","0,00000435378194434688","0,00000209147218347809","0,00000249648201028180","0,00000001725982853722","0,00000267475317777967","0,00000001207642797141","0,00000138849067860148","0,00000575381986592304","0,00000214450381957996","0,00000682630153670290","0,00000082409602238657"
"0,43589328530693172100","0,00000159066134567660","0,00000001602361550443","0,00000036756147787406","0,00000001143446095517","0,00000001132747765582","0,00000015119935389550","0,00000006313231024231","0,00000435650409312569","0,00000280115069681507","0,00000436368583763884","0,00000209712483169366","0,00000250080175440559","0,00000001723981408721","0,00000268323986200412","0,00000001202019693877","0,00000139334695725430","0,00000576090769931078","0,00000215111720134074","0,00000684589082739660","0,00000082676721079584"
"0,43789720794424635800","0,00000159169716706521","0,00000001601015228466","0,00000036895871504860","0,00000001157361475883","0,00000001146706001972","0,00000015175400450044","0,00000006327642223894","0,00000436783633478370","0,00000280906735810257","0,00000437357364961038","0,00000210277556214730","0,00000250515861040322","0,00000001722331983692","0,00000269171154475354","0,00000001195802696407","0,00000139817122348206","0,00000576803076914894","0,00000215773411181686","0,00000686537595802551","0,00000082938429192301"
"0,43990113058156099500","0,00000159269834432401","0,00000001598647741420","0,00000037036833768055","0,00000001172918368186","0,00000001162454206719","0,00000015232658314895","0,00000006341844674075","0,00000437908708606168","0,00000281693934102780","0,00000438344538026149","0,00000210842437483900","0,00000250955257827471","0,00000001721034578636","0,00000270016822602795","0,00000001188991804732","0,00000140296347728473","0,00000577518907543752","0,00000216435455100833","0,00000688475692858963","0,00000083194726576806"
"0,44190505321887563200","0,00000159366487745302","0,00000001595259089306","0,00000037179034576991","0,00000001190116772424","0,00000001179992379821","0,00000015291708984106","0,00000006355838374776","0,00000439025634695962","0,00000282476664559073","0,00000439330102959219","0,00000211407126976875","0,00000251398365802005","0,00000001720089193552","0,00000270860990582735","0,00000001181587018851","0,00000140772371866233","0,00000578238261817653","0,00000217097851891512","0,00000690403373908896","0,00000083445613233100"
"0,44390897585619026900","0,00000159459676645221","0,00000001590849272124","0,00000037322473931667","0,00000001208956688598","0,00000001199320521278","0,00000015352552457674","0,00000006369623325997","0,00000440134411747753","0,00000283254927179139","0,00000440314059760247","0,00000211971624693657","0,00000251845184963925","0,00000001719495828441","0,00000271703658415172","0,00000001173588338765","0,00000141245194761485","0,00000578961139736596","0,00000217760601553726","0,00000692320638952349","0,00000083691089161183"
"0,44591289849350490600","0,00000159549401132161","0,00000001585418289874","0,00000037467151832083","0,00000001229438116707","0,00000001220438631091","0,00000015415188735601","0,00000006383199527737","0,00000441235039761540","0,00000284028721962976","0,00000441296408429233","0,00000212535930634246","0,00000252295715313229","0,00000001719254483302","0,00000272544826100109","0,00000001164995764473","0,00000141714816414230","0,00000579687541300580","0,00000218423704087474","0,00000694227487989323","0,00000083931154361055"
"0,44791682113081948700","0,00000159635661206121","0,00000001578966142555","0,00000037613068278241","0,00000001251561056752","0,00000001243346709260","0,00000015479617817887","0,00000006396566979996","0,00000442327518737323","0,00000284798048910584","0,00000442277148966177","0,00000213100044798640","0,00000252749956849919","0,00000001719365158135","0,00000273384493637543","0,00000001155809295976","0,00000142181236824467","0,00000580417466509607","0,00000219087159492755","0,00000696123921019818","0,00000084165808832716"
"0,44992074376813412400","0,00000159718456867100","0,00000001571492830168","0,00000037760223270138","0,00000001275325508732","0,00000001268044755784","0,00000015545839704530","0,00000006409725682774","0,00000443411848675103","0,00000285562908021965","0,00000443256281371078","0,00000213663967186840","0,00000253207909573995","0,00000001719827852941","0,00000274222661027476","0,00000001146028933274","0,00000142644455992197","0,00000581150915363676","0,00000219750967769570","0,00000698009938043833","0,00000084395052576165"
"0,45192466640544876000","0,00000159801193167591","0,00000001564254650541","0,00000037906605540736","0,00000001298208932716","0,00000001292046299893","0,00000015611894467273","0,00000006424004405596","0,00000444495219135107","0,00000286326311079103","0,00000444231808723553","0,00000214224564412722","0,00000253663704159248","0,00000001719977920061","0,00000275060530647219","0,00000001137041656177","0,00000143107184280144","0,00000581881856502529","0,00000220413207128720","0,00000699893384676884","0,00000084625178803181"
"0,45392858904276339700","0,00000159887275160088","0,00000001558507901502","0,00000038050203822995","0,00000001317688788772","0,00000001312864870816","0,00000015675822177857","0,00000006440731917985","0,00000445584819677563","0,00000287091269863987","0,00000445201734103214","0,00000214778703090161","0,00000254111471279474","0,00000001719150711834","0,00000275899304874083","0,00000001130234444496","0,00000143572132051034","0,00000582604258565909","0,00000221071955781004","0,00000701782106534486","0,00000084862480725539"
"0,45593251168007803400","0,00000159976702844589","0,00000001554252583051","0,00000038191018116914","0,00000001333765076900","0,00000001330500468553","0,00000015737622836280","0,00000006459908219941","0,00000446680650302472","0,00000287857784376616","0,00000446166057510062","0,00000215326383219157","0,00000254551210934671","0,00000001717346228261","0,00000276738983708067","0,00000001125607298232","0,00000144039299304868","0,00000583318121553815","0,00000221727213726423","0,00000703676103616637","0,00000085106958343241"
"0,45793643431739267100","0,00000160069476221095","0,00000001551488695188","0,00000038329048422494","0,00000001346437797100","0,00000001344953093104","0,00000015797296442543","0,00000006481533311464","0,00000447782711009834","0,00000288625854616990","0,00000447124778944097","0,00000215867604799710","0,00000254982923124839","0,00000001714564469343","0,00000277579567149173","0,00000001123160217385","0,00000144508686041645","0,00000584023445466248","0,00000222378980964977","0,00000705575375923340","0,00000085358611656285"
"0,45994035695470730800","0,00000160165595289606","0,00000001550216237913","0,00000038464294739735","0,00000001355706949372","0,00000001356222744469","0,00000015854842996646","0,00000006505607192554","0,00000448891001799647","0,00000289395480585110","0,00000448077898405319","0,00000216402367831820","0,00000255406607849979","0,00000001710805435079","0,00000278421055197399","0,00000001122893201953","0,00000144980292261365","0,00000584720230303207","0,00000223027257496666","0,00000707479923454592","0,00000085617440664673"
"0,46194427959202194500","0,00000160265060050122","0,00000001550435211226","0,00000038596757068636","0,00000001361572533715","0,00000001364309422647","0,00000015910262498590","0,00000006532129863211","0,00000450005522671914","0,00000290166662280974","0,00000449025415893728","0,00000216930672315488","0,00000255822265110091","0,00000001706069125468","0,00000279263447852746","0,00000001124806251938","0,00000145454117964028","0,00000585408476064692","0,00000223672043321489","0,00000709389746210395","0,00000085883445368403"
"0,46394820222933652600","0,00000160367870502642","0,00000001552145615127","0,00000038726435409198","0,00000001364034550131","0,00000001369213127640","0,00000015963554948374","0,00000006561101323436","0,00000451126273626632","0,00000290939399704584","0,00000449967331409324","0,00000217452518250712","0,00000256229894905174","0,00000001700355540512","0,00000280106745115215","0,00000001128899367340","0,00000145930163149635","0,00000586088182750704","0,00000224313338439447","0,00000711304844190748","0,00000086156625767476"
"0,46595212486665116300","0,00000160474026647167","0,00000001555347449616","0,00000038853329761420","0,00000001363092998618","0,00000001370933859447","0,00000016014720345997","0,00000006592521573227","0,00000452253254663803","0,00000291713692855939","0,00000450903644952107","0,00000217967905637493","0,00000256629497235229","0,00000001693664680210","0,00000280950946984804","0,00000001135172548157","0,00000146408427818184","0,00000586759350361242","0,00000224951142850540","0,00000713225217395652","0,00000086436981861893"
"0,46795604750396580000","0,00000160583528483697","0,00000001560040714693","0,00000038977440125303","0,00000001358747879177","0,00000001369471618068","0,00000016063758691461","0,00000006626390612586","0,00000453386465783427","0,00000292489541735040","0,00000451834356522077","0,00000218476834475831","0,00000257021072100255","0,00000001685996544562","0,00000281796053461513","0,00000001143625794391","0,00000146888911969677","0,00000587421978896307","0,00000225585456554768","0,00000715150865825105","0,00000086724513651652"
"0,46995997014128043600","0,00000160696376012232","0,00000001566225410358","0,00000039098766500846","0,00000001350999191808","0,00000001364826403503","0,00000016110669984765","0,00000006662708441512","0,00000454525906985503","0,00000293266946341885","0,00000452759466119234","0,00000218979304765727","0,00000257404619500253","0,00000001677351133568","0,00000282642064545344","0,00000001154259106042","0,00000147371615604114","0,00000588076068355898","0,00000226216279552131","0,00000717081789479110","0,00000087019221136755"
"0,47196389277859507300","0,00000160812569232772","0,00000001573901536611","0,00000039217308888050","0,00000001339846936511","0,00000001356998215752","0,00000016155454225909","0,00000006701475060005","0,00000455671578270032","0,00000294045906676476","0,00000453678973743577","0,00000219475316507179","0,00000257780139435223","0,00000001667728447228","0,00000283488980236296","0,00000001167072483109","0,00000147856538721493","0,00000588721618740016","0,00000226843611842628","0,00000719017988357664","0,00000087321104317200"
"0,47396781541590971000","0,00000160932108145316","0,00000001583069093452","0,00000039333067286915","0,00000001325291113286","0,00000001345987054814","0,00000016198111414893","0,00000006742690468065","0,00000456823479637013","0,00000294826422738812","0,00000454592879395108","0,00000219964869700188","0,00000258147631905164","0,00000001657128485542","0,00000284336800534368","0,00000001182065925592","0,00000148343681321816","0,00000589358630048660","0,00000227467453426260","0,00000720959462460769","0,00000087630163192988"
"0,47597173805322434700","0,00000161054992749866","0,00000001593728080881","0,00000039446041697440","0,00000001307331722133","0,00000001331792920691","0,00000016238641551717","0,00000006786354665692","0,00000457981611086446","0,00000295608494528893","0,00000455501183073825","0,00000220447964344755","0,00000258507096910077","0,00000001645551248510","0,00000285185525439562","0,00000001199239433492","0,00000148833043405082","0,00000589987102281830","0,00000228087804303027","0,00000722906211788424","0,00000087946397764120"
"0,47797566069053892800","0,00000161181223046420","0,00000001605878498898","0,00000039556232119626","0,00000001285968763051","0,00000001314415813382","0,00000016277044636382","0,00000006832467652886","0,00000459145972618332","0,00000296392122046720","0,00000456403884779730","0,00000220924600440878","0,00000258858534449961","0,00000001632996736133","0,00000286035154951876","0,00000001218593006808","0,00000149324624971291","0,00000590607035439527","0,00000228704664472929","0,00000724858236340630","0,00000088269808030594"
"0,47997958332785356500","0,00000161310799034979","0,00000001619520347503","0,00000039663638553472","0,00000001261202236042","0,00000001293855732886","0,00000016313320668886","0,00000006881029429648","0,00000460316564232670","0,00000297177305292291","0,00000457300984512821","0,00000221394777988559","0,00000259201944524817","0,00000001619464948409","0,00000286885689071311","0,00000001240126645540","0,00000149818426020443","0,00000591218429521750","0,00000229318033935966","0,00000726815536117386","0,00000088600393992411"
"0,48198350596516820200","0,00000161443720715543","0,00000001634653626696","0,00000039768260998979","0,00000001233032141104","0,00000001270112679205","0,00000016347469649230","0,00000006932039995976","0,00000461493385929461","0,00000297964044265608","0,00000458192482273100","0,00000221858496987796","0,00000259537327134645","0,00000001604955885339","0,00000287737127797867","0,00000001263840349689","0,00000150314446552539","0,00000591821284528500","0,00000229927912692137","0,00000728778111118692","0,00000088938155649572"
"0,48398742860248283900","0,00000161579988088111","0,00000001651278336477","0,00000039870099456146","0,00000001201458478239","0,00000001243186652338","0,00000016379491577415","0,00000006985499351872","0,00000462676437708704","0,00000298752338966670","0,00000459078378060565","0,00000222315757438591","0,00000259864682279444","0,00000001589469546924","0,00000288589471131544","0,00000001289734119254","0,00000150812686567577","0,00000592415600459776","0,00000230534300741443","0,00000730745961344549","0,00000089283093002075"
"0,48599135123979747500","0,00000161719601152685","0,00000001669394476847","0,00000039969153924975","0,00000001166481247445","0,00000001213077652284","0,00000016409386453440","0,00000007041407497335","0,00000463865719570400","0,00000299542189395478","0,00000459958671875217","0,00000222766559340943","0,00000260184009959214","0,00000001573005933163","0,00000289442719072342","0,00000001317807954235","0,00000151313146065559","0,00000593001377315579","0,00000231137198083884","0,00000732719086794956","0,00000089635206049922"
"0,48799527387711211200","0,00000161862559909263","0,00000001689002047804","0,00000040065424405463","0,00000001128100448723","0,00000001179785679045","0,00000016437154277304","0,00000007099764432365","0,00000465061231514548","0,00000300333595552030","0,00000460833363717056","0,00000223210902694851","0,00000260495310173957","0,00000001555565044055","0,00000290296871620261","0,00000001348061854633","0,00000151815825046485","0,00000593578615095908","0,00000231736604719460","0,00000734697487469913","0,00000089994494793111"
"0,48999919651442674900","0,00000162008864357846","0,00000001710101049349","0,00000040158910897613","0,00000001086316082073","0,00000001143310732619","0,00000016462795049009","0,00000007160570156962","0,00000466262973541148","0,00000301126557436328","0,00000461702453586082","0,00000223648787500317","0,00000260798582923671","0,00000001537146879602","0,00000291151928775301","0,00000001380495820447","0,00000152320723510353","0,00000594147313800764","0,00000232332520648171","0,00000736681163369421","0,00000090360959231643"
"0,49200311915174138600","0,00000162158514498434","0,00000001732691481482","0,00000040249613401422","0,00000001041128147495","0,00000001103652813008","0,00000016486308768554","0,00000007223824671126","0,00000467470945650201","0,00000301921075048371","0,00000462565941482295","0,00000224080213757340","0,00000261093828208356","0,00000001517751439803","0,00000292007890537461","0,00000001415109851678","0,00000152827841457165","0,00000594707473430146","0,00000232924945870016","0,00000738670114493479","0,00000090734599365519"
"0,49400704178905596700","0,00000162311510331027","0,00000001756773344203","0,00000040337531916893","0,00000000992536644988","0,00000001060811920211","0,00000016507695435939","0,00000007289527974857","0,00000468685147841707","0,00000302717148388159","0,00000463423827405695","0,00000224505181465920","0,00000261381046028013","0,00000001497378724658","0,00000292864756906743","0,00000001451903948325","0,00000153337178886920","0,00000595259093984054","0,00000233513880384996","0,00000740664340842087","0,00000091115415194737"
"0,49601096442637060400","0,00000162467851855624","0,00000001782346637512","0,00000040422666444024","0,00000000940541574554","0,00000001014788054227","0,00000016526955051165","0,00000007357680068156","0,00000469905580115665","0,00000303514777455693","0,00000464276111356282","0,00000224923690626057","0,00000261660236382642","0,00000001476028734167","0,00000293722527883145","0,00000001490878110388","0,00000153848735799618","0,00000595802175462489","0,00000234099324193111","0,00000742663842415246","0,00000091503406719298"
"0,49801488706368524100","0,00000162627539072227","0,00000001809411361410","0,00000040505016982815","0,00000000885142936191","0,00000000965581215058","0,00000016544087614230","0,00000007428280951021","0,00000471132242472075","0,00000304313962250971","0,00000465122793334056","0,00000225335741237750","0,00000261931399272242","0,00000001453701468330","0,00000294581203466668","0,00000001532032337868","0,00000154362512195259","0,00000596336717865450","0,00000234681277294361","0,00000744668619212955","0,00000091898573939202"
"0,50001880970099987800","0,00000162790571980834","0,00000001837967515895","0,00000040584583533268","0,00000000826340729901","0,00000000913191402702","0,00000016559093125135","0,00000007501330623454","0,00000472365134910938","0,00000305114702773995","0,00000465963873339016","0,00000225741333301001","0,00000262194534696814","0,00000001430396927148","0,00000295440783657313","0,00000001575366630764","0,00000154878508073844","0,00000596862721192938","0,00000235259739688745","0,00000746678671235214","0,00000092300916854450"
