Variable Source,dev1,dev2,dev3,dev4,dev5,dev6,dev7,dev8,dev9,dev10,dev11,dev12,dev13,dev14,dev15,dev16,dev17,Dev 18,Dev 19,Dev 20
"-0,49993858631900023300","0,00000217260219483101","0,00000746689312376631","0,00000001115408762027","0,00000001145442729580","0,00000236763090945766","0,00000306825402587506","0,00000145906195306951","0,00000001283769865578","0,00000001313179620976","0,00000157890155000522","0,00000216182808167557","0,00000433582796767480","0,00000255838806014539","0,00000358889211426209","0,00000001143825422486","0,00000483405101434241","0,00000113096788861653","0,00000630638689012878","0,00000353509992555138","0,00000250346232088880"
"-0,49793466368168559600","0,00000216682472007087","0,00000746567986539389","0,00000001124118454202","0,00000001145342452227","0,00000236175022252271","0,00000305932427937565","0,00000145653823374176","0,00000001266380533723","0,00000001294259391611","0,00000157564947864604","0,00000215413123874344","0,00000432058758804883","0,00000255069247109331","0,00000357448666466313","0,00000001149683836447","0,00000481777453897716","0,00000112711381342311","0,00000629067489580679","0,00000352345718613738","0,00000249603511445188"
"-0,49593074104437096000","0,00000216099108189898","0,00000746423919405893","0,00000001132532877368","0,00000001145485655490","0,00000235579334332523","0,00000305031979216137","0,00000145396765774431","0,00000001250050744529","0,00000001276360759990","0,00000157234209359994","0,00000214637994605702","0,00000430530010747315","0,00000254293430385709","0,00000356005371581302","0,00000001155434031625","0,00000480142054414174","0,00000112325744856623","0,00000627485212914989","0,00000351181970929696","0,00000248857454543237"
"-0,49392681840705632300","0,00000215510128031533","0,00000746257110976142","0,00000001140652031523","0,00000001145872339369","0,00000234976027186522","0,00000304124056423224","0,00000145135022507715","0,00000001234780497997","0,00000001259483726112","0,00000156897939486691","0,00000213857420361629","0,00000428996552594776","0,00000253511355843675","0,00000354559326771178","0,00000001161076008019","0,00000478498902983616","0,00000111939879404589","0,00000625891859015808","0,00000350018749503012","0,00000248108061383026"
"-0,49192289576974174100","0,00000214915531531992","0,00000746067561250137","0,00000001148475916669","0,00000001146502503863","0,00000234365100814267","0,00000303208659558824","0,00000144868593574029","0,00000001220569794126","0,00000001243628289978","0,00000156556138244696","0,00000213071401142127","0,00000427458384347267","0,00000252723023483227","0,00000353110532035941","0,00000001166609765631","0,00000476847999606042","0,00000111553784986207","0,00000624287427883137","0,00000348856054333687","0,00000247355331964556"
"-0,48991897313242710500","0,00000214315318691275","0,00000745855270227877","0,00000001156004532804","0,00000001147376148972","0,00000233746555215758","0,00000302285788622939","0,00000144597478973372","0,00000001207418632916","0,00000001228794451587","0,00000156208805634008","0,00000212279936947195","0,00000425915506004787","0,00000251928433304367","0,00000351658987375589","0,00000001172035304459","0,00000475189344281453","0,00000111167461601479","0,00000622671919516974","0,00000347693885421720","0,00000246599266287827"
"-0,48791505049511246800","0,00000213709489509382","0,00000745620237909363","0,00000001163237879930","0,00000001148493274697","0,00000233120390390996","0,00000301355443615568","0,00000144321678705744","0,00000001195327014368","0,00000001214982210940","0,00000155855941654627","0,00000211483027776834","0,00000424367917567336","0,00000251127585307093","0,00000350204692790124","0,00000001177352624504","0,00000473522937009847","0,00000110780909250405","0,00000621045333917320","0,00000346532242767111","0,00000245839864352839"
"-0,48591112785779783100","0,00000213098043986314","0,00000745362464294595","0,00000001170175958046","0,00000001149853881038","0,00000232486606339981","0,00000300417624536711","0,00000144041192771145","0,00000001184294938482","0,00000001202191568037","0,00000155497546306554","0,00000210680673631042","0,00000422815619034915","0,00000250320479491407","0,00000348747648279544","0,00000001182561725766","0,00000471848777791225","0,00000110394127932984","0,00000619407671084175","0,00000345371126369860","0,00000245077126159591"
"-0,48390720522048319400","0,00000212480982122069","0,00000745081949383572","0,00000001176818767152","0,00000001151457967994","0,00000231845203062711","0,00000299472331386367","0,00000143756021169576","0,00000001174322405257","0,00000001190422522877","0,00000155133619589789","0,00000209872874509821","0,00000421258610407522","0,00000249507115857307","0,00000347287853843851","0,00000001187662608245","0,00000470166866625587","0,00000110007117649216","0,00000617758931017540","0,00000344210536229968","0,00000244311051708083"
"-0,48190328258316855700","0,00000211858303916649","0,00000744778693176294","0,00000001183166307247","0,00000001153305535565","0,00000231196180559189","0,00000298519564164538","0,00000143466163901036","0,00000001165409414693","0,00000001179675075461","0,00000154764161504331","0,00000209059630413170","0,00000419696891685159","0,00000248687494404795","0,00000345825309483044","0,00000001192655271941","0,00000468477203512934","0,00000109619878399102","0,00000616099113717413","0,00000343050472347433","0,00000243541640998317"
"-0,47989935994585392000","0,00000211230009370052","0,00000744452695672762","0,00000001189218578333","0,00000001155396583752","0,00000230539538829413","0,00000297559322871223","0,00000143171620965526","0,00000001157555966791","0,00000001169949225788","0,00000154389172050181","0,00000208240941341089","0,00000418130462867825","0,00000247861615133870","0,00000344360015197123","0,00000001197539716854","0,00000466779788453264","0,00000109232410182641","0,00000614428219183795","0,00000341890934722257","0,00000242768894030291"
"-0,47789543730853928400","0,00000210596098482280","0,00000744103956872976","0,00000001194975580409","0,00000001157731112554","0,00000229875277873383","0,00000296591607506422","0,00000142872392363044","0,00000001150762061550","0,00000001161244973859","0,00000154008651227338","0,00000207416807293578","0,00000416559323955521","0,00000247029478044531","0,00000342891970986089","0,00000001202315942983","0,00000465074621446578","0,00000108844712999833","0,00000612746247416686","0,00000340731923354439","0,00000241992810804006"
"-0,47589151467122470200","0,00000209956571253331","0,00000743732476776934","0,00000001200437313475","0,00000001160309121972","0,00000229203397691100","0,00000295616418070135","0,00000142568478093592","0,00000001145027698970","0,00000001153562319673","0,00000153622599035802","0,00000206587228270637","0,00000414983474948245","0,00000246191083136780","0,00000341421176849940","0,00000001206983950330","0,00000463361702492876","0,00000108456786850679","0,00000611053198416086","0,00000339573438243979","0,00000241213391319462"
"-0,47388759203391006600","0,00000209311427683207","0,00000743338255384639","0,00000001205603777531","0,00000001163130612005","0,00000228523898282563","0,00000294633754562362","0,00000142259878157170","0,00000001140352879052","0,00000001146901263231","0,00000153231015475575","0,00000205752204272267","0,00000413402915845999","0,00000245346430410615","0,00000339947632788678","0,00000001211543738893","0,00000461641031592158","0,00000108068631735178","0,00000609349072181996","0,00000338415479390878","0,00000240430635576658"
"-0,47188366939659542900","0,00000208660667771907","0,00000742921292696089","0,00000001210474972577","0,00000001166195582654","0,00000227836779647773","0,00000293643616983103","0,00000141946592553776","0,00000001136737601796","0,00000001141261804533","0,00000152833900546654","0,00000204911735298467","0,00000411817646648782","0,00000244495519866038","0,00000338471338802302","0,00000001215995308673","0,00000459912608744425","0,00000107680247653331","0,00000607633868714414","0,00000337258046795135","0,00000239644543575595"
"-0,46987974675928079200","0,00000208004291519431","0,00000742481588711285","0,00000001215050898613","0,00000001169504033918","0,00000227142041786729","0,00000292646005332358","0,00000141628621283413","0,00000001134181867200","0,00000001136643943578","0,00000152431254249041","0,00000204065821349237","0,00000410227667356594","0,00000243638351503048","0,00000336992294890812","0,00000001220338659670","0,00000458176433949675","0,00000107291634605137","0,00000605907588013341","0,00000336101140456749","0,00000238855115316273"
"-0,46787582412196615500","0,00000207342298925780","0,00000742019143430226","0,00000001219331555640","0,00000001173055965798","0,00000226439684699432","0,00000291640919610127","0,00000141305964346078","0,00000001132685675267","0,00000001133047680367","0,00000152023076582736","0,00000203214462424577","0,00000408632977969436","0,00000242774925321644","0,00000335510501054208","0,00000001224573791884","0,00000456432507207909","0,00000106902792590597","0,00000604170230078777","0,00000334944760375722","0,00000238062350798691"
"-0,46587190148465151800","0,00000206674689990952","0,00000741533956852912","0,00000001223316943656","0,00000001176851378293","0,00000225729708385881","0,00000290628359816411","0,00000140978621741773","0,00000001132249025994","0,00000001130473014899","0,00000151609367547738","0,00000202357658524487","0,00000407033578487307","0,00000241905241321828","0,00000334025957292491","0,00000001228700705315","0,00000454680828519127","0,00000106513721609709","0,00000602421794910722","0,00000333788906552054","0,00000237266250022850"
"-0,46386797884733688100","0,00000206001464714948","0,00000741026028979345","0,00000001227007062662","0,00000001180890271404","0,00000225012112846077","0,00000289608325951208","0,00000140646593470496","0,00000001132871919383","0,00000001128919947175","0,00000151190127144048","0,00000201495409648968","0,00000405429468910206","0,00000241029299503599","0,00000332538663605659","0,00000001232719399963","0,00000452921397883329","0,00000106124421662476","0,00000600662282509177","0,00000332633578985743","0,00000236466812988750"
"-0,46186405621002230000","0,00000205322623097769","0,00000740495359809522","0,00000001230401912658","0,00000001185172645130","0,00000224286898080019","0,00000288580818014519","0,00000140309879532250","0,00000001134554355434","0,00000001128388477194","0,00000150765355371665","0,00000200627715798018","0,00000403820649238136","0,00000240147099866957","0,00000331048619993714","0,00000001236629875827","0,00000451154215300515","0,00000105734892748895","0,00000598891692874140","0,00000331478777676791","0,00000235664039696390"
"-0,45986013357270766300","0,00000204638165139413","0,00000739941949343445","0,00000001233501493645","0,00000001189698499471","0,00000223554064087708","0,00000287545836006344","0,00000139968479927032","0,00000001137296334146","0,00000001128878604957","0,00000150335052230589","0,00000199754576971639","0,00000402207119471094","0,00000239258642411901","0,00000329555826456655","0,00000001240432132909","0,00000449379280770685","0,00000105345134868968","0,00000597110026005612","0,00000330324502625197","0,00000234857930145772"
"-0,45785621093539302600","0,00000203948090839882","0,00000739365797581114","0,00000001236305805621","0,00000001194467834428","0,00000222813610869143","0,00000286503379926684","0,00000139622394654844","0,00000001141097855519","0,00000001130390330463","0,00000149899217720822","0,00000198875993169830","0,00000400588879609082","0,00000238363927138433","0,00000328060282994482","0,00000001244126171207","0,00000447596594293839","0,00000104955148022695","0,00000595317281903593","0,00000329170753830961","0,00000234048484336894"
"-0,45585228829807839000","0,00000203252400199175","0,00000738766904522529","0,00000001238814848588","0,00000001199480650001","0,00000222065538424325","0,00000285453449775537","0,00000139271623715686","0,00000001145958919553","0,00000001132923653714","0,00000149457851842361","0,00000197991964392592","0,00000398965929652098","0,00000237462954046552","0,00000326561989607195","0,00000001247711990722","0,00000445806155869977","0,00000104564932210075","0,00000593513460568083","0,00000328017531294083","0,00000233235702269756"
"-0,45384836566076375300","0,00000202551093217291","0,00000738145270167688","0,00000001241028622544","0,00000001204736946189","0,00000221309846753253","0,00000284396045552904","0,00000138916167109556","0,00000001151879526250","0,00000001136478574707","0,00000149010954595208","0,00000197102490639923","0,00000397338269600144","0,00000236555723136258","0,00000325060946294795","0,00000001251189591454","0,00000444007965499100","0,00000104174487431108","0,00000591698561999083","0,00000326864835014563","0,00000232419583944359"
"-0,45184444302344911600","0,00000201844169894232","0,00000737500894516594","0,00000001242947127491","0,00000001210236722992","0,00000220546535855928","0,00000283331167258786","0,00000138556024836456","0,00000001158859675607","0,00000001141055093444","0,00000148558525979363","0,00000196207571911824","0,00000395705899453220","0,00000235642234407551","0,00000323557153057280","0,00000001254558973403","0,00000442202023181206","0,00000103783813685794","0,00000589872586196591","0,00000325712664992402","0,00000231600129360703"
"-0,44984052038613447900","0,00000201135039987646","0,00000736835125811902","0,00000001244649786813","0,00000001215656928918","0,00000219778140911673","0,00000282260268523890","0,00000138191674535055","0,00000001166116295763","0,00000001146001815640","0,00000148102305946114","0,00000195312219719270","0,00000394071320307496","0,00000234725189899953","0,00000322057313443619","0,00000001257719071982","0,00000440391566995300","0,00000103392825033111","0,00000588035480040468","0,00000324559267459685","0,00000230780201222413"
"-0,44783659774881984200","0,00000200427113255181","0,00000736149312296271","0,00000001246216023896","0,00000001220674512473","0,00000219007197099811","0,00000281184802978926","0,00000137823593844023","0,00000001172866314856","0,00000001150667347010","0,00000147644034446748","0,00000194421445573232","0,00000392437033259147","0,00000233807291652986","0,00000320568131002779","0,00000001260568822604","0,00000438579835020387","0,00000103001435532035","0,00000586187190410574","0,00000323402888648499","0,00000229962662233113"
"-0,44583267511150526100","0,00000199720389696837","0,00000735443453969700","0,00000001247645838741","0,00000001225289473657","0,00000218233704420344","0,00000280104770623894","0,00000137451782763359","0,00000001179109732885","0,00000001155051687553","0,00000147183711481267","0,00000193535249473711","0,00000390803038308171","0,00000232888539666651","0,00000319089605734758","0,00000001263108225268","0,00000436766827256467","0,00000102609645182566","0,00000584327717306909","0,00000322243528558843","0,00000229147512392804"
"-0,44382875247419062400","0,00000199014869312614","0,00000734717550832189","0,00000001248939231346","0,00000001229501812470","0,00000217457662873270","0,00000279020171458794","0,00000137076241293064","0,00000001184846549850","0,00000001159154837270","0,00000146721337049670","0,00000192653631420707","0,00000389169335454570","0,00000231968933940948","0,00000317621737639559","0,00000001265337279975","0,00000434952543703540","0,00000102217453984704","0,00000582457060729474","0,00000321081187190718","0,00000228334751701486"
"-0,44182482983687598700","0,00000198310552102513","0,00000733971602883739","0,00000001250096201713","0,00000001233311528913","0,00000216679072458591","0,00000277931005483626","0,00000136696969433137","0,00000001190076765751","0,00000001162976796161","0,00000146256911151957","0,00000191776591414220","0,00000387535924698342","0,00000231048474475876","0,00000316164526717179","0,00000001267255986725","0,00000433136984361605","0,00000101824861938450","0,00000580575220678267","0,00000319915864544123","0,00000227524380159159"
"-0,43982090719956135100","0,00000197607438066532","0,00000733205610124350","0,00000001251116749841","0,00000001236718622984","0,00000215897933176305","0,00000276837272698390","0,00000136313967183580","0,00000001194800380589","0,00000001166517564226","0,00000145790433788129","0,00000190904129454251","0,00000385902806039488","0,00000230127161271436","0,00000314717972967620","0,00000001268864345518","0,00000431320149230663","0,00000101431869043802","0,00000578682197153289","0,00000318747560619059","0,00000226716397765822"
"-0,43781698456224671400","0,00000196905527204673","0,00000732419572554020","0,00000001252000875730","0,00000001239723094685","0,00000215114245026413","0,00000275738973103085","0,00000135927234544391","0,00000001199017394363","0,00000001169777141464","0,00000145321904958184","0,00000190036245540798","0,00000384269979478007","0,00000229204994327627","0,00000313282076390882","0,00000001270162356354","0,00000429502038310714","0,00000101038475300761","0,00000576777990154541","0,00000317576275415526","0,00000225910804521476"
"-0,43581306192493207700","0,00000196204819516935","0,00000731613490172752","0,00000001252748579380","0,00000001242324944015","0,00000214328008008915","0,00000274636106697712","0,00000135536771515570","0,00000001202727807073","0,00000001172755527876","0,00000144851324662124","0,00000189172939673862","0,00000382637445013901","0,00000228281973644450","0,00000311856836986964","0,00000001271150019232","0,00000427682651601758","0,00000100644680709328","0,00000574862599682021","0,00000316402008933523","0,00000225107600426120"
"-0,43380913928761744000","0,00000195505315003319","0,00000730787362980543","0,00000001253359860791","0,00000001244524170974","0,00000213539222123810","0,00000273528673482271","0,00000135142578097118","0,00000001205931618719","0,00000001175452723462","0,00000144378692899948","0,00000188314211853443","0,00000381005202647168","0,00000227358099221904","0,00000310442254755867","0,00000001271827334154","0,00000425861989103794","0,00000100250485269502","0,00000572936025735730","0,00000315224761173051","0,00000224306785479756"
"-0,43180521665030280300","0,00000194807013663823","0,00000729941190977395","0,00000001253834719963","0,00000001246320775562","0,00000212747887371100","0,00000272416673456762","0,00000134744654289035","0,00000001208628829302","0,00000001177868728222","0,00000143904009671656","0,00000187460062079541","0,00000379373252377809","0,00000226433371059990","0,00000309038329697590","0,00000001272194301118","0,00000424040050816823","0,00000099855888981283","0,00000570998268315669","0,00000314044532134109","0,00000223508359682382"
"-0,42980129401298822200","0,00000194109915498449","0,00000729074974163308","0,00000001254173156897","0,00000001247714757779","0,00000211954003750783","0,00000271300106621185","0,00000134343000091321","0,00000001210819438821","0,00000001180003542155","0,00000143427274977248","0,00000186610490352156","0,00000377741594205824","0,00000225507789158707","0,00000307645061812133","0,00000001272250920125","0,00000422216836740845","0,00000099460891844670","0,00000569049327421836","0,00000312861321816698","0,00000222712323033999"
"-0,42779737137567358500","0,00000193414020507196","0,00000728188712538281","0,00000001254375171591","0,00000001248706117625","0,00000211157571262861","0,00000270178972975540","0,00000133937615503976","0,00000001212503447276","0,00000001181857165262","0,00000142948488816725","0,00000185765496671288","0,00000376110228131213","0,00000224581353518056","0,00000306262451099497","0,00000001271997191175","0,00000420392346875859","0,00000099065493859665","0,00000567089203054233","0,00000311675130220818","0,00000221918675534606"
"-0,42579344873835894800","0,00000192719328690064","0,00000727282406102314","0,00000001254440764047","0,00000001249294855101","0,00000210358589907332","0,00000269053272519826","0,00000133528500526999","0,00000001213680854667","0,00000001183429597543","0,00000142467651190085","0,00000184925081036937","0,00000374479154153975","0,00000223654064138036","0,00000304890497559681","0,00000001271433114267","0,00000418566581221866","0,00000098669695026268","0,00000565117895212858","0,00000310485957346468","0,00000221127417184204"
"-0,42378952610104431100","0,00000192025840047054","0,00000726356054855408","0,00000001254369934263","0,00000001249480970205","0,00000209557059684197","0,00000267923005254044","0,00000133115655160390","0,00000001214351660995","0,00000001184720838998","0,00000141984762097330","0,00000184089243449103","0,00000372848372274112","0,00000222725921018648","0,00000303529201192686","0,00000001270558689403","0,00000416739539778866","0,00000098273495344477","0,00000563135403897713","0,00000309293803193649","0,00000220338547982793"
"-0,42178560346372967500","0,00000191333554578164","0,00000725409658797562","0,00000001254162682241","0,00000001249264462939","0,00000208752980593456","0,00000266788171178194","0,00000132699079404151","0,00000001214515866259","0,00000001185730889626","0,00000141499821538459","0,00000183257983907787","0,00000371217882491622","0,00000221796924159891","0,00000302178561998511","0,00000001269373916581","0,00000414911222546859","0,00000097876894814293","0,00000561141729108796","0,00000308098667762360","0,00000219552067930373"
"-0,41978168082641503800","0,00000190642472283396","0,00000724443217928777","0,00000001253819007980","0,00000001248645333302","0,00000207946352635108","0,00000265648770292276","0,00000132278773258280","0,00000001214173470459","0,00000001186459749428","0,00000141012829513472","0,00000182431302412987","0,00000369587684806506","0,00000220867073561766","0,00000300838579977157","0,00000001267878795802","0,00000413081629525844","0,00000097479893435717","0,00000559136870846109","0,00000306900551052602","0,00000218767977026943"
"-0,41777775818910040100","0,00000189952593162749","0,00000723456732249052","0,00000001253338911480","0,00000001247623581294","0,00000207137175809155","0,00000264504802596290","0,00000131854736722778","0,00000001213324473595","0,00000001186907418404","0,00000140523786022370","0,00000181609198964704","0,00000367957779218764","0,00000219936369224273","0,00000299509255128623","0,00000001266073327066","0,00000411250760715822","0,00000097082491208747","0,00000557120829109650","0,00000305699453064374","0,00000217986275272504"
"-0,41577383555178582000","0,00000189263917216223","0,00000722450201758387","0,00000001252722392741","0,00000001246199206915","0,00000206325450115595","0,00000263356268090236","0,00000131426969797644","0,00000001211968875668","0,00000001187073896554","0,00000140032691065151","0,00000180791673562938","0,00000366328165728395","0,00000219004811147411","0,00000298190587452910","0,00000001263957510373","0,00000409418616116793","0,00000096684688133385","0,00000555093603899421","0,00000304495373797677","0,00000217206962667056"
"-0,41376991291447118300","0,00000188576444443819","0,00000721423626456783","0,00000001251969451764","0,00000001244372210166","0,00000205511175554429","0,00000262203166774113","0,00000130995472482879","0,00000001210106676677","0,00000001186959183878","0,00000139539544641817","0,00000179978726207689","0,00000364698844335401","0,00000218072399331180","0,00000296882576950017","0,00000001261531345722","0,00000407585195728757","0,00000096286484209629","0,00000553055195215421","0,00000303288313252511","0,00000216430039210598"
"-0,41176599027715654600","0,00000187890174845536","0,00000720377006344239","0,00000001251080088547","0,00000001242142591045","0,00000204694352125658","0,00000261045498647922","0,00000130560244778483","0,00000001207737876622","0,00000001186563280375","0,00000139044346752367","0,00000179170356898957","0,00000363069815039780","0,00000217139133775581","0,00000295585223619945","0,00000001258794833115","0,00000405750499551713","0,00000095887879437481","0,00000551005603057649","0,00000302078271428875","0,00000215655504903131"
"-0,40976206763984190900","0,00000187205108421374","0,00000719310341420756","0,00000001250054303092","0,00000001239510349554","0,00000203874979829280","0,00000259883263711663","0,00000130121286684455","0,00000001204862475503","0,00000001185886186046","0,00000138547097396801","0,00000178366565636742","0,00000361441077841533","0,00000216205014480614","0,00000294298527462693","0,00000001255747972550","0,00000403914527585662","0,00000095488873816940","0,00000548944827426107","0,00000300865248326770","0,00000214883359744655"
"-0,40775814500252727200","0,00000186521245171333","0,00000718223631686333","0,00000001248892095398","0,00000001236475485692","0,00000203053058665295","0,00000258716461965336","0,00000129678598200797","0,00000001201480473321","0,00000001184927900891","0,00000138047796575119","0,00000177567352421044","0,00000359812632740660","0,00000215270041446278","0,00000293022488478261","0,00000001252390764028","0,00000402077279830604","0,00000095089467348006","0,00000546872868320794","0,00000299649243946196","0,00000214113603735170"
"-0,40575422236521263600","0,00000185838585095413","0,00000717116877140971","0,00000001247593465464","0,00000001233037999459","0,00000202228588633705","0,00000257545093408941","0,00000129232179327506","0,00000001197591870075","0,00000001183688424909","0,00000137546444287322","0,00000176772717251863","0,00000358184479737161","0,00000214334214672573","0,00000291757106666650","0,00000001248723207549","0,00000400238756286538","0,00000094689660030680","0,00000544789725741710","0,00000298430258287152","0,00000213346236874675"
"-0,40375029972789799900","0,00000185157128193615","0,00000715990077784668","0,00000001246158413292","0,00000001229197890855","0,00000201401569734509","0,00000256369158042478","0,00000128782030064585","0,00000001193196665765","0,00000001182167758101","0,00000137043040533408","0,00000175982660129199","0,00000356556618831035","0,00000213397534159500","0,00000290502382027859","0,00000001244745303112","0,00000398398956953466","0,00000094289451864960","0,00000542695399688854","0,00000297208291349638","0,00000212581259163171"
"-0,40174637709058336200","0,00000184476874465938","0,00000714843233617427","0,00000001244586938881","0,00000001224955159880","0,00000200572001967706","0,00000255188655865946","0,00000128328150412032","0,00000001188294860391","0,00000001180365900467","0,00000136537585313379","0,00000175197181053052","0,00000354929050022283","0,00000212459999907059","0,00000289258314561889","0,00000001240457050719","0,00000396557881831386","0,00000093888842850847","0,00000540589890162228","0,00000295983343133656","0,00000211818670600658"
"-0,39974245445326878100","0,00000183795592214428","0,00000713677784046519","0,00000001243015938930","0,00000001220679255748","0,00000199741631633307","0,00000254004920221520","0,00000127872269600562","0,00000001183288993958","0,00000001178497955849","0,00000136030060867939","0,00000174415290148686","0,00000353301011123548","0,00000211519756731971","0,00000288020777848582","0,00000001236182166510","0,00000394716886444247","0,00000093489363888419","0,00000538476654140590","0,00000294756630174283","0,00000211056255650111"
"-0,39773853181595414400","0,00000183111049741132","0,00000712495168479220","0,00000001241582310138","0,00000001216739627673","0,00000198912205031321","0,00000252819284451374","0,00000127416116860890","0,00000001178581606471","0,00000001176779028087","0,00000135520449437793","0,00000173635997541364","0,00000351671739947470","0,00000210574949450960","0,00000286785645467779","0,00000001232244366630","0,00000392877326315998","0,00000093092545877752","0,00000536359148602697","0,00000293529369006599","0,00000210291798774505"
"-0,39573460917863950700","0,00000182423247046050","0,00000711295386915529","0,00000001240286052504","0,00000001213136275654","0,00000198083722161749","0,00000251631748555507","0,00000126959692193015","0,00000001174172697930","0,00000001175209117182","0,00000135008751022941","0,00000172859303231087","0,00000350041236494051","0,00000209625578064026","0,00000285552917419482","0,00000001228643651078","0,00000391039201446640","0,00000092698388818846","0,00000534237373548551","0,00000292301559630605","0,00000209525299973841"
"-0,39373068654132487000","0,00000181732184129181","0,00000710078439355446","0,00000001239127166029","0,00000001209869199692","0,00000197256183024590","0,00000250442312533920","0,00000126502995596937","0,00000001170062268334","0,00000001173788223134","0,00000134494965623384","0,00000172085207217855","0,00000348409500763289","0,00000208671642571168","0,00000284322593703690","0,00000001225380019854","0,00000389202511836171","0,00000092306892711702","0,00000532111328978150","0,00000291073202046301","0,00000208756759248118"
"-0,39172676390401023300","0,00000181037860990526","0,00000708844325798971","0,00000001238105650713","0,00000001206938399787","0,00000196429587619844","0,00000249250976386612","0,00000126046027072656","0,00000001166250317683","0,00000001172516345943","0,00000133979093239120","0,00000171313709501666","0,00000346776532755186","0,00000207713142972387","0,00000283094674320402","0,00000001222453472957","0,00000387367257484593","0,00000091918057556320","0,00000529981014891496","0,00000289844296253685","0,00000207986176597336"
"-0,38972284126669559600","0,00000180340277630086","0,00000707593046246104","0,00000001237221506556","0,00000001204343875939","0,00000195603935947511","0,00000248057740113583","0,00000125588786620173","0,00000001162736845978","0,00000001171393485609","0,00000133461133870150","0,00000170544810082523","0,00000345142332469740","0,00000206750079267682","0,00000281869159269620","0,00000001219864010389","0,00000385533438391904","0,00000091531883352699","0,00000527846431288588","0,00000288614842252759","0,00000207213552021496"
"-0,38771891862938096000","0,00000179639434047858","0,00000706324600696845","0,00000001236474733557","0,00000001202085628147","0,00000194779228007592","0,00000246862603714834","0,00000125131274239487","0,00000001159521853219","0,00000001170419642131","0,00000132941087516475","0,00000169778508960424","0,00000343506899906953","0,00000205782451457054","0,00000280646048551343","0,00000001217611632148","0,00000383701054558105","0,00000091148370100839","0,00000525707578169426","0,00000287384840043523","0,00000206438885520598"
"-0,38571499599206637800","0,00000178935330243845","0,00000705038989151194","0,00000001235865331717","0,00000001200163656412","0,00000193955463800086","0,00000245665567190364","0,00000124673489930599","0,00000001156605339405","0,00000001169594815511","0,00000132418954178094","0,00000169014806135370","0,00000341870235066824","0,00000204810259540503","0,00000279425342165571","0,00000001215696338236","0,00000381870105983197","0,00000090767517800741","0,00000523564455534011","0,00000286154289625976","0,00000205662177094641"
"-0,38371107335475174200","0,00000178227966218045","0,00000703736211609152","0,00000001235393301035","0,00000001198577960733","0,00000193132643324993","0,00000244466630540174","0,00000124215433693507","0,00000001153987304537","0,00000001168919005747","0,00000131894733855007","0,00000168253701607360","0,00000340232337949353","0,00000203833503518028","0,00000278207040112303","0,00000001214118128651","0,00000380040592667178","0,00000090389326452404","0,00000521417063382341","0,00000284923191000118","0,00000204883426743625"
"-0,38170715071743710500","0,00000177517341970459","0,00000702416268070717","0,00000001235058641513","0,00000001197328541111","0,00000192310766582314","0,00000243265793764263","0,00000123757105528213","0,00000001151667748614","0,00000001168392212841","0,00000131368426547213","0,00000167495195376394","0,00000338593208554540","0,00000202852183389629","0,00000276991142391541","0,00000001212877003395","0,00000378212514610050","0,00000090013796055828","0,00000519265401714418","0,00000283691544165950","0,00000204102634467551"
"-0,37970322808012246800","0,00000176803457501087","0,00000701079158535891","0,00000001234861353149","0,00000001196415397546","0,00000191489833572048","0,00000242063056862632","0,00000123298505434717","0,00000001149646671637","0,00000001168014436791","0,00000130840032254715","0,00000166739287442474","0,00000336952846882385","0,00000201866299155307","0,00000275777649003284","0,00000001211972962466","0,00000376385871811811","0,00000089640926611014","0,00000517109470530240","0,00000282459349123471","0,00000203319800266418"
"-0,37769930544280783100","0,00000176086312809929","0,00000699724883004673","0,00000001234801435943","0,00000001195838530037","0,00000190669844294195","0,00000240858419835280","0,00000122839633413017","0,00000001147924073606","0,00000001167785677598","0,00000130309550977510","0,00000165985977805597","0,00000335311252932888","0,00000200875850815061","0,00000274566559947532","0,00000001211406005865","0,00000374560664272463","0,00000089270718117962","0,00000514949269829809","0,00000281226605872681","0,00000202534924140227"
"-0,37569538280549319400","0,00000175365907896984","0,00000698353441477062","0,00000001234878889897","0,00000001195597938586","0,00000189850798748756","0,00000239651882682208","0,00000122380489463115","0,00000001146499954520","0,00000001167705935262","0,00000129776982715599","0,00000165235266465766","0,00000333668426706050","0,00000199880838368892","0,00000273357875224285","0,00000001211176133592","0,00000372736891992004","0,00000088903170576671","0,00000512784799613124","0,00000279993314413581","0,00000201748006088977"
"-0,37369146016817855700","0,00000174642242762253","0,00000696964833953060","0,00000001235093715009","0,00000001195693623190","0,00000189032696935729","0,00000238443445403415","0,00000121921073585011","0,00000001145374314379","0,00000001167775209783","0,00000129242327468982","0,00000164487153422979","0,00000332024368201869","0,00000198881261816800","0,00000272151594833543","0,00000001211283345647","0,00000370914554970436","0,00000088538283987141","0,00000510616059880185","0,00000278759474746170","0,00000200959046112669"
"-0,37168753753086392100","0,00000173915317405736","0,00000695559060432666","0,00000001235445911280","0,00000001196125583852","0,00000188215538855116","0,00000237233107998902","0,00000121461385778703","0,00000001144547153184","0,00000001167993501161","0,00000128705585237660","0,00000163741638677236","0,00000330379077420346","0,00000197877121158784","0,00000270947718775306","0,00000001211727642030","0,00000369093653207757","0,00000088176058349373","0,00000508443050630992","0,00000277525086870448","0,00000200168044211301"
"-0,36968361489354933900","0,00000173185131827432","0,00000694136120915880","0,00000001235935478709","0,00000001196893820570","0,00000187399324506917","0,00000236020870468668","0,00000121001426044193","0,00000001144018470935","0,00000001168360809395","0,00000128166756021631","0,00000162998722228538","0,00000328732554361482","0,00000196868416394845","0,00000269746247049574","0,00000001212509022741","0,00000367274186703969","0,00000087816493663366","0,00000506265771865545","0,00000276290150786416","0,00000199375000384876"
"-0,36767969225623470200","0,00000172451686027343","0,00000692696015402702","0,00000001236562417297","0,00000001197998333345","0,00000186584053891130","0,00000234806732812714","0,00000120541194381481","0,00000001143788267631","0,00000001168877134487","0,00000127625839820897","0,00000162258404076884","0,00000327084799025275","0,00000195855147524982","0,00000268547179656347","0,00000001213627487780","0,00000365456155459070","0,00000087459589929121","0,00000504084223583845","0,00000275054666494073","0,00000198579914633392"
"-0,36567576961892006600","0,00000171714980005467","0,00000691238743893133","0,00000001237326727044","0,00000001199439122176","0,00000185769727007757","0,00000233590695031039","0,00000120080690790565","0,00000001143856543273","0,00000001169542476436","0,00000127082836635457","0,00000161520684222275","0,00000325435811411727","0,00000194837314549196","0,00000267350516595625","0,00000001215083037147","0,00000363639559473062","0,00000087105347146637","0,00000501898405785890","0,00000273818633993420","0,00000197782786956849"
"-0,36367184698160542900","0,00000170975013761805","0,00000689764306387171","0,00000001238228407950","0,00000001201216187065","0,00000184956343856797","0,00000232372757123643","0,00000119619915271447","0,00000001144223297861","0,00000001170356835241","0,00000126537746465311","0,00000160785562664711","0,00000323785591520837","0,00000193814917467486","0,00000266156257867409","0,00000001216875670842","0,00000361824398745944","0,00000086753765315914","0,00000499708318471682","0,00000272582053284456","0,00000196983617355248"
"-0,36166792434429079200","0,00000170231787296356","0,00000688272702884817","0,00000001239267460014","0,00000001203329528009","0,00000184143904438251","0,00000231152919090527","0,00000119158867824126","0,00000001144888531394","0,00000001171320210903","0,00000125990569310459","0,00000160053039404191","0,00000322134139352605","0,00000192787956279853","0,00000264964403471697","0,00000001219005388865","0,00000360010673277715","0,00000086404844436953","0,00000497513961641220","0,00000271344924367181","0,00000196182405828588"
"-0,35966400170697615500","0,00000169485300609122","0,00000686763933386072","0,00000001240443883237","0,00000001205779145011","0,00000183332408752118","0,00000229931180931691","0,00000118697548448603","0,00000001145852243872","0,00000001172432603422","0,00000125441305170901","0,00000159323114440716","0,00000320481454907031","0,00000191756430986296","0,00000263774953408490","0,00000001221472191215","0,00000358198383068377","0,00000086058584509754","0,00000495315335294504","0,00000270107247241596","0,00000195379152376870"
"-0,35766007906966151800","0,00000168735553700101","0,00000685237997890935","0,00000001241757677619","0,00000001208565038069","0,00000182521856798398","0,00000228707542647134","0,00000118235957144877","0,00000001147114435296","0,00000001173694012798","0,00000124889954046637","0,00000158595787774285","0,00000318827538184115","0,00000190720341586816","0,00000262587907677788","0,00000001224276077894","0,00000356387528117928","0,00000085714985534315","0,00000493112439431534","0,00000268869021907700","0,00000194573857000093"
"-0,35565615643234693700","0,00000167982546569293","0,00000683694896399405","0,00000001243208843160","0,00000001211687207184","0,00000181712248577091","0,00000227482004236856","0,00000117774093912948","0,00000001148675105666","0,00000001175104439031","0,00000124336515937668","0,00000157871059404899","0,00000317172389183857","0,00000189679688081412","0,00000261403266279592","0,00000001227417048900","0,00000354578108426370","0,00000085374047510639","0,00000490905274052310","0,00000267630248365493","0,00000193766519698257"
"-0,35365223379503230000","0,00000167226279216700","0,00000682134628911484","0,00000001244797379859","0,00000001215145652355","0,00000180903584088198","0,00000226254565700858","0,00000117311958752817","0,00000001150534254981","0,00000001176663882121","0,00000123780990843992","0,00000157148929332557","0,00000315516007906257","0,00000188634470470085","0,00000260221029213900","0,00000001230895104235","0,00000352770123993702","0,00000085035770438723","0,00000488693839156832","0,00000266390926614976","0,00000192957140471363"
"-0,35164831115771766300","0,00000166466751642320","0,00000680557195427171","0,00000001246523287717","0,00000001218940373584","0,00000180095863331718","0,00000225025227039139","0,00000116849551664482","0,00000001152691883242","0,00000001178372342068","0,00000123223378765611","0,00000156429397557260","0,00000313858394351316","0,00000187584688752835","0,00000259041196480713","0,00000001234710243897","0,00000350963574819923","0,00000084700154318569","0,00000486478134745101","0,00000265151056656149","0,00000192145719319411"
"-0,34964438852040302700","0,00000165706173135109","0,00000678960384918062","0,00000001248218415230","0,00000001222761698337","0,00000179287892518562","0,00000223793013792842","0,00000116385466369488","0,00000001154966331727","0,00000001180101919089","0,00000122664298739019","0,00000155710268537073","0,00000312201973446636","0,00000186532124581875","0,00000257862572072627","0,00000001238557456215","0,00000349160095895140","0,00000084365443251372","0,00000484260139173433","0,00000263912545257514","0,00000191332727071801"
"-0,34764046588308839000","0,00000164946752984022","0,00000677341986355753","0,00000001249714610897","0,00000001226299954086","0,00000178478477859640","0,00000222556951503107","0,00000115918296589377","0,00000001157175941715","0,00000001181724713403","0,00000122104369800713","0,00000154989346730064","0,00000310549170119824","0,00000185478559609419","0,00000256683959982236","0,00000001242131729516","0,00000347361322209458","0,00000084029881338326","0,00000482041830798146","0,00000262677299187576","0,00000190518634557935"
"-0,34563654324577375300","0,00000164188491189057","0,00000675701999740245","0,00000001251011874717","0,00000001229555140829","0,00000177667619354954","0,00000221317040169936","0,00000115448042324148","0,00000001159320713206","0,00000001183240725009","0,00000121543591950692","0,00000154266632136232","0,00000308899984370879","0,00000184423993835468","0,00000255505360209541","0,00000001245433063799","0,00000345567253762875","0,00000083693468579431","0,00000479823209619240","0,00000261445318446336","0,00000189703441777812"
"-0,34363262060845911600","0,00000163431387750216","0,00000674040425071536","0,00000001252110206690","0,00000001232527258566","0,00000176855317004502","0,00000220073279793327","0,00000114974703573802","0,00000001161400646200","0,00000001184649953908","0,00000120981965188956","0,00000153542124755577","0,00000307254416199800","0,00000183368427260021","0,00000254326772754541","0,00000001248461459066","0,00000343777890555394","0,00000083356204974688","0,00000477604275636716","0,00000260216603033792","0,00000188887148731434"
"-0,34162869797114447900","0,00000162675442667499","0,00000672357262349627","0,00000001253009606816","0,00000001235216307298","0,00000176041570808285","0,00000218825670373281","0,00000114498280338339","0,00000001163415740697","0,00000001185952400099","0,00000120419489515506","0,00000152815824588099","0,00000305612465606588","0,00000182311859883078","0,00000253148197617236","0,00000001251216915315","0,00000341993232587013","0,00000083018090524095","0,00000475385028850572","0,00000258991152949945","0,00000188069755418798"
"-0,33962477533382989800","0,00000161920655940904","0,00000670652511574519","0,00000001253710075094","0,00000001237622287025","0,00000175226380766303","0,00000217574211909798","0,00000114018772617759","0,00000001165365996697","0,00000001187148063583","0,00000119856164930342","0,00000152087731633799","0,00000303974132591244","0,00000181254291704640","0,00000251969634797627","0,00000001253699432547","0,00000340213279857732","0,00000082679125227655","0,00000473165469260810","0,00000257768968194795","0,00000187251261839907"
"-0,33762085269651526100","0,00000161167027570433","0,00000668926172746211","0,00000001254211611526","0,00000001239745197747","0,00000174409746878556","0,00000216318904402878","0,00000113536180412061","0,00000001167251414200","0,00000001188236944359","0,00000119291991433462","0,00000151357845892675","0,00000302339417153766","0,00000180195722724706","0,00000250791084295714","0,00000001255909010762","0,00000338438032367552","0,00000082339309085365","0,00000470945596867428","0,00000256550048768342","0,00000186431667994760"
"-0,33561693005920062400","0,00000160414557556086","0,00000667178245864702","0,00000001254514216111","0,00000001241585039462","0,00000173591669145043","0,00000215059747852521","0,00000113050503721246","0,00000001169071993206","0,00000001189219042428","0,00000118726969024868","0,00000150626167364729","0,00000300708319294154","0,00000179136152943276","0,00000249612546111496","0,00000001257845649959","0,00000336667490116472","0,00000081998642097227","0,00000468725411670428","0,00000255334394670586","0,00000185610973883356"
"-0,33361300742188598800","0,00000159663245897862","0,00000665408730929994","0,00000001254617888849","0,00000001243141812173","0,00000172772147565765","0,00000213796742258727","0,00000112561742545314","0,00000001170827733715","0,00000001190094357789","0,00000118161097704560","0,00000149892696049959","0,00000299080839012410","0,00000178075582360351","0,00000248434020244973","0,00000001259509350140","0,00000334901653104493","0,00000081657124263241","0,00000466504913669809","0,00000254122005901527","0,00000184789179505696"
"-0,33160908478457135100","0,00000158913092595761","0,00000663617627942086","0,00000001254522629740","0,00000001244415515878","0,00000171951182140722","0,00000212529887621496","0,00000112069896884264","0,00000001172518635727","0,00000001190862890443","0,00000117594377472537","0,00000149157431948367","0,00000297456976308533","0,00000177014010975930","0,00000247255506696146","0,00000001260900111303","0,00000333140521331614","0,00000081314755583405","0,00000464284102865571","0,00000252912882461165","0,00000183966284861780"
"-0,32960516214725671400","0,00000158164097649783","0,00000661804936900979","0,00000001254228438784","0,00000001245406150578","0,00000171128772869914","0,00000211259183940828","0,00000111574966738098","0,00000001174144699242","0,00000001191524640389","0,00000117026808328799","0,00000148420375059952","0,00000295836731182523","0,00000175951438790013","0,00000246077005465015","0,00000001262017933449","0,00000331384094797836","0,00000080971536057721","0,00000462062979257714","0,00000251707024349500","0,00000183142289951607"
"-0,32760123950994207700","0,00000157416261059929","0,00000659970657806671","0,00000001253735315981","0,00000001246113716272","0,00000170304919753340","0,00000209984631216723","0,00000111076952106814","0,00000001175705924260","0,00000001192079607627","0,00000116458390273346","0,00000147681525384714","0,00000294220103634379","0,00000174887865802601","0,00000244898516551579","0,00000001262862816578","0,00000329632373503158","0,00000080627465686189","0,00000459841542846238","0,00000250504431566531","0,00000182317194775178"
"-0,32559731687262749600","0,00000156669582826198","0,00000658114790659163","0,00000001253043261332","0,00000001246538212961","0,00000169479622791001","0,00000208706229449181","0,00000110575852990413","0,00000001177202310781","0,00000001192527792158","0,00000115889123306179","0,00000146940882922653","0,00000292607093664102","0,00000173823292013693","0,00000243720039955838","0,00000001263434760690","0,00000327885357447581","0,00000080282544468807","0,00000457619793631143","0,00000249305104112260","0,00000181490999332493"
"-0,32359339423531285900","0,00000155924062948591","0,00000656237335458456","0,00000001252152274835","0,00000001246679640644","0,00000168652881982897","0,00000207423978638201","0,00000110071669388894","0,00000001178633858805","0,00000001192869193981","0,00000115319007427298","0,00000146198447673770","0,00000290997701271693","0,00000172757717423289","0,00000242541575677793","0,00000001263733765784","0,00000326143046631104","0,00000079936772405577","0,00000455397731612430","0,00000248109041986686","0,00000180663703623552"
"-0,32158947159799822200","0,00000155179701427107","0,00000654338292204548","0,00000001251062356491","0,00000001246537999322","0,00000167824697329028","0,00000206137878783785","0,00000109564401302258","0,00000001180000568332","0,00000001193103813097","0,00000114748042636701","0,00000145454219638063","0,00000289391926457150","0,00000171691142031390","0,00000241363123717443","0,00000001263759831862","0,00000324405441053728","0,00000079590149496499","0,00000453175356790097","0,00000246916245189808","0,00000179835307648354"
"-0,31958554896068358500","0,00000154436498261746","0,00000652417660897441","0,00000001249773506300","0,00000001246113288995","0,00000166995068829393","0,00000204847929885931","0,00000109054048730505","0,00000001181302439362","0,00000001193231649506","0,00000114176228934390","0,00000144708198815534","0,00000287789769220474","0,00000170623565837995","0,00000240184684074789","0,00000001263512958922","0,00000322672540715452","0,00000079242675741571","0,00000450952669164146","0,00000245726713721628","0,00000179005811406900"
"-0,31758162632336894800","0,00000153694453452509","0,00000650475441537134","0,00000001248285724262","0,00000001245405509662","0,00000166163996483994","0,00000203554131944641","0,00000108540611673635","0,00000001182539471895","0,00000001193252703206","0,00000113603566320365","0,00000143960385206182","0,00000286191229561665","0,00000169554988843104","0,00000239006256749831","0,00000001262993146965","0,00000320944345616276","0,00000078894351140796","0,00000448729668734576","0,00000244540447582144","0,00000178175214899190"
"-0,31557770368605431200","0,00000152953566999395","0,00000648511634123627","0,00000001246599010378","0,00000001244414661324","0,00000165331480292829","0,00000202256484959913","0,00000108024090131648","0,00000001183711665931","0,00000001193166974200","0,00000113030054794625","0,00000143210778810006","0,00000284596307480722","0,00000168485411046718","0,00000237827841742567","0,00000001262200395991","0,00000319220855756201","0,00000078545175694171","0,00000446506355501386","0,00000243357446771357","0,00000177343518125224"
"-0,31357378104873967500","0,00000152213838902405","0,00000646526238656920","0,00000001244713364646","0,00000001243140743980","0,00000164497520255898","0,00000200954988931748","0,00000107504484104543","0,00000001184819021469","0,00000001192974462485","0,00000112455694357170","0,00000142459379627008","0,00000283005002977647","0,00000167414832448836","0,00000236649439053000","0,00000001261134705999","0,00000317502071135227","0,00000078195149401698","0,00000444282729464578","0,00000242177711289268","0,00000176510721085001"
"-0,31156985841142503800","0,00000151475269161537","0,00000644519255137013","0,00000001242628787067","0,00000001241583757631","0,00000163662116373203","0,00000199649643860146","0,00000106981793592321","0,00000001185861538511","0,00000001192675168064","0,00000111880485008001","0,00000141706187657188","0,00000281417316052439","0,00000166343253049459","0,00000235471048681128","0,00000001259796076991","0,00000315787991753353","0,00000077844272263376","0,00000442058790624152","0,00000241001241135875","0,00000175676823778522"
"-0,30956593577411045700","0,00000150737857776794","0,00000642490683563906","0,00000001240345277642","0,00000001239743702277","0,00000162825268644742","0,00000198340449745107","0,00000106456018594982","0,00000001186839217056","0,00000001192269090934","0,00000111304426747117","0,00000140951202900544","0,00000279833246705097","0,00000165270672848586","0,00000234292670626951","0,00000001258184508965","0,00000314078617610580","0,00000077492544279205","0,00000439834538980106","0,00000239828036311179","0,00000174841826205787"
"-0,30756201313679582000","0,00000150001604748173","0,00000640440523937600","0,00000001237862836369","0,00000001237620577917","0,00000161986977070516","0,00000197027406586631","0,00000105927159112525","0,00000001187752057104","0,00000001191756231097","0,00000110727519574518","0,00000140194425357077","0,00000278252794935622","0,00000164197091846217","0,00000233114304890470","0,00000001256300001922","0,00000312373948706907","0,00000077139965449186","0,00000437609974532441","0,00000238658096815180","0,00000174005728366796"
"-0,30555809049948118300","0,00000149266510075676","0,00000638368776258093","0,00000001235181463249","0,00000001235214384552","0,00000161147241650525","0,00000195710514384718","0,00000105395215144951","0,00000001188600058655","0,00000001191136588553","0,00000110149763490205","0,00000139435855026788","0,00000276675960744014","0,00000163122510042352","0,00000231935951471684","0,00000001254142555862","0,00000310673985042334","0,00000076786535773319","0,00000435385097281157","0,00000237491422647878","0,00000173168530261548"
"-0,30355416786216654600","0,00000148532573759302","0,00000636275440525387","0,00000001232301158283","0,00000001232525122181","0,00000160306062384769","0,00000194389773139368","0,00000104860186692260","0,00000001189383221709","0,00000001190410163301","0,00000109571158494177","0,00000138675491909675","0,00000275102744130273","0,00000162046927436992","0,00000230757610370593","0,00000001251712170785","0,00000308978726616862","0,00000076432255251602","0,00000433159907226255","0,00000236328013809273","0,00000172330231890044"
"-0,30155024522485190900","0,00000147799795799052","0,00000634160516739480","0,00000001229221921469","0,00000001229552790805","0,00000159463439273247","0,00000193065182850581","0,00000104322073754452","0,00000001190101546265","0,00000001189576955341","0,00000108991704586435","0,00000137913336005740","0,00000273533145094399","0,00000160970344030136","0,00000229579281587199","0,00000001249008846691","0,00000307288173430491","0,00000076077123884037","0,00000430934404367733","0,00000235167870299365","0,00000171490833252284"
"-0,29954632258753727300","0,00000147066622099843","0,00000632026323279982","0,00000001226165287367","0,00000001226560505452","0,00000158620584306232","0,00000191738394635417","0,00000103782049365643","0,00000001190759665273","0,00000001188772487195","0,00000108409795470542","0,00000137150688807265","0,00000271965822771298","0,00000159893274657109","0,00000228402383135319","0,00000001246284510680","0,00000305600531046830","0,00000075721263191283","0,00000428709409943644","0,00000234009481596845","0,00000170651379326929"
"-0,29754239995022263600","0,00000146331498566596","0,00000629875178526500","0,00000001223352790533","0,00000001223811381151","0,00000157778709473993","0,00000190411059610938","0,00000103241286559951","0,00000001191362211677","0,00000001188132281382","0,00000107823824850065","0,00000136388851806532","0,00000270399436295874","0,00000158816234153235","0,00000227228333028773","0,00000001243791089854","0,00000303914005029489","0,00000075364794694001","0,00000426485745192039","0,00000232851337180403","0,00000169812915092642"
"-0,29553847731290799900","0,00000145594425199309","0,00000627707082479034","0,00000001220784430968","0,00000001221305417902","0,00000156937814776532","0,00000189083177777143","0,00000102699785337376","0,00000001191909185479","0,00000001187656337902","0,00000107233792725001","0,00000135627825003542","0,00000268833985668129","0,00000157739222518513","0,00000226057131267561","0,00000001241528584213","0,00000302228595378469","0,00000075007718392190","0,00000424263410112917","0,00000231693437050040","0,00000168975440549421"
"-0,29353455467559341800","0,00000144855401997983","0,00000625522035137585","0,00000001218460208671","0,00000001219042615705","0,00000156097900213848","0,00000187754749134032","0,00000102157545697917","0,00000001192400586679","0,00000001187344656756","0,00000106639699095352","0,00000134867608398294","0,00000267269470888062","0,00000156662239752944","0,00000224888777851684","0,00000001239496993757","0,00000300544302093770","0,00000074650034285851","0,00000422042404706278","0,00000230535781205756","0,00000168138955697267"
"-0,29153063203827878100","0,00000144114428962617","0,00000623320036502151","0,00000001216380123643","0,00000001217022974559","0,00000155258965785941","0,00000186425773681605","0,00000101614567641574","0,00000001192836415276","0,00000001187197237943","0,00000106041543961118","0,00000134108201990788","0,00000265705891955673","0,00000155585285856528","0,00000223723272781140","0,00000001237696318485","0,00000298861125175391","0,00000074291742374983","0,00000419822728972123","0,00000229378369647550","0,00000167303460536180"
"-0,28952670940096414400","0,00000143371506093212","0,00000621101086572734","0,00000001214544175884","0,00000001215246494466","0,00000154421011492811","0,00000185096251419862","0,00000101070851168348","0,00000001193216671270","0,00000001187214081464","0,00000105439327322299","0,00000133349605781026","0,00000264143248870963","0,00000154508360829265","0,00000222560616055931","0,00000001236126558399","0,00000297179064623333","0,00000073932842659586","0,00000417604382910452","0,00000228221202375423","0,00000166468955066159"
"-0,28752278676364950700","0,00000142626633389768","0,00000618865185349333","0,00000001212952365393","0,00000001213713175424","0,00000153584037334459","0,00000183766182348803","0,00000100526396278239","0,00000001193541354662","0,00000001187395187318","0,00000104833049178893","0,00000132591819769006","0,00000262581541633930","0,00000153431464671155","0,00000221400807676056","0,00000001234787713497","0,00000295498120437595","0,00000073573335139661","0,00000415387366521264","0,00000227064279389375","0,00000165635439287206"
"-0,28551886412633487000","0,00000141879810852284","0,00000616612332831948","0,00000001211604692172","0,00000001212423017434","0,00000152748043310884","0,00000182435566468429","0,00000099981202971246","0,00000001193810465452","0,00000001187740555506","0,00000104222709530903","0,00000131834843954728","0,00000261020770244576","0,00000152354597382197","0,00000220243847641516","0,00000001233679783780","0,00000293818292618178","0,00000073213219815207","0,00000413171679804560","0,00000225907600689405","0,00000164802913199320"
"-0,28351494148902023300","0,00000141131038480762","0,00000614342529020579","0,00000001210501156219","0,00000001211376020496","0,00000151913029422085","0,00000181104403778739","0,00000099435271247370","0,00000001194024003639","0,00000001188250186027","0,00000103608308378327","0,00000131078678338193","0,00000259460934702900","0,00000151277758962392","0,00000219089735952309","0,00000001232802769247","0,00000292139581165081","0,00000072852496686225","0,00000410957322760340","0,00000224751166275514","0,00000163971376802501"
"-0,28151101885170559700","0,00000140380316275199","0,00000612055773915226","0,00000001209641757534","0,00000001210572184610","0,00000151078995668065","0,00000179772694279733","0,00000098888601106610","0,00000001194181969223","0,00000001188924078881","0,00000102989845721165","0,00000130323322919400","0,00000257902035008902","0,00000150200949411741","0,00000217938472608436","0,00000001232156669900","0,00000290461986078305","0,00000072491165752714","0,00000408744295388602","0,00000223594976147701","0,00000163140830096748"
"-0,27950709621439101500","0,00000139627644235598","0,00000609752067515890","0,00000001209026496119","0,00000001210011509776","0,00000150245942048821","0,00000178440437971411","0,00000098341192548967","0,00000001194284362205","0,00000001189762234069","0,00000102367321559418","0,00000129568777698350","0,00000256344071162582","0,00000149124168730241","0,00000216790057609898","0,00000001231741485737","0,00000288785507357849","0,00000072129227014674","0,00000406532597689349","0,00000222439030305967","0,00000162311273082063"
"-0,27750317357707637800","0,00000138873022361957","0,00000607431409822569","0,00000001208655371972","0,00000001209693995994","0,00000149413868564354","0,00000177107634853773","0,00000097793045574440","0,00000001194331182585","0,00000001190764651591","0,00000101740735893086","0,00000128815042675043","0,00000254787043163940","0,00000148047416917895","0,00000215644490956694","0,00000001231557216759","0,00000287110145003714","0,00000071766680472106","0,00000404322229662579","0,00000221283328750312","0,00000161482705758445"
"-0,27549925093976174200","0,00000138116450654277","0,00000605093800835265","0,00000001208528385093","0,00000001209619643263","0,00000148582775214665","0,00000175774284926820","0,00000097244160183030","0,00000001194322430362","0,00000001191931331446","0,00000101110088722168","0,00000128062117849478","0,00000253230951012977","0,00000146970693974702","0,00000214501772648824","0,00000001231603862965","0,00000285435899015899","0,00000071403526125010","0,00000402113191308293","0,00000220127871480735","0,00000160655128125893"
"-0,27349532830244710500","0,00000137357929112558","0,00000602739240553977","0,00000001208645535484","0,00000001209788451585","0,00000147752661999753","0,00000174440388190550","0,00000096694536374736","0,00000001194258105537","0,00000001193262273634","0,00000100475380046665","0,00000127310003221655","0,00000251675794709692","0,00000145893999900661","0,00000213361902686288","0,00000001231881424357","0,00000283762769394405","0,00000071039763973384","0,00000399905482626490","0,00000218972658497237","0,00000159828540184409"
"-0,27149140566513246800","0,00000136597457736799","0,00000600367728978705","0,00000001209006823143","0,00000001210200420958","0,00000146923528919618","0,00000173105944644965","0,00000096144174149559","0,00000001194138208109","0,00000001194757478156","0,00000099836609866576","0,00000126558698791575","0,00000250121574254085","0,00000144817334695773","0,00000212224881069086","0,00000001232389900933","0,00000282090756139232","0,00000070675394017231","0,00000397699103617170","0,00000217817689799817","0,00000159002941933991"
"-0,26948748302781783100","0,00000135835036527001","0,00000597979266109449","0,00000001209612248071","0,00000001210855551383","0,00000146095375974260","0,00000171770954290064","0,00000095593073507499","0,00000001193962738078","0,00000001196416945011","0,00000099193778181902","0,00000125808204559238","0,00000248568289646156","0,00000143740698360038","0,00000211090707797219","0,00000001233129292694","0,00000280419859250379","0,00000070310416256548","0,00000395494054280335","0,00000216662965388477","0,00000158178333374640"
"-0,26748356039050319400","0,00000135070665483164","0,00000595573851946210","0,00000001210461810267","0,00000001211753842860","0,00000145268203163680","0,00000170435417125847","0,00000095041234448555","0,00000001193731695445","0,00000001198240674200","0,00000098546884992642","0,00000125058520524643","0,00000247015940885905","0,00000142664090893456","0,00000209959382870685","0,00000001234099599640","0,00000278750078727846","0,00000069944830691337","0,00000393290334615982","0,00000215508485263214","0,00000157354714506357"
"-0,26547963775318855800","0,00000134304344605288","0,00000593151486488986","0,00000001211555509732","0,00000001212895295389","0,00000144442010487877","0,00000169099333152315","0,00000094488656972727","0,00000001193445080210","0,00000001200228665722","0,00000097895930298797","0,00000124309646687791","0,00000245464527973333","0,00000141587512296026","0,00000208830906289486","0,00000001235300821770","0,00000277081414571634","0,00000069578637321598","0,00000391087944624114","0,00000214354249424031","0,00000156532085329140"
"-0,26347571511587397600","0,00000133536073893372","0,00000590712169737779","0,00000001212893346466","0,00000001214279908970","0,00000143616797946850","0,00000167762702369466","0,00000093935341080017","0,00000001193102892372","0,00000001202380919577","0,00000097240914100367","0,00000123561583048681","0,00000243914050908438","0,00000140510962567750","0,00000207705278053621","0,00000001236732959086","0,00000275413866781743","0,00000069211836147330","0,00000388886884304729","0,00000213200257870926","0,00000155710445842990"
"-0,26147179247855933900","0,00000132765853347417","0,00000588255901692588","0,00000001214475320469","0,00000001215907683602","0,00000142792565540602","0,00000166425524777302","0,00000093381286770422","0,00000001192705131931","0,00000001204697435767","0,00000096581836397351","0,00000122814329607314","0,00000242364509691222","0,00000139434441708626","0,00000206582498163090","0,00000001238396011586","0,00000273747435358172","0,00000068844427168533","0,00000386687153657827","0,00000212046510603900","0,00000154889796047907"
"-0,25946786984124470300","0,00000131993682967422","0,00000585782682353413","0,00000001216301431740","0,00000001217778619287","0,00000141969313269130","0,00000165087800375822","0,00000092826494043944","0,00000001192251798888","0,00000001207178214289","0,00000095918697189749","0,00000122067886363689","0,00000240815904321684","0,00000138357949718655","0,00000205462566617894","0,00000001240289979271","0,00000272082120300922","0,00000068476410385208","0,00000384488752683409","0,00000210893007622952","0,00000154070135943891"
"-0,25746394720393006600","0,00000131219562753388","0,00000583292511720254","0,00000001218371680280","0,00000001219892716023","0,00000141147041132435","0,00000163749529165026","0,00000092270962900583","0,00000001191742893243","0,00000001209823255145","0,00000095251496477563","0,00000121322253317807","0,00000239268234799824","0,00000137281486597837","0,00000204345483418031","0,00000001242414862140","0,00000270417921609992","0,00000068107785797354","0,00000382291681381475","0,00000209739748928083","0,00000153251465530942"
"-0,25546002456661542900","0,00000130443492705315","0,00000580785389793112","0,00000001220686066089","0,00000001222249973811","0,00000140325749130518","0,00000162410711144914","0,00000091714693340339","0,00000001191178414995","0,00000001212632558335","0,00000094580234260790","0,00000120577430469667","0,00000237721501125643","0,00000136205052346171","0,00000203231248563503","0,00000001244770660195","0,00000268754839285383","0,00000067738553404972","0,00000380095939752024","0,00000208586734519293","0,00000152433784809060"
"-0,25345610192930079200","0,00000129665472823203","0,00000578261316571985","0,00000001223244589166","0,00000001224850392651","0,00000139505437263378","0,00000161071346315486","0,00000091157685363210","0,00000001190558364144","0,00000001215606123857","0,00000093904910539432","0,00000119833417819270","0,00000236175703299139","0,00000135128646963659","0,00000202119862054309","0,00000001247357373434","0,00000267092873327094","0,00000067368713208061","0,00000377901527795057","0,00000207433964396581","0,00000151617093778245"
"-0,25145217929198615500","0,00000128885503107051","0,00000575720292056875","0,00000001226047249512","0,00000001227693972543","0,00000138686105531015","0,00000159731434676743","0,00000090599938969199","0,00000001189882740691","0,00000001218743951714","0,00000093225525313489","0,00000119090215366615","0,00000234630841320314","0,00000134052270450299","0,00000201011323890449","0,00000001250175001858","0,00000265432023735126","0,00000066998265206621","0,00000375708445510573","0,00000206281438559948","0,00000150801392438497"
"-0,24944825665467154600","0,00000128106617260047","0,00000573159436260336","0,00000001228890043172","0,00000001230546923019","0,00000137866811031323","0,00000158393346632226","0,00000090041008928391","0,00000001189170284293","0,00000001221806663734","0,00000092543751932365","0,00000118347811779296","0,00000233088196581599","0,00000132979182519590","0,00000199908030679720","0,00000001252975677982","0,00000263770777666500","0,00000066627445904904","0,00000373514328693798","0,00000205128102139267","0,00000149985112976887"
"-0,24744433401735690900","0,00000127331848985376","0,00000570575869194924","0,00000001231568966192","0,00000001233175453610","0,00000137046610862197","0,00000157059452585478","0,00000089480450010873","0,00000001188439734608","0,00000001224554881747","0,00000091861263745463","0,00000117606195724905","0,00000231549050475427","0,00000131912642885031","0,00000198812379029921","0,00000001255511534321","0,00000262107622278236","0,00000066256491807159","0,00000371316813139959","0,00000203972900264414","0,00000149166687580487"
"-0,24544041138004230000","0,00000126561198283039","0,00000567969590860638","0,00000001234084018570","0,00000001235579564317","0,00000136225505023636","0,00000155729752536500","0,00000088918262216645","0,00000001187691091634","0,00000001226988605754","0,00000091178060752784","0,00000116865367203442","0,00000230013403001799","0,00000130852651546621","0,00000197724368941051","0,00000001257782570875","0,00000260442557570336","0,00000065885402913388","0,00000369115898849055","0,00000202815832935388","0,00000148346116249296"
"-0,24343648874272766400","0,00000125794665153035","0,00000565340601257478","0,00000001236435200309","0,00000001237759255139","0,00000135403493515641","0,00000154404246485290","0,00000088354445545708","0,00000001186924355373","0,00000001229107835755","0,00000090494142954328","0,00000116125326214907","0,00000228481254160713","0,00000129799208504360","0,00000196644000413110","0,00000001259788787644","0,00000258775583542799","0,00000065514179223590","0,00000366911585821086","0,00000201656900152190","0,00000147523398983315"
"-0,24143256610541302700","0,00000125032249595365","0,00000562688900385445","0,00000001238622511406","0,00000001239714526077","0,00000134580576338211","0,00000153082934431849","0,00000087788999998062","0,00000001186139525825","0,00000001230912571750","0,00000089809510350094","0,00000115386072759300","0,00000226952603952170","0,00000128752313758248","0,00000195571273446098","0,00000001261530184628","0,00000257106700195626","0,00000065142820737765","0,00000364703874056052","0,00000200496101914818","0,00000146698535782544"
"-0,23942864346809839000","0,00000124273951610029","0,00000560014488244538","0,00000001240645951863","0,00000001241445377130","0,00000133756753491346","0,00000151765816376178","0,00000087221925573705","0,00000001185336602988","0,00000001232402813738","0,00000089124162940084","0,00000114647606836622","0,00000225427452376170","0,00000127711967308285","0,00000194506188040015","0,00000001263006761828","0,00000255435907528815","0,00000064771327455912","0,00000362492763553953","0,00000199333438223274","0,00000145871526646982"
"-0,23742472083078378100","0,00000123519771197027","0,00000557317364834758","0,00000001242505521680","0,00000001242951808299","0,00000132932024975047","0,00000150452892318275","0,00000086653222272639","0,00000001184515586865","0,00000001233578561720","0,00000088438100724296","0,00000113909928446872","0,00000223905799432713","0,00000126678169154472","0,00000193448744194861","0,00000001264218519242","0,00000253763205542367","0,00000064399699378033","0,00000360278254314790","0,00000198168909077557","0,00000145042371576630"
"-0,23542079819346914400","0,00000122769708356358","0,00000554597530156104","0,00000001244201220856","0,00000001244233819584","0,00000132106390789313","0,00000149144162258142","0,00000086082890094863","0,00000001183676477453","0,00000001234439815695","0,00000087751323702730","0,00000113173037590049","0,00000222387645121799","0,00000125650919296808","0,00000192398941910636","0,00000001265165456872","0,00000252088594236283","0,00000064027936504127","0,00000358060346338561","0,00000197002514477667","0,00000144211070571488"
"-0,23341687555615450700","0,00000122023763088022","0,00000551854984208577","0,00000001245733049391","0,00000001245291410984","0,00000131279850934144","0,00000147839626195777","0,00000085510929040378","0,00000001182819274754","0,00000001234986575664","0,00000087063831875388","0,00000112436934266155","0,00000220872989443427","0,00000124630217735293","0,00000191356781187340","0,00000001265847574717","0,00000250412073610562","0,00000063656038834194","0,00000355839039625268","0,00000195834254423605","0,00000143377623631555"
"-0,23141295291883987000","0,00000121281935392021","0,00000549089726992176","0,00000001247101007285","0,00000001246124582499","0,00000130452405409541","0,00000146539284131182","0,00000084937339109183","0,00000001181943978767","0,00000001235218841627","0,00000086375625242268","0,00000111701618475189","0,00000219361832397599","0,00000123616064469928","0,00000190322262024974","0,00000001266264872777","0,00000248733643665203","0,00000063284006368234","0,00000353614334174910","0,00000194664128915369","0,00000142542030756832"
"-0,22940903028152526100","0,00000120544225268353","0,00000546301758506902","0,00000001248305094539","0,00000001246733334131","0,00000129624054215504","0,00000145243136064355","0,00000084362120301278","0,00000001181050589493","0,00000001235136613583","0,00000085686703803372","0,00000110967090217151","0,00000217854173984314","0,00000122608459500711","0,00000189295384423536","0,00000001266417351052","0,00000247053304400208","0,00000062911839106247","0,00000351386229987486","0,00000193492137952961","0,00000141704291947319"
"-0,22740510764421062400","0,00000119810632717019","0,00000543491078752754","0,00000001249345311153","0,00000001247117665877","0,00000128794797352032","0,00000143951181995298","0,00000083785272616664","0,00000001180139106930","0,00000001234739891533","0,00000084997067558698","0,00000110233349492042","0,00000216350014203571","0,00000121607402827644","0,00000188276148383028","0,00000001266305009542","0,00000245371055815576","0,00000062539537048232","0,00000349154727062999","0,00000192318281536380","0,00000140864407203015"
"-0,22540118500689598800","0,00000119081157738018","0,00000540657687729732","0,00000001250221657125","0,00000001247277577740","0,00000127964634819125","0,00000142663421924010","0,00000083206796055340","0,00000001179209531081","0,00000001234028675477","0,00000084306716508246","0,00000109500396299860","0,00000214849353055372","0,00000120612894450726","0,00000187264553903449","0,00000001265927848247","0,00000243686897911308","0,00000062167100194191","0,00000346919825401446","0,00000191142559665626","0,00000140022376523921"
"-0,22339726236958137900","0,00000118355800331351","0,00000537801585437837","0,00000001250934132457","0,00000001247213069717","0,00000127133566616783","0,00000141379855850490","0,00000082626690617306","0,00000001178261861943","0,00000001233002965414","0,00000083615650652018","0,00000108768230640607","0,00000213352190539716","0,00000119624934369957","0,00000186260600984799","0,00000001265285867167","0,00000242000830687402","0,00000061794528544123","0,00000344681525002828","0,00000189964972340699","0,00000139178199910037"
"-0,22139333973226674200","0,00000117634560497018","0,00000534922771877069","0,00000001251482737149","0,00000001246924141811","0,00000126301592745008","0,00000140100483774740","0,00000082044956302563","0,00000001177296099518","0,00000001231662761345","0,00000082923869990012","0,00000108036852514282","0,00000211858526656602","0,00000118643522585338","0,00000185264289627078","0,00000001264379066303","0,00000240312854143860","0,00000061421822098028","0,00000342439825867145","0,00000188785519561600","0,00000138331877361362"
"-0,21938941709495210500","0,00000116917438235019","0,00000532021247047426","0,00000001251867471200","0,00000001246410794020","0,00000125468713203797","0,00000138825305696759","0,00000081461593111110","0,00000001176312243806","0,00000001230008063270","0,00000082231374522229","0,00000107306261920885","0,00000210368361406031","0,00000117668659096868","0,00000184275619830286","0,00000001263207445653","0,00000238622968280680","0,00000061048980855906","0,00000340194727994398","0,00000187604201328328","0,00000137483408877897"
"-0,21738549445763746800","0,00000116204433545353","0,00000529097010948911","0,00000001252088334610","0,00000001245673026344","0,00000124634927993152","0,00000137554321616547","0,00000080876601042947","0,00000001175310294805","0,00000001228038871188","0,00000081538164248669","0,00000106576458860416","0,00000208881694788004","0,00000116700343904547","0,00000183294591594423","0,00000001261771005219","0,00000236931173097864","0,00000060676004817757","0,00000337946231384585","0,00000186421017640883","0,00000136632794459642"
"-0,21538157182032285900","0,00000115495546428021","0,00000526150063581521","0,00000001252145327380","0,00000001244710838785","0,00000123800237113072","0,00000136287531534104","0,00000080289980098075","0,00000001174290252517","0,00000001225755185100","0,00000080844239169331","0,00000105847443332875","0,00000207398526802519","0,00000115738577008375","0,00000182321204919489","0,00000001260069745000","0,00000235237468595411","0,00000060302893983581","0,00000335694336037708","0,00000185235968499265","0,00000135780034106596"
"-0,21337764918300822200","0,00000114790776883022","0,00000523180404945259","0,00000001252038449509","0,00000001243524231340","0,00000122964640563558","0,00000135024935449430","0,00000079701730276493","0,00000001173252116942","0,00000001223157005005","0,00000080149599284217","0,00000105119215338262","0,00000205918857449577","0,00000114783358408353","0,00000181355459805484","0,00000001258103664996","0,00000233541854773321","0,00000059929648353378","0,00000333439041953766","0,00000184049053903474","0,00000134925127818760"
"-0,21137372654569358500","0,00000114090124910357","0,00000520188035040122","0,00000001251767700997","0,00000001242113204011","0,00000122128138344609","0,00000133766533362525","0,00000079111851578201","0,00000001172195888078","0,00000001220244330905","0,00000079454244593325","0,00000104391774876578","0,00000204442686729179","0,00000113834688104479","0,00000180397356252409","0,00000001255872765207","0,00000231844331631594","0,00000059556267927148","0,00000331180349132759","0,00000182860273853511","0,00000134068075596133"
"-0,20936980390837894900","0,00000113393590510026","0,00000517172953866112","0,00000001251333081845","0,00000001240477756798","0,00000121290730456225","0,00000132512325273389","0,00000078520344003200","0,00000001171121565927","0,00000001217017162797","0,00000078758175096656","0,00000103665121947822","0,00000202970014641323","0,00000112892566096755","0,00000179446894260262","0,00000001253377045633","0,00000230144899170230","0,00000059182752704891","0,00000328918257574687","0,00000181669628349374","0,00000133208877438716"
"-0,20736588127106434000","0,00000112701173682028","0,00000514135161423229","0,00000001250734592052","0,00000001238617889701","0,00000120452416898407","0,00000131262311182022","0,00000077927207551489","0,00000001170029150489","0,00000001213475500684","0,00000078061390794209","0,00000102939256551993","0,00000201500841186010","0,00000111956992385180","0,00000178504073829045","0,00000001250616506274","0,00000228443557389230","0,00000058809102686608","0,00000326652767279551","0,00000180477117391065","0,00000132347533346509"
"-0,20536195863374970300","0,00000112012874426365","0,00000511074657711472","0,00000001249972231619","0,00000001236533602718","0,00000119613197671154","0,00000130016491088424","0,00000077332442223069","0,00000001168918641763","0,00000001209619344564","0,00000077363891685986","0,00000102214178689093","0,00000200035166363240","0,00000111027966969755","0,00000177568894958757","0,00000001247591147130","0,00000226740306288592","0,00000058435317872297","0,00000324383878247349","0,00000179282740978583","0,00000131484043319512"
"-0,20335803599643506600","0,00000111328692743034","0,00000507991442730842","0,00000001249046000545","0,00000001234224895852","0,00000118773072774467","0,00000128774864992595","0,00000076736048017939","0,00000001167790039749","0,00000001205448694438","0,00000076665677771985","0,00000101489888359122","0,00000198572990173013","0,00000110105489850478","0,00000176641357649398","0,00000001244300968202","0,00000225035145868318","0,00000058061398261959","0,00000322111590478082","0,00000178086499111929","0,00000130618407357724"
"-0,20135411335912042900","0,00000110648628632038","0,00000504885516481338","0,00000001247955898830","0,00000001231691769101","0,00000117932042208345","0,00000127537432894535","0,00000076138024936099","0,00000001166643344447","0,00000001200963550305","0,00000075966749052207","0,00000100766385562078","0,00000197114312615329","0,00000109189561027351","0,00000175721461900968","0,00000001240745969488","0,00000223328076128407","0,00000057687343855594","0,00000319835903971751","0,00000176888391791101","0,00000129750625461146"
"-0,19935019072180582000","0,00000109971390145532","0,00000501762169390821","0,00000001246783246946","0,00000001229133066818","0,00000117093183321581","0,00000126308046649614","0,00000075540154501690","0,00000001165541244950","0,00000001196517498425","0,00000075270527272578","0,00000100046176922944","0,00000195662605977974","0,00000108283699808249","0,00000174810836512862","0,00000001237190492656","0,00000221624018018373","0,00000057314453899843","0,00000317565120366966","0,00000175691652023110","0,00000128880729051360"
"-0,19734626808449118300","0,00000109295685335672","0,00000498626691887154","0,00000001245609365365","0,00000001226747633355","0,00000116259573462968","0,00000125090558113201","0,00000074944218238854","0,00000001164546430347","0,00000001192464125058","0,00000074580434179026","0,00000099331769066701","0,00000194221342548734","0,00000107391425501047","0,00000173911110284478","0,00000001233898879370","0,00000219927892487731","0,00000056944027641348","0,00000315307541302337","0,00000174499512814963","0,00000128008749549948"
"-0,19534234544717654600","0,00000108621514202459","0,00000495479083970335","0,00000001244434254085","0,00000001224535468714","0,00000115431212632506","0,00000123884967285296","0,00000074350216147591","0,00000001163658900639","0,00000001188803430202","0,00000073896469771549","0,00000098623161993349","0,00000192790522327610","0,00000106512738105745","0,00000173022283215815","0,00000001230871129631","0,00000218239699536480","0,00000056576065080107","0,00000313063166777865","0,00000173311974166662","0,00000127134686956912"
"-0,19333842280986191000","0,00000107948876745893","0,00000492319345640365","0,00000001243257913107","0,00000001222496572892","0,00000114608100830194","0,00000122691274165900","0,00000073758148227900","0,00000001162878655825","0,00000001185535413858","0,00000073218634050148","0,00000097920355702888","0,00000191370145314601","0,00000105647637622344","0,00000172144355306873","0,00000001228107243438","0,00000216559439164621","0,00000056210566216122","0,00000310831996793550","0,00000172129036078206","0,00000126258541272250"
"-0,19133450017254730000","0,00000107277772965974","0,00000489147476897244","0,00000001242080342432","0,00000001220630945891","0,00000113790238056033","0,00000121509478755012","0,00000073168014479782","0,00000001162205695907","0,00000001182660076026","0,00000072546927014823","0,00000097223350195319","0,00000189960211509708","0,00000104796124050843","0,00000171277326557651","0,00000001225607220793","0,00000214887111372153","0,00000055847531049392","0,00000308614031349391","0,00000170950698549594","0,00000125380312495963"
"-0,18933057753523266400","0,00000106608202862701","0,00000485963477740972","0,00000001240901542058","0,00000001218938587711","0,00000112977624310023","0,00000120339581052632","0,00000072579814903236","0,00000001161640020884","0,00000001180177416706","0,00000071881348665574","0,00000096532145470640","0,00000188560720912930","0,00000103958197391242","0,00000170421196968150","0,00000001223371061694","0,00000213222716159078","0,00000055486959579918","0,00000306409270445389","0,00000169776961580828","0,00000124500000628051"
"-0,18732665489791802700","0,00000105940166436075","0,00000482767348171549","0,00000001239721511987","0,00000001217419498351","0,00000112170259592164","0,00000119181581058760","0,00000071993549498263","0,00000001161181630755","0,00000001178087435898","0,00000071221899002401","0,00000095846741528853","0,00000187171673524267","0,00000103133857643542","0,00000169575966538371","0,00000001221398766142","0,00000211566253525393","0,00000055128851807698","0,00000304217714081544","0,00000168607825171906","0,00000123617605668513"
"-0,18532273226060341800","0,00000105273663686096","0,00000479559088188975","0,00000001238540252217","0,00000001216073677812","0,00000111368143902455","0,00000118035478773396","0,00000071409218264863","0,00000001160830525522","0,00000001176390133602","0,00000070568578025304","0,00000095167138369957","0,00000185793069343720","0,00000102323104807742","0,00000168741635268312","0,00000001219690334136","0,00000209917723471100","0,00000054773207732734","0,00000302039362257856","0,00000167443289322830","0,00000122733127617350"
"-0,18331880962328878100","0,00000104608694612764","0,00000476338697793249","0,00000001237357762750","0,00000001214901126093","0,00000110571277240897","0,00000116901274196541","0,00000070826821203035","0,00000001160586705183","0,00000001175085509818","0,00000069921385734283","0,00000094493335993952","0,00000184424908371288","0,00000101525938883842","0,00000167918203157974","0,00000001218245765678","0,00000208277125996199","0,00000054420027355025","0,00000299874214974324","0,00000166283354033599","0,00000121846566474562"
"-0,18131488698597414400","0,00000103945259216078","0,00000473106176984372","0,00000001236174043585","0,00000001213901843194","0,00000109779659607490","0,00000115778967328193","0,00000070246358312779","0,00000001160450169739","0,00000001174173564546","0,00000069280322129337","0,00000093825334400839","0,00000183067190606972","0,00000100742359871842","0,00000167105670207357","0,00000001217065060766","0,00000206644461100690","0,00000054069310674571","0,00000297722272230949","0,00000165128019304212","0,00000120957922240149"
"-0,17931096434865950700","0,00000103283357496039","0,00000469861525762344","0,00000001234989094722","0,00000001213075829117","0,00000108993291002233","0,00000114668558168354","0,00000069667829594096","0,00000001160420919190","0,00000001173654297786","0,00000068645387210468","0,00000093163133590616","0,00000181719916050771","0,00000099972367771743","0,00000166304036416461","0,00000001216148219400","0,00000205019728784572","0,00000053721057691372","0,00000295583534027730","0,00000163977285134671","0,00000120067194914110"
"-0,17730704171134489800","0,00000102622989452647","0,00000466604744127166","0,00000001233802916161","0,00000001212423083859","0,00000108212171425127","0,00000113570046717023","0,00000069091235046986","0,00000001160498953536","0,00000001173527709538","0,00000068016580977675","0,00000092506733563284","0,00000180383084702686","0,00000099215962583544","0,00000165513301785285","0,00000001215495241582","0,00000203402929047846","0,00000053375268405429","0,00000293458000364669","0,00000162831151524974","0,00000119174384496446"
"-0,17530311907403026100","0,00000101964155085902","0,00000463335832078835","0,00000001232615507902","0,00000001211943607422","0,00000107436300876172","0,00000112483432974201","0,00000068516574671448","0,00000001160684272777","0,00000001173793799802","0,00000067393903430957","0,00000091856134318844","0,00000179056696562716","0,00000098473144307246","0,00000164733466313831","0,00000001215106127310","0,00000201794061890511","0,00000053031942816740","0,00000291345671241764","0,00000161689618475123","0,00000118279490987157"
"-0,17329919643671562500","0,00000101306854395803","0,00000460054789617354","0,00000001231426869945","0,00000001211637399806","0,00000106665679355368","0,00000111408716939886","0,00000067943848467483","0,00000001160976876913","0,00000001174452568578","0,00000066777354570316","0,00000091211335857295","0,00000177740751630861","0,00000097743912942847","0,00000163964530002098","0,00000001214980876585","0,00000200193127312568","0,00000052691080925307","0,00000289246546659015","0,00000160552685985116","0,00000117382514386242"
"-0,17129527379940098800","0,00000100651087382352","0,00000456761616742722","0,00000001230237002290","0,00000001211504461010","0,00000105900306862715","0,00000110345898614080","0,00000067373056435090","0,00000001161376765943","0,00000001175504015866","0,00000066166934395750","0,00000090572338178637","0,00000176435249907121","0,00000097028268490349","0,00000163206492850085","0,00000001215119489407","0,00000198600125314016","0,00000052352682731129","0,00000287160626616424","0,00000159420354054955","0,00000116483454693702"
"-0,16929135116208637900","0,00000099996854045546","0,00000453456313454938","0,00000001229045904937","0,00000001211544791035","0,00000105140183398212","0,00000109294977996782","0,00000066804198574270","0,00000001161883939869","0,00000001176948141666","0,00000065562642907260","0,00000089939141282870","0,00000175140191391497","0,00000096326210949752","0,00000162459354857793","0,00000001215521965775","0,00000197015055894856","0,00000052016748234207","0,00000285087911113989","0,00000158292622684638","0,00000115582311909537"
"-0,16728742852477174200","0,00000099344154385388","0,00000450138879754004","0,00000001227853577887","0,00000001211758389880","0,00000104385308961860","0,00000108255955087993","0,00000066237274885022","0,00000001162498398689","0,00000001178784945978","0,00000064964480104847","0,00000089311745169994","0,00000173855576083989","0,00000095637740321055","0,00000161723116025222","0,00000001216188305690","0,00000195437919055088","0,00000051683277434539","0,00000283028400151711","0,00000157169491874167","0,00000114679086033747"
"-0,16528350588745710500","0,00000098692988401876","0,00000446809315639918","0,00000001226660021138","0,00000001212145257546","0,00000103635683553658","0,00000107228829887711","0,00000065672285367347","0,00000001163220142404","0,00000001181014428801","0,00000064372445988509","0,00000088690149840010","0,00000172581403984596","0,00000094962856604258","0,00000160997776352372","0,00000001217118509152","0,00000193868714794711","0,00000051352270332127","0,00000280982093729589","0,00000156050961623540","0,00000113773777066332"
"-0,16327958325014246800","0,00000098043356095012","0,00000443467621112681","0,00000001225465234691","0,00000001212705394032","0,00000102891307173608","0,00000106213602395938","0,00000065109230021244","0,00000001164049171014","0,00000001183636590137","0,00000063786540558247","0,00000088074355292916","0,00000171317675093318","0,00000094301559799361","0,00000160283335839243","0,00000001218312576161","0,00000192307443113726","0,00000051023726926970","0,00000278948991847624","0,00000154937031932759","0,00000112866385007291"
"-0,16127566061282785900","0,00000097395257464794","0,00000440113796172293","0,00000001224269218547","0,00000001213438799339","0,00000102152179821708","0,00000105210272612673","0,00000064548108846714","0,00000001164985484519","0,00000001186651429985","0,00000063206763814061","0,00000087464361528714","0,00000170064389410156","0,00000093653849906365","0,00000159579794485835","0,00000001219770506716","0,00000190754104012132","0,00000050697647219068","0,00000276929094505816","0,00000153827702801822","0,00000111956909856625"
"-0,15927173797551322200","0,00000096748692511222","0,00000436747840818754","0,00000001223071972705","0,00000001214345473466","0,00000101418301497958","0,00000104218840537916","0,00000063988921843757","0,00000001166029082919","0,00000001190058948345","0,00000062633115755951","0,00000086860168547403","0,00000168821546935109","0,00000093019726925268","0,00000158887152292148","0,00000001221492300818","0,00000189208697489930","0,00000050374031208421","0,00000274922401704165","0,00000152722974230731","0,00000111045351614333"
"-0,15726781533819858500","0,00000096103661234298","0,00000433369755052063","0,00000001221873497164","0,00000001215425416414","0,00000100689672202360","0,00000103239306171667","0,00000063431669012372","0,00000001167179966214","0,00000001193859145216","0,00000062065596383917","0,00000086261776348983","0,00000167589147668177","0,00000092399190856073","0,00000158205409258182","0,00000001223477958467","0,00000187671223547119","0,00000050052878895030","0,00000272928913442670","0,00000151622846219484","0,00000110131710280417"
"-0,15526389270088394900","0,00000095460163634020","0,00000429979538872222","0,00000001220673791926","0,00000001216678628183","0,00000099966291934912","0,00000102271669513927","0,00000062876350352559","0,00000001168438134404","0,00000001198052020600","0,00000061504205697959","0,00000085669184933454","0,00000166367191609361","0,00000091792241698777","0,00000157534565383936","0,00000001225727479662","0,00000186141682183700","0,00000049734190278893","0,00000270948629721332","0,00000150527318768082","0,00000109215985854875"
"-0,15325997006356934000","0,00000094818199710389","0,00000426577192279229","0,00000001219472856990","0,00000001218105108771","0,00000099248160695615","0,00000101315930564694","0,00000062322965864319","0,00000001169803587488","0,00000001202637574495","0,00000060948943698077","0,00000085082394300816","0,00000165155678758660","0,00000091198879453382","0,00000156874620669412","0,00000001228240864405","0,00000184620073399673","0,00000049417965360012","0,00000268981550540151","0,00000149436391876526","0,00000108298178337708"
"-0,15125604742625470300","0,00000094177769463404","0,00000423162715273085","0,00000001218270692356","0,00000001219704858181","0,00000098535278484469","0,00000100372089323970","0,00000061771515547652","0,00000001171276325468","0,00000001207615806903","0,00000060399810384271","0,00000084501404451070","0,00000163954609116075","0,00000090619104119887","0,00000156225575114608","0,00000001231018112694","0,00000183106397195037","0,00000049104204138386","0,00000267027675899127","0,00000148350065544814","0,00000107378287728915"
"-0,14925212478894006600","0,00000093549368273986","0,00000419758561705826","0,00000001217130776313","0,00000001221352930209","0,00000097830038494684","0,00000099445548431518","0,00000061225744297433","0,00000001172755616315","0,00000001212549151598","0,00000059863669056918","0,00000083928833583123","0,00000162773650714497","0,00000090055683748410","0,00000155594862116585","0,00000001233827904533","0,00000181609784078847","0,00000048794140060073","0,00000265092645787870","0,00000147269892911212","0,00000106461983084958"
"-0,14724820215162545700","0,00000092943491523051","0,00000416387185429485","0,00000001216116587149","0,00000001222924378653","0,00000097134833919469","0,00000098541710527100","0,00000060689397008536","0,00000001174140728003","0,00000001217000042357","0,00000059347383016398","0,00000083367299895882","0,00000161622471586818","0,00000089511386389066","0,00000154989915072403","0,00000001236438919928","0,00000180139364560154","0,00000048489006571130","0,00000263182100195991","0,00000146197427113984","0,00000105554933462295"
"-0,14524427951431082000","0,00000092360139210602","0,00000413048586444064","0,00000001215228124865","0,00000001224419203514","0,00000096449664758826","0,00000097660575610717","0,00000060162473680963","0,00000001175431660532","0,00000001220968479180","0,00000058850952262710","0,00000082816803389350","0,00000160501071733039","0,00000088986212041857","0,00000154410733982062","0,00000001238851158879","0,00000178695138638960","0,00000048188803671558","0,00000261296039123490","0,00000145132668153130","0,00000104657138860926"
"-0,14324035687699618300","0,00000091799311336636","0,00000409742764749563","0,00000001214465389460","0,00000001225837404792","0,00000095774531012753","0,00000096802143682369","0,00000059644974314713","0,00000001176628413902","0,00000001224454462066","0,00000058374376795854","0,00000082277344063524","0,00000159409451153159","0,00000088480160706781","0,00000153857318845563","0,00000001241064621384","0,00000177277106315265","0,00000047893531361356","0,00000259434462570369","0,00000144075616028649","0,00000103768599280852"
"-0,14123643423968154600","0,00000091261007901156","0,00000406469720345981","0,00000001213828380935","0,00000001227178982486","0,00000095109432681252","0,00000095966414742056","0,00000059136898909786","0,00000001177730988113","0,00000001227457991016","0,00000057917656615829","0,00000081748921918405","0,00000158347609847178","0,00000087993232383840","0,00000153329669662904","0,00000001243079307444","0,00000175885267589067","0,00000047603189640524","0,00000257597370536625","0,00000143026270740543","0,00000102889314722073"
"-0,13923251160236693700","0,00000090745228904159","0,00000403229453233318","0,00000001213317099289","0,00000001228443936597","0,00000094454369764322","0,00000095153388789778","0,00000058638247466182","0,00000001178739383164","0,00000001229979066029","0,00000057480791722637","0,00000081231536953994","0,00000157315547815097","0,00000087525427073032","0,00000152827786434086","0,00000001244895217059","0,00000174519622460368","0,00000047317778509063","0,00000255784763022260","0,00000141984632288811","0,00000102019285184588"
"-0,13722858896505230100","0,00000090251974345648","0,00000400021963411575","0,00000001212931544523","0,00000001229632267125","0,00000093809342261962","0,00000094363065825534","0,00000058149019983901","0,00000001179653599056","0,00000001232017687106","0,00000057063782116277","0,00000080725189170290","0,00000156313265056915","0,00000087076744774358","0,00000152351669159109","0,00000001246512350230","0,00000173180170929167","0,00000047037297966972","0,00000253996640027273","0,00000140950700673452","0,00000101158510668398"
"-0,13522466632773766400","0,00000089781244225620","0,00000396847250880751","0,00000001212671716637","0,00000001230743974069","0,00000093174350174174","0,00000093595445849326","0,00000057669216462943","0,00000001180473635789","0,00000001233573854247","0,00000056666627796748","0,00000080229878567293","0,00000155340761572632","0,00000086647185487819","0,00000151901317837973","0,00000001247930706956","0,00000171866912995465","0,00000046761748014252","0,00000252233001551664","0,00000139924475894468","0,00000100306991173503"
"-0,13322074369042302700","0,00000089333038544078","0,00000393705315640846","0,00000001212537615630","0,00000001231779057430","0,00000092549393500957","0,00000092850528861152","0,00000057198836903309","0,00000001181199493363","0,00000001234647567451","0,00000056289328764052","0,00000079745605145004","0,00000154398037362249","0,00000086236749213413","0,00000151476732470678","0,00000001249150287236","0,00000170579848659261","0,00000046491128650902","0,00000250493847595434","0,00000138905957951858","0,00000099464726699902"
"-0,13121682105310841800","0,00000088907357301019","0,00000390596157691861","0,00000001212529241502","0,00000001232737517207","0,00000091934472242310","0,00000092128314861013","0,00000056737881304997","0,00000001181831171778","0,00000001235238826718","0,00000055931885018188","0,00000079272368903421","0,00000153485092425765","0,00000085845435951142","0,00000151077913057224","0,00000001250171091072","0,00000169318977920555","0,00000046225439876922","0,00000248779178158582","0,00000137895146845621","0,00000098631717247596"
"-0,12921289841579378100","0,00000088504200496445","0,00000387519777033796","0,00000001212646594254","0,00000001233619353401","0,00000091329586398235","0,00000091428803848908","0,00000056286349668009","0,00000001182368671033","0,00000001235347632049","0,00000055594296559155","0,00000078810169842546","0,00000152601926763180","0,00000085473245701005","0,00000150704859597611","0,00000001250993118463","0,00000168084300779348","0,00000045964681692312","0,00000247088993241108","0,00000136892042575758","0,00000097807962816584"
"-0,12720897577847914400","0,00000088123568130356","0,00000384476173666649","0,00000001212889673886","0,00000001234424566012","0,00000090734735968731","0,00000090751995824839","0,00000055844241992344","0,00000001182811991129","0,00000001234973983444","0,00000055276563386955","0,00000078359007962378","0,00000151748540374495","0,00000085120178463001","0,00000150357572091839","0,00000001251616369409","0,00000166875817235639","0,00000045708854097073","0,00000245423292843013","0,00000135896645142270","0,00000096993463406867"
"-0,12520505314116450700","0,00000087765460202751","0,00000381465347590422","0,00000001213258480397","0,00000001235153155039","0,00000090149920953798","0,00000090097890788804","0,00000055411558278001","0,00000001183161132066","0,00000001234117880903","0,00000054978685501587","0,00000077918883262917","0,00000150924933259709","0,00000084786234237132","0,00000150036050539908","0,00000001252040843910","0,00000165693527289428","0,00000045457957091205","0,00000243782076964296","0,00000134908954545155","0,00000096188219018445"
"-0,12320113050384988400","0,00000087429876713631","0,00000378487298805114","0,00000001213753013787","0,00000001235805120483","0,00000089575141353435","0,00000089466488740805","0,00000054988298524982","0,00000001183416093844","0,00000001232779324425","0,00000054700662903050","0,00000077489795744164","0,00000150131105418822","0,00000084471413023396","0,00000149740294941818","0,00000001252266541967","0,00000164537430940716","0,00000045211990674706","0,00000242165345604958","0,00000133928970784414","0,00000095392229651317"
"-0,12119720786653526100","0,00000087116817662995","0,00000375542027310726","0,00000001214373274057","0,00000001236380462344","0,00000089010397167644","0,00000088857789680840","0,00000054574462733286","0,00000001183576876463","0,00000001230958314010","0,00000054442495591346","0,00000077071745406117","0,00000149367056851835","0,00000084175714821795","0,00000149470305297569","0,00000001252293463578","0,00000163407528189502","0,00000044970954847578","0,00000240573098764998","0,00000132956693860048","0,00000094605495305484"
"-0,11919328522922063800","0,00000086826283050844","0,00000372629533107257","0,00000001215119261207","0,00000001236879180621","0,00000088455688396424","0,00000088271793608910","0,00000054170050902914","0,00000001183643479923","0,00000001228654849659","0,00000054204183566473","0,00000076664732248778","0,00000148632787558747","0,00000083899139632327","0,00000149226081607160","0,00000001252121608745","0,00000162303819035786","0,00000044734849609821","0,00000239005336444416","0,00000131992123772055","0,00000093828015980945"
"-0,11718936259190600200","0,00000086558272877177","0,00000369749816194708","0,00000001215990975236","0,00000001237301275314","0,00000087911015039774","0,00000087708500525014","0,00000053775063033864","0,00000001183615904223","0,00000001225868931372","0,00000053985726828433","0,00000076268756272146","0,00000147928297539558","0,00000083641687454994","0,00000149007623870593","0,00000001251750977466","0,00000161226303479569","0,00000044503674961434","0,00000237462058643212","0,00000131035260520436","0,00000093059791677702"
"-0,11518543995459137900","0,00000086312787141994","0,00000366902876573078","0,00000001216988416144","0,00000001237646746425","0,00000087376377097696","0,00000087167910429154","0,00000053389499126137","0,00000001183494149364","0,00000001222600559149","0,00000053787125377225","0,00000075883817476221","0,00000147253586794269","0,00000083403358289795","0,00000148814932087867","0,00000001251181569743","0,00000160174981520850","0,00000044277430902417","0,00000235943265361387","0,00000130086104105191","0,00000092300822395752"
"-0,11318151731727674200","0,00000086089825845296","0,00000364088714242367","0,00000001218111583933","0,00000001237915593952","0,00000086851774570189","0,00000086650023321328","0,00000053013359179734","0,00000001183278215346","0,00000001218849732988","0,00000053608379212848","0,00000075509915861004","0,00000146608655322879","0,00000083184152136729","0,00000148648006258982","0,00000001250413385575","0,00000159149853159629","0,00000044056117432771","0,00000234448956598940","0,00000129144654526320","0,00000091551108135098"
"-0,11117759467996211900","0,00000085889388987083","0,00000361307329202576","0,00000001219360478600","0,00000001238107817895","0,00000086337207457253","0,00000086154839201537","0,00000052646643194654","0,00000001182968102169","0,00000001214616452892","0,00000053449488335304","0,00000075147051426494","0,00000145993503125388","0,00000082984068995798","0,00000148506846383938","0,00000001249446424962","0,00000158150918395907","0,00000043839734552494","0,00000232979132355872","0,00000128210911783823","0,00000090810648895737"
"-0,10917367204264748200","0,00000085711476567354","0,00000358558721453704","0,00000001220735100147","0,00000001238223418255","0,00000085832675758887","0,00000085682358069782","0,00000052289351170896","0,00000001182563809832","0,00000001209900718859","0,00000053310452744591","0,00000074795224172691","0,00000145408130201797","0,00000082803108867001","0,00000148391452462734","0,00000001248280687904","0,00000157178177229683","0,00000043628282261589","0,00000231533792632182","0,00000127284875877700","0,00000090079444677672"
"-0,10716974940533285900","0,00000085556088586110","0,00000355842890995752","0,00000001222235448574","0,00000001238262395032","0,00000085338179475093","0,00000085232579926060","0,00000051941483108462","0,00000001182065338337","0,00000001204702530890","0,00000053191272440711","0,00000074454434099595","0,00000144852536552105","0,00000082641271750338","0,00000148301824495372","0,00000001246916174401","0,00000156231629660957","0,00000043421760560053","0,00000230112937427870","0,00000126366546807951","0,00000089357495480901"
"-0,10516582676801822200","0,00000085423225043350","0,00000353159837828719","0,00000001223861523880","0,00000001238224748226","0,00000084853718605870","0,00000084805504770374","0,00000051603039007351","0,00000001181472687682","0,00000001199021888984","0,00000053091947423662","0,00000074124681207206","0,00000144326722176312","0,00000082498557645808","0,00000148237962481851","0,00000001245352884453","0,00000155311275689730","0,00000043220169447888","0,00000228716566742937","0,00000125455924574576","0,00000088644801305425"
"-0,10316190413070359900","0,00000085312885939074","0,00000350509561952605","0,00000001225613326066","0,00000001238110477836","0,00000084379293151218","0,00000084401132602723","0,00000051274018867563","0,00000001180785857868","0,00000001192858793142","0,00000053012477693446","0,00000073805965495525","0,00000143830687074419","0,00000082374966553413","0,00000148199866422170","0,00000001243590818060","0,00000154417115316001","0,00000043023508925094","0,00000227344680577382","0,00000124553009177575","0,00000087941362151243"
"-0,10115798149338896300","0,00000085225071273283","0,00000347892063367411","0,00000001227490855131","0,00000001237919583862","0,00000083914903111137","0,00000084019463423106","0,00000050954422689098","0,00000001180004848895","0,00000001186213243363","0,00000052952863250062","0,00000073498286964550","0,00000143364431246425","0,00000082270498473152","0,00000148187536316331","0,00000001241629975223","0,00000153549148539771","0,00000042831778991670","0,00000225997278931205","0,00000123657800616948","0,00000087247178018356"
"-0,09915405885607433970","0,00000085162350517548","0,00000345340857178680","0,00000001229336975641","0,00000001237667374444","0,00000083466528610726","0,00000083664341133965","0,00000050648237720760","0,00000001179213576839","0,00000001179547229794","0,00000052911283102487","0,00000073206804201281","0,00000142938983323145","0,00000082186812065500","0,00000148208796778189","0,00000001239599018822","0,00000152722443778342","0,00000042648148443553","0,00000224684810966345","0,00000122781299483412","0,00000086570223894346"
"-0,09715013621875970290","0,00000085127293143441","0,00000342889458491957","0,00000001230994552159","0,00000001237369157721","0,00000083040149775086","0,00000083339609637742","0,00000050359451211353","0,00000001178495957776","0,00000001173322742580","0,00000052885916259702","0,00000072936675792714","0,00000142565371935395","0,00000082125565990931","0,00000148271472421601","0,00000001237626611740","0,00000151952069449019","0,00000042475786076682","0,00000223417725844740","0,00000121934506367685","0,00000085918474766794"
"-0,09514621358144507990","0,00000085119899150961","0,00000340537867307242","0,00000001232463584685","0,00000001237024933693","0,00000082635766604216","0,00000083045268934436","0,00000050088063160876","0,00000001177851991707","0,00000001167539781722","0,00000052876762721705","0,00000072687901738850","0,00000142243597083175","0,00000082086760249446","0,00000148375563246567","0,00000001235712753977","0,00000151238025551801","0,00000042314691891056","0,00000222196023566390","0,00000121117421269766","0,00000085291930635702"
"-0,09314229094413044310","0,00000085140168540109","0,00000338286083624535","0,00000001233744073221","0,00000001236634702359","0,00000082253379098116","0,00000082781319024048","0,00000049834073569329","0,00000001177281678630","0,00000001162198347219","0,00000052883822488496","0,00000072460482039688","0,00000141973658766484","0,00000082070394841046","0,00000148521069253087","0,00000001233857445532","0,00000150580312086689","0,00000042164865886675","0,00000221019704131296","0,00000120330044189656","0,00000084690591501067"
"-0,09113836830681582010","0,00000085188101310884","0,00000336134107443836","0,00000001234836017764","0,00000001236198463720","0,00000081892987256786","0,00000082547759906577","0,00000049597482436713","0,00000001176785018547","0,00000001157298439071","0,00000052907095560076","0,00000072254416695228","0,00000141755556985322","0,00000082076469765729","0,00000148707990441161","0,00000001232060686406","0,00000149978929053683","0,00000042026308063539","0,00000219888767539456","0,00000119572375127355","0,00000084114457362892"
"-0,08913444566950118330","0,00000085263697463287","0,00000334081938765145","0,00000001235739418317","0,00000001235716217776","0,00000081554591080227","0,00000082344591582023","0,00000049378289763027","0,00000001176362011458","0,00000001152840057279","0,00000052946581936445","0,00000072069705705472","0,00000141589291739691","0,00000082104985023496","0,00000148936326810789","0,00000001230322476598","0,00000149433876452782","0,00000041899018421648","0,00000218803213790872","0,00000118844414082863","0,00000083563528221176"
"-0,08713052303218656040","0,00000085366956997317","0,00000332129577588462","0,00000001236454274878","0,00000001235187964526","0,00000081238190568437","0,00000082171814050387","0,00000049176495548272","0,00000001176012657361","0,00000001148823201842","0,00000053002281617602","0,00000071906349070417","0,00000141474863029589","0,00000082155940614347","0,00000149206078361970","0,00000001228642816109","0,00000148945154283987","0,00000041782996961003","0,00000217763042885543","0,00000118146161056179","0,00000083037804075918"
"-0,08512660039487193740","0,00000085497879912975","0,00000330277023913787","0,00000001236980587447","0,00000001234613703971","0,00000080943785721418","0,00000082029427311668","0,00000048992099792447","0,00000001175736956258","0,00000001145247872760","0,00000053074194603548","0,00000071764346790065","0,00000141412270855016","0,00000082229336538281","0,00000149517245094706","0,00000001227021704939","0,00000148512762547297","0,00000041678243681602","0,00000216768254823468","0,00000117477616047304","0,00000082537284927119"
"-0,08312267775755730060","0,00000085656466210260","0,00000328524277741120","0,00000001237318356026","0,00000001233993436111","0,00000080671376539170","0,00000081917431365866","0,00000048825102495553","0,00000001175534908149","0,00000001142114070034","0,00000053162320894282","0,00000071643698864416","0,00000141401515215973","0,00000082325172795300","0,00000149869827008996","0,00000001225459143087","0,00000148136701242713","0,00000041584758583447","0,00000215818849604649","0,00000116838779056238","0,00000082061970774779"
"-0,08111875512024267770","0,00000085842715889173","0,00000326871339070460","0,00000001237467580613","0,00000001233327160945","0,00000080420963021691","0,00000081835826212982","0,00000048675503657589","0,00000001175406513032","0,00000001139421793663","0,00000053266660489805","0,00000071544405293469","0,00000141442596112460","0,00000082443449385402","0,00000150263824104839","0,00000001223955130554","0,00000147816970370235","0,00000041502541666537","0,00000214914827229086","0,00000116229650082981","0,00000081611861618897"
"-0,07911483248292804080","0,00000086056628949714","0,00000325318207901809","0,00000001237428261208","0,00000001232614878474","0,00000080192545168983","0,00000081784611853015","0,00000048543303278556","0,00000001175351770909","0,00000001137171043647","0,00000053387213390117","0,00000071466466077224","0,00000141535513544476","0,00000082584166308589","0,00000150699236382237","0,00000001222509667340","0,00000147553569929862","0,00000041431592930872","0,00000214056187696777","0,00000115650229127532","0,00000081186957459475"
"-0,07711090984561341790","0,00000086298205391882","0,00000323864884235165","0,00000001237200397812","0,00000001231856588698","0,00000079986122981045","0,00000081763788285965","0,00000048428501358453","0,00000001175370681779","0,00000001135361819987","0,00000053523979595217","0,00000071409881215682","0,00000141680267512022","0,00000082747323564859","0,00000151176063841189","0,00000001221122753444","0,00000147346499921595","0,00000041371912376452","0,00000213242931007723","0,00000115100516189892","0,00000080787258296511"
"-0,07510698720829878110","0,00000086567445215678","0,00000322511368070529","0,00000001236783990425","0,00000001231052291617","0,00000079801696457877","0,00000081773355511833","0,00000048331097897281","0,00000001175463245642","0,00000001133994122682","0,00000053676959105105","0,00000071374650708843","0,00000141876858015097","0,00000082932921154213","0,00000151694306481694","0,00000001219794388867","0,00000147195760345433","0,00000041323500003277","0,00000212475057161925","0,00000114580511270060","0,00000080412764130005"
"-0,07310306457098415810","0,00000086864348421101","0,00000321257659407901","0,00000001236179039046","0,00000001230201987230","0,00000079639265599479","0,00000081813313530618","0,00000048251092895039","0,00000001175629462499","0,00000001133067951732","0,00000053846151919782","0,00000071360774556706","0,00000142125285053702","0,00000083140959076651","0,00000152253964303753","0,00000001218524573608","0,00000147101351201377","0,00000041286355811348","0,00000211752566159381","0,00000114090214368038","0,00000080063474959959"
"-0,07109914193366952130","0,00000087188915008151","0,00000320103758247282","0,00000001235385543676","0,00000001229305675537","0,00000079498830405852","0,00000081883662342321","0,00000048188486351728","0,00000001175869332349","0,00000001132583307138","0,00000054031558039248","0,00000071368252759271","0,00000142425548627836","0,00000083371437332172","0,00000152855037307367","0,00000001217313307668","0,00000147063272489426","0,00000041260479800663","0,00000211075458000093","0,00000113629625483824","0,00000079739390786371"
"-0,06909521929635489840","0,00000087541144976830","0,00000319049664588670","0,00000001234403504315","0,00000001228363356540","0,00000079380390876995","0,00000081984401946941","0,00000048143278267347","0,00000001176182855192","0,00000001132540188899","0,00000054233177463502","0,00000071397085316539","0,00000142777648737500","0,00000083624355920778","0,00000153497525492534","0,00000001216160591047","0,00000147081524209581","0,00000041245871971224","0,00000210443732684060","0,00000113198744617418","0,00000079440511609242"
"-0,06709129665904026150","0,00000087921038327136","0,00000318095378432065","0,00000001233232920962","0,00000001227375030237","0,00000079283947012908","0,00000082115532344478","0,00000048115468641896","0,00000001176570031029","0,00000001132938597015","0,00000054451010192545","0,00000071447272228509","0,00000143181585382694","0,00000083899714842467","0,00000154181428859255","0,00000001215066423744","0,00000147156106361842","0,00000041242532323030","0,00000209857390211282","0,00000112797571768822","0,00000079166837428572"
"-0,06508737402172563860","0,00000088328595059069","0,00000317240899777469","0,00000001231873793618","0,00000001226340696629","0,00000079209498813591","0,00000082277053534933","0,00000048105057475376","0,00000001177030859858","0,00000001133778531487","0,00000054685056226376","0,00000071518813495182","0,00000143637358563417","0,00000084197514097240","0,00000154906747407531","0,00000001214030805760","0,00000147287018946208","0,00000041250460856081","0,00000209316430581759","0,00000112426106938034","0,00000078918368244361"
"-0,06308345138441100180","0,00000088763815172630","0,00000316486228624881","0,00000001230326122282","0,00000001225260355715","0,00000079157046279045","0,00000082468965518305","0,00000048112044767787","0,00000001177565341681","0,00000001135059992314","0,00000054935315564996","0,00000071611709116558","0,00000144144968279670","0,00000084517753685098","0,00000155673481137360","0,00000001213053737095","0,00000147474261962679","0,00000041269657570377","0,00000208820853795491","0,00000112084350125055","0,00000078695104056608"
"-0,06107952874709637880","0,00000089226698667818","0,00000315831364974301","0,00000001228589906955","0,00000001224134007497","0,00000079126589409269","0,00000082691268294594","0,00000048136430519128","0,00000001178173476498","0,00000001136782979497","0,00000055201788208405","0,00000071725959092635","0,00000144704414531452","0,00000084860433606038","0,00000156481630048743","0,00000001212135217748","0,00000147717835411257","0,00000041300122465919","0,00000208370659852479","0,00000111772301329884","0,00000078497044865314"
"-0,05907560610978174890","0,00000089717245544635","0,00000315276308825728","0,00000001226665147637","0,00000001222961651972","0,00000079118128204263","0,00000082943961863801","0,00000048178214729399","0,00000001178855264307","0,00000001138947493034","0,00000055484474156602","0,00000071861563423416","0,00000145315697318764","0,00000085225553860063","0,00000157331194141680","0,00000001211275247720","0,00000148017739291940","0,00000041341855542705","0,00000207965848752721","0,00000111489960552523","0,00000078324190670479"
"-0,05707168347246711900","0,00000090235455803078","0,00000314821060179164","0,00000001224551844327","0,00000001221743289143","0,00000079131662664027","0,00000083227046225925","0,00000048237397398601","0,00000001179610705110","0,00000001141553532928","0,00000055783373409588","0,00000072018522108899","0,00000145978816641605","0,00000085613114447172","0,00000158222173416171","0,00000001210473827010","0,00000148373973604728","0,00000041394856800737","0,00000207606420496219","0,00000111237327792969","0,00000078176541472103"
"-0,05506776083515248920","0,00000090781329443149","0,00000314465619034607","0,00000001222249997026","0,00000001220478919008","0,00000079167192788561","0,00000083540521380967","0,00000048313978526733","0,00000001180439798906","0,00000001144601099176","0,00000056098485967362","0,00000072196835149084","0,00000146693772499976","0,00000086023115367365","0,00000159154567872216","0,00000001209730955619","0,00000148786538349622","0,00000041459126240014","0,00000207292375082971","0,00000111014403051225","0,00000078054097270185"
"-0,05306383819783785930","0,00000091354866464848","0,00000314209985392059","0,00000001219759605733","0,00000001219168541568","0,00000079224718577866","0,00000083884387328926","0,00000048407958113796","0,00000001181342545696","0,00000001148090191780","0,00000056429811829925","0,00000072396502543972","0,00000147460564893877","0,00000086455556620641","0,00000160128377509815","0,00000001209046633547","0,00000149255433526622","0,00000041534663860536","0,00000207023712512979","0,00000110821186327289","0,00000077956858064727"
"-0,05105991556052322940","0,00000091956066868174","0,00000314054159251518","0,00000001217080670449","0,00000001217812156823","0,00000079304240031941","0,00000084258644069802","0,00000048519336159790","0,00000001182318945479","0,00000001152020810739","0,00000056777350997276","0,00000072617524293562","0,00000148279193823307","0,00000086910438207001","0,00000161143602328968","0,00000001208420860793","0,00000149780659135727","0,00000041621469662303","0,00000206800432786242","0,00000110657677621162","0,00000077884823855727"
"-0,04905599292320859950","0,00000092579997943696","0,00000313976581452982","0,00000001214448332443","0,00000001216479734842","0,00000079403002955074","0,00000084657965947863","0,00000048643616294956","0,00000001183280592240","0,00000001156029799986","0,00000057136077644238","0,00000072859809773105","0,00000149144234319566","0,00000087385940720665","0,00000162194234076632","0,00000001207877434755","0,00000150354947562877","0,00000041717905061619","0,00000206627720845649","0,00000110524923362618","0,00000077838492375046"
"-0,04705207028589396960","0,00000093221726981981","0,00000313955692836450","0,00000001212097732983","0,00000001215241245696","0,00000079518253151554","0,00000085077027307377","0,00000048776302149540","0,00000001184139079965","0,00000001159754003454","0,00000057500965945631","0,00000073123268357851","0,00000150050261413951","0,00000087880244755852","0,00000163274264499767","0,00000001207440152828","0,00000150971031194012","0,00000041822331474788","0,00000206510761634087","0,00000110423969981428","0,00000077818361354544"
"-0,04504814764857933970","0,00000093881253983030","0,00000313991493401921","0,00000001210028872069","0,00000001214096689385","0,00000079649990621379","0,00000085515828148343","0,00000048917393723539","0,00000001184894408653","0,00000001163193421142","0,00000057872015901457","0,00000073407900047800","0,00000150997275106464","0,00000088393350312562","0,00000164383693598372","0,00000001207109015013","0,00000151628910029131","0,00000041934748901810","0,00000206449555151558","0,00000110354817477595","0,00000077824430794222"
"-0,04304422501126470980","0,00000094558578946842","0,00000314083983149395","0,00000001208241749702","0,00000001213046065909","0,00000079798215364551","0,00000085974368470762","0,00000049066891016955","0,00000001185546578305","0,00000001166348053050","0,00000058249227511714","0,00000073713704842952","0,00000151985275397104","0,00000088925257390796","0,00000165522521372447","0,00000001206884021309","0,00000152328584068235","0,00000042055157342684","0,00000206444101398061","0,00000110317465851117","0,00000077856700694079"
"-0,04104030237395008000","0,00000095253701873418","0,00000314233162078872","0,00000001206736365881","0,00000001212089375268","0,00000079962927381070","0,00000086452648274634","0,00000049224794029788","0,00000001186095588920","0,00000001169217899180","0,00000058632600776404","0,00000074040682743307","0,00000153014262285871","0,00000089475965990553","0,00000166690747821991","0,00000001206765171718","0,00000153070053311324","0,00000042183556797411","0,00000206494400373597","0,00000110311915101994","0,00000077915171054116"
"-0,03903637973663545010","0,00000095966622762758","0,00000314439030190352","0,00000001205512720607","0,00000001211226617462","0,00000080144126670934","0,00000086950667559958","0,00000049391102762037","0,00000001186541440499","0,00000001171802959529","0,00000059022135695525","0,00000074388833748865","0,00000154084235772765","0,00000090045476111833","0,00000167888372947006","0,00000001206752466238","0,00000153853317758397","0,00000042319947265991","0,00000206600452078164","0,00000110338165230227","0,00000077999841874332"
"-0,03703245709932082020","0,00000096697341614861","0,00000314701587483835","0,00000001204570813879","0,00000001210457792490","0,00000080341813234145","0,00000087468426326735","0,00000049565817213703","0,00000001186884133042","0,00000001174103234099","0,00000059417832269078","0,00000074758157859626","0,00000155195195857787","0,00000090633787754637","0,00000169115396747490","0,00000001206845904869","0,00000154678377409454","0,00000042464328748424","0,00000206762256511764","0,00000110396216235816","0,00000078110713154727"
"-0,03502853446200619030","0,00000097445858429727","0,00000315020833959321","0,00000001203910645697","0,00000001209782900354","0,00000080555987070702","0,00000088005924574965","0,00000049748937384785","0,00000001187123666548","0,00000001176118722890","0,00000059819690497064","0,00000075148655075590","0,00000156347142540935","0,00000091240900918964","0,00000170371819223445","0,00000001207045487612","0,00000155545232264497","0,00000042616701244709","0,00000206979813674395","0,00000110486068118760","0,00000078247784895302"
"-0,03302461182469156740","0,00000098212173207357","0,00000315396769616811","0,00000001203532216062","0,00000001209201941052","0,00000080786648180605","0,00000088563162304647","0,00000049940463275283","0,00000001187260041018","0,00000001177849425901","0,00000060227710379481","0,00000075560325396757","0,00000157540075822211","0,00000091866815604814","0,00000171657640374870","0,00000001207351214467","0,00000156453882323523","0,00000042777064754847","0,00000207253123566059","0,00000110607720879059","0,00000078411057096056"
"-0,03102068918737693400","0,00000098996285947750","0,00000315829394456303","0,00000001203435524973","0,00000001208714914585","0,00000081033796563855","0,00000089140139515782","0,00000050140394885198","0,00000001187293256451","0,00000001179295343133","0,00000060641891916330","0,00000075993168823127","0,00000158773995701613","0,00000092511531812188","0,00000172972860201764","0,00000001207763085434","0,00000157404327586535","0,00000042945419278838","0,00000207582186186755","0,00000110761174516715","0,00000078600529756990"
"-0,02901676655006230410","0,00000099798196650907","0,00000316318708477798","0,00000001203620572431","0,00000001208321820953","0,00000081297432220451","0,00000089736856208369","0,00000050348732214529","0,00000001187223312848","0,00000001180456474585","0,00000061062235107611","0,00000076447185354700","0,00000160048902179143","0,00000093175049541084","0,00000174317478704128","0,00000001208281100512","0,00000158396568053531","0,00000043121764816682","0,00000207967001536484","0,00000110946429031725","0,00000078816202878103"
"-0,02701284391274767420","0,00000100617905316828","0,00000316864711681297","0,00000001204087358435","0,00000001208022660156","0,00000081577555150393","0,00000090353312382409","0,00000050565475263277","0,00000001187050210208","0,00000001181332820258","0,00000061488739953324","0,00000076922374991476","0,00000161364795254800","0,00000093857368791504","0,00000175691495881963","0,00000001208905259702","0,00000159430603724511","0,00000043306101368378","0,00000208407569615244","0,00000111163484424092","0,00000079058076459395"
"-0,02500892127543304780","0,00000101455411945512","0,00000317467404066798","0,00000001204835882985","0,00000001207817432193","0,00000081874165353681","0,00000090989508037901","0,00000050790624031441","0,00000001186773948532","0,00000001181924380151","0,00000061921406453469","0,00000077418737733455","0,00000162721674928584","0,00000094558489563448","0,00000177094911735267","0,00000001209635563004","0,00000160506434599476","0,00000043498428933927","0,00000208903890423037","0,00000111412340693814","0,00000079326150500867"
"-0,02300499863811841790","0,00000102310716536960","0,00000318126785634303","0,00000001205866146082","0,00000001207706137066","0,00000082187262830316","0,00000091645443174847","0,00000051024178519022","0,00000001186394527820","0,00000001182231154265","0,00000062360234608046","0,00000077936273580637","0,00000164119541200495","0,00000095278411856914","0,00000178527726264042","0,00000001210472010417","0,00000161624060678426","0,00000043698747513329","0,00000209455963959862","0,00000111692997840891","0,00000079620425002519"
"-0,02100107600080378810","0,00000103183819091171","0,00000318842856383810","0,00000001207178147725","0,00000001207688774773","0,00000082516847580297","0,00000092321117793244","0,00000051266138726019","0,00000001185911948071","0,00000001182253142599","0,00000062805224417055","0,00000078474982533022","0,00000165558394070533","0,00000096017135671904","0,00000179989939468286","0,00000001211414601942","0,00000162783481961360","0,00000043907057106584","0,00000210063790225718","0,00000112005455865324","0,00000079940899964349"
"-0,01899715336348915820","0,00000104074719608145","0,00000319615616315321","0,00000001208771887915","0,00000001207765345316","0,00000082862919603624","0,00000093016531893095","0,00000051516504652433","0,00000001185326209286","0,00000001181990345154","0,00000063256375880496","0,00000079034864590610","0,00000167038233538699","0,00000096774661008417","0,00000181481551348000","0,00000001212463337579","0,00000163984698448279","0,00000044123357713692","0,00000210727369220607","0,00000112349714767113","0,00000080287575386359"
"-0,01699323072617452830","0,00000104983418087883","0,00000320445065428835","0,00000001210647366651","0,00000001207935848693","0,00000083225478900298","0,00000093731685474398","0,00000051775276298263","0,00000001184637311464","0,00000001181442761930","0,00000063713688998369","0,00000079615919753401","0,00000168559059604991","0,00000097550987866454","0,00000183002561903184","0,00000001213618217328","0,00000165227710139182","0,00000044347649334652","0,00000211446700944529","0,00000112725774546257","0,00000080660451268549"
"-0,01498930808885989840","0,00000105909914530385","0,00000321331203724351","0,00000001212804583934","0,00000001208200284905","0,00000083604525470318","0,00000094466578537154","0,00000052042453663509","0,00000001183845254606","0,00000001180610392925","0,00000064177163770673","0,00000080218148021394","0,00000170120872269411","0,00000098346116246014","0,00000184552971133839","0,00000001214879241188","0,00000166512517034070","0,00000044579931969465","0,00000212221785397482","0,00000113133635202757","0,00000081059527610917"
"-0,01298538545154526850","0,00000106854208935650","0,00000322274031201871","0,00000001215243539762","0,00000001208558653952","0,00000084000059313684","0,00000095221211081362","0,00000052318036748172","0,00000001182950038711","0,00000001179493238142","0,00000064646800197410","0,00000080841549394591","0,00000171723671531958","0,00000099160046147097","0,00000186132779039963","0,00000001216246409159","0,00000167839119132942","0,00000044820205618131","0,00000213052622579468","0,00000113573296736612","0,00000081484804413466"
"-0,01098146281423064040","0,00000107816301303679","0,00000323273547861394","0,00000001217964234138","0,00000001209010955833","0,00000084412080430396","0,00000095995583107023","0,00000052602025552252","0,00000001181951663780","0,00000001178091297579","0,00000065122598278579","0,00000081486123872991","0,00000173367457392631","0,00000099992777569703","0,00000187741985621557","0,00000001217719721243","0,00000169207516435799","0,00000045068470280649","0,00000213939212490485","0,00000114044759147823","0,00000081936281676193"
"-0,00897754017691601049","0,00000108796191634471","0,00000324329753702920","0,00000001220966667059","0,00000001209557190550","0,00000084840588820455","0,00000096789694614136","0,00000052894420075748","0,00000001180850129812","0,00000001176404571236","0,00000065604558014179","0,00000082151871456594","0,00000175052229851432","0,00000100844310513833","0,00000189380590878621","0,00000001219299177438","0,00000170617708942641","0,00000045324725957020","0,00000214881555130535","0,00000114548022436390","0,00000082413959399100"
"-0,00697361753960138060","0,00000109793879928027","0,00000325442648726449","0,00000001224250838527","0,00000001210197358101","0,00000085285584483860","0,00000097603545602702","0,00000053195220318660","0,00000001179645436809","0,00000001174433059114","0,00000066092679404212","0,00000082838792145400","0,00000176777988908361","0,00000101714644979486","0,00000191048594811155","0,00000001220984777745","0,00000172069696653467","0,00000045588972647244","0,00000215879650499617","0,00000115083086602312","0,00000082917837582187"
"-0,00496969490228675159","0,00000110809366184346","0,00000326612232931982","0,00000001227816748542","0,00000001210931458488","0,00000085747067420611","0,00000098437136072721","0,00000053504426280989","0,00000001178337584768","0,00000001172176761212","0,00000066586962448676","0,00000083546885939409","0,00000178544734563416","0,00000102603780966662","0,00000192745997419159","0,00000001222776522163","0,00000173563479568278","0,00000045861210351321","0,00000216933498597732","0,00000115649951645589","0,00000083447916225453"
"-0,00296577226497212214","0,00000111842650403429","0,00000327838506319517","0,00000001231664397103","0,00000001211759491709","0,00000086225037630708","0,00000099290466024192","0,00000053822037962734","0,00000001176926573691","0,00000001169635677531","0,00000067087407147573","0,00000084276152838621","0,00000180352466816598","0,00000103511718475362","0,00000194472798702633","0,00000001224674410694","0,00000175099057687073","0,00000046141439069251","0,00000218043099424878","0,00000116248617566222","0,00000084004195328898"
"-0,00096184962765749247","0,00000112893732585275","0,00000329121468889055","0,00000001235793784210","0,00000001212681457765","0,00000086719495114152","0,00000100163535457116","0,00000054148055363896","0,00000001175412403578","0,00000001166809808071","0,00000067594013500901","0,00000085026592843036","0,00000182201185667908","0,00000104438457505585","0,00000196228998661577","0,00000001226678443335","0,00000176676431009853","0,00000046429658801033","0,00000219208452981057","0,00000116879084364211","0,00000084586674892523"
"0,00104207300965713698","0,00000113952596485001","0,00000330446783345006","0,00000001239919363144","0,00000001213577652580","0,00000087231505112875","0,00000101057671620012","0,00000054483301331485","0,00000001173954303493","0,00000001163992698597","0,00000068107041145869","0,00000085794764671233","0,00000184085552218469","0,00000105381568520040","0,00000198009822580128","0,00000001228669458137","0,00000178296536375356","0,00000046727516256534","0,00000220433791585311","0,00000117544330733026","0,00000085193798619429"
"0,00304599564697176665","0,00000115009225857724","0,00000331800112391781","0,00000001243755587185","0,00000001214328372079","0,00000087762132868811","0,00000101974201761398","0,00000054828598712514","0,00000001172711502500","0,00000001161477894879","0,00000068626749719686","0,00000086577227041794","0,00000186000227569407","0,00000106338621981439","0,00000199810495742425","0,00000001230528293148","0,00000179960310622323","0,00000047036658145620","0,00000221723347556684","0,00000118247335366136","0,00000085824010212718"
"0,00504991828428639610","0,00000116063620703444","0,00000333181456029379","0,00000001247302456333","0,00000001214933616261","0,00000088311378381960","0,00000102913125881275","0,00000055183947506981","0,00000001171684000599","0,00000001159265396914","0,00000069153139222350","0,00000087373979954717","0,00000187945211720722","0,00000107309617889780","0,00000201631018148468","0,00000001232254948366","0,00000181667753750751","0,00000047357084468291","0,00000223077120895176","0,00000118988098263541","0,00000086477309672391"
"0,00705384092160102512","0,00000117115781022160","0,00000334590814257799","0,00000001250559970588","0,00000001215393385127","0,00000088879241652322","0,00000103874443979642","0,00000055549347714888","0,00000001170871797790","0,00000001157355204703","0,00000069686209653862","0,00000088185023410003","0,00000189920504672413","0,00000108294556245064","0,00000203471389798256","0,00000001233849423794","0,00000183418865760643","0,00000047688795224546","0,00000224495111600788","0,00000119766619425243","0,00000087153696998448"
"0,00905776355891565501","0,00000118165706813873","0,00000336028187077044","0,00000001253528129950","0,00000001215707678676","0,00000089465722679897","0,00000104858156056500","0,00000055924799336233","0,00000001170274894074","0,00000001155747318247","0,00000070225961014221","0,00000089010357407652","0,00000191926106424482","0,00000109293437047290","0,00000205331610691789","0,00000001235311719429","0,00000185213646651997","0,00000048031790414386","0,00000225977319673518","0,00000120582898851240","0,00000087853172190888"
"0,01106168619623028490","0,00000119213398078583","0,00000337493574487111","0,00000001256206934418","0,00000001215876496909","0,00000090070821464685","0,00000105864262111848","0,00000056310302371018","0,00000001169893289450","0,00000001154441737545","0,00000070772393303429","0,00000089849981947663","0,00000193962016976927","0,00000110306260296459","0,00000207211680829068","0,00000001236641835273","0,00000187052096424814","0,00000048386070037811","0,00000227523745113368","0,00000121436936541533","0,00000088575735249711"
"0,01306560883354491300","0,00000120258854816289","0,00000338986976488001","0,00000001258596383994","0,00000001215899839825","0,00000090694538006686","0,00000106892762145687","0,00000056705856819241","0,00000001169726983918","0,00000001153438462598","0,00000071325506521485","0,00000090703897030038","0,00000196028236329748","0,00000111333025992570","0,00000209111600210092","0,00000001237839771326","0,00000188934215079093","0,00000048751634094821","0,00000229134387920337","0,00000122328732496122","0,00000089321386174918"
"0,01506953147085954290","0,00000121302077026992","0,00000340508393079715","0,00000001260696478677","0,00000001215777707424","0,00000091336872305900","0,00000107943656158017","0,00000057111462680904","0,00000001169775977479","0,00000001152737493404","0,00000071885300668388","0,00000091572102654775","0,00000198124764482947","0,00000112373734135624","0,00000211031368834861","0,00000001238905527586","0,00000190860002614835","0,00000049128482585416","0,00000230809248094424","0,00000123258286715007","0,00000090090124966508"
"0,01707345410817417280","0,00000122343064710692","0,00000342057824262251","0,00000001262507218467","0,00000001215510099708","0,00000091997824362327","0,00000109016944148837","0,00000057527119956005","0,00000001170040270131","0,00000001152338829965","0,00000072451775744139","0,00000092454598821874","0,00000200251601436522","0,00000113428384725621","0,00000212970986703376","0,00000001239839104056","0,00000192829459032040","0,00000049516615509595","0,00000232548325635631","0,00000124225599198187","0,00000090881951624482"
"0,01907737674548880270","0,00000123381817867388","0,00000343635270035611","0,00000001264028603364","0,00000001215097016674","0,00000092677394175966","0,00000110112626118148","0,00000057952828644546","0,00000001170519861876","0,00000001152242472280","0,00000073024931748739","0,00000093351385531337","0,00000202408747190473","0,00000114496977762560","0,00000214930453815636","0,00000001240640500733","0,00000194842584330707","0,00000049916032867360","0,00000234351620543957","0,00000125230669945663","0,00000091696866148840"
"0,02108129938280343260","0,00000124418336497081","0,00000345240730399794","0,00000001265260633367","0,00000001214538458325","0,00000093375581746819","0,00000111230702065949","0,00000058388588746525","0,00000001171214752714","0,00000001152448420349","0,00000073604768682186","0,00000094262462783162","0,00000204596201744802","0,00000115579513246442","0,00000216909770171642","0,00000001241309717620","0,00000196899378510837","0,00000050326734658709","0,00000236219132819402","0,00000126273498957435","0,00000092534868539580"
"0,02308522202011806250","0,00000125452620599771","0,00000346874205354801","0,00000001266203308478","0,00000001213834424658","0,00000094092387074884","0,00000112371171992241","0,00000058834400261943","0,00000001172124942643","0,00000001152956674173","0,00000074191286544481","0,00000095187830577350","0,00000206813965099507","0,00000116675991177266","0,00000218908935771393","0,00000001241846754714","0,00000198999841572430","0,00000050748720883643","0,00000238150862461966","0,00000127354086233502","0,00000093395958796705"
"0,02508914465743269230","0,00000126484670175457","0,00000348535694900630","0,00000001266856628696","0,00000001212984915675","0,00000094827810160163","0,00000113534035897024","0,00000059290263190801","0,00000001173250431665","0,00000001153767233751","0,00000074784485335623","0,00000096127488913901","0,00000209062037254589","0,00000117786411555033","0,00000220927950614890","0,00000001242251612017","0,00000201143973515486","0,00000051181991542161","0,00000240146809471649","0,00000128472431773865","0,00000094280136920212"
"0,02709306729474731880","0,00000127514485224140","0,00000350225199037283","0,00000001267220594020","0,00000001211989931376","0,00000095581851002654","0,00000114719293780297","0,00000059756177533097","0,00000001174591219779","0,00000001154880099083","0,00000075384365055614","0,00000097081437792814","0,00000211340418210047","0,00000118910774379743","0,00000222966814702132","0,00000001242524289528","0,00000203331774340004","0,00000051626546634265","0,00000242206973848451","0,00000129628535578524","0,00000095187402910104"
"0,02909698993206194860","0,00000128542065745819","0,00000351942717764758","0,00000001267295204452","0,00000001210849471760","0,00000096354509602358","0,00000115926945642061","0,00000060232143288833","0,00000001176147306985","0,00000001156295270169","0,00000075990925704453","0,00000098049677214091","0,00000213649107965883","0,00000120049079651395","0,00000225025528033119","0,00000001242664787248","0,00000205563244045984","0,00000052082386159953","0,00000244331355592373","0,00000130822397647479","0,00000096117756766378"
"0,03110091256937657850","0,00000129567411740495","0,00000353688251083057","0,00000001267080459990","0,00000001209563536828","0,00000097145785959275","0,00000117156991482315","0,00000060718160458007","0,00000001177918693284","0,00000001158012747010","0,00000076604167282139","0,00000099032207177730","0,00000215988106522095","0,00000121201327369990","0,00000227104090607852","0,00000001242673105176","0,00000207838382633428","0,00000052549510119226","0,00000246519954703413","0,00000132054017980729","0,00000097071198489036"
"0,03310483520669121190","0,00000130590523208168","0,00000355461798992179","0,00000001266576360636","0,00000001208132126579","0,00000097955680073405","0,00000118409431301060","0,00000061214229040620","0,00000001179905378675","0,00000001160032529605","0,00000077224089788673","0,00000100029027683731","0,00000218357413878683","0,00000122367517535527","0,00000229202502426330","0,00000001242549243313","0,00000210157190102334","0,00000053027918512084","0,00000248772771181572","0,00000133323396578275","0,00000098047728078078"
"0,03510875784400583480","0,00000131611400148838","0,00000357263361492124","0,00000001265782906388","0,00000001206555241014","0,00000098784191944748","0,00000119684265098296","0,00000061720349036673","0,00000001182107363158","0,00000001162354617954","0,00000077850693224056","0,00000101040138732096","0,00000220757030035649","0,00000123547650148008","0,00000231320763488554","0,00000001242293201658","0,00000212519666452703","0,00000053517611338526","0,00000251089805026851","0,00000134630533440117","0,00000099047345533503"
"0,03711268048132046470","0,00000132630042562504","0,00000359092938582893","0,00000001264700097248","0,00000001204832880132","0,00000099631321573304","0,00000120981492874022","0,00000062236520446164","0,00000001184524646733","0,00000001164979012057","0,00000078483977588286","0,00000102065540322823","0,00000223186954992991","0,00000124741725207430","0,00000233458873794523","0,00000001241904980211","0,00000214925811684534","0,00000054018588598554","0,00000253471056239248","0,00000135975428566255","0,00000100070050855312"
"0,03911660311863509460","0,00000133646450449167","0,00000360950530264485","0,00000001263327933214","0,00000001202965043934","0,00000100497068959073","0,00000122301114628238","0,00000062762743269095","0,00000001187157229401","0,00000001167905711915","0,00000079123942881364","0,00000103105232455913","0,00000225647188750710","0,00000125949742713796","0,00000235616833344237","0,00000001241384578973","0,00000217375625797828","0,00000054530850292166","0,00000255916524818765","0,00000137358081956688","0,00000101115844043504"
"0,04112052575594972450","0,00000134660623808826","0,00000362836136536899","0,00000001261666414288","0,00000001200951732419","0,00000101381434102055","0,00000123643130360946","0,00000063299017505464","0,00000001190005111161","0,00000001171134717526","0,00000079770589103289","0,00000104159215131366","0,00000228137731308805","0,00000127171702667103","0,00000237794642137697","0,00000001240731997944","0,00000219869108792585","0,00000055054396419363","0,00000258426210765401","0,00000138778493611417","0,00000102184725098079"
"0,04312444839326435440","0,00000135672562641482","0,00000364749757400137","0,00000001259715540468","0,00000001198792945588","0,00000102284417002249","0,00000125007540072143","0,00000063845343155272","0,00000001193068292013","0,00000001174666028892","0,00000080423916254063","0,00000105227488349181","0,00000230658582667277","0,00000128407605067354","0,00000239992300174902","0,00000001239947237122","0,00000222406260668804","0,00000055589226980145","0,00000261000114079155","0,00000140236663530442","0,00000103276694019038"
"0,04512837103057898420","0,00000136682266947135","0,00000366691392854198","0,00000001257475311755","0,00000001196488683440","0,00000103206017659657","0,00000126394343761832","0,00000064401720218520","0,00000001196346771957","0,00000001178499646013","0,00000081083924333685","0,00000106310052109359","0,00000233209742826126","0,00000129657449914547","0,00000242209807455853","0,00000001239030296509","0,00000224987081426486","0,00000056135341974512","0,00000263638234760029","0,00000141732591713762","0,00000104391750806381"
"0,04713229366789361410","0,00000137689736725784","0,00000368661042899082","0,00000001254945728150","0,00000001194038945976","0,00000104146236074277","0,00000127803541430011","0,00000064968148695206","0,00000001199840550994","0,00000001182635568887","0,00000081750613342154","0,00000107406906411900","0,00000235791211785352","0,00000130921237208683","0,00000244447163980549","0,00000001237981176105","0,00000227611571065631","0,00000056692741402463","0,00000266340572808022","0,00000143266278161379","0,00000105529895460106"
"0,04913621630520824400","0,00000138694971977430","0,00000370658707534790","0,00000001252126789651","0,00000001191443733195","0,00000105105072246111","0,00000129235133076680","0,00000065544628585332","0,00000001203549629123","0,00000001187073797516","0,00000082423983279471","0,00000108518051256804","0,00000238402989544954","0,00000132198966949761","0,00000246704369748990","0,00000001236799875909","0,00000230279729586238","0,00000057261425263999","0,00000269107128223134","0,00000144837722873290","0,00000106691127980216"
"0,05114013894252287390","0,00000139702889156279","0,00000372687420576192","0,00000001249258408907","0,00000001188926181374","0,00000106076085045734","0,00000130682778586325","0,00000066128147843407","0,00000001207174775833","0,00000001191516166443","0,00000083103138705758","0,00000109642337596430","0,00000241032158949112","0,00000133487913274260","0,00000248972519694138","0,00000001235619770716","0,00000232974291660317","0,00000057839072598747","0,00000271920599259481","0,00000146436678415277","0,00000107868306903349"
"0,05314406157983750380","0,00000140718404716538","0,00000374750215838160","0,00000001246580498567","0,00000001186709426788","0,00000107052833343722","0,00000132140137843429","0,00000066715694423943","0,00000001210416760614","0,00000001195664510212","0,00000083787184181134","0,00000110778616383138","0,00000243665802842005","0,00000134785350318659","0,00000251242708748953","0,00000001234574235323","0,00000235677991959877","0,00000058423362446335","0,00000274763684171176","0,00000148052897353118","0,00000109054290766147"
"0,05514798421715213370","0,00000141741518658206","0,00000376847093320695","0,00000001244093058630","0,00000001184793469437","0,00000108035317140076","0,00000133607210847991","0,00000067307268326941","0,00000001213275583465","0,00000001199518828823","0,00000084476119705600","0,00000111926887616929","0,00000246303921223633","0,00000136091278082958","0,00000253514936913434","0,00000001233663269728","0,00000238390830484918","0,00000059014294806762","0,00000277636382958221","0,00000149686379686813","0,00000110249079568610"
"0,05715190685446676360","0,00000142772230981283","0,00000378978053023796","0,00000001241796089096","0,00000001183178309322","0,00000109023536434796","0,00000135083997600013","0,00000067902869552399","0,00000001215751244386","0,00000001203079122276","0,00000085169945279157","0,00000113087151297801","0,00000248946514093996","0,00000137405696567156","0,00000255789204187583","0,00000001232886873931","0,00000241112807235440","0,00000059611869680028","0,00000280538695620614","0,00000151337125416362","0,00000111452673310737"
"0,05915582949178139340","0,00000143810541685770","0,00000381143094947463","0,00000001239689589965","0,00000001181863946441","0,00000110017491227882","0,00000136570498099494","0,00000068502498100319","0,00000001217843743378","0,00000001206345390572","0,00000085868660901803","0,00000114259407425756","0,00000251593581453093","0,00000138728605771253","0,00000258065510571399","0,00000001232245047933","0,00000243843922211443","0,00000060216087066133","0,00000283470622158357","0,00000153005134541764","0,00000112665071992529"
"0,06115975212909602330","0,00000144856450771667","0,00000383342219091696","0,00000001237773561238","0,00000001180850380797","0,00000111017181519333","0,00000138066712346434","0,00000069106153970699","0,00000001219553080440","0,00000001209317633709","0,00000086572266573539","0,00000115443656000793","0,00000254245123300926","0,00000140060005695250","0,00000260343856064881","0,00000001231737791734","0,00000246584175412926","0,00000060826946965077","0,00000286432162571450","0,00000154690407063021","0,00000113886275613985"
"0,06316367476641064630","0,00000145909958238973","0,00000385575425456496","0,00000001236048002913","0,00000001180137612387","0,00000112022607309150","0,00000139572640340834","0,00000069713837163541","0,00000001220879255572","0,00000001211995851688","0,00000087280762294366","0,00000116639897022911","0,00000256901139637493","0,00000141399896339147","0,00000262624240668031","0,00000001231365105334","0,00000249333566839891","0,00000061444449376861","0,00000289423316859891","0,00000156392942980131","0,00000115116284175106"
"0,06516759740372528310","0,00000146971064087689","0,00000387842714041862","0,00000001234512914992","0,00000001179725641213","0,00000113033768597333","0,00000141088282082692","0,00000070325547678843","0,00000001221822268775","0,00000001214380044510","0,00000087994148064282","0,00000117848130492112","0,00000259561630462796","0,00000142748277702943","0,00000264906664380847","0,00000001231126988732","0,00000252092096492336","0,00000062068594301484","0,00000292444085023682","0,00000158112742293096","0,00000116355097675891"
"0,06717152004103990600","0,00000148039768317814","0,00000390144084847794","0,00000001233168297474","0,00000001179614467274","0,00000114050665383882","0,00000142613637572010","0,00000070941285516607","0,00000001222382120048","0,00000001216470212174","0,00000088712423883288","0,00000119068356408395","0,00000262226595776833","0,00000144105149786638","0,00000267191127203331","0,00000001231023441929","0,00000254859764370262","0,00000062699381738947","0,00000295494467062822","0,00000159849805001914","0,00000117602716116341"
"0,06917544267835454290","0,00000149116070929348","0,00000392479537874292","0,00000001232014150360","0,00000001179804090571","0,00000115073297668796","0,00000144148706808787","0,00000071561050676832","0,00000001222558809391","0,00000001218266354679","0,00000089435589751385","0,00000120300574771760","0,00000264896035579605","0,00000145470512590233","0,00000269477629135482","0,00000001231054464925","0,00000257636570473670","0,00000063336811689248","0,00000298574462977311","0,00000161604131106587","0,00000118859139496456"
"0,07117936531566916580","0,00000150199971922292","0,00000394849073121357","0,00000001231050473648","0,00000001180294511103","0,00000116101665452076","0,00000145693489793023","0,00000072184843159517","0,00000001222352336805","0,00000001219768472027","0,00000090163645668571","0,00000121544785582208","0,00000267569949871112","0,00000146844366113728","0,00000271766170177299","0,00000001231220057719","0,00000260422514802558","0,00000063980884152389","0,00000301684072767150","0,00000163375720607113","0,00000120124367816235"
"0,07318328795298380260","0,00000151291471296646","0,00000397252690588987","0,00000001230277267340","0,00000001181085728870","0,00000117135768733722","0,00000147247986524718","0,00000072812662964664","0,00000001221762702289","0,00000001220976564217","0,00000090896591634848","0,00000122800988839737","0,00000270248338651353","0,00000148226710357122","0,00000274056750328784","0,00000001231520220312","0,00000263217597356927","0,00000064631599128369","0,00000304823296432337","0,00000165164573503493","0,00000121398401075679"
"0,07518721059029842560","0,00000152390569052409","0,00000399690390277184","0,00000001229694531435","0,00000001182177743872","0,00000118175607513733","0,00000148812197003872","0,00000073444510092272","0,00000001220789905843","0,00000001221890631249","0,00000091634427650214","0,00000124069184544348","0,00000272931201920330","0,00000149617545320416","0,00000276349369589935","0,00000001231954952703","0,00000266021818136777","0,00000065288956617188","0,00000307992133972874","0,00000166970689795728","0,00000122681239274787"
"0,07719113322761306240","0,00000153497265189581","0,00000402162172185948","0,00000001229302265933","0,00000001183570556110","0,00000119221181792111","0,00000150386121230485","0,00000074080384542340","0,00000001219433947468","0,00000001222510673123","0,00000092377153714671","0,00000125349372696042","0,00000275618539678042","0,00000151016871003609","0,00000278644027960754","0,00000001232524254894","0,00000268835177142107","0,00000065952956618847","0,00000311190585388760","0,00000168794069483816","0,00000123972882413560"
"0,07919505586492768540","0,00000154611559708163","0,00000404668036315277","0,00000001229100470835","0,00000001185264165583","0,00000120272491568853","0,00000151969759204558","0,00000074720286314870","0,00000001217694827163","0,00000001222836689839","0,00000093124769828217","0,00000126641553294818","0,00000278310351924488","0,00000152424687406702","0,00000280940725441239","0,00000001233228126883","0,00000271657674372919","0,00000066623599133344","0,00000314418650679996","0,00000170634712567758","0,00000125273330491998"
"0,08119897850224232220","0,00000155733452608154","0,00000407207982665173","0,00000001229089146140","0,00000001187258572292","0,00000121329536843962","0,00000153563110926089","0,00000075364215409861","0,00000001215572544929","0,00000001222868681397","0,00000093877275990854","0,00000127945726340675","0,00000281006638659669","0,00000153840994529694","0,00000283239462031392","0,00000001234066568670","0,00000274489309829212","0,00000067300884160681","0,00000317676329846580","0,00000172492619047554","0,00000126582583510100"
"0,08320290113955694510","0,00000156862943889555","0,00000409782011235635","0,00000001229268291847","0,00000001189553776236","0,00000122392317617436","0,00000155166176395080","0,00000076012171827313","0,00000001213067100764","0,00000001222606647797","0,00000094634672202580","0,00000129261891833615","0,00000283707399883585","0,00000155265792372586","0,00000285540237731211","0,00000001235039580257","0,00000277330083510985","0,00000067984811700858","0,00000320963622888514","0,00000174367788923204","0,00000127900641467867"
"0,08520682377687158190","0,00000158000033552366","0,00000412390122026663","0,00000001229637907958","0,00000001192149777415","0,00000123460833889276","0,00000156778955611530","0,00000076664155567225","0,00000001210178494671","0,00000001222050589040","0,00000095396958463397","0,00000130590049773637","0,00000286412635596236","0,00000156699080935378","0,00000287843052540698","0,00000001236147161642","0,00000280179995418239","0,00000068675381753873","0,00000324280529805797","0,00000176260222194708","0,00000129227504365298"
"0,08721074641418620490","0,00000159144721596586","0,00000415032315038258","0,00000001230197994473","0,00000001195046575829","0,00000124535085659482","0,00000158401448575439","0,00000077320166629599","0,00000001206906726647","0,00000001221200505124","0,00000096164134773303","0,00000131930200160741","0,00000289122345797622","0,00000158140860218069","0,00000290147906459851","0,00000001237389312826","0,00000283039045550975","0,00000069372594319728","0,00000327627050598429","0,00000178169918862066","0,00000130563172202394"
"0,08921466905150082780","0,00000160297008022215","0,00000417708590270419","0,00000001230948551390","0,00000001198244171479","0,00000125615072928054","0,00000160033655286807","0,00000077980205014434","0,00000001203251796694","0,00000001220056396050","0,00000096936201132300","0,00000133282342994927","0,00000291836530487743","0,00000159591130220659","0,00000292454799488672","0,00000001238766033808","0,00000285907233909191","0,00000070076449398422","0,00000331003185266411","0,00000180096878925278","0,00000131907644979155"
"0,09121859168881546470","0,00000161456892829254","0,00000420418947723146","0,00000001231889578711","0,00000001201742564364","0,00000126700795694991","0,00000161675575745635","0,00000078644270721730","0,00000001199213704811","0,00000001218618261819","0,00000097713157540386","0,00000134646478276196","0,00000294555189666599","0,00000161049890943149","0,00000294763731627159","0,00000001240277324589","0,00000288784560492888","0,00000070786946989955","0,00000334408933809741","0,00000182041102384344","0,00000133260922695580"
"0,09322251432613008760","0,00000162624376017702","0,00000423163387396439","0,00000001233021076435","0,00000001205541754484","0,00000127792253960294","0,00000163327209951921","0,00000079312363751487","0,00000001194792450999","0,00000001216886102430","0,00000098495003997563","0,00000136022606004546","0,00000297278323334189","0,00000162517142385539","0,00000297074702875314","0,00000001241923185169","0,00000291671025302066","0,00000071504087094328","0,00000337844296228421","0,00000184002589239264","0,00000134623005351669"
"0,09522643696344472440","0,00000163799457587560","0,00000425941909290298","0,00000001234343044562","0,00000001209641741840","0,00000128889447723963","0,00000164988557905667","0,00000079984484103705","0,00000001189988035257","0,00000001214859917882","0,00000099281740503830","0,00000137410726179979","0,00000300005931490515","0,00000163992884547828","0,00000299387713233135","0,00000001243703615547","0,00000294566628336724","0,00000072227869711540","0,00000341309272522450","0,00000185981339490038","0,00000135993892947423"
"0,09723035960075934740","0,00000164982137538828","0,00000428754513404724","0,00000001235855483093","0,00000001214042526431","0,00000129992376985997","0,00000166659619606872","0,00000080660631778384","0,00000001184800457585","0,00000001212539708177","0,00000100073367059186","0,00000138810838802493","0,00000302738014135575","0,00000165477117430016","0,00000301702762700624","0,00000001245618615724","0,00000297471369596864","0,00000072958294841591","0,00000344803862691829","0,00000187977353136666","0,00000137373585482842"
"0,09923428223807398420","0,00000166172415871504","0,00000431601199739716","0,00000001237558392026","0,00000001218744108257","0,00000131101041746397","0,00000168340395055536","0,00000081340806775524","0,00000001179229717983","0,00000001209925473314","0,00000100869883663633","0,00000140222943872090","0,00000305474571269370","0,00000166969841032104","0,00000304019851277779","0,00000001247668185700","0,00000300385249082485","0,00000073695362484481","0,00000348328066736556","0,00000189990630179148","0,00000138762082957926"
"0,10123820487538860700","0,00000167362966567324","0,00000434454008066265","0,00000001239248307372","0,00000001223429148286","0,00000132211806062416","0,00000170026840672252","0,00000082023247613308","0,00000001173698837113","0,00000001207296240923","0,00000101669992981905","0,00000141642330827584","0,00000308205786649314","0,00000168466414263498","0,00000306336288125434","0,00000001249670149881","0,00000303301298810770","0,00000074436099959299","0,00000351865708346220","0,00000192011670891715","0,00000140155034421699"
"0,10324212751270324400","0,00000168546463608018","0,00000437284978155361","0,00000001240721765137","0,00000001227780307482","0,00000133321033991308","0,00000171714912877613","0,00000082706192809921","0,00000001168630835635","0,00000001204931038633","0,00000102472397678737","0,00000143064289107791","0,00000310921844032821","0,00000169962196033603","0,00000308649382404420","0,00000001251442332672","0,00000306212550798903","0,00000075177534585131","0,00000355400611210407","0,00000194030975548602","0,00000141548088923188"
"0,10524605015001786700","0,00000169722906993587","0,00000440094110007004","0,00000001241978765323","0,00000001231797585847","0,00000134428725533071","0,00000173404611671620","0,00000083389642365361","0,00000001164025713549","0,00000001202829866444","0,00000103277097754130","0,00000144488818712710","0,00000313622743419890","0,00000171457186342419","0,00000310959134114738","0,00000001252984734074","0,00000309119005046884","0,00000075919666361977","0,00000358932775329118","0,00000196048544149806","0,00000142941246462393"
"0,10724997278733250400","0,00000170892296724032","0,00000442881403621194","0,00000001243019307930","0,00000001235480983381","0,00000135534880687707","0,00000175095937054271","0,00000084073596279628","0,00000001159883470856","0,00000001200992724357","0,00000104084093208083","0,00000145915919642342","0,00000316308484810521","0,00000172951385189947","0,00000313265543256387","0,00000001254297354087","0,00000312020661554714","0,00000076662495289839","0,00000362462200702351","0,00000198064376695329","0,00000144334507039313"
"0,10925389542464712700","0,00000172054632799352","0,00000445646858997932","0,00000001243843392957","0,00000001238830500083","0,00000136639499455216","0,00000176788889025568","0,00000084758054552724","0,00000001156204107554","0,00000001199419612371","0,00000104893384040596","0,00000147345591896687","0,00000318979068204716","0,00000174444792576187","0,00000315568609829368","0,00000001255380192711","0,00000314917520322391","0,00000077406021368716","0,00000365988887330108","0,00000200078473185171","0,00000145727870653948"
"0,11125781806196176300","0,00000173209915219546","0,00000448390476137216","0,00000001244451020404","0,00000001241846135954","0,00000137742581835596","0,00000178483467585511","0,00000085443017184647","0,00000001152987623645","0,00000001198110530487","0,00000105704970251670","0,00000148777835475745","0,00000321634493602472","0,00000175937408501137","0,00000317868333833680","0,00000001256233249946","0,00000317809581349917","0,00000078150244598607","0,00000369512835212388","0,00000202090833619330","0,00000147121337306299"
"0,11326174069927638600","0,00000174358143984616","0,00000451112255039048","0,00000001244842190271","0,00000001244527890993","0,00000138844127828849","0,00000180179672734098","0,00000086128484175399","0,00000001150234019127","0,00000001197065478705","0,00000106518851841305","0,00000150212650379515","0,00000324274761003792","0,00000177429232964799","0,00000320164715269324","0,00000001256856525792","0,00000320696844637291","0,00000078895164979513","0,00000373034044349192","0,00000204101457997809","0,00000148514906996366"
"0,11526566333659102300","0,00000175499319094561","0,00000453812195703428","0,00000001245016902559","0,00000001246875765200","0,00000139944137434974","0,00000181877504471331","0,00000086814455524978","0,00000001147943294002","0,00000001196284457023","0,00000107335028809500","0,00000151650036607998","0,00000326899870408674","0,00000178920265967173","0,00000322457754136299","0,00000001257250020248","0,00000323579310184513","0,00000079640782511433","0,00000376552514740518","0,00000206110346320605","0,00000149908579724148"
"0,11726958597390564600","0,00000176633440549382","0,00000456490298130354","0,00000001244975157267","0,00000001248889758576","0,00000141042610653972","0,00000183576962797209","0,00000087500931233385","0,00000001146115448269","0,00000001195767465444","0,00000108153501156255","0,00000153089994161193","0,00000329509821817118","0,00000180410507508258","0,00000324747450434606","0,00000001257413733315","0,00000326456977991583","0,00000080387097194369","0,00000380068246386368","0,00000208117498587720","0,00000151302355489646"
"0,11927350861122028300","0,00000177760508349077","0,00000459146562319828","0,00000001244716954396","0,00000001250569871121","0,00000142139547485841","0,00000185278047711732","0,00000088187911300619","0,00000001144750481928","0,00000001195514503965","0,00000108974268881571","0,00000154532523039102","0,00000332104615229126","0,00000181899957588054","0,00000327033804164245","0,00000001257347664994","0,00000329329848058501","0,00000081134109028319","0,00000383581239286742","0,00000210122914799153","0,00000152696234292859"
"0,12127743124853490600","0,00000178880522493648","0,00000461780988271849","0,00000001244242293945","0,00000001251916102833","0,00000143234947930583","0,00000186980759214900","0,00000088875395726682","0,00000001143848394980","0,00000001195525572588","0,00000109797331985447","0,00000155977623241722","0,00000334684250644695","0,00000183388616206562","0,00000329316815325215","0,00000001257051815283","0,00000332197920385267","0,00000081881818013284","0,00000387091493441638","0,00000212126594954905","0,00000154090216133788"
"0,12328135388584952900","0,00000179993482983093","0,00000464393575986417","0,00000001243551175914","0,00000001252928453715","0,00000144328811988198","0,00000188685097306714","0,00000089563384511572","0,00000001143409187423","0,00000001195800671313","0,00000110622690467883","0,00000157425294769056","0,00000337248728063828","0,00000184876483363781","0,00000331596483917516","0,00000001256526184182","0,00000335061194971882","0,00000082630224149264","0,00000390599008851058","0,00000214128539054975","0,00000155484301012432"
"0,12528527652316415200","0,00000181099389817414","0,00000466984325463532","0,00000001242643600304","0,00000001253606923765","0,00000145421139658684","0,00000190391061987173","0,00000090251877655290","0,00000001143432859259","0,00000001196339800139","0,00000111450344328880","0,00000158875537621102","0,00000339798047486523","0,00000186363559059712","0,00000333872809941149","0,00000001255770771693","0,00000337919671818344","0,00000083379327436258","0,00000394103785515001","0,00000216128747099363","0,00000156878488928792"
"0,12728919916047878900","0,00000182198242996610","0,00000469553236703194","0,00000001241519567113","0,00000001253951512983","0,00000146511930942043","0,00000192098653256277","0,00000090940875157836","0,00000001143919410486","0,00000001197142959066","0,00000112280293568438","0,00000160328351797861","0,00000342332208912780","0,00000187849843294354","0,00000336145793396114","0,00000001254785577815","0,00000340773350924655","0,00000084129127874268","0,00000397605823433467","0,00000218127219088070","0,00000158272779882867"
"0,12929312179779342500","0,00000183290042520681","0,00000472100309705404","0,00000001240179076344","0,00000001253962221370","0,00000147601185838274","0,00000193807871114026","0,00000091630377019210","0,00000001144868841106","0,00000001198210148095","0,00000113112538186556","0,00000161783737299333","0,00000344851212342600","0,00000189335336067707","0,00000338415434282410","0,00000001253570602547","0,00000343622232290813","0,00000084879625463292","0,00000401105122606457","0,00000220123955021095","0,00000159667173874658"
"0,13129704443510806200","0,00000184374788389628","0,00000474625544470161","0,00000001238622127994","0,00000001253639048925","0,00000148688904347378","0,00000195518715560421","0,00000092320383239412","0,00000001146281151118","0,00000001199541367225","0,00000113947078183234","0,00000163241694125517","0,00000347355057775983","0,00000190820037379772","0,00000340681732600038","0,00000001252125845890","0,00000346466315916820","0,00000085630820203331","0,00000404601683033970","0,00000222118954898439","0,00000161061670904165"
"0,13330096707242267100","0,00000185452480603449","0,00000477128940997465","0,00000001236848722065","0,00000001252981995649","0,00000149775086469354","0,00000197231186595461","0,00000093010893818441","0,00000001148156340523","0,00000001201136616457","0,00000114783913558473","0,00000164702222276414","0,00000349843745212928","0,00000192303947230548","0,00000342944688348997","0,00000001250451307844","0,00000349305601802675","0,00000086382712094384","0,00000408095504716006","0,00000224112218720101","0,00000162456270971387"
"0,13530488970973730800","0,00000186523119162145","0,00000479610499287317","0,00000001234858858557","0,00000001251991061541","0,00000150859732204202","0,00000198945284219145","0,00000093701908756298","0,00000001150494409319","0,00000001202995895790","0,00000115623044312272","0,00000166165321752024","0,00000352317274653436","0,00000193787065620036","0,00000345204301529288","0,00000001248546988409","0,00000352140089948378","0,00000087135301136453","0,00000411586587652565","0,00000226103746486081","0,00000163850974076324"
"0,13730881234705194500","0,00000187586704065717","0,00000482070219339715","0,00000001232652537468","0,00000001250666246601","0,00000151942841551922","0,00000200661008431476","0,00000094393428052983","0,00000001153295357507","0,00000001205119205225","0,00000116464470444631","0,00000167630992552346","0,00000354775646097507","0,00000195269392548235","0,00000347460572140910","0,00000001246412887585","0,00000354969780353929","0,00000087888587329536","0,00000415074931843648","0,00000228093538196380","0,00000165245780218977"
"0,13931273498436658200","0,00000188643235314164","0,00000484508101154661","0,00000001230229758800","0,00000001249007550830","0,00000153024414512515","0,00000202378359232451","0,00000095085451708496","0,00000001156559185088","0,00000001207506544761","0,00000117308191955551","0,00000169099234677381","0,00000357218859545140","0,00000196750928015146","0,00000349713500183864","0,00000001244049005372","0,00000357794673019329","0,00000088642570673634","0,00000418560537289254","0,00000230081593850997","0,00000166640689399346"
"0,14131665762168119100","0,00000189692712907486","0,00000486924144732154","0,00000001227590522553","0,00000001247014974228","0,00000154104451085979","0,00000204097336622072","0,00000095777979722837","0,00000001160285892061","0,00000001210157914399","0,00000118154208845032","0,00000170570048127129","0,00000359646914996335","0,00000198231672020768","0,00000351963085658149","0,00000001241455341769","0,00000360614767944576","0,00000089397251168746","0,00000422043403989383","0,00000232067913449932","0,00000168035701617430"
"0,14332058025899582800","0,00000190735136845683","0,00000489318350072195","0,00000001224734828726","0,00000001244688516794","0,00000155182951272317","0,00000205817940600338","0,00000096471012096005","0,00000001164475478426","0,00000001213073314138","0,00000119002521113073","0,00000172043432901590","0,00000362059812451093","0,00000199711624565101","0,00000354209328563766","0,00000001238631896778","0,00000363430065129672","0,00000090152628814874","0,00000425523531944036","0,00000234052496993186","0,00000169430816873230"
"0,14532450289631046500","0,00000191770507128755","0,00000491690717174782","0,00000001221662677319","0,00000001242028178528","0,00000156259915071526","0,00000207540171167249","0,00000097164548828001","0,00000001169127944183","0,00000001216252743978","0,00000119853128759674","0,00000173519389000763","0,00000364457551909414","0,00000201190785648146","0,00000356452228900714","0,00000001235578670397","0,00000366240564574615","0,00000090908703612016","0,00000429000921153211","0,00000236035344480758","0,00000170826035166745"
"0,14732842553362510100","0,00000192798823756702","0,00000494041246039917","0,00000001218374068332","0,00000001239033959431","0,00000157335342483608","0,00000209264028322805","0,00000097858589918825","0,00000001174243289332","0,00000001219696203920","0,00000120706031784835","0,00000174997916424649","0,00000366840133371298","0,00000202669155269902","0,00000358691786668994","0,00000001232295662627","0,00000369046266279407","0,00000091665475560173","0,00000432475571616910","0,00000238016455912649","0,00000172221356497976"
"0,14933234817093971000","0,00000193820086729525","0,00000496369936667599","0,00000001214869001766","0,00000001235705859503","0,00000158409233508562","0,00000210989512067007","0,00000098553135368477","0,00000001179821513873","0,00000001223403693963","0,00000121561230188558","0,00000176479015173247","0,00000369207556836743","0,00000204146733430370","0,00000360928001868606","0,00000001228782873468","0,00000371847170244047","0,00000092422944659345","0,00000435947483335133","0,00000239995831288858","0,00000173616780866922"
"0,15133627080825434700","0,00000194837147966897","0,00000498680184666050","0,00000001211407284617","0,00000001232344169206","0,00000159482241965073","0,00000212714184926708","0,00000099247731588664","0,00000001185430015164","0,00000001227095768407","0,00000122417011887048","0,00000177961112687391","0,00000371562606769242","0,00000205623343910618","0,00000363161691818368","0,00000001225306720962","0,00000374641274841159","0,00000093179529256445","0,00000439414075290012","0,00000241972410964296","0,00000175011512599510"
"0,15334019344556898400","0,00000195852859388495","0,00000500975385643493","0,00000001208248723881","0,00000001229249179004","0,00000160555021671827","0,00000214435609428764","0,00000099941924991094","0,00000001190636190562","0,00000001230492981549","0,00000123271664796516","0,00000179442636407912","0,00000373908067632284","0,00000207098810491716","0,00000365393673837098","0,00000001222133623152","0,00000377426578443367","0,00000093933647698385","0,00000442872766463683","0,00000243945135293873","0,00000176404756021666"
"0,15534411608288362100","0,00000196867220994317","0,00000503255539599929","0,00000001205393319558","0,00000001226420888897","0,00000161627572628823","0,00000216153785573175","0,00000100635715575767","0,00000001195440040067","0,00000001233595333390","0,00000124125188916961","0,00000180923586334810","0,00000376243939425869","0,00000208573133173664","0,00000367623947924798","0,00000001219263580037","0,00000380203081050671","0,00000094685299985167","0,00000446323556856144","0,00000245914004277590","0,00000177796511133391"
"0,15734803872019823000","0,00000197880232784365","0,00000505520646535356","0,00000001202841071649","0,00000001223859298884","0,00000162699894836062","0,00000217868713359940","0,00000101329103342683","0,00000001199841563678","0,00000001236402823930","0,00000124977584248383","0,00000182403962468086","0,00000378570222149996","0,00000210046311956463","0,00000369852514081466","0,00000001216696591618","0,00000382970782663071","0,00000095434486116790","0,00000449766446467397","0,00000247879017915446","0,00000179186777934683"
"0,15935196135751286700","0,00000198891894758638","0,00000507770706449775","0,00000001200591980153","0,00000001221564408967","0,00000163771988293542","0,00000219580392789059","0,00000102022088291842","0,00000001203840761397","0,00000001238915453169","0,00000125828850790782","0,00000183883764807740","0,00000380886915804667","0,00000211518346840111","0,00000372079372307103","0,00000001214432657895","0,00000385729683280567","0,00000096181206093254","0,00000453201435297441","0,00000249840176207442","0,00000180575556425544"
"0,16135588399482750400","0,00000199902206917135","0,00000510005719343185","0,00000001198646045071","0,00000001219536219145","0,00000164843853001266","0,00000221288823860533","0,00000102714670423244","0,00000001207437633222","0,00000001241133221106","0,00000126678988544158","0,00000185362993353771","0,00000383194020389881","0,00000212989237824609","0,00000374304522601710","0,00000001212471778868","0,00000388479782903159","0,00000096925459914559","0,00000456628523346275","0,00000251797479153578","0,00000181962846605972"
"0,16335980663214211300","0,00000200911169259858","0,00000512225685215588","0,00000001197003266402","0,00000001217774729417","0,00000165915488959231","0,00000222994006574362","0,00000103406849736888","0,00000001210632179154","0,00000001243056127742","0,00000127527997508511","0,00000186841648106179","0,00000385491535905638","0,00000214458984909957","0,00000376527964965285","0,00000001210813954537","0,00000391221081530847","0,00000097667247580705","0,00000460047710613901","0,00000253750926753853","0,00000183348648475969"
"0,16536372926945675000","0,00000201918781786806","0,00000514430604066982","0,00000001195663644146","0,00000001216279939785","0,00000166986896167439","0,00000224695940930545","0,00000104098626232776","0,00000001213424399193","0,00000001244684173077","0,00000128375877683841","0,00000188319729064965","0,00000387779462351938","0,00000215927588096154","0,00000378749699397829","0,00000001209459184901","0,00000393953579163632","0,00000098406569091691","0,00000463458997100318","0,00000255700519008267","0,00000184732962035534"
"0,16736765190677138600","0,00000202925044497979","0,00000516620475897369","0,00000001194627178304","0,00000001215051850247","0,00000168058074625889","0,00000226394626929082","0,00000104789999910906","0,00000001215814293339","0,00000001246017357111","0,00000129222629070148","0,00000189797236230128","0,00000390057799728780","0,00000217395047383202","0,00000380969725899342","0,00000001208407469961","0,00000396677275801512","0,00000099143424447520","0,00000466862382805526","0,00000257646255916821","0,00000186115787284667"
"0,16937157454408602300","0,00000203929957393376","0,00000518795300706747","0,00000001193893868875","0,00000001214090460804","0,00000169129024334582","0,00000228090064569974","0,00000105480970771280","0,00000001217801861592","0,00000001247055679844","0,00000130068251667432","0,00000191274169601669","0,00000392326548036166","0,00000218861362771100","0,00000383188044469823","0,00000001207658809716","0,00000399392171444488","0,00000099877813648189","0,00000470257867729526","0,00000259588137479514","0,00000187497124223369"
"0,17137549718140063200","0,00000204933520472999","0,00000520955078495117","0,00000001193463715859","0,00000001213395771456","0,00000170199745293517","0,00000229782253853221","0,00000106171538813896","0,00000001219387103952","0,00000001247799141275","0,00000130912745475693","0,00000192750529179588","0,00000394585707274095","0,00000220326534259847","0,00000385404655109274","0,00000001207213204167","0,00000402098266092560","0,00000100609736693699","0,00000473645451872316","0,00000261526163696347","0,00000188876972851638"
"0,17337941981871526900","0,00000205935733736847","0,00000523099809262479","0,00000001193336719257","0,00000001212967782203","0,00000171270237502695","0,00000231471194778822","0,00000106861704038755","0,00000001220570020418","0,00000001248247741405","0,00000131756110494931","0,00000194226314963884","0,00000396835277442567","0,00000221790561849445","0,00000387619557817694","0,00000001207070653314","0,00000404795559745728","0,00000101339193584050","0,00000477025135233897","0,00000263460334567320","0,00000190255333169476"
"0,17538334245602990600","0,00000206936597184920","0,00000525229493008833","0,00000001193512879068","0,00000001212806493045","0,00000172340500962114","0,00000233156887346777","0,00000107551466445857","0,00000001221350610992","0,00000001248401480234","0,00000132598346725146","0,00000195701526954557","0,00000399075258541581","0,00000223253445539893","0,00000389832752595082","0,00000001207231157157","0,00000407484052403993","0,00000102066184319242","0,00000480396917814269","0,00000265390650092431","0,00000191632205176881"
"0,17738726509334454300","0,00000207936110817217","0,00000527344129734178","0,00000001193992195293","0,00000001212911903982","0,00000173410535671776","0,00000234839331557087","0,00000108240826035202","0,00000001221728875672","0,00000001248260357762","0,00000133439454166339","0,00000197176165151608","0,00000401305650571139","0,00000224715185331190","0,00000392044239441440","0,00000001207694715696","0,00000410163744067353","0,00000102790708899275","0,00000483760799613433","0,00000267317110271683","0,00000193007588873855"
"0,17939118773065915200","0,00000208934274633740","0,00000529443719438516","0,00000001194774667931","0,00000001213284015014","0,00000174480341631681","0,00000236518527409752","0,00000108929782806790","0,00000001221704814460","0,00000001247824373989","0,00000134279432818508","0,00000198650229555036","0,00000403526453531240","0,00000226175781223337","0,00000394254018356766","0,00000001208461328930","0,00000412834634735809","0,00000103512767324149","0,00000487116780631387","0,00000269239715105074","0,00000194381484260397"
"0,18139511036797378900","0,00000209931088634488","0,00000531528262121845","0,00000001195860296983","0,00000001213922826141","0,00000175549918841828","0,00000238194474904771","0,00000109618336760621","0,00000001221278427354","0,00000001247093528914","0,00000135118282681654","0,00000200123720164842","0,00000405737667421884","0,00000227635233216335","0,00000396462089341061","0,00000001209530996860","0,00000415496724409362","0,00000104232359593865","0,00000490464860868133","0,00000271158464592604","0,00000195753891336507"
"0,18339903300528842500","0,00000210926552819461","0,00000533597757784166","0,00000001197249082447","0,00000001214828337362","0,00000176619267302217","0,00000239867174042144","0,00000110306487896694","0,00000001220449714355","0,00000001246067822539","0,00000135956003755777","0,00000201596636981025","0,00000407939292243071","0,00000229093541310182","0,00000398668452394325","0,00000001210903719485","0,00000418150013088010","0,00000104949485708421","0,00000493805040323670","0,00000273073358734274","0,00000197124810102185"
"0,18540295564260306200","0,00000211920667188659","0,00000535652206425480","0,00000001198941024326","0,00000001216000548679","0,00000177688387012849","0,00000241536624821872","0,00000110994236215011","0,00000001219218675463","0,00000001244747254862","0,00000136792596040877","0,00000203068980003586","0,00000410131327994800","0,00000230550705504879","0,00000400873107516558","0,00000001212579496806","0,00000420794500771755","0,00000105664145667819","0,00000497137318997997","0,00000274984397530083","0,00000198494240557431"
"0,18740687827991767100","0,00000212913431742082","0,00000537691608045785","0,00000001200936122617","0,00000001217439460090","0,00000178757277973723","0,00000243202827243955","0,00000111681581715570","0,00000001217585310678","0,00000001243131825883","0,00000137628059536955","0,00000204540749232524","0,00000412313774677073","0,00000232006725800426","0,00000403076054707760","0,00000001214558328823","0,00000423430187460595","0,00000106376339472057","0,00000500461696891116","0,00000276891580980032","0,00000199862182702246"
"0,18941080091723230800","0,00000213904846479730","0,00000539715962645082","0,00000001203234377322","0,00000001219145071596","0,00000179825940184839","0,00000244865781308392","0,00000112368524398373","0,00000001215549619999","0,00000001241221535604","0,00000138462394244009","0,00000206011944667840","0,00000414486632289889","0,00000233461602196823","0,00000405277293967931","0,00000001216840215536","0,00000426057073154532","0,00000107086067121136","0,00000503778174003026","0,00000278794909084121","0,00000201228636536628"
"0,19141472355454694500","0,00000214894911401603","0,00000541725270223370","0,00000001205835788440","0,00000001221117383197","0,00000180894373646198","0,00000246525487015184","0,00000113055064263418","0,00000001213111603428","0,00000001239016384023","0,00000139295600162040","0,00000207482566309533","0,00000416649900833248","0,00000234915334694070","0,00000407476825297071","0,00000001219425156945","0,00000428675157853564","0,00000107793328615057","0,00000507086750333727","0,00000280694381842349","0,00000202593602060579"
"0,19341864619186155400","0,00000215883626507701","0,00000543719530780651","0,00000001208740355972","0,00000001223356394893","0,00000181962578357799","0,00000248181944364330","0,00000113741201310706","0,00000001210271260963","0,00000001236516371142","0,00000140127677291049","0,00000208952614157604","0,00000418803580307150","0,00000236367923292167","0,00000409674648695179","0,00000001222313153049","0,00000431284441557693","0,00000108498123953819","0,00000510387425883219","0,00000282589999254716","0,00000203957079274098"
"0,19542256882917619100","0,00000216870991798024","0,00000545698744316923","0,00000001211948079917","0,00000001225862106684","0,00000183030554319642","0,00000249835153355831","0,00000114426935540237","0,00000001207028592606","0,00000001233721496959","0,00000140958625631034","0,00000210422088212052","0,00000420947670711594","0,00000237819367991114","0,00000411870764162257","0,00000001225504203849","0,00000433884924266917","0,00000109200453137421","0,00000513680200651502","0,00000284481761321223","0,00000205319068177185"
"0,19742649146649082800","0,00000217857007272572","0,00000547662910832187","0,00000001215458960276","0,00000001228634518570","0,00000184098301531728","0,00000251485113989686","0,00000115112266952011","0,00000001203383598355","0,00000001230631761474","0,00000141788445181996","0,00000211890988472878","0,00000423082172046582","0,00000239269668790910","0,00000414065171698303","0,00000001228998309344","0,00000436476605981238","0,00000109900316165865","0,00000516965074638576","0,00000286369668041869","0,00000206679568769840"
"0,19943041410380546400","0,00000218841672931345","0,00000549612030326444","0,00000001219272997048","0,00000001231673630551","0,00000185165819994056","0,00000253131826265895","0,00000115797195546028","0,00000001199336278211","0,00000001227247164689","0,00000142617135943936","0,00000213359314940081","0,00000425207084312113","0,00000240718825691557","0,00000416257871303319","0,00000001232795469536","0,00000439059486700654","0,00000110597713039149","0,00000520242047844442","0,00000288253719416655","0,00000208038581052063"
"0,20143433674112007400","0,00000219822258013381","0,00000551551938625775","0,00000001223080392500","0,00000001234668570851","0,00000186232627671974","0,00000254775456334896","0,00000116481507040216","0,00000001195268865789","0,00000001223831036563","0,00000143444130056702","0,00000214824953738997","0,00000427324798588933","0,00000242165083365988","0,00000418447960758731","0,00000001236584684459","0,00000441635234361071","0,00000111293494424663","0,00000523510804344987","0,00000290135450715478","0,00000209394890936214"
"0,20343825937843471000","0,00000220796031757716","0,00000553488471556264","0,00000001226571348901","0,00000001237308467694","0,00000187298242530830","0,00000256416170347125","0,00000117164987152502","0,00000001191563594705","0,00000001220646707058","0,00000144268859660145","0,00000216285790994959","0,00000429437705957788","0,00000243606686487137","0,00000420634537845969","0,00000001240054954150","0,00000444205516898393","0,00000111988510989795","0,00000526771028216102","0,00000292016397208233","0,00000210747284334653"
"0,20544218201574934700","0,00000221762994164352","0,00000555421629117912","0,00000001229745866249","0,00000001239593321079","0,00000188362664570623","0,00000258053968302581","0,00000117847635882887","0,00000001188220464958","0,00000001217694176173","0,00000145091324754265","0,00000217741826707969","0,00000431545806418678","0,00000245043635055005","0,00000422817602565033","0,00000001243206278609","0,00000446770334312620","0,00000112682762734543","0,00000530022719457785","0,00000293896558894922","0,00000212095761247380"
"0,20744610465306398400","0,00000222723145233288","0,00000557351411310719","0,00000001232603944545","0,00000001241523131008","0,00000189425893791354","0,00000259688850201265","0,00000118529453231371","0,00000001185239476549","0,00000001214973443909","0,00000145911525339061","0,00000219193060878027","0,00000433649099971603","0,00000246475929069591","0,00000424997154915922","0,00000001246038657835","0,00000449329686603751","0,00000113376249658909","0,00000533265878070037","0,00000295775935775545","0,00000213440321674395"
"0,20945002729037859300","0,00000223676484964524","0,00000559277818134683","0,00000001235145583790","0,00000001243097897480","0,00000190487930193022","0,00000261320816043176","0,00000119210439197954","0,00000001182620629477","0,00000001212484510265","0,00000146729461414534","0,00000220639493505131","0,00000435747586616563","0,00000247903568530896","0,00000427173194898636","0,00000001248552091830","0,00000451883573771787","0,00000114068971762892","0,00000536500504052859","0,00000297654527850100","0,00000214780965615698"
"0,21145394992769323000","0,00000224623013358060","0,00000561200849589806","0,00000001237370783982","0,00000001244317620495","0,00000191548773775628","0,00000262949865828316","0,00000119890593782635","0,00000001180363923743","0,00000001210227375242","0,00000147545132980684","0,00000222081124589283","0,00000437841266353558","0,00000249326553438919","0,00000429345722513176","0,00000001250746580593","0,00000454431995816728","0,00000114760929046493","0,00000539726597406250","0,00000299532335118589","0,00000216117693071289"
"0,21345787256500786700","0,00000225562730413896","0,00000563120505676088","0,00000001239279545122","0,00000001245182300053","0,00000192608424539171","0,00000264575999556683","0,00000120569916985415","0,00000001178469359346","0,00000001208202038840","0,00000148358540037510","0,00000223517954130482","0,00000439930139182589","0,00000250744883793660","0,00000431514737759541","0,00000001252622124123","0,00000456974952738573","0,00000115452121509710","0,00000542944158130209","0,00000301409357581012","0,00000217450504041167"
"0,21546179520232250400","0,00000226495636132032","0,00000565036786393528","0,00000001240871867210","0,00000001245691936154","0,00000193666882483652","0,00000266199217228278","0,00000121248408806294","0,00000001176936936286","0,00000001206408501058","0,00000149169682585013","0,00000224949982128728","0,00000442014205103654","0,00000252158559595120","0,00000433680240637732","0,00000001254178722421","0,00000459512444537323","0,00000116142549152545","0,00000546153186224738","0,00000303285595237367","0,00000218779398525333"
"0,21746571783963711300","0,00000227421730512468","0,00000566949691742126","0,00000001242147750246","0,00000001245846528798","0,00000194724147609070","0,00000267819518843101","0,00000121926069245272","0,00000001175766654564","0,00000001204846761896","0,00000149978560623192","0,00000226377208584022","0,00000444093464116755","0,00000253567580843298","0,00000435842231147748","0,00000001255416375488","0,00000462044471212979","0,00000116832211974998","0,00000549353681689836","0,00000305161048087656","0,00000220104376523788"
"0,21946964047695174900","0,00000228341013555204","0,00000568859221721882","0,00000001243107194230","0,00000001245646077985","0,00000195780219915426","0,00000269436904401151","0,00000122602898302348","0,00000001174958514179","0,00000001203516821355","0,00000150785174152049","0,00000227799633496362","0,00000446167916221890","0,00000254971947538195","0,00000438000709289590","0,00000001256335083322","0,00000464571032765538","0,00000117521109977068","0,00000552545644525502","0,00000307035716131879","0,00000221425438036530"
"0,22147356311426638600","0,00000229253485260240","0,00000570765376332797","0,00000001243750199162","0,00000001245090583715","0,00000196835099402720","0,00000271051373902429","0,00000123278895977523","0,00000001174512515132","0,00000001202418679435","0,00000151589523171582","0,00000229217256865750","0,00000448237561419061","0,00000256371659679810","0,00000440155675063257","0,00000001256934845924","0,00000467092129195003","0,00000118209243158755","0,00000555729074731738","0,00000308909599370034","0,00000222742583063560"
"0,22347748575158102300","0,00000230159145627576","0,00000572668155574870","0,00000001244076765041","0,00000001244180045988","0,00000197888786070950","0,00000272662927346935","0,00000123954062270797","0,00000001174428657422","0,00000001201552336135","0,00000152391607681791","0,00000230630078692186","0,00000450302399708266","0,00000257766717268143","0,00000442307128468750","0,00000001257215663294","0,00000469607760501372","0,00000118896611520059","0,00000558903972308543","0,00000310782697802123","0,00000224055811604878"
"0,22548140838889563200","0,00000231057994657213","0,00000574567559448101","0,00000001244086891869","0,00000001242914464804","0,00000198941279920119","0,00000274271564734668","0,00000124628397182169","0,00000001174706941050","0,00000001200917791455","0,00000153191427682677","0,00000232038098975668","0,00000452362431089507","0,00000259157120303195","0,00000444455069506068","0,00000001257177535432","0,00000472117926684646","0,00000119583215060981","0,00000562070337255917","0,00000312655011428145","0,00000225365123660483"
"0,22748533102621026900","0,00000231950032349149","0,00000576463587952491","0,00000001243780579645","0,00000001241293840163","0,00000199992580950225","0,00000275877286065629","0,00000125301900711641","0,00000001175347366015","0,00000001200515045396","0,00000153988983174240","0,00000233441317716198","0,00000454417655562783","0,00000260542868784965","0,00000446599498175212","0,00000001256820462337","0,00000474622627744825","0,00000120269053781520","0,00000565228169573860","0,00000314526540248101","0,00000226670519230377"
"0,22948925366352490600","0,00000232835258703386","0,00000578356241088040","0,00000001243157828368","0,00000001239318172065","0,00000201042689161268","0,00000277480091339818","0,00000125974572859210","0,00000001176349932318","0,00000001200344097958","0,00000154784274156480","0,00000234839734913775","0,00000456468073128094","0,00000261923962713454","0,00000448740414476181","0,00000001256144444011","0,00000477121863681908","0,00000120954127681676","0,00000568377469262372","0,00000316397284261990","0,00000227971998314559"
"0,23149317630083951500","0,00000233713673719922","0,00000580245518854746","0,00000001242218638040","0,00000001236987460510","0,00000202091604553249","0,00000279079980557235","0,00000126646413624879","0,00000001177714639958","0,00000001200404949140","0,00000155577300629396","0,00000236233350568399","0,00000458513683785440","0,00000263300402088662","0,00000450877818408975","0,00000001255149480452","0,00000479615634495896","0,00000121638436761450","0,00000571518236321453","0,00000318267243469812","0,00000229269560913028"
"0,23349709893815415200","0,00000234585277398759","0,00000582131421252611","0,00000001240963008659","0,00000001234301705498","0,00000203139327126168","0,00000280676953717880","0,00000127317423008647","0,00000001179441488935","0,00000001200697598943","0,00000156368062592989","0,00000237622164680071","0,00000460554487534821","0,00000264672186910587","0,00000453011709973596","0,00000001253835571662","0,00000482103940186789","0,00000122321981020841","0,00000574650470751103","0,00000320136417871568","0,00000230563207025785"
"0,23550102157546878900","0,00000235450069739895","0,00000584013948281635","0,00000001239390940226","0,00000001231260907029","0,00000204185856880024","0,00000282271010821752","0,00000127987601010513","0,00000001181530479250","0,00000001201222047366","0,00000157156560047259","0,00000239006177248789","0,00000462590484376237","0,00000266039317179231","0,00000455142089170041","0,00000001252202717639","0,00000484586780754587","0,00000123004760459850","0,00000577774172551323","0,00000322004807467257","0,00000231852936652830"
"0,23750494421278342500","0,00000236308050743332","0,00000585893099941816","0,00000001237502432742","0,00000001227865065103","0,00000205231193814817","0,00000283862151868852","0,00000128656947630478","0,00000001183981610903","0,00000001201978294410","0,00000157942792992205","0,00000240385388274555","0,00000464621674309688","0,00000267401792894594","0,00000457268955998312","0,00000001250250918384","0,00000487064156199289","0,00000123686775078475","0,00000580889341722111","0,00000323872412256879","0,00000233138749794163"
"0,23950886685009803400","0,00000237159220409069","0,00000587768876233156","0,00000001235297486205","0,00000001224114179720","0,00000206275337930548","0,00000285450376859179","0,00000129325462868541","0,00000001186794883893","0,00000001202966340074","0,00000158726761427828","0,00000241759797757369","0,00000466648057335174","0,00000268759614056675","0,00000459392310458408","0,00000001247980173897","0,00000489536066520897","0,00000124368024876718","0,00000583995978263468","0,00000325739232240434","0,00000234420646449784"
"0,24151278948741267100","0,00000238003578737105","0,00000589641277155655","0,00000001232776100616","0,00000001220008250880","0,00000207318289227217","0,00000287035685792735","0,00000129993146724704","0,00000001189970298220","0,00000001204186184359","0,00000159508465354127","0,00000243129405697229","0,00000468669633452695","0,00000270112780665474","0,00000461512152550330","0,00000001245390484178","0,00000492002511719409","0,00000125048509854579","0,00000587094082175394","0,00000327605267417923","0,00000235698626619693"
"0,24351671212472730800","0,00000238841125727442","0,00000591510302709311","0,00000001229938275975","0,00000001215547278584","0,00000208360047704823","0,00000288618078669518","0,00000130659999198965","0,00000001193507853885","0,00000001205637827264","0,00000160287904771104","0,00000244494212094137","0,00000470686402662252","0,00000271461292720992","0,00000463628482274078","0,00000001242481849227","0,00000494463491794825","0,00000125728230012056","0,00000590183653457890","0,00000329470517789345","0,00000236972690303890"
"0,24552063476204194500","0,00000239671861380079","0,00000593375952894126","0,00000001226784012282","0,00000001210731262830","0,00000209400613363367","0,00000290197555489529","0,00000131326020291325","0,00000001197407550887","0,00000001207321268790","0,00000161065079678757","0,00000245854216948092","0,00000472698364963843","0,00000272805150223228","0,00000465741299629651","0,00000001239254269044","0,00000496919006747147","0,00000126407185349151","0,00000593264692110954","0,00000331334983354701","0,00000238242837502374"
"0,24752455739935655400","0,00000240495785695016","0,00000595238227710100","0,00000001223313309537","0,00000001205560203619","0,00000210439986202848","0,00000291774116252767","0,00000131991210001783","0,00000001201669389226","0,00000001209236508936","0,00000161839990077086","0,00000247209420259094","0,00000474705520357470","0,00000274144353172183","0,00000467850604617049","0,00000001235707743629","0,00000499369056576373","0,00000127085375865864","0,00000596337198134588","0,00000333198664113990","0,00000239509068215147"
"0,24952848003667119100","0,00000241312898672253","0,00000597097127157232","0,00000001219526167739","0,00000001200034100951","0,00000211478166223267","0,00000293347760959234","0,00000132655568330341","0,00000001206293368904","0,00000001211383547703","0,00000162612635966092","0,00000248559822027144","0,00000476707868843131","0,00000275478901567856","0,00000469956397236273","0,00000001231842272981","0,00000501813641282504","0,00000127762801562193","0,00000599401171528790","0,00000335061560067212","0,00000240771382442207"
"0,25153240267398580000","0,00000242126608753316","0,00000598953702066267","0,00000001215783582197","0,00000001194626823451","0,00000212516803899046","0,00000294918009565912","0,00000133318055578458","0,00000001210941003651","0,00000001213552189980","0,00000163383467341382","0,00000249905695821932","0,00000478708036663620","0,00000276810629773743","0,00000472058947144730","0,00000001227962972194","0,00000504251500919173","0,00000128438964490556","0,00000602454769633131","0,00000336923313582337","0,00000242028994997064"
"0,25353632531130043700","0,00000242940324379728","0,00000600809003267951","0,00000001212446548216","0,00000001189812239744","0,00000213557549704610","0,00000296484382029786","0,00000133977632047596","0,00000001215273807201","0,00000001215532240657","0,00000164152934198560","0,00000251247315213152","0,00000480708650061729","0,00000278141372153341","0,00000474158523999828","0,00000001224374956360","0,00000506681375540014","0,00000129113366703366","0,00000605496149787180","0,00000338783567027334","0,00000243281120693227"
"0,25554024794861507300","0,00000243754045551491","0,00000602663030762284","0,00000001209515065796","0,00000001185590349830","0,00000214600403639958","0,00000298046878350856","0,00000134634297737755","0,00000001219291779554","0,00000001217323699735","0,00000164921036537627","0,00000252584680200803","0,00000482709709037457","0,00000279471128706650","0,00000476255127801568","0,00000001221078225479","0,00000509103265145026","0,00000129786008200623","0,00000608525311990937","0,00000340642320402204","0,00000244527759530695"
"0,25754417058592971000","0,00000244567772268605","0,00000604515784549266","0,00000001206989134937","0,00000001181961153709","0,00000215645365705089","0,00000299605498529123","0,00000135288052648935","0,00000001222994920710","0,00000001218926567213","0,00000165687774358583","0,00000253917790784885","0,00000484711213590806","0,00000280799899433669","0,00000478348758549949","0,00000001218072779551","0,00000511517169734209","0,00000130456888982329","0,00000611542256244402","0,00000342499573706945","0,00000245768911509469"
"0,25954809322324434700","0,00000245381504531068","0,00000606367264628897","0,00000001204868755640","0,00000001178924651380","0,00000216692435900005","0,00000301160242564585","0,00000135938896781137","0,00000001226383230669","0,00000001220340843091","0,00000166453147661428","0,00000255246646965398","0,00000486713163721773","0,00000282127684334398","0,00000480439416244971","0,00000001215358618576","0,00000513923089307564","0,00000131126009048482","0,00000614546982547574","0,00000344355326941559","0,00000247004576629549"
"0,26155201586055898400","0,00000246195242338882","0,00000608217471001177","0,00000001203153927904","0,00000001176480842844","0,00000217741614224705","0,00000302711110457244","0,00000136586830134359","0,00000001229456709431","0,00000001221566527369","0,00000167217156446162","0,00000256571248742343","0,00000488715559430361","0,00000283454483408838","0,00000482527100886634","0,00000001212935742554","0,00000516321023865091","0,00000131793368399083","0,00000617539490900454","0,00000346209580106045","0,00000248234754890934"
"0,26355593849787362100","0,00000247008985692047","0,00000610066403666105","0,00000001201844651730","0,00000001174629728101","0,00000218792900679190","0,00000304258102207098","0,00000137231852708603","0,00000001232215356995","0,00000001222603620047","0,00000167979800712785","0,00000257891596115718","0,00000490718400716568","0,00000284780296656988","0,00000484611812474939","0,00000001210804151484","0,00000518710973406789","0,00000132458967034132","0,00000620519781303042","0,00000348062333200403","0,00000249459446293625"
"0,26555986113518820200","0,00000247822734590561","0,00000611914062623682","0,00000001200940927117","0,00000001173371307150","0,00000219846295263458","0,00000305801217814149","0,00000137873964503867","0,00000001234659173363","0,00000001223452121126","0,00000168741080461297","0,00000259207689085525","0,00000492721687580395","0,00000286105124078849","0,00000486693551009885","0,00000001208963845368","0,00000521092937932658","0,00000133122804953629","0,00000623487853755338","0,00000349913586224633","0,00000250678650837622"
"0,26756378377250283900","0,00000248636489034427","0,00000613760447873909","0,00000001200442754065","0,00000001172705579992","0,00000220901797977510","0,00000307340457278395","0,00000138513165520152","0,00000001236788158533","0,00000001224112030604","0,00000169500995691698","0,00000260519527651763","0,00000494725420021841","0,00000287428965674421","0,00000488772316491472","0,00000001207414824205","0,00000523466917442699","0,00000133784882157573","0,00000626443708257342","0,00000351763339178736","0,00000251892368522924"
"0,26956770640981747600","0,00000249450249023642","0,00000615605559416784","0,00000001200350132575","0,00000001172632546628","0,00000221959408821347","0,00000308875820599838","0,00000139149455757459","0,00000001238602312507","0,00000001224583348483","0,00000170259546403988","0,00000261827111814432","0,00000496729598040908","0,00000288751821443703","0,00000490848108919701","0,00000001206157087995","0,00000525832911936912","0,00000134445198645965","0,00000629387344809054","0,00000353611592062711","0,00000253100599349532"
"0,27157162904713211300","0,00000250264014558208","0,00000617449397252307","0,00000001200663062646","0,00000001173152207055","0,00000223019127794967","0,00000310407307778476","0,00000139782835215786","0,00000001240101635283","0,00000001224866074762","0,00000171016732598167","0,00000263130441573532","0,00000498734221637594","0,00000290073691386695","0,00000492920928294571","0,00000001205190636737","0,00000528190921415295","0,00000135103754418805","0,00000632318763410473","0,00000355458344876558","0,00000254303343317445"
"0,27357555168444674900","0,00000251077785638124","0,00000619291961380480","0,00000001201381544278","0,00000001174264561276","0,00000224080954898372","0,00000311934918814311","0,00000140413303895135","0,00000001241286126862","0,00000001224960209441","0,00000171772554274235","0,00000264429516929064","0,00000500739290811899","0,00000291394575503398","0,00000494990774616081","0,00000001204515470433","0,00000530540945877851","0,00000135760549476093","0,00000635237964061601","0,00000357303597620277","0,00000255500600426664"
"0,27557947432176138600","0,00000251891562263391","0,00000621133251801301","0,00000001202505577472","0,00000001175969609290","0,00000225144890131561","0,00000313458653707341","0,00000141040861795504","0,00000001242155787244","0,00000001224865752521","0,00000172527011432192","0,00000265724337881026","0,00000502744805563825","0,00000292714473793812","0,00000497057647884234","0,00000001204131589082","0,00000532882985324578","0,00000136415583817828","0,00000638144946762436","0,00000359147350293869","0,00000256692370677189"
"0,27758339695907602300","0,00000252705344434007","0,00000622973268514772","0,00000001204035162227","0,00000001178267351096","0,00000226210933494534","0,00000314978512457568","0,00000141665508916895","0,00000001242710616429","0,00000001224582704000","0,00000173280104072038","0,00000267014904429420","0,00000504750765893370","0,00000294033386257936","0,00000499121548099027","0,00000001204038992683","0,00000535217039755476","0,00000137068857444011","0,00000641039711512979","0,00000360989602897332","0,00000257878654069019"
"0,27958731959639066000","0,00000253519132149975","0,00000624812011520891","0,00000001205970298543","0,00000001181157786695","0,00000227279084987291","0,00000316494495064991","0,00000142287245259307","0,00000001242950614417","0,00000001224111063880","0,00000174031832193773","0,00000268301216574244","0,00000506757171800535","0,00000295351312895770","0,00000501182475260462","0,00000001204237681238","0,00000537543109170546","0,00000137720370354642","0,00000643922258313230","0,00000362830355430668","0,00000259059450602155"
"0,28159124223370524100","0,00000254332925411292","0,00000626649480819659","0,00000001208310986421","0,00000001184640916086","0,00000228349344609832","0,00000318006601529610","0,00000142906070822739","0,00000001242875781207","0,00000001223450832160","0,00000174782195797397","0,00000269583274315500","0,00000508764023285319","0,00000296668253707315","0,00000503240429368538","0,00000001204727654745","0,00000539861193569787","0,00000138370122549721","0,00000646792587163189","0,00000364669607893876","0,00000260234760276597"
"0,28359516487101987800","0,00000255146724217960","0,00000628485676411076","0,00000001211057225860","0,00000001188716739271","0,00000229421712362157","0,00000319514831851425","0,00000143521985607193","0,00000001242486116801","0,00000001222602008840","0,00000175531194882910","0,00000270861077653187","0,00000510771320347723","0,00000297984208692570","0,00000505295410423255","0,00000001205508913206","0,00000542171292953200","0,00000139018114029247","0,00000649650698062855","0,00000366507360286956","0,00000261404583092344"
"0,28559908750833451500","0,00000255960528569979","0,00000630320598295141","0,00000001214209016861","0,00000001193385256248","0,00000230496188244267","0,00000321019186030435","0,00000144134989612668","0,00000001241781621198","0,00000001221564593921","0,00000176278829450312","0,00000272134626587306","0,00000512779062987747","0,00000299299177851536","0,00000507347418424614","0,00000001206581456619","0,00000544473407320784","0,00000139664344793222","0,00000652496591012230","0,00000368343612609909","0,00000262568919049397"
"0,28760301014564915200","0,00000256774338467347","0,00000632154246471856","0,00000001217766359422","0,00000001198646467018","0,00000231572772256160","0,00000322519664066642","0,00000144745082839164","0,00000001240762294397","0,00000001220338587401","0,00000177025099499603","0,00000273403921117855","0,00000514787251205391","0,00000300613161184213","0,00000509396453372613","0,00000001207945284986","0,00000546767536672540","0,00000140308814841644","0,00000655330266011312","0,00000370178364862733","0,00000263727768147756"
"0,28960693278296378800","0,00000257588153910066","0,00000633986620941219","0,00000001221729253545","0,00000001204500371581","0,00000232651464397838","0,00000324016265960045","0,00000145352265286680","0,00000001239428136399","0,00000001218923989282","0,00000177770005030783","0,00000274668961244835","0,00000516795885000654","0,00000301926158690600","0,00000511442515267254","0,00000001209600398305","0,00000549053681008467","0,00000140951524174514","0,00000658151723060102","0,00000372011617045430","0,00000264881130387420"
"0,29161085542027842500","0,00000258401974898136","0,00000635817721703231","0,00000001226097699230","0,00000001210946969937","0,00000233732264669299","0,00000325508991710644","0,00000145956536955218","0,00000001237779147204","0,00000001217320799563","0,00000178513546043852","0,00000275929746968247","0,00000518804964373537","0,00000303238170370697","0,00000513485604108537","0,00000001211546796578","0,00000551331840328566","0,00000141592472791831","0,00000660960962158600","0,00000373843369157999","0,00000266029005768390"
"0,29361477805759306200","0,00000259215801431556","0,00000637647548757892","0,00000001230871696476","0,00000001217986262085","0,00000234815173070545","0,00000326997841318439","0,00000146557897844777","0,00000001235815326813","0,00000001215529018244","0,00000179255722538810","0,00000277186278288090","0,00000520814489324040","0,00000304549196224505","0,00000515525719896460","0,00000001213784479803","0,00000553602014632836","0,00000142231660693596","0,00000663757983306806","0,00000375673621200441","0,00000267171394290665"
"0,29561870069490764300","0,00000260029633510326","0,00000639476102105202","0,00000001236051245283","0,00000001225618248026","0,00000235900189601575","0,00000328482814783430","0,00000147156347955357","0,00000001233536675224","0,00000001213548645325","0,00000179996534515657","0,00000278438555204364","0,00000522824459852162","0,00000305859236252023","0,00000517562862631025","0,00000001216313447982","0,00000555864203921278","0,00000142869087879810","0,00000666542786504720","0,00000377502373172754","0,00000268308295954246"
"0,29762262333222228000","0,00000260843471134446","0,00000641303381745161","0,00000001241636345652","0,00000001233842927760","0,00000236987314262389","0,00000329963912105617","0,00000147751887286958","0,00000001230943192437","0,00000001211379680806","0,00000180735981974393","0,00000279686577717069","0,00000524834875957904","0,00000307168290453252","0,00000519597032312231","0,00000001219133701113","0,00000558118408193891","0,00000143504754350470","0,00000669315371752341","0,00000379329625074940","0,00000269439710759133"
"0,29962654596953691700","0,00000261657314303917","0,00000643129387677769","0,00000001247626997582","0,00000001242660301287","0,00000238076547052987","0,00000331441133285001","0,00000148344515839580","0,00000001228034878454","0,00000001209022124688","0,00000181474064915018","0,00000280930345826205","0,00000526845737641266","0,00000308476358828192","0,00000521628228940078","0,00000001222245239197","0,00000560364627450676","0,00000144138660105579","0,00000672075739049671","0,00000381155376906998","0,00000270565638705325"
"0,30163046860685155400","0,00000262468819038745","0,00000644952900709511","0,00000001253537743909","0,00000001251366519933","0,00000239164095710199","0,00000332915887552445","0,00000148935190240086","0,00000001225067779247","0,00000001206666099410","0,00000182211021996607","0,00000282170065740907","0,00000528853696150204","0,00000309781733014274","0,00000523654237106524","0,00000001225364647044","0,00000562603576143287","0,00000144771958713406","0,00000674825830760889","0,00000382979335236571","0,00000271686776191396"
"0,30363439124416619100","0,00000263275641358937","0,00000646772701646874","0,00000001258883127471","0,00000001259257735025","0,00000240246167970854","0,00000334389584138817","0,00000149524867115341","0,00000001222297940791","0,00000001204501727411","0,00000182947091878238","0,00000283405943670310","0,00000530855402732677","0,00000311082704648931","0,00000525672841403526","0,00000001228208509462","0,00000564835968723380","0,00000145405803742220","0,00000677567589250177","0,00000384801206631305","0,00000272803819615916"
"0,30563831388148082800","0,00000264077781264493","0,00000648588790489858","0,00000001263663148267","0,00000001266333946562","0,00000241322763834953","0,00000335862223044115","0,00000150113546465344","0,00000001219725363084","0,00000001202529008693","0,00000183682274559909","0,00000284637979614414","0,00000532850857388685","0,00000312379273732164","0,00000527684041831083","0,00000001230776826452","0,00000567061805190955","0,00000146040195192022","0,00000680301014517535","0,00000386620991091198","0,00000273916768978886"
"0,30764223651879546400","0,00000264875238755412","0,00000650401167238462","0,00000001267877806297","0,00000001272595154545","0,00000242393883302496","0,00000337333804268341","0,00000150701228290095","0,00000001217350046127","0,00000001200747943254","0,00000184416570041621","0,00000285866173573218","0,00000534840060118226","0,00000313671440263972","0,00000529687838389196","0,00000001233069598014","0,00000569281085546012","0,00000146675133062812","0,00000683026106562962","0,00000388438688616251","0,00000275025624280306"
"0,30964615915611010100","0,00000265668013831696","0,00000652209831892688","0,00000001271527101561","0,00000001278041358974","0,00000243459526373482","0,00000338804327811493","0,00000151287912589594","0,00000001215171989920","0,00000001199158531096","0,00000185149978323374","0,00000287090525546723","0,00000536823010921302","0,00000314959204244356","0,00000531684231077865","0,00000001235086824147","0,00000571493809788551","0,00000147310617354589","0,00000685742865386459","0,00000390254299206463","0,00000276130385520176"
"0,31165008179342468200","0,00000266456106493343","0,00000654014784452534","0,00000001274611034059","0,00000001282672559849","0,00000244519693047911","0,00000340273793673572","0,00000151873599363841","0,00000001213191194464","0,00000001197760772217","0,00000185882499405167","0,00000288311035534928","0,00000538799709797912","0,00000316242565673314","0,00000533673219897090","0,00000001236828504852","0,00000573699977918571","0,00000147946648067355","0,00000688451290988025","0,00000392067822861835","0,00000277231052698496"
"0,31365400443073931900","0,00000267239516740355","0,00000655816024918001","0,00000001277129603792","0,00000001286488757169","0,00000245574383325784","0,00000341742201854578","0,00000152458288612837","0,00000001211407659757","0,00000001196554666619","0,00000186614133287001","0,00000289527703537834","0,00000540770156748056","0,00000317521524550848","0,00000535654804846871","0,00000001238294640128","0,00000575899589936074","0,00000148583225201108","0,00000691151383367662","0,00000393879259582367","0,00000278327625815267"
"0,31565792706805395600","0,00000268018244572730","0,00000657613553289088","0,00000001279082810758","0,00000001289489950935","0,00000246623597207100","0,00000343209552354511","0,00000153041980336580","0,00000001209821385800","0,00000001195540214300","0,00000187344879968876","0,00000290740529555441","0,00000542734351771734","0,00000318796080876958","0,00000537628985927207","0,00000001239485229976","0,00000578092645841058","0,00000149220348755849","0,00000693843142525368","0,00000395688609368058","0,00000279420104870487"
"0,31766184970536859300","0,00000268792289990469","0,00000659407369565797","0,00000001280470654959","0,00000001291676141147","0,00000247667334691860","0,00000344675845173371","0,00000153624674535072","0,00000001208432372593","0,00000001194717415261","0,00000188074739450791","0,00000291949513587749","0,00000544692294868947","0,00000320066234651642","0,00000539595763138099","0,00000001240400274396","0,00000580279145633524","0,00000149858018731577","0,00000696526568461143","0,00000397495872218909","0,00000280508489864157"
"0,31966577234268323000","0,00000269561652993572","0,00000661197473748126","0,00000001281293136393","0,00000001293047327804","0,00000248705595780064","0,00000346141080311158","0,00000154206371208312","0,00000001207240620136","0,00000001194086269502","0,00000188803711732747","0,00000293154655634757","0,00000546643986039694","0,00000321331985874902","0,00000541555136479547","0,00000001241039773387","0,00000582459089313471","0,00000150496235128294","0,00000699201661174989","0,00000399301048134920","0,00000281592780796277"
"0,32166969497999786700","0,00000270326333582039","0,00000662983865836076","0,00000001281550255062","0,00000001293603510908","0,00000249738380471710","0,00000347605257767872","0,00000154787070356300","0,00000001206246128429","0,00000001193646777024","0,00000189531796814744","0,00000294355955696466","0,00000548589425283975","0,00000322593334546737","0,00000543507105951551","0,00000001241403726950","0,00000584632476880901","0,00000151134997945998","0,00000701868420666904","0,00000401104137116090","0,00000282672977666847"
"0,32367361761731250300","0,00000271086331755870","0,00000664766545829646","0,00000001281242010965","0,00000001293344690457","0,00000250765688766801","0,00000349068377543513","0,00000155366771979036","0,00000001205448897473","0,00000001193398937825","0,00000190258994696781","0,00000295553413772876","0,00000550528612601790","0,00000323850280667147","0,00000545451671554111","0,00000001241492135085","0,00000586799308335812","0,00000151774307184690","0,00000704526846936888","0,00000402905139162420","0,00000283749080475867"
"0,32567754025462714000","0,00000271841647515065","0,00000666545513728838","0,00000001280368404102","0,00000001292270866451","0,00000251787520665335","0,00000350530439638081","0,00000155945476076521","0,00000001204848927266","0,00000001193342751906","0,00000190985305378860","0,00000296747029863986","0,00000552461547993140","0,00000325102824236133","0,00000547388833287226","0,00000001241304997791","0,00000588959583678206","0,00000152414162844370","0,00000707176939984943","0,00000404704054273909","0,00000284821089223337"
"0,32768146289194172200","0,00000272592280859624","0,00000668320769533650","0,00000001278929434473","0,00000001290382038892","0,00000252803876167312","0,00000351991444051575","0,00000156523182648753","0,00000001204446217809","0,00000001193478219267","0,00000191710728860979","0,00000297936803969797","0,00000554388231458023","0,00000326350965253693","0,00000549318591150897","0,00000001240842315069","0,00000591113302908081","0,00000153054564925038","0,00000709818699811067","0,00000406500882450559","0,00000285889003909257"
"0,32968538552925635800","0,00000273338231789546","0,00000670092313244083","0,00000001276925102078","0,00000001287678207778","0,00000253814755272733","0,00000353451390783997","0,00000157099891695734","0,00000001204240769102","0,00000001193805339908","0,00000192435265143138","0,00000299122736090308","0,00000556308662996441","0,00000327594703719830","0,00000551240945145124","0,00000001240104086919","0,00000593260466025438","0,00000153695513426693","0,00000712452126415261","0,00000408295623692367","0,00000286952824533627"
"0,33168930816657099500","0,00000274079500304833","0,00000671860144860136","0,00000001274355406918","0,00000001284159373110","0,00000254820157981597","0,00000354910279835345","0,00000157675603217463","0,00000001204232581145","0,00000001194324113829","0,00000193158914225339","0,00000300304826225521","0,00000558222842608394","0,00000328834039634541","0,00000553155895269907","0,00000001239090313340","0,00000595401073030276","0,00000154337008349337","0,00000715077219797524","0,00000410088277999336","0,00000288012551096448"
"0,33369323080388563200","0,00000274816086405483","0,00000673624264381811","0,00000001271220348991","0,00000001279825534888","0,00000255820084293905","0,00000356368111205620","0,00000158250317213940","0,00000001204421653938","0,00000001195034541030","0,00000193881676107580","0,00000301483074375434","0,00000560130770293880","0,00000330068972997828","0,00000555063441525246","0,00000001237800994333","0,00000597535123922597","0,00000154979049692968","0,00000717693979957857","0,00000411878845371464","0,00000289068183597718"
"0,33569715344120026900","0,00000275547990091497","0,00000675384671809106","0,00000001267519928299","0,00000001274676693111","0,00000256814534209657","0,00000357824884894823","0,00000158824033685165","0,00000001204807987481","0,00000001195936621510","0,00000194603550789861","0,00000302657480540047","0,00000562032446052901","0,00000331299503809690","0,00000556963583911140","0,00000001236236129897","0,00000599662618702399","0,00000155621637457586","0,00000720302406896260","0,00000413667325808752","0,00000290119722037438"
"0,33770107607851490600","0,00000276275211362875","0,00000677141367142022","0,00000001263254144840","0,00000001268712847780","0,00000257803507728851","0,00000359280600902952","0,00000159396752631138","0,00000001205391581775","0,00000001197030355271","0,00000195324538272184","0,00000303828044719362","0,00000563927869885456","0,00000332525632070127","0,00000558856322427590","0,00000001234395720033","0,00000601783557369683","0,00000156264771643193","0,00000722902500612732","0,00000415453719311199","0,00000291167166415608"
"0,33970499871582954200","0,00000276997750219618","0,00000678894350380558","0,00000001258422998616","0,00000001261933998895","0,00000258787004851490","0,00000360735259230008","0,00000159968474051860","0,00000001206172436818","0,00000001198315742312","0,00000196044638554547","0,00000304994766913377","0,00000565817041791545","0,00000333747357779139","0,00000560741657074596","0,00000001232279764741","0,00000603897939924449","0,00000156908452249788","0,00000725494261107275","0,00000417238025878806","0,00000292210516732228"
"0,34170892135314412400","0,00000277715606661724","0,00000680643621524716","0,00000001253026489626","0,00000001254340146456","0,00000259765025577572","0,00000362188859875991","0,00000160539197947329","0,00000001207150552611","0,00000001199792782633","0,00000196763851636951","0,00000306157647122092","0,00000567699961771168","0,00000334964680936727","0,00000562619587852158","0,00000001229888264021","0,00000606005766366697","0,00000157552679277370","0,00000728077688379886","0,00000419020245511573","0,00000293249772987298"
"0,34371284399045876100","0,00000278428780689194","0,00000682389180574494","0,00000001247064617870","0,00000001245931290462","0,00000260737569907097","0,00000363641402840901","0,00000161108924317547","0,00000001208325929154","0,00000001201461476233","0,00000197482177519395","0,00000307316685345509","0,00000569576629824326","0,00000336177601542890","0,00000564490114760276","0,00000001227221217872","0,00000608107036696427","0,00000158197452725940","0,00000730652782430568","0,00000420800378209499","0,00000294284935180818"
"0,34571676662777339700","0,00000279137272302027","0,00000684131027529893","0,00000001240537383348","0,00000001236707430914","0,00000261704637840066","0,00000365092888124738","0,00000161677653162513","0,00000001209698566447","0,00000001203321823114","0,00000198199616201880","0,00000308471881583626","0,00000571447045951018","0,00000337386119597628","0,00000566353237798949","0,00000001224278626294","0,00000610201750913638","0,00000158842772595497","0,00000733219543259319","0,00000422578423972585","0,00000295316003312788"
"0,34772068926508803400","0,00000279841081500225","0,00000685869162390913","0,00000001233444786060","0,00000001226668567812","0,00000262666229376478","0,00000366543315727502","0,00000162245384482227","0,00000001211268464490","0,00000001205373823274","0,00000198916167684406","0,00000309623235836444","0,00000573311210151244","0,00000338590235100942","0,00000568208956968179","0,00000001221060489289","0,00000612289909018332","0,00000159488638886043","0,00000735777970866140","0,00000424354382800831","0,00000296342977383208"
"0,34972461190240267100","0,00000280540208283787","0,00000687603585157553","0,00000001225786826006","0,00000001215814701156","0,00000263622344516334","0,00000367992685649193","0,00000162812118276689","0,00000001213035623283","0,00000001207617476715","0,00000199631831966973","0,00000310770748103962","0,00000575169122425005","0,00000339789948052831","0,00000570057272267963","0,00000001217566806854","0,00000614371511010507","0,00000160135051597576","0,00000738328065251031","0,00000426128254694236","0,00000297365857392078"
"0,35172853453971730800","0,00000281237116050352","0,00000689332520602717","0,00000001218167619648","0,00000001205015928839","0,00000264574575139463","0,00000369440091894739","0,00000163378047087402","0,00000001214819780463","0,00000001209837937603","0,00000200345934934384","0,00000311915906869342","0,00000577020224543003","0,00000340985717788516","0,00000571900082288247","0,00000001214111819185","0,00000616446083488673","0,00000160779872199996","0,00000740868162659658","0,00000427896658464641","0,00000298383781974939"
"0,35373245717703194500","0,00000281934268197561","0,00000691054193499308","0,00000001211191283447","0,00000001195142348758","0,00000265524513125695","0,00000370884628469072","0,00000163943363455868","0,00000001216440673668","0,00000001211820360107","0,00000201057802471443","0,00000313060200615746","0,00000578863958275944","0,00000342178003643217","0,00000573739285618973","0,00000001211009766473","0,00000618513153051341","0,00000161420962163202","0,00000743396599337691","0,00000429656212923885","0,00000299395889767331"
"0,35573637981434658200","0,00000282631664725414","0,00000692768603847326","0,00000001204857817403","0,00000001186193960911","0,00000266472158475030","0,00000372326295372189","0,00000164508067382088","0,00000001217898302897","0,00000001213564744227","0,00000201767434578150","0,00000314203629343173","0,00000580700323623827","0,00000343366805616935","0,00000575574882260141","0,00000001208260648718","0,00000620572719698509","0,00000162058321487192","0,00000745913375285129","0,00000431406918071969","0,00000300402180769256"
"0,35774030245166116300","0,00000283329305633910","0,00000694475751646772","0,00000001199167221516","0,00000001178170765300","0,00000267417511187467","0,00000373765092604092","0,00000165072158866061","0,00000001219192668150","0,00000001215071089962","0,00000202474831254504","0,00000315346193051624","0,00000582529320586653","0,00000344552123709669","0,00000577406872211751","0,00000001205864465920","0,00000622624783430178","0,00000162691950171968","0,00000748418490501971","0,00000433148773908891","0,00000301402654980713"
"0,35974422508897580000","0,00000284027190923050","0,00000696175636897643","0,00000001194119495786","0,00000001171072761923","0,00000268360571263008","0,00000375201020164780","0,00000165635637907787","0,00000001220323769428","0,00000001216339397312","0,00000203179992500507","0,00000316487891741098","0,00000584350949164421","0,00000345733957921420","0,00000579235255473803","0,00000001203821218080","0,00000624669344246347","0,00000163321848217529","0,00000750911944988218","0,00000434881780434653","0,00000302397312401701"
"0,36174814772629043600","0,00000284725320592834","0,00000697868259599942","0,00000001189714640213","0,00000001164899950781","0,00000269301338701651","0,00000376634078054253","0,00000166198504507267","0,00000001221291606731","0,00000001217369666279","0,00000203882918316157","0,00000317628725411595","0,00000586165209357131","0,00000346912308252187","0,00000581060032046297","0,00000001202130905197","0,00000626706402147018","0,00000163948015623876","0,00000753393738743870","0,00000436605937649254","0,00000303386153032222"
"0,36375207036360507300","0,00000285423694643261","0,00000699553619753668","0,00000001185952654797","0,00000001159652331873","0,00000270239813503397","0,00000378064266272512","0,00000166760758664500","0,00000001222096180057","0,00000001218161896860","0,00000204583608701455","0,00000318768694063116","0,00000587972101164783","0,00000348087174701970","0,00000582881201929233","0,00000001200793527271","0,00000628735957132189","0,00000164570452391007","0,00000755863871768927","0,00000438321245552695","0,00000304369176872274"
"0,36575599300091971000","0,00000286122313074332","0,00000701231717358820","0,00000001182833539538","0,00000001155329905201","0,00000271175995668246","0,00000379491584819556","0,00000167322400379486","0,00000001222737489408","0,00000001218716089058","0,00000205282063656402","0,00000319907797695660","0,00000589771624587377","0,00000349258557270771","0,00000584698765122610","0,00000001199809084302","0,00000630758009201861","0,00000165189158518924","0,00000758322344063389","0,00000440027704144975","0,00000305346383921859"
"0,36775991563823434700","0,00000286821175886047","0,00000702902552415400","0,00000001180357294436","0,00000001151932670763","0,00000272109885196198","0,00000380916033695385","0,00000167883429652226","0,00000001223215534784","0,00000001219032242871","0,00000205978283180996","0,00000321046036309228","0,00000591563779624914","0,00000350426455958587","0,00000586512721626430","0,00000001199177576291","0,00000632772558356034","0,00000165804134007627","0,00000760769155627256","0,00000441725313426094","0,00000306317774180975"
"0,36976383827554898400","0,00000287520283078405","0,00000704566124923406","0,00000001178523919491","0,00000001149460628560","0,00000273041482087253","0,00000382337612899999","0,00000168443846482718","0,00000001223530316184","0,00000001219110358300","0,00000206672267275238","0,00000322183409903819","0,00000593348566277393","0,00000351590870765421","0,00000588323071440692","0,00000001198899003238","0,00000634779604594708","0,00000166415378857115","0,00000763204306460527","0,00000443414073396053","0,00000307283347649623"
"0,37176776091286356500","0,00000288219634651407","0,00000706222434882839","0,00000001177333414703","0,00000001147913778592","0,00000273970786341410","0,00000383756322433399","0,00000169003650870965","0,00000001223681833608","0,00000001218950435344","0,00000207364015939128","0,00000323319918479433","0,00000595125984544815","0,00000352751801691270","0,00000590129814565396","0,00000001198973365141","0,00000636779147917882","0,00000167022893067388","0,00000765627796563203","0,00000445093984054851","0,00000308243104327803"
"0,37377168355017820200","0,00000288919230605053","0,00000707871482293699","0,00000001176785780072","0,00000001147292120859","0,00000274897797958671","0,00000385172162295584","0,00000169562842816964","0,00000001223670087056","0,00000001218552474004","0,00000208053529172666","0,00000324455562036071","0,00000596896034427178","0,00000353909248736136","0,00000591932951000542","0,00000001199400662002","0,00000638771188325557","0,00000167626676638446","0,00000768039625935284","0,00000446765045402488","0,00000309197044215515"
"0,37577560618749283900","0,00000289619070939342","0,00000709513267155987","0,00000001176881015598","0,00000001147595655361","0,00000275822516939034","0,00000386585132486555","0,00000170121422320717","0,00000001223495076529","0,00000001217916474279","0,00000208740806975851","0,00000325590340573732","0,00000598658715924484","0,00000355063211900019","0,00000593732480746129","0,00000001200180893820","0,00000640755725817733","0,00000168226729570290","0,00000770439794576770","0,00000448427257438964","0,00000310145167312759"
"0,37777952882480747600","0,00000290319155654275","0,00000711147789469701","0,00000001177619121281","0,00000001148824382097","0,00000276744943282500","0,00000387995233006310","0,00000170679389382223","0,00000001223156802027","0,00000001217042436170","0,00000209425849348685","0,00000326724254092417","0,00000600414029036733","0,00000356213691182918","0,00000595528403802159","0,00000001201314060596","0,00000642732760394410","0,00000168823051862919","0,00000772828302487661","0,00000450080620164280","0,00000311087473619534"
"0,37978345146212211200","0,00000291019484749852","0,00000712775049234842","0,00000001179000097121","0,00000001150978301069","0,00000277665076989069","0,00000389402463854851","0,00000171236744001483","0,00000001222655263549","0,00000001215930359677","0,00000210108656291166","0,00000327857302592125","0,00000602161973763923","0,00000357360686584834","0,00000597320720168631","0,00000001202800162328","0,00000644702292055588","0,00000169415643516333","0,00000775205149667956","0,00000451725133578435","0,00000312023963135842"
"0,38178737409943674900","0,00000291720058226072","0,00000714395046451409","0,00000001181023943118","0,00000001154057412275","0,00000278582918058740","0,00000390806825032178","0,00000171793486178495","0,00000001221990461095","0,00000001214580244799","0,00000210789227803296","0,00000328989486072856","0,00000603902550106056","0,00000358504198105766","0,00000599109429845545","0,00000001204639199019","0,00000646664320801267","0,00000170004504530533","0,00000777570336117657","0,00000453360797681429","0,00000312954635861681"
"0,38379129673675138600","0,00000292420876082936","0,00000716007781119404","0,00000001183690659272","0,00000001158061715716","0,00000279498466491515","0,00000392208316538289","0,00000172349615913262","0,00000001221162394666","0,00000001212992091537","0,00000211467563885073","0,00000330120804534611","0,00000605635758063131","0,00000359644225745715","0,00000600894532832901","0,00000001206831170666","0,00000648618846631446","0,00000170589634905518","0,00000779923861836762","0,00000454987612473263","0,00000313879491797053"
"0,38579521937406602300","0,00000293121938320443","0,00000717613253238825","0,00000001187000245584","0,00000001162991211391","0,00000280411722287392","0,00000393606938373186","0,00000172905133205781","0,00000001220171064261","0,00000001211165899891","0,00000212143664536498","0,00000331251257977389","0,00000607361597635148","0,00000360780769504680","0,00000602676029130698","0,00000001209376077271","0,00000650565869546126","0,00000171171034641288","0,00000782265726825272","0,00000456605577953936","0,00000314798530941956"
"0,38779914201138060400","0,00000293823244938594","0,00000719211462809674","0,00000001190952702052","0,00000001168845899302","0,00000281322685446373","0,00000395002690536868","0,00000173460038056054","0,00000001219016469880","0,00000001209101669860","0,00000212817529757572","0,00000332380846401191","0,00000609080068822108","0,00000361913829382662","0,00000604453918738938","0,00000001212273918833","0,00000652505389545307","0,00000171748703737844","0,00000784595931083187","0,00000458214694123448","0,00000315711753296391"
"0,38980306464869524100","0,00000294524795937389","0,00000720802409831949","0,00000001195548028677","0,00000001175625779447","0,00000282231355968456","0,00000396395573029336","0,00000174014330464080","0,00000001217698611524","0,00000001206799401444","0,00000213489159548293","0,00000333509569806016","0,00000610791171624010","0,00000363043405379660","0,00000606228201657620","0,00000001215524695352","0,00000654437406628989","0,00000172322642195185","0,00000786914474610506","0,00000459814960981800","0,00000316619158860359"
"0,39180698728600987800","0,00000295226591316828","0,00000722386094305652","0,00000001200786225459","0,00000001183330851827","0,00000283137733853642","0,00000397785585850588","0,00000174568010429859","0,00000001216217489192","0,00000001204259094645","0,00000214158553908661","0,00000334637428191864","0,00000612494906040854","0,00000364169497495674","0,00000607998877886744","0,00000001219128406829","0,00000656361920797171","0,00000172892850013311","0,00000789221357407231","0,00000461406378528991","0,00000317520747633858"
"0,39381090992332451500","0,00000295928631076910","0,00000723962516230781","0,00000001206667292398","0,00000001191961116442","0,00000284041819101931","0,00000399172729000627","0,00000175121077953392","0,00000001214573102885","0,00000001201480749460","0,00000214825712838678","0,00000335764421558736","0,00000614191272072640","0,00000365292105730705","0,00000609765947426309","0,00000001223085053263","0,00000658278932049854","0,00000173459327192222","0,00000791516579473360","0,00000462988946765021","0,00000318416519616889"
"0,39581483256063915100","0,00000296630915217636","0,00000725531675607337","0,00000001213191229495","0,00000001201516573292","0,00000284943611713322","0,00000400557002479450","0,00000175673533034678","0,00000001212765452602","0,00000001198464365892","0,00000215490636338343","0,00000336890549906631","0,00000615880269719369","0,00000366411230084753","0,00000611529410276317","0,00000001227394634654","0,00000660188440387039","0,00000174022073731919","0,00000793800140808894","0,00000464562665689891","0,00000319306474809451"
"0,39781875519795378800","0,00000297333443739005","0,00000727093572435320","0,00000001220358036748","0,00000001211997222377","0,00000285843111687817","0,00000401938406287058","0,00000176225375673718","0,00000001210794538343","0,00000001195209943939","0,00000216153324407656","0,00000338015813235549","0,00000617561898981040","0,00000367526870557817","0,00000613289266436766","0,00000001232057151003","0,00000662090445808723","0,00000174581089632401","0,00000796072041413833","0,00000466127535303600","0,00000320190613211546"
"0,39982267783526842500","0,00000298036216641018","0,00000728648206714730","0,00000001228167714158","0,00000001223403063696","0,00000286740319025414","0,00000403316940423452","0,00000176776605870510","0,00000001208660360109","0,00000001191717483602","0,00000216813777046616","0,00000339140211545491","0,00000619236159857653","0,00000368639027149898","0,00000615045515907658","0,00000001237072602309","0,00000663984948314909","0,00000175136374893669","0,00000798332281288177","0,00000467683555606148","0,00000321068934823173"
"0,40182660047258300600","0,00000298737431666516","0,00000730194818458687","0,00000001235941269038","0,00000001234802491484","0,00000287634707137525","0,00000404694115419780","0,00000177326720285200","0,00000001206540749538","0,00000001188255487982","0,00000217471770879346","0,00000340262233443965","0,00000620903144561770","0,00000369747600364062","0,00000616797041561793","0,00000001242085880435","0,00000665871778805040","0,00000175688764864566","0,00000800583461497958","0,00000469234843962633","0,00000321945092155016"
"0,40383052310989764300","0,00000299435286558340","0,00000731732647680312","0,00000001242999708701","0,00000001245263899972","0,00000288525749435559","0,00000406071441807190","0,00000177875215577930","0,00000001204613538270","0,00000001185092460182","0,00000218127082529966","0,00000341380367538477","0,00000622562945305953","0,00000370852490703377","0,00000618542726271972","0,00000001246741877246","0,00000667750768178561","0,00000176239094893936","0,00000802828183109206","0,00000470785517738153","0,00000322822737717760"
"0,40583444574721228000","0,00000300129781316490","0,00000733261694379605","0,00000001249343033146","0,00000001254787289163","0,00000289413445919517","0,00000407448919585683","0,00000178422091748700","0,00000001202878726305","0,00000001182228400201","0,00000218779711998476","0,00000342494613829029","0,00000624215562090200","0,00000371953698167842","0,00000620282570038194","0,00000001251040592742","0,00000669621916435472","0,00000176787364981780","0,00000805066446121922","0,00000472335576932707","0,00000323701871511404"
"0,40783836838452691700","0,00000300820915940966","0,00000734781958556566","0,00000001254971242374","0,00000001263372659055","0,00000290297796589399","0,00000408826548755257","0,00000178967348797511","0,00000001201336313642","0,00000001179663308040","0,00000219429659284876","0,00000343604972315620","0,00000625860994914514","0,00000373051222757457","0,00000622016572860461","0,00000001254982026921","0,00000671485223575772","0,00000177333575128098","0,00000807298250536106","0,00000473885021546296","0,00000324582493535950"
"0,40984229102184155400","0,00000301508690431767","0,00000736293440211195","0,00000001259884336384","0,00000001271020009648","0,00000291178801445205","0,00000410204329315914","0,00000179510986724362","0,00000001199986300282","0,00000001177397183699","0,00000220076924389167","0,00000344711442998250","0,00000627499243778893","0,00000374145064472224","0,00000623744734738772","0,00000001258566179785","0,00000673340689599463","0,00000177877725332889","0,00000809523596351757","0,00000475433851578920","0,00000325464603791396"
"0,41184621365915619100","0,00000302193104788895","0,00000737796139343492","0,00000001264082315177","0,00000001277729340942","0,00000292056460486935","0,00000411582261267654","0,00000180053005529254","0,00000001198828686224","0,00000001175430027177","0,00000220721507311348","0,00000345814025876919","0,00000629130308683337","0,00000375235223312140","0,00000625467055673126","0,00000001261793051333","0,00000675188314506543","0,00000178419815596153","0,00000811742483568877","0,00000476982067030579","0,00000326348202277743"
"0,41385013629647082700","0,00000302874159012349","0,00000739290055953457","0,00000001267565178753","0,00000001283500652938","0,00000292930773714588","0,00000412960344610476","0,00000180593405212186","0,00000001197863471469","0,00000001173761838475","0,00000221363408051420","0,00000346912720951628","0,00000630754189627846","0,00000376321699277208","0,00000627183535663525","0,00000001264662641565","0,00000677028098297013","0,00000178959845917892","0,00000813954912187464","0,00000478529667901272","0,00000327233288994991"
"0,41585405893378546400","0,00000303551853102128","0,00000740775190041089","0,00000001270332927111","0,00000001288333945636","0,00000293801741128166","0,00000414338579344380","0,00000181132185773158","0,00000001197090656016","0,00000001172392617592","0,00000222002626609382","0,00000348007528222376","0,00000632370886612421","0,00000377404492367426","0,00000628894174709968","0,00000001267174950482","0,00000678860040970873","0,00000179497816298103","0,00000816160882207519","0,00000480076654191000","0,00000328119863943140"
"0,41785798157110004600","0,00000304226187058234","0,00000742251541606390","0,00000001272385560252","0,00000001292229219035","0,00000294669362727667","0,00000415716965469366","0,00000181669347212171","0,00000001196510239867","0,00000001171322364529","0,00000222639162985234","0,00000349098447689163","0,00000633980399637062","0,00000378483602582794","0,00000630598972812454","0,00000001269329978082","0,00000680684142528123","0,00000180033726736789","0,00000818360393629043","0,00000481623025899762","0,00000329007927122189"
"0,41986190420841468200","0,00000304897160880665","0,00000743719110649358","0,00000001273723078176","0,00000001295186473135","0,00000295533638513091","0,00000417095502985435","0,00000182204889529225","0,00000001196122223019","0,00000001170551079286","0,00000223273017178976","0,00000350185479351989","0,00000635582728701767","0,00000379559029923313","0,00000632297929970985","0,00000001271127724367","0,00000682500402968762","0,00000180567577233947","0,00000820553446452033","0,00000483168783027559","0,00000329897478532139"
"0,42186582684572931900","0,00000305564774569423","0,00000745177897169994","0,00000001274345480882","0,00000001297205707937","0,00000296394568484440","0,00000418474191892586","0,00000182738812724318","0,00000001195926605475","0,00000001170078761862","0,00000223904189190609","0,00000351268623210854","0,00000637177873806539","0,00000380630774388983","0,00000633991046185560","0,00000001272568189337","0,00000684308822292792","0,00000181099367789580","0,00000822740040676492","0,00000484713925574391","0,00000330788518172990"
"0,42386974948304395600","0,00000306229028124506","0,00000746627901168299","0,00000001274252768371","0,00000001298286923440","0,00000297252152641712","0,00000419853032190819","0,00000183271116797452","0,00000001195923387233","0,00000001169905412257","0,00000224532679020132","0,00000352347879265759","0,00000638765834951375","0,00000381698835979803","0,00000635678321456178","0,00000001273651372990","0,00000686109400500211","0,00000181629098403685","0,00000824920176302419","0,00000486258453540258","0,00000331681046044742"
"0,42587367212035859300","0,00000306889921545915","0,00000748069122644271","0,00000001273444940642","0,00000001298430119644","0,00000298106390984908","0,00000421232023880135","0,00000183801801748627","0,00000001196112568293","0,00000001170031030473","0,00000225158486667545","0,00000353423247516703","0,00000640346612136277","0,00000382763214695773","0,00000637359755782841","0,00000001274377275328","0,00000687902137591020","0,00000182156769076265","0,00000827093853329814","0,00000487802366925159","0,00000332575062147395"
"0,42787759475767323000","0,00000307547454833650","0,00000749501561597911","0,00000001271921997696","0,00000001297635296550","0,00000298957283514028","0,00000422611166960533","0,00000184330867577842","0,00000001196494148657","0,00000001170455616508","0,00000225781612132849","0,00000354494727963686","0,00000641920205361245","0,00000383823910536894","0,00000639035349165548","0,00000001274745896350","0,00000689687033565219","0,00000182682379807318","0,00000829261071758676","0,00000489345665729095","0,00000333470566480948"
"0,42988151739498786600","0,00000308201627987711","0,00000750925218029219","0,00000001269683939532","0,00000001295902454158","0,00000299804830229072","0,00000423990461432013","0,00000184858314285097","0,00000001197068128323","0,00000001171179170362","0,00000226402055416043","0,00000355562320606708","0,00000643486614626278","0,00000384880923503166","0,00000640705101604299","0,00000001274757236056","0,00000691464088422808","0,00000183205930596844","0,00000831421831589006","0,00000490888349952066","0,00000334367559045403"
"0,43188544003230244800","0,00000308852441008099","0,00000752340091938195","0,00000001266730766151","0,00000001293231592466","0,00000300649031130040","0,00000425369907294576","0,00000185384141870392","0,00000001197834507291","0,00000001172201692036","0,00000227019816517127","0,00000356626025445770","0,00000645045839931376","0,00000385934253594588","0,00000642369013099093","0,00000001274411294447","0,00000693233302163786","0,00000183727421444844","0,00000833576132820805","0,00000492430419594071","0,00000335266039840758"
"0,43388936266961708500","0,00000309499893894812","0,00000753746183324838","0,00000001263062477553","0,00000001289622711477","0,00000301489886216931","0,00000426749504548221","0,00000185908350333729","0,00000001198793285562","0,00000001173523181530","0,00000227634895436102","0,00000357685842480870","0,00000646597881276540","0,00000386983900811161","0,00000644027083649932","0,00000001273708071522","0,00000694994674788155","0,00000184246852351318","0,00000835723975454071","0,00000493971874655111","0,00000336166008867014"
"0,43589328530693172100","0,00000310143986647851","0,00000755143492189150","0,00000001258679073738","0,00000001285075811188","0,00000302327395489746","0,00000428129253192948","0,00000186430939675105","0,00000001199944463136","0,00000001175143638843","0,00000228247292172967","0,00000358741771712010","0,00000648142738661769","0,00000388029865152884","0,00000645679313256815","0,00000001272647567281","0,00000696748206295913","0,00000184764223316265","0,00000837865359488804","0,00000495512715135185","0,00000337067466124170"
"0,43789720794424635800","0,00000310784719267216","0,00000756532018531129","0,00000001253580554704","0,00000001279590891601","0,00000303161558948485","0,00000429509153228758","0,00000186951909894522","0,00000001201288040012","0,00000001177063063976","0,00000228857006727722","0,00000359793813139190","0,00000649680412087064","0,00000389072146619758","0,00000647325701919742","0,00000001271229781724","0,00000698493896687061","0,00000185279534339685","0,00000840000284925006","0,00000497052941034294","0,00000337970411612228"
"0,43990113058156099500","0,00000311422091752906","0,00000757911762350777","0,00000001247766920454","0,00000001273167952716","0,00000303992376593147","0,00000430889204655650","0,00000187471260991979","0,00000001202824016191","0,00000001179281456928","0,00000229464039100367","0,00000360841966762408","0,00000651210901552424","0,00000390110745211782","0,00000648966249638713","0,00000001269454714852","0,00000700231745961599","0,00000185792785421579","0,00000842128751762676","0,00000498592552352438","0,00000338874845331186"
"0,44190505321887563200","0,00000312056104104923","0,00000759282723648092","0,00000001241238170986","0,00000001265806994531","0,00000304819848423734","0,00000432269407473624","0,00000187988992967477","0,00000001204552391673","0,00000001181798817700","0,00000230068389290903","0,00000361886232581666","0,00000652734207057849","0,00000391145660928957","0,00000650600956413727","0,00000001267322366664","0,00000701961754119527","0,00000186303976561947","0,00000844250760001813","0,00000500131549089617","0,00000339780767281045"
"0,44390897585619026900","0,00000312686756323266","0,00000760644902423076","0,00000001233994306301","0,00000001257508017049","0,00000305643974440244","0,00000433649761682681","0,00000188505105821015","0,00000001206473166457","0,00000001184615146292","0,00000230670057299329","0,00000362926610596962","0,00000654250328603340","0,00000392176893771282","0,00000652229822244786","0,00000001264832737160","0,00000703683921160844","0,00000186813107760788","0,00000846366309642419","0,00000501669931245830","0,00000340688177461805"
"0,44591289849350490600","0,00000313314048407935","0,00000761998298675727","0,00000001226035326398","0,00000001248271020267","0,00000306464754642678","0,00000435030267282820","0,00000189019599552593","0,00000001208586340543","0,00000001187730442703","0,00000231269043125646","0,00000363963100808298","0,00000655759266188896","0,00000393204443738758","0,00000653852847131889","0,00000001261985826340","0,00000705398247085552","0,00000187320179018103","0,00000848475400684492","0,00000503207698821078","0,00000341597075873466"
"0,44791682113081948700","0,00000313937980358930","0,00000763342912406046","0,00000001217361231278","0,00000001238096004188","0,00000307282189031036","0,00000436410924274041","0,00000189532474162212","0,00000001210891913933","0,00000001191144706934","0,00000231865346769852","0,00000364995703215674","0,00000657261019814518","0,00000394228310831385","0,00000655470031075036","0,00000001258781634205","0,00000707104731893649","0,00000187825190333891","0,00000850578033128033","0,00000504744851815361","0,00000342507462516027"
"0,44992074376813412400","0,00000314558552176250","0,00000764678743614033","0,00000001207972020941","0,00000001226982968809","0,00000308096277605318","0,00000437791732656345","0,00000190043729649872","0,00000001213389886625","0,00000001194857938984","0,00000232458968231949","0,00000366024417819088","0,00000658755589480205","0,00000395248495049162","0,00000657081374074226","0,00000001255220160754","0,00000708803375585136","0,00000188328141708153","0,00000852674206973042","0,00000506281390228678","0,00000343419337389489"
"0,45192466640544876000","0,00000315178600203224","0,00000766006967014556","0,00000001198755898690","0,00000001215935603407","0,00000308909296536041","0,00000439169943192288","0,00000190552710525291","0,00000001215791487269","0,00000001198356084884","0,00000233050323493156","0,00000367051511472174","0,00000660244728785211","0,00000396267129646261","0,00000658688359839486","0,00000001251599391599","0,00000710496468410839","0,00000188831910002071","0,00000854761485213906","0,00000507812175874490","0,00000344329133123046"
"0,45392858904276339700","0,00000315800960783177","0,00000767328757322485","0,00000001190601067830","0,00000001205957597258","0,00000309723521993726","0,00000440542806644428","0,00000191058761298190","0,00000001217807944514","0,00000001201125090665","0,00000233639828534690","0,00000368079251028564","0,00000661730191328790","0,00000397286347876855","0,00000660292472080839","0,00000001248217312354","0,00000712186300621585","0,00000189339372076829","0,00000856837430845013","0,00000509332070566256","0,00000345233282345892"
"0,45593251168007803400","0,00000316425633916111","0,00000768644114537820","0,00000001183507528361","0,00000001197048950361","0,00000310538953978371","0,00000441910323012765","0,00000191561881968569","0,00000001219439258361","0,00000001203164956327","0,00000234227483356552","0,00000369107636488258","0,00000663211977110941","0,00000398306149740944","0,00000661893710798285","0,00000001245073923017","0,00000713872872217373","0,00000189850527932426","0,00000858902043866364","0,00000510841074303976","0,00000346131785058025"
"0,45793643431739267100","0,00000317052619602025","0,00000769953038660559","0,00000001177475280282","0,00000001189209662716","0,00000311355592489976","0,00000443272492297298","0,00000192062072536428","0,00000001220685428809","0,00000001204475681870","0,00000234813287958742","0,00000370136667851257","0,00000664690086131664","0,00000399326535238527","0,00000663492075991824","0,00000001242169223590","0,00000715556183198203","0,00000190365377568862","0,00000860955324277956","0,00000512339187087651","0,00000347024641259447"
"0,45994035695470730800","0,00000317681917840919","0,00000771255529690705","0,00000001172504323594","0,00000001182439734323","0,00000312173437528543","0,00000444629314498029","0,00000192559333001767","0,00000001221546455858","0,00000001205057267293","0,00000235397242341259","0,00000371166345117559","0,00000666164518390960","0,00000400347504369605","0,00000665087567661457","0,00000001239503214072","0,00000717236233564076","0,00000190883920986138","0,00000862997272079793","0,00000513826408917280","0,00000347911850950157"
"0,46194427959202194500","0,00000318313528632793","0,00000772551587628255","0,00000001168594658297","0,00000001176739165183","0,00000312992489094069","0,00000445980789614956","0,00000193053663364585","0,00000001222022339509","0,00000001204909712596","0,00000235979346504105","0,00000372196668287165","0,00000667635273888829","0,00000401369057134177","0,00000666680185807184","0,00000001237075894463","0,00000718913023314991","0,00000191406158184253","0,00000865027887271871","0,00000515302739792864","0,00000348793414130155"
"0,46394820222933652600","0,00000318947451977647","0,00000773841212473211","0,00000001165746284391","0,00000001172107955294","0,00000313812747186557","0,00000447326917648080","0,00000193545063624883","0,00000001222113079761","0,00000001204033017781","0,00000236559600447279","0,00000373227637360075","0,00000669102352625270","0,00000402391193532244","0,00000668269930429003","0,00000001234887264762","0,00000720586552450948","0,00000191932089163208","0,00000867047169854193","0,00000516768179714401","0,00000349669330799442"
"0,46595212486665116300","0,00000319583687875481","0,00000775124404225572","0,00000001163959201875","0,00000001168546104658","0,00000314634211806005","0,00000448667698597401","0,00000194033533782661","0,00000001221818676615","0,00000001202427182846","0,00000237138004170780","0,00000374259252336289","0,00000670565754600283","0,00000403413913563805","0,00000669856801526916","0,00000001232937324971","0,00000722256820971948","0,00000192461713923002","0,00000869055119826758","0,00000518222728681893","0,00000350539600958017"
"0,46795604750396580000","0,00000320222236326296","0,00000776401162885338","0,00000001163233410751","0,00000001166053613274","0,00000315456882952413","0,00000450003132462919","0,00000194519073837919","0,00000001221139130070","0,00000001200092207791","0,00000237714557674609","0,00000375291513215807","0,00000672025479813869","0,00000404437217228861","0,00000671440799100923","0,00000001231226075089","0,00000723923828877990","0,00000192995032463635","0,00000871051737189566","0,00000519666386695340","0,00000351404224605881"
"0,46995997014128043600","0,00000320863097330090","0,00000777671488452510","0,00000001163568911017","0,00000001164630481143","0,00000316280760625782","0,00000451333219244633","0,00000195001683790656","0,00000001220074440126","0,00000001197028092617","0,00000238289260958767","0,00000376324419998629","0,00000673481528266027","0,00000405461104527411","0,00000673021923151023","0,00000001229753515117","0,00000725587576169074","0,00000193532044785108","0,00000873037021942616","0,00000521099153754740","0,00000352263201743032"
"0,47196389277859507300","0,00000321506270886864","0,00000778935380927087","0,00000001164965702673","0,00000001164276708264","0,00000317105844826112","0,00000452657958942544","0,00000195481363640874","0,00000001218624606784","0,00000001193234837324","0,00000238862114023252","0,00000377357972684755","0,00000674933899956758","0,00000406485575459456","0,00000674600173677216","0,00000001228519645053","0,00000727248062845201","0,00000194072750887420","0,00000875010974085910","0,00000522521029860095","0,00000353116532369472"
"0,47396781541590971000","0,00000322151756996619","0,00000780192840309070","0,00000001167423785721","0,00000001164992294637","0,00000317932135553402","0,00000453977351556653","0,00000195958113388571","0,00000001216789630043","0,00000001188712441912","0,00000239433116868065","0,00000378392171274185","0,00000676382594886061","0,00000407510630024996","0,00000676175550679502","0,00000001227524464898","0,00000728905288906370","0,00000194617150770572","0,00000876973593619446","0,00000523932015011405","0,00000353964216485201"
"0,47597173805322434700","0,00000322799555659353","0,00000781443866598458","0,00000001170943160159","0,00000001166777240262","0,00000318759632807653","0,00000455291397086957","0,00000196431933033748","0,00000001214569509904","0,00000001183460906380","0,00000240002269493206","0,00000379427015766919","0,00000677827613053937","0,00000408536268224030","0,00000677748054157882","0,00000001226767974652","0,00000730559254352581","0,00000195165244434562","0,00000878924880543225","0,00000525332109208668","0,00000354806254090217"
"0,47797566069053892800","0,00000323449666875068","0,00000782688459795251","0,00000001175523825988","0,00000001169631545139","0,00000319588336588865","0,00000456600095533459","0,00000196902822576405","0,00000001211964246366","0,00000001177480230729","0,00000240569571898675","0,00000380462506162957","0,00000679268954460385","0,00000409562490056558","0,00000679317684112355","0,00000001226250174315","0,00000732209959183835","0,00000195717031879393","0,00000880864834857248","0,00000526721312451886","0,00000355642645184522"
"0,47997958332785356500","0,00000324102090643763","0,00000783926619899450","0,00000001181165783208","0,00000001173555209269","0,00000320418246897037","0,00000457903446896158","0,00000197370782016541","0,00000001208973839429","0,00000001170770414958","0,00000241135024084472","0,00000381498642462299","0,00000680706619105406","0,00000410589295522581","0,00000680884440542922","0,00000001225971063888","0,00000733857403400131","0,00000196272513105062","0,00000882793456561513","0,00000528099624741058","0,00000356473389768115"
"0,48198350596516820200","0,00000324756826965437","0,00000785158346911054","0,00000001187869031818","0,00000001178548232651","0,00000321249363732170","0,00000459201451175053","0,00000197835811354157","0,00000001205598289094","0,00000001163331459068","0,00000241698626050597","0,00000382535424664944","0,00000682140606988999","0,00000411616684622099","0,00000682448323449582","0,00000001225930643369","0,00000735501587001470","0,00000196831688111571","0,00000884710745656021","0,00000529467046076185","0,00000357298487840997"
"0,48398742860248283900","0,00000325413875840092","0,00000786383640830063","0,00000001195633571819","0,00000001184610615285","0,00000322081687094263","0,00000460494108370145","0,00000198297910589253","0,00000001201837595360","0,00000001155163363059","0,00000242260377797049","0,00000383572852770894","0,00000683570918111165","0,00000412644657355111","0,00000684009332832335","0,00000001226128912760","0,00000737142509987851","0,00000197394556898920","0,00000886616702140772","0,00000530823576457266","0,00000358117939403167"
"0,48599135123979747500","0,00000326073237267727","0,00000787602501656478","0,00000001204459403211","0,00000001191742357171","0,00000322915216983317","0,00000461781418481434","0,00000198757079721829","0,00000001197691758227","0,00000001146266126931","0,00000242820279323830","0,00000384610926780148","0,00000684997552471903","0,00000413673213721618","0,00000685567468691182","0,00000001226565872059","0,00000738780172359274","0,00000197961119467108","0,00000888511326015766","0,00000532169215884301","0,00000358931744454625"
"0,48799527387711211200","0,00000326734911248342","0,00000788814929390298","0,00000001214346525994","0,00000001199943458309","0,00000323749953399331","0,00000463063381508920","0,00000199213318751885","0,00000001193160777696","0,00000001136639750683","0,00000243378330630938","0,00000385649646692706","0,00000686420510071214","0,00000414702353721619","0,00000687122731026122","0,00000001227241521268","0,00000740414574115740","0,00000198531375816135","0,00000890394617281003","0,00000533503964357291","0,00000359739902995371"
"0,48999919651442674900","0,00000327398897781937","0,00000790020924031523","0,00000001225294940167","0,00000001209213918700","0,00000324585896342307","0,00000464339997452602","0,00000199666627679421","0,00000001188244653766","0,00000001126284234315","0,00000243934531718375","0,00000386689012508568","0,00000687839790909097","0,00000415732077355115","0,00000688675119837155","0,00000001228155860386","0,00000742045715257248","0,00000199105325946001","0,00000892266575936482","0,00000534827821876234","0,00000360542415025406"
"0,49200311915174138600","0,00000328065196868512","0,00000791220485580154","0,00000001237304645732","0,00000001219553738343","0,00000325423045812242","0,00000465611266312482","0,00000200117006504436","0,00000001182943386438","0,00000001115199577829","0,00000244488882586139","0,00000387729024227734","0,00000689255394985552","0,00000416762384622105","0,00000690224635124282","0,00000001229308889412","0,00000743673595783798","0,00000199682969856707","0,00000894127201982205","0,00000536140788441133","0,00000361339280544729"
"0,49400704178905596700","0,00000328733808508068","0,00000792413614036190","0,00000001250375642687","0,00000001230962917239","0,00000326261401809138","0,00000466877188088558","0,00000200564455226931","0,00000001177256975711","0,00000001103385781223","0,00000245041383234231","0,00000388769681850204","0,00000690667322300580","0,00000417793275522590","0,00000691771276887502","0,00000001230700608348","0,00000745298215695390","0,00000200264307548253","0,00000895976495418171","0,00000537442864051985","0,00000362130499553341"
"0,49601096442637060400","0,00000329404732700603","0,00000793600309399632","0,00000001264507931032","0,00000001243441455386","0,00000327100964332995","0,00000468137762780831","0,00000201008973846906","0,00000001171185421585","0,00000001090842844497","0,00000245592033662651","0,00000389810985375978","0,00000692075572854181","0,00000418824750056570","0,00000693315045126816","0,00000001232331017193","0,00000746919574992025","0,00000200849339020637","0,00000897814456244379","0,00000538734048708792","0,00000362916072051241"
"0,49801488706368524100","0,00000330077969446118","0,00000794780571670478","0,00000001279701510769","0,00000001256989352786","0,00000327941733383813","0,00000469392990389301","0,00000201450562364361","0,00000001164728724061","0,00000001077570767652","0,00000246140833871399","0,00000390852934805056","0,00000693480146646354","0,00000419856808224043","0,00000694855939842223","0,00000001234200115947","0,00000748537673673703","0,00000201438064273861","0,00000899641084460831","0,00000540014342411553","0,00000363695998038429"
"0,50001880970099987800","0,00000330753518744614","0,00000795954400848731","0,00000001295956381896","0,00000001271606609438","0,00000328783708961591","0,00000470642870913967","0,00000201889220779295","0,00000001157886883138","0,00000001063569550688","0,00000246687783860475","0,00000391895530137437","0,00000694881043677100","0,00000420889450025012","0,00000696393961033723","0,00000001236307904610","0,00000750152511740422","0,00000202030483307925","0,00000901456380067525","0,00000541283745160268","0,00000364470277514905"
