Variable Source,dev1,dev2,dev3,dev4,dev5,dev6,dev7,dev8,dev9,dev10,dev11,dev12,dev13,dev14,dev15,dev16,dev17,Dev 18,Dev 19,Dev 20
"-0,49993858631900023300","0,00000115738048072300","0,00000333078026011557","0,00000121364754060499","0,00000150849020119582","0,00000113598335244040","0,00000131329999267355","0,00000012346591535136","0,00000075022284059382","0,00000110569930638733","0,00000001299706478447","0,00000090225977074123","0,00000001196464308714","0,00000294708079442479","0,00000113639232764233","0,00000001065561645059","0,00000040507864837970","0,00000000911379038582","0,00000160465293279491","0,00000000951466090176","0,00000025676886307671"
"-0,49793466368168559600","0,00000115359487005349","0,00000332101450129863","0,00000121013902352029","0,00000150437146456871","0,00000113281477803022","0,00000131096051857125","0,00000012323426077623","0,00000074828147539355","0,00000110283175996289","0,00000001262962023509","0,00000089958713351860","0,00000001209826765865","0,00000293975829451164","0,00000113342678934880","0,00000001070690807649","0,00000040431030992261","0,00000000933565877461","0,00000160151689382873","0,00000000947941813932","0,00000025549420768666"
"-0,49593074104437096000","0,00000114978287156071","0,00000331120247748111","0,00000120661539267369","0,00000150022194121256","0,00000112964748443547","0,00000130859358732592","0,00000012298986388382","0,00000074631453779077","0,00000109993472598498","0,00000001228470114294","0,00000089689479884171","0,00000001222236692279","0,00000293231321516801","0,00000113039165612173","0,00000001075730230535","0,00000040355414427989","0,00000000954373424925","0,00000159840439455451","0,00000000945021950121","0,00000025423655279859"
"-0,49392681840705632300","0,00000114594448524467","0,00000330134418866301","0,00000120307664806520","0,00000149604163112735","0,00000112648147165615","0,00000130619919893758","0,00000012273272467413","0,00000074432202778549","0,00000109700820445359","0,00000001196230750802","0,00000089418276671054","0,00000001233694087954","0,00000292474555639390","0,00000112728692796114","0,00000001080679913716","0,00000040281015145152","0,00000000973801680975","0,00000159531543497226","0,00000000942706498744","0,00000025299589841249"
"-0,49192289576974174100","0,00000114207971110536","0,00000329143963484434","0,00000119952278969482","0,00000149183053431309","0,00000112331673969227","0,00000130377735340621","0,00000012246284314715","0,00000074230394537769","0,00000109405219536874","0,00000001166243933033","0,00000089145103712510","0,00000001244198952891","0,00000291705531818930","0,00000112411260486702","0,00000001085539857192","0,00000040207833143750","0,00000000991850645610","0,00000159225001508197","0,00000000940995459800","0,00000025177224452835"
"-0,48991897313242710500","0,00000113818854914280","0,00000328148881602508","0,00000119595381756255","0,00000148758865076978","0,00000112015328854382","0,00000130132805073181","0,00000012218021930289","0,00000074026029056739","0,00000109106669873041","0,00000001138509660986","0,00000088869961008538","0,00000001253751287090","0,00000290924250055423","0,00000112086868683937","0,00000001090310060964","0,00000040135868423784","0,00000001008520318830","0,00000158920813488365","0,00000000939888833290","0,00000025056559114619"
"-0,48791505049511246800","0,00000113427099935697","0,00000327149173220525","0,00000119236973166839","0,00000148331598049742","0,00000111699111821080","0,00000129885129091440","0,00000012188485314135","0,00000073819106335458","0,00000108805171453860","0,00000001113027934662","0,00000088592848559140","0,00000001262351090551","0,00000290130710348867","0,00000111755517387819","0,00000001094990525031","0,00000040065120985253","0,00000001023810700636","0,00000158618979437730","0,00000000939386619214","0,00000024937593826600"
"-0,48591112785779783100","0,00000113032706174789","0,00000326144838338484","0,00000118877053201233","0,00000147901252349601","0,00000111383022869321","0,00000129634707395396","0,00000012157674466252","0,00000073609626373926","0,00000108500724279333","0,00000001089798754061","0,00000088313766364313","0,00000001269998363273","0,00000289324912699263","0,00000111417206598349","0,00000001099581249393","0,00000039995590828158","0,00000001037721791027","0,00000158319499356290","0,00000000939488817571","0,00000024820328588778"
"-0,48390720522048319400","0,00000112635673631554","0,00000325135876956386","0,00000118515621859438","0,00000147467827976555","0,00000111067061999105","0,00000129381539985049","0,00000012125589386641","0,00000073397589172143","0,00000108193328349459","0,00000001068822119182","0,00000088032714424060","0,00000001276693105257","0,00000288506857106611","0,00000111071936315525","0,00000001104082234051","0,00000039927277952498","0,00000001050253590004","0,00000158022373244048","0,00000000940195428362","0,00000024704763401153"
"-0,48190328258316855700","0,00000112236002305993","0,00000324122289074229","0,00000118152679141453","0,00000147031324930604","0,00000110751229210433","0,00000129125626860401","0,00000012092230075302","0,00000073182994730109","0,00000107882983664237","0,00000001050098030026","0,00000087749692738379","0,00000001282435316502","0,00000287676543570911","0,00000110719706539349","0,00000001108493479004","0,00000039860182358274","0,00000001061406097566","0,00000157727601101002","0,00000000941506451587","0,00000024590898263726"
"-0,47989935994585392000","0,00000111833692198106","0,00000323104074692015","0,00000117788225047279","0,00000146591743211749","0,00000110435524503304","0,00000128866968021449","0,00000012057596532234","0,00000072965843047824","0,00000107569690223668","0,00000001033626486593","0,00000087464701307271","0,00000001287224997010","0,00000286833972092163","0,00000110360517269820","0,00000001112814984252","0,00000039794304045485","0,00000001071179313714","0,00000157435182927152","0,00000000943421887245","0,00000024478733176495"
"-0,47789543730853928400","0,00000111428743307892","0,00000322081233809743","0,00000117422259576916","0,00000146149082819988","0,00000110119947877718","0,00000128605563468196","0,00000012021688757438","0,00000072746134125289","0,00000107253448027752","0,00000001019407488882","0,00000087177740130735","0,00000001291062146779","0,00000285979142670367","0,00000109994368506938","0,00000001117046749796","0,00000039729643014132","0,00000001079573238447","0,00000157145118722499","0,00000000945941735336","0,00000024368268139462"
"-0,47589151467122470200","0,00000111021155635353","0,00000321053766427413","0,00000117054782730364","0,00000145703343755322","0,00000109804499333675","0,00000128341413200640","0,00000011984506750913","0,00000072523867962502","0,00000106934257076488","0,00000001007441036895","0,00000086888809208772","0,00000001293946765810","0,00000285112055305522","0,00000109621260250704","0,00000001121188775635","0,00000039666199264214","0,00000001086587871765","0,00000156857408487042","0,00000000949065995862","0,00000024259503152625"
"-0,47388759203391006600","0,00000110610929180487","0,00000320021672545026","0,00000116685794507623","0,00000145254526017751","0,00000109489178871175","0,00000128074517218782","0,00000011946050512661","0,00000072299044559465","0,00000106612117369878","0,00000000997727130630","0,00000086597908541381","0,00000001295878854102","0,00000284232709997630","0,00000109241192501116","0,00000001125241061769","0,00000039603972795731","0,00000001092223213669","0,00000156572052220782","0,00000000952794668821","0,00000024152438215986"
"-0,47188366939659542900","0,00000110198063943295","0,00000318984952162580","0,00000116315294908692","0,00000144802629607275","0,00000109173986490219","0,00000127804875522622","0,00000011906320042680","0,00000072071663916177","0,00000106287028907920","0,00000000990265770087","0,00000086305038128564","0,00000001296858411657","0,00000283341106746689","0,00000108854165258176","0,00000001129203608199","0,00000039542963608685","0,00000001096479264159","0,00000156289049923718","0,00000000957127754213","0,00000024047073329544"
"-0,46987974675928079200","0,00000109782559923777","0,00000317943605280077","0,00000115943283933572","0,00000144347654523894","0,00000108858922190806","0,00000127532488112159","0,00000011865315340970","0,00000071841726032638","0,00000105958991690615","0,00000000985056955268","0,00000086010197970319","0,00000001296885438473","0,00000282437245552700","0,00000108460178521883","0,00000001133076414924","0,00000039483171703073","0,00000001099356023233","0,00000156008401595851","0,00000000962065252039","0,00000023943408493299"
"-0,46787582412196615500","0,00000109364417121933","0,00000316897631897516","0,00000115569761582262","0,00000143889600767608","0,00000108543985972936","0,00000127257354987394","0,00000011823036407533","0,00000071609230908848","0,00000105628005717963","0,00000000982100686171","0,00000085713388066646","0,00000001295959934551","0,00000281521126415664","0,00000108059232292237","0,00000001136859481945","0,00000039424597078897","0,00000001100853490893","0,00000155730107237180","0,00000000967607162299","0,00000023841443707251"
"-0,46587190148465151800","0,00000108943635537762","0,00000315847032014898","0,00000115194727854763","0,00000143428468338417","0,00000108229177836609","0,00000126979476148326","0,00000011779483242367","0,00000071374178544808","0,00000105294070989963","0,00000000981396962796","0,00000085414608417546","0,00000001294081899890","0,00000280592749335579","0,00000107651326569239","0,00000001140552809260","0,00000039367239736157","0,00000001100971667139","0,00000155454166847706","0,00000000973753484992","0,00000023741178971400"
"-0,46386797884733688100","0,00000108520215171266","0,00000314791805632221","0,00000114818182751075","0,00000142964257236321","0,00000107914497781826","0,00000126698851594957","0,00000011734655845472","0,00000071136568940516","0,00000104957187506617","0,00000000982945785145","0,00000085113859023019","0,00000001291251334491","0,00000279652114312445","0,00000107236461352887","0,00000001144156396872","0,00000039311099674852","0,00000001099710551970","0,00000155180580427428","0,00000000980504220119","0,00000023642614285747"
"-0,46186405621002230000","0,00000108094156022443","0,00000313731952749487","0,00000114440126271198","0,00000142496967461320","0,00000107599945808586","0,00000126415481327285","0,00000011688554216850","0,00000070896402095974","0,00000104617355267923","0,00000000986747153216","0,00000084811139883065","0,00000001287468238354","0,00000278699221346264","0,00000106814636643183","0,00000001147670244778","0,00000039256176894982","0,00000001097070145386","0,00000154909347976347","0,00000000987859367680","0,00000023545749650290"
"-0,45986013357270766300","0,00000107665458091294","0,00000312667473366695","0,00000114060558415131","0,00000142026599013414","0,00000107285521916889","0,00000126129365345310","0,00000011641178356499","0,00000070653678011181","0,00000104274574273882","0,00000000992801067010","0,00000084506450997683","0,00000001282732611479","0,00000277734070437035","0,00000106385852440126","0,00000001151094352980","0,00000039202471396548","0,00000001093050447388","0,00000154640469494462","0,00000000995818927674","0,00000023450585065031"
"-0,45785621093539302600","0,00000107234121377819","0,00000311598367483845","0,00000113679479182875","0,00000141553151892603","0,00000106971226106735","0,00000125840503649033","0,00000011592528264419","0,00000070408396686137","0,00000103928844524494","0,00000001001107526526","0,00000084199792366874","0,00000001277044453865","0,00000276756661584757","0,00000105950108743716","0,00000001154428721477","0,00000039149983179549","0,00000001087651457976","0,00000154373944981774","0,00000001004382900102","0,00000023357120529969"
"-0,45585228829807839000","0,00000106800145882018","0,00000310524635100937","0,00000113296888574430","0,00000141076626098886","0,00000106657058378124","0,00000125548896238454","0,00000011542603940612","0,00000070160558120842","0,00000103580166019759","0,00000001011666531766","0,00000083891163990637","0,00000001270403765514","0,00000275766994789432","0,00000105507405553953","0,00000001157673350270","0,00000039098712243986","0,00000001080873177148","0,00000154109774438282","0,00000001013551284963","0,00000023265356045103"
"-0,45384836566076375300","0,00000106363531603891","0,00000309446276217972","0,00000112912786589796","0,00000140597021632265","0,00000106343018731057","0,00000125254543113573","0,00000011491405385076","0,00000069910162315296","0,00000103228538759676","0,00000001024478082728","0,00000083580565868973","0,00000001262810546423","0,00000274765070051058","0,00000105057742870838","0,00000001160828239358","0,00000039048658589859","0,00000001072715604906","0,00000153847957863987","0,00000001023324082258","0,00000023175291610435"
"-0,45184444302344911600","0,00000105924278543437","0,00000308363290834949","0,00000112527173228972","0,00000140114338492739","0,00000106029107165533","0,00000124957444274389","0,00000011438932597811","0,00000069657209269500","0,00000102873962744246","0,00000001039542179412","0,00000083267998001882","0,00000001254264796595","0,00000273750887369636","0,00000104601120694370","0,00000001163893388741","0,00000038999822217167","0,00000001063178741250","0,00000153588495258888","0,00000001033701291986","0,00000023086927225964"
"-0,44984052038613447900","0,00000105482711765108","0,00000307273964443882","0,00000112139470625093","0,00000139628353619907","0,00000105714939674904","0,00000124658177591030","0,00000011386298030865","0,00000069402962636850","0,00000102517034430972","0,00000001055218472652","0,00000082954268959418","0,00000001245589762769","0,00000272728812773295","0,00000104141209636041","0,00000001166791351473","0,00000038950534341476","0,00000001053397989852","0,00000153328264035056","0,00000001044029838448","0,00000022999212279042"
"-0,44783659774881984200","0,00000105039156333354","0,00000306176582536786","0,00000111749100911292","0,00000139138843953366","0,00000105400132252525","0,00000124357320933624","0,00000011334614136284","0,00000069148686070745","0,00000102158350277355","0,00000001069866613280","0,00000082640187311635","0,00000001237608691686","0,00000271703212290164","0,00000103681680307345","0,00000001169444680606","0,00000038899126178353","0,00000001044508754385","0,00000153064141604561","0,00000001053656645943","0,00000022911096157021"
"-0,44583267511150526100","0,00000104593612248175","0,00000305071145113661","0,00000111356064087569","0,00000138645809493117","0,00000105084684898394","0,00000124054874302171","0,00000011283880914068","0,00000068894379571183","0,00000101797910283396","0,00000001083486601295","0,00000082325753058533","0,00000001230321583346","0,00000270674085920243","0,00000103222532708280","0,00000001171853376142","0,00000038845597727797","0,00000001036511034849","0,00000152796127967403","0,00000001062581714471","0,00000022822578859900"
"-0,44382875247419062400","0,00000104146079509571","0,00000303957652174507","0,00000110960360153925","0,00000138149250239160","0,00000104768597612511","0,00000123750837696670","0,00000011234098364216","0,00000068640043138167","0,00000101435714449095","0,00000001096078436697","0,00000082010966200113","0,00000001223728437748","0,00000269641433663531","0,00000102763766838849","0,00000001174017438079","0,00000038789948989809","0,00000001029404831244","0,00000152524223123582","0,00000001070805044032","0,00000022733660387679"
"-0,44182482983687598700","0,00000103696558117542","0,00000302836103719324","0,00000110561989110359","0,00000137649166191495","0,00000104451870394877","0,00000123445211117122","0,00000011185266486729","0,00000068385676771694","0,00000101071762774452","0,00000001107642119488","0,00000081695826736375","0,00000001217829254894","0,00000268605255520029","0,00000102305382699049","0,00000001175936866418","0,00000038732179964389","0,00000001023190143571","0,00000152248427073099","0,00000001078326634627","0,00000022644340740359"
"-0,43982090719956135100","0,00000103245048072089","0,00000301706499748112","0,00000110160950956872","0,00000137145557350122","0,00000104134503245492","0,00000123137994563527","0,00000011137385281607","0,00000068131280471766","0,00000100706055259466","0,00000001118177649665","0,00000081380334667317","0,00000001212624034782","0,00000267565551489736","0,00000101847380288882","0,00000001177611661159","0,00000038672290651536","0,00000001017866971828","0,00000151968739815952","0,00000001085146486254","0,00000022554619917940"
"-0,43781698456224671400","0,00000102791549373210","0,00000300568840260871","0,00000109757245693463","0,00000136638423715040","0,00000103816496164355","0,00000122829188035884","0,00000011090454748850","0,00000067876854238382","0,00000100338591904138","0,00000001127685027231","0,00000081064489992942","0,00000001208112777414","0,00000266522321572654","0,00000101389759608347","0,00000001179041822302","0,00000038610281051251","0,00000001013435316017","0,00000151685161352143","0,00000001091264598915","0,00000022464497920421"
"-0,43581306192493207700","0,00000102336062020906","0,00000299423125257601","0,00000109350873320132","0,00000136127765286251","0,00000103497849151467","0,00000122518791534194","0,00000011044474888458","0,00000067622398071543","0,00000099969372708468","0,00000001136164252184","0,00000080748292713247","0,00000001204295482788","0,00000265475565768781","0,00000100932520657444","0,00000001180227349847","0,00000038546151163533","0,00000001009895176137","0,00000151397691681671","0,00000001096680972608","0,00000022373974747803"
"-0,43380913928761744000","0,00000101878586015178","0,00000298269354738302","0,00000108941833836879","0,00000135613582063754","0,00000103178562206828","0,00000122206805058457","0,00000010999445700431","0,00000067367911971247","0,00000099598397672456","0,00000001143615324524","0,00000080431742828234","0,00000001201172150905","0,00000264425284078118","0,00000100475663436173","0,00000001181168243793","0,00000038479900988383","0,00000001007246552189","0,00000151106330804536","0,00000001101395607335","0,00000022283050400085"
"-0,43180521665030280300","0,00000101419121356025","0,00000297107528702973","0,00000108530127243705","0,00000135095874047548","0,00000102858635330437","0,00000121893228608672","0,00000010955367184768","0,00000067113395937496","0,00000099225666796102","0,00000001150038244253","0,00000080114840337903","0,00000001198742781765","0,00000263371476500664","0,00000100019187944535","0,00000001181864504141","0,00000038411530525801","0,00000001005489444171","0,00000150811078720738","0,00000001105408503095","0,00000022191724877268"
"-0,42980129401298822200","0,00000100957668043446","0,00000295937647151616","0,00000108115753540609","0,00000134574641237635","0,00000102538068522295","0,00000121578062184840","0,00000010912239341471","0,00000066858849970290","0,00000098851180079405","0,00000001155433011368","0,00000079797585242252","0,00000001197007375368","0,00000262314143036421","0,00000099563094182529","0,00000001182316130891","0,00000038341039775786","0,00000001004623852084","0,00000150511935430277","0,00000001108719659888","0,00000022099998179351"
"-0,42779737137567358500","0,00000100494226077443","0,00000294759710084229","0,00000107698712727592","0,00000134049883634013","0,00000102216861782402","0,00000121261305786961","0,00000010870062170538","0,00000066604274069628","0,00000098474937522366","0,00000001159799625872","0,00000079479977541284","0,00000001195965931714","0,00000261253283685387","0,00000099107382150155","0,00000001182523124043","0,00000038268428738338","0,00000001004649775929","0,00000150208900933153","0,00000001111329077714","0,00000022007870306335"
"-0,42579344873835894800","0,00000100028795458015","0,00000293573717500813","0,00000107279004804653","0,00000133521601236683","0,00000101895015110757","0,00000120942959415034","0,00000010828835671970","0,00000066349668235510","0,00000098096939124985","0,00000001163138087763","0,00000079162017234996","0,00000001195618450803","0,00000260188898447563","0,00000098652051847413","0,00000001182485483597","0,00000038193697413458","0,00000001005567215705","0,00000149901975229366","0,00000001113236756573","0,00000021915341258220"
"-0,42378952610104431100","0,00000099561376185162","0,00000292379669401369","0,00000106856629771792","0,00000132989794045645","0,00000101572528507360","0,00000120623023069060","0,00000010788559845767","0,00000066095032467936","0,00000097717184887262","0,00000001165448397041","0,00000078843704323390","0,00000001195964932635","0,00000259120987322948","0,00000098197103274304","0,00000001182203209552","0,00000038116845801146","0,00000001007376171412","0,00000149591158318917","0,00000001114442696465","0,00000021822411035005"
"-0,42178560346372967500","0,00000099091968258884","0,00000291177565785895","0,00000106431587629009","0,00000132454462060899","0,00000101249401972213","0,00000120301496749039","0,00000010749234691928","0,00000065840366766907","0,00000097335674809196","0,00000001166730553707","0,00000078525038806466","0,00000001197005377210","0,00000258049550311543","0,00000097742536430827","0,00000001181676301910","0,00000038037873901401","0,00000001010076643050","0,00000149276450201804","0,00000001114946897391","0,00000021729079636690"
"-0,41978168082641503800","0,00000098620571679181","0,00000289967406654392","0,00000106003878376305","0,00000131915605282445","0,00000100925635505313","0,00000119978380454970","0,00000010710860210455","0,00000065585671132422","0,00000096952408890788","0,00000001166984557761","0,00000078206020684223","0,00000001198739784527","0,00000256974587413348","0,00000097288351316982","0,00000001180904760669","0,00000037956781714224","0,00000001013668630620","0,00000148957850878029","0,00000001114749359349","0,00000021635347063277"
"-0,41777775818910040100","0,00000098147186446053","0,00000288749192006860","0,00000105573502013679","0,00000131373223710283","0,00000100601229106663","0,00000119653674186854","0,00000010673436401346","0,00000065330945564481","0,00000096567387132038","0,00000001166210409203","0,00000077886649956661","0,00000001201168154588","0,00000255896098628363","0,00000096834547932769","0,00000001179888585830","0,00000037873569239615","0,00000001018152134120","0,00000148635360347591","0,00000001113850082341","0,00000021541213314763"
"-0,41577383555178582000","0,00000097671812559500","0,00000287522921843299","0,00000105140458541132","0,00000130827317344412","0,00000100276182776261","0,00000119327377944691","0,00000010636963264602","0,00000065076190063085","0,00000096180609532946","0,00000001164408108032","0,00000077566926623781","0,00000001204290487391","0,00000254814083956587","0,00000096381126278189","0,00000001178627777393","0,00000037788236477573","0,00000001023527153552","0,00000148308978610490","0,00000001112249066366","0,00000021446678391151"
"-0,41376991291447118300","0,00000097194450019522","0,00000286288596163708","0,00000104704747958663","0,00000130277886184834","0,00000099950496514108","0,00000118999491728480","0,00000010601440800223","0,00000064821404628233","0,00000095792076093512","0,00000001161577654248","0,00000077246850685582","0,00000001208106782938","0,00000253728543398022","0,00000095928086353241","0,00000001177122335357","0,00000037700783428098","0,00000001029793688915","0,00000147978705666726","0,00000001109946311423","0,00000021351742292438"
"-0,41176599027715654600","0,00000096715098826119","0,00000285046214968089","0,00000104266370266272","0,00000129724930231548","0,00000099624170320203","0,00000118670015538222","0,00000010566869008209","0,00000064566589259925","0,00000095401786813735","0,00000001157719047852","0,00000076926422142064","0,00000001212617041227","0,00000252639476952666","0,00000095475428157925","0,00000001175372259724","0,00000037611210091191","0,00000001036951740209","0,00000147644541516299","0,00000001106941817514","0,00000021256405018627"
"-0,40976206763984190900","0,00000096233758979292","0,00000283795778256441","0,00000103825325463960","0,00000129168449484553","0,00000099297204194547","0,00000118338949373917","0,00000010533247888560","0,00000064311743958162","0,00000095009741693616","0,00000001152832288844","0,00000076605640993228","0,00000001217821262259","0,00000251546884620519","0,00000095023151692241","0,00000001173377550492","0,00000037519516466852","0,00000001045001307434","0,00000147306486159209","0,00000001103235584638","0,00000021160666569716"
"-0,40775814500252727200","0,00000095750430479039","0,00000282537286028763","0,00000103381613551725","0,00000128608443943850","0,00000098969598137140","0,00000118006293235564","0,00000010500577441276","0,00000064056868722943","0,00000094615940733155","0,00000001146917377223","0,00000076284507239073","0,00000001223719446034","0,00000250450766401583","0,00000094571256956190","0,00000001171138207662","0,00000037425702555080","0,00000001053942390590","0,00000146964539595456","0,00000001098827612795","0,00000021064526945705"
"-0,40575422236521263600","0,00000095265113325362","0,00000281270738285057","0,00000102935234529570","0,00000128044913609440","0,00000098641352147981","0,00000117672047123164","0,00000010468857666356","0,00000063801963554269","0,00000094220383932352","0,00000001139974312990","0,00000075963020879600","0,00000001230311592552","0,00000249351122295856","0,00000094119743949771","0,00000001168654231234","0,00000037329768355876","0,00000001063774989678","0,00000146618701825041","0,00000001093717901986","0,00000020967986146595"
"-0,40375029972789799900","0,00000094777807518259","0,00000279996135025321","0,00000102486188397492","0,00000127477858481321","0,00000098312466227071","0,00000117336211036716","0,00000010438088563801","0,00000063547028452138","0,00000093823071291207","0,00000001132003096145","0,00000075641181914808","0,00000001237597701813","0,00000248247952303339","0,00000093668612672984","0,00000001165925621208","0,00000037231713869239","0,00000001074499104697","0,00000146268972847962","0,00000001087906452209","0,00000020871044172386"
"-0,40174637709058336200","0,00000094288513057732","0,00000278713476249556","0,00000102034475155493","0,00000126907278559494","0,00000097982940374409","0,00000116998784976222","0,00000010408270133611","0,00000063292063416552","0,00000093424002809719","0,00000001123003726687","0,00000075318990344698","0,00000001245577773817","0,00000247141256424031","0,00000093217863125829","0,00000001162952377583","0,00000037131539095170","0,00000001086114735647","0,00000145915352664221","0,00000001081393263465","0,00000020773701023077"
"-0,39974245445326878100","0,00000093797315246409","0,00000277424991730634","0,00000101580919228402","0,00000126335146017518","0,00000097654262511920","0,00000116660519797981","0,00000010378556787840","0,00000063036586050836","0,00000093023165584121","0,00000001113819242698","0,00000074995882206405","0,00000001253565276603","0,00000246029680402282","0,00000092768200379462","0,00000001159999219490","0,00000037029837753827","0,00000001097756599372","0,00000145558654192773","0,00000001074806991042","0,00000020676038896934"
"-0,39773853181595414400","0,00000093304299386918","0,00000276132911241425","0,00000101126345041047","0,00000125763433028952","0,00000097327920561526","0,00000116322166358294","0,00000010348102938541","0,00000062780113958314","0,00000092620546710646","0,00000001105292682259","0,00000074671293537068","0,00000001260873678212","0,00000244911869982441","0,00000092320329505037","0,00000001157330866058","0,00000036927203565366","0,00000001108559412716","0,00000145199690352574","0,00000001068776290227","0,00000020578139992223"
"-0,39573460917863950700","0,00000092809465479259","0,00000274837234781931","0,00000100670752593430","0,00000125192139593796","0,00000097003914523229","0,00000115983724657163","0,00000010316908585714","0,00000062522647138987","0,00000092216146189292","0,00000001097424045369","0,00000074345224336687","0,00000001267502978644","0,00000243787825164508","0,00000091874250502555","0,00000001154947317287","0,00000036823636529789","0,00000001118523175680","0,00000144838461143623","0,00000001063301161019","0,00000020480004308945"
"-0,39373068654132487000","0,00000092312813523433","0,00000273537962352150","0,00000100214141885550","0,00000124621265712050","0,00000096682244397027","0,00000115645194694586","0,00000010284973729359","0,00000062264185592854","0,00000091809964020061","0,00000001090213332030","0,00000074017674605260","0,00000001273453177898","0,00000242657545948482","0,00000091429963372016","0,00000001152848573177","0,00000036719136647096","0,00000001127647888263","0,00000144474966565922","0,00000001058381603419","0,00000020381631847098"
"-0,39172676390401023300","0,00000091814343519439","0,00000272235093952083","0,00000099756512917406","0,00000124050811383714","0,00000096362910182921","0,00000115306576470564","0,00000010252298369477","0,00000062004729319917","0,00000091402000202952","0,00000001083660542240","0,00000073688644342788","0,00000001278724275974","0,00000241521032334364","0,00000090987468113420","0,00000001151034633728","0,00000036613703917286","0,00000001135933550465","0,00000144109206619470","0,00000001054017617426","0,00000020283022606684"
"-0,38972284126669559600","0,00000091314055467278","0,00000270928629581730","0,00000099297865689000","0,00000123480776608789","0,00000096045911880911","0,00000114967869985096","0,00000010218882506067","0,00000061744278320174","0,00000090992254737965","0,00000001077765676000","0,00000073358133549272","0,00000001283316272873","0,00000240378284322154","0,00000090546764726766","0,00000001149505498941","0,00000036507338340359","0,00000001143380162287","0,00000143741181304267","0,00000001050209203042","0,00000020184176587701"
"-0,38771891862938096000","0,00000090811949366949","0,00000269618569241091","0,00000098838200200331","0,00000122911161387273","0,00000095731249490997","0,00000114629075238184","0,00000010184726139129","0,00000061482832593626","0,00000090580727625100","0,00000001072528733310","0,00000073026142224711","0,00000001287229168595","0,00000239229301911851","0,00000090107853212055","0,00000001148261168814","0,00000036400039916315","0,00000001149987723728","0,00000143370890620313","0,00000001046956360265","0,00000020085093790151"
"-0,38571499599206637800","0,00000090308025218453","0,00000268304912930165","0,00000098377516451399","0,00000122341965719167","0,00000095418923013179","0,00000114290192229826","0,00000010149829268663","0,00000061220392140272","0,00000090167418864358","0,00000001067949714170","0,00000072692670369105","0,00000001290462963138","0,00000238074085103456","0,00000089670733569286","0,00000001147301643348","0,00000036291808645155","0,00000001155756234788","0,00000142998334567608","0,00000001044259089095","0,00000019985774214032"
"-0,38371107335475174200","0,00000089802283021789","0,00000266987660648954","0,00000097915814442203","0,00000121773189604472","0,00000095108932447456","0,00000113951220960023","0,00000010114191894670","0,00000060956956960113","0,00000089752328455737","0,00000001064028618580","0,00000072357717982454","0,00000001293017656505","0,00000236912633896968","0,00000089235405798460","0,00000001146626922543","0,00000036182644526878","0,00000001160685695467","0,00000142623513146153","0,00000001042117389533","0,00000019886217859346"
"-0,38170715071743710500","0,00000089294722776958","0,00000265666812397456","0,00000097453094172745","0,00000121204833043186","0,00000094801277793830","0,00000113612161428774","0,00000010077814017149","0,00000060692527053149","0,00000089335456399239","0,00000001060765446540","0,00000072021285064758","0,00000001294893248694","0,00000235744948292388","0,00000088801869899577","0,00000001146237006400","0,00000036072547561484","0,00000001164776105766","0,00000142246426355946","0,00000001040531261579","0,00000019786424726092"
"-0,37970322808012246800","0,00000088785344483959","0,00000264342368175672","0,00000096989355643024","0,00000120636896035311","0,00000094495959052299","0,00000113273013636080","0,00000010040695636100","0,00000060427102419380","0,00000088916802694863","0,00000001058160198049","0,00000071683371616017","0,00000001296089739705","0,00000234571028289716","0,00000088370125872636","0,00000001146131894917","0,00000035961517748974","0,00000001168027465684","0,00000141867074196988","0,00000001039500705233","0,00000019686394814269"
"-0,37769930544280783100","0,00000088274148142793","0,00000263014327983602","0,00000096524598853040","0,00000120069378580845","0,00000094192976222864","0,00000112933777581941","0,00000010002836751524","0,00000060160683058805","0,00000088496367342609","0,00000001056212873109","0,00000071343977636232","0,00000001296607129539","0,00000233390873888951","0,00000087940173717639","0,00000001146311588095","0,00000035849555089347","0,00000001170439775222","0,00000141485456669279","0,00000001039025720494","0,00000019586128123879"
"-0,37569538280549319400","0,00000087761133753459","0,00000261682691821246","0,00000096058823802793","0,00000119502280679790","0,00000093892329305526","0,00000112594453266357","0,00000009964237363420","0,00000059893268971425","0,00000088074150342477","0,00000001054923471718","0,00000071003103125401","0,00000001296445418195","0,00000232204485090094","0,00000087512013434583","0,00000001146776085935","0,00000035736659582603","0,00000001172013034378","0,00000141101573772820","0,00000001039106307363","0,00000019485624654920"
"-0,37369146016817855700","0,00000087246301315958","0,00000260347459688603","0,00000095592030492282","0,00000118935602332145","0,00000093594018300283","0,00000112255040689328","0,00000009924897471788","0,00000059624860157240","0,00000087650151694468","0,00000001054291993877","0,00000070660748083526","0,00000001295604605674","0,00000231011861893145","0,00000087085645023471","0,00000001147525388435","0,00000035622831228743","0,00000001172747243154","0,00000140715425507609","0,00000001039742465840","0,00000019384884407394"
"-0,37168753753086392100","0,00000086729650830289","0,00000259008631585675","0,00000095124218921509","0,00000118369343537909","0,00000093298043207136","0,00000111915539850853","0,00000009884817076628","0,00000059355456616250","0,00000087224371398580","0,00000001054318439586","0,00000070316912510606","0,00000001294084691975","0,00000229813004298103","0,00000086661068484301","0,00000001148559495597","0,00000035508070027766","0,00000001172642401550","0,00000140327011873647","0,00000001040934195924","0,00000019283907381300"
"-0,36968361489354933900","0,00000086211182296452","0,00000257666207512460","0,00000094655389090473","0,00000117803504297084","0,00000093004404026084","0,00000111575950750933","0,00000009843996177940","0,00000059085058348454","0,00000086796809454815","0,00000001055002808845","0,00000069971596406642","0,00000001291885677098","0,00000228607912304969","0,00000086238283817074","0,00000001149878407420","0,00000035392375979672","0,00000001171698509564","0,00000139936332870935","0,00000001042681497616","0,00000019182693576638"
"-0,36767969225623470200","0,00000085690895714448","0,00000256320187468959","0,00000094185540999174","0,00000117238084609669","0,00000092713100757129","0,00000111236273389567","0,00000009802434775725","0,00000058813665353853","0,00000086367465863172","0,00000001056345101654","0,00000069624799771632","0,00000001289007561045","0,00000227396585913743","0,00000085817291021789","0,00000001151482123903","0,00000035275749084462","0,00000001169915567198","0,00000139543388499471","0,00000001044984370916","0,00000019081242993407"
"-0,36567576961892006600","0,00000085168791084277","0,00000254970571455172","0,00000093714674647612","0,00000116673084475664","0,00000092424133400270","0,00000110896507766757","0,00000009760132869982","0,00000058541277632446","0,00000085936340623651","0,00000001058345318012","0,00000069276522605577","0,00000001285450343813","0,00000226179025124424","0,00000085398090098447","0,00000001153370645048","0,00000035158189342135","0,00000001167293574451","0,00000139148178759257","0,00000001047842815823","0,00000018979555631609"
"-0,36367184698160542900","0,00000084644868405938","0,00000253617359471099","0,00000093242790035787","0,00000116108503895069","0,00000092137501955506","0,00000110556653882501","0,00000009717090460712","0,00000058267895184235","0,00000085503433736252","0,00000001061003457921","0,00000068926764908478","0,00000001281214025404","0,00000224955229937013","0,00000084980681047048","0,00000001155543970853","0,00000035039696752691","0,00000001163832531324","0,00000138750703650291","0,00000001051256832338","0,00000018877631491243"
"-0,36166792434429079200","0,00000084119127679431","0,00000252260551516740","0,00000092769887163699","0,00000115544342867884","0,00000091853206422838","0,00000110216711736799","0,00000009673307547913","0,00000057993518009218","0,00000085068745200976","0,00000001064319521379","0,00000068575526680334","0,00000001276298605818","0,00000223725200351510","0,00000084565063867591","0,00000001158002101320","0,00000034920271316131","0,00000001159532437816","0,00000138350963172575","0,00000001055226420461","0,00000018775470572309"
"-0,35966400170697615500","0,00000083591568904757","0,00000250900147592095","0,00000092295966031348","0,00000114980601394109","0,00000091571246802266","0,00000109876681329653","0,00000009628784131587","0,00000057718146107396","0,00000084632275017821","0,00000001068293508387","0,00000068222807921145","0,00000001270704085054","0,00000222488936367914","0,00000084151238560077","0,00000001160745036448","0,00000034799913032454","0,00000001154393293927","0,00000137948957326108","0,00000001059751580191","0,00000018673072874807"
"-0,35766007906966151800","0,00000083062192081916","0,00000249536147697163","0,00000091821026638734","0,00000114417279473744","0,00000091291623093790","0,00000109536562661061","0,00000009583520211733","0,00000057441779478768","0,00000084194023186789","0,00000001072925418945","0,00000067868608630911","0,00000001264430463112","0,00000221246437986226","0,00000083739205124506","0,00000001163772776237","0,00000034678621901660","0,00000001148415099657","0,00000137544686110890","0,00000001064832311529","0,00000018570438398736"
"-0,35565615643234693700","0,00000082530997210907","0,00000248168551831945","0,00000091345068985857","0,00000113854377106789","0,00000091014335297410","0,00000109196355731024","0,00000009537515788351","0,00000057164418123335","0,00000083753989707879","0,00000001078215253053","0,00000067512928809632","0,00000001257477739993","0,00000219997705206445","0,00000083328963560877","0,00000001167085320687","0,00000034556397923750","0,00000001141597855007","0,00000137138149526920","0,00000001070468614475","0,00000018467567144098"
"-0,35365223379503230000","0,00000081997984291730","0,00000246797359996441","0,00000090868093072717","0,00000113291894293245","0,00000090739383413126","0,00000108856060539542","0,00000009490770861442","0,00000056886062041097","0,00000083312174581091","0,00000001084163010711","0,00000067155768457309","0,00000001249845915697","0,00000218742738028572","0,00000082920513869192","0,00000001170682669797","0,00000034433241098723","0,00000001133941559976","0,00000136729347574200","0,00000001076660489028","0,00000018364459110892"
"-0,35164831115771766300","0,00000081463153324386","0,00000245422572190651","0,00000090390098899314","0,00000112729831033110","0,00000090466767440938","0,00000108515677086614","0,00000009443285431005","0,00000056606711232054","0,00000082868577806425","0,00000001090768691919","0,00000066797127573940","0,00000001241534990223","0,00000217481536452607","0,00000082513856049448","0,00000001174564823569","0,00000034309151426579","0,00000001125446214564","0,00000136318280252729","0,00000001083407935189","0,00000018261114299118"
"-0,34964438852040302700","0,00000080926945039063","0,00000244045362197405","0,00000089910811816361","0,00000112167510610830","0,00000090195980873502","0,00000108175633175483","0,00000009395793812949","0,00000056326932951213","0,00000082423567381050","0,00000001097445996957","0,00000066437669141310","0,00000001233244781334","0,00000216216267466762","0,00000082106990280281","0,00000001178414417794","0,00000034183727810254","0,00000001116955560109","0,00000135905346796198","0,00000001090213779636","0,00000018157801273749"
"-0,34764046588308839000","0,00000080389800165951","0,00000242666903799533","0,00000089429957174571","0,00000111604256310850","0,00000089926517203478","0,00000107836356609391","0,00000009349030323182","0,00000056047294453580","0,00000081977511302134","0,00000001103608626108","0,00000066078056141202","0,00000001225675106794","0,00000214949098059250","0,00000081697916740323","0,00000001181914088265","0,00000034056569152682","0,00000001109313337947","0,00000135490946438299","0,00000001096580849045","0,00000018054788599760"
"-0,34563654324577375300","0,00000079851718705048","0,00000241287196997036","0,00000088947534973944","0,00000111040068133171","0,00000089658376430863","0,00000107497847388337","0,00000009302994961705","0,00000055767795739157","0,00000081530409569676","0,00000001109256579370","0,00000065718288573615","0,00000001218825966602","0,00000213680028230072","0,00000081286635429575","0,00000001185063834981","0,00000033927675453865","0,00000001102519548078","0,00000135075079179032","0,00000001102509143418","0,00000017952076277149"
"-0,34363262060845911600","0,00000079312700656357","0,00000239906241789912","0,00000088463545214480","0,00000110474946077791","0,00000089391558555659","0,00000107160105512321","0,00000009257687728518","0,00000055488436807943","0,00000081082262183678","0,00000001114389856743","0,00000065358366438550","0,00000001212697360758","0,00000212409057979226","0,00000080873146348036","0,00000001187863657942","0,00000033797046713800","0,00000001096574190503","0,00000134657745018396","0,00000001107998662754","0,00000017849664305918"
"-0,34162869797114447900","0,00000078772746019875","0,00000238524038178163","0,00000087977987896178","0,00000109908890144711","0,00000089126063577865","0,00000106823130981344","0,00000009213108623620","0,00000055209217659938","0,00000080633069144138","0,00000001119008458229","0,00000064998289736006","0,00000001207289289263","0,00000211136187306713","0,00000080457449495706","0,00000001190313557148","0,00000033664682932490","0,00000001091477265221","0,00000134238943956392","0,00000001113049407053","0,00000017747552686065"
"-0,33962477533382989800","0,00000078231854795604","0,00000237140586161788","0,00000087490863019040","0,00000109341900333931","0,00000088861891497482","0,00000106486923795406","0,00000009169257647012","0,00000054930138295142","0,00000080182830451057","0,00000001123112383826","0,00000064638058465985","0,00000001202601752116","0,00000209861416212534","0,00000080039544872586","0,00000001192413532600","0,00000033530584109933","0,00000001087228772232","0,00000133818675993020","0,00000001117661376315","0,00000017645741417591"
"-0,33762085269651526100","0,00000077690026983543","0,00000235755885740787","0,00000087002170583065","0,00000108773976645450","0,00000088599042314509","0,00000106151483954506","0,00000009126134798694","0,00000054651198713555","0,00000079731546104435","0,00000001126701633535","0,00000064277672628484","0,00000001198634749317","0,00000208584744696687","0,00000079619432478675","0,00000001194163584297","0,00000033394750246130","0,00000001083828711537","0,00000133396941128279","0,00000001121834570540","0,00000017544230500497"
"-0,33561693005920062400","0,00000077147262583692","0,00000234369936915160","0,00000086511910588252","0,00000108205119079270","0,00000088337516028946","0,00000105816811458644","0,00000009083740078665","0,00000054372398915178","0,00000079279216104273","0,00000001129776207356","0,00000063917132223506","0,00000001195388280867","0,00000207306172759173","0,00000079197112313973","0,00000001195563712239","0,00000033257181341081","0,00000001081277083136","0,00000132973739362170","0,00000001125568989728","0,00000017443019934781"
"-0,33361300742188598800","0,00000076603561596052","0,00000232982739684907","0,00000086020083034603","0,00000107635327635390","0,00000088077312640794","0,00000105482906307821","0,00000009042073486926","0,00000054093738900009","0,00000078825840450569","0,00000001132336105288","0,00000063556437251048","0,00000001192862346765","0,00000206025700399993","0,00000078772584378481","0,00000001196613916427","0,00000033117877394785","0,00000001079573887028","0,00000132549070694693","0,00000001128864633879","0,00000017342109720444"
"-0,33160908478457135100","0,00000076058924020622","0,00000231594294050029","0,00000085526687922116","0,00000107064602313810","0,00000087818432150052","0,00000105149768502037","0,00000009001135023476","0,00000053815218668050","0,00000078371419143323","0,00000001134381327332","0,00000063195587711113","0,00000001191056947011","0,00000204743327619145","0,00000078345848672198","0,00000001197314196860","0,00000032976838407243","0,00000001078719123213","0,00000132122935125847","0,00000001131721502994","0,00000017241499857487"
"-0,32960516214725671400","0,00000075513349857402","0,00000230204600010525","0,00000085031725250792","0,00000106492943114529","0,00000087560874556720","0,00000104817398041291","0,00000008960924688316","0,00000053536838219299","0,00000077915952182537","0,00000001135911873488","0,00000062834583603699","0,00000001189972081606","0,00000203459054416631","0,00000077916905195125","0,00000001197664553538","0,00000032834064378455","0,00000001078712791691","0,00000131695332655633","0,00000001134139597071","0,00000017141190345908"
"-0,32760123950994207700","0,00000074966839106393","0,00000228813657566395","0,00000084535195020632","0,00000105920350037549","0,00000087304639860799","0,00000104485794925583","0,00000008921442481446","0,00000053258597553758","0,00000077459439568210","0,00000001136927743756","0,00000062473424928807","0,00000001189607750549","0,00000202172880792450","0,00000077485753947261","0,00000001197664986462","0,00000032689555308420","0,00000001079554892463","0,00000131266263284051","0,00000001136118916112","0,00000017041181185708"
"-0,32559731687262749600","0,00000074419391767594","0,00000227421466717639","0,00000084037097231634","0,00000105346823082868","0,00000087049728062288","0,00000104154959154914","0,00000008882688402865","0,00000052980496671426","0,00000077001881300342","0,00000001137428938135","0,00000062112111686436","0,00000001189963953840","0,00000200884806746601","0,00000077052394928606","0,00000001197315495631","0,00000032543311197139","0,00000001081245425529","0,00000130835727011101","0,00000001137659460116","0,00000016941472376887"
"-0,32359339423531285900","0,00000073871007841005","0,00000226028027464257","0,00000083537431883799","0,00000104772362250488","0,00000086796139161188","0,00000103824890729284","0,00000008844662452574","0,00000052702535572303","0,00000076543277378932","0,00000001137415456626","0,00000061750643876587","0,00000001191040691480","0,00000199594832279086","0,00000076616828139161","0,00000001196616081045","0,00000032395332044612","0,00000001083784390887","0,00000130403723836782","0,00000001138761229083","0,00000016842063919445"
"-0,32158947159799822200","0,00000073321687326627","0,00000224633339806250","0,00000083036198977127","0,00000104196967540407","0,00000086543873157498","0,00000103495589648692","0,00000008807364630573","0,00000052424714256389","0,00000076083627803981","0,00000001136887299229","0,00000061389021499260","0,00000001192837963468","0,00000198302957389904","0,00000076179053578925","0,00000001195566742704","0,00000032245617850838","0,00000001087171788540","0,00000129970253761095","0,00000001139424223013","0,00000016742955813383"
"-0,31958554896068358500","0,00000072771430224459","0,00000223237403743617","0,00000082533398511618","0,00000103620638952626","0,00000086292930051218","0,00000103167055913138","0,00000008770794936861","0,00000052147032723684","0,00000075622932575490","0,00000001135844465943","0,00000061027244554454","0,00000001195355769805","0,00000197009182079054","0,00000075739071247899","0,00000001194167480609","0,00000032094168615818","0,00000001091407618485","0,00000129535316784039","0,00000001139648441906","0,00000016644148058699"
"-0,31758162632336894800","0,00000072220236534501","0,00000221840219276358","0,00000082029030487272","0,00000103043376487145","0,00000086043309842349","0,00000102839289522623","0,00000008734953371439","0,00000051869490974189","0,00000075161191693457","0,00000001134286956770","0,00000060665313042170","0,00000001198594110489","0,00000195713506346538","0,00000075296881146082","0,00000001192418294760","0,00000031940984339552","0,00000001096491880724","0,00000129098912905615","0,00000001139433885762","0,00000016545640655394"
"-0,31557770368605431200","0,00000071668106256754","0,00000220441786404473","0,00000081523094904089","0,00000102465180143964","0,00000085795012530890","0,00000102512290477146","0,00000008699839934306","0,00000051592089007902","0,00000074698405157883","0,00000001132214771708","0,00000060303226962408","0,00000001202552985522","0,00000194415930192355","0,00000074852483273474","0,00000001190319185155","0,00000031786065022039","0,00000001102424575256","0,00000128661042125823","0,00000001138780554581","0,00000016447433603468"
"-0,31357378104873967500","0,00000071115039391216","0,00000219042105127962","0,00000081015591762068","0,00000101886049923083","0,00000085548038116841","0,00000102186058776708","0,00000008665454625463","0,00000051314826824825","0,00000074234572968768","0,00000001129627910758","0,00000059940986315167","0,00000001207232394904","0,00000193116453616505","0,00000074405877630076","0,00000001187870151796","0,00000031629410663281","0,00000001109205702082","0,00000128221704444663","0,00000001137688448364","0,00000016349526902921"
"-0,31156985841142503800","0,00000070561035937890","0,00000217641175446826","0,00000080506521061211","0,00000101305985824502","0,00000085302386600203","0,00000101860594421309","0,00000008631797444910","0,00000051037704424957","0,00000073769695126112","0,00000001126526373919","0,00000059578591100447","0,00000001212632338634","0,00000191815076618988","0,00000073957064215887","0,00000001185071194682","0,00000031471021263275","0,00000001116835261201","0,00000127780899862134","0,00000001136157567109","0,00000016251920553753"
"-0,30956593577411045700","0,00000070006095896773","0,00000216238997361063","0,00000079995882801517","0,00000100724987848221","0,00000085058057980975","0,00000101535897410948","0,00000008598868392647","0,00000050760721808297","0,00000073303771629915","0,00000001122910161192","0,00000059216041318250","0,00000001218752816712","0,00000190511799199804","0,00000073506043030908","0,00000001181922313814","0,00000031310896822024","0,00000001125313252614","0,00000127338628378237","0,00000001134187910818","0,00000016154614555964"
"-0,30756201313679582000","0,00000069450219267867","0,00000214835570870675","0,00000079483676982985","0,00000100143055994240","0,00000084815052259157","0,00000101211967745625","0,00000008566667468672","0,00000050483878974847","0,00000072836802480177","0,00000001118779272577","0,00000058853336968574","0,00000001225593829138","0,00000189206621358953","0,00000073052814075138","0,00000001178423509190","0,00000031149037339526","0,00000001134639676320","0,00000126894889992971","0,00000001131779479489","0,00000016057608909555"
"-0,30555809049948118300","0,00000068893406051171","0,00000213430895975661","0,00000078969903605617","0,00000099560190262559","0,00000084573369434750","0,00000100888805425341","0,00000008535194672988","0,00000050207175924606","0,00000072368787676897","0,00000001114133708074","0,00000058490478051419","0,00000001233155375913","0,00000187899543096435","0,00000072597377348577","0,00000001174574780813","0,00000030985442815782","0,00000001144814532319","0,00000126449684706338","0,00000001128932273124","0,00000015960903614524"
"-0,30355416786216654600","0,00000068335656246685","0,00000212024972676021","0,00000078454562669411","0,00000098976390653178","0,00000084333009507753","0,00000100566410450096","0,00000008504450005593","0,00000049930612657575","0,00000071899727220077","0,00000001108973467682","0,00000058127464566786","0,00000001241437457036","0,00000186590564412250","0,00000072139732851226","0,00000001170376128680","0,00000030820113250791","0,00000001155837820612","0,00000126003012518336","0,00000001125646291722","0,00000015864498670872"
"-0,30155024522485190900","0,00000067776969854410","0,00000210617800971756","0,00000077937654174368","0,00000098391657166096","0,00000084093972478167","0,00000100244782819888","0,00000008474433466488","0,00000049654189173752","0,00000071429621109715","0,00000001103298551403","0,00000057764296514675","0,00000001250440072507","0,00000185279685306399","0,00000071679880583084","0,00000001165827552793","0,00000030653048644555","0,00000001167709541198","0,00000125554873428965","0,00000001121921535283","0,00000015768394078599"
"-0,29954632258753727300","0,00000067218768152062","0,00000209211190301990","0,00000077423233611358","0,00000097806749258306","0,00000083857642555851","0,00000099924694043297","0,00000008444651942319","0,00000049377119903923","0,00000070959077229732","0,00000001097649749473","0,00000057401208109406","0,00000001259431383494","0,00000183967113756941","0,00000071219725773524","0,00000001161258904535","0,00000030484607478185","0,00000001179579841522","0,00000125106106568771","0,00000001118180986002","0,00000015673982810082"
"-0,29754239995022263600","0,00000066662472417358","0,00000207806950105851","0,00000076915356471249","0,00000097222426386800","0,00000083625403950667","0,00000099606915628900","0,00000008414612319734","0,00000049098619278875","0,00000070488703464048","0,00000001092567852133","0,00000057038433565298","0,00000001267679551163","0,00000182653057741940","0,00000070761173651919","0,00000001157000035289","0,00000030315148232795","0,00000001190598869030","0,00000124657551068296","0,00000001114847626073","0,00000015582657837700"
"-0,29553847731290799900","0,00000066108082650298","0,00000206405080383337","0,00000076414022754042","0,00000096638688551576","0,00000083397256662614","0,00000099291447576697","0,00000008384314598732","0,00000048818687298606","0,00000070018499812662","0,00000001088052859383","0,00000056675972882351","0,00000001275184575513","0,00000181337517261394","0,00000070304224218269","0,00000001153050945056","0,00000030144670908386","0,00000001200766623720","0,00000124209206927541","0,00000001111921455497","0,00000015494419161452"
"-0,29353455467559341800","0,00000065555598850883","0,00000205005581134450","0,00000075919232459736","0,00000096055535752636","0,00000083173200691692","0,00000098978289886687","0,00000008353758779313","0,00000048537323963117","0,00000069548466275574","0,00000001084104771222","0,00000056313826060567","0,00000001281946456546","0,00000180020492315304","0,00000069848877472574","0,00000001149411633835","0,00000029973175504957","0,00000001210083105594","0,00000123761074146507","0,00000001109402474273","0,00000015409266781337"
"-0,29153063203827878100","0,00000065005021019111","0,00000203608452359188","0,00000075430985588333","0,00000095472967989979","0,00000082953236037902","0,00000098667442558871","0,00000008322944861477","0,00000048254529272407","0,00000069078602852784","0,00000001080723587650","0,00000055951993099944","0,00000001287965194261","0,00000178701982903669","0,00000069395133414834","0,00000001146082101627","0,00000029800662022508","0,00000001218548314651","0,00000123313152725192","0,00000001107290682401","0,00000015327200697357"
"-0,28952670940096414400","0,00000064456349154984","0,00000202213694057553","0,00000074949282139830","0,00000094890985263606","0,00000082737362701242","0,00000098358905593249","0,00000008291872845224","0,00000047970303226477","0,00000068608909544293","0,00000001077909308668","0,00000055590474000483","0,00000001293240788657","0,00000177381989026491","0,00000068942992045049","0,00000001143062348431","0,00000029627130461039","0,00000001226162250891","0,00000122865442663597","0,00000001105586079881","0,00000015248220909511"
"-0,28752278676364950700","0,00000063909583258500","0,00000200821306229544","0,00000074474122114230","0,00000094309587573515","0,00000082525580681714","0,00000098052678989821","0,00000008260542730554","0,00000047684645825327","0,00000068139386350101","0,00000001075661934275","0,00000055229268762184","0,00000001297773239736","0,00000176060510683768","0,00000068492453363218","0,00000001140352374248","0,00000029452580820551","0,00000001232924914315","0,00000122417943961722","0,00000001104288666714","0,00000015172327417799"
"-0,28551886412633487000","0,00000063364723329661","0,00000199431288875160","0,00000074005505511531","0,00000093728774919708","0,00000082317889979318","0,00000097748762748586","0,00000008228954517468","0,00000047397557068956","0,00000067670033270206","0,00000001073981464472","0,00000054868377385046","0,00000001301562547497","0,00000174737547875501","0,00000068043517369343","0,00000001137952179078","0,00000029277013101043","0,00000001238836304921","0,00000121970656619566","0,00000001103398442899","0,00000015099520222222"
"-0,28351494148902023300","0,00000062821769368466","0,00000198043641994403","0,00000073543432331733","0,00000093148547302183","0,00000082114290594052","0,00000097447156869546","0,00000008197108205965","0,00000047109036957365","0,00000067200850304610","0,00000001072867899258","0,00000054507799869070","0,00000001304608711939","0,00000173413100601689","0,00000067596184063422","0,00000001135861762920","0,00000029100427302515","0,00000001243896422711","0,00000121523580637131","0,00000001102915408437","0,00000015029799322778"
"-0,28151101885170559700","0,00000062280721374915","0,00000196658365587271","0,00000073087902574838","0,00000092568904720942","0,00000081914782525918","0,00000097147861352699","0,00000008165003796045","0,00000046819085490554","0,00000066731837453312","0,00000001072321238633","0,00000054147536214256","0,00000001306911733064","0,00000172087168862334","0,00000067150453445457","0,00000001134081125775","0,00000028922823424967","0,00000001248105267683","0,00000121076716014416","0,00000001102839563327","0,00000014963164719468"
"-0,27950709621439101500","0,00000061741579349009","0,00000195275459653766","0,00000072638916240843","0,00000091989847175985","0,00000081719365774915","0,00000096850876198045","0,00000008132641287708","0,00000046527702668523","0,00000066262994716313","0,00000001072341482598","0,00000053787586420603","0,00000001308471610871","0,00000170759752657434","0,00000066706325515446","0,00000001132610267642","0,00000028744201468399","0,00000001251462839839","0,00000120630062751421","0,00000001103170907569","0,00000014899616412293"
"-0,27750317357707637800","0,00000061204343290746","0,00000193894924193887","0,00000072196473329751","0,00000091411374667310","0,00000081528040341044","0,00000096556201405586","0,00000008100020680955","0,00000046234888491271","0,00000065794322093612","0,00000001072928631153","0,00000053427950488112","0,00000001309288345359","0,00000169430851986990","0,00000066263800273390","0,00000001131449188522","0,00000028564561432812","0,00000001253969139178","0,00000120183620848145","0,00000001103909441163","0,00000014839154401251"
"-0,27549925093976174200","0,00000060669013200128","0,00000192516759207633","0,00000071760573841560","0,00000090833487194919","0,00000081340806224304","0,00000096263836975320","0,00000008067141975785","0,00000045940642958799","0,00000065325819585209","0,00000001074082684296","0,00000053068628416783","0,00000001309361936530","0,00000168100466851001","0,00000065822877719289","0,00000001130597888414","0,00000028383903318205","0,00000001255624165701","0,00000119737390304590","0,00000001105055164110","0,00000014781778686344"
"-0,27349532830244710500","0,00000060135589077153","0,00000191140964695006","0,00000071331217776271","0,00000090256184758811","0,00000081157663424695","0,00000095973782907248","0,00000008034005172198","0,00000045644966071106","0,00000064857487191105","0,00000001075803642029","0,00000052709620206615","0,00000001308692384383","0,00000166768597249469","0,00000065383557853143","0,00000001130056367319","0,00000028202227124578","0,00000001256427919406","0,00000119291371120754","0,00000001106608076409","0,00000014727489267570"
"-0,27149140566513246800","0,00000059604070921823","0,00000189767540656004","0,00000070908405133883","0,00000089679467358986","0,00000080978611942217","0,00000095686039201370","0,00000008000610270194","0,00000045347857828194","0,00000064389324911299","0,00000001078091504352","0,00000052350925857609","0,00000001307279688918","0,00000165435243182392","0,00000064945840674952","0,00000001129824625237","0,00000028019532851931","0,00000001256380400295","0,00000118845563296638","0,00000001108568178061","0,00000014676286144931"
"-0,26948748302781783100","0,00000059074458734137","0,00000188396487090629","0,00000070492135914397","0,00000089103334995444","0,00000080803651776871","0,00000095400605857686","0,00000007966957269773","0,00000045049318230061","0,00000063921332745792","0,00000001080946271264","0,00000051992545369765","0,00000001305123850135","0,00000164100404649771","0,00000064509726184716","0,00000001129902662167","0,00000027835820500265","0,00000001255481608366","0,00000118399966832243","0,00000001110935469065","0,00000014628169318426"
"-0,26748356039050319400","0,00000058546752514095","0,00000187027803998880","0,00000070082410117813","0,00000088527787668186","0,00000080632782928655","0,00000095117482876195","0,00000007933046170935","0,00000044749347276707","0,00000063453510694583","0,00000001084367942765","0,00000051634478743083","0,00000001302224868033","0,00000162764081651606","0,00000064075214382435","0,00000001130290478109","0,00000027651090069579","0,00000001253731543621","0,00000117954581727567","0,00000001113709949421","0,00000014583138788055"
"-0,26547963775318855800","0,00000058020952261698","0,00000185661491380756","0,00000069679227744130","0,00000087952825377210","0,00000080466005397572","0,00000094836670256898","0,00000007898876973681","0,00000044447944968134","0,00000062985858757672","0,00000001088356518856","0,00000051276725977562","0,00000001298582742614","0,00000161426274187896","0,00000063642305268108","0,00000001130988073065","0,00000027465341559873","0,00000001251130206059","0,00000117509407982611","0,00000001116891619130","0,00000014541194553818"
"-0,26347571511587397600","0,00000057497057976944","0,00000184297549236259","0,00000069282588793349","0,00000087378448122518","0,00000080303319183619","0,00000094558167999795","0,00000007864449678010","0,00000044145111304340","0,00000062518376935059","0,00000001092911999536","0,00000050919287073203","0,00000001294197473877","0,00000160086982258643","0,00000063210998841737","0,00000001131995447032","0,00000027278574971147","0,00000001247677595680","0,00000117064445597375","0,00000001120480478191","0,00000014502336615715"
"-0,26147179247855933900","0,00000056975069659835","0,00000182935977565388","0,00000068892493265470","0,00000086804655904109","0,00000080144724286798","0,00000094281976104886","0,00000007829764283922","0,00000043840846285325","0,00000062051065226745","0,00000001098034384805","0,00000050562162030005","0,00000001289069061822","0,00000158746205863845","0,00000062781295103320","0,00000001133312600013","0,00000027090790303401","0,00000001243373712485","0,00000116619694571859","0,00000001124476526604","0,00000014466564973746"
"-0,25946786984124470300","0,00000056454987310369","0,00000181576776368142","0,00000068508941160492","0,00000086231448721984","0,00000079990220707108","0,00000094008094572170","0,00000007794820791418","0,00000043535149911091","0,00000061583923632729","0,00000001103723674664","0,00000050205350847970","0,00000001283197506449","0,00000157403945003502","0,00000062353194052859","0,00000001134939532005","0,00000026901987556636","0,00000001238218556472","0,00000116175154906062","0,00000001128879764370","0,00000014433879627912"
"-0,25746394720393006600","0,00000055936810928548","0,00000180219945644523","0,00000068131932478416","0,00000085658826576141","0,00000079839808444549","0,00000093736523401648","0,00000007759619200496","0,00000043228022181636","0,00000061116952153012","0,00000001109979869112","0,00000049848853527095","0,00000001276582807757","0,00000156060199677616","0,00000061926695690352","0,00000001136876243011","0,00000026712166730851","0,00000001232212127643","0,00000115730826599986","0,00000001133690191488","0,00000014404280578211"
"-0,25546002456661542900","0,00000055420540514371","0,00000178865485394530","0,00000067761467219241","0,00000085086789466582","0,00000079693487499121","0,00000093467262593320","0,00000007724159511158","0,00000042919463096960","0,00000060650150787593","0,00000001116802968150","0,00000049492670067383","0,00000001269224965748","0,00000154714969886185","0,00000061501800015800","0,00000001139122733029","0,00000026521327826046","0,00000001225354425997","0,00000115286709653630","0,00000001138907807958","0,00000014377767824645"
"-0,25345610192930079200","0,00000054906176067838","0,00000177513395618163","0,00000067397545382968","0,00000084515337393306","0,00000079551257870825","0,00000093200312147186","0,00000007688441723403","0,00000042609472657065","0,00000060183519536472","0,00000001124192971777","0,00000049136800468832","0,00000001261123980421","0,00000153368255629210","0,00000061078507029203","0,00000001141679002059","0,00000026329470842222","0,00000001217645451534","0,00000114842804066993","0,00000001144532613781","0,00000014354341367212"
"-0,25145217929198615500","0,00000054393717588949","0,00000176163676315421","0,00000067040166969597","0,00000083944470356313","0,00000079413119559660","0,00000092935672063246","0,00000007652465837231","0,00000042298050861949","0,00000059717058399650","0,00000001132149879994","0,00000048781244731444","0,00000001252279851776","0,00000152020056906691","0,00000060656816730561","0,00000001144545050102","0,00000026136595779377","0,00000001209085204254","0,00000114399109840077","0,00000001150564608956","0,00000014334001205914"
"-0,24944825665467154600","0,00000053884239202243","0,00000174820550401986","0,00000066689070577411","0,00000083376120892474","0,00000079278563372344","0,00000092673753076395","0,00000007616200197508","0,00000041986581581886","0,00000059251382751111","0,00000001139992290115","0,00000048426413757695","0,00000001243408522017","0,00000150675352902515","0,00000060238764107708","0,00000001147467262333","0,00000025942741391347","0,00000001200587190542","0,00000113958435604288","0,00000001156613787217","0,00000014315554612339"
"-0,24744433401735690900","0,00000053378815032260","0,00000173488240793536","0,00000066343994804694","0,00000082812221538661","0,00000079147080115595","0,00000092414965921528","0,00000007579613149099","0,00000041676448687150","0,00000058787107964842","0,00000001147038799455","0,00000048072718450065","0,00000001235225933346","0,00000149339122800569","0,00000059826384148478","0,00000001150192023926","0,00000025747946431965","0,00000001193064916785","0,00000113523589991036","0,00000001162290142298","0,00000014297808858078"
"-0,24544041138004230000","0,00000052877445078998","0,00000172166747490073","0,00000066004939651447","0,00000082252772294873","0,00000079018669789412","0,00000092159310598647","0,00000007542704692005","0,00000041367652177740","0,00000058324234040841","0,00000001153289408015","0,00000047720158808555","0,00000001227732085765","0,00000148011366600854","0,00000059419676852870","0,00000001152719334882","0,00000025552210901232","0,00000001186518382982","0,00000113094573000319","0,00000001167593674200","0,00000014280763943129"
"-0,24343648874272766400","0,00000052380129342459","0,00000170856070491595","0,00000065671905117668","0,00000081697773161111","0,00000078893332393796","0,00000091906787107751","0,00000007505474826225","0,00000041060192053657","0,00000057862760979110","0,00000001158744115794","0,00000047368734833163","0,00000001220926979272","0,00000146692084303369","0,00000059018642220886","0,00000001155049195200","0,00000025355534799146","0,00000001180947589132","0,00000112671384632138","0,00000001172524382921","0,00000014264419867494"
"-0,24143256610541302700","0,00000051886867822641","0,00000169556209798103","0,00000065344891203359","0,00000081147224137374","0,00000078771067928746","0,00000091657395448840","0,00000007467923551759","0,00000040754068314900","0,00000057402688779648","0,00000001163402922792","0,00000047018446523890","0,00000001214810613869","0,00000145381275908115","0,00000058623280252524","0,00000001157181604880","0,00000025157918125709","0,00000001176352535237","0,00000112254024886493","0,00000001177082268463","0,00000014248776631172"
"-0,23942864346809839000","0,00000051397660519546","0,00000168267165409596","0,00000065023897908519","0,00000080601125223662","0,00000078651876394263","0,00000091411135621914","0,00000007430050868608","0,00000040449280961470","0,00000056944017442454","0,00000001167265829010","0,00000046669293880737","0,00000001209382989555","0,00000144078941415091","0,00000058233590947785","0,00000001159116563923","0,00000024959360880921","0,00000001172733221295","0,00000111842493763385","0,00000001181267330825","0,00000014233834234163"
"-0,23742472083078378100","0,00000050912507433172","0,00000166988937326076","0,00000064708925233148","0,00000080059476419975","0,00000078535757790346","0,00000091168007626973","0,00000007391856776772","0,00000040145829993366","0,00000056486746967530","0,00000001170332834447","0,00000046321276903702","0,00000001204644106330","0,00000142785080824297","0,00000057849574306669","0,00000001160854072329","0,00000024759863064780","0,00000001170089647308","0,00000111436791262812","0,00000001185079570007","0,00000014219592676468"
"-0,23542079819346914400","0,00000050431408563521","0,00000165721525547541","0,00000064399973177246","0,00000079522277726314","0,00000078422712116996","0,00000090928011464017","0,00000007353341276249","0,00000039843715410588","0,00000056030877354875","0,00000001172603939104","0,00000045974395592787","0,00000001200593964195","0,00000141499694135734","0,00000057471230329176","0,00000001162394130097","0,00000024559424677288","0,00000001168421813274","0,00000111036917384775","0,00000001188518986009","0,00000014206051958085"
"-0,23341687555615450700","0,00000049954363910591","0,00000164464930073992","0,00000064097041740813","0,00000078989529142678","0,00000078312739374212","0,00000090691147133046","0,00000007314504367041","0,00000039542937213137","0,00000055576408604489","0,00000001174079142980","0,00000045628649947990","0,00000001197232563148","0,00000140222781349402","0,00000057098559015306","0,00000001163736737227","0,00000024358045718444","0,00000001167729719194","0,00000110642872129274","0,00000001191585578831","0,00000014193212079016"
"-0,23141295291883987000","0,00000049481373474384","0,00000163219150905429","0,00000063800130923849","0,00000078461230669068","0,00000078205839561995","0,00000090457414634060","0,00000007275346049148","0,00000039243495401013","0,00000055123340716372","0,00000001174758446075","0,00000045284039969313","0,00000001194559903190","0,00000138954342465299","0,00000056731560365059","0,00000001164881893720","0,00000024155726188248","0,00000001168013365069","0,00000110254655496308","0,00000001194279348473","0,00000014181073039260"
"-0,22940903028152526100","0,00000049012437254899","0,00000161984188041852","0,00000063509240726355","0,00000077937382305483","0,00000078102012680345","0,00000090226813967059","0,00000007235866322569","0,00000038945389974215","0,00000054671673690525","0,00000001174641848389","0,00000044940565656754","0,00000001192575984322","0,00000137694377483427","0,00000056370234378435","0,00000001165829599576","0,00000023952466086701","0,00000001169272750897","0,00000109872267485879","0,00000001196600294935","0,00000014169634838817"
"-0,22740510764421062400","0,00000048547555252136","0,00000160760041483260","0,00000063224371148329","0,00000077417984051923","0,00000078001258729261","0,00000089999345132043","0,00000007196065187304","0,00000038648620932744","0,00000054221407526946","0,00000001173729349923","0,00000044598227010314","0,00000001191280806542","0,00000136442886403786","0,00000056014581055433","0,00000001166579854794","0,00000023748265413802","0,00000001171507876679","0,00000109495708097986","0,00000001198548418218","0,00000014158897477688"
"-0,22540118500689598800","0,00000048086727466095","0,00000159546711229655","0,00000062945522189773","0,00000076903035908388","0,00000077903577708743","0,00000089775008129012","0,00000007155942643353","0,00000038353188276599","0,00000053772542225636","0,00000001172020950677","0,00000044257024029994","0,00000001190674369852","0,00000135199869226375","0,00000055664600396055","0,00000001167132659375","0,00000023543124169551","0,00000001174718742415","0,00000109124977332629","0,00000001200123718320","0,00000014148860955871"
"-0,22339726236958137900","0,00000047629953896776","0,00000158344197281035","0,00000062672693850686","0,00000076392537874879","0,00000077808969618793","0,00000089553802957966","0,00000007115498690717","0,00000038059092005780","0,00000053325077786596","0,00000001169516650650","0,00000043916956715792","0,00000001190756674251","0,00000133965325951195","0,00000055320292400299","0,00000001167488013318","0,00000023337042353949","0,00000001178905348105","0,00000108760075189807","0,00000001201326195243","0,00000014139525273368"
"-0,22139333973226674200","0,00000047177234544179","0,00000157152499637401","0,00000062405886131068","0,00000075886489951396","0,00000077717434459408","0,00000089335729618905","0,00000007074733329396","0,00000037766332120288","0,00000052879014209824","0,00000001166216449842","0,00000043578025067710","0,00000001191527719738","0,00000132739256578245","0,00000054981657068166","0,00000001167645916623","0,00000023130019966995","0,00000001184067693749","0,00000108401001669522","0,00000001202155848985","0,00000014130890430178"
"-0,21938941709495210500","0,00000046728569408304","0,00000155971618298753","0,00000062145099030919","0,00000075384892137937","0,00000077628972230591","0,00000089120788111829","0,00000007033646559389","0,00000037474908620123","0,00000052434351495322","0,00000001162120348253","0,00000043240229085746","0,00000001192987506315","0,00000131521661107525","0,00000054648694399657","0,00000001167606369291","0,00000022922057008689","0,00000001190205779347","0,00000108047756771772","0,00000001202612679548","0,00000014122956426301"
"-0,21738549445763746800","0,00000046283958489151","0,00000154801553265091","0,00000061890332550240","0,00000074887744434504","0,00000077543582932339","0,00000088908978436738","0,00000006992238380696","0,00000037184821505284","0,00000051991089643088","0,00000001157228345884","0,00000042903568769902","0,00000001195136033982","0,00000130312539539036","0,00000054321404394770","0,00000001167369371322","0,00000022713153479031","0,00000001197319604899","0,00000107700340496559","0,00000001202696686931","0,00000014115723261737"
"-0,21538157182032285900","0,00000045843401786720","0,00000153642304536414","0,00000061641586689029","0,00000074395046841096","0,00000077461266564655","0,00000088700300593632","0,00000006950508793317","0,00000036896070775771","0,00000051549228653124","0,00000001151540442734","0,00000042568044120176","0,00000001197973302737","0,00000129111891872777","0,00000053999787053505","0,00000001166934922715","0,00000022503309378022","0,00000001205409170405","0,00000107358752843881","0,00000001202407871134","0,00000014109190936486"
"-0,21337764918300822200","0,00000045406899301011","0,00000152493872112723","0,00000061398861447288","0,00000073906799357714","0,00000077382023127537","0,00000088494754582511","0,00000006908457797253","0,00000036608656431585","0,00000051108768525429","0,00000001145056638804","0,00000042233655136570","0,00000001201499312581","0,00000127919718108748","0,00000053683842375864","0,00000001166303023470","0,00000022292524705661","0,00000001214474475865","0,00000107022993813739","0,00000001201746232157","0,00000014103359450549"
"-0,21137372654569358500","0,00000044974451032024","0,00000151356255994018","0,00000061162156825016","0,00000073423001984357","0,00000077305852620985","0,00000088292340403375","0,00000006866085392504","0,00000036322578472726","0,00000050669709260003","0,00000001137776934093","0,00000041900401819082","0,00000001205714063514","0,00000126736018246951","0,00000053373570361846","0,00000001165473673588","0,00000022080799461948","0,00000001224515521279","0,00000106693063406133","0,00000001200711770001","0,00000014098228803925"
"-0,20936980390837894900","0,00000044546056979760","0,00000150229456180299","0,00000060931472822212","0,00000072943654721025","0,00000077232755045000","0,00000088093058056224","0,00000006823391579069","0,00000036037836899193","0,00000050232050856846","0,00000001129701328601","0,00000041568284167714","0,00000001210617555537","0,00000125560792287383","0,00000053068971011450","0,00000001164446873069","0,00000021868133646883","0,00000001235532306647","0,00000106368961621064","0,00000001199304484664","0,00000014093798996614"
"-0,20736588127106434000","0,00000044121717144217","0,00000149113472671566","0,00000060706809438878","0,00000072468757567719","0,00000077162730399582","0,00000087896907541058","0,00000006780376356948","0,00000035754431710986","0,00000049795793315958","0,00000001120829822329","0,00000041237302182464","0,00000001216209788648","0,00000124394040230046","0,00000052770044324678","0,00000001163222621912","0,00000021654527260467","0,00000001247524831969","0,00000106050688458530","0,00000001197524376148","0,00000014090070028616"
"-0,20536195863374970300","0,00000043701431525396","0,00000148008305467818","0,00000060488166675014","0,00000071998310524438","0,00000077095778684730","0,00000087703888857877","0,00000006737039726141","0,00000035472362908106","0,00000049360936637339","0,00000001111162415276","0,00000040907455863334","0,00000001222490762849","0,00000123235762074939","0,00000052476790301528","0,00000001161800920118","0,00000021439980302699","0,00000001260493097245","0,00000105738243918532","0,00000001195371444451","0,00000014087041899931"
"-0,20335803599643506600","0,00000043285200123298","0,00000146913954569057","0,00000060275544530618","0,00000071532313591182","0,00000077031899900444","0,00000087514002006681","0,00000006693381686649","0,00000035191630490553","0,00000048927480820989","0,00000001100699107442","0,00000040578745210322","0,00000001229460478139","0,00000122085957822063","0,00000052189208942001","0,00000001160181767686","0,00000021224492773580","0,00000001274437102474","0,00000105431628001070","0,00000001192845689575","0,00000014084714610560"
"-0,20135411335912042900","0,00000042873022937921","0,00000145830419975281","0,00000060068943005691","0,00000071070766767952","0,00000076971094046726","0,00000087327246987470","0,00000006649402238471","0,00000034912234458326","0,00000048495425866908","0,00000001089439898828","0,00000040251170223429","0,00000001237118934518","0,00000120944627471417","0,00000051907300246097","0,00000001158365164616","0,00000021008064673108","0,00000001289356847658","0,00000105130840706144","0,00000001189947111519","0,00000014083088160501"
"-0,19935019072180582000","0,00000042468486279747","0,00000144762972058418","0,00000059868194714665","0,00000070615465902423","0,00000076914286413273","0,00000087144594472571","0,00000006604776177129","0,00000034634225489793","0,00000048066957578964","0,00000001078209872389","0,00000039926070418830","0,00000001244826963794","0,00000119817594305845","0,00000051630040726717","0,00000001156502033117","0,00000020792155732109","0,00000001304228574002","0,00000104834916246432","0,00000001187068537230","0,00000014082048723256"
"-0,19734626808449118300","0,00000042075176459256","0,00000143716881190397","0,00000059673132271968","0,00000070168206842273","0,00000076862402289785","0,00000086967015134310","0,00000006559178298141","0,00000034357654263320","0,00000047644261761022","0,00000001067834111082","0,00000039604785312697","0,00000001251945397776","0,00000118710681608189","0,00000051356406896761","0,00000001154743295397","0,00000020578225681408","0,00000001318028522712","0,00000104542888834615","0,00000001184602793655","0,00000014081482472323"
"-0,19534234544717654600","0,00000041693093476447","0,00000142692147371217","0,00000059483755677602","0,00000069728989587501","0,00000076815441676263","0,00000086794508972688","0,00000006512608601508","0,00000034082520778909","0,00000047227338413082","0,00000001058312614907","0,00000039287314905032","0,00000001258474236464","0,00000117623889378450","0,00000051086398756229","0,00000001153088951455","0,00000020366274521003","0,00000001330756693789","0,00000104254758470691","0,00000001182549880795","0,00000014081389407702"
"-0,19333842280986191000","0,00000041322237331322","0,00000141688770600878","0,00000059300064931566","0,00000069297814138107","0,00000076773404572706","0,00000086627075987704","0,00000006465067087231","0,00000033808825036558","0,00000046816187535146","0,00000001049645383863","0,00000038973659195833","0,00000001264413479858","0,00000116557217616627","0,00000050820016305121","0,00000001151539001293","0,00000020156302250896","0,00000001342413087232","0,00000103970525154661","0,00000001180909798649","0,00000014081769529394"
"-0,19133450017254730000","0,00000040962608023879","0,00000140706750879381","0,00000059122060033860","0,00000068874680494091","0,00000076736290979114","0,00000086464716179358","0,00000006416553755309","0,00000033536567036269","0,00000046410809127212","0,00000001041832417951","0,00000038663818185102","0,00000001269763127958","0,00000115510666322720","0,00000050557259543438","0,00000001150093444909","0,00000019948308871086","0,00000001352997703042","0,00000103690188886525","0,00000001179682547218","0,00000014082622837398"
"-0,18933057753523266400","0,00000040614205554118","0,00000139746088206724","0,00000058949740984485","0,00000068459588655453","0,00000076704100895488","0,00000086307429547651","0,00000006367068605742","0,00000033265746778040","0,00000046011203189282","0,00000001034873717170","0,00000038357791872837","0,00000001274523180763","0,00000114484235496730","0,00000050298128471179","0,00000001148752282303","0,00000019742294381573","0,00000001362510541218","0,00000103413749666282","0,00000001178868126501","0,00000014083949331714"
"-0,18732665489791802700","0,00000040277029922041","0,00000138806782582909","0,00000058783107783440","0,00000068052538622194","0,00000076676834321827","0,00000086155216092582","0,00000006316611638530","0,00000032996364261872","0,00000045617369721354","0,00000001028769281521","0,00000038055580259040","0,00000001278693638274","0,00000113477925138657","0,00000050042623088344","0,00000001147515513476","0,00000019538258782357","0,00000001370951601760","0,00000103141207493933","0,00000001178466536499","0,00000014085749012343"
"-0,18532273226060341800","0,00000039951081127646","0,00000137888834007935","0,00000058622160430725","0,00000067653530394312","0,00000076654491258131","0,00000086008075814151","0,00000006265182853673","0,00000032728419487766","0,00000045229308723428","0,00000001023519111003","0,00000037757183343709","0,00000001282274500491","0,00000112491735248500","0,00000049790743394934","0,00000001146383138428","0,00000019336202073438","0,00000001378320884669","0,00000102872562369478","0,00000001178477777211","0,00000014088021879284"
"-0,18331880962328878100","0,00000039636359170934","0,00000136992242481802","0,00000058466898926341","0,00000067262563971809","0,00000076637071704401","0,00000085866008712359","0,00000006212782251172","0,00000032461912455720","0,00000044847020195506","0,00000001019123205618","0,00000037462601126846","0,00000001285265767414","0,00000111525665826259","0,00000049542489390947","0,00000001145355157159","0,00000019136124254816","0,00000001384618389944","0,00000102607814292917","0,00000001178901848638","0,00000014090767932537"
"-0,18131488698597414400","0,00000039332864051905","0,00000136117008004510","0,00000058317323270287","0,00000066879639354684","0,00000076624575660636","0,00000085729014787205","0,00000006159409831026","0,00000032196843165735","0,00000044470504137586","0,00000001015581565363","0,00000037171833608449","0,00000001287667439042","0,00000110579716871935","0,00000049297861076385","0,00000001144431569668","0,00000018938025326492","0,00000001389844117586","0,00000102346963264249","0,00000001179738750779","0,00000014093987172103"
"-0,17931096434865950700","0,00000039040595770559","0,00000135263130576060","0,00000058173433462563","0,00000066504756542937","0,00000076617003126836","0,00000085597094038689","0,00000006105065593234","0,00000031933211617811","0,00000044099760549669","0,00000001012894190241","0,00000036884880788520","0,00000001289479515376","0,00000109653888385528","0,00000049056858451247","0,00000001143612375956","0,00000018741905288464","0,00000001393998067594","0,00000102090009283475","0,00000001180988483634","0,00000014097679597981"
"-0,17730704171134489800","0,00000038759554326895","0,00000134430610196450","0,00000058035229503170","0,00000066137915536569","0,00000076614354103002","0,00000085470246466812","0,00000006049749537799","0,00000031671017811948","0,00000043734789431755","0,00000001011061080250","0,00000036601742667057","0,00000001290701996417","0,00000108748180367036","0,00000048819481515534","0,00000001142897576023","0,00000018547764140734","0,00000001397080239968","0,00000101836952350595","0,00000001182651047204","0,00000014101845210172"
"-0,17530311907403026100","0,00000038489739720915","0,00000133619446865682","0,00000057902711392107","0,00000065779116335578","0,00000076616628589133","0,00000085348472071573","0,00000005993461664718","0,00000031410261748146","0,00000043375590783844","0,00000001010082235390","0,00000036322419244062","0,00000001291334882163","0,00000107862592816462","0,00000048585730269244","0,00000001142287169868","0,00000018355601883301","0,00000001399090634709","0,00000101587792465609","0,00000001184726441488","0,00000014106484008675"
"-0,17329919643671562500","0,00000038231151952617","0,00000132829640583755","0,00000057775879129374","0,00000065428358939966","0,00000076623826585229","0,00000085231770852973","0,00000005936201973992","0,00000031150943426405","0,00000043022164605936","0,00000001009957655662","0,00000036046910519533","0,00000001291378172614","0,00000106997125733804","0,00000048355604712379","0,00000001141781157492","0,00000018165418516164","0,00000001400029251817","0,00000101342529628516","0,00000001187214666486","0,00000014111595993490"
"-0,17129527379940098800","0,00000037983791022001","0,00000132061191350669","0,00000057654732714971","0,00000065085643349732","0,00000076635948091290","0,00000085120142811010","0,00000005877970465622","0,00000030893062846724","0,00000042674510898030","0,00000001010687341066","0,00000035775216493472","0,00000001290831867772","0,00000106151779119062","0,00000048129104844939","0,00000001141379538895","0,00000017977214039325","0,00000001399896091290","0,00000101101163839317","0,00000001190115722199","0,00000014117181164618"
"-0,16929135116208637900","0,00000037747656929069","0,00000131314099166424","0,00000057539272148899","0,00000064750969564876","0,00000076652993107317","0,00000085013587945687","0,00000005818767139607","0,00000030636620009105","0,00000042332629660127","0,00000001012271291602","0,00000035507337165877","0,00000001289695967635","0,00000105326552972237","0,00000047906230666922","0,00000001141082314076","0,00000017790988452783","0,00000001398691153131","0,00000100863695098012","0,00000001193429608627","0,00000014123239522058"
"-0,16728742852477174200","0,00000037522749673819","0,00000130588364031021","0,00000057429497431157","0,00000064424337585398","0,00000076674961633309","0,00000084912106257001","0,00000005758591995946","0,00000030381614913547","0,00000041996520892227","0,00000001014709507269","0,00000035243272536750","0,00000001287970472204","0,00000104521447293328","0,00000047686982178330","0,00000001140889483037","0,00000017606741756539","0,00000001396414437337","0,00000100630123404601","0,00000001197156325769","0,00000014129771065810"
"-0,16528350588745710500","0,00000037309069256252","0,00000129883985944458","0,00000057325408561746","0,00000064105747411299","0,00000076701853669267","0,00000084815697744954","0,00000005697445034642","0,00000030128047560049","0,00000041666184594329","0,00000001018001988067","0,00000034983022606089","0,00000001285655381479","0,00000103736462082336","0,00000047471359379162","0,00000001140801045775","0,00000017424473950591","0,00000001393065943910","0,00000100400448759083","0,00000001201295873625","0,00000014136775795875"
"-0,16327958325014246800","0,00000037106615676368","0,00000129200964906737","0,00000057227005540665","0,00000063795199042577","0,00000076733669215190","0,00000084724362409546","0,00000005635326255692","0,00000029875917948613","0,00000041341620766435","0,00000001022148733997","0,00000034726587373896","0,00000001282750695460","0,00000102971597339260","0,00000047259362269418","0,00000001140817002293","0,00000017244185034940","0,00000001388645672850","0,00000100174671161459","0,00000001205848252196","0,00000014144253712252"
"-0,16127566061282785900","0,00000036915388934167","0,00000128539300917857","0,00000057134288367914","0,00000063492692479234","0,00000076770408271078","0,00000084638100250775","0,00000005572235659097","0,00000029625226079237","0,00000041022829408543","0,00000001027149745059","0,00000034473966840169","0,00000001279256414146","0,00000102226853064100","0,00000047050990849098","0,00000001140937352589","0,00000017065875009587","0,00000001383153624156","0,00000099952790611729","0,00000001210813461481","0,00000014152204814942"
"-0,15927173797551322200","0,00000036735389029648","0,00000127898993977819","0,00000057047257043493","0,00000063198227721269","0,00000076812070836931","0,00000084556911268644","0,00000005508173244858","0,00000029375971951923","0,00000040709810520654","0,00000001033005021253","0,00000034225161004910","0,00000001275172537538","0,00000101502229256857","0,00000046846245118203","0,00000001141162096664","0,00000016889543874531","0,00000001376589797828","0,00000099734807109892","0,00000001216191501481","0,00000014160629103944"
"-0,15726781533819858500","0,00000036566615962812","0,00000127280044086621","0,00000056965911567403","0,00000062911804768682","0,00000076858656912750","0,00000084480795463150","0,00000005443139012974","0,00000029128155566669","0,00000040402564102768","0,00000001039714562578","0,00000033980169868117","0,00000001270499065637","0,00000100797725917531","0,00000046645125076732","0,00000001141491234518","0,00000016715191629771","0,00000001368954193867","0,00000099520720655949","0,00000001221982372195","0,00000014169526579258"
"-0,15526389270088394900","0,00000036409069733659","0,00000126682451244265","0,00000056890251939643","0,00000062633423621473","0,00000076910166498534","0,00000084409752834295","0,00000005377132963445","0,00000028881776923477","0,00000040101090154885","0,00000001047278369034","0,00000033738993429792","0,00000001265235998440","0,00000100113343046121","0,00000046447630724685","0,00000001141924766150","0,00000016542818275309","0,00000001360246812272","0,00000099310531249900","0,00000001228186073623","0,00000014178897240885"
"-0,15325997006356934000","0,00000036262750342189","0,00000126106215450749","0,00000056820278160213","0,00000062363084279643","0,00000076966599594283","0,00000084343783382078","0,00000005310155096271","0,00000028636836022345","0,00000039805388677004","0,00000001055696440622","0,00000033501631689933","0,00000001259383335950","0,00000099449080642628","0,00000046253762062063","0,00000001142462691561","0,00000016372423811144","0,00000001350467653043","0,00000099104238891745","0,00000001234802605766","0,00000014188741088824"
"-0,15125604742625470300","0,00000036127657788402","0,00000125551336706075","0,00000056755990229114","0,00000062100786743190","0,00000077027956199998","0,00000084282887106500","0,00000005242205411452","0,00000028393332863274","0,00000039515459669126","0,00000001064968777342","0,00000033268084648542","0,00000001252941078166","0,00000098804938707051","0,00000046063519088864","0,00000001143105010750","0,00000016204008237277","0,00000001339616716181","0,00000098901843581483","0,00000001241831968623","0,00000014199058123075"
"-0,14925212478894006600","0,00000036004358875992","0,00000125026231839696","0,00000056699487293419","0,00000061848746398956","0,00000077092977491943","0,00000084227511089267","0,00000005174787759467","0,00000028154627528355","0,00000039232596278751","0,00000001074303091281","0,00000033040732871882","0,00000001246424553706","0,00000098186559141554","0,00000045880015307704","0,00000001143775343487","0,00000016039470568676","0,00000001328750141408","0,00000098705464259325","0,00000001248835324030","0,00000014206172915145"
"-0,14724820215162545700","0,00000035893420408655","0,00000124539317681065","0,00000056652868500203","0,00000061609178633778","0,00000077160404646384","0,00000084178102412089","0,00000005109405990794","0,00000027924080099677","0,00000038958091653379","0,00000001082907094527","0,00000032821956926218","0,00000001240349091190","0,00000097599583848303","0,00000045706364221193","0,00000001144397309540","0,00000015880709820314","0,00000001318924068447","0,00000098517219865480","0,00000001255373833822","0,00000014206410036540"
"-0,14524427951431082000","0,00000035794842386390","0,00000124090594230182","0,00000056616133849466","0,00000061382083447659","0,00000077230237663321","0,00000084134661074964","0,00000005046060105433","0,00000027701690577242","0,00000038691945793009","0,00000001090780787079","0,00000032611756811549","0,00000001234714690618","0,00000097044012827296","0,00000045542565829334","0,00000001144970908909","0,00000015727725992190","0,00000001310138497296","0,00000098337110399948","0,00000001261447497999","0,00000014199769487259"
"-0,14324035687699618300","0,00000035708624809198","0,00000123680061487047","0,00000056589283341207","0,00000061167460840596","0,00000077302476542754","0,00000084097187077893","0,00000004984750103384","0,00000027487458961048","0,00000038434158697643","0,00000001097924168937","0,00000032410132527877","0,00000001229521351990","0,00000096519846078535","0,00000045388620132125","0,00000001145496141593","0,00000015580519084304","0,00000001302393427957","0,00000098165135862730","0,00000001267056316561","0,00000014186251267304"
"-0,14123643423968154600","0,00000035634767677079","0,00000123307719451661","0,00000056572316975428","0,00000060965310812591","0,00000077377121284683","0,00000084065680420876","0,00000004925475984647","0,00000027281385251096","0,00000038184730367279","0,00000001104337240102","0,00000032217084075201","0,00000001224769075306","0,00000096027083602018","0,00000045244527129567","0,00000001145973007594","0,00000015439089096657","0,00000001295688860430","0,00000098001296253824","0,00000001272200289508","0,00000014165855376673"
"-0,13923251160236693700","0,00000035573270990032","0,00000122973568124022","0,00000056565234752127","0,00000060775633363643","0,00000077454171889109","0,00000084040141103913","0,00000004868237749222","0,00000027083469447386","0,00000037943660801917","0,00000001110020000573","0,00000032032611453520","0,00000001220457860566","0,00000095565725397746","0,00000045110286821659","0,00000001146401506910","0,00000015303436029247","0,00000001290024794714","0,00000097845591573232","0,00000001276879416840","0,00000014138581815367"
"-0,13722858896505230100","0,00000035524134748058","0,00000122677607504132","0,00000056568036671305","0,00000060598428493753","0,00000077533628356030","0,00000084020569127003","0,00000004813035397110","0,00000026893711549918","0,00000037710950001559","0,00000001114972450351","0,00000031856714662836","0,00000001216587707770","0,00000095135771465720","0,00000044985899208403","0,00000001146781639542","0,00000015173559882076","0,00000001285401230809","0,00000097698021820952","0,00000001281093698557","0,00000014104430583385"
"-0,13522466632773766400","0,00000035487358951156","0,00000122419837591990","0,00000056580722732962","0,00000060433696202920","0,00000077615490685447","0,00000084006964490147","0,00000004759868928309","0,00000026712111558693","0,00000037486597966203","0,00000001119194589436","0,00000031689393703147","0,00000001213158616917","0,00000094737221805938","0,00000044871364289796","0,00000001147113405491","0,00000015049460655143","0,00000001281818168716","0,00000097558586996986","0,00000001284843134659","0,00000014063401680729"
"-0,13322074369042302700","0,00000035462943599327","0,00000122200258387597","0,00000056603292937098","0,00000060281436491144","0,00000077699758877359","0,00000083999327193345","0,00000004708738342820","0,00000026538669473708","0,00000037270604695850","0,00000001122686417827","0,00000031530648574454","0,00000001210170588009","0,00000094370076418401","0,00000044766682065841","0,00000001147396804755","0,00000014931138348448","0,00000001279275608434","0,00000097427287101333","0,00000001288127725146","0,00000014015495107397"
"-0,13121682105310841800","0,00000035450888692571","0,00000122018869890951","0,00000056635747283712","0,00000060141649358426","0,00000077786432931768","0,00000083997657236597","0,00000004659643640643","0,00000026373385294966","0,00000037062970190500","0,00000001125447935524","0,00000031380479276757","0,00000001207623621044","0,00000094034335303108","0,00000044671852536536","0,00000001147631837335","0,00000014818592961991","0,00000001277773549963","0,00000097304122133993","0,00000001290947470017","0,00000013960710863390"
"-0,12921289841579378100","0,00000035451194230887","0,00000121875672102054","0,00000056678085772806","0,00000060014334804765","0,00000077875512848673","0,00000084001954619903","0,00000004612584821778","0,00000026216259022466","0,00000036863694450152","0,00000001127479142528","0,00000031238885810056","0,00000001205517716024","0,00000093729998460061","0,00000044586875701882","0,00000001147818503231","0,00000014711824495772","0,00000001277311993304","0,00000097189092094966","0,00000001293302369274","0,00000013899048948708"
"-0,12720897577847914400","0,00000035463860214276","0,00000121770665020905","0,00000056730308404378","0,00000059899492830161","0,00000077966998628074","0,00000084012219343262","0,00000004567561886225","0,00000026067290656208","0,00000036672777474807","0,00000001128780038839","0,00000031105868174351","0,00000001203852872947","0,00000093457065889259","0,00000044511751561879","0,00000001147956802442","0,00000014610832949791","0,00000001277890938456","0,00000097082196984252","0,00000001295192422916","0,00000013830509363350"
"-0,12520505314116450700","0,00000035488886642738","0,00000121703848647504","0,00000056792415178429","0,00000059797123434615","0,00000078060890269971","0,00000084028451406675","0,00000004524574833984","0,00000025926480196191","0,00000036490219264465","0,00000001129350624456","0,00000030981426369642","0,00000001202629091814","0,00000093215537590701","0,00000044446480116526","0,00000001148046734970","0,00000014515618324049","0,00000001279510385420","0,00000096983436801852","0,00000001296617630942","0,00000013755092107318"
"-0,12320113050384988400","0,00000035526273516272","0,00000121675222981852","0,00000056864406094959","0,00000059707226618126","0,00000078157187774364","0,00000084050650810142","0,00000004483623665055","0,00000025793827642417","0,00000036316019819126","0,00000001129190899379","0,00000030865560395929","0,00000001201846372625","0,00000093005413564389","0,00000044391061365824","0,00000001148088300814","0,00000014426180618544","0,00000001282170334194","0,00000096892811547764","0,00000001297577993354","0,00000013672797180610"
"-0,12119720786653526100","0,00000035576020834878","0,00000121684788023947","0,00000056946281153967","0,00000059629802380695","0,00000078255891141252","0,00000084078817553663","0,00000004444708379439","0,00000025669332994884","0,00000036150179138789","0,00000001128300863609","0,00000030758270253212","0,00000001201504715380","0,00000092826693810321","0,00000044345495309772","0,00000001148081499973","0,00000014342519833278","0,00000001285870784781","0,00000096810321221990","0,00000001298073510151","0,00000013583624583227"
"-0,11919328522922063800","0,00000035638128598557","0,00000121732543773791","0,00000057038040355455","0,00000059564850722321","0,00000078357000370637","0,00000084112951637238","0,00000004407828977134","0,00000025552996253594","0,00000035992697223456","0,00000001126680517146","0,00000030659555941491","0,00000001201604120079","0,00000092679378328498","0,00000044309781948371","0,00000001148026332448","0,00000014264635968250","0,00000001290611737179","0,00000096735965824528","0,00000001298104181332","0,00000013487574315169"
"-0,11718936259190600200","0,00000035712596807309","0,00000121818490231383","0,00000057139683699421","0,00000059512371643004","0,00000078460515462518","0,00000084153053060866","0,00000004372985458141","0,00000025444817418545","0,00000035843574073124","0,00000001124329859989","0,00000030569417460765","0,00000001202144586722","0,00000092563467118921","0,00000044283921281621","0,00000001147922798240","0,00000014192529023460","0,00000001296393191388","0,00000096669745355380","0,00000001297670006899","0,00000013384646376435"
"-0,11518543995459137900","0,00000035799425461134","0,00000121942627396724","0,00000057251211185866","0,00000059472365142745","0,00000078566436416894","0,00000084199121824548","0,00000004340177822460","0,00000025344796489738","0,00000035702809687796","0,00000001121248892138","0,00000030487854811036","0,00000001203126115308","0,00000092478960181588","0,00000044267913309522","0,00000001147770897347","0,00000014126198998908","0,00000001303215147408","0,00000096611659814545","0,00000001296770986850","0,00000013274840767026"
"-0,11318151731727674200","0,00000035898614560031","0,00000122104955269812","0,00000057372622814790","0,00000059444831221543","0,00000078674763233767","0,00000084251157928284","0,00000004309406070091","0,00000025252933467173","0,00000035570404067471","0,00000001117437613594","0,00000030414867992302","0,00000001204548705839","0,00000092425857516500","0,00000044261758032073","0,00000001147570629770","0,00000014065645894594","0,00000001311077605240","0,00000096561709202024","0,00000001295407121187","0,00000013158157486942"
"-0,11117759467996211900","0,00000036010164104000","0,00000122305473850649","0,00000057503918586193","0,00000059429769879398","0,00000078785495913136","0,00000084309161372074","0,00000004280670201035","0,00000025169228350850","0,00000035446357212148","0,00000001112896024357","0,00000030350457004565","0,00000001206412358313","0,00000092404159123657","0,00000044265455449275","0,00000001147321995509","0,00000014010869710519","0,00000001319980564883","0,00000096519893517815","0,00000001293578409908","0,00000013034596536183"
"-0,10917367204264748200","0,00000036134074093043","0,00000122544183139234","0,00000057645098500074","0,00000059427181116311","0,00000078898634455000","0,00000084373132155918","0,00000004253970215290","0,00000025093681140769","0,00000035330669121828","0,00000001107624124426","0,00000030294621847823","0,00000001208717072731","0,00000092413865003058","0,00000044279005561127","0,00000001147024994563","0,00000013961870446681","0,00000001329924026338","0,00000096486212761919","0,00000001291284853015","0,00000012904157914749"
"-0,10716974940533285900","0,00000036270344527158","0,00000122821083135567","0,00000057796162556434","0,00000059437064932281","0,00000079014178859360","0,00000084443070279815","0,00000004229306112857","0,00000025026291836930","0,00000035223339796510","0,00000001101621913802","0,00000030247362522077","0,00000001211462849094","0,00000092454975154705","0,00000044302408367630","0,00000001146679626934","0,00000013918648103082","0,00000001340907989604","0,00000096460666934337","0,00000001288526450506","0,00000012766841622639"
"-0,10516582676801822200","0,00000036418975406345","0,00000123136173839648","0,00000057957110755274","0,00000059459421327309","0,00000079132129126217","0,00000084518975743766","0,00000004206677893737","0,00000024967060439333","0,00000035124369236196","0,00000001094889392484","0,00000030208679027327","0,00000001214649687400","0,00000092527489578597","0,00000044335663868784","0,00000001146285892621","0,00000013881202679721","0,00000001352932454681","0,00000096443256035067","0,00000001285303202382","0,00000012622647659854"
"-0,10316190413070359900","0,00000036579966730605","0,00000123489455251478","0,00000058127943096592","0,00000059494250301393","0,00000079252485255569","0,00000084600848547772","0,00000004186085557928","0,00000024915986947978","0,00000035033757440884","0,00000001087426560472","0,00000030178571363573","0,00000001218277587650","0,00000092631408274733","0,00000044378772064589","0,00000001145843791623","0,00000013849534176598","0,00000001365997421570","0,00000096433980064111","0,00000001281615108644","0,00000012471576026394"
"-0,10115798149338896300","0,00000036753318499938","0,00000123880927371056","0,00000058308659580388","0,00000059541551854536","0,00000079375247247418","0,00000084688688691830","0,00000004167529105431","0,00000024873071362864","0,00000034951504410575","0,00000001079233417768","0,00000030157039530815","0,00000001222346549844","0,00000092766731243115","0,00000044431732955044","0,00000001145353323942","0,00000013823642593713","0,00000001380102890270","0,00000096432839021468","0,00000001277462169290","0,00000012313626722259"
"-0,09915405885607433970","0,00000036936265922421","0,00000124308075096755","0,00000058496849995562","0,00000059603826183757","0,00000079500968669383","0,00000084782352039449","0,00000004150752426273","0,00000024836992597389","0,00000034876717645972","0,00000001071039737164","0,00000030144005909023","0,00000001226497494922","0,00000092929433121309","0,00000044493193450277","0,00000001144857973010","0,00000013805203026664","0,00000001394191097055","0,00000096438157109171","0,00000001273250551364","0,00000012153636987275"
"-0,09715013621875970290","0,00000037126044206132","0,00000124768383326950","0,00000058690104131011","0,00000059683573486080","0,00000079630203089087","0,00000084881694454135","0,00000004135499410480","0,00000024806429564947","0,00000034808504647777","0,00000001063575291456","0,00000030139392878168","0,00000001230371343824","0,00000093115488546884","0,00000044561800460415","0,00000001144401222263","0,00000013795890571049","0,00000001407204278198","0,00000096448258529255","0,00000001269386421908","0,00000011996444061269"
"-0,09514621358144507990","0,00000037322653351071","0,00000125261852061640","0,00000058888421986735","0,00000059780793761503","0,00000079762950506528","0,00000084986715935887","0,00000004121770058052","0,00000024781382265540","0,00000034746865415992","0,00000001056840080644","0,00000030143200438250","0,00000001233968096550","0,00000093324897519841","0,00000044637553985458","0,00000001143983071700","0,00000013795705226867","0,00000001419142433698","0,00000096463143281719","0,00000001265869780923","0,00000011842047944241"
"-0,09314229094413044310","0,00000037526093357238","0,00000125788481300825","0,00000059091803562735","0,00000059895487010028","0,00000079899210921708","0,00000085097416484705","0,00000004109564368989","0,00000024761850699167","0,00000034691799950615","0,00000001050834104727","0,00000030155428589268","0,00000001237287753101","0,00000093557660040179","0,00000044720454025405","0,00000001143603521322","0,00000013804646994119","0,00000001430005563556","0,00000096482811366563","0,00000001262700628407","0,00000011690448636191"
"-0,09113836830681582010","0,00000037736364224633","0,00000126348271044505","0,00000059300248859009","0,00000060027653231654","0,00000080038984334626","0,00000085213796100590","0,00000004098882343291","0,00000024747834865827","0,00000034643308251647","0,00000001045557363707","0,00000030176077331223","0,00000001240330313475","0,00000093813776107897","0,00000044810500580258","0,00000001143262571128","0,00000013822715872805","0,00000001439793667772","0,00000096507262783787","0,00000001259878964362","0,00000011541646137119"
"-0,08913444566950118330","0,00000037953465953257","0,00000126941221292680","0,00000059513757875559","0,00000060177292426381","0,00000080182270745283","0,00000085335854783541","0,00000004089723980957","0,00000024739334765522","0,00000034601390319088","0,00000001041009857582","0,00000030205146664114","0,00000001243095777674","0,00000094093245722997","0,00000044907693650016","0,00000001142960221118","0,00000013849911862924","0,00000001448506746346","0,00000096536497533391","0,00000001257404788787","0,00000011395640447025"
"-0,08713052303218656040","0,00000038177398543108","0,00000127567332045351","0,00000059732330612384","0,00000060344404594209","0,00000080329070153677","0,00000085463592533559","0,00000004082089281989","0,00000024736350398251","0,00000034566046152938","0,00000001037191586353","0,00000030242636587942","0,00000001245584145696","0,00000094396068885478","0,00000045012033234678","0,00000001142696471293","0,00000013886234964478","0,00000001456144799278","0,00000096570515615375","0,00000001255278101683","0,00000011252431565909"
"-0,08512660039487193740","0,00000038408161994187","0,00000128226603302516","0,00000059955967069484","0,00000060528989735138","0,00000080479382559810","0,00000085597009350644","0,00000004075978246386","0,00000024738881764014","0,00000034537275753197","0,00000001034102550020","0,00000030288547102707","0,00000001247795417543","0,00000094722245595340","0,00000045123519334246","0,00000001142471321652","0,00000013931685177464","0,00000001462707826567","0,00000096609317029739","0,00000001253498903048","0,00000011112019493770"
"-0,08312267775755730060","0,00000038645756306495","0,00000128919035064177","0,00000060184667246859","0,00000060731047849168","0,00000080633207963681","0,00000085736105234795","0,00000004071390874148","0,00000024746928862810","0,00000034515079119865","0,00000001031742748582","0,00000030342878208408","0,00000001249729593214","0,00000095071775852582","0,00000045242151948718","0,00000001142284772195","0,00000013986262501885","0,00000001468195828214","0,00000096652901776484","0,00000001252067192884","0,00000010974404230610"
"-0,08111875512024267770","0,00000038890181480030","0,00000129644627330333","0,00000060418431144510","0,00000060950578936300","0,00000080790546365289","0,00000085880880186012","0,00000004068327165275","0,00000024760491694641","0,00000034499456252941","0,00000001030112182041","0,00000030405629905047","0,00000001251386672709","0,00000095444659657206","0,00000045367931078095","0,00000001142136822923","0,00000014049966937739","0,00000001472608804219","0,00000096701269855608","0,00000001250982971190","0,00000010839585776428"
"-0,07911483248292804080","0,00000039141437514794","0,00000130403380100984","0,00000060657258762436","0,00000061187582996532","0,00000080951397764637","0,00000086031334204296","0,00000004066787119766","0,00000024779570259506","0,00000034490407152427","0,00000001029210850395","0,00000030476802192621","0,00000001252766656028","0,00000095840897009211","0,00000045500856722377","0,00000001142027473835","0,00000014122798485027","0,00000001475946754582","0,00000096754421267113","0,00000001250246237966","0,00000010707564131224"
"-0,07711090984561341790","0,00000039399524410785","0,00000131195293376130","0,00000060901150100636","0,00000061442060029865","0,00000081115762161722","0,00000086187467289646","0,00000004066770737623","0,00000024804164557405","0,00000034487931818321","0,00000001029038753645","0,00000030556395071133","0,00000001253869543172","0,00000096260487908598","0,00000045640928881565","0,00000001141956724932","0,00000014204757143749","0,00000001478209679302","0,00000096812356010997","0,00000001249856993213","0,00000010578339294997"
"-0,07510698720829878110","0,00000039664442168005","0,00000132020367155772","0,00000061150105159113","0,00000061714010036300","0,00000081283639556545","0,00000086349279442063","0,00000004068278018845","0,00000024834274588338","0,00000034492030250624","0,00000001029595891790","0,00000030644408540581","0,00000001254695334139","0,00000096703432355365","0,00000045788147555657","0,00000001141924576212","0,00000014295842913904","0,00000001479397578381","0,00000096875074087262","0,00000001249815236930","0,00000010451911267749"
"-0,07310306457098415810","0,00000039936190786453","0,00000132878601439909","0,00000061404123937864","0,00000062003433015836","0,00000081455029949107","0,00000086516770661547","0,00000004071308963432","0,00000024869900352304","0,00000034502702449336","0,00000001030882264832","0,00000030740842600965","0,00000001255244028931","0,00000097169730349513","0,00000045942512744654","0,00000001141931027678","0,00000014396055795493","0,00000001479510451817","0,00000096942575495907","0,00000001250120969117","0,00000010328280049478"
"-0,07109914193366952130","0,00000040214770266129","0,00000133769996228540","0,00000061663206436890","0,00000062310328968472","0,00000081629933339407","0,00000086689940948097","0,00000004075863571384","0,00000024911041849305","0,00000034519948414457","0,00000001032897872769","0,00000030845697252287","0,00000001255515627546","0,00000097659381891042","0,00000046104024448556","0,00000001141976079327","0,00000014505395788515","0,00000001478548299611","0,00000097014860236932","0,00000001250774189774","0,00000010207445640186"
"-0,06909521929635489840","0,00000040500180607033","0,00000134694551521667","0,00000061927352656192","0,00000062634697894210","0,00000081808349727445","0,00000086868790301713","0,00000004081941842700","0,00000024957699079340","0,00000034543768145986","0,00000001035642715602","0,00000030958972494544","0,00000001255510129986","0,00000098172386979953","0,00000046272682667362","0,00000001142059731161","0,00000014623862892972","0,00000001476511121763","0,00000097091928310337","0,00000001251774898902","0,00000010089408039871"
"-0,06709129665904026150","0,00000040792421809165","0,00000135652267319289","0,00000062196562595769","0,00000062976539793049","0,00000081990279113221","0,00000087053318722396","0,00000004089543777382","0,00000025009872042409","0,00000034574161643925","0,00000001039116793331","0,00000031080668327739","0,00000001255227536250","0,00000098708745616244","0,00000046448487401074","0,00000001142181983179","0,00000014751457108862","0,00000001473398918272","0,00000097173779716123","0,00000001253123096500","0,00000009974167248535"
"-0,06508737402172563860","0,00000041091493872525","0,00000136643143621407","0,00000062470836255621","0,00000063335854664989","0,00000082175721496735","0,00000087243526210145","0,00000004098669375429","0,00000025067560738512","0,00000034611128908272","0,00000001043320105955","0,00000031210784751870","0,00000001254667846338","0,00000099268457799917","0,00000046631438649691","0,00000001142342835382","0,00000014888178436185","0,00000001469211689139","0,00000097260414454288","0,00000001254818782568","0,00000009861723266176"
"-0,06308345138441100180","0,00000041397396797113","0,00000137667180428019","0,00000062750173635748","0,00000063712642510030","0,00000082364676877987","0,00000087439412764961","0,00000004109318636841","0,00000025130765167649","0,00000034654669939029","0,00000001048252653476","0,00000031349321766938","0,00000001253831060250","0,00000099851523530970","0,00000046821536413213","0,00000001142542287769","0,00000015034026874943","0,00000001463949434365","0,00000097351832524834","0,00000001256861957106","0,00000009752076092795"
"-0,06107952874709637880","0,00000041710130582929","0,00000138724377739127","0,00000063034574736150","0,00000064106903328172","0,00000082557145256978","0,00000087640978386844","0,00000004121491561618","0,00000025199485329820","0,00000034704784736194","0,00000001053914435892","0,00000031496279372943","0,00000001252717177987","0,00000100457942809405","0,00000047018780691639","0,00000001142780340340","0,00000015189002425134","0,00000001457612153947","0,00000097448033927759","0,00000001259252620114","0,00000009645225728393"
"-0,05907560610978174890","0,00000042029695229973","0,00000139814735554730","0,00000063324039556828","0,00000064518637119416","0,00000082753126633707","0,00000087848223075793","0,00000004135188149759","0,00000025273721225025","0,00000034761473299768","0,00000001060305453204","0,00000031651657569884","0,00000001251326199547","0,00000101087715635220","0,00000047223171484971","0,00000001143056993096","0,00000015353105086758","0,00000001450199847888","0,00000097549018663065","0,00000001261990771593","0,00000009541172172968"
"-0,05707168347246711900","0,00000042356090738245","0,00000140938253874828","0,00000063618568097781","0,00000064947843883760","0,00000082952621008174","0,00000088061146831808","0,00000004150408401266","0,00000025353472853264","0,00000034824735629751","0,00000001067425705411","0,00000031815456357762","0,00000001249658124932","0,00000101740842008417","0,00000047434708793207","0,00000001143372246036","0,00000015526334859817","0,00000001441712516187","0,00000097654786730751","0,00000001265076411542","0,00000009439915426521"
"-0,05506776083515248920","0,00000042689317107745","0,00000142094932699421","0,00000063918160359009","0,00000065394523621205","0,00000083155628380379","0,00000088279749654890","0,00000004167152316138","0,00000025438740214538","0,00000034894571726142","0,00000001075275192515","0,00000031987675736576","0,00000001247712954140","0,00000102417321928995","0,00000047653392616348","0,00000001143726099160","0,00000015708691744309","0,00000001432150158843","0,00000097765338130817","0,00000001268509539961","0,00000009341455489052"
"-0,05306383819783785930","0,00000043029374338474","0,00000143284772028509","0,00000064222816340512","0,00000065858676331752","0,00000083362148750322","0,00000088504031545038","0,00000004185419894375","0,00000025529523308845","0,00000034970981588943","0,00000001083853914514","0,00000032168315706327","0,00000001245490687173","0,00000103117155396954","0,00000047879222954394","0,00000001144118552469","0,00000015900175740235","0,00000001421512775857","0,00000097880672863263","0,00000001272290156851","0,00000009245792360561"
"-0,05105991556052322940","0,00000043376262430430","0,00000144507771862093","0,00000064532536042290","0,00000066340302015400","0,00000083572182118004","0,00000088733992502253","0,00000004205211135976","0,00000025625822136186","0,00000035053965218152","0,00000001093161871409","0,00000032357376267015","0,00000001242991324030","0,00000103840342412294","0,00000048112199807346","0,00000001144549605962","0,00000016100786847594","0,00000001409800367229","0,00000098000790928089","0,00000001276418262211","0,00000009152926041049"
"-0,04905599292320859950","0,00000043728403967162","0,00000145754772508295","0,00000064845935317372","0,00000066833500925333","0,00000083785085698025","0,00000088968842604352","0,00000004225803130859","0,00000025726672411620","0,00000035142797230323","0,00000001102448586261","0,00000032552320341922","0,00000001240455602009","0,00000104580860543691","0,00000048350702624305","0,00000001144939708300","0,00000016306943382001","0,00000001398028691908","0,00000098125624350314","0,00000001280601228102","0,00000009062356975591"
"-0,04705207028589396960","0,00000044084221532218","0,00000147016614275242","0,00000065161630018786","0,00000067332373314739","0,00000084000216704990","0,00000089207791929151","0,00000004246472968938","0,00000025831109850206","0,00000035236752242006","0,00000001110963582129","0,00000032750610854330","0,00000001238124258407","0,00000105332687359821","0,00000048593110854378","0,00000001145209308141","0,00000016515063659069","0,00000001387213508844","0,00000098255105154957","0,00000001284546426588","0,00000008973585609267"
"-0,04504814764857933970","0,00000044443715125598","0,00000148293297162932","0,00000065479620146531","0,00000067836919183615","0,00000084217575138897","0,00000089450840476651","0,00000004267220650215","0,00000025939134451945","0,00000035335830253201","0,00000001118706859015","0,00000032952247804239","0,00000001235997293225","0,00000106095822860684","0,00000048839424497562","0,00000001145358405487","0,00000016725147678798","0,00000001377354818036","0,00000098389233342017","0,00000001288253857666","0,00000008886611942076"
"-0,04304422501126470980","0,00000044806884747300","0,00000149584821171365","0,00000065799905700609","0,00000068347138531963","0,00000084437160999746","0,00000089697988246852","0,00000004288046174688","0,00000026050746216836","0,00000035440031263910","0,00000001125678416918","0,00000033157231191650","0,00000001234074706462","0,00000106870267046280","0,00000049089643553859","0,00000001145387000336","0,00000016937195441187","0,00000001368452619486","0,00000098528008911495","0,00000001291723521339","0,00000008801435974018"
"-0,04104030237395008000","0,00000045173730397327","0,00000150891186300543","0,00000066122486681018","0,00000068863031359782","0,00000084658974287539","0,00000089949235239753","0,00000004308949542358","0,00000026165945144878","0,00000035549355274132","0,00000001131878255839","0,00000033365561016561","0,00000001232356498119","0,00000107656019916609","0,00000049343768023268","0,00000001145295092690","0,00000017151206946238","0,00000001360506913192","0,00000098671431863391","0,00000001294955417605","0,00000008718057705094"
"-0,03903637973663545010","0,00000045544252075677","0,00000152212392550463","0,00000066447363087759","0,00000069384597667072","0,00000084883015002273","0,00000090204581455355","0,00000004329930753224","0,00000026284731236073","0,00000035663802283866","0,00000001137306375776","0,00000033577237278974","0,00000001230842668195","0,00000108453081471671","0,00000049601797905790","0,00000001145082682548","0,00000017367182193950","0,00000001353517699155","0,00000098819502197704","0,00000001297949546465","0,00000008636477135303"
"-0,03703245709932082020","0,00000045918449782350","0,00000153548439921128","0,00000066774534920832","0,00000069911837453834","0,00000085109283143951","0,00000090464026893658","0,00000004350989807288","0,00000026407104490420","0,00000035783372293113","0,00000001141962776730","0,00000033792259978888","0,00000001229533216691","0,00000109261451711466","0,00000049863733201424","0,00000001144749769910","0,00000017585121184323","0,00000001347484977374","0,00000098972219914435","0,00000001300705907918","0,00000008556694264645"
"-0,03502853446200619030","0,00000046296323517347","0,00000154899328412535","0,00000067104002180237","0,00000070444750720067","0,00000085337778712571","0,00000090727571554662","0,00000004372126704548","0,00000026533064907919","0,00000035908065301873","0,00000001145847458702","0,00000034010629116304","0,00000001228428143606","0,00000110081130635994","0,00000050129573910170","0,00000001144296354776","0,00000017805023917357","0,00000001342408747850","0,00000099129585013584","0,00000001303224501965","0,00000008478709093120"
"-0,03302461182469156740","0,00000046677873280668","0,00000156265058024687","0,00000067435764865974","0,00000070983337465771","0,00000085568501708133","0,00000090995215438367","0,00000004393341445005","0,00000026662612488571","0,00000036037881310145","0,00000001148960421691","0,00000034232344691220","0,00000001227527448941","0,00000110912118245256","0,00000050399320032029","0,00000001143722437145","0,00000018026890393052","0,00000001338289010583","0,00000099291597495150","0,00000001305505328606","0,00000008402521620728"
"-0,03102068918737693400","0,00000047063099072312","0,00000157645628757582","0,00000067769822978043","0,00000071527597690947","0,00000085801452130638","0,00000091266958544772","0,00000004414634028659","0,00000026795747232374","0,00000036172820317931","0,00000001151301665697","0,00000034457406703638","0,00000001226831132695","0,00000111754414539250","0,00000050672971567000","0,00000001143028017020","0,00000018250720611408","0,00000001335125765573","0,00000099458257359134","0,00000001307548387840","0,00000008328131847470"
"-0,02901676655006230410","0,00000047452000892279","0,00000159041040611220","0,00000068106176516443","0,00000072077531395594","0,00000086036629980086","0,00000091542800873878","0,00000004436004455510","0,00000026932469139330","0,00000036312882325229","0,00000001152871190720","0,00000034685815153557","0,00000001226339194869","0,00000112608019517977","0,00000050950528515084","0,00000001142213094398","0,00000018476514572424","0,00000001332919012819","0,00000099629564605536","0,00000001309353679668","0,00000008255539773344"
"-0,02701284391274767420","0,00000047844578740570","0,00000160451293585602","0,00000068444825481175","0,00000072633138579712","0,00000086274035256476","0,00000091822742425685","0,00000004457452725558","0,00000027072778209438","0,00000036458067332040","0,00000001153668996761","0,00000034917570040978","0,00000001226051635462","0,00000113472933181437","0,00000051231990876280","0,00000001141277669280","0,00000018704272276102","0,00000001331668752322","0,00000099805519234356","0,00000001310921204089","0,00000008184745398352"
"-0,02500892127543304780","0,00000048240832617185","0,00000161876387680728","0,00000068785769872240","0,00000073194419243301","0,00000086513667959809","0,00000092106783200192","0,00000004478978838802","0,00000027216674442697","0,00000036608375338364","0,00000001153695083818","0,00000035152671365899","0,00000001225968454475","0,00000114349155529631","0,00000051517358650588","0,00000001140221741666","0,00000018933993722441","0,00000001331374984082","0,00000099986121245593","0,00000001312250961104","0,00000008115748722493"
"-0,02300499863811841790","0,00000048640762522123","0,00000163316322896597","0,00000069129009689636","0,00000073761373386362","0,00000086755528090084","0,00000092394923197401","0,00000004500582795243","0,00000027364157839109","0,00000036763806344201","0,00000001152949451893","0,00000035391119128322","0,00000001226089651907","0,00000115236686562557","0,00000051806631838009","0,00000001139045311557","0,00000019165678911441","0,00000001332037708099","0,00000100171370639247","0,00000001313342950713","0,00000008048549745768"
"-0,02100107600080378810","0,00000049044368455385","0,00000164771099233210","0,00000069474544933364","0,00000074334001008894","0,00000086999615647302","0,00000092687162417310","0,00000004522264594881","0,00000027515228398674","0,00000036924360349550","0,00000001151432100985","0,00000035632913328246","0,00000001226415227758","0,00000116135526280217","0,00000052099810438542","0,00000001137748378951","0,00000019399327843102","0,00000001333656924372","0,00000100361267415320","0,00000001314197172915","0,00000007983148468175"
"-0,01899715336348915820","0,00000049451650416970","0,00000166240716690567","0,00000069822375603423","0,00000074912302110898","0,00000087245930631463","0,00000092983500859920","0,00000004544024237716","0,00000027669886121390","0,00000037090037354412","0,00000001149143031094","0,00000035878053965671","0,00000001226945182030","0,00000117045674682609","0,00000052396894452187","0,00000001136330943850","0,00000019634940517424","0,00000001336232632902","0,00000100555811573810","0,00000001314813627711","0,00000007919544889716"
"-0,01699323072617452830","0,00000049862608406879","0,00000167725175268667","0,00000070172501699815","0,00000075496276692372","0,00000087494473042566","0,00000093283938525230","0,00000004565861723747","0,00000027828131007258","0,00000037260837358787","0,00000001146082242220","0,00000036126541040598","0,00000001227679514720","0,00000117967131769735","0,00000052697883878945","0,00000001134793006252","0,00000019872516934407","0,00000001339764833689","0,00000100755003114717","0,00000001315192315100","0,00000007857739010390"
"-0,01498930808885989840","0,00000050277242425111","0,00000169224474967510","0,00000070524923222538","0,00000076085924753318","0,00000087745242880612","0,00000093588475413242","0,00000004587777052976","0,00000027989963056279","0,00000037436760362675","0,00000001142249734364","0,00000036378374553026","0,00000001228618225831","0,00000118899897541593","0,00000053002778718815","0,00000001133134566159","0,00000020112057094051","0,00000001344253526732","0,00000100958842038043","0,00000001315333235083","0,00000007797730830197"
"-0,01298538545154526850","0,00000050695552471667","0,00000170738615787097","0,00000070879640171594","0,00000076681246293736","0,00000087998240145600","0,00000093897111523954","0,00000004609770225401","0,00000028155382268452","0,00000037617806366076","0,00000001137645507524","0,00000036633554502955","0,00000001229761315360","0,00000119843971998185","0,00000053311578971798","0,00000001131355623570","0,00000020353560996355","0,00000001349698712032","0,00000101167328343786","0,00000001315236387660","0,00000007739520349138"
"-0,01098146281423064040","0,00000051117538546547","0,00000172267597727428","0,00000071236652546981","0,00000077282241313624","0,00000088253464837531","0,00000094209846857367","0,00000004631841241023","0,00000028324388643776","0,00000037803975368989","0,00000001132269561702","0,00000036892080890385","0,00000001231108783310","0,00000120799355139509","0,00000053624284637893","0,00000001129456178484","0,00000020597028641321","0,00000001356100389589","0,00000101380462031947","0,00000001314901772830","0,00000007683107567211"
"-0,00897754017691601049","0,00000051543200649750","0,00000173811420788502","0,00000071595960348700","0,00000077888909812984","0,00000088510916956405","0,00000094526681413480","0,00000004653990099842","0,00000028496982182253","0,00000037995267371415","0,00000001126121896897","0,00000037153953715316","0,00000001232660629678","0,00000121766046965567","0,00000053940895717100","0,00000001127436230903","0,00000020842460028948","0,00000001363458559403","0,00000101598243102525","0,00000001314329390594","0,00000007628492484418"
"-0,00697361753960138060","0,00000051972538781276","0,00000175370084970320","0,00000071957563576751","0,00000078501251791816","0,00000088770596502221","0,00000094847615192295","0,00000004676216801857","0,00000028673162883882","0,00000038191682373354","0,00000001119202513109","0,00000037419172977749","0,00000001234416854466","0,00000122744047476357","0,00000054261412209419","0,00000001125295780826","0,00000021089855159236","0,00000001371773221473","0,00000101820671555521","0,00000001313519240952","0,00000007575675100758"
"-0,00496969490228675159","0,00000052405552941126","0,00000176943590272881","0,00000072321462231134","0,00000079119267250118","0,00000089032503474979","0,00000095172648193810","0,00000004698521347070","0,00000028852930748664","0,00000038393220374806","0,00000001111511410338","0,00000037687738677683","0,00000001236377457674","0,00000123733356671881","0,00000054585834114851","0,00000001123034828253","0,00000021339214032185","0,00000001381044375800","0,00000102047747390935","0,00000001312471323903","0,00000007524655416232"
"-0,00296577226497212214","0,00000052842243129300","0,00000178531936696186","0,00000072687656311849","0,00000079742956187892","0,00000089296637874681","0,00000095501780418026","0,00000004720903735479","0,00000029036285776597","0,00000038599881375771","0,00000001103048588585","0,00000037959650815118","0,00000001238542439301","0,00000124733974552138","0,00000054914161433396","0,00000001120653373185","0,00000021590536647795","0,00000001391272022384","0,00000102279470608766","0,00000001311185639448","0,00000007475433430838"
"-0,00096184962765749247","0,00000053282609345797","0,00000180135124240235","0,00000073056145818895","0,00000080372318605137","0,00000089562999701325","0,00000095835011864942","0,00000004743363967085","0,00000029223227967683","0,00000038811665376248","0,00000001093814047848","0,00000038234909390055","0,00000001240911799348","0,00000125745901117127","0,00000055246394165053","0,00000001118151415620","0,00000021843823006066","0,00000001402456161224","0,00000102515841209015","0,00000001309662187586","0,00000007428009144578"
"0,00104207300965713698","0,00000053725720865602","0,00000181745440741417","0,00000073426443440885","0,00000081006450447482","0,00000089832012408371","0,00000096172086271638","0,00000004766431802960","0,00000029412187940909","0,00000039029485523334","0,00000001084618054805","0,00000038513167104001","0,00000001243304187981","0,00000126765753525575","0,00000055580434903990","0,00000001115696968233","0,00000022099500574235","0,00000001413732825733","0,00000102753031975664","0,00000001308084132871","0,00000007384143951854"
"0,00304599564697176665","0,00000054170646963699","0,00000183355174036123","0,00000073798061866429","0,00000081644447660555","0,00000090104099449280","0,00000096512747375189","0,00000004790637004175","0,00000029601596315263","0,00000039254254964123","0,00000001076270876130","0,00000038794076658466","0,00000001245538255368","0,00000127790148936206","0,00000055914186244375","0,00000001113458043697","0,00000022357996819540","0,00000001424238049322","0,00000102987215692695","0,00000001306634639857","0,00000007345599247071"
"0,00504991828428639610","0,00000054617387640089","0,00000184964324124353","0,00000074171001095528","0,00000082286310244355","0,00000090379260824052","0,00000096856995175598","0,00000004815979570730","0,00000029791453090747","0,00000039485973698615","0,00000001068772511825","0,00000039077638053450","0,00000001247614001508","0,00000128819087349021","0,00000056247648186208","0,00000001111434642013","0,00000022619311741981","0,00000001433971831991","0,00000103218392360107","0,00000001305313708544","0,00000007312375030228"
"0,00705384092160102512","0,00000055065942894771","0,00000186572891006107","0,00000074545261128181","0,00000082932038198884","0,00000090657496532686","0,00000097204829672863","0,00000004842459502626","0,00000029981758267359","0,00000039724641726812","0,00000001062122961888","0,00000039363851288953","0,00000001249531426402","0,00000129852568764018","0,00000056580820729489","0,00000001109626763180","0,00000022883445341558","0,00000001442934173739","0,00000103446561977902","0,00000001304121338931","0,00000007284471301326"
"0,00905776355891565501","0,00000055516312727745","0,00000188180874681385","0,00000074920841964389","0,00000083581631524140","0,00000090938806575183","0,00000097556250866985","0,00000004870076799862","0,00000030172511845100","0,00000039970259048712","0,00000001056322226319","0,00000039652716364974","0,00000001251290530049","0,00000130890593181199","0,00000056913703874218","0,00000001108034407199","0,00000023150397618271","0,00000001451125074568","0,00000103671724546078","0,00000001303057531019","0,00000007261888060364"
"0,01106168619623028490","0,00000055968497139011","0,00000189788275150186","0,00000075297743604152","0,00000084235090220125","0,00000091223190951543","0,00000097911258757963","0,00000004898831462439","0,00000030363713823970","0,00000040222825664315","0,00000001051370305120","0,00000039944233281515","0,00000001252891312449","0,00000131933160600563","0,00000057246297620396","0,00000001106657574069","0,00000023420168572119","0,00000001458544534477","0,00000103893880064637","0,00000001302122284807","0,00000007244625307342"
"0,01306560883354491300","0,00000056422496128569","0,00000191395092412512","0,00000075675966047468","0,00000084892414286837","0,00000091510649661765","0,00000098269853345798","0,00000004928723490356","0,00000030555364203969","0,00000040482341573622","0,00000001047267198290","0,00000040238402038574","0,00000001254333773604","0,00000132980271022111","0,00000057578601968021","0,00000001105496263790","0,00000023692758203103","0,00000001465192553465","0,00000104113028533577","0,00000001301315600296","0,00000007232683042261"
"0,01506953147085954290","0,00000056878309696420","0,00000193001326468361","0,00000076055509294340","0,00000085553603724277","0,00000091801182705850","0,00000098632034630489","0,00000004959752883613","0,00000030747462985096","0,00000040748806776633","0,00000001044012905828","0,00000040535222636151","0,00000001255617913511","0,00000134031924445842","0,00000057910616917095","0,00000001104550476363","0,00000023968166511223","0,00000001471069131534","0,00000104329169952899","0,00000001300637477485","0,00000007226061265120"
"0,01707345410817417280","0,00000057335937842563","0,00000194606977317734","0,00000076436373344766","0,00000086218658532446","0,00000092094790083797","0,00000098997802612037","0,00000004991919642211","0,00000030940010167352","0,00000041022221273347","0,00000001041607427735","0,00000040834695074248","0,00000001256743732172","0,00000135088120871756","0,00000058242342467617","0,00000001103820211787","0,00000024246393496478","0,00000001476174268682","0,00000104542304322603","0,00000001300087916375","0,00000007224759975919"
"0,01907737674548880270","0,00000057795380566998","0,00000196212044960631","0,00000076818558198746","0,00000086887578711342","0,00000092391471795607","0,00000099367157290442","0,00000005025223766149","0,00000031133005750737","0,00000041302585063765","0,00000001040050764011","0,00000041136819352863","0,00000001257711229587","0,00000136148860299853","0,00000058573778619586","0,00000001103305470063","0,00000024527439158870","0,00000001480507964910","0,00000104752431642689","0,00000001299666916966","0,00000007228779174659"
"0,02108129938280343260","0,00000058256637869725","0,00000197816529397052","0,00000077202063856281","0,00000087560364260966","0,00000092691227841280","0,00000099740098665703","0,00000005059665255428","0,00000031326449735251","0,00000041589898147886","0,00000001039342914655","0,00000041441595471997","0,00000001258520405755","0,00000137214142730133","0,00000058904925373004","0,00000001103006251190","0,00000024811303498397","0,00000001484070220219","0,00000104959551913157","0,00000001299374479257","0,00000007238118861339"
"0,02308522202011806250","0,00000058719709750745","0,00000199420430626997","0,00000077586890317371","0,00000088237015181318","0,00000092994058220816","0,00000100116626737821","0,00000005095244110047","0,00000031520342120894","0,00000041884160525711","0,00000001039483879669","0,00000041749023431650","0,00000001259171260676","0,00000138283968162597","0,00000059235782727870","0,00000001102922555168","0,00000025097986515060","0,00000001486861034607","0,00000105163665134006","0,00000001299210603249","0,00000007252779035960"
"0,02508914465743269230","0,00000059184596210057","0,00000201023748650466","0,00000077973037582015","0,00000088917531472398","0,00000093299962934214","0,00000100496741506796","0,00000005131960330006","0,00000031714682907665","0,00000042185372197239","0,00000001040473659051","0,00000042059103231821","0,00000001259663794351","0,00000139358336597244","0,00000059566350684184","0,00000001103054381998","0,00000025387488208859","0,00000001488880408075","0,00000105364771305238","0,00000001299175288941","0,00000007272759698521"
"0,02709306729474731880","0,00000059651297247661","0,00000202626483467459","0,00000078360505650214","0,00000089601913134206","0,00000093608941981474","0,00000100880442972627","0,00000005169813915306","0,00000031909472095565","0,00000042493533162471","0,00000001042312252802","0,00000042371834872512","0,00000001259998006779","0,00000140437248034074","0,00000059896629241947","0,00000001103401731680","0,00000025679808579793","0,00000001490128340623","0,00000105562870426851","0,00000001299268536334","0,00000007298060849022"
"0,02909698993206194860","0,00000060119812863557","0,00000204228635077975","0,00000078749294521967","0,00000090290160166741","0,00000093920995362597","0,00000101267731135314","0,00000005208804865946","0,00000032104709684594","0,00000042808643421407","0,00000001044999660922","0,00000042687218353721","0,00000001260173897961","0,00000141520702473088","0,00000060226618401157","0,00000001103964604212","0,00000025974947627864","0,00000001490604832251","0,00000105757962498847","0,00000001299490345427","0,00000007328682487464"
"0,03110091256937657850","0,00000060590143057746","0,00000205830203482015","0,00000079139404197275","0,00000090982272570005","0,00000094236123077583","0,00000101658605994859","0,00000005248933181927","0,00000032300395674751","0,00000043130702974046","0,00000001048535883411","0,00000043005253675449","0,00000001260191467896","0,00000142608699914284","0,00000060556318161815","0,00000001104742999596","0,00000026272905353070","0,00000001490309882959","0,00000105950047521224","0,00000001299840716221","0,00000007364624613846"
"0,03310483520669121190","0,00000061062287830227","0,00000207431188679579","0,00000079530834676137","0,00000091678250343996","0,00000094554325126432","0,00000102053067551260","0,00000005290198863247","0,00000032496530066038","0,00000043459711820389","0,00000001052920920268","0,00000043325940837695","0,00000001260050716585","0,00000143701240357664","0,00000060885728523922","0,00000001105736917832","0,00000026573681755412","0,00000001489243492747","0,00000106139125493983","0,00000001300319648715","0,00000007405887228168"
"0,03510875784400583480","0,00000061536247181000","0,00000209031590670667","0,00000079923585958554","0,00000092378093488716","0,00000094875601509143","0,00000102451115804517","0,00000005332601909909","0,00000032693112858453","0,00000043795669960435","0,00000001058154771495","0,00000043649279840461","0,00000001259751644028","0,00000144798323803228","0,00000061214849487476","0,00000001106946358919","0,00000026877276834889","0,00000001487405661615","0,00000106325196417124","0,00000001300927142910","0,00000007452470330431"
"0,03711268048132046470","0,00000062012021110065","0,00000210631409455279","0,00000080317658044525","0,00000093081802004163","0,00000095199952225717","0,00000102852750754631","0,00000005376142321910","0,00000032890144051997","0,00000044138577394185","0,00000001064237437090","0,00000043975270683745","0,00000001259294250223","0,00000145899950250974","0,00000061543681052479","0,00000001108371322857","0,00000027183690591503","0,00000001484796389563","0,00000106508260290647","0,00000001301663198806","0,00000007504373920634"
"0,03911660311863509460","0,00000062489609617423","0,00000212230645033415","0,00000080713050934051","0,00000093789375890339","0,00000095527377276153","0,00000103257972401602","0,00000005420820099253","0,00000033087623646669","0,00000044488434121639","0,00000001071168917054","0,00000044303913367548","0,00000001258678535173","0,00000147006119700904","0,00000061872223218929","0,00000001110011809647","0,00000027492923025252","0,00000001481415676591","0,00000106688317114552","0,00000001302527816402","0,00000007561597998778"
"0,04112052575594972450","0,00000062969012703073","0,00000213829297405075","0,00000081109764627131","0,00000094500815147242","0,00000095857876660452","0,00000103666780745429","0,00000005466635241935","0,00000033285551642471","0,00000044845240142796","0,00000001078949211386","0,00000044635207891869","0,00000001257904498875","0,00000148116832153017","0,00000062200475986828","0,00000001111867819288","0,00000027804974136137","0,00000001477263522699","0,00000106865366888839","0,00000001303520995699","0,00000007624142564862"
"0,04312444839326435440","0,00000063450230367015","0,00000215427366570258","0,00000081507799123766","0,00000095216119774873","0,00000096191450378614","0,00000104079175786113","0,00000005513587749958","0,00000033483928039401","0,00000045208995457656","0,00000001087578320088","0,00000044969154256709","0,00000001256972141332","0,00000149232087607313","0,00000062528439356175","0,00000001113939351781","0,00000028119843924158","0,00000001472339927886","0,00000107039409613508","0,00000001304642736696","0,00000007692007618886"
"0,04512837103057898420","0,00000063933262609249","0,00000217024852528966","0,00000081907154423956","0,00000095935289773232","0,00000096528098430638","0,00000104495157523653","0,00000005561677623321","0,00000033682752837460","0,00000045579700066220","0,00000001097056243158","0,00000045305752462069","0,00000001255881462541","0,00000150351886063793","0,00000062856113326970","0,00000001116226407125","0,00000028437532389315","0,00000001466644892154","0,00000107210445288558","0,00000001305893039394","0,00000007765193160851"
"0,04713229366789361410","0,00000064418109429775","0,00000218621755281197","0,00000082307830527700","0,00000096658325142319","0,00000096867820816525","0,00000104914725958050","0,00000005610904862025","0,00000033882026036648","0,00000045957353968488","0,00000001107382980597","0,00000045645002507947","0,00000001254632462504","0,00000151476227522456","0,00000063183497899213","0,00000001118728985320","0,00000028758039531607","0,00000001460178415502","0,00000107378473913991","0,00000001307271903793","0,00000007843699190756"
"0,04913621630520824400","0,00000064904770828594","0,00000220218074826952","0,00000082709827434998","0,00000097385225882134","0,00000097210617536274","0,00000105337881089304","0,00000005661269466069","0,00000034081747636965","0,00000046341957164460","0,00000001118558532405","0,00000045986904394343","0,00000001253225141221","0,00000152605111983302","0,00000063510593072904","0,00000001121447086367","0,00000029081365351035","0,00000001452940497929","0,00000107543495489805","0,00000001308779329892","0,00000007927525708602"
"0,05114013894252287390","0,00000065393853262046","0,00000221815698935268","0,00000083114998218795","0,00000098114862412643","0,00000097555298052386","0,00000105763638544360","0,00000005712512888916","0,00000034283683178993","0,00000046733181042817","0,00000001129760827563","0,00000046331603691466","0,00000001251784548783","0,00000153741807225005","0,00000063838293568369","0,00000001124195595347","0,00000029403051622469","0,00000001445642677274","0,00000107710023048143","0,00000001310370939511","0,00000008015425001575"
"0,05314406157983750380","0,00000065885963186471","0,00000223416515375182","0,00000083525195952034","0,00000098846105153812","0,00000097900671827359","0,00000106191013950165","0,00000005764376584028","0,00000034489598203315","0,00000047130696992243","0,00000001140167795051","0,00000046679245969522","0,00000001250435735283","0,00000154889581026240","0,00000064167494105934","0,00000001126789397344","0,00000029718640120776","0,00000001438996491374","0,00000107882569621146","0,00000001312002354471","0,00000008106149356864"
"0,05514798421715213370","0,00000066381100601871","0,00000225020524146694","0,00000083940420634715","0,00000099578954105640","0,00000098246738861194","0,00000106620007306719","0,00000005816860551404","0,00000034699492709931","0,00000047534505012738","0,00000001149779434869","0,00000047029831228512","0,00000001249178700720","0,00000156048433387007","0,00000064498194685598","0,00000001129228492356","0,00000030028130845957","0,00000001433001940229","0,00000108061135208815","0,00000001313673574772","0,00000008199698774469"
"0,05715190685446676360","0,00000066879265508244","0,00000226627725249803","0,00000084360672266839","0,00000100313409268128","0,00000098593499153890","0,00000107050618614022","0,00000005869964791046","0,00000034913366698841","0,00000047944605104301","0,00000001158595747018","0,00000047383359468436","0,00000001248013445095","0,00000157218364307304","0,00000064830395307362","0,00000001131512880385","0,00000030331523798012","0,00000001427659023839","0,00000108245719811150","0,00000001315384600414","0,00000008296073254390"
"0,05915582949178139340","0,00000067380457905590","0,00000228238118684510","0,00000084785950848404","0,00000101049470641276","0,00000098940952705448","0,00000107482847872074","0,00000005923689302953","0,00000035131220170045","0,00000048360997266933","0,00000001166616731498","0,00000047739830689293","0,00000001246939968408","0,00000158399373787133","0,00000065164095971226","0,00000001133642561429","0,00000030628818976942","0,00000001422967742204","0,00000108436323428150","0,00000001317135431396","0,00000008395272796626"
"0,06115975212909602330","0,00000067884677793911","0,00000229851704450816","0,00000085216256379412","0,00000101787138225084","0,00000099289099515867","0,00000107916695080875","0,00000005978034087125","0,00000035353053123544","0,00000048783681500633","0,00000001173842388308","0,00000048099244891083","0,00000001245958270658","0,00000159591461826494","0,00000065499296677189","0,00000001135617535490","0,00000030920016382745","0,00000001418928095325","0,00000108632946059815","0,00000001318926067719","0,00000008497297401178"
"0,06316367476641064630","0,00000068391925173205","0,00000231468482548719","0,00000085651588859862","0,00000102526412019551","0,00000099637939585148","0,00000108352160240425","0,00000006032999143562","0,00000035578865559336","0,00000049212657805402","0,00000001180272717449","0,00000048461602073808","0,00000001245068351845","0,00000160794628425386","0,00000065835997425252","0,00000001137437802566","0,00000031205116015423","0,00000001415540083200","0,00000108835587706146","0,00000001320756509383","0,00000008602147068045"
"0,06516759740372528310","0,00000068902200043473","0,00000233088452978220","0,00000086091948289754","0,00000103267292024678","0,00000099987472913290","0,00000108789243350723","0,00000006088584472264","0,00000035808657477422","0,00000049647926181240","0,00000001185907718920","0,00000048826902237465","0,00000001244270211970","0,00000162008873583809","0,00000066174198215414","0,00000001139103362658","0,00000031484117874974","0,00000001412803705830","0,00000109044248367142","0,00000001322626756387","0,00000008709821797229"
"0,06717152004103990600","0,00000069415502404715","0,00000234711615739319","0,00000086537334669089","0,00000104009778240465","0,00000100337699500294","0,00000109227944411771","0,00000006144790073231","0,00000036042428877803","0,00000050089486628146","0,00000001190747392721","0,00000049195145382057","0,00000001243563851033","0,00000163234197301764","0,00000066513899047676","0,00000001140614215767","0,00000031757021961400","0,00000001410718963215","0,00000109258928042803","0,00000001324536808732","0,00000008820321588728"
"0,06917544267835454290","0,00000069931832256930","0,00000236337970832015","0,00000086987747997865","0,00000104753870666911","0,00000100688619346159","0,00000109668263423567","0,00000006201615946463","0,00000036280179760478","0,00000050537339146121","0,00000001194791738854","0,00000049566331507581","0,00000001242949269034","0,00000164470599579250","0,00000066855099922038","0,00000001141970361891","0,00000032023828274700","0,00000001409285855356","0,00000109479626733130","0,00000001326486666417","0,00000008933646442543"
"0,07117936531566916580","0,00000070451189600119","0,00000237967518256310","0,00000087443188276084","0,00000105499569304018","0,00000101040232450886","0,00000110110200386113","0,00000006259062091960","0,00000036521910125446","0,00000050991483735164","0,00000001198040757316","0,00000049940460614040","0,00000001242426465971","0,00000165718080416268","0,00000067197800838499","0,00000001143171801032","0,00000032284536814873","0,00000001408504382251","0,00000109706344438123","0,00000001328476329444","0,00000009049796358673"
"0,07318328795298380260","0,00000070973574434282","0,00000239600258012202","0,00000087903655503745","0,00000106246874151784","0,00000101392538814474","0,00000110553755299407","0,00000006317128509722","0,00000036767619972709","0,00000051451920395276","0,00000001200494448109","0,00000050317532701432","0,00000001241995441847","0,00000166976639812817","0,00000067542001797060","0,00000001144218533188","0,00000032539147581921","0,00000001408374543901","0,00000109939081157781","0,00000001330505797810","0,00000009168771337119"
"0,07518721059029842560","0,00000071498986759419","0,00000241236190099692","0,00000088369149680848","0,00000106995785210210","0,00000101745538436924","0,00000110998928163450","0,00000006375815199750","0,00000037017309302266","0,00000051918649126457","0,00000001202152811233","0,00000050697547769757","0,00000001241656196660","0,00000168246277768898","0,00000067887702797721","0,00000001145110558360","0,00000032787660575843","0,00000001408896340307","0,00000110177836892104","0,00000001332575071518","0,00000009290571377881"
"0,07719113322761306240","0,00000072027426575529","0,00000242875314518780","0,00000088839670807393","0,00000107746302479296","0,00000102099231318235","0,00000111445718978242","0,00000006435122162042","0,00000037270978114117","0,00000052391669928706","0,00000001203015846687","0,00000051080505819016","0,00000001241408730411","0,00000169526994284510","0,00000068234903840481","0,00000001145847876549","0,00000033030075796639","0,00000001410069771467","0,00000110422611641093","0,00000001334684150566","0,00000009415196480958"
"0,07919505586492768540","0,00000072558893882613","0,00000244517631269466","0,00000089315218883381","0,00000108498425959041","0,00000102453617458408","0,00000111894127743783","0,00000006495049396599","0,00000037528626408262","0,00000052870982802024","0,00000001203083554472","0,00000051466406849209","0,00000001241253043099","0,00000170818789359653","0,00000068583604925341","0,00000001146430487753","0,00000033266393244309","0,00000001411894837382","0,00000110673405404747","0,00000001336833034955","0,00000009542646646351"
"0,08119897850224232220","0,00000073093388680671","0,00000246163140351750","0,00000089795793908810","0,00000109252155649446","0,00000102808696857443","0,00000112344154460072","0,00000006555596903421","0,00000037790254184701","0,00000053356587746411","0,00000001202355934587","0,00000051855250860335","0,00000001241189134725","0,00000172121662994328","0,00000068933806052301","0,00000001146858391973","0,00000033496612918853","0,00000001414371538053","0,00000110930218183067","0,00000001339021724684","0,00000009672921874060"
"0,08320290113955694510","0,00000073630910969703","0,00000247811841765632","0,00000090281395883682","0,00000110007491550511","0,00000103164469515339","0,00000112795799127111","0,00000006616764682509","0,00000038055861443434","0,00000053848484761866","0,00000001200832987032","0,00000052247037852395","0,00000001241217005288","0,00000173435615188534","0,00000069285507221360","0,00000001147131589210","0,00000033720734820271","0,00000001417499873478","0,00000111193049976052","0,00000001341250219755","0,00000009806022164085"
"0,08520682377687158190","0,00000074171460749708","0,00000249463735511111","0,00000090772024807996","0,00000110764433662236","0,00000103520935432096","0,00000113249061744899","0,00000006678552733861","0,00000038325448184461","0,00000054346673848389","0,00000001198514711808","0,00000052641767825388","0,00000001241336654789","0,00000174760645942272","0,00000069638708432519","0,00000001147250079462","0,00000033938758948564","0,00000001421279843659","0,00000111461900783703","0,00000001343518520165","0,00000009941947516425"
"0,08721074641418620490","0,00000074715038020687","0,00000251118821588189","0,00000091267680681752","0,00000111522981984620","0,00000103878094607715","0,00000113703942313435","0,00000006740961057478","0,00000038599014407782","0,00000054851155005982","0,00000001195401108915","0,00000053039440779315","0,00000001241548083228","0,00000176096755255541","0,00000069993409685777","0,00000001147213862730","0,00000034150685303730","0,00000001425711448594","0,00000111736770606019","0,00000001345826625917","0,00000010080697931081"
"0,08921466905150082780","0,00000075261642782640","0,00000252777099996864","0,00000091768363504950","0,00000112283136517664","0,00000104235947042196","0,00000114160440832720","0,00000006803989653361","0,00000038876560113397","0,00000055361928234643","0,00000001191492178352","0,00000053440056714175","0,00000001241851290604","0,00000177443943128341","0,00000070349610981135","0,00000001147022939014","0,00000034356513885770","0,00000001430794688285","0,00000112017659443000","0,00000001348174537009","0,00000010222273408053"
"0,09121859168881546470","0,00000075811275035567","0,00000254438570737137","0,00000092274073277591","0,00000113044897261368","0,00000104594492735538","0,00000114618557302755","0,00000006867638521508","0,00000039158085301306","0,00000055878993534372","0,00000001186787920120","0,00000053843615629969","0,00000001242246276918","0,00000178802209560673","0,00000070707312318593","0,00000001146677308315","0,00000034556244694685","0,00000001436529562731","0,00000112304567294647","0,00000001350562253442","0,00000010366673947340"
"0,09322251432613008760","0,00000076363934779467","0,00000256103233809008","0,00000092784809999673","0,00000113808264215732","0,00000104953731687741","0,00000115078291723538","0,00000006931907661921","0,00000039443589971510","0,00000056402350905170","0,00000001181288334218","0,00000054250117526697","0,00000001242733042169","0,00000180171554552536","0,00000071066513698150","0,00000001146176970631","0,00000034749877730473","0,00000001442916071931","0,00000112597494160960","0,00000001352989775215","0,00000010513899548943"
"0,09522643696344472440","0,00000076919622014341","0,00000257771089212476","0,00000093300573671198","0,00000114573237380755","0,00000105313663898807","0,00000115539644095070","0,00000006996797074598","0,00000039733074124007","0,00000056932000347037","0,00000001174993420646","0,00000054659562404358","0,00000001243311586358","0,00000181551978103931","0,00000071427215119807","0,00000001145521925963","0,00000034937412993136","0,00000001449954215887","0,00000112896440041938","0,00000001355457102329","0,00000010663950212861"
"0,09723035960075934740","0,00000077478336740189","0,00000259442136947543","0,00000093821364292165","0,00000115339816756439","0,00000105674289368733","0,00000116002614417351","0,00000007062306759541","0,00000040026537758799","0,00000057467941859972","0,00000001167903179405","0,00000055071950262952","0,00000001243981909484","0,00000182943480214857","0,00000071789416583564","0,00000001144712174311","0,00000035118850482672","0,00000001457643994598","0,00000113201404937581","0,00000001357964234784","0,00000010816825939096"
"0,09923428223807398420","0,00000078040078957011","0,00000261116377014207","0,00000094347181862575","0,00000116108002342782","0,00000106035608097521","0,00000116467202690381","0,00000007128436716748","0,00000040323980875884","0,00000058010175443976","0,00000001160017610495","0,00000055487281102481","0,00000001244744011548","0,00000184346060885315","0,00000072153118089420","0,00000001143747715676","0,00000035294190199083","0,00000001465985408063","0,00000113512388847890","0,00000001360511172579","0,00000010972526727646"
"0,10123820487538860700","0,00000078603075430498","0,00000262789361549232","0,00000094875005185664","0,00000116877024708084","0,00000106398225925687","0,00000116933442486063","0,00000007194972653165","0,00000040624949606860","0,00000058556153252333","0,00000001152067026059","0,00000055905086053521","0,00000001245537703603","0,00000185755078932709","0,00000072520648004141","0,00000001142735720460","0,00000035464900196819","0,00000001474401183047","0,00000113827144511394","0,00000001362992929582","0,00000011131075305868"
"0,10324212751270324400","0,00000079165552926342","0,00000264456642689378","0,00000095401813064672","0,00000117646114420647","0,00000106762748693746","0,00000117401367376300","0,00000007261700275736","0,00000040928990083322","0,00000059103327438327","0,00000001144781738241","0,00000056324896246653","0,00000001246302796701","0,00000187165893174446","0,00000072894334694489","0,00000001141783359070","0,00000035632448530329","0,00000001482314046310","0,00000114143424666624","0,00000001365304519657","0,00000011292494401117"
"0,10524605015001786700","0,00000079727511444543","0,00000266118220434647","0,00000095927605499599","0,00000118415271480468","0,00000107129176401699","0,00000117870977361093","0,00000007328619584460","0,00000041236102305271","0,00000059651698001959","0,00000001138161747040","0,00000056746711681876","0,00000001247039290842","0,00000188578503610526","0,00000073274178160466","0,00000001140890631505","0,00000035796835199616","0,00000001489723997854","0,00000114461229313579","0,00000001367445942806","0,00000011456784013395"
"0,10724997278733250400","0,00000080288950985102","0,00000267774094785038","0,00000096452382490444","0,00000119184495887550","0,00000107497509049545","0,00000118342272440441","0,00000007395730579339","0,00000041546286272706","0,00000060201264943227","0,00000001132207052458","0,00000057170532359191","0,00000001247747186027","0,00000189992910240948","0,00000073660178402071","0,00000001140057537764","0,00000035958060204678","0,00000001496631037677","0,00000114780558452260","0,00000001369417199028","0,00000011623944142701"
"0,10925389542464712700","0,00000080849871548017","0,00000269424265740550","0,00000096976144037208","0,00000119953787641891","0,00000107867746637284","0,00000118815252614344","0,00000007463033260371","0,00000041859541985628","0,00000060752028262134","0,00000001126917654494","0,00000057596358278597","0,00000001248426482255","0,00000191409113065712","0,00000074052335419304","0,00000001139284077849","0,00000036116123545515","0,00000001503035165781","0,00000115101412082667","0,00000001371218288323","0,00000011793974789034"
"0,11125781806196176300","0,00000081410273133290","0,00000271068733301185","0,00000097498890139890","0,00000120723146743492","0,00000108239889164917","0,00000119289917882803","0,00000007530527627557","0,00000042175869444036","0,00000061303987958677","0,00000001122293553147","0,00000058024189440094","0,00000001249077179526","0,00000192827112084819","0,00000074450649212166","0,00000001138570251758","0,00000036271025222128","0,00000001508936382165","0,00000115423790204799","0,00000001372849210692","0,00000011966875952395"
"0,11326174069927638600","0,00000081970155740920","0,00000272707497466942","0,00000098020620798491","0,00000121492573192352","0,00000108613936632444","0,00000119766268245817","0,00000007598213680897","0,00000042495268647931","0,00000061857144032858","0,00000001118334748419","0,00000058454025843683","0,00000001249699277841","0,00000194246907298269","0,00000074855119780656","0,00000001137916059493","0,00000036422765234517","0,00000001514334686830","0,00000115747692818657","0,00000001374309966134","0,00000012142647632784"
"0,11526566333659102300","0,00000082529519370907","0,00000274340558237821","0,00000098541336013010","0,00000122262066988472","0,00000108989889039864","0,00000120244303703387","0,00000007666091420390","0,00000042817739597312","0,00000062411496484676","0,00000001115041240309","0,00000058885867489362","0,00000001250292777199","0,00000195668498706061","0,00000075265747124774","0,00000001137321501052","0,00000036571343582681","0,00000001519230079774","0,00000116073119924240","0,00000001375600554649","0,00000012321289830201"
"0,11726958597390564600","0,00000083088364023251","0,00000275967915613822","0,00000099061035783448","0,00000123031628131851","0,00000109367746387177","0,00000120724024255512","0,00000007734160846037","0,00000043143282292180","0,00000062967045314131","0,00000001112413028816","0,00000059319714377134","0,00000001250857677601","0,00000197091886308195","0,00000075682531244520","0,00000001136786576437","0,00000036716760266620","0,00000001523622560999","0,00000116400071521549","0,00000001376720976237","0,00000012502802544646"
"0,11927350861122028300","0,00000083646689697953","0,00000277589569594945","0,00000099579720109805","0,00000123801256622490","0,00000109747508674384","0,00000121205429902192","0,00000007802421957838","0,00000043471896732534","0,00000063523790521224","0,00000001110450113942","0,00000059755566506996","0,00000001251393979046","0,00000198517070104672","0,00000076105472139895","0,00000001136311285646","0,00000036859015286335","0,00000001527512130503","0,00000116728547610584","0,00000001377671230898","0,00000012687185776119"
"0,12127743124853490600","0,00000084204496395011","0,00000279205520181190","0,00000100097388992080","0,00000124570952460389","0,00000110129175901484","0,00000121688520643428","0,00000007870874755793","0,00000043803582918375","0,00000064081732105954","0,00000001109152495685","0,00000060193423878950","0,00000001251901681534","0,00000199944050095491","0,00000076534569810898","0,00000001135895628681","0,00000036998108641826","0,00000001530898788288","0,00000117058548191344","0,00000001378451318633","0,00000012874439524620"
"0,12328135388584952900","0,00000084761784114427","0,00000280815767372558","0,00000100614042430273","0,00000125340715645547","0,00000110512748068478","0,00000122173296479219","0,00000007939519239902","0,00000044138340849702","0,00000064640870068322","0,00000001108520174046","0,00000060633286492995","0,00000001252380785066","0,00000201372826280653","0,00000076969824257529","0,00000001135539605540","0,00000037134040333092","0,00000001533782534353","0,00000117390073263830","0,00000001379061239441","0,00000013064563790148"
"0,12528527652316415200","0,00000085318552856199","0,00000282420311169047","0,00000101129680424385","0,00000126110546177965","0,00000110898225175366","0,00000122659757409566","0,00000008008355410164","0,00000044476170526516","0,00000065201204408327","0,00000001108553149026","0,00000061075154349131","0,00000001252831289641","0,00000202803398660157","0,00000077411235479789","0,00000001135243216225","0,00000037266810360133","0,00000001536163368698","0,00000117723122828041","0,00000001379500993322","0,00000013257558572705"
"0,12728919916047878900","0,00000085874802620329","0,00000284019151570659","0,00000101644302974416","0,00000126880444057643","0,00000111285607222146","0,00000123147903434468","0,00000008077383266581","0,00000044817071948816","0,00000065762735125969","0,00000001109251420623","0,00000061519027447359","0,00000001253253195260","0,00000204235767234004","0,00000077858803477676","0,00000001135006460734","0,00000037396418722950","0,00000001538041291323","0,00000118057696883978","0,00000001379770580277","0,00000013453423872289"
"0,12929312179779342500","0,00000086430533406816","0,00000285612288577392","0,00000102157910080365","0,00000127650409284580","0,00000111674894208821","0,00000123637734553925","0,00000008146602809151","0,00000045161045116602","0,00000066325462221248","0,00000001110614988838","0,00000061964905787678","0,00000001253646501922","0,00000205669932002194","0,00000078312528251193","0,00000001134829339069","0,00000037522865421543","0,00000001539416302229","0,00000118393795431641","0,00000001379870000304","0,00000013652159688901"
"0,13129704443510806200","0,00000086985745215660","0,00000287199722189248","0,00000102670501742232","0,00000128420441858777","0,00000112066086135388","0,00000124129250767938","0,00000008216014037875","0,00000045508090029875","0,00000066889385694165","0,00000001112643853671","0,00000062412789370089","0,00000001254011209627","0,00000207105892964726","0,00000078772409800337","0,00000001134711851228","0,00000037646150455911","0,00000001540288401414","0,00000118731418471029","0,00000001379799253405","0,00000013853766022542"
"0,13330096707242267100","0,00000087540438046862","0,00000288781452406225","0,00000103182077960019","0,00000129190541780233","0,00000112459183001850","0,00000124622452076506","0,00000008285616952752","0,00000045858206688635","0,00000067454505544719","0,00000001115338015122","0,00000062862678194590","0,00000001254347318375","0,00000208543650121600","0,00000079238448125109","0,00000001134653997212","0,00000037766273826054","0,00000001540657588880","0,00000119070566002143","0,00000001379558339579","0,00000014058242873210"
"0,13530488970973730800","0,00000088094611900420","0,00000290357479228325","0,00000103692638733723","0,00000129960709048949","0,00000112854184808204","0,00000125117338479630","0,00000008355411553784","0,00000046211395092881","0,00000068020821772910","0,00000001118697473192","0,00000063314572261183","0,00000001254654828167","0,00000209983203472817","0,00000079710643225510","0,00000001134655777022","0,00000037883235531973","0,00000001540523864626","0,00000119411238024982","0,00000001379147258827","0,00000014265590240905"
"0,13730881234705194500","0,00000088648266776336","0,00000291927802655547","0,00000104202184063347","0,00000130730943664924","0,00000113251091554452","0,00000125613909977309","0,00000008425397840969","0,00000046567655242613","0,00000068588334378739","0,00000001122722227879","0,00000063768471569868","0,00000001254933739003","0,00000211424553018376","0,00000080188995101540","0,00000001134717190656","0,00000037997035573668","0,00000001539887228652","0,00000119753434539547","0,00000001378566011147","0,00000014475808125629"
"0,13931273498436658200","0,00000089201402674608","0,00000293492422687891","0,00000104710713948888","0,00000131501245628159","0,00000113649903240594","0,00000126112166569543","0,00000008495575814308","0,00000046926987137832","0,00000069157043362205","0,00000001127412279184","0,00000064224376120643","0,00000001255184050882","0,00000212867698758278","0,00000080673503753197","0,00000001134838238115","0,00000038107673951138","0,00000001538747680958","0,00000120097155545837","0,00000001377814596541","0,00000014688896527381"
"0,14131665762168119100","0,00000089754019595238","0,00000295051339325357","0,00000105218228390349","0,00000132271614938654","0,00000114050619866629","0,00000126612108256332","0,00000008565945473801","0,00000047289390778538","0,00000069726948723309","0,00000001132767627107","0,00000064682285913510","0,00000001255405763804","0,00000214312640692522","0,00000081164169180483","0,00000001135018919399","0,00000038215150664383","0,00000001537105221545","0,00000120442401043854","0,00000001376893015008","0,00000014904855446160"
"0,14332058025899582800","0,00000090306117538225","0,00000296604552567945","0,00000105724727387728","0,00000133042051596408","0,00000114453241432558","0,00000127113735037678","0,00000008636506819447","0,00000047654866164730","0,00000070298050462049","0,00000001138788271648","0,00000065142200948469","0,00000001255598877769","0,00000215759378821109","0,00000081660991383397","0,00000001135259234509","0,00000038319465713404","0,00000001534959850411","0,00000120789171033595","0,00000001375801266548","0,00000015123684881968"
"0,14532450289631046500","0,00000090857696503569","0,00000298152062415655","0,00000106230210941025","0,00000133812555601422","0,00000114857767938380","0,00000127617046913578","0,00000008707259851248","0,00000048023413296408","0,00000070870348578427","0,00000001145474212806","0,00000065604121225518","0,00000001255763392778","0,00000217207913144038","0,00000082163970361939","0,00000001135559183443","0,00000038420619098201","0,00000001532311567558","0,00000121137465515063","0,00000001374539351162","0,00000015345384834803"
"0,14732842553362510100","0,00000091408756491271","0,00000299693868868487","0,00000106734679050241","0,00000134583126953696","0,00000115264199384095","0,00000128122043884034","0,00000008778204569202","0,00000048395032173573","0,00000071443843072443","0,00000001152825450583","0,00000066068046744659","0,00000001255899308831","0,00000218658243661310","0,00000082673106116109","0,00000001135918766202","0,00000038518610818773","0,00000001529160372985","0,00000121487284488256","0,00000001373107268849","0,00000015569955304666"
"0,14933234817093971000","0,00000091959297501329","0,00000301229971926442","0,00000107238131715375","0,00000135353765653229","0,00000115672535769704","0,00000128628725949045","0,00000008849340973310","0,00000048769722796224","0,00000072018533944095","0,00000001160841984978","0,00000066533977505891","0,00000001256006625926","0,00000220110370372924","0,00000083188398645908","0,00000001136337982786","0,00000038613440875121","0,00000001525506266692","0,00000121838627953174","0,00000001371505019609","0,00000015797396291557"
"0,15133627080825434700","0,00000092510133504027","0,00000302764709001539","0,00000107741931561995","0,00000136123558226672","0,00000116081584777620","0,00000129135923517910","0,00000008920361103745","0,00000049147057466772","0,00000072593174789934","0,00000001168907188840","0,00000067000317685211","0,00000001256096789087","0,00000221563339168017","0,00000083708277686711","0,00000001136814504833","0,00000038707771939431","0,00000001521740863933","0,00000122193572643751","0,00000001369965783925","0,00000016024619765659"
"0,15334019344556898400","0,00000093062078469648","0,00000304302417505802","0,00000108247441215669","0,00000136891591200677","0,00000116490154090258","0,00000129642466999928","0,00000008990957000682","0,00000049526608487626","0,00000073166519206507","0,00000001176404435017","0,00000067465471458614","0,00000001256181243334","0,00000223016195935727","0,00000084231172973895","0,00000001137346003982","0,00000038804266683891","0,00000001518255779965","0,00000122554195293918","0,00000001368722742280","0,00000016248537697154"
"0,15534411608288362100","0,00000093615132398191","0,00000305843097439228","0,00000108754660676394","0,00000137657864575242","0,00000116898243707617","0,00000130148356395099","0,00000009061128664121","0,00000049908375858787","0,00000073738567193815","0,00000001183333723510","0,00000067929438826100","0,00000001256259988667","0,00000224468940676054","0,00000084757084507459","0,00000001137932480231","0,00000038902925108501","0,00000001515051014786","0,00000122920495903675","0,00000001367775894675","0,00000016469150086043"
"0,15734803872019823000","0,00000094169295289656","0,00000307386748801820","0,00000109263589944173","0,00000138422378350368","0,00000117305853629697","0,00000130653591703423","0,00000009130876094061","0,00000050292359580254","0,00000074309318751858","0,00000001189695054318","0,00000068392219787670","0,00000001256333025087","0,00000225921573388997","0,00000085286012287403","0,00000001138573933581","0,00000039003747213260","0,00000001512126568396","0,00000123292474473023","0,00000001367125241109","0,00000016686456932325"
"0,15935196135751286700","0,00000094724567144044","0,00000308933371593576","0,00000109774229019005","0,00000139185132526055","0,00000117712983856498","0,00000131158172924900","0,00000009200199290502","0,00000050678559652028","0,00000074878773880634","0,00000001195488427442","0,00000068853814343323","0,00000001256400352593","0,00000227374094074557","0,00000085817956313727","0,00000001139270364032","0,00000039106732998170","0,00000001509482440796","0,00000123670131001961","0,00000001366770781582","0,00000016900458236001"
"0,16135588399482750400","0,00000095280947961354","0,00000310482965814496","0,00000110286577900889","0,00000139946127102303","0,00000118119634388020","0,00000131662100059529","0,00000009269098253444","0,00000051066976074108","0,00000075446932580146","0,00000001200713842882","0,00000069314222493059","0,00000001256461971185","0,00000228826502732733","0,00000086352916586432","0,00000001140021771584","0,00000039211882463229","0,00000001507118631985","0,00000124053465490490","0,00000001366712516094","0,00000017111153997070"
"0,16335980663214211300","0,00000095838437741586","0,00000312035531464581","0,00000110800636589826","0,00000140705362079112","0,00000118525805224263","0,00000132165373107311","0,00000009337572982888","0,00000051457608846494","0,00000076013794850392","0,00000001205371300638","0,00000069773444236879","0,00000001256517880864","0,00000230278799363525","0,00000086890893105517","0,00000001140828156237","0,00000039319195608438","0,00000001505035141965","0,00000124442477938610","0,00000001366950444645","0,00000017318544215532"
"0,16536372926945675000","0,00000096397036484741","0,00000313591068543831","0,00000111316405085816","0,00000141462837456482","0,00000118931496365228","0,00000132667992068247","0,00000009405623478833","0,00000051850457969187","0,00000076579360691373","0,00000001209460800709","0,00000070231479574782","0,00000001256568081629","0,00000231730983966934","0,00000087431885870983","0,00000001141689517991","0,00000039428672433797","0,00000001503231970733","0,00000124837168346320","0,00000001367484567236","0,00000017522628891388"
"0,16736765190677138600","0,00000096956744190818","0,00000315149577052246","0,00000111833883388859","0,00000142218553234412","0,00000119336707810914","0,00000133169956942335","0,00000009473249741280","0,00000052245523442187","0,00000077143630103088","0,00000001212982343095","0,00000070688328506769","0,00000001256612573480","0,00000233183056542959","0,00000087975894882829","0,00000001142605856846","0,00000039540312939306","0,00000001501709118291","0,00000125237536713620","0,00000001368314883865","0,00000017723408024638"
"0,16937157454408602300","0,00000097517560859818","0,00000316711056989825","0,00000112353071498955","0,00000142972509412904","0,00000119741439561321","0,00000133671267729575","0,00000009540451770228","0,00000052642805265492","0,00000077706603085538","0,00000001215935927798","0,00000071143991032838","0,00000001256651356418","0,00000234635017091601","0,00000088522920141055","0,00000001143577172802","0,00000039654117124965","0,00000001500466584639","0,00000125643583040511","0,00000001369441394534","0,00000017920881615281"
"0,17137549718140063200","0,00000098079486491740","0,00000318275508356568","0,00000112873969416103","0,00000143724705991956","0,00000120145691616449","0,00000134171924429969","0,00000009607229565678","0,00000053042303439105","0,00000078268279638722","0,00000001218321554816","0,00000071598467152992","0,00000001256684430442","0,00000236086865612859","0,00000089072961645662","0,00000001144603465859","0,00000039770084990773","0,00000001499504369776","0,00000126055307326992","0,00000001370864099242","0,00000018115049663317"
"0,17337941981871526900","0,00000098642521086584","0,00000319842931152476","0,00000113396577140305","0,00000144475142971570","0,00000120549463976299","0,00000134671927043515","0,00000009673583127628","0,00000053444017963023","0,00000078828659762641","0,00000001220139224149","0,00000072051756867228","0,00000001256711795553","0,00000237538602106734","0,00000089626019396649","0,00000001145684736017","0,00000039888216536731","0,00000001498822473703","0,00000126472709573064","0,00000001372582997990","0,00000018305912168747"
"0,17538334245602990600","0,00000099206664644351","0,00000321413325377549","0,00000113920894671559","0,00000145223820351744","0,00000120952756640869","0,00000135171275570215","0,00000009739512456081","0,00000053847948837248","0,00000079387743457294","0,00000001221388935799","0,00000072503860175548","0,00000001256733451750","0,00000238990226573225","0,00000090182093394016","0,00000001146820983276","0,00000040008511762840","0,00000001498420896419","0,00000126895789778726","0,00000001374598090776","0,00000018493469131570"
"0,17738726509334454300","0,00000099771917165040","0,00000322986691031786","0,00000114446922009866","0,00000145970738132479","0,00000121355569610161","0,00000135669970010067","0,00000009805017551034","0,00000054254096061780","0,00000079945530722682","0,00000001222070689764","0,00000072954777077951","0,00000001256749399033","0,00000240441739012333","0,00000090741183637764","0,00000001148012207636","0,00000040130970669097","0,00000001498299637925","0,00000127324547943979","0,00000001376909377602","0,00000018677720551787"
"0,17939118773065915200","0,00000100338278648652","0,00000324563028115188","0,00000114974659155226","0,00000146715896313775","0,00000121757902884174","0,00000136168010363072","0,00000009870098412489","0,00000054662459636618","0,00000080502021558805","0,00000001222184486044","0,00000073404507574438","0,00000001256759637403","0,00000241893139424057","0,00000091303290127892","0,00000001149258409097","0,00000040255593255505","0,00000001498458698220","0,00000127758984068822","0,00000001379516858467","0,00000018858666429397"
"0,18139511036797378900","0,00000100905749095185","0,00000326142336627754","0,00000115504106107639","0,00000147459294895632","0,00000122159756462908","0,00000136665396629230","0,00000009934755040446","0,00000055073039561762","0,00000081057215965662","0,00000001221730324640","0,00000073853051665008","0,00000001256764166859","0,00000243344427808397","0,00000091868412864400","0,00000001150559587658","0,00000040382379522063","0,00000001498898077305","0,00000128199098153256","0,00000001382420533371","0,00000019036306764401"
"0,18339903300528842500","0,00000101474328504642","0,00000327724616569485","0,00000116035262867104","0,00000148200933878050","0,00000122561130346364","0,00000137162128808540","0,00000009998987434903","0,00000055485835837213","0,00000081611113943254","0,00000001220708205552","0,00000074300409349661","0,00000001256762987401","0,00000244795604165354","0,00000092436551847289","0,00000001151915743321","0,00000040511329468770","0,00000001499617775179","0,00000128644890197280","0,00000001385620402314","0,00000019210641556798"
"0,18540295564260306200","0,00000102044016877020","0,00000329309867940381","0,00000116568129433623","0,00000148940813261029","0,00000122962024534540","0,00000137658206901004","0,00000010062795595863","0,00000055900848462970","0,00000082163715491580","0,00000001219118128780","0,00000074746580628398","0,00000001256756099030","0,00000246246668494928","0,00000093007707076558","0,00000001153326876085","0,00000040642443095627","0,00000001500617791843","0,00000129096360200894","0,00000001389116465297","0,00000019381670806589"
"0,18740687827991767100","0,00000102614814212321","0,00000330898090740441","0,00000117102705807194","0,00000149678933044569","0,00000123362439027438","0,00000138153630906620","0,00000010126179523323","0,00000056318077439034","0,00000082715020610641","0,00000001216960094323","0,00000075191565501218","0,00000001256743501745","0,00000247697620797118","0,00000093581878552208","0,00000001154792985950","0,00000040775720402634","0,00000001501898127297","0,00000129553508164099","0,00000001392908722318","0,00000019549394513773"
"0,18941080091723230800","0,00000103186720510545","0,00000332489284969666","0,00000117638991987818","0,00000150415293228670","0,00000123762373825057","0,00000138648400825389","0,00000010189139217285","0,00000056737522765404","0,00000083265029300436","0,00000001214234102182","0,00000075635363968121","0,00000001256725195546","0,00000249148461071924","0,00000094159066274237","0,00000001156314072916","0,00000040911161389791","0,00000001503458781540","0,00000130016334086895","0,00000001396997173379","0,00000019713812678350"
"0,19141472355454694500","0,00000103759735771690","0,00000334083450628055","0,00000118176987975495","0,00000151149893813331","0,00000124161828927397","0,00000139142516657311","0,00000010251674677749","0,00000057159184442081","0,00000083813741560966","0,00000001210940152356","0,00000076077976029108","0,00000001256701180434","0,00000250599189319347","0,00000094739270242648","0,00000001157890136983","0,00000041048766057098","0,00000001505299754572","0,00000130484837969281","0,00000001401381818479","0,00000019874925300321"
"0,19341864619186155400","0,00000104333859995759","0,00000335680587715609","0,00000118716693770225","0,00000151882734798554","0,00000124560804334458","0,00000139635978402386","0,00000010313785904713","0,00000057583062469064","0,00000084361157392231","0,00000001207078244846","0,00000076519401684178","0,00000001256671456408","0,00000252049805539386","0,00000095322490457438","0,00000001159521178150","0,00000041188534404555","0,00000001507421046394","0,00000130959019811257","0,00000001406062657618","0,00000020032732379686"
"0,19542256882917619100","0,00000104909093182749","0,00000337280696232328","0,00000119258109372007","0,00000152613816184337","0,00000124959300046241","0,00000140128786060614","0,00000010375472898179","0,00000058009156846353","0,00000084907276794230","0,00000001202648379652","0,00000076959640933331","0,00000001256636023469","0,00000253500309732042","0,00000095908726918609","0,00000001161207196419","0,00000041330466432161","0,00000001509822657006","0,00000131438879612824","0,00000001411039690797","0,00000020187233916444"
"0,19742649146649082800","0,00000105485435332662","0,00000338883776178211","0,00000119801234780843","0,00000153343137970681","0,00000125357316062744","0,00000140620939631994","0,00000010436735658147","0,00000058437467573949","0,00000085452099766964","0,00000001197650556773","0,00000077398693776568","0,00000001256594881616","0,00000254950701897314","0,00000096497979626160","0,00000001162948191789","0,00000041474562139917","0,00000001512504586407","0,00000131924417373982","0,00000001416312918014","0,00000020338429910595"
"0,19943041410380546400","0,00000106062886445497","0,00000340489827553259","0,00000120346069996731","0,00000154070700157586","0,00000125754852383969","0,00000141112439116528","0,00000010497574184616","0,00000058867994651851","0,00000085995626310432","0,00000001192084776210","0,00000077836560213888","0,00000001256548030849","0,00000256400982035203","0,00000097090248580092","0,00000001164744164259","0,00000041620821527823","0,00000001515466834598","0,00000132415633094730","0,00000001421882339271","0,00000020486320362140"
"0,20143433674112007400","0,00000106640293723999","0,00000342096047761596","0,00000120890573661608","0,00000154796570493152","0,00000126153207769986","0,00000141604131134039","0,00000010558304376992","0,00000059299074978728","0,00000086538920807074","0,00000001186462666699","0,00000078273383457687","0,00000001256501378858","0,00000257849324094943","0,00000097684851671941","0,00000001166457185360","0,00000041768785304605","0,00000001518562579232","0,00000132907452630795","0,00000001427397035817","0,00000020632553797497"
"0,20343825937843471000","0,00000107216504370911","0,00000343699634207349","0,00000121432704417410","0,00000155520816725477","0,00000126553680980865","0,00000142096862304352","0,00000010619242134683","0,00000059729045453246","0,00000087083047639328","0,00000001181295856975","0,00000078709306720357","0,00000001256460833335","0,00000259293902025768","0,00000098281106793247","0,00000001167949326618","0,00000041917994178987","0,00000001521644997965","0,00000133394801837904","0,00000001432506088900","0,00000020778778743086"
"0,20544218201574934700","0,00000107791518386234","0,00000345300586890516","0,00000121972462264136","0,00000156243438854562","0,00000126956272016607","0,00000142590632627467","0,00000010680387457689","0,00000060157906075406","0,00000087628006807194","0,00000001176584347040","0,00000079144330001900","0,00000001256426394278","0,00000260734715827680","0,00000098879013944008","0,00000001169220588035","0,00000042068448150971","0,00000001524714090797","0,00000133877680716058","0,00000001437209498522","0,00000020924995198905"
"0,20744610465306398400","0,00000108365335769967","0,00000346898905811099","0,00000122509847201786","0,00000156964436880407","0,00000127360980877212","0,00000143085442103385","0,00000010741740346008","0,00000060585656845208","0,00000088173798310673","0,00000001172328136892","0,00000079578453302315","0,00000001256398061687","0,00000262171765500678","0,00000099478573124225","0,00000001170270969611","0,00000042220147220555","0,00000001527769857726","0,00000134356089265255","0,00000001441507264682","0,00000021071203164956"
"0,20945002729037859300","0,00000108937956522110","0,00000348494590969096","0,00000123044859230361","0,00000157683810803012","0,00000127767807562679","0,00000143581290732105","0,00000010803300799642","0,00000061012297762652","0,00000088720422149765","0,00000001168527226533","0,00000080011676621603","0,00000001256375835563","0,00000263605051044762","0,00000100079784333898","0,00000001171100471344","0,00000042373091387741","0,00000001530812298754","0,00000134830027485497","0,00000001445399387380","0,00000021217402641238"
"0,21145394992769323000","0,00000109509380642664","0,00000350087642364509","0,00000123577498349861","0,00000158401560622376","0,00000128176752073008","0,00000144078178513628","0,00000010865068818590","0,00000061437828827738","0,00000089267878324468","0,00000001165181615961","0,00000080443999959763","0,00000001256359715906","0,00000265034572459931","0,00000100682647573026","0,00000001171709093236","0,00000042527280652528","0,00000001533841413881","0,00000135299495376782","0,00000001448885866615","0,00000021363593627752"
"0,21345787256500786700","0,00000110079608131628","0,00000351678059997337","0,00000124107764560285","0,00000159117686338500","0,00000128587814408200","0,00000144576105447952","0,00000010927044402852","0,00000061862250040465","0,00000089816166834784","0,00000001162291305178","0,00000080875423316795","0,00000001256349702715","0,00000266460329746187","0,00000101287162841610","0,00000001172096835286","0,00000042682715014916","0,00000001536857203106","0,00000135764492939112","0,00000001451966702390","0,00000021509776124496"
"0,21546179520232250400","0,00000110648638989003","0,00000353265843867579","0,00000124635657861633","0,00000159832187951384","0,00000129000994568255","0,00000145075071535079","0,00000010989227552429","0,00000062285561400834","0,00000090365287680712","0,00000001159856294182","0,00000081305946692700","0,00000001256345795990","0,00000267882322903528","0,00000101893330139650","0,00000001172263697495","0,00000042839394474905","0,00000001539859666429","0,00000136225020172486","0,00000001454641894702","0,00000021655950131472"
"0,21746571783963711300","0,00000111216473214788","0,00000354850993975237","0,00000125161178253906","0,00000160545065461028","0,00000129416292553172","0,00000145575076775009","0,00000011051618267320","0,00000062707762908845","0,00000090915240862253","0,00000001157876582974","0,00000081735570087477","0,00000001256347995733","0,00000269300551931956","0,00000102501149467146","0,00000001172209679861","0,00000042997319032495","0,00000001542848803851","0,00000136681077076904","0,00000001456911443552","0,00000021802115648679"
"0,21946964047695174900","0,00000111783110808983","0,00000356433510320310","0,00000125684325737104","0,00000161256318867432","0,00000129833708362952","0,00000146076121167740","0,00000011114216547525","0,00000063128854564498","0,00000091466026379406","0,00000001156352171554","0,00000082164293501126","0,00000001256356301941","0,00000270715016831469","0,00000103110620824098","0,00000001171934782386","0,00000043156488687686","0,00000001545824615371","0,00000137132663652366","0,00000001458775348940","0,00000021948272676118"
"0,22147356311426638600","0,00000112348551771589","0,00000358013392902797","0,00000126205100311226","0,00000161965948170595","0,00000130253241997594","0,00000146578204713274","0,00000011177022393044","0,00000063548836367793","0,00000092017644232172","0,00000001155283059922","0,00000082592116933648","0,00000001256370714617","0,00000272125717602069","0,00000103721744210505","0,00000001171439005070","0,00000043316903440479","0,00000001548787100989","0,00000137579779898872","0,00000001460233610867","0,00000022094421213787"
"0,22347748575158102300","0,00000112912796102606","0,00000359590641722700","0,00000126723501976272","0,00000162673953370518","0,00000130674893457099","0,00000147081327411611","0,00000011240035803878","0,00000063967708318729","0,00000092570094420549","0,00000001154669248078","0,00000083019040385043","0,00000001256391233759","0,00000273532654243754","0,00000104334519626369","0,00000001170722347911","0,00000043478563290872","0,00000001551736260706","0,00000138022425816422","0,00000001461286229331","0,00000022240561261688"
"0,22548140838889563200","0,00000113475843802032","0,00000361165256780018","0,00000127239530732243","0,00000163380334467201","0,00000131098662741466","0,00000147585489262749","0,00000011303256780025","0,00000064385470417308","0,00000093123376944540","0,00000001154510736022","0,00000083445063855309","0,00000001256417859367","0,00000274935826756525","0,00000104948947071688","0,00000001169784810911","0,00000043641468238867","0,00000001554672094521","0,00000138460601405016","0,00000001461933204334","0,00000022386692819820"
"0,22748533102621026900","0,00000114037694869870","0,00000362737238074751","0,00000127753186579139","0,00000164085091460643","0,00000131524549850696","0,00000148090690266690","0,00000011366685321488","0,00000064802122663528","0,00000093677491804142","0,00000001154807523754","0,00000083870187344449","0,00000001256450591443","0,00000276335235140382","0,00000105565026546462","0,00000001168626394070","0,00000043805618284462","0,00000001557594602435","0,00000138894306664654","0,00000001462174535875","0,00000022532815888184"
"0,22948925366352490600","0,00000114598349306117","0,00000364306585606899","0,00000128264469516959","0,00000164788224350846","0,00000131952554784789","0,00000148596930423433","0,00000011430321428264","0,00000065217665057390","0,00000094232438999357","0,00000001155559611274","0,00000084294410852460","0,00000001256489429984","0,00000277730879395326","0,00000106182758050693","0,00000001167247097386","0,00000043971013427659","0,00000001560503784447","0,00000139323541595337","0,00000001462010223953","0,00000022678930466778"
"0,23149317630083951500","0,00000115157807110775","0,00000365873299376462","0,00000128773379545704","0,00000165489733137808","0,00000132382677543744","0,00000149104209732978","0,00000011494165100355","0,00000065632097598894","0,00000094788218530184","0,00000001156766998582","0,00000084717734379344","0,00000001256534374993","0,00000279122759521355","0,00000106802141584379","0,00000001165646920861","0,00000044137653668457","0,00000001563399640557","0,00000139748306197063","0,00000001461440268570","0,00000022825036555604"
"0,23349709893815415200","0,00000115716068283844","0,00000367437379383440","0,00000129279916665373","0,00000166189617821530","0,00000132814918127561","0,00000149612528195326","0,00000011558216337759","0,00000066045420288039","0,00000095344830396624","0,00000001158429685678","0,00000085140157925100","0,00000001256585426467","0,00000280510875518470","0,00000107423177147521","0,00000001163825864494","0,00000044305539006855","0,00000001566282170766","0,00000140168600469834","0,00000001460464669725","0,00000022971134154661"
"0,23550102157546878900","0,00000116273132825323","0,00000368998825627832","0,00000129784080875966","0,00000166887878402012","0,00000133249276536241","0,00000150121885810476","0,00000011622475140479","0,00000066457633124827","0,00000095902274598676","0,00000001160547672561","0,00000085561681489729","0,00000001256642584409","0,00000281895227386671","0,00000108045864740119","0,00000001161783928286","0,00000044474669442855","0,00000001569151375073","0,00000140584424413649","0,00000001459083427418","0,00000023117223263949"
"0,23750494421278342500","0,00000116829000735212","0,00000370557638109640","0,00000130285872177484","0,00000167584514879253","0,00000133685752769784","0,00000150632282578429","0,00000011686941508512","0,00000066868736109256","0,00000096460551136340","0,00000001163120959233","0,00000085982305073230","0,00000001256705848817","0,00000283275815125958","0,00000108670204362173","0,00000001159521112235","0,00000044645044976456","0,00000001572007253478","0,00000140995778028507","0,00000001457296541650","0,00000023263303883469"
"0,23950886685009803400","0,00000117383672013512","0,00000372113816828863","0,00000130785290569927","0,00000168279527253254","0,00000134124346828189","0,00000151143718499183","0,00000011751615441860","0,00000067278729241327","0,00000097019660009617","0,00000001166149545693","0,00000086402028675603","0,00000001256775219691","0,00000284652638736331","0,00000109296196013683","0,00000001157037416343","0,00000044816665607658","0,00000001574849805982","0,00000141402661314410","0,00000001455104012419","0,00000023409376013220"
"0,24151278948741267100","0,00000117937146660222","0,00000373667361785501","0,00000131282336053294","0,00000168972915524016","0,00000134565058711457","0,00000151656193572740","0,00000011816496940522","0,00000067687612521040","0,00000097579601218506","0,00000001169633431940","0,00000086820852296849","0,00000001256850697033","0,00000286025698217790","0,00000109923839694648","0,00000001154332840610","0,00000044989531336462","0,00000001577679032584","0,00000141805074271357","0,00000001452505839726","0,00000023555439653202"
"0,24351671212472730800","0,00000118489424675342","0,00000375218272979554","0,00000131777008627586","0,00000169664679691536","0,00000135007888419587","0,00000152169707799099","0,00000011881586004498","0,00000068095385948395","0,00000098140374763008","0,00000001173572617975","0,00000087238775936967","0,00000001256932280840","0,00000287394993570335","0,00000110553135405069","0,00000001151407385034","0,00000045163642162866","0,00000001580494933285","0,00000142203016899348","0,00000001449502023572","0,00000023701494803415"
"0,24552063476204194500","0,00000119040506058873","0,00000376766550411022","0,00000132269308292802","0,00000170354819755817","0,00000135452835952580","0,00000152684261178261","0,00000011946882633788","0,00000068502049523391","0,00000098701980643122","0,00000001177967103799","0,00000087655799595958","0,00000001257019971115","0,00000288760524793966","0,00000111184083144946","0,00000001148261049617","0,00000045338998086871","0,00000001583297508084","0,00000142596489198383","0,00000001446092563955","0,00000023847541463860"
"0,24752455739935655400","0,00000119590390810815","0,00000378312194079906","0,00000132759235048942","0,00000171043335716857","0,00000135899901310436","0,00000153199853710225","0,00000012012386828393","0,00000068907603246030","0,00000099264418858848","0,00000001182816889410","0,00000088071923273821","0,00000001257113767855","0,00000290122291888683","0,00000111816682914278","0,00000001144893834358","0,00000045515599108478","0,00000001586086756981","0,00000142985491168462","0,00000001442277460877","0,00000023993579634535"
"0,24952848003667119100","0,00000120139078931167","0,00000379855203986204","0,00000133246788896007","0,00000171730227574657","0,00000136349084493154","0,00000153716485394991","0,00000012078098588312","0,00000069312047116310","0,00000099827689410187","0,00000001188121974809","0,00000088487146970556","0,00000001257213671063","0,00000291480294854485","0,00000112450934713067","0,00000001141305739258","0,00000045693445227685","0,00000001588862679977","0,00000143370022809586","0,00000001438056714337","0,00000024139609315442"
"0,25153240267398580000","0,00000120686890960685","0,00000381397505668092","0,00000133732932674756","0,00000172415147541201","0,00000136799155670534","0,00000154233141507482","0,00000012143573063760","0,00000069715675941392","0,00000100391201028204","0,00000001193431551756","0,00000088901582237656","0,00000001257254901242","0,00000292835415747940","0,00000113085434454305","0,00000001137819878968","0,00000045872217956995","0,00000001591540247656","0,00000143753502865766","0,00000001433961393749","0,00000024284885935149"
"0,25353632531130043700","0,00000121234147440125","0,00000382941024663745","0,00000134218629225948","0,00000173097747828473","0,00000137248885012375","0,00000154748807322621","0,00000012208365404950","0,00000070118784528436","0,00000100954362443968","0,00000001198294812009","0,00000089315340626613","0,00000001257172678899","0,00000294188536625614","0,00000113718778050986","0,00000001134759368140","0,00000046051598808910","0,00000001594034430604","0,00000144139350081018","0,00000001430522568528","0,00000024428664922224"
"0,25554024794861507300","0,00000121780848369488","0,00000384485760973164","0,00000134703878549582","0,00000173778028436472","0,00000137698272518679","0,00000155263482840408","0,00000012272475611884","0,00000070521372877443","0,00000101517173657477","0,00000001202711755569","0,00000089728422137426","0,00000001256967004033","0,00000295539657487507","0,00000114350965503111","0,00000001132124206775","0,00000046231587783429","0,00000001596345228820","0,00000144527564455341","0,00000001427740238672","0,00000024570946276668"
"0,25754417058592971000","0,00000122326993748773","0,00000386031714596347","0,00000135188680645659","0,00000174455989365199","0,00000138147318189444","0,00000155777168060843","0,00000012335903684561","0,00000070923440988412","0,00000102079634668733","0,00000001206682382436","0,00000090140826770095","0,00000001256637876644","0,00000296888778333619","0,00000114981996810679","0,00000001129914394872","0,00000046412184880553","0,00000001598472642304","0,00000144918145988735","0,00000001425614404184","0,00000024711729998480"
"0,25954809322324434700","0,00000122872583577980","0,00000387578885533296","0,00000135673035514179","0,00000175131630614654","0,00000138596022024671","0,00000156289862983926","0,00000012398649622980","0,00000071324988861343","0,00000102641745477734","0,00000001210206692609","0,00000090552554524622","0,00000001256185296733","0,00000298235899163950","0,00000115611871973691","0,00000001128129932432","0,00000046593390100281","0,00000001600416671057","0,00000145311094681200","0,00000001424145065061","0,00000024851016087661"
"0,26155201586055898400","0,00000123417617857109","0,00000389127273784009","0,00000136156943155141","0,00000175804952184836","0,00000139044384024360","0,00000156801567609657","0,00000012460713427143","0,00000071726016496236","0,00000103203506084480","0,00000001213284686089","0,00000090963605401005","0,00000001255609264299","0,00000299581019978500","0,00000116240590992147","0,00000001126770819455","0,00000046775203442614","0,00000001602177315079","0,00000145706410532735","0,00000001423332221305","0,00000024988804544210"
"0,26355593849787362100","0,00000123962096586160","0,00000390676879348488","0,00000136640403568547","0,00000176475954075746","0,00000139492404188510","0,00000157312281938035","0,00000012522095097049","0,00000072126523893092","0,00000103764916488973","0,00000001215916362876","0,00000091373979399244","0,00000001254909779343","0,00000300924140777268","0,00000116868153866046","0,00000001125837055939","0,00000046957624907551","0,00000001603754574369","0,00000146104093543342","0,00000001423175872916","0,00000025125095368128"
"0,26555986113518820200","0,00000124506019765134","0,00000392227702226732","0,00000137123416754395","0,00000177144636287384","0,00000139940082517122","0,00000157822005969061","0,00000012582794632697","0,00000072526511051909","0,00000104325976691211","0,00000001218101722970","0,00000091783676519340","0,00000001254086841864","0,00000302265261560256","0,00000117494560595388","0,00000001125328641886","0,00000047140654495092","0,00000001605148448928","0,00000146504143713020","0,00000001423676019893","0,00000025259888559414"
"0,26756378377250283900","0,00000125049387394030","0,00000393779742418741","0,00000137605982712685","0,00000177810998819749","0,00000140387419010196","0,00000158330739702736","0,00000012642812034089","0,00000072925977972689","0,00000104886686691196","0,00000001219840766370","0,00000092192696761293","0,00000001253140451862","0,00000303604382327462","0,00000118119811180174","0,00000001125245577296","0,00000047324292205238","0,00000001606358938755","0,00000146906561041768","0,00000001424832662236","0,00000025393184118068"
"0,26956770640981747600","0,00000125592199472848","0,00000395332999924516","0,00000138088101443419","0,00000178475041672842","0,00000140834413667731","0,00000158838483139058","0,00000012702147301224","0,00000073324924655431","0,00000105447046488926","0,00000001221133493077","0,00000092601040125102","0,00000001252070609337","0,00000304941503078887","0,00000118743905620403","0,00000001125587862168","0,00000047508538037988","0,00000001607386043850","0,00000147311345529588","0,00000001426645799946","0,00000025524982044091"
"0,27157162904713211300","0,00000126134456001588","0,00000396887474744055","0,00000138569772946595","0,00000179136764846663","0,00000141281066489729","0,00000159345236278028","0,00000012760800434102","0,00000073723351100136","0,00000106007056084402","0,00000001221979903090","0,00000093008706610768","0,00000001250877314290","0,00000306276623814531","0,00000119366843916076","0,00000001126355496503","0,00000047693391993343","0,00000001608229764214","0,00000147718497176479","0,00000001429115433022","0,00000025655282337482"
"0,27357555168444674900","0,00000126676156980250","0,00000398443166877359","0,00000139050997222214","0,00000179796168341211","0,00000141727377476188","0,00000159850999119645","0,00000012818771432723","0,00000074121257306802","0,00000106566715477624","0,00000001222379996411","0,00000093415696218290","0,00000001249560566720","0,00000307609744534394","0,00000119988626067192","0,00000001127548480300","0,00000047878854071302","0,00000001608890099847","0,00000148128015982440","0,00000001432241561464","0,00000025784084998242"
"0,27557947432176138600","0,00000127217302408835","0,00000400000076324429","0,00000139531774270276","0,00000180453252156488","0,00000142173346627108","0,00000160355771663911","0,00000012876060297086","0,00000074518643275431","0,00000107126024668591","0,00000001222333773038","0,00000093822008947669","0,00000001248120366628","0,00000308940865238476","0,00000120609252073751","0,00000001129166813559","0,00000048064924271866","0,00000001609367050748","0,00000148539901947473","0,00000001436024185273","0,00000025911390026370"
"0,27758339695907602300","0,00000127757892287341","0,00000401558203085263","0,00000140012104090781","0,00000181108016292491","0,00000142618973942490","0,00000160859553910825","0,00000012932667027193","0,00000074915509006022","0,00000107684983657304","0,00000001221841232972","0,00000094227644798905","0,00000001246556714013","0,00000310269985926777","0,00000121228721935755","0,00000001131210496281","0,00000048251602595034","0,00000001609660616917","0,00000148954155071576","0,00000001440463304448","0,00000026037197421867"
"0,27958731959639066000","0,00000128297926615770","0,00000403117547159863","0,00000140491986683728","0,00000181760460749223","0,00000143064259422335","0,00000161362345860386","0,00000012988591623043","0,00000075311854498575","0,00000108243592443764","0,00000001220902376212","0,00000094632603771997","0,00000001244869608875","0,00000311597106599297","0,00000121847035653201","0,00000001133679528466","0,00000048438889040807","0,00000001609770798355","0,00000149370775354751","0,00000001445558918990","0,00000026161507184732"
"0,28159124223370524100","0,00000128837405394122","0,00000404678108548228","0,00000140971422049118","0,00000182410585526682","0,00000143509203066640","0,00000161864147512595","0,00000013043834084636","0,00000075707679753090","0,00000108801851027969","0,00000001219517202759","0,00000095036885866946","0,00000001243059051215","0,00000312922227256035","0,00000122464193226091","0,00000001136573910112","0,00000048626783609184","0,00000001609697595061","0,00000149789762796996","0,00000001451311028898","0,00000026284319314965"
"0,28359516487101987800","0,00000129376328622395","0,00000406239887250358","0,00000141450410186951","0,00000183058390624869","0,00000143953804875408","0,00000162364958867452","0,00000013098394411972","0,00000076102984769568","0,00000109359759409920","0,00000001217685712613","0,00000095440491083751","0,00000001241125041032","0,00000314245347896993","0,00000123080194654425","0,00000001139893641222","0,00000048815286300165","0,00000001609441007036","0,00000150211117398313","0,00000001457719634173","0,00000026405633812567"
"0,28559908750833451500","0,00000129914696300591","0,00000407802883266253","0,00000141928951097227","0,00000183703876043784","0,00000144398064848637","0,00000162864779924957","0,00000013152272605051","0,00000076497769548008","0,00000109917317589616","0,00000001215407905774","0,00000095843419422413","0,00000001239067578326","0,00000315566468522169","0,00000123695039938202","0,00000001143638721794","0,00000049004397113751","0,00000001609001034280","0,00000150634839158700","0,00000001464784734814","0,00000026525450677538"
"0,28760301014564915200","0,00000130452508428708","0,00000409367096595913","0,00000142407044779945","0,00000184347041783426","0,00000144841982986328","0,00000163363610685110","0,00000013205468663873","0,00000076892034088410","0,00000110474525567059","0,00000001212683782241","0,00000096245670882932","0,00000001236886663097","0,00000316885589131565","0,00000124308729077422","0,00000001147809151828","0,00000049194116049942","0,00000001608377676792","0,00000151060928078159","0,00000001472506330821","0,00000026643769909877"
"0,28960693278296378800","0,00000130989765006748","0,00000410932527239339","0,00000142884691235106","0,00000184987887843796","0,00000145285559288480","0,00000163861451147911","0,00000013257982588438","0,00000077285778390774","0,00000111031383342247","0,00000001209513342015","0,00000096647245465307","0,00000001234582295346","0,00000318202709725179","0,00000124921262072086","0,00000001152404931325","0,00000049384443108737","0,00000001607570934572","0,00000151489384156688","0,00000001480884422195","0,00000026760591509584"
"0,29161085542027842500","0,00000131526466034711","0,00000412499175196529","0,00000143361890462710","0,00000185626414224894","0,00000145728793755095","0,00000164358301313360","0,00000013309814378746","0,00000077679002455101","0,00000111587890915181","0,00000001205896585096","0,00000097048143169539","0,00000001232154475073","0,00000319517830303012","0,00000125532638922194","0,00000001157426060284","0,00000049575378290136","0,00000001606580807621","0,00000151920207394289","0,00000001489919008935","0,00000026875915476660"
"0,29361477805759306200","0,00000132062611512595","0,00000414067040467484","0,00000143838642462757","0,00000186262620926719","0,00000146171686386171","0,00000164854161181456","0,00000013360964034797","0,00000078071706281389","0,00000112144048285861","0,00000001201833511483","0,00000097448363995627","0,00000001229603202276","0,00000320830950865064","0,00000126142859627745","0,00000001162872538705","0,00000049766921594140","0,00000001605407295938","0,00000152353397790960","0,00000001499610091041","0,00000026989741811104"
"0,29561870069490764300","0,00000132598201440401","0,00000415636123052205","0,00000144314947235246","0,00000186896507949272","0,00000146614237181708","0,00000165349030752200","0,00000013411431556591","0,00000078463889869640","0,00000112699855454287","0,00000001197324121177","0,00000097847907943572","0,00000001226928476957","0,00000322142071411335","0,00000126751924188739","0,00000001168744366590","0,00000049959073020748","0,00000001604050399524","0,00000152788955346702","0,00000001509957668514","0,00000027102070512917"
"0,29762262333222228000","0,00000133133235818130","0,00000417206422950691","0,00000144790804780178","0,00000187528075292553","0,00000147056446141708","0,00000165842910025593","0,00000013461216944128","0,00000078855553219853","0,00000113255312420459","0,00000001192368414178","0,00000098246775013373","0,00000001224130299116","0,00000323451191941824","0,00000127359832605177","0,00000001175041543936","0,00000050151832569961","0,00000001602510118379","0,00000153226880061516","0,00000001520961741353","0,00000027212901582098"
"0,29962654596953691700","0,00000133667714645781","0,00000418777940162942","0,00000145266215097553","0,00000188157322956561","0,00000147498313266169","0,00000166335799001633","0,00000013510320197408","0,00000079246696332028","0,00000113810419184376","0,00000001186966390486","0,00000098644965205032","0,00000001221208668751","0,00000324758312456533","0,00000127966584877058","0,00000001181764070745","0,00000050345200241778","0,00000001600786452501","0,00000153667171935400","0,00000001532622309559","0,00000027322235018647"
"0,30163046860685155400","0,00000134202759637188","0,00000420346624432004","0,00000145741091065303","0,00000188786076015009","0,00000147941060571200","0,00000166828687621018","0,00000013559493730940","0,00000079637270583183","0,00000114364805253740","0,00000001181559622642","0,00000099042300008772","0,00000001218380182139","0,00000326062346513211","0,00000128572329790946","0,00000001188382993343","0,00000050539112198307","0,00000001599152640188","0,00000154107134394138","0,00000001544150840836","0,00000027431243025157"
"0,30363439124416619100","0,00000134739492506183","0,00000421908425500923","0,00000146215345561361","0,00000189416159541609","0,00000148385910072912","0,00000167322565824444","0,00000013609489959233","0,00000080027227350333","0,00000114918100136252","0,00000001176589683188","0,00000099438600914819","0,00000001215861435553","0,00000327362207669608","0,00000129177216133404","0,00000001194369358057","0,00000050733504601655","0,00000001597881919734","0,00000154544070863513","0,00000001554758802890","0,00000027541097804217"
"0,30563831388148082800","0,00000135277913252768","0,00000423463343369699","0,00000146688978585725","0,00000190047573536360","0,00000148832861771302","0,00000167817433611911","0,00000013660308882286","0,00000080416566633478","0,00000115470303831911","0,00000001172056572124","0,00000099833867923173","0,00000001213652428994","0,00000328657895925725","0,00000129781243904432","0,00000001199723164887","0,00000050928377451822","0,00000001596974291138","0,00000154977981343525","0,00000001564446195719","0,00000027651799355828"
"0,30764223651879546400","0,00000135818021876941","0,00000425011378038333","0,00000147161990138397","0,00000190680317999263","0,00000149281915666372","0,00000168313290983420","0,00000013711950500100","0,00000080805288432620","0,00000116021416340718","0,00000001167960289450","0,00000100228101033835","0,00000001211753162462","0,00000329949411281560","0,00000130384413104029","0,00000001204444413832","0,00000051123730748809","0,00000001596429754402","0,00000155408865834174","0,00000001573213019326","0,00000027763347679990"
"0,30964615915611010100","0,00000136359818378704","0,00000426552529506823","0,00000147634380219377","0,00000191314392930318","0,00000149733071758121","0,00000168810137938971","0,00000013764414812674","0,00000081193392747757","0,00000116571437662673","0,00000001164300835167","0,00000100621300246804","0,00000001210163635956","0,00000331236753737115","0,00000130986723732197","0,00000001208533104893","0,00000051319564492614","0,00000001596248309525","0,00000155836724335459","0,00000001581059273708","0,00000027875742776703"
"0,31165008179342468200","0,00000136903302758055","0,00000428086797775171","0,00000148106148828663","0,00000191949798329524","0,00000150186330046549","0,00000169307974478562","0,00000013817701820009","0,00000081580879578890","0,00000117120367797775","0,00000001161078209274","0,00000101013465562080","0,00000001208883849476","0,00000332519923292390","0,00000131588175788934","0,00000001211989238070","0,00000051515878683239","0,00000001596429956507","0,00000156261556847381","0,00000001587984958867","0,00000027988984645966"
"0,31365400443073931900","0,00000137448475014995","0,00000429614182843376","0,00000148577295966258","0,00000192586534196882","0,00000150641690531657","0,00000169806800602196","0,00000013871811522104","0,00000081967748926019","0,00000117668206746025","0,00000001158292411770","0,00000101404596979664","0,00000001207913803023","0,00000333798919947384","0,00000132188769274241","0,00000001214812813362","0,00000051712673320683","0,00000001596974695347","0,00000156683363369940","0,00000001593990074802","0,00000028103073287781"
"0,31565792706805395600","0,00000137995335149525","0,00000431134684711438","0,00000149047821632159","0,00000193224600532392","0,00000151099153213444","0,00000170306616309870","0,00000013926743918961","0,00000082354000789144","0,00000118214954507422","0,00000001155943442657","0,00000101794694499554","0,00000001207253496597","0,00000335073743702097","0,00000132788504188119","0,00000001217003830770","0,00000051909948404946","0,00000001597882526047","0,00000157102143903136","0,00000001599074621513","0,00000028218008702147"
"0,31766184970536859300","0,00000138543883161643","0,00000432648303379357","0,00000149517725826368","0,00000193863997336053","0,00000151558718091910","0,00000170807421601586","0,00000013982499010577","0,00000082739635168264","0,00000118760611081967","0,00000001154031301935","0,00000102183758121752","0,00000001206902930197","0,00000336344394556530","0,00000133387380530566","0,00000001218562290294","0,00000052107703936028","0,00000001599153448606","0,00000157517898446968","0,00000001603238599001","0,00000028333790889063"
"0,31966577234268323000","0,00000139094119051350","0,00000434155038847134","0,00000149987008548884","0,00000194504724607866","0,00000152020385167056","0,00000171309216477344","0,00000014039076796955","0,00000083124652063380","0,00000119305176469660","0,00000001152555989602","0,00000102571787846257","0,00000001206862103824","0,00000337610872510681","0,00000133985398301582","0,00000001219488191933","0,00000052305939913929","0,00000001600787463024","0,00000157930627001438","0,00000001606482007265","0,00000028450419848531"
"0,32166969497999786700","0,00000139646042818646","0,00000435654891114767","0,00000150455669799707","0,00000195146782347831","0,00000152484154438881","0,00000171812000937143","0,00000014096477278093","0,00000083509051474492","0,00000119848650670500","0,00000001151517505659","0,00000102958783673069","0,00000001207131017478","0,00000338873177564553","0,00000134582557501169","0,00000001219781535689","0,00000052504656338650","0,00000001602784569301","0,00000158340329566544","0,00000001608804846305","0,00000028567895580549"
"0,32367361761731250300","0,00000140199654463531","0,00000437147860182258","0,00000150923709578838","0,00000195790170555947","0,00000152950025907386","0,00000172315774980983","0,00000014154700453992","0,00000083892833401599","0,00000120391033684488","0,00000001150915850107","0,00000103344745602189","0,00000001207709671158","0,00000340131309718143","0,00000135178858129326","0,00000001219442321559","0,00000052703853210189","0,00000001605144767437","0,00000158747006142287","0,00000001610207116122","0,00000028686218085118"
"0,32567754025462714000","0,00000140754953986006","0,00000438633946049606","0,00000151391127886277","0,00000196434889232215","0,00000153417999572570","0,00000172820538608865","0,00000014213746324651","0,00000084275997844703","0,00000120932325511623","0,00000001150751022944","0,00000103729673633615","0,00000001208598064865","0,00000341385268971453","0,00000135774300186052","0,00000001218470549546","0,00000052903530528548","0,00000001607868057432","0,00000159150656728666","0,00000001610688816715","0,00000028805387362238"
"0,32768146289194172200","0,00000141311941386069","0,00000440113148716811","0,00000151857924722022","0,00000197080938376635","0,00000153888075434433","0,00000173326291820788","0,00000014273614890071","0,00000084658544803802","0,00000121472526151907","0,00000001151023024172","0,00000104113567767349","0,00000001209796198598","0,00000342635055324482","0,00000136368883671349","0,00000001216866219648","0,00000053103688293726","0,00000001610954439286","0,00000159551281325683","0,00000001610249948084","0,00000028925403411909"
"0,32968538552925635800","0,00000141870616663721","0,00000441585468183873","0,00000152324100086075","0,00000197728317989206","0,00000154360253492976","0,00000173833034616753","0,00000014334306150251","0,00000085040474278896","0,00000122011635605337","0,00000001151731853790","0,00000104496428003390","0,00000001211304072358","0,00000343880668777231","0,00000136962608585215","0,00000001214629331866","0,00000053304326505723","0,00000001614403912999","0,00000159948879933336","0,00000001608890510230","0,00000029046266234131"
"0,33168930816657099500","0,00000142430979818962","0,00000443050904450793","0,00000152789653978435","0,00000198377028069929","0,00000154834533748198","0,00000174340766996759","0,00000014395820105192","0,00000085421786269987","0,00000122549653871916","0,00000001152877511798","0,00000104878254341739","0,00000001213121686144","0,00000345122109329699","0,00000137555474927651","0,00000001211759886200","0,00000053505445164540","0,00000001618216478572","0,00000160343452551626","0,00000001606610503152","0,00000029167975828904"
"0,33369323080388563200","0,00000142993030851792","0,00000444509457517569","0,00000153254586399103","0,00000199027068618804","0,00000155310916200099","0,00000174849488960806","0,00000014458156754894","0,00000085802480777073","0,00000123086580951641","0,00000001154459998196","0,00000105259046782394","0,00000001215249039957","0,00000346359376981886","0,00000138147482698657","0,00000001208257882650","0,00000053707044270175","0,00000001622392136003","0,00000160734999180552","0,00000001603409926851","0,00000029290532196228"
"0,33569715344120026900","0,00000143556769762210","0,00000445961127384203","0,00000153718897348078","0,00000199678439635830","0,00000155789400848680","0,00000175359200508895","0,00000014521316099356","0,00000086182557800155","0,00000123622416844515","0,00000001156479312984","0,00000105638805325357","0,00000001217686133797","0,00000347592471733793","0,00000138738631898233","0,00000001204123321215","0,00000053909123822630","0,00000001626930885293","0,00000161123519820116","0,00000001599288781325","0,00000029413935336102"
"0,33770107607851490600","0,00000144122196550218","0,00000447405914050693","0,00000154182586825360","0,00000200331141121008","0,00000156269987693940","0,00000175869901641025","0,00000014585298138579","0,00000086562017339233","0,00000124157161550536","0,00000001158935456163","0,00000106017529970627","0,00000001220432967663","0,00000348821393585419","0,00000139328922526378","0,00000001199356201895","0,00000054111683821904","0,00000001631832726442","0,00000161509014470316","0,00000001594247066576","0,00000029538185248528"
"0,33970499871582954200","0,00000144689311215815","0,00000448843817517041","0,00000154645654830950","0,00000200985173074338","0,00000156752676735879","0,00000176381592357197","0,00000014650102872563","0,00000086940859394307","0,00000124690815069705","0,00000001161828427731","0,00000106395220718204","0,00000001223489541556","0,00000350046142536764","0,00000139918354583094","0,00000001193956524692","0,00000054314724267996","0,00000001637097659451","0,00000161891483131153","0,00000001588284782604","0,00000029663281933504"
"0,34170892135314412400","0,00000145258113759001","0,00000450274837783247","0,00000155108101364847","0,00000201640535495819","0,00000157237467974498","0,00000176894272657410","0,00000014715730301307","0,00000087319083965376","0,00000125223377402021","0,00000001165158227690","0,00000106771877568089","0,00000001226855855475","0,00000351266718587829","0,00000140506928068380","0,00000001187924289604","0,00000054518245160909","0,00000001642725684318","0,00000162270925802627","0,00000001581401929407","0,00000029789225391032"
"0,34371284399045876100","0,00000145828604179776","0,00000451698974849309","0,00000155569926427051","0,00000202297228385452","0,00000157724361409796","0,00000177407942541665","0,00000014782180424812","0,00000087696691052441","0,00000125754848547485","0,00000001168924856039","0,00000107147500520280","0,00000001230531909421","0,00000352483121738613","0,00000141094642982235","0,00000001181259496632","0,00000054722246500640","0,00000001648716801045","0,00000162647342484738","0,00000001573598506987","0,00000029916015621110"
"0,34571676662777339700","0,00000146400782478139","0,00000453116228715228","0,00000156031130017563","0,00000202955251743237","0,00000158213357041773","0,00000177922602009961","0,00000014849453243077","0,00000088073680655502","0,00000126285228506097","0,00000001173128312778","0,00000107522089574779","0,00000001234517703394","0,00000353695351989116","0,00000141681499324660","0,00000001173962145776","0,00000054926728287190","0,00000001655071009630","0,00000163020733177485","0,00000001564874515344","0,00000030043652623739"
"0,34772068926508803400","0,00000146974648654092","0,00000454526599381005","0,00000156491712136382","0,00000203614605569173","0,00000158704454870430","0,00000178438251062298","0,00000014917548756103","0,00000088450052774559","0,00000126814517277856","0,00000001177768597907","0,00000107895644731585","0,00000001238813237393","0,00000354903409339339","0,00000142267497095655","0,00000001166032237035","0,00000055131690520560","0,00000001661788310075","0,00000163391097880870","0,00000001555229954476","0,00000030172136398919"
"0,34972461190240267100","0,00000147550202707634","0,00000455930086846639","0,00000156951672783509","0,00000204275289863261","0,00000159197654895766","0,00000178954889698677","0,00000014986466963890","0,00000088825807409611","0,00000127342714862763","0,00000001182845711426","0,00000108268165990698","0,00000001243418511419","0,00000356107293789281","0,00000142852636295220","0,00000001157469770410","0,00000055337133200749","0,00000001668868702378","0,00000163758436594891","0,00000001544664824385","0,00000030301466946650"
"0,35172853453971730800","0,00000148125116754579","0,00000457329279123102","0,00000157410788976892","0,00000204935519706555","0,00000159691492947081","0,00000179471364094611","0,00000015055347332754","0,00000089200901634828","0,00000127870200788527","0,00000001187961291027","0,00000108639512187413","0,00000001248040782257","0,00000357308476315313","0,00000143436847594851","0,00000001148946694574","0,00000055542420566358","0,00000001675969739794","0,00000164123790579302","0,00000001534187442530","0,00000030430459473923"
"0,35373245717703194500","0,00000148697062910742","0,00000458726764221366","0,00000157868837734482","0,00000205593510180112","0,00000160184504853673","0,00000179986520425614","0,00000015123329329014","0,00000089575292524378","0,00000128397354582860","0,00000001192716974402","0,00000109009542157022","0,00000001252387306696","0,00000358508427893804","0,00000144020061666042","0,00000001141134958201","0,00000055746916855991","0,00000001682748975574","0,00000164488201093858","0,00000001524806126371","0,00000030557929187729"
"0,35573637981434658200","0,00000149266041176123","0,00000460122542141432","0,00000158325819056278","0,00000206249261283929","0,00000160676690615544","0,00000180500358691686","0,00000015190412952669","0,00000089948980078261","0,00000128924176245761","0,00000001197112761550","0,00000109378255899526","0,00000001256458084734","0,00000359707148524755","0,00000144602278508794","0,00000001134034561291","0,00000055950622069647","0,00000001689206409719","0,00000164851668138558","0,00000001516520875907","0,00000030683876088068"
"0,35774030245166116300","0,00000149832051550722","0,00000461516612883300","0,00000158781732942280","0,00000206902773018008","0,00000161168050232693","0,00000181012878892828","0,00000015256598203720","0,00000090321964296476","0,00000129450665777230","0,00000001201148652472","0,00000109745653414926","0,00000001260253116372","0,00000360904638208165","0,00000145183498123106","0,00000001127645503843","0,00000056153536207326","0,00000001695342042229","0,00000165214191713403","0,00000001509331691138","0,00000030808300174940"
"0,35974422508897580000","0,00000150395094034538","0,00000462908976446968","0,00000159236579392489","0,00000207554045382349","0,00000161658583705119","0,00000181524081029039","0,00000015321885082165","0,00000090694245179025","0,00000129976823177268","0,00000001204824647167","0,00000110111734703220","0,00000001263772401610","0,00000362100896944035","0,00000145763720508980","0,00000001121967785858","0,00000056355659269028","0,00000001701155873104","0,00000165575771818392","0,00000001503238572065","0,00000030931201448345"
"0,36174814772629043600","0,00000150955168627573","0,00000464299632832438","0,00000159690358406904","0,00000208203078376951","0,00000162148291032824","0,00000182033965100318","0,00000015386273588006","0,00000091065822725907","0,00000130502648445873","0,00000001208140745636","0,00000110476499764409","0,00000001267015940447","0,00000363295924732365","0,00000146342945666414","0,00000001117001407335","0,00000056556991254754","0,00000001706647902344","0,00000165936408453526","0,00000001498241518687","0,00000031052579908282"
"0,36375207036360507300","0,00000151512275329826","0,00000465688582039710","0,00000160143069985526","0,00000208849872001815","0,00000162637172215806","0,00000182542531106667","0,00000015449763721243","0,00000091436696937122","0,00000131028141583047","0,00000001211096947878","0,00000110839948598493","0,00000001269983732884","0,00000364489721573154","0,00000146921173595409","0,00000001112746368275","0,00000056757532164502","0,00000001711818129949","0,00000166296101618803","0,00000001494340531004","0,00000031172435554753"
"0,36575599300091971000","0,00000152066414141296","0,00000467075824068783","0,00000160594714128354","0,00000209494426256941","0,00000163125227254067","0,00000183049779048086","0,00000015512355481874","0,00000091806867812671","0,00000131553302588789","0,00000001213693253894","0,00000111202081205472","0,00000001272675778920","0,00000365682287466403","0,00000147498404295965","0,00000001109202668677","0,00000056957281998273","0,00000001716666555918","0,00000166654851314225","0,00000001491535609017","0,00000031290768387757"
"0,36775991563823434700","0,00000152617585061985","0,00000468461358919657","0,00000161045290835389","0,00000210136741142327","0,00000163612456147605","0,00000183555708924573","0,00000015574048869901","0,00000092176335352552","0,00000132078131463099","0,00000001215929663683","0,00000111562897585346","0,00000001275092078557","0,00000366873622412111","0,00000148074637768082","0,00000001106370308543","0,00000057156240756067","0,00000001721193180253","0,00000167012657539792","0,00000001489826752726","0,00000031407578407293"
"0,36976383827554898400","0,00000153165788091891","0,00000469845186592333","0,00000161494800106629","0,00000210776816657976","0,00000164098858896422","0,00000184060320736129","0,00000015634843885323","0,00000092545099556766","0,00000132602628205977","0,00000001217806177246","0,00000111922397738115","0,00000001277232631793","0,00000368063726410279","0,00000148649874011759","0,00000001104249287870","0,00000057354408437885","0,00000001725398002952","0,00000167369520295503","0,00000001489213962130","0,00000031522865613363"
"0,37176776091286356500","0,00000153711023231015","0,00000471227307086810","0,00000161943241942077","0,00000211414652803886","0,00000164584435500516","0,00000184563614482755","0,00000015694740528141","0,00000092913160425313","0,00000133126792817424","0,00000001219322794582","0,00000112280581663779","0,00000001279097438628","0,00000369252599460907","0,00000149224113026998","0,00000001102839606661","0,00000057551785043725","0,00000001729281024016","0,00000167725439581358","0,00000001489697237229","0,00000031636630005965"
"0,37377168355017820200","0,00000154253290479358","0,00000472607720403088","0,00000162390616341730","0,00000212050249580058","0,00000165069185959889","0,00000185065590164450","0,00000015753738798353","0,00000093280517958193","0,00000133650625297438","0,00000001220479515692","0,00000112637449362337","0,00000001280686499063","0,00000370440241563994","0,00000149797354813797","0,00000001102141264914","0,00000057748370573589","0,00000001732842243445","0,00000168080415397358","0,00000001491276578024","0,00000031748871585100"
"0,37577560618749283900","0,00000154792589836918","0,00000473986426541168","0,00000162836923305590","0,00000212683606986491","0,00000165553110274539","0,00000185566247781214","0,00000015811838695961","0,00000093647172155407","0,00000134174125646021","0,00000001221276340576","0,00000112993000833791","0,00000001281999813098","0,00000371626652719541","0,00000150369599372156","0,00000001102154262630","0,00000057944165027476","0,00000001736081661239","0,00000168434447743501","0,00000001493951984514","0,00000031859590350769"
"0,37777952882480747600","0,00000155328921303696","0,00000475363425501049","0,00000163282162833657","0,00000213314725023185","0,00000166036208444467","0,00000186065587333047","0,00000015869040220965","0,00000094013123016953","0,00000134697293863172","0,00000001221713269232","0,00000113347236078140","0,00000001283037380733","0,00000372811832927548","0,00000150940846702077","0,00000001102878599808","0,00000058139168405385","0,00000001738999277398","0,00000168787536619790","0,00000001497723456700","0,00000031968786302970"
"0,37978345146212211200","0,00000155862284879692","0,00000476738717282732","0,00000163726334925930","0,00000213943603690142","0,00000166518480469673","0,00000186563608819949","0,00000015925343373363","0,00000094378370542832","0,00000135220129948891","0,00000001221790301663","0,00000113700155095384","0,00000001283799201967","0,00000373995782188014","0,00000151511096803559","0,00000001104314276449","0,00000058333380707318","0,00000001741595091921","0,00000169139682026222","0,00000001502590994581","0,00000032076459441704"
"0,38178737409943674900","0,00000156392680564906","0,00000478112301886216","0,00000164169439582409","0,00000214570242987359","0,00000166999926350157","0,00000187060312241920","0,00000015980748153157","0,00000094742914733045","0,00000135742633903178","0,00000001221507437867","0,00000114051757885522","0,00000001284285276801","0,00000375178500500940","0,00000152080349676601","0,00000001106461292552","0,00000058526801933274","0,00000001743869104810","0,00000169490883962799","0,00000001508554598158","0,00000032182609766971"
"0,38379129673675138600","0,00000156920108359338","0,00000479484179311501","0,00000164611476803094","0,00000215194642914839","0,00000167480546085920","0,00000187555697598961","0,00000016035254560346","0,00000095106755587590","0,00000136264805726034","0,00000001220864677844","0,00000114402044448556","0,00000001284495605235","0,00000376359987866325","0,00000152648605321204","0,00000001109319648118","0,00000058719432083253","0,00000001745821316063","0,00000169841142429521","0,00000001515614267430","0,00000032287237278771"
"0,38579521937406602300","0,00000157444568262988","0,00000480854349558588","0,00000165052446587986","0,00000215816803472580","0,00000167960339676960","0,00000188049764891071","0,00000016088862594931","0,00000095469893106469","0,00000136786645417458","0,00000001219862021595","0,00000114751014784484","0,00000001284430187268","0,00000377540244284170","0,00000153215863737368","0,00000001112889343147","0,00000058911271157255","0,00000001747451725681","0,00000170190457426387","0,00000001523770002398","0,00000032390341977105"
"0,38779914201138060400","0,00000157966060275855","0,00000482222812627477","0,00000165492348937085","0,00000216436724660582","0,00000168439307123278","0,00000188542514118249","0,00000016141572256911","0,00000095832327289681","0,00000137308152977449","0,00000001218499469120","0,00000115098668893308","0,00000001284089022902","0,00000378719269754475","0,00000153782124925093","0,00000001117170377639","0,00000059102319155280","0,00000001748760333664","0,00000170538828953397","0,00000001533021803061","0,00000032491923861971"
"0,38980306464869524100","0,00000158484584397941","0,00000483589568518166","0,00000165931183850390","0,00000217054406478846","0,00000168917448424874","0,00000189033945280497","0,00000016193383546286","0,00000096194058137225","0,00000137829328406009","0,00000001216777020418","0,00000115445006775026","0,00000001283472112134","0,00000379897064277239","0,00000154347388884378","0,00000001122162751593","0,00000059292576077328","0,00000001749747140012","0,00000170886257010551","0,00000001543369669419","0,00000032591982933370"
"0,39180698728600987800","0,00000159000140629245","0,00000484954617230657","0,00000166368951327901","0,00000217669848927372","0,00000169394763581748","0,00000189524058377815","0,00000016244296463056","0,00000096555085649103","0,00000138350171703137","0,00000001214694675490","0,00000115790028429640","0,00000001282579454967","0,00000381073627852463","0,00000154911655615224","0,00000001127866465009","0,00000059482041923399","0,00000001750412144725","0,00000171232741597850","0,00000001554813601473","0,00000032690519191301"
"0,39381090992332451500","0,00000159512728969766","0,00000486317958764950","0,00000166805651369618","0,00000218283052006159","0,00000169871252593900","0,00000190012853410201","0,00000016294311007222","0,00000096915409825314","0,00000138870682868834","0,00000001212252434335","0,00000116133733857148","0,00000001281411051399","0,00000382248960480146","0,00000155474925117631","0,00000001134281517888","0,00000059670716693493","0,00000001750755347803","0,00000171578282715293","0,00000001567353599223","0,00000032787532635766"
"0,39581483256063915100","0,00000160022349419505","0,00000487679593121044","0,00000167241283975542","0,00000218894015715207","0,00000170346915461329","0,00000190500330377656","0,00000016343427178782","0,00000097275030665857","0,00000139390861903098","0,00000001209450296954","0,00000116476123057551","0,00000001279966901430","0,00000383423062160290","0,00000156037197391599","0,00000001141407910230","0,00000059858600387611","0,00000001750776749245","0,00000171922880362881","0,00000001580989662667","0,00000032883023266764"
"0,39781875519795378800","0,00000160529001978463","0,00000489039520298939","0,00000167675849145673","0,00000219502740054517","0,00000170821752184037","0,00000190986489280181","0,00000016391644977739","0,00000097633948170734","0,00000139910708805931","0,00000001206288263346","0,00000116817196030849","0,00000001278247005062","0,00000384595932892892","0,00000156598472437128","0,00000001149245642035","0,00000060045693005751","0,00000001750476349052","0,00000172266534540613","0,00000001595721791808","0,00000032976991084295"
"0,39982267783526842500","0,00000161032686646638","0,00000490397740298636","0,00000168109346880009","0,00000220109225024089","0,00000171295762762023","0,00000191471330117775","0,00000016438964404090","0,00000097992162339944","0,00000140430223577332","0,00000001202766333511","0,00000117156952777042","0,00000001276251362293","0,00000385767572677955","0,00000157158750254217","0,00000001157794713302","0,00000060231994547915","0,00000001749854147225","0,00000172609245248489","0,00000001611549986643","0,00000033069436088359"
"0,40182660047258300600","0,00000161534629884708","0,00000491752880288009","0,00000168541683184759","0,00000220714170390665","0,00000171770107203122","0,00000191956095276224","0,00000016486184771092","0,00000098349639734517","0,00000140948842460032","0,00000001199273388009","0,00000117496012279047","0,00000001274177180522","0,00000386936513692232","0,00000157716842797126","0,00000001166380430231","0,00000060418543449149","0,00000001749084725077","0,00000172951527425906","0,00000001627381260805","0,00000033161739555859"
"0,40383052310989764300","0,00000162036058153349","0,00000493103567434934","0,00000168972764066130","0,00000221318275920989","0,00000172245945515170","0,00000192442027141316","0,00000016534105392001","0,00000098706346915484","0,00000141466001696762","0,00000001196198307396","0,00000117834993519779","0,00000001272221667149","0,00000388101288112480","0,00000158271562020113","0,00000001174328099023","0,00000060606378144503","0,00000001748342663926","0,00000173293896012259","0,00000001642122627925","0,00000033255282763700"
"0,40583444574721228000","0,00000162536971452560","0,00000494449801739411","0,00000169402589524120","0,00000221921541615060","0,00000172723277698166","0,00000192929125713049","0,00000016582726266816","0,00000099062283882844","0,00000141981701287522","0,00000001193541091672","0,00000118173896499238","0,00000001270384822172","0,00000389261895938699","0,00000158822907923177","0,00000001181637719678","0,00000060795498633976","0,00000001747627963771","0,00000173636351007550","0,00000001655774088001","0,00000033350065711881"
"0,40783836838452691700","0,00000163037369782343","0,00000495791583201439","0,00000169831159558730","0,00000222523967472878","0,00000173202103752111","0,00000193417390991425","0,00000016632047395537","0,00000099417450636598","0,00000142495941232312","0,00000001191301740838","0,00000118512721217425","0,00000001268666645593","0,00000390418337170888","0,00000159370880506320","0,00000001188309292194","0,00000060985904917568","0,00000001746940624611","0,00000173978892411777","0,00000001668335641034","0,00000033446088400402"
"0,40984229102184155400","0,00000163537253142697","0,00000497128911821020","0,00000170258474169961","0,00000223125553494444","0,00000173682423677004","0,00000193906822976443","0,00000016682068778165","0,00000099771847176746","0,00000143008721531132","0,00000001189480254893","0,00000118851467674339","0,00000001267067137410","0,00000391570611809048","0,00000159915479769540","0,00000001194342816573","0,00000061177596995279","0,00000001746280646448","0,00000174321520224940","0,00000001679807287025","0,00000033543350829264"
"0,41184621365915619100","0,00000164036621533622","0,00000498461787598152","0,00000170684533357811","0,00000223726299679757","0,00000174164237472846","0,00000194397421668103","0,00000016732790414698","0,00000100125473503287","0,00000143520042183982","0,00000001188076633838","0,00000119190135869981","0,00000001265586297625","0,00000392718719853178","0,00000160456705712838","0,00000001199738292814","0,00000061370574867110","0,00000001745648029280","0,00000174664234447041","0,00000001690189025973","0,00000033641852998467"
"0,41385013629647082700","0,00000164535474955118","0,00000499790210532836","0,00000171109337122282","0,00000224326206028818","0,00000174647545139637","0,00000194889187066405","0,00000016784212305139","0,00000100478329616222","0,00000144029903190862","0,00000001187090877673","0,00000119528725804350","0,00000001264224126236","0,00000393862661303279","0,00000160994558336214","0,00000001204495720918","0,00000061564838533059","0,00000001745042773109","0,00000175007035078078","0,00000001699480857877","0,00000033741594908009"
"0,41585405893378546400","0,00000165033813407185","0,00000501114180625071","0,00000171532885463373","0,00000224925272541626","0,00000175132346677376","0,00000195382119171349","0,00000016836334449485","0,00000100830415515550","0,00000144538304551772","0,00000001186522986397","0,00000119867237477447","0,00000001262980623245","0,00000395002436159351","0,00000161529037639668","0,00000001208615100884","0,00000061760387993128","0,00000001744464877933","0,00000175349922118052","0,00000001707682782739","0,00000033842576557892"
"0,41785798157110004600","0,00000165531636889822","0,00000502433697874859","0,00000171955178381083","0,00000225523499218181","0,00000175618642086064","0,00000195876217982936","0,00000016889156847738","0,00000101181731201272","0,00000145045246266712","0,00000001186372960011","0,00000120205670889271","0,00000001261855788650","0,00000396138044421393","0,00000162060143623200","0,00000001212096432712","0,00000061957223247316","0,00000001743914343754","0,00000175692895566962","0,00000001714794800559","0,00000033944797948116"
"0,41986190420841468200","0,00000166028945403031","0,00000503748762282198","0,00000172376215875414","0,00000226120886058484","0,00000176106431365700","0,00000196371483501164","0,00000016942679499897","0,00000101532276673388","0,00000145550728335682","0,00000001186640798514","0,00000120544026039823","0,00000001260849622452","0,00000397269486089405","0,00000162587876286809","0,00000001214939716403","0,00000062155344295623","0,00000001743391170571","0,00000176035955424809","0,00000001720816911335","0,00000034048259078679"
"0,42186582684572931900","0,00000166525738946811","0,00000505059373847089","0,00000172795997946366","0,00000226717433062534","0,00000176595714516285","0,00000196867915726035","0,00000016996902405962","0,00000101882051931897","0,00000146054750758683","0,00000001187326501907","0,00000120882302929102","0,00000001259962124652","0,00000398396761163389","0,00000163112235630497","0,00000001217144951956","0,00000062354751138050","0,00000001742895358383","0,00000176379101691593","0,00000001725749115068","0,00000034152959949584"
"0,42386974948304395600","0,00000167022017521162","0,00000506365532569532","0,00000173214524593937","0,00000227313140230332","0,00000177086491537819","0,00000197365514657547","0,00000017051825565934","0,00000102231056976800","0,00000146557313535713","0,00000001188430070190","0,00000121220501557109","0,00000001259193295248","0,00000399519869643343","0,00000163633221654262","0,00000001218712139371","0,00000062555443774595","0,00000001742426907192","0,00000176722334367314","0,00000001729591411759","0,00000034258900560828"
"0,42587367212035859300","0,00000167517781126084","0,00000507667238449527","0,00000173631795818128","0,00000227908007561877","0,00000177578762430301","0,00000197864280295702","0,00000017107448979812","0,00000102579291808096","0,00000147058416666773","0,00000001189951503362","0,00000121558621923843","0,00000001258543134242","0,00000400638811529267","0,00000164150834358105","0,00000001219641278649","0,00000062757422205260","0,00000001741985816996","0,00000177065653451971","0,00000001732343801406","0,00000034366080912413"
"0,42787759475767323000","0,00000168013029761577","0,00000508964491487073","0,00000174047811618940","0,00000228502035057169","0,00000178072527193732","0,00000198364212640499","0,00000017163772647596","0,00000102926756425786","0,00000147558060151864","0,00000001191890801423","0,00000121896664029305","0,00000001258011641632","0,00000401753586821162","0,00000164665073742027","0,00000001219932369789","0,00000062960686430044","0,00000001741572087797","0,00000177409058945565","0,00000001734006284011","0,00000034474501004339"
"0,42988151739498786600","0,00000168507763427641","0,00000510257291682171","0,00000174462571996371","0,00000229095222716209","0,00000178567785828111","0,00000198865311691938","0,00000017220796569287","0,00000103273450829869","0,00000148056243990984","0,00000001194247964374","0,00000122234627873494","0,00000001257598817419","0,00000402864195519028","0,00000165175939806025","0,00000001219585412791","0,00000063165236448947","0,00000001741185719593","0,00000177752550848096","0,00000001734578859573","0,00000034584160836604"
"0,43188544003230244800","0,00000169001982124276","0,00000511545639034821","0,00000174876076950423","0,00000229687570538996","0,00000179064538333439","0,00000199367577450019","0,00000017278520744884","0,00000103619375020347","0,00000148552968184134","0,00000001197022992215","0,00000122572513456411","0,00000001257304661604","0,00000403970637622864","0,00000165683432550102","0,00000001218600407656","0,00000063371072261969","0,00000001740826712386","0,00000178096129159563","0,00000001734061528092","0,00000034695060409210"
"0,43388936266961708500","0,00000169495685851482","0,00000512829533545023","0,00000175288326481095","0,00000230279078525530","0,00000179562784709716","0,00000199871009914742","0,00000017336945174387","0,00000103964528997217","0,00000149048232731315","0,00000001200215884945","0,00000122910320778055","0,00000001257129174185","0,00000405072913132671","0,00000166187551974257","0,00000001216977354383","0,00000063578193869110","0,00000001740495066174","0,00000178439793879967","0,00000001732454289568","0,00000034807199722157"
"0,43589328530693172100","0,00000169988874609259","0,00000514108975212776","0,00000175699320588387","0,00000230869746675812","0,00000180062524956941","0,00000200375609086108","0,00000017396069857796","0,00000104308912760482","0,00000149542037632525","0,00000001203826642565","0,00000123248049838427","0,00000001257072355164","0,00000406171022048449","0,00000166688298078490","0,00000001214716252973","0,00000063786601270371","0,00000001740190780958","0,00000178783545009308","0,00000001729757144002","0,00000034920578775444"
"0,43789720794424635800","0,00000170481548397607","0,00000515383964038081","0,00000176109059272298","0,00000231459574989841","0,00000180563759075115","0,00000200881374964115","0,00000017455894795112","0,00000104652526310140","0,00000150034382887765","0,00000001207855265075","0,00000123585700637526","0,00000001257134204539","0,00000407264964370197","0,00000167185670862800","0,00000001211817103424","0,00000063996294465751","0,00000001739913856739","0,00000179127382547586","0,00000001725970091392","0,00000035035197569071"
"0,43990113058156099500","0,00000170973707216526","0,00000516654500020938","0,00000176517542532831","0,00000232048563467618","0,00000181066487064237","0,00000201388307548765","0,00000017516419986334","0,00000104995369646191","0,00000150525268497036","0,00000001212301752474","0,00000123923273175353","0,00000001257314722311","0,00000408354740097915","0,00000167679670327188","0,00000001208279905738","0,00000064207273455250","0,00000001739664293515","0,00000179471306494800","0,00000001721093131740","0,00000035151056103039"
"0,44190505321887563200","0,00000171465351066016","0,00000517920583161347","0,00000176924770369983","0,00000232636712109142","0,00000181570708924308","0,00000201896406840057","0,00000017577645431463","0,00000105337442768636","0,00000151014694460336","0,00000001217166104762","0,00000124260767451907","0,00000001257613908481","0,00000409440349231605","0,00000168170296471655","0,00000001204104659915","0,00000064419538238868","0,00000001739442091288","0,00000179815316850951","0,00000001715126265044","0,00000035268154377347"
"0,44390897585619026900","0,00000171956479946077","0,00000519182213459308","0,00000177330742783755","0,00000233224020914414","0,00000182076424655327","0,00000202405672837990","0,00000017639571130497","0,00000105678745677475","0,00000151502660777667","0,00000001222448321940","0,00000124598183467188","0,00000001258031763047","0,00000410521791771264","0,00000168657549296199","0,00000001199291365953","0,00000064633088816605","0,00000001739247250056","0,00000180159413616039","0,00000001708069491306","0,00000035386492391995"
"0,44591289849350490600","0,00000172447093856709","0,00000520439390914820","0,00000177735459774148","0,00000233810489883432","0,00000182583634257295","0,00000202916105542566","0,00000017702197083439","0,00000106019278372707","0,00000151989167449028","0,00000001228148404008","0,00000124935521221198","0,00000001258568286010","0,00000411599067716895","0,00000169141428800820","0,00000001193840023855","0,00000064847925188462","0,00000001739079769821","0,00000180503596790063","0,00000001699922810525","0,00000035506070146984"
"0,44791682113081948700","0,00000172937192797913","0,00000521692115527884","0,00000178138921341160","0,00000234396119016199","0,00000183092337730212","0,00000203427704953784","0,00000017765523290286","0,00000106359040854333","0,00000152474214474418","0,00000001234266350965","0,00000125272780713934","0,00000001259223477371","0,00000412672177068496","0,00000169621934985520","0,00000001187750633618","0,00000065064047354437","0,00000001738939650581","0,00000180847866373024","0,00000001690686222701","0,00000035626887642313"
"0,44992074376813412400","0,00000173426776769687","0,00000522940387298500","0,00000178541127484793","0,00000234980908312712","0,00000183602535074077","0,00000203940471071644","0,00000017829549751040","0,00000106698033122352","0,00000152957801853839","0,00000001240802162812","0,00000125609961945398","0,00000001259997337128","0,00000413741119826067","0,00000170099067850298","0,00000001181023195244","0,00000065281455314532","0,00000001738826892337","0,00000181192222364922","0,00000001680359727835","0,00000035748944877983"
"0,45192466640544876000","0,00000173916345439024","0,00000524184992972433","0,00000178943522490160","0,00000235564879343638","0,00000184113501112439","0,00000204452567573760","0,00000017893715379674","0,00000107037343444301","0,00000153440577914187","0,00000001246916873107","0,00000125947085709338","0,00000001260805756853","0,00000414808710557999","0,00000170575646261789","0,00000001174396189787","0,00000065497888305279","0,00000001739374621984","0,00000181536490583257","0,00000001669866913687","0,00000035870524494563"
"0,45392858904276339700","0,00000174406398472917","0,00000525426719295448","0,00000179347550642376","0,00000236148053679639","0,00000184624510668847","0,00000204962158137742","0,00000017957459090165","0,00000107378060087715","0,00000153923190982361","0,00000001251771515411","0,00000126284172799500","0,00000001261564628115","0,00000415877763832680","0,00000171054489086629","0,00000001168608098304","0,00000065711085563210","0,00000001741215966416","0,00000181880496845529","0,00000001660131368022","0,00000035989909132626"
"0,45593251168007803400","0,00000174896935871366","0,00000526665566267545","0,00000179753211941441","0,00000236730431320716","0,00000185135563743300","0,00000205469242763593","0,00000018020780882510","0,00000107720183052593","0,00000154405641058360","0,00000001255366089722","0,00000126621223215885","0,00000001262273950915","0,00000416948279650110","0,00000171535596324818","0,00000001163658920794","0,00000065921047088325","0,00000001744350925633","0,00000182224241151738","0,00000001651153090838","0,00000036107098792171"
"0,45793643431739267100","0,00000175387957634371","0,00000527901533888724","0,00000180160506387354","0,00000237312012266869","0,00000185646660335799","0,00000205973821451312","0,00000018083680756712","0,00000108063712338936","0,00000154887928142184","0,00000001257700596042","0,00000126958236958493","0,00000001262933725252","0,00000418020258010289","0,00000172018967976355","0,00000001159548657256","0,00000066127772880626","0,00000001748779499634","0,00000182567723501885","0,00000001642932082136","0,00000036222093473198"
"0,45994035695470730800","0,00000175879463761931","0,00000529134622158986","0,00000180569433980116","0,00000237892796518098","0,00000186157800446343","0,00000206475894200898","0,00000018146158712769","0,00000108408647946744","0,00000155370052233834","0,00000001258775034369","0,00000127295214027325","0,00000001263543951127","0,00000419093698913218","0,00000172504604041242","0,00000001156277307692","0,00000066331262940110","0,00000001754501688420","0,00000182910943895968","0,00000001635468341916","0,00000036334893175707"
"0,46194427959202194500","0,00000176371454254048","0,00000530364831078330","0,00000180979994719727","0,00000238472784074403","0,00000186668984074932","0,00000206975461012352","0,00000018208214750682","0,00000108754989876017","0,00000155852013333309","0,00000001258589404705","0,00000127632154422379","0,00000001264104628539","0,00000420168602358896","0,00000172992504519477","0,00000001153844872102","0,00000066531517266779","0,00000001761517491992","0,00000183253902333989","0,00000001628761870178","0,00000036445497899697"
"0,46394820222933652600","0,00000176863929110719","0,00000531592160646755","0,00000181392188606187","0,00000239051974935783","0,00000187180211221567","0,00000207472521885674","0,00000018269848870450","0,00000109102738126754","0,00000156333811440610","0,00000001257143707048","0,00000127969058143656","0,00000001264615757489","0,00000421244968347323","0,00000173482669411061","0,00000001152251350484","0,00000066728535860633","0,00000001769826910348","0,00000183596598815948","0,00000001622812666921","0,00000036553907645170"
"0,46595212486665116300","0,00000177356888331947","0,00000532816610864263","0,00000181806015639496","0,00000239630369102240","0,00000187691481886247","0,00000207967076820864","0,00000018331061072074","0,00000109451892698956","0,00000156815446555735","0,00000001254437941400","0,00000128305925191156","0,00000001265077337976","0,00000422322796878500","0,00000173975098715994","0,00000001151496742839","0,00000066922318721671","0,00000001779429943489","0,00000183939033341843","0,00000001617620732146","0,00000036660122412125"
"0,46795604750396580000","0,00000177850331917730","0,00000534038181730854","0,00000182221475819653","0,00000240207966573773","0,00000188202796068973","0,00000208459125817921","0,00000018391851355554","0,00000109802453592624","0,00000157296918678687","0,00000001250472107759","0,00000128642755564879","0,00000001265489370001","0,00000423402087952426","0,00000174469792434276","0,00000001151581049168","0,00000067112865849894","0,00000001790326591415","0,00000184281205911676","0,00000001613186065853","0,00000036764142200562"
"0,46995997014128043600","0,00000178344259868069","0,00000535256873246526","0,00000182638569146659","0,00000240784767350381","0,00000188714153769744","0,00000208948668876847","0,00000018452219720889","0,00000110154420807755","0,00000157778227809463","0,00000001245246206127","0,00000128979549264825","0,00000001265851853564","0,00000424482841569101","0,00000174966750565907","0,00000001152504269469","0,00000067300177245301","0,00000001802516854126","0,00000184623116525446","0,00000001609508668042","0,00000036865967010481"
"0,47196389277859507300","0,00000178838672182964","0,00000536472685411281","0,00000183057295620514","0,00000241360771432065","0,00000189225554988561","0,00000209435705997640","0,00000018512166168080","0,00000110507794344352","0,00000158259373948065","0,00000001238760236502","0,00000129316306290994","0,00000001266164788664","0,00000425565057728525","0,00000175465973110886","0,00000001154266403744","0,00000067484252907892","0,00000001816000731622","0,00000184964765183154","0,00000001606588538712","0,00000036965596841882"
"0,47396781541590971000","0,00000179333568862414","0,00000537685618225117","0,00000183477655241218","0,00000241935978818826","0,00000189736999725423","0,00000209920237180301","0,00000018571690697126","0,00000110862574202414","0,00000158740357094493","0,00000001231014198885","0,00000129653026643386","0,00000001266428175301","0,00000426648736430699","0,00000175967460069215","0,00000001156867451992","0,00000067665092837668","0,00000001830778223903","0,00000185306151884798","0,00000001604425677864","0,00000037063031694765"
"0,47597173805322434700","0,00000179828949906421","0,00000538895671688036","0,00000183899648008770","0,00000242510389510662","0,00000190248487980331","0,00000210402262424830","0,00000018630793308028","0,00000111218760381940","0,00000159221177248745","0,00000001222008093277","0,00000129989710322001","0,00000001266642013476","0,00000427733877675622","0,00000176471211440892","0,00000001160307414213","0,00000067842697034629","0,00000001846849330969","0,00000185647276630380","0,00000001603020085498","0,00000037158271569130"
"0,47797566069053892800","0,00000180324815314983","0,00000540102845800037","0,00000184323273923171","0,00000243084003507574","0,00000190760019753284","0,00000210881781731227","0,00000018689474000786","0,00000111576352882931","0,00000159701834410823","0,00000001211741919676","0,00000130326357326839","0,00000001266806303189","0,00000428820481463295","0,00000176977227225918","0,00000001164586290407","0,00000068017065498774","0,00000001864214052819","0,00000185988139419900","0,00000001602371761614","0,00000037251316464977"
"0,47997958332785356500","0,00000180821165088100","0,00000541307140561120","0,00000184748532984421","0,00000243656820809562","0,00000191271595044282","0,00000211358795099491","0,00000018747732775399","0,00000111935351705387","0,00000160182328580727","0,00000001200215678083","0,00000130662967657900","0,00000001266921044439","0,00000429908547793717","0,00000177485507424293","0,00000001169704080574","0,00000068188198230104","0,00000001882872389455","0,00000186328740253356","0,00000001602480706212","0,00000037342166382306"
"0,48198350596516820200","0,00000181317999225774","0,00000542508555971286","0,00000185175425192520","0,00000244228841416626","0,00000191783213853326","0,00000211833302529623","0,00000018805569631868","0,00000112295756849308","0,00000160662659758455","0,00000001187429368499","0,00000130999541315184","0,00000001266986237227","0,00000430998076666888","0,00000177996052036017","0,00000001175660784715","0,00000068356095228618","0,00000001902824340875","0,00000186669079130750","0,00000001603346919291","0,00000037430821321117"
"0,48398742860248283900","0,00000181815317728003","0,00000543707092030533","0,00000185603950547468","0,00000244800065328766","0,00000192294876180415","0,00000212305304021623","0,00000018862984570193","0,00000112657568314693","0,00000161142827944009","0,00000001173382990922","0,00000131336078298691","0,00000001267001881552","0,00000432089068082808","0,00000178508861061090","0,00000001182456402828","0,00000068520756494316","0,00000001924069907080","0,00000187009156052081","0,00000001604970400852","0,00000037517281281410"
"0,48599135123979747500","0,00000182313120594787","0,00000544902748738863","0,00000186034109049264","0,00000245370492545981","0,00000192806582025550","0,00000212774799575491","0,00000018919977590373","0,00000113020786101544","0,00000161622833137389","0,00000001158076545353","0,00000131672578608420","0,00000001266967977415","0,00000433181522041477","0,00000179023934499512","0,00000001190090934915","0,00000068682182027199","0,00000001946609088070","0,00000187348971017349","0,00000001607351150895","0,00000037601546263185"
"0,48799527387711211200","0,00000182811407826128","0,00000546095526096275","0,00000186465900697909","0,00000245940123068273","0,00000193318331388730","0,00000213241789191227","0,00000018976548692408","0,00000113385410209859","0,00000162102675338594","0,00000001141510031793","0,00000132009042244373","0,00000001266884524815","0,00000434275438542896","0,00000179541272351282","0,00000001198564380975","0,00000068840371827267","0,00000001970441883846","0,00000187688524026554","0,00000001610489169420","0,00000037683616266442"
"0,48999919651442674900","0,00000183310179422024","0,00000547285424102769","0,00000186899325493403","0,00000246508956895640","0,00000193830124269956","0,00000213706272868830","0,00000019032697876300","0,00000113751440639639","0,00000162582354547624","0,00000001123683450240","0,00000132345469206549","0,00000001266751523753","0,00000435370817587065","0,00000180060874616401","0,00000001207876741008","0,00000068995325894519","0,00000001995568294406","0,00000188027815079697","0,00000001614384456426","0,00000037763491291182"
"0,49200311915174138600","0,00000183809435382476","0,00000548472442758345","0,00000187334383435746","0,00000247076994028084","0,00000194341960669227","0,00000214168250608302","0,00000019088425142047","0,00000114118877390883","0,00000163061870764479","0,00000001104596800695","0,00000132681859494948","0,00000001266568974228","0,00000436467659173982","0,00000180582741294870","0,00000001218028015014","0,00000069147044228956","0,00000002021988319750","0,00000188366844176777","0,00000001619037011914","0,00000037841171337403"
"0,49400704178905596700","0,00000184309175707484","0,00000549656582063003","0,00000187771074524937","0,00000247644234465603","0,00000194853840586543","0,00000214627722409641","0,00000019143730489649","0,00000114487720463593","0,00000163541223989160","0,00000001084250083158","0,00000133018213109569","0,00000001266336876241","0,00000437565963303649","0,00000181106872386687","0,00000001229018202993","0,00000069295526830577","0,00000002049701959880","0,00000188705611317794","0,00000001624446835884","0,00000037916656405106"
"0,49601096442637060400","0,00000184809400397047","0,00000550837842016744","0,00000188209398760977","0,00000248210678208199","0,00000195365764021905","0,00000215084688272848","0,00000019198613919108","0,00000114857969857767","0,00000164020414221667","0,00000001062643297630","0,00000133354530050414","0,00000001266055229791","0,00000438665729976065","0,00000181633267891853","0,00000001240847304945","0,00000069440773699382","0,00000002078709214795","0,00000189044116502749","0,00000001630613928336","0,00000037989946494291"
"0,49801488706368524100","0,00000185310109451167","0,00000552016222619566","0,00000188649356143866","0,00000248776325255870","0,00000195877730975312","0,00000215539148197922","0,00000019253075430422","0,00000115229625573406","0,00000164499441461998","0,00000001039776444109","0,00000133690810317482","0,00000001265724034879","0,00000439766959191231","0,00000182161927810367","0,00000001253515320871","0,00000069582784835372","0,00000002109010084495","0,00000189382359731641","0,00000001637538289269","0,00000038061041604958"
"0,50001880970099987800","0,00000185811302869841","0,00000553191723871471","0,00000189090946673604","0,00000249341175608617","0,00000196389741446765","0,00000215991102184865","0,00000019307115023591","0,00000115602687610510","0,00000164978305710155","0,00000001015649522596","0,00000134027053910772","0,00000001265343291505","0,00000440869650949145","0,00000182692852142231","0,00000001267022250769","0,00000069721560238547","0,00000002140604568979","0,00000189720341004470","0,00000001645219918685","0,00000038129941737107"
