Variable Source,dev1,dev2,dev3,dev4,dev5,dev6,dev7,dev8,dev9,dev10,dev11,dev12,dev13,dev14,dev15,dev16,dev17,Dev 18,Dev 19,Dev 20
"-0,49993858631900023300","0,00000192757593841344","0,00000135150213723797","0,00000003493146347528","0,00000137734927460629","0,00000061293716059359","0,00000001171579708267","0,00000049553935437773","0,00000063307716557807","0,00000001221343417970","0,00000017378299064178","0,00000056444311197109","0,00000122734987437004","0,00000207153382771946","0,00000217465759814382","0,00000108561137833377","0,00000050763941040509","0,00000263930062497924","0,00000232376769670010","0,00000181931518615743","0,00000337254380959435"
"-0,49793466368168559600","0,00000192216303550728","0,00000134779225795476","0,00000003481455585100","0,00000137604746482598","0,00000061155752541098","0,00000001165175066443","0,00000049477718250498","0,00000063157483130773","0,00000001200214240151","0,00000017295618363888","0,00000056327741991461","0,00000122462895052635","0,00000206816751904380","0,00000216982722161906","0,00000108322847015563","0,00000050664427589829","0,00000263491415744654","0,00000231885481836361","0,00000181368533383832","0,00000336550455757484"
"-0,49593074104437096000","0,00000191671212311483","0,00000134404945461765","0,00000003470602792062","0,00000137467557254098","0,00000061015224675122","0,00000001159442273444","0,00000049401645237168","0,00000063007430432465","0,00000001180590924410","0,00000017213692494256","0,00000056209903958213","0,00000122187582046512","0,00000206471975488604","0,00000216494203377631","0,00000108081518124317","0,00000050562310671318","0,00000263041755482431","0,00000231391725070963","0,00000180805568496582","0,00000335837285318569"
"-0,49392681840705632300","0,00000191122320123607","0,00000134027372722664","0,00000003460587968413","0,00000137323359775126","0,00000060872132461430","0,00000001154381329271","0,00000049325716397782","0,00000062857558462885","0,00000001162473470748","0,00000017132521455281","0,00000056090797097364","0,00000121909048418635","0,00000206119053524617","0,00000216000203461558","0,00000107837151159637","0,00000050457590284977","0,00000262581081711255","0,00000230895499373816","0,00000180242623953993","0,00000335114869642690"
"-0,49192289576974174100","0,00000190569626987102","0,00000133646507578173","0,00000003451411114154","0,00000137172154045685","0,00000060726475900023","0,00000001149992233923","0,00000049249931732339","0,00000062707867222030","0,00000001145861879164","0,00000017052105246965","0,00000055970421408915","0,00000121627294169005","0,00000205757986012420","0,00000215500722413687","0,00000107589746121525","0,00000050350266430805","0,00000262109394431127","0,00000230396804744918","0,00000179679699756064","0,00000334383208729848"
"-0,48991897313242710500","0,00000190013132901966","0,00000133262350028291","0,00000003443072229285","0,00000137013940065772","0,00000060578254990900","0,00000001146274987401","0,00000049174291240841","0,00000062558356709903","0,00000001130756149659","0,00000016972443869306","0,00000055848776892866","0,00000121342319297621","0,00000205388772952011","0,00000214995760234018","0,00000107339303009980","0,00000050240339108803","0,00000261626693642046","0,00000229895641184271","0,00000179116795902796","0,00000333642302580041"
"-0,48791505049511246800","0,00000189452837868200","0,00000132874900073019","0,00000003435571313805","0,00000136848717835390","0,00000060427469734061","0,00000001143229589704","0,00000049098794923287","0,00000062409026926502","0,00000001117156282232","0,00000016893537322306","0,00000055725863549217","0,00000121054123804483","0,00000205011414343393","0,00000214485316922551","0,00000107085821825003","0,00000050127808318970","0,00000261132979344012","0,00000229392008691874","0,00000178553912394188","0,00000332892151193270"
"-0,48591112785779783100","0,00000188888741885805","0,00000132484157712357","0,00000003428908367716","0,00000136676487354536","0,00000060274120129506","0,00000001140856040833","0,00000049023442779677","0,00000062259877871828","0,00000001105062276884","0,00000016815385605963","0,00000055601681377967","0,00000120762707689592","0,00000204625910186563","0,00000213969392479285","0,00000106829302566593","0,00000050012674061307","0,00000260628251537025","0,00000228885907267728","0,00000177991049230241","0,00000332132754569535"
"-0,48390720522048319400","0,00000188320844954779","0,00000132090122946305","0,00000003423083391015","0,00000136497248623213","0,00000060118206177236","0,00000001139154340787","0,00000048948234810011","0,00000062110909545880","0,00000001094474133615","0,00000016737988720279","0,00000055476230379117","0,00000120468070952947","0,00000204232260481524","0,00000213447986904221","0,00000106569745234750","0,00000049894936335814","0,00000260112510221086","0,00000228377336911832","0,00000177428206410955","0,00000331364112708836"
"-0,48190328258316855700","0,00000187749147075123","0,00000131692795774862","0,00000003418096383705","0,00000136311001641419","0,00000059959727877250","0,00000001138124489567","0,00000048873171014289","0,00000061962121948660","0,00000001085391852424","0,00000016661346665252","0,00000055349510552667","0,00000120170213594549","0,00000203830465228273","0,00000212921100197359","0,00000106307149829474","0,00000049774595142490","0,00000259585755396194","0,00000227866297624186","0,00000176865383936329","0,00000330586225611174"
"-0,47989935994585392000","0,00000187173648246837","0,00000131292176198029","0,00000003413947345784","0,00000136117746409154","0,00000059798685229549","0,00000001137766487172","0,00000048798251392511","0,00000061813515080165","0,00000001077815433311","0,00000016585459440883","0,00000055221521898616","0,00000119869135614397","0,00000203420524426812","0,00000212388732358699","0,00000106041516350766","0,00000049651650481336","0,00000259047987062349","0,00000227352789404791","0,00000176302581806364","0,00000329799093276547"
"-0,47789543730853928400","0,00000186594348469921","0,00000130888264215806","0,00000003410636277252","0,00000135917482926419","0,00000059635078234132","0,00000001138080333603","0,00000048723475944677","0,00000061665088940398","0,00000001071744876278","0,00000016510327047173","0,00000055092264416966","0,00000119564837012491","0,00000203002438077140","0,00000211850883388241","0,00000105772844798625","0,00000049526102352351","0,00000258499205219551","0,00000226836812253646","0,00000175739800021059","0,00000329002715704956"
"-0,47589151467122470200","0,00000186011247744375","0,00000130481059828192","0,00000003408163178111","0,00000135710211193213","0,00000059468906891000","0,00000001139066028859","0,00000048648844670787","0,00000061516843529357","0,00000001067180181322","0,00000016435949484120","0,00000054961738107714","0,00000119257317788831","0,00000202576206179258","0,00000211307553285984","0,00000105501135173051","0,00000049397950755536","0,00000257939409867800","0,00000226318366170751","0,00000175177038580415","0,00000328197092896401"
"-0,47388759203391006600","0,00000185424346070199","0,00000130070563035189","0,00000003406528048359","0,00000135495931209538","0,00000059300171200151","0,00000001140723572941","0,00000048574357570841","0,00000061368778847043","0,00000001064121348446","0,00000016362326751725","0,00000054829942970863","0,00000118946577943418","0,00000202141828733165","0,00000210758742051929","0,00000105226387474044","0,00000049267195690891","0,00000257368601007097","0,00000225797451156107","0,00000174614297484432","0,00000327382224850883"
"-0,47188366939659542900","0,00000184833643447393","0,00000129656773836795","0,00000003405730887996","0,00000135274642975391","0,00000059128871161587","0,00000001143052965848","0,00000048500014644839","0,00000061220894893455","0,00000001062568377648","0,00000016289458849988","0,00000054696879006411","0,00000118632617476251","0,00000201699305738862","0,00000210204449686076","0,00000104948601701605","0,00000049133837158415","0,00000256786778637441","0,00000225274067209713","0,00000174051576733109","0,00000326558111568400"
"-0,46987974675928079200","0,00000184239139875957","0,00000129239692233011","0,00000003405771697023","0,00000135046346490774","0,00000058955006775308","0,00000001146054207581","0,00000048425815892782","0,00000061073191668595","0,00000001062521268928","0,00000016217345778909","0,00000054562546214359","0,00000118315436387330","0,00000201248637196348","0,00000209644676188424","0,00000104667777855733","0,00000048997875158108","0,00000256193942758832","0,00000224748214331569","0,00000173488876326447","0,00000325724753048953"
"-0,46787582412196615500","0,00000183640835355891","0,00000128819318223837","0,00000003406650475440","0,00000134811041755687","0,00000058778578041313","0,00000001149727298139","0,00000048351761314668","0,00000060925669172460","0,00000001063980022287","0,00000016145987538488","0,00000054426944594707","0,00000117995034676656","0,00000200789823105623","0,00000209079421558975","0,00000104383915936428","0,00000048859309689971","0,00000255590093371271","0,00000224219892521676","0,00000172926196264445","0,00000324882149292542"
"-0,46587190148465151800","0,00000183038729887195","0,00000128395651809272","0,00000003408367223247","0,00000134568728770129","0,00000058599584959602","0,00000001154072237523","0,00000048277850910498","0,00000060778327405053","0,00000001066944637725","0,00000016075384128725","0,00000054290074147455","0,00000117671412344228","0,00000200322863466688","0,00000208508685797727","0,00000104097015943691","0,00000048718140754004","0,00000254975230474756","0,00000223689101780033","0,00000172363536547104","0,00000324030300299168"
"-0,46386797884733688100","0,00000182432823469869","0,00000127968692989317","0,00000003410921940443","0,00000134319407534101","0,00000058418027530176","0,00000001159089025732","0,00000048204084680273","0,00000060631166366372","0,00000001071415115241","0,00000016005535549620","0,00000054151934872602","0,00000117344569390046","0,00000199847758279543","0,00000207932468904681","0,00000103807077877521","0,00000048574368350207","0,00000254349354069289","0,00000223155842106640","0,00000171800897174424","0,00000323169206068829"
"-0,46186405621002230000","0,00000181823116103913","0,00000127538441763972","0,00000003414314627029","0,00000134063078047602","0,00000058233905753034","0,00000001164777662767","0,00000048130462623991","0,00000060484186056418","0,00000001077391454835","0,00000015936441801173","0,00000054012526770149","0,00000117014505814111","0,00000199364507544186","0,00000207350770879836","0,00000103514101737918","0,00000048427992478578","0,00000253712464154869","0,00000222620113501498","0,00000171238278146404","0,00000322298866601526"
"-0,45986013357270766300","0,00000181209607789327","0,00000127104898133237","0,00000003418545283004","0,00000133799740310633","0,00000058047219628176","0,00000001171138148627","0,00000048056984741654","0,00000060337386475190","0,00000001084873656509","0,00000015868102883384","0,00000053871849840095","0,00000116681221616422","0,00000198873111260619","0,00000206763591723194","0,00000103218087524882","0,00000048279013139120","0,00000253064560731497","0,00000222081915964606","0,00000170675679463045","0,00000321419281897260"
"-0,45785621093539302600","0,00000180592298526111","0,00000126668062097111","0,00000003423613908369","0,00000133529394323193","0,00000057857969155603","0,00000001178170483313","0,00000047983651033260","0,00000060190767622689","0,00000001093861720260","0,00000015800518796253","0,00000053729904082441","0,00000116344716796980","0,00000198373569428842","0,00000206170931434753","0,00000102919035238414","0,00000048127430331831","0,00000252405643799171","0,00000221541249495964","0,00000170113101124346","0,00000320530451956029"
"-0,45585228829807839000","0,00000179971188314265","0,00000126227933655595","0,00000003429520503124","0,00000133252040085283","0,00000057666154335314","0,00000001185874666824","0,00000047910461498811","0,00000060044329498915","0,00000001104355646091","0,00000015733689539780","0,00000053586689497187","0,00000116004991355783","0,00000197865882048854","0,00000205572790014514","0,00000102616944878513","0,00000047973244056711","0,00000251735713357893","0,00000220998114095573","0,00000169550543130308","0,00000319632376777834"
"-0,45384836566076375300","0,00000179346277153788","0,00000125784512808689","0,00000003436265067269","0,00000132967677596902","0,00000057471775167309","0,00000001194250699161","0,00000047837416138306","0,00000059898072103868","0,00000001116355434000","0,00000015667615113965","0,00000053442206084333","0,00000115662045292833","0,00000197350049120655","0,00000204969167462477","0,00000102311816445179","0,00000047816454313762","0,00000251054769407662","0,00000220452509763432","0,00000168988005480931","0,00000318725056362676"
"-0,45184444302344911600","0,00000178717565044682","0,00000125337799556393","0,00000003443847600803","0,00000132676306858051","0,00000057274831651589","0,00000001203298580323","0,00000047764514951744","0,00000059751995437547","0,00000001129861083987","0,00000015602295518807","0,00000053296453843879","0,00000115315878608130","0,00000196826070644246","0,00000204360063778641","0,00000102003649938413","0,00000047657061102981","0,00000250362811948478","0,00000219904436499541","0,00000168425488176214","0,00000317808490710553"
"-0,44984052038613447900","0,00000178086154024687","0,00000124888484851784","0,00000003451473235886","0,00000132379247405690","0,00000057076371836752","0,00000001212336391159","0,00000047691183676491","0,00000059604984244033","0,00000001143682654746","0,00000015536893967320","0,00000053149190028030","0,00000114967398485921","0,00000196296110395294","0,00000203747861176062","0,00000101693566128195","0,00000047496216940641","0,00000249663069106143","0,00000219352292056597","0,00000167861727046646","0,00000316886871841324"
"-0,44783659774881984200","0,00000177453146131544","0,00000124437259647939","0,00000003458347104678","0,00000132077818776778","0,00000056877443771399","0,00000001220682212517","0,00000047616848049907","0,00000059455923267405","0,00000001156630204968","0,00000015470573672516","0,00000053000171888993","0,00000114617512110457","0,00000195762332149467","0,00000203134941867793","0,00000101382685784505","0,00000047335074343011","0,00000248958769006460","0,00000218794474187295","0,00000167295457922715","0,00000315964391774847"
"-0,44583267511150526100","0,00000176818541365253","0,00000123984123944859","0,00000003464469207179","0,00000131772020971315","0,00000056678047455528","0,00000001228336044398","0,00000047541508071995","0,00000059304812507663","0,00000001168703734654","0,00000015403334634394","0,00000052849399426768","0,00000114266219481737","0,00000195224735906765","0,00000202521305853835","0,00000101071008907344","0,00000047173633310090","0,00000248249911649428","0,00000218230982891635","0,00000166726680804422","0,00000315041050511121"
"-0,44382875247419062400","0,00000176182339725814","0,00000123529077742543","0,00000003469839543388","0,00000131461853989302","0,00000056478182889140","0,00000001235297886801","0,00000047465163742753","0,00000059151651964808","0,00000001179903243803","0,00000015335176852954","0,00000052696872641355","0,00000113913520599761","0,00000194683321667188","0,00000201906953134187","0,00000100758535496712","0,00000047011893841880","0,00000247536497035047","0,00000217661818169618","0,00000166155395691765","0,00000314116848050146"
"-0,44182482983687598700","0,00000175544541213227","0,00000123072121040992","0,00000003474458113307","0,00000131147317830739","0,00000056277850072235","0,00000001241567739726","0,00000047387815062181","0,00000058996441638839","0,00000001190228732416","0,00000015266100328197","0,00000052542591532755","0,00000113559415464529","0,00000194138089430736","0,00000201291883708850","0,00000100445265552609","0,00000046849855938379","0,00000246818525163318","0,00000217086980021242","0,00000165581602584745","0,00000313191784391924"
"-0,43982090719956135100","0,00000174905145827493","0,00000122613253840205","0,00000003478324916934","0,00000130828412495625","0,00000056077049004812","0,00000001247145603173","0,00000047309462030281","0,00000058839181529757","0,00000001199680200493","0,00000015196105060122","0,00000052386556100966","0,00000113203904076041","0,00000193589039197409","0,00000200676097577823","0,00000100131199075034","0,00000046687519599589","0,00000246095996034239","0,00000216506468446509","0,00000165005301483363","0,00000312265859536452"
"-0,43781698456224671400","0,00000174264153568611","0,00000122152476140183","0,00000003481439954270","0,00000130505137983961","0,00000055875779686873","0,00000001252031477143","0,00000047230104647051","0,00000058679871637561","0,00000001208257648034","0,00000015125191048730","0,00000052228766345988","0,00000112846986434297","0,00000193036170967207","0,00000200059594741107","0,00000099816336063988","0,00000046524884825509","0,00000245368909647812","0,00000215920283445418","0,00000164426492387618","0,00000311339073483733"
"-0,43581306192493207700","0,00000173621564436580","0,00000121689787940925","0,00000003483803225315","0,00000130177494295746","0,00000055674042118417","0,00000001256225361634","0,00000047149742912492","0,00000058518511962252","0,00000001215961075038","0,00000015053358294021","0,00000052069222267823","0,00000112488662539297","0,00000192479484740130","0,00000199442375198701","0,00000099500676519471","0,00000046361951616138","0,00000244637266004036","0,00000215328425017970","0,00000163845175297510","0,00000310411426233764"
"-0,43380913928761744000","0,00000172977378431402","0,00000121225189242432","0,00000003485414730069","0,00000129845481430981","0,00000055471836299443","0,00000001259727256648","0,00000047068376826603","0,00000058355102503829","0,00000001222790481506","0,00000014980606795993","0,00000051907923866470","0,00000112128932391041","0,00000191918980516178","0,00000198824438950606","0,00000099184220441483","0,00000046198719971478","0,00000243901065102912","0,00000214730893164164","0,00000163261350213038","0,00000309482917786548"
"-0,43180521665030280300","0,00000172331595553076","0,00000120758680044703","0,00000003486274468531","0,00000129509099389665","0,00000055269162229952","0,00000001262537162185","0,00000046986006389385","0,00000058189643262292","0,00000001228745867437","0,00000014906936554649","0,00000051744871141929","0,00000111767795989530","0,00000191354658295351","0,00000198205785996821","0,00000098866967830024","0,00000046035189891528","0,00000243160306944438","0,00000214127687884000","0,00000162675017134204","0,00000308553548142082"
"-0,42980129401298822200","0,00000171684215801603","0,00000120290260347739","0,00000003486382440702","0,00000129168348171799","0,00000055066019909944","0,00000001264655078243","0,00000046902631600838","0,00000058022134237642","0,00000001233827232832","0,00000014832347569986","0,00000051580064094200","0,00000111405253334762","0,00000190786518077649","0,00000197586416337347","0,00000098548918685093","0,00000045871361376288","0,00000242414991528616","0,00000213518809177478","0,00000162086176061008","0,00000307623317300369"
"-0,42779737137567358500","0,00000171035239176981","0,00000119819930151539","0,00000003485738646582","0,00000128823227777383","0,00000054862409339419","0,00000001266081004824","0,00000046818252460961","0,00000057852575429878","0,00000001238034577691","0,00000014756839842007","0,00000051413502723283","0,00000111041304426739","0,00000190214559863072","0,00000196966329972184","0,00000098230073006691","0,00000045707234425758","0,00000241665118855445","0,00000212904257044598","0,00000161494826993448","0,00000306692225261407"
"-0,42579344873835894800","0,00000170384665679212","0,00000119347689456104","0,00000003484343086171","0,00000128473738206416","0,00000054658330518377","0,00000001266814941927","0,00000046732868969755","0,00000057680966839001","0,00000001241367902014","0,00000014680413370709","0,00000051245187029177","0,00000110675949265459","0,00000189638783651620","0,00000196345526901331","0,00000097910430794818","0,00000045542809039937","0,00000240910688924925","0,00000212284031485361","0,00000160900969931525","0,00000305760272025196"
"-0,42378952610104431100","0,00000169732495308294","0,00000118873538261433","0,00000003482195759468","0,00000128119879458898","0,00000054453783446818","0,00000001266856889553","0,00000046646481127220","0,00000057507308465010","0,00000001243827205800","0,00000014603068156095","0,00000051075117011884","0,00000110309187850924","0,00000189059189443293","0,00000195724007124788","0,00000097589992049474","0,00000045378085218827","0,00000240151701737057","0,00000211658132499766","0,00000160304604875240","0,00000304827457591737"
"-0,42178560346372967500","0,00000169078728064229","0,00000118397476567526","0,00000003479296666475","0,00000127761651534831","0,00000054248768124742","0,00000001266206847700","0,00000046559088933355","0,00000057331600307905","0,00000001245412489050","0,00000014524804198162","0,00000050903292671402","0,00000109941020183133","0,00000188475777238092","0,00000195101770642556","0,00000097268756770658","0,00000045213062962427","0,00000239388157291840","0,00000211026560087814","0,00000159705731824591","0,00000303893781961029"
"-0,41978168082641503800","0,00000168423363947016","0,00000117919504374384","0,00000003475645807190","0,00000127399054434212","0,00000054043284552148","0,00000001264864816370","0,00000046470692388161","0,00000057153842367687","0,00000001246123751763","0,00000014445621496913","0,00000050729714007733","0,00000109571446262086","0,00000187888547036015","0,00000194478817454635","0,00000096946724958371","0,00000045047742270737","0,00000238620055589274","0,00000210389314249503","0,00000159104350779580","0,00000302959245133073"
"-0,41777775818910040100","0,00000167766402956655","0,00000117439621682007","0,00000003471243181614","0,00000127032088157044","0,00000053837332729037","0,00000001262830795562","0,00000046381291491638","0,00000056974034644355","0,00000001245960993940","0,00000014365520052345","0,00000050554381020875","0,00000109200466087782","0,00000187297498837063","0,00000193855147561024","0,00000096623896612613","0,00000044882123143757","0,00000237847396629359","0,00000209746394984835","0,00000158500461740206","0,00000302023847107868"
"-0,41577383555178582000","0,00000167107845093146","0,00000116957828490394","0,00000003466088789747","0,00000126660752703324","0,00000053630912655410","0,00000001260104785276","0,00000046290886243785","0,00000056792177137910","0,00000001244924215581","0,00000014284499864461","0,00000050377293710830","0,00000108828079660224","0,00000186702632641236","0,00000193230760961723","0,00000096300271733384","0,00000044716205581487","0,00000237070180412096","0,00000209097802293809","0,00000157894064706469","0,00000301087587885415"
"-0,41376991291447118300","0,00000166447690356490","0,00000116474124799545","0,00000003460182631588","0,00000126285048073055","0,00000053424024331265","0,00000001256686785513","0,00000046199476644603","0,00000056608269848351","0,00000001243013416685","0,00000014202560933258","0,00000050198452077596","0,00000108454286979409","0,00000186103948448534","0,00000192605657656733","0,00000095975850320683","0,00000044549989583927","0,00000236288406937483","0,00000208443536176425","0,00000157285159678369","0,00000300150467465714"
"-0,41176599027715654600","0,00000165785938746685","0,00000115988510609461","0,00000003453524707138","0,00000125904974266235","0,00000053216667756603","0,00000001252576796272","0,00000046107062694092","0,00000056422312775678","0,00000001240228597254","0,00000014119703258738","0,00000050017856121174","0,00000108079088045338","0,00000185501446258958","0,00000191979837646054","0,00000095650632374512","0,00000044383475151077","0,00000235502076205522","0,00000207783596632684","0,00000156673746655906","0,00000299212485848764"
"-0,40976206763984190900","0,00000165122590263733","0,00000115500985920142","0,00000003446115016397","0,00000125520531282864","0,00000053008842931424","0,00000001247774817553","0,00000046013644392251","0,00000056234305919892","0,00000001236569757285","0,00000014035926840901","0,00000049835505841564","0,00000107702482858011","0,00000184895126072506","0,00000191353300929685","0,00000095324617894869","0,00000044216662282937","0,00000234711188216213","0,00000207117983662585","0,00000156059825639080","0,00000298273643034565"
"-0,40775814500252727200","0,00000164457644907633","0,00000115011550731587","0,00000003437953559365","0,00000125131719122943","0,00000052800549855727","0,00000001242280849356","0,00000045919221739081","0,00000056044249280992","0,00000001232036896781","0,00000013951231679746","0,00000049651401238767","0,00000107324471417429","0,00000184284987889179","0,00000190726047507627","0,00000094997806881754","0,00000044049550979507","0,00000233915742969554","0,00000206446697266128","0,00000155443396627892","0,00000297333939023119"
"-0,40575422236521263600","0,00000163791102678385","0,00000114520205043796","0,00000003429040336042","0,00000124738537786472","0,00000052591788529514","0,00000001236094891682","0,00000045823794734582","0,00000055852142858979","0,00000001226630015740","0,00000013865617775274","0,00000049465542312781","0,00000106945053723590","0,00000183671031708978","0,00000190098077379879","0,00000094670199335169","0,00000043882141240787","0,00000233115740465547","0,00000205769737443313","0,00000154824459622340","0,00000296393373814423"
"-0,40375029972789799900","0,00000163122963575989","0,00000114026948856770","0,00000003419375346427","0,00000124340987273450","0,00000052382558952784","0,00000001229216944530","0,00000045727363378753","0,00000055657986653852","0,00000001220349114162","0,00000013779085127484","0,00000049277929063607","0,00000106564229776496","0,00000183053257531901","0,00000189469390546442","0,00000094341795255112","0,00000043714433066778","0,00000232311180704191","0,00000205087104194141","0,00000154203014622426","0,00000295451947408479"
"-0,40174637709058336200","0,00000162453227600445","0,00000113531782170509","0,00000003408958590522","0,00000123939067583877","0,00000052172861125536","0,00000001221647007900","0,00000045629927671595","0,00000055461780665611","0,00000001213194192049","0,00000013691633736376","0,00000049088561491245","0,00000106181999576145","0,00000182431665357949","0,00000188839987007315","0,00000094012594641584","0,00000043546426457478","0,00000231502063685486","0,00000204398797518611","0,00000153579061628149","0,00000294509659805287"
"-0,39974245445326878100","0,00000161781673925830","0,00000113036058192381","0,00000003398521960009","0,00000123534642008846","0,00000051962800289039","0,00000001213987486749","0,00000045532431407765","0,00000055265001815126","0,00000001205891338787","0,00000013604176429082","0,00000048898426406419","0,00000105798015408074","0,00000181807130157082","0,00000188208431673911","0,00000093682054140818","0,00000043378310502542","0,00000230689121976496","0,00000203706885962201","0,00000152954575906304","0,00000293565112606880"
"-0,39773853181595414400","0,00000161108081726220","0,00000112541130129757","0,00000003388797346575","0,00000123129573839447","0,00000051752481684560","0,00000001206840786037","0,00000045435818381920","0,00000055069127023263","0,00000001199166643764","0,00000013517626032731","0,00000048708510619852","0,00000105411929557817","0,00000181180526899257","0,00000187573289457642","0,00000093349630399046","0,00000043210274291623","0,00000229873088144282","0,00000203013438070389","0,00000152331532723689","0,00000292616907415292"
"-0,39573460917863950700","0,00000160432451001615","0,00000112046997982636","0,00000003379784750218","0,00000122723863075681","0,00000051541905312099","0,00000001200206905761","0,00000045340088594060","0,00000054874156290022","0,00000001193020106981","0,00000013431982547323","0,00000048518814131545","0,00000105023742025375","0,00000180551855584476","0,00000186934560358507","0,00000093015323416268","0,00000043042317824723","0,00000229053962188847","0,00000202318453843175","0,00000151709932080302","0,00000291665044230525"
"-0,39373068654132487000","0,00000159754781752015","0,00000111553661751018","0,00000003371484170939","0,00000122317509717547","0,00000051331071171657","0,00000001194085845924","0,00000045245242044185","0,00000054680089615405","0,00000001187451728437","0,00000013347245972859","0,00000048329336941498","0,00000104633452810747","0,00000179921116212738","0,00000186292244376508","0,00000092679133192484","0,00000042874441101839","0,00000228231744110189","0,00000201621933280559","0,00000151089773976144","0,00000290709523052576"
"-0,39172676390401023300","0,00000159075073977420","0,00000111061121434904","0,00000003363895608738","0,00000121910513765045","0,00000051119979263233","0,00000001188477606523","0,00000045151278732296","0,00000054486926999411","0,00000001182461508132","0,00000013263416309338","0,00000048140079049710","0,00000104241061913933","0,00000179288308784044","0,00000185646341511643","0,00000092341059727694","0,00000042706644122974","0,00000227406433908308","0,00000200923876382541","0,00000150471058411214","0,00000289750343881447"
"-0,38972284126669559600","0,00000158393327677830","0,00000110569377034293","0,00000003357019063614","0,00000121502875218176","0,00000050908629586827","0,00000001183382187560","0,00000045058198658391","0,00000054294668442039","0,00000001178049446067","0,00000013180493556760","0,00000047951040456182","0,00000103846569334933","0,00000178653433298392","0,00000184996851763914","0,00000092001103021899","0,00000042538926888126","0,00000226578031583205","0,00000200224283149121","0,00000149853785385513","0,00000288787506717138"
"-0,38771891862938096000","0,00000157709542853245","0,00000110078428549186","0,00000003350854535569","0,00000121094594076939","0,00000050697022142439","0,00000001178799589034","0,00000044966001822471","0,00000054103313943291","0,00000001174215542241","0,00000013098477715126","0,00000047762221160914","0,00000103449975073748","0,00000178016489755784","0,00000184343775133319","0,00000091659263075097","0,00000042371289397296","0,00000225746537134879","0,00000199523153580299","0,00000149237954899041","0,00000287821011559648"
"-0,38571499599206637800","0,00000157023719503665","0,00000109588275979582","0,00000003345402024601","0,00000120685670341335","0,00000050485156930069","0,00000001174729810946","0,00000044874688224537","0,00000053912863503165","0,00000001170959796655","0,00000013017368784435","0,00000047573621163906","0,00000103051279130378","0,00000177377478156219","0,00000183687111619859","0,00000091315539887290","0,00000042203731650484","0,00000224911950563330","0,00000198820487676075","0,00000148623566951797","0,00000286850858408977"
"-0,38371107335475174200","0,00000156335857629090","0,00000109098919325481","0,00000003340661530711","0,00000120276104011363","0,00000050273033949718","0,00000001171172853295","0,00000044784257864588","0,00000053723317121662","0,00000001168282209308","0,00000012937166764687","0,00000047385240465157","0,00000102650481504821","0,00000176736398499697","0,00000183026861223535","0,00000090969933458477","0,00000042036253647689","0,00000224074271868559","0,00000198116285436449","0,00000148010621543783","0,00000285877047265126"
"-0,38170715071743710500","0,00000155645957229520","0,00000108610358586883","0,00000003336633053899","0,00000119865895087023","0,00000050060653201385","0,00000001168128716081","0,00000044694710742623","0,00000053534674798782","0,00000001166182780200","0,00000012857871655883","0,00000047197079064667","0,00000102247582197079","0,00000176093250786219","0,00000182363023944345","0,00000090622443788658","0,00000041868855388911","0,00000223233501050565","0,00000197410546861421","0,00000147399118674997","0,00000284899578128095"
"-0,37970322808012246800","0,00000154954018304955","0,00000108122593763789","0,00000003333316594165","0,00000119455043568316","0,00000049848014685070","0,00000001165597399305","0,00000044606046858644","0,00000053346936534525","0,00000001164661509332","0,00000012779483458022","0,00000047009136962438","0,00000101842581207151","0,00000175448035015783","0,00000181695599782289","0,00000090273070877833","0,00000041701536874152","0,00000222389638109349","0,00000196703271950991","0,00000146789058345439","0,00000283918450997882"
"-0,37769930544280783100","0,00000154260040855396","0,00000107635624856199","0,00000003330712151509","0,00000119043549455241","0,00000049635118400773","0,00000001163578902966","0,00000044518266212650","0,00000053160102328891","0,00000001163718396703","0,00000012702002171105","0,00000046821414158468","0,00000101435478535038","0,00000174800751188391","0,00000181024588737369","0,00000089921814726003","0,00000041534298103410","0,00000221542683044910","0,00000195994460705159","0,00000146180440555111","0,00000282933665874490"
"-0,37569538280549319400","0,00000153564024880841","0,00000107149451864112","0,00000003328819725930","0,00000118631412747799","0,00000049421964348495","0,00000001162073227064","0,00000044431368804641","0,00000052974172181880","0,00000001163353442313","0,00000012625427795131","0,00000046633910652757","0,00000101026274180739","0,00000174151399304042","0,00000180349990809584","0,00000089568675333166","0,00000041367139076685","0,00000220692635857249","0,00000195284113123925","0,00000145573265304011","0,00000281945222757917"
"-0,37369146016817855700","0,00000152865970381291","0,00000106664074787528","0,00000003327639317429","0,00000118218633445989","0,00000049208552528235","0,00000001161080371600","0,00000044345354634617","0,00000052789146093492","0,00000001163566646163","0,00000012549760330100","0,00000046446626445307","0,00000100614968144254","0,00000173499979362737","0,00000179671805998934","0,00000089213652699324","0,00000041200059793979","0,00000219839496546365","0,00000194572229207289","0,00000144967532592139","0,00000280953121648163"
"-0,37168753753086392100","0,00000152165877356746","0,00000106179493626447","0,00000003327170926006","0,00000117805211549812","0,00000048994882939992","0,00000001160600336574","0,00000044260223702578","0,00000052605024063726","0,00000001164358008252","0,00000012474999776013","0,00000046259561536115","0,00000100201560425584","0,00000172846491364474","0,00000178990034305418","0,00000088856746824476","0,00000041033060255290","0,00000218983265112258","0,00000193858808955251","0,00000144363242419497","0,00000279957362545229"
"-0,36968361489354933900","0,00000151463745807207","0,00000105695708380870","0,00000003327414551661","0,00000117391147059267","0,00000048780955583769","0,00000001160633121984","0,00000044175976008525","0,00000052421806092583","0,00000001165727528581","0,00000012401146132869","0,00000046072715925184","0,00000099786051024728","0,00000172190935309255","0,00000178304675729038","0,00000088497957708623","0,00000040866140460618","0,00000218123941554929","0,00000193143852367811","0,00000143760394786083","0,00000278957945449114"
"-0,36767969225623470200","0,00000150759575732672","0,00000105212719050796","0,00000003328370194394","0,00000116976439974354","0,00000048566770459563","0,00000001161178727832","0,00000044092611552456","0,00000052239492180064","0,00000001167675207149","0,00000012328199400668","0,00000045886089612512","0,00000099368439941686","0,00000171533311197079","0,00000177615730269792","0,00000088137285351763","0,00000040699300409965","0,00000217261525874378","0,00000192427359444968","0,00000143158989691898","0,00000277954870359819"
"-0,36567576961892006600","0,00000150053367133142","0,00000104730525636226","0,00000003330037854204","0,00000116561090295074","0,00000048352327567376","0,00000001162237154118","0,00000044010130334373","0,00000052058082326167","0,00000001170201043956","0,00000012256159579411","0,00000045699682598100","0,00000098948727176459","0,00000170873619027946","0,00000176923197927681","0,00000087774729753897","0,00000040532540103328","0,00000216396018070603","0,00000191709330186724","0,00000142559027136941","0,00000276948137277343"
"-0,36367184698160542900","0,00000149345120008618","0,00000104249128137158","0,00000003332417531093","0,00000116145098021427","0,00000048137626907207","0,00000001163808400841","0,00000043928532354274","0,00000051877576530893","0,00000001173305039003","0,00000012185026669097","0,00000045513494881948","0,00000098526912729046","0,00000170211858801856","0,00000176227078702705","0,00000087410290915026","0,00000040365859540710","0,00000215527418143607","0,00000190989764593078","0,00000141960507121213","0,00000275937746201687"
"-0,36166792434429079200","0,00000148634834359098","0,00000103768526553595","0,00000003335509225059","0,00000115728463153411","0,00000047922668479056","0,00000001165892468001","0,00000043847817612161","0,00000051697974794242","0,00000001176987192289","0,00000012114800669726","0,00000045327526464055","0,00000098102996599447","0,00000169548030518810","0,00000175527372594864","0,00000087043968835149","0,00000040199258722109","0,00000214655726093387","0,00000190268662664030","0,00000141363429644714","0,00000274923697132851"
"-0,35966400170697615500","0,00000147922510184583","0,00000103288720885534","0,00000003339312936103","0,00000115311185691028","0,00000047707452282923","0,00000001168489355599","0,00000043767986108033","0,00000051519277116213","0,00000001181247503815","0,00000012045481581299","0,00000045141777344422","0,00000097676978787663","0,00000168882134178807","0,00000174824079604158","0,00000086675763514266","0,00000040032737647526","0,00000213780941919945","0,00000189546024399580","0,00000140767794707444","0,00000273905990070833"
"-0,35766007906966151800","0,00000147208147485074","0,00000102809711132977","0,00000003343828664225","0,00000114893265634278","0,00000047491978318809","0,00000001171599063634","0,00000043689037841890","0,00000051341483496808","0,00000001186085973580","0,00000011977069403815","0,00000044956247523048","0,00000097248859293693","0,00000168214169781847","0,00000174117199730587","0,00000086305674952377","0,00000039866296316960","0,00000212903065623281","0,00000188821849799728","0,00000140173602309402","0,00000272884625015636"
"-0,35565615643234693700","0,00000146491746260569","0,00000102331497295924","0,00000003349056409424","0,00000114474702983160","0,00000047276246586712","0,00000001175221592106","0,00000043610972813732","0,00000051164593936026","0,00000001191502601584","0,00000011909564137275","0,00000044770936999934","0,00000096818638117537","0,00000167544137327930","0,00000173406732974150","0,00000085933703149483","0,00000039699934730412","0,00000212022097203394","0,00000188096138864474","0,00000139580852450589","0,00000271859601967257"
"-0,35365223379503230000","0,00000145773306511070","0,00000101854079374373","0,00000003354996171702","0,00000114055497737675","0,00000047060257086634","0,00000001179356941016","0,00000043533791023559","0,00000050988608433866","0,00000001197497387827","0,00000011842965781678","0,00000044585845775080","0,00000096386315259196","0,00000166872036817057","0,00000172692679334849","0,00000085559848105582","0,00000039533652887882","0,00000211138036660284","0,00000187368891593818","0,00000138989545131005","0,00000270830920925698"
"-0,35164831115771766300","0,00000145052828236575","0,00000101377457368327","0,00000003361647951057","0,00000113635649897821","0,00000046844009818575","0,00000001184005110363","0,00000043457492471371","0,00000050813526990329","0,00000001204070332310","0,00000011777274337024","0,00000044400973848486","0,00000095951890718669","0,00000166197868249226","0,00000171975038812683","0,00000085184109820676","0,00000039367450789370","0,00000210250883993952","0,00000186640107987759","0,00000138399680350649","0,00000269798581890959"
"-0,34964438852040302700","0,00000144331530212559","0,00000100901902358726","0,00000003368220318911","0,00000113214282401867","0,00000046627540734658","0,00000001188709206605","0,00000043381618925118","0,00000050638620613824","0,00000001210675540539","0,00000011712308058231","0,00000044215811145328","0,00000095516092892464","0,00000165521990171100","0,00000171255736502961","0,00000084808022251998","0,00000039201201123134","0,00000209362364741197","0,00000185910101932963","0,00000137811137873988","0,00000268764018435447"
"-0,34764046588308839000","0,00000143610631214493","0,00000100427685426515","0,00000003373921846685","0,00000112790518188079","0,00000046410885787010","0,00000001193012336198","0,00000043305712152749","0,00000050463160312756","0,00000001216767118020","0,00000011647885200216","0,00000044029847590783","0,00000095079650177086","0,00000164844761129338","0,00000170536697500996","0,00000084433119356782","0,00000039034776577434","0,00000208474204438820","0,00000185179187316094","0,00000137223797465484","0,00000267728664131571"
"-0,34563654324577375300","0,00000142890131242378","0,00000099954806571694","0,00000003378752534379","0,00000112364357256456","0,00000046194044975629","0,00000001196914499143","0,00000043229772154265","0,00000050287146087128","0,00000001222345064753","0,00000011584005762977","0,00000043843083184851","0,00000094642562572536","0,00000164166181123940","0,00000169817921806786","0,00000084059401135029","0,00000038868177152270","0,00000207586403086820","0,00000184447364137150","0,00000136637659125140","0,00000266692518979330"
"-0,34363262060845911600","0,00000142170030296213","0,00000099483265794262","0,00000003382712381993","0,00000111935799606998","0,00000045977018300517","0,00000001200415695440","0,00000043153798929665","0,00000050110577936938","0,00000001227409380738","0,00000011520669746517","0,00000043655517927532","0,00000094204830078815","0,00000163486250154907","0,00000169099409420332","0,00000083686867586738","0,00000038701402847642","0,00000206698960685198","0,00000183714632396133","0,00000136052722852954","0,00000265655582978725"
"-0,34162869797114447900","0,00000141450328375999","0,00000099013063094220","0,00000003385801389527","0,00000111504845239707","0,00000045759805761674","0,00000001203515925088","0,00000043077792478949","0,00000049933455862187","0,00000001231960065975","0,00000011457877150834","0,00000043467151818827","0,00000093766452695922","0,00000162804968222239","0,00000168381160341633","0,00000083315518711910","0,00000038534453663550","0,00000205811877233954","0,00000182980992093042","0,00000135468988648927","0,00000264617856129755"
"-0,33962477533382989800","0,00000140731025481736","0,00000098544198471567","0,00000003388019556980","0,00000111071494154581","0,00000045542407359098","0,00000001206215188089","0,00000043001752802118","0,00000049755779862875","0,00000001235997120463","0,00000011395627975928","0,00000043277984858734","0,00000093327430423856","0,00000162122335325935","0,00000167663174570690","0,00000082945354510544","0,00000038367329599993","0,00000204925152733087","0,00000182246443227878","0,00000134886456513058","0,00000263579338432421"
"-0,33762085269651526100","0,00000140012121613423","0,00000098076671926304","0,00000003389366884354","0,00000110635746351620","0,00000045324823092791","0,00000001208513484440","0,00000042925679899171","0,00000049577549939002","0,00000001239520544204","0,00000011333922221801","0,00000043088017047255","0,00000092887763262619","0,00000161438351465995","0,00000166945452107502","0,00000082576374982640","0,00000038200030656973","0,00000204038787182598","0,00000181510985800640","0,00000134305126445348","0,00000262540029886722"
"-0,33561693005920062400","0,00000139293616771061","0,00000097610483458431","0,00000003389843371647","0,00000110197601830825","0,00000045107052962751","0,00000001210410814144","0,00000042849573770109","0,00000049398766090567","0,00000001242530337197","0,00000011272759888450","0,00000042897248384389","0,00000092447451212210","0,00000160753016642420","0,00000166227992952071","0,00000082208580128199","0,00000038032556834489","0,00000203152780582486","0,00000180774619811328","0,00000133724998445797","0,00000261499930492659"
"-0,33361300742188598800","0,00000138575510954650","0,00000097145633067947","0,00000003389449018860","0,00000109757060592196","0,00000044889096968980","0,00000001211907177199","0,00000042773434414931","0,00000049219428317571","0,00000001245026499442","0,00000011212140975877","0,00000042705678870136","0,00000092006494272629","0,00000160066330855209","0,00000165510797104395","0,00000081841969947221","0,00000037864908132540","0,00000202267132932752","0,00000180037345259942","0,00000133146072514405","0,00000260459040250231"
"-0,33160908478457135100","0,00000137857804164189","0,00000096682120754852","0,00000003388183825993","0,00000109314122635732","0,00000044670955111477","0,00000001213002573606","0,00000042697261833637","0,00000049039536620014","0,00000001247009030939","0,00000011152065484082","0,00000042513308504496","0,00000091564892443877","0,00000159378294104363","0,00000164793864564474","0,00000081476544439704","0,00000037697084551128","0,00000201381844233396","0,00000179299162146483","0,00000132568348651171","0,00000259417359159439"
"-0,32960516214725671400","0,00000137140496399679","0,00000096219946519147","0,00000003386047793046","0,00000108868787961434","0,00000044452627390243","0,00000001213697003365","0,00000042621056026228","0,00000048859090997896","0,00000001248477931689","0,00000011092533413065","0,00000042320137287469","0,00000091122645725952","0,00000158688906389881","0,00000164077195332310","0,00000081112303605650","0,00000037529086090251","0,00000200496914484417","0,00000178560070470950","0,00000131991826856096","0,00000258374887220283"
"-0,32760123950994207700","0,00000136423587661120","0,00000095759110360832","0,00000003383040920019","0,00000108421056569301","0,00000044234113805276","0,00000001213990466475","0,00000042544816992703","0,00000048678091451216","0,00000001249433201690","0,00000011033544762824","0,00000042126165219056","0,00000090679754118855","0,00000157998167711763","0,00000163360789407900","0,00000080749247445059","0,00000037360912749910","0,00000199612343685816","0,00000177820070233343","0,00000131416507129179","0,00000257331624432762"
"-0,32559731687262749600","0,00000135707077948511","0,00000095299612279906","0,00000003379163206912","0,00000107970928459334","0,00000044015414356578","0,00000001213882962937","0,00000042468544733062","0,00000048496537979975","0,00000001249874840943","0,00000010975099533362","0,00000041931392299256","0,00000090236217622587","0,00000157306078070010","0,00000162644646791247","0,00000080387375957930","0,00000037192564530106","0,00000198728131837592","0,00000177079161433662","0,00000130842389470421","0,00000256287570796876"
"-0,32359339423531285900","0,00000134990967261853","0,00000094841452276370","0,00000003374414653725","0,00000107518403631533","0,00000043796529044148","0,00000001213374492751","0,00000042392239247306","0,00000048314430584173","0,00000001249802849448","0,00000010917197724677","0,00000041735818528068","0,00000089792036237146","0,00000156612637464622","0,00000161928767482349","0,00000080026689144263","0,00000037024041430837","0,00000197844278939746","0,00000176337344071908","0,00000130269473879822","0,00000255242726312626"
"-0,32158947159799822200","0,00000134275255601146","0,00000094384630350223","0,00000003368795260457","0,00000107063482085897","0,00000043577457867986","0,00000001212465055916","0,00000042315900535435","0,00000048131769263809","0,00000001249217227205","0,00000010859839336769","0,00000041539443905494","0,00000089347209962534","0,00000155917845895598","0,00000161213151481207","0,00000079667187004058","0,00000036855343452104","0,00000196960784992277","0,00000175594618148080","0,00000129697760357382","0,00000254197090980011"
"-0,31958554896068358500","0,00000133559942966389","0,00000093929146501466","0,00000003362305027110","0,00000106606163822427","0,00000043358200828092","0,00000001211154652433","0,00000042239528597447","0,00000047948554018885","0,00000001248117974214","0,00000010803024369639","0,00000041342268431533","0,00000088901738798750","0,00000155221703362938","0,00000160497798787820","0,00000079308869537316","0,00000036686470593907","0,00000196077649995187","0,00000174850983662179","0,00000129127248903100","0,00000253150664799032"
"-0,31758162632336894800","0,00000132845029357584","0,00000093475000730099","0,00000003354943953682","0,00000106146448841122","0,00000043138757924467","0,00000001209443282302","0,00000042163123433344","0,00000047764784849399","0,00000001246505090476","0,00000010746752823287","0,00000041144292106186","0,00000088455622745793","0,00000154524209866643","0,00000159782709402190","0,00000078951736744037","0,00000036517422856246","0,00000195194873948473","0,00000174106440614204","0,00000128557939516977","0,00000252103447769689"
"-0,31557770368605431200","0,00000132130514774728","0,00000093022193036121","0,00000003346712040175","0,00000105684337141983","0,00000042919129157109","0,00000001207330945523","0,00000042086685043126","0,00000047580461755351","0,00000001244378575989","0,00000010691024697712","0,00000040945514929451","0,00000088008861803665","0,00000153825365406713","0,00000159067883324314","0,00000078595788624220","0,00000036348200239121","0,00000194312456852138","0,00000173360989004155","0,00000127989832199012","0,00000251055439891981"
"-0,31357378104873967500","0,00000131416399217824","0,00000092570723419532","0,00000003337609286587","0,00000105219828725010","0,00000042699314526020","0,00000001204817642095","0,00000042010213426792","0,00000047395584736743","0,00000001241738430754","0,00000010635839992915","0,00000040745936901330","0,00000087561455972365","0,00000153125169983146","0,00000158353320554195","0,00000078241025177865","0,00000036178802742532","0,00000193430398706180","0,00000172614628832032","0,00000127422926949206","0,00000250006641165908"
"-0,31156985841142503800","0,00000130702682686870","0,00000092120591880333","0,00000003327635692919","0,00000104752923590202","0,00000042479314031199","0,00000001201903372019","0,00000041933708584342","0,00000047210153793573","0,00000001238584654772","0,00000010581198708895","0,00000040545558021821","0,00000087113405251894","0,00000152423623595945","0,00000157639021091831","0,00000077887446404973","0,00000036009230366479","0,00000192548699510599","0,00000171867360097836","0,00000126857223767559","0,00000248957051591471"
"-0,30956593577411045700","0,00000129989365181866","0,00000091671798418524","0,00000003316791259171","0,00000104283621737559","0,00000042259127672646","0,00000001198588135294","0,00000041857170515776","0,00000047024168925842","0,00000001234917248041","0,00000010527100845653","0,00000040344378290926","0,00000086664709642250","0,00000151720726245107","0,00000156924984937223","0,00000077535052305543","0,00000035839483110961","0,00000191667359265396","0,00000171119182801566","0,00000126292722654071","0,00000247906671168670"
"-0,30756201313679582000","0,00000129276446702814","0,00000091224343034104","0,00000003305075985342","0,00000103811923167083","0,00000042038755450362","0,00000001194871931922","0,00000041780599221095","0,00000046837630133550","0,00000001230736210563","0,00000010473546403189","0,00000040142397708644","0,00000086215369143434","0,00000151016477930634","0,00000156211212090370","0,00000077183842879575","0,00000035669560975980","0,00000190786377970571","0,00000170370096943222","0,00000125729423608741","0,00000246855499897504"
"-0,30555809049948118300","0,00000128563927249712","0,00000090778225727074","0,00000003292489871434","0,00000103337827878772","0,00000041818197364345","0,00000001190754761901","0,00000041703994700299","0,00000046650537416697","0,00000001226041542336","0,00000010420535381502","0,00000039939616274975","0,00000085765383755447","0,00000150310878652526","0,00000155497702551273","0,00000076833818127070","0,00000035499463961534","0,00000189905755626123","0,00000169620102522804","0,00000125167326631570","0,00000245803537777974"
"-0,30355416786216654600","0,00000127851806822560","0,00000090333446497433","0,00000003279032917446","0,00000102861335872626","0,00000041597453414597","0,00000001186236625231","0,00000041627356953387","0,00000046462890775282","0,00000001220833243362","0,00000010368067780592","0,00000039736033989920","0,00000085314753478287","0,00000149603928410782","0,00000154784456319931","0,00000076484978048027","0,00000035329192067625","0,00000189025492232053","0,00000168869199540313","0,00000124606431722557","0,00000244750784810079"
"-0,30155024522485190900","0,00000127140085421360","0,00000089890005345182","0,00000003264705123377","0,00000102382447148646","0,00000041376523601117","0,00000001181317521914","0,00000041550685980359","0,00000046274690209306","0,00000001215111313639","0,00000010316143600460","0,00000039531650853477","0,00000084863478311956","0,00000148895627205403","0,00000154071473396346","0,00000076137322642447","0,00000035158745294251","0,00000188145587788361","0,00000168117387995748","0,00000124046738881704","0,00000243697240993819"
"-0,29954632258753727300","0,00000126428972452250","0,00000089448375379101","0,00000003250417847612","0,00000101901733952818","0,00000041155113576256","0,00000001176427657110","0,00000041474691971049","0,00000046086123150916","0,00000001209394698876","0,00000010265323926653","0,00000039326962982554","0,00000084412127961931","0,00000148185953996606","0,00000153357998331571","0,00000075790039488735","0,00000034987882924025","0,00000187265779856918","0,00000167363221443867","0,00000123489500472682","0,00000242642790084158"
"-0,29754239995022263600","0,00000125718677321370","0,00000089009029707968","0,00000003237082448533","0,00000101419768531129","0,00000040932928992363","0,00000001171997235985","0,00000041400085115291","0,00000045897377032260","0,00000001204202344778","0,00000010216169844719","0,00000039122466494057","0,00000083961272133692","0,00000147474887744612","0,00000152643275676661","0,00000075442316165295","0,00000034816364239556","0,00000186385805999596","0,00000166605253439427","0,00000122935968859168","0,00000241587315836060"
"-0,29553847731290799900","0,00000125009200028721","0,00000088571968331785","0,00000003224698926141","0,00000100936550883577","0,00000040709969849438","0,00000001168026258536","0,00000041326865413086","0,00000045708451853338","0,00000001199534251345","0,00000010168681354657","0,00000038918161387986","0,00000083510910827238","0,00000146762428449419","0,00000151927305431616","0,00000075094152672130","0,00000034644189240845","0,00000185505666216396","0,00000165843483982427","0,00000122386144041159","0,00000240530818249522"
"-0,29353455467559341800","0,00000124300540574303","0,00000088137191250551","0,00000003213267280435","0,00000100452081010164","0,00000040486236147482","0,00000001164514724765","0,00000041255032864432","0,00000045519347614149","0,00000001195390418578","0,00000010122858456467","0,00000038714047664340","0,00000083061044042569","0,00000146048576111028","0,00000151210087596436","0,00000074745549009237","0,00000034471357927892","0,00000184625360507317","0,00000165077913072869","0,00000121840026018658","0,00000239473297324547"
"-0,29153063203827878100","0,00000123592698958115","0,00000087704698464267","0,00000003202787511416","0,00000099966358910890","0,00000040261727886495","0,00000001161462634672","0,00000041184587469330","0,00000045330064314694","0,00000001191770846476","0,00000010078701150151","0,00000038510125323121","0,00000082611671779686","0,00000145333330729439","0,00000150491622171122","0,00000074396505176618","0,00000034297870300698","0,00000183744888872359","0,00000164308540710752","0,00000121297614791662","0,00000238414753061133"
"-0,28952670940096414400","0,00000122885675180158","0,00000087274489972931","0,00000003193259619083","0,00000099479384585753","0,00000040036445066476","0,00000001158869988256","0,00000041115529227780","0,00000045140601954973","0,00000001188675535039","0,00000010036209435706","0,00000038306394364327","0,00000082162794038588","0,00000144616692304652","0,00000149771909155673","0,00000074047021174272","0,00000034123726359261","0,00000182864251311522","0,00000163535366896075","0,00000120758910360173","0,00000237355185459281"
"-0,28752278676364950700","0,00000122179469240431","0,00000086846565776545","0,00000003184683603437","0,00000098991158034755","0,00000039810387687426","0,00000001156736785517","0,00000041047858139782","0,00000044950960534985","0,00000001186104484269","0,00000009995383313134","0,00000038102854787960","0,00000081714410819275","0,00000143898660836666","0,00000149050948550090","0,00000073697097002200","0,00000033948926103582","0,00000181983447824807","0,00000162758391628840","0,00000120223912724190","0,00000236294594518991"
"-0,28551886412633487000","0,00000121474081138935","0,00000086420925875108","0,00000003177059464478","0,00000098501679257895","0,00000039583555749345","0,00000001155063026455","0,00000040981574205336","0,00000044761140054731","0,00000001184057694163","0,00000009956222782435","0,00000037899506594018","0,00000081266522121748","0,00000143179236325482","0,00000148328740354371","0,00000073346732660401","0,00000033773469533661","0,00000181102478412214","0,00000161977614909045","0,00000119692621883714","0,00000235232980240263"
"-0,28351494148902023300","0,00000120769510875669","0,00000085997570268621","0,00000003170387202205","0,00000098010948255174","0,00000039355949252232","0,00000001153848711071","0,00000040916677424442","0,00000044571140514211","0,00000001182535164723","0,00000009918727843608","0,00000037696349782502","0,00000080819127946006","0,00000142458418771100","0,00000147605284568518","0,00000072995928148875","0,00000033597356649498","0,00000180221343073741","0,00000161193036736691","0,00000119165037838745","0,00000234170342623096"
"-0,28151101885170559700","0,00000120065758450634","0,00000085576498957082","0,00000003164666816618","0,00000097518965026590","0,00000039127568196088","0,00000001153093839364","0,00000040853167797100","0,00000044380961913425","0,00000001181536895949","0,00000009882898496654","0,00000037493384353412","0,00000080372228292050","0,00000141736208173520","0,00000146880581192531","0,00000072644683467623","0,00000033420587451093","0,00000179340041809390","0,00000160404657111779","0,00000118641160589281","0,00000233106681667491"
"-0,27950709621439101500","0,00000119362823863829","0,00000085157711940493","0,00000003159898307718","0,00000097025729572145","0,00000038898412580912","0,00000001152798411335","0,00000040791045323309","0,00000044190604252372","0,00000001181062887840","0,00000009848734741572","0,00000037290610306748","0,00000079925823159879","0,00000141012604532742","0,00000146154630226408","0,00000072292998616644","0,00000033243161938446","0,00000178458574619160","0,00000159612476034307","0,00000118120990135325","0,00000232041997373448"
"-0,27750317357707637800","0,00000118660707115255","0,00000084741209218853","0,00000003156081675505","0,00000096531241891839","0,00000038668482406705","0,00000001152962426983","0,00000040730310003071","0,00000044000067531053","0,00000001181113140396","0,00000009816236578363","0,00000037088027642510","0,00000079479912549493","0,00000140287607848765","0,00000145427431670151","0,00000071940873595939","0,00000033065080111557","0,00000177576941503052","0,00000158816493504277","0,00000117604526476874","0,00000230976289740967"
"-0,27549925093976174200","0,00000117959408204911","0,00000084326990792163","0,00000003153216919978","0,00000096035501985670","0,00000038437777673466","0,00000001153585886309","0,00000040670961836385","0,00000043809351749467","0,00000001181687653618","0,00000009785404007026","0,00000036885636360698","0,00000079034496460892","0,00000139561218121590","0,00000144698985523759","0,00000071588308405506","0,00000032886341970426","0,00000176695142461065","0,00000158016709521687","0,00000117091769613930","0,00000229909558770047"
"-0,27349532830244710500","0,00000117258927132798","0,00000083915056660421","0,00000003151304041138","0,00000095538509853640","0,00000038206298381196","0,00000001154668789311","0,00000040613000823250","0,00000043618456907616","0,00000001182786427506","0,00000009756237027562","0,00000036683436461311","0,00000078589574894077","0,00000138833435351217","0,00000143969291787232","0,00000071235303045347","0,00000032706947515053","0,00000175813177493199","0,00000157213124086538","0,00000116582719546493","0,00000228841804460690"
"-0,27149140566513246800","0,00000116559263898916","0,00000083505406823629","0,00000003150343038984","0,00000095040265495749","0,00000037974044529895","0,00000001156211135992","0,00000040556426963668","0,00000043427383005498","0,00000001184409462059","0,00000009728735639970","0,00000036481427944351","0,00000078145147849048","0,00000138104259537646","0,00000143238350460571","0,00000070881857515462","0,00000032526896745438","0,00000174931046599454","0,00000156405737198830","0,00000116077376274562","0,00000227773026812894"
"-0,26948748302781783100","0,00000115860418503263","0,00000083098041281786","0,00000003150333913517","0,00000094540768911995","0,00000037741016119562","0,00000001158212926349","0,00000040501240257638","0,00000043236130043113","0,00000001186556757277","0,00000009702899844250","0,00000036279610809816","0,00000077701215325803","0,00000137373690680877","0,00000142506161543775","0,00000070527971815850","0,00000032346189661581","0,00000174048749779831","0,00000155594548858563","0,00000115575739798137","0,00000226703225826659"
"-0,26748356039050319400","0,00000115162390945842","0,00000082692960034893","0,00000003151276664736","0,00000094040020102380","0,00000037507213150198","0,00000001160674160384","0,00000040447440705159","0,00000043044698020463","0,00000001189228313161","0,00000009678729640404","0,00000036077985057708","0,00000077257777324344","0,00000136641728780909","0,00000141772725036844","0,00000070173645946511","0,00000032164826263482","0,00000173166287034329","0,00000154779559065738","0,00000115077810117219","0,00000225632401501987"
"-0,26547963775318855800","0,00000114465181226651","0,00000082290163082948","0,00000003153171292642","0,00000093538019066903","0,00000037272635621802","0,00000001163594838097","0,00000040395028306232","0,00000042853086937546","0,00000001192424129710","0,00000009656225028429","0,00000035876550688025","0,00000076814833844671","0,00000135908373837743","0,00000141038040939778","0,00000069818879907445","0,00000031982806551141","0,00000172283658362949","0,00000153960767820353","0,00000114583587231807","0,00000224560553838876"
"-0,26347571511587397600","0,00000113768789345691","0,00000081889650425953","0,00000003156017797234","0,00000093034765805565","0,00000037037283534375","0,00000001166974959486","0,00000040344003060858","0,00000042661296794363","0,00000001196144206925","0,00000009635386008328","0,00000035675307700768","0,00000076372384886782","0,00000135173625851379","0,00000140302109252578","0,00000069463673698653","0,00000031800130524558","0,00000171400863765690","0,00000153138175122409","0,00000114093071141902","0,00000223487682837327"
"-0,26147179247855933900","0,00000113073215302961","0,00000081491422063908","0,00000003159816178513","0,00000092530260318364","0,00000036801156887917","0,00000001170814524553","0,00000040294364969035","0,00000042469327590913","0,00000001200388544805","0,00000009616212580098","0,00000035474256095937","0,00000075930430450679","0,00000134437484821817","0,00000139564929975243","0,00000069108027320134","0,00000031616798183732","0,00000170517903242552","0,00000152311780971906","0,00000113606261847503","0,00000222413788497340"
"-0,25946786984124470300","0,00000112378459098461","0,00000081095477996811","0,00000003164566436479","0,00000092024502605302","0,00000036564255682427","0,00000001175113533298","0,00000040246114030764","0,00000042277179327198","0,00000001205157143351","0,00000009598704743742","0,00000035273395873532","0,00000075488970536362","0,00000133699950749056","0,00000138826503107773","0,00000068751940771889","0,00000031432809528665","0,00000169634776793535","0,00000151481585368844","0,00000113123159348611","0,00000221338870818915"
"-0,25746394720393006600","0,00000111684520732193","0,00000080701818224664","0,00000003170268571131","0,00000091517492666379","0,00000036326579917906","0,00000001179871985720","0,00000040199250246046","0,00000042084852003216","0,00000001210450002562","0,00000009582862499257","0,00000035072727033553","0,00000075048005143829","0,00000132961023633097","0,00000138086828650168","0,00000068395414053916","0,00000031248164559356","0,00000168751484418640","0,00000150647588313223","0,00000112643763645225","0,00000220262929802051"
"-0,25546002456661542900","0,00000110991400204154","0,00000080310442747466","0,00000003176922582469","0,00000091009230501593","0,00000036088129594353","0,00000001185089881819","0,00000040153773614879","0,00000041892345618967","0,00000001216267122438","0,00000009568685846646","0,00000034872249576000","0,00000074607534273082","0,00000132220703473941","0,00000137345906602429","0,00000068038447166218","0,00000031062863275804","0,00000167868026117866","0,00000149809789805043","0,00000112168074737345","0,00000219185965446749"
"-0,25345610192930079200","0,00000110299097514347","0,00000079921351565217","0,00000003184528470494","0,00000090499716110946","0,00000035848904711769","0,00000001190767221596","0,00000040109684137264","0,00000041699660174453","0,00000001222608502981","0,00000009556174785906","0,00000034671963500873","0,00000074167557924121","0,00000131478990271585","0,00000136603736964555","0,00000067681040108792","0,00000030876905678011","0,00000166984401891214","0,00000148968189844303","0,00000111696092624972","0,00000218107977753009"
"-0,25145217929198615500","0,00000109607612662769","0,00000079534544677917","0,00000003193086235206","0,00000089988949494437","0,00000035608905270153","0,00000001196904005050","0,00000040066981813201","0,00000041506795669672","0,00000001229474144188","0,00000009545329317040","0,00000034471868808171","0,00000073728076096945","0,00000130735884026032","0,00000135860319736547","0,00000067323192881640","0,00000030690291765976","0,00000166100611738683","0,00000148122788431005","0,00000111227817308106","0,00000217028966720831"
"-0,24944825665467154600","0,00000108917456446984","0,00000079149489042311","0,00000003201650043485","0,00000089476689038542","0,00000035368695905595","0,00000001203017137520","0,00000040024999317242","0,00000041313277803671","0,00000001236317868953","0,00000009535277856829","0,00000034271940107020","0,00000073288903331024","0,00000129991581499812","0,00000135116691897876","0,00000066965288276782","0,00000030503529327575","0,00000165217573740669","0,00000147275188417435","0,00000110762636610711","0,00000215950417184861"
"-0,24744433401735690900","0,00000108229139664552","0,00000078765651615139","0,00000003209274062212","0,00000088962693129734","0,00000035128841254181","0,00000001208623524344","0,00000039983069323941","0,00000041118632275497","0,00000001242593500169","0,00000009525148822059","0,00000034072152006543","0,00000072849854165829","0,00000129246279455456","0,00000134373890428015","0,00000066607709086240","0,00000030317126150684","0,00000164336205977568","0,00000146426992655881","0,00000110299938356755","0,00000214873813979746"
"-0,24544041138004230000","0,00000107542662315473","0,00000078383032396404","0,00000003215958291388","0,00000088446961768014","0,00000034889341315912","0,00000001213723165523","0,00000039941191833296","0,00000040922859085150","0,00000001248301037834","0,00000009514942212729","0,00000033872504506740","0,00000072410928601360","0,00000128499977892965","0,00000133631915326965","0,00000066250455310013","0,00000030131082235304","0,00000163456508449380","0,00000145578201146343","0,00000109839722546237","0,00000213799157105487"
"-0,24343648874272766400","0,00000106858024399746","0,00000078001631386105","0,00000003221702731012","0,00000087929494953383","0,00000034650196090788","0,00000001218316061056","0,00000039899366845308","0,00000040725958232629","0,00000001253440481949","0,00000009504658028839","0,00000033672997607612","0,00000071972126637616","0,00000127752676812338","0,00000132890766594726","0,00000065893526948102","0,00000029945397581435","0,00000162578481156105","0,00000144728813888820","0,00000109381989179156","0,00000212726446562082"
"-0,24143256610541302700","0,00000106175225917374","0,00000077621448584241","0,00000003226507381085","0,00000087410292685839","0,00000034411405578810","0,00000001222402210944","0,00000039857594359977","0,00000040527929717935","0,00000001258011832515","0,00000009494296270390","0,00000033473631309158","0,00000071533448274598","0,00000127004376213576","0,00000132150444231297","0,00000065536924000506","0,00000029760072189076","0,00000161702124097744","0,00000143878830883313","0,00000108926738255514","0,00000211655682349533"
"-0,23942864346809839000","0,00000105494266868354","0,00000077242483990813","0,00000003230372241606","0,00000086889354965383","0,00000034172969779976","0,00000001225981615187","0,00000039815874377303","0,00000040328773541068","0,00000001262015089530","0,00000009483856937381","0,00000033274405611378","0,00000071094893512306","0,00000126255076096679","0,00000131410948236678","0,00000065180646467225","0,00000029575106058227","0,00000160827437274296","0,00000143028252129822","0,00000108473969775310","0,00000210586864467839"
"-0,23742472083078378100","0,00000104815147252687","0,00000076864737605822","0,00000003233297312575","0,00000086366681792016","0,00000033934888694287","0,00000001229054273783","0,00000039774206897286","0,00000040128489702028","0,00000001265450252996","0,00000009473340029812","0,00000033075320514272","0,00000070656462350740","0,00000125504776461645","0,00000130672278610870","0,00000064824694348260","0,00000029390499188890","0,00000159954420685760","0,00000142177077628346","0,00000108023683738544","0,00000209519992917000"
"-0,23542079819346914400","0,00000104137867070373","0,00000076488209429266","0,00000003235282593993","0,00000085842273165736","0,00000033697162321743","0,00000001231620186735","0,00000039732591919925","0,00000039927078200814","0,00000001268317322911","0,00000009462745547683","0,00000032876376017841","0,00000070218154789899","0,00000124753477308477","0,00000129934435353872","0,00000064469067643610","0,00000029206251581062","0,00000159083074332138","0,00000141325307378886","0,00000107575880145216","0,00000208455067697016"
"-0,23341687555615450700","0,00000103462426321413","0,00000076112899461146","0,00000003236328085859","0,00000085316129086544","0,00000033459790662344","0,00000001233679354041","0,00000039691029445222","0,00000039724539037427","0,00000001270616299276","0,00000009452073490995","0,00000032677572122083","0,00000069779970829784","0,00000124001178637173","0,00000129197418465685","0,00000064113766353275","0,00000029022363234746","0,00000158213398213429","0,00000140472941381441","0,00000107130558995326","0,00000207392088807887"
"-0,23141295291883987000","0,00000102788825005805","0,00000075738807701461","0,00000003236433788174","0,00000084788249554441","0,00000033222773716090","0,00000001235231775701","0,00000039649519473175","0,00000039520872211867","0,00000001272347182092","0,00000009441323859746","0,00000032478908827001","0,00000069341910470395","0,00000123247880447733","0,00000128461227946308","0,00000063758790477256","0,00000028838834149940","0,00000157345392329633","0,00000139619979636013","0,00000106687720288874","0,00000206331056249613"
"-0,22940903028152526100","0,00000102117063123551","0,00000075365934150213","0,00000003235599700937","0,00000084258634569425","0,00000032986111482981","0,00000001236277451716","0,00000039608062003786","0,00000039316077724134","0,00000001273509971357","0,00000009430496653938","0,00000032280386132592","0,00000068903973711732","0,00000122493582740158","0,00000127725863795742","0,00000063404140015552","0,00000028655664326644","0,00000156479056680751","0,00000138766422142600","0,00000106247364025861","0,00000205271970022195"
"-0,22740510764421062400","0,00000101447140674650","0,00000074994278807400","0,00000003233825824148","0,00000083727284131497","0,00000032749803963017","0,00000001236816382085","0,00000039566657037053","0,00000039110155574227","0,00000001274104667073","0,00000009419591873570","0,00000032082004038858","0,00000068466160553794","0,00000121738285514447","0,00000126991326013986","0,00000063049814968164","0,00000028472853764859","0,00000155614391266781","0,00000137912268901203","0,00000105809490206285","0,00000204214830125632"
"-0,22540118500689598800","0,00000100779057659101","0,00000074623841673024","0,00000003231112157808","0,00000083194198240658","0,00000032513851156198","0,00000001236848566809","0,00000039525304572977","0,00000038903105762147","0,00000001274131269238","0,00000009408609518643","0,00000031883762545798","0,00000068028470996582","0,00000120981988770601","0,00000126257614601040","0,00000062695815335091","0,00000028290402464585","0,00000154751396087725","0,00000137057519911821","0,00000105374098830147","0,00000203159636559924"
"-0,22339726236958137900","0,00000100112814076906","0,00000074254622747083","0,00000003227458701917","0,00000082659376896906","0,00000032278253062524","0,00000001236374005887","0,00000039484004611558","0,00000038694928287894","0,00000001273589777854","0,00000009397549589155","0,00000031685661653412","0,00000067590905040095","0,00000120224692508620","0,00000125524729556905","0,00000062342141116334","0,00000028108310425821","0,00000153890071143581","0,00000136202175174455","0,00000104941189897448","0,00000202106389325071"
"-0,22139333973226674200","0,00000099448409928064","0,00000073886622029578","0,00000003222865456473","0,00000082122820100242","0,00000032043009681995","0,00000001235392699320","0,00000039442757152796","0,00000038485623151467","0,00000001272480192919","0,00000009386412085108","0,00000031487701361700","0,00000067153462684335","0,00000119466396728502","0,00000124792670881581","0,00000061988792311891","0,00000027926577648567","0,00000153030416434351","0,00000135346234689105","0,00000104510763408186","0,00000201055088421073"
"-0,21938941709495210500","0,00000098785845212576","0,00000073519839520509","0,00000003217332421478","0,00000081584527850667","0,00000031808121014611","0,00000001233904647107","0,00000039401562196690","0,00000038275190352868","0,00000001270802514435","0,00000009375197006501","0,00000031289881670663","0,00000066716143929300","0,00000118707101430250","0,00000124061438575067","0,00000061635768921765","0,00000027745204132825","0,00000152172431960034","0,00000134489698455770","0,00000104082819362363","0,00000200005733847930"
"-0,21738549445763746800","0,00000098125119930440","0,00000073154275219875","0,00000003210859596932","0,00000081044500148179","0,00000031573587060372","0,00000001231909849249","0,00000039360419743242","0,00000038063629892095","0,00000001268556742400","0,00000009363904353335","0,00000031092202580300","0,00000066278948774991","0,00000117946806613862","0,00000123331032637363","0,00000061283070945953","0,00000027564189878592","0,00000151316117720630","0,00000133632566474452","0,00000103657357759977","0,00000198958325605642"
"-0,21538157182032285900","0,00000097466234081657","0,00000072789929127678","0,00000003203446982833","0,00000080502736992779","0,00000031339407819278","0,00000001229408305745","0,00000039319329792450","0,00000037850941769148","0,00000001265742876816","0,00000009352534125608","0,00000030894664090612","0,00000065841877221407","0,00000117185512279338","0,00000122601453068470","0,00000060930698384458","0,00000027383534885871","0,00000150461473716139","0,00000132774838745148","0,00000103234378601030","0,00000197912863694210"
"-0,21337764918300822200","0,00000096809187666228","0,00000072426801243916","0,00000003195094579184","0,00000079959238384467","0,00000031105583291329","0,00000001226400016596","0,00000039278292344316","0,00000037637125984029","0,00000001262360917681","0,00000009341086323322","0,00000030697266201597","0,00000065404929268549","0,00000116423218426679","0,00000121872699868387","0,00000060578651237277","0,00000027203239154660","0,00000149608499946562","0,00000131916515267861","0,00000102813881885521","0,00000196869348113633"
"-0,21137372654569358500","0,00000096153980684151","0,00000072064891568590","0,00000003185802385982","0,00000079414004323244","0,00000030872113476525","0,00000001222884981801","0,00000039237307398838","0,00000037422182536736","0,00000001258410864997","0,00000009329560946476","0,00000030500008913257","0,00000064968104916417","0,00000115659925055884","0,00000121144773037114","0,00000060226929504412","0,00000027023302684959","0,00000148757196411897","0,00000131057596042589","0,00000102395867613449","0,00000195827778863911"
"-0,20936980390837894900","0,00000095500613135428","0,00000071704200101701","0,00000003175570403229","0,00000078867034809108","0,00000030638998374865","0,00000001218863201361","0,00000039196374956017","0,00000037206111427270","0,00000001253892718762","0,00000009317957995070","0,00000030302892225591","0,00000064531404165011","0,00000114895632166954","0,00000120417672574653","0,00000059875533185862","0,00000026843725476769","0,00000147907563112146","0,00000130198081069333","0,00000101980335784816","0,00000194788155945044"
"-0,20736588127106434000","0,00000094849085020058","0,00000071344726843247","0,00000003164398630925","0,00000078318329842060","0,00000030406237986351","0,00000001214334675275","0,00000039155495015853","0,00000036988912655630","0,00000001248806478978","0,00000009306277469105","0,00000030105916138600","0,00000064094827014330","0,00000114130339759889","0,00000119691398481001","0,00000059524462281628","0,00000026664507530090","0,00000147059600047307","0,00000129337970348093","0,00000101567286399621","0,00000193750479357032"
"-0,20536195863374970300","0,00000094199396338040","0,00000070986471793228","0,00000003152287069068","0,00000077767889422100","0,00000030173832310982","0,00000001209299403544","0,00000039114667578346","0,00000036770586221818","0,00000001243152145643","0,00000009294519368580","0,00000029909080652282","0,00000063658373464375","0,00000113364047834688","0,00000118965950756160","0,00000059173716791709","0,00000026485648844921","0,00000146213307217382","0,00000128477263878868","0,00000101156719457864","0,00000192714749099875"
"-0,20335803599643506600","0,00000093551547089376","0,00000070629434951646","0,00000003139235717660","0,00000077215713549229","0,00000029941781348758","0,00000001203757386167","0,00000039073892643496","0,00000036551132125832","0,00000001236929718759","0,00000009282683693494","0,00000029712385766639","0,00000063222043515146","0,00000112596756391351","0,00000118241329400129","0,00000058823296716106","0,00000026307149421262","0,00000145368684622370","0,00000127615961661659","0,00000100748634959545","0,00000191680965173573"
"-0,20135411335912042900","0,00000092905537274065","0,00000070273616318500","0,00000003125244576701","0,00000076661802223445","0,00000029710085099678","0,00000001197708623145","0,00000039033170211302","0,00000036330550367673","0,00000001230139198325","0,00000009270770443850","0,00000029515831481671","0,00000062785837166643","0,00000111828465429879","0,00000117517534412909","0,00000058473202054817","0,00000026129009259115","0,00000144525732262271","0,00000126754063696466","0,00000100343032904664","0,00000190649127578127"
"-0,19935019072180582000","0,00000092259958425836","0,00000069920117705321","0,00000003111130706484","0,00000076106972454068","0,00000029478807665215","0,00000001191604079734","0,00000038993421026536","0,00000036109306578393","0,00000001223358040260","0,00000009259238984561","0,00000029319644440081","0,00000062350375972517","0,00000111060279373627","0,00000116794071457662","0,00000058122948945337","0,00000025951512129344","0,00000143682528315125","0,00000125892833609132","0,00000099941656319403","0,00000189620129055773"
"-0,19734626808449118300","0,00000091613402078414","0,00000069570040923644","0,00000003097711167305","0,00000075552041250416","0,00000029248013146838","0,00000001185894721189","0,00000038955565833965","0,00000035887866389043","0,00000001217163700486","0,00000009248548680546","0,00000029124051284576","0,00000061916281486421","0,00000110293302645949","0,00000116070446197550","0,00000057772053525157","0,00000025774941802816","0,00000142837150958972","0,00000125033535025503","0,00000099546248229945","0,00000188594862348748"
"-0,19534234544717654600","0,00000090965868231802","0,00000069223385973468","0,00000003084985959163","0,00000074997008612489","0,00000029017701544548","0,00000001180580547513","0,00000038919604633591","0,00000035666229799625","0,00000001211556179003","0,00000009238699531804","0,00000028929052015155","0,00000061483553708354","0,00000109527535246847","0,00000115346658632574","0,00000057420515794277","0,00000025599298279533","0,00000141989600193813","0,00000124176167945579","0,00000099156808636289","0,00000187573327457051"
"-0,19333842280986191000","0,00000090317356885999","0,00000068880152854792","0,00000003072955082058","0,00000074441874540287","0,00000028787872858345","0,00000001175661558703","0,00000038885537425414","0,00000035444396810139","0,00000001206535475810","0,00000009229691538335","0,00000028734646631818","0,00000061052192638317","0,00000108762977176319","0,00000114622708762734","0,00000057068335752698","0,00000025424581559492","0,00000141139876019646","0,00000123320732369358","0,00000098773337538436","0,00000186555524380684"
"-0,19133450017254730000","0,00000089667868041005","0,00000068540341567618","0,00000003061618535990","0,00000073886639033810","0,00000028558527088229","0,00000001171137754761","0,00000038853364209433","0,00000035222367420583","0,00000001202101590907","0,00000009221524700139","0,00000028540835134565","0,00000060622198276310","0,00000107999628434367","0,00000113898596588029","0,00000056715513400418","0,00000025250791642696","0,00000140287978436472","0,00000122467228296843","0,00000098395834936385","0,00000185541453119646"
"-0,18933057753523266400","0,00000089017401696819","0,00000068203952111944","0,00000003050976320959","0,00000073331302093059","0,00000028329664234199","0,00000001167009135686","0,00000038823084985648","0,00000035000141630958","0,00000001198254524294","0,00000009214199017216","0,00000028347617523397","0,00000060193570622332","0,00000107237489020989","0,00000113174322108459","0,00000056362048737439","0,00000025077928529142","0,00000139433907444292","0,00000121615655728031","0,00000098024300830136","0,00000184531113673937"
"-0,18732665489791802700","0,00000088365957853442","0,00000067870984487771","0,00000003041028436966","0,00000072775863718032","0,00000028101284296256","0,00000001163275701478","0,00000038794699754060","0,00000034777719441265","0,00000001194994275972","0,00000009207714489567","0,00000028154993798312","0,00000059766309676384","0,00000106476558936187","0,00000112449885324025","0,00000056007941763760","0,00000024905992218833","0,00000138577663043104","0,00000120766014662924","0,00000097658735219690","0,00000183524506043557"
"-0,18532273226060341800","0,00000087713536510874","0,00000067541438695099","0,00000003031774884010","0,00000072220323908731","0,00000027873387274400","0,00000001159937452138","0,00000038768208514668","0,00000034555100851502","0,00000001192320845940","0,00000009202071117190","0,00000027962963959312","0,00000059340415438465","0,00000105716838179959","0,00000111725286234726","0,00000055653192479382","0,00000024734982711766","0,00000137719245232910","0,00000119918305101521","0,00000097299138105046","0,00000182521630228506"
"-0,18331880962328878100","0,00000087060137669115","0,00000067215314733928","0,00000003023215662091","0,00000071664682665155","0,00000027645973168631","0,00000001156994387665","0,00000038743611267472","0,00000034332285861671","0,00000001190234234198","0,00000009197268900086","0,00000027771528006397","0,00000058915887908576","0,00000104958326752306","0,00000111000524840563","0,00000055297800884303","0,00000024564900007943","0,00000136858654013708","0,00000119072527043822","0,00000096945509486205","0,00000181522486228784"
"-0,18131488698597414400","0,00000086405761328165","0,00000066892612604257","0,00000003015350771209","0,00000071108939987304","0,00000027419041978948","0,00000001154446508059","0,00000038720908012473","0,00000034109274471771","0,00000001188734440747","0,00000009193307838255","0,00000027580685939565","0,00000058492727086716","0,00000104201024653228","0,00000110275601141535","0,00000054941766978525","0,00000024395744107364","0,00000135995889385500","0,00000118228680489828","0,00000096597849363166","0,00000180527074044391"
"-0,17931096434865950700","0,00000085750407488024","0,00000066573332306088","0,00000003008180211365","0,00000070553095875178","0,00000027192593705352","0,00000001152293813320","0,00000038700098749671","0,00000033886066681802","0,00000001187821465586","0,00000009190187931698","0,00000027390437758818","0,00000058070932972886","0,00000103444931882726","0,00000109550515137643","0,00000054585090762047","0,00000024227515010028","0,00000135130951348285","0,00000117386765439538","0,00000096256157735929","0,00000179535393675327"
"-0,17730704171134489800","0,00000085094076148692","0,00000066257473839419","0,00000003001703982557","0,00000069997150328777","0,00000026966628347843","0,00000001150536303449","0,00000038681183479064","0,00000033662662491764","0,00000001187495308716","0,00000009187909180413","0,00000027200783464155","0,00000057650505567086","0,00000102690048440798","0,00000108825266828887","0,00000054227772234869","0,00000024060212715936","0,00000134263839902063","0,00000116546781892953","0,00000095920434604495","0,00000178547445121592"
"-0,17530311907403026100","0,00000084436767310168","0,00000065945037204252","0,00000002995922084787","0,00000069441103348101","0,00000026741145906420","0,00000001149173978445","0,00000038664162200655","0,00000033439061901657","0,00000001187755970135","0,00000009186471584402","0,00000027011723055576","0,00000057231444869315","0,00000101936374327445","0,00000108099856215266","0,00000053869811396992","0,00000023893837225087","0,00000133394555046834","0,00000115708729850072","0,00000095590679968864","0,00000177563228383187"
"-0,17329919643671562500","0,00000083778480972454","0,00000065636022400585","0,00000002990834518054","0,00000068884954933150","0,00000026516146381084","0,00000001148206838308","0,00000038649034914441","0,00000033215264911482","0,00000001188603449845","0,00000009185875143663","0,00000026823256533081","0,00000056813750879574","0,00000101183909542667","0,00000107374283296780","0,00000053511208248414","0,00000023728388537482","0,00000132523096782597","0,00000114872609310895","0,00000095266893829035","0,00000176582743460110"
"-0,17129527379940098800","0,00000083119217135548","0,00000065330429428419","0,00000002986441282359","0,00000068328705083925","0,00000026291629771835","0,00000001147634883039","0,00000038635801620424","0,00000032991271521237","0,00000001190037747846","0,00000009186119858198","0,00000026635383896670","0,00000056397423597863","0,00000100432654086464","0,00000106648548073430","0,00000053151962789137","0,00000023563866653120","0,00000131649465109354","0,00000114038420275422","0,00000094949076185008","0,00000175605990352362"
"-0,16929135116208637900","0,00000082458975799451","0,00000065028258287754","0,00000002982742377700","0,00000067772353800424","0,00000026067596078673","0,00000001147458112637","0,00000038624462318603","0,00000032767081730924","0,00000001192058864137","0,00000009187205728005","0,00000026448105146344","0,00000055982463024181","0,00000099682607958835","0,00000105922650545215","0,00000052792075019161","0,00000023400271572001","0,00000130773660027104","0,00000113206162743654","0,00000094637227036783","0,00000174632969059943"
"-0,16728742852477174200","0,00000081797756964163","0,00000064729508978589","0,00000002979737804079","0,00000067215901082649","0,00000025844045301598","0,00000001147676527102","0,00000038615017008979","0,00000032542695540542","0,00000001194666798718","0,00000009189132753086","0,00000026261420282102","0,00000055568869158529","0,00000098933771159782","0,00000105196590712136","0,00000052431544938484","0,00000023237603294127","0,00000129895681535848","0,00000112375836715590","0,00000094331346384361","0,00000173663679582854"
"-0,16528350588745710500","0,00000081135560629684","0,00000064434181500926","0,00000002977427561495","0,00000066659346930599","0,00000025620977440609","0,00000001148290126434","0,00000038607465691551","0,00000032318112950091","0,00000001197861551589","0,00000009191900933440","0,00000026075329303944","0,00000055156642000906","0,00000098186143689304","0,00000104470368574192","0,00000052070372547108","0,00000023075861819495","0,00000129015529635584","0,00000111547442191231","0,00000094031434227742","0,00000172698121921093"
"-0,16327958325014246800","0,00000080472386796014","0,00000064142275854764","0,00000002975811649948","0,00000066102691344274","0,00000025398392495707","0,00000001149298910634","0,00000038601808366320","0,00000032093333959571","0,00000001201643122751","0,00000009195510269067","0,00000025889832211871","0,00000054745781551313","0,00000097439725547401","0,00000103743984131384","0,00000051708557845031","0,00000022915047148107","0,00000128133204326313","0,00000110720979170576","0,00000093737490566925","0,00000171736296074662"
"-0,16127566061282785900","0,00000079808235463153","0,00000063853792040102","0,00000002974890069438","0,00000065545934323674","0,00000025176290466892","0,00000001150702879701","0,00000038598045033285","0,00000031868358568982","0,00000001206011512203","0,00000009199960759967","0,00000025704929005881","0,00000054336287809749","0,00000096694516734072","0,00000103017437383712","0,00000051346100832256","0,00000022755159279963","0,00000127248705608035","0,00000109896447653625","0,00000093449515401910","0,00000170778202043559"
"-0,15927173797551322200","0,00000079143106631100","0,00000063568730056941","0,00000002974662819966","0,00000064989075868799","0,00000024954671354163","0,00000001152502033636","0,00000038596175692446","0,00000031643186778324","0,00000001210966719945","0,00000009205252406139","0,00000025520619685976","0,00000053928160776215","0,00000095950517249319","0,00000102290728331175","0,00000050983001508780","0,00000022596198215062","0,00000126362033480750","0,00000109073847640379","0,00000093167508732698","0,00000169823839827786"
"-0,15726781533819858500","0,00000078477000299857","0,00000063287089905281","0,00000002975129901531","0,00000064432115979650","0,00000024733535157521","0,00000001154696372437","0,00000038596200343804","0,00000031417818587598","0,00000001216508745978","0,00000009211385207585","0,00000025336904252155","0,00000053521400450711","0,00000095207727093141","0,00000101563856973773","0,00000050619259874604","0,00000022438163953405","0,00000125473187944459","0,00000108253179130837","0,00000092891470559288","0,00000168873209427341"
"-0,15526389270088394900","0,00000077809916469422","0,00000063008871585122","0,00000002976291314133","0,00000063875054656225","0,00000024512881876966","0,00000001157285896106","0,00000038598118987358","0,00000031192253996802","0,00000001222637590301","0,00000009218359164304","0,00000025153782704418","0,00000053116006833236","0,00000094466146265537","0,00000100836823311507","0,00000050254875929729","0,00000022281056494991","0,00000124582168999160","0,00000107434442124999","0,00000092621400881680","0,00000167926310842226"
"-0,15325997006356934000","0,00000077141855139796","0,00000062734075096464","0,00000002978147057772","0,00000063317891898526","0,00000024292711512498","0,00000001160270604642","0,00000038601931623109","0,00000030966493005938","0,00000001229353252914","0,00000009226174276297","0,00000024971255042766","0,00000052711979923791","0,00000093725774766509","0,00000100109627344376","0,00000049889849674154","0,00000022124875839820","0,00000123688976644855","0,00000106617636622866","0,00000092357299699875","0,00000166983144072440"
"-0,15125604742625470300","0,00000076472816310979","0,00000062462700439307","0,00000002980697132448","0,00000062760627706552","0,00000024073024064117","0,00000001163650498046","0,00000038607638251056","0,00000030740535615005","0,00000001236655733818","0,00000009234830543562","0,00000024789321267197","0,00000052309319722375","0,00000092986612596055","0,00000099382269072381","0,00000049524181107879","0,00000021969621987893","0,00000122793610881542","0,00000105802762624437","0,00000092099167013873","0,00000166043709117982"
"-0,14925212478894006600","0,00000075807415780135","0,00000062194311824296","0,00000002983269079516","0,00000062204169254108","0,00000023854627967944","0,00000001167123600836","0,00000038615306452647","0,00000030514244192646","0,00000001243929770160","0,00000009243960239199","0,00000024607479775760","0,00000051909297157823","0,00000092248350159483","0,00000098655474718227","0,00000049158686485388","0,00000021815533010167","0,00000121897065770705","0,00000104990794141204","0,00000091846296405190","0,00000165110062951010"
"-0,14724820215162545700","0,00000075150269344427","0,00000061928473462077","0,00000002985190440329","0,00000061649423715000","0,00000023638331660103","0,00000001170387937533","0,00000038625003809333","0,00000030287481107505","0,00000001250560099088","0,00000009253195636308","0,00000024425228966501","0,00000051513183158967","0,00000091510677862099","0,00000097929970504619","0,00000048794182061164","0,00000021662846977598","0,00000121000335373823","0,00000104182705184658","0,00000091597981455346","0,00000164184262543679"
"-0,14524427951431082000","0,00000074501377003856","0,00000061665185352650","0,00000002986461214887","0,00000061096391089229","0,00000023424135140592","0,00000001173443508137","0,00000038636730321111","0,00000030060246359582","0,00000001256546720603","0,00000009262536734889","0,00000024242568839421","0,00000051120977725807","0,00000090773595703902","0,00000097205756431556","0,00000048430667835206","0,00000021511563890187","0,00000120103419690898","0,00000103378495754800","0,00000091354222164340","0,00000163266307895990"
"-0,14324035687699618300","0,00000073860738758422","0,00000061404447496015","0,00000002987081403191","0,00000060545071376794","0,00000023212038409413","0,00000001176290312648","0,00000038650485987983","0,00000029832539948876","0,00000001261889634703","0,00000009271983534942","0,00000024059499394518","0,00000050732680858344","0,00000090037103684894","0,00000096482832499039","0,00000048068143807515","0,00000021361683747934","0,00000119206318721928","0,00000102578165851630","0,00000091115018532172","0,00000162356199007942"
"-0,14123643423968154600","0,00000073228354608124","0,00000061146259892172","0,00000002987051005240","0,00000059995464577695","0,00000023002041466565","0,00000001178928351065","0,00000038666270809948","0,00000029604361875389","0,00000001266588841390","0,00000009281536036466","0,00000023876020631794","0,00000050348292556578","0,00000089301201805073","0,00000095761198707069","0,00000047706609978090","0,00000021213206550838","0,00000118309032466915","0,00000101781715475147","0,00000090880370558842","0,00000161453935879535"
"-0,13923251160236693700","0,00000072604224552962","0,00000060890622541121","0,00000002986370021034","0,00000059447570691933","0,00000022794144312049","0,00000001181357623389","0,00000038684084787006","0,00000029375712139119","0,00000001270644340664","0,00000009291194239462","0,00000023692132551248","0,00000049967812820508","0,00000088565890064441","0,00000095040855055644","0,00000047346066346933","0,00000021066132298900","0,00000117411560925859","0,00000100989144625351","0,00000090650278244350","0,00000160559518510769"
"-0,13722858896505230100","0,00000071988348592937","0,00000060637535442861","0,00000002985038450573","0,00000058901389719506","0,00000022588346945863","0,00000001183578129620","0,00000038703927919158","0,00000029146590740066","0,00000001274056132523","0,00000009300958143929","0,00000023507835152880","0,00000049591241650135","0,00000087831168462996","0,00000094321801544765","0,00000046986512914042","0,00000020920460992120","0,00000116513904098758","0,00000100200453302244","0,00000090424741588696","0,00000159672946901644"
"-0,13522466632773766400","0,00000071380726728049","0,00000060386998597394","0,00000002983056293858","0,00000058356921660416","0,00000022384649368009","0,00000001185589869757","0,00000038725800206403","0,00000028916997678232","0,00000001276824216968","0,00000009310827749869","0,00000023323128436690","0,00000049218579045458","0,00000087097037000740","0,00000093604038174432","0,00000046627949679418","0,00000020776192630497","0,00000115616061985614","0,00000099415641505823","0,00000090203760591880","0,00000158794221052161"
"-0,13322074369042302700","0,00000070781358958297","0,00000060139012004719","0,00000002980423550889","0,00000057814166514662","0,00000022183051578486","0,00000001187392843801","0,00000038749701648742","0,00000028686932953615","0,00000001278948594000","0,00000009320803057279","0,00000023138012402679","0,00000048849825006478","0,00000086363495677671","0,00000092887564944645","0,00000046270376643060","0,00000020633327214032","0,00000114718034586426","0,00000098634709236091","0,00000089987335253903","0,00000157923340962319"
"-0,13121682105310841800","0,00000070190245283682","0,00000059893575664836","0,00000002977140221664","0,00000057273124282244","0,00000021983553577293","0,00000001188987051752","0,00000038775632246174","0,00000028456396566216","0,00000001280429263618","0,00000009330884066162","0,00000022952487050846","0,00000048484979533194","0,00000085630544493790","0,00000092172381855404","0,00000045913793804970","0,00000020491864742725","0,00000113819821901194","0,00000097857656493045","0,00000089775465574763","0,00000157060306632119"
"-0,12921289841579378100","0,00000069607385704204","0,00000059650689577745","0,00000002973206306185","0,00000056733794963162","0,00000021786155364433","0,00000001190372493609","0,00000038803591998699","0,00000028225388516034","0,00000001281266225823","0,00000009341070776516","0,00000022766552381191","0,00000048124042625607","0,00000084898183449097","0,00000091458488906708","0,00000045558201165146","0,00000020351805216575","0,00000112921423929918","0,00000097084483276688","0,00000089568151554461","0,00000156205118061559"
"-0,12720897577847914400","0,00000069032780219862","0,00000059410353743445","0,00000002968621804451","0,00000056196178557417","0,00000021590856939903","0,00000001191549169373","0,00000038833580906317","0,00000027993908803071","0,00000001281459480613","0,00000009351363188342","0,00000022580208393714","0,00000047767014283716","0,00000084166412543592","0,00000090745886098559","0,00000045203598723588","0,00000020213148635583","0,00000112022840672599","0,00000096315189587018","0,00000089365393192998","0,00000155357775250641"
"-0,12520505314116450700","0,00000068466428830656","0,00000059172568161938","0,00000002963386716463","0,00000055660275065008","0,00000021397658303704","0,00000001192517079044","0,00000038865598969029","0,00000027761957427325","0,00000001281009027990","0,00000009361761301640","0,00000022393455088415","0,00000047413894507522","0,00000083435231777275","0,00000090034573430956","0,00000044849986480298","0,00000020075894999748","0,00000111124072129235","0,00000095549775424035","0,00000089167190490373","0,00000154518278199365"
"-0,12320113050384988400","0,00000067908331536587","0,00000058937332833222","0,00000002957501042220","0,00000055126084485935","0,00000021206559455837","0,00000001193276222621","0,00000038899646186834","0,00000027529534388797","0,00000001279914867953","0,00000009372265116409","0,00000022206292465295","0,00000047064683297024","0,00000082704641150146","0,00000089324550903898","0,00000044497364435274","0,00000019940044309072","0,00000110225118299828","0,00000094788240787740","0,00000088973543446585","0,00000153686626907729"
"-0,12119720786653526100","0,00000067358488337655","0,00000058704647757299","0,00000002950964781722","0,00000054593606820198","0,00000021017560396301","0,00000001193826600105","0,00000038935722559732","0,00000027296639687486","0,00000001278177000502","0,00000009382874632650","0,00000022018720524352","0,00000046719380652223","0,00000081974640662204","0,00000088615818517386","0,00000044145732588517","0,00000019805596563553","0,00000109325979184378","0,00000094030585678133","0,00000088784452061636","0,00000152862821375735"
"-0,11919328522922063800","0,00000066816899233859","0,00000058474512934167","0,00000002943777934969","0,00000054062842067797","0,00000020830661125096","0,00000001194168211496","0,00000038973828087724","0,00000027063273323394","0,00000001275795425637","0,00000009393589850362","0,00000021830739265588","0,00000046377986573119","0,00000081245230313451","0,00000087908376271421","0,00000043795090940027","0,00000019672551763191","0,00000108426654782883","0,00000093276810095213","0,00000088599916335525","0,00000152046861603382"
"-0,11718936259190600200","0,00000066283564225200","0,00000058246928363828","0,00000002935940501962","0,00000053533790228733","0,00000020645861642222","0,00000001194301056794","0,00000039013962770809","0,00000026829435296519","0,00000001272770143359","0,00000009404410769547","0,00000021642348689003","0,00000046040501059711","0,00000080516410103886","0,00000087202224166001","0,00000043445439489803","0,00000019540909907987","0,00000107527145095345","0,00000092526914038980","0,00000088419936268252","0,00000151238747590670"
"-0,11518543995459137900","0,00000065758483311677","0,00000058021894046280","0,00000002927452482700","0,00000053006451303004","0,00000020463161947679","0,00000001194225135998","0,00000039056126608988","0,00000026595125606862","0,00000001269101153667","0,00000009415337390203","0,00000021453548794595","0,00000045706924112000","0,00000079788180033508","0,00000086497362201127","0,00000043096778237846","0,00000019410670997941","0,00000106627450121762","0,00000091780897509436","0,00000088244511859817","0,00000150438479337600"
"-0,11318151731727674200","0,00000065241656493291","0,00000057799409981525","0,00000002918313877184","0,00000052480825290612","0,00000020282562041467","0,00000001193940449109","0,00000039100319602259","0,00000026360344254422","0,00000001264788456561","0,00000009426369712330","0,00000021264339582366","0,00000045377255729985","0,00000079060540102319","0,00000085793790376799","0,00000042749107184156","0,00000019281835033053","0,00000105727569862136","0,00000091038760506578","0,00000088073643110220","0,00000149646056844171"
"-0,11117759467996211900","0,00000064733083770042","0,00000057579476169561","0,00000002908524685413","0,00000051956912191556","0,00000020104061923587","0,00000001193446996126","0,00000039146541750624","0,00000026125091239200","0,00000001259832052041","0,00000009437507735929","0,00000021074721052315","0,00000045051495913666","0,00000078333490310317","0,00000085091508693017","0,00000042402426328733","0,00000019154402013322","0,00000104827504316467","0,00000090300503030409","0,00000087907330019461","0,00000148861480110383"
"-0,10917367204264748200","0,00000064232765141929","0,00000057362092610390","0,00000002898084907387","0,00000051434712005837","0,00000019927661594038","0,00000001192744777051","0,00000039194793054083","0,00000025889366561197","0,00000001254231940108","0,00000009448751461000","0,00000020884693204442","0,00000044729644663045","0,00000077607030657503","0,00000084390517149781","0,00000042056735671576","0,00000019028371938749","0,00000103927253484753","0,00000089566125080926","0,00000087745572587541","0,00000148084749136236"
"-0,10716974940533285900","0,00000063740700608952","0,00000057147259304010","0,00000002886994543106","0,00000050914224733453","0,00000019753361052820","0,00000001191833791882","0,00000039245073512634","0,00000025653170220410","0,00000001247988120761","0,00000009460100887543","0,00000020694256038747","0,00000044411701978119","0,00000076881161143877","0,00000083690815747091","0,00000041712035212686","0,00000018903744809334","0,00000103026817366996","0,00000088835626658132","0,00000087588370814458","0,00000147315863921731"
"-0,10516582676801822200","0,00000063256890171112","0,00000056934976250422","0,00000002875253592571","0,00000050395450374406","0,00000019581160299933","0,00000001190714040619","0,00000039297383126279","0,00000025416502216842","0,00000001241100594000","0,00000009471556015557","0,00000020503409555230","0,00000044097667858891","0,00000076155881769439","0,00000082992404484946","0,00000041368324952063","0,00000018780520625076","0,00000102126195963195","0,00000088109007762025","0,00000087435724700214","0,00000146554824466867"
"-0,10316190413070359900","0,00000062781333828409","0,00000056725243449626","0,00000002862862055781","0,00000049878388928695","0,00000019411059335377","0,00000001189385523263","0,00000039351721895018","0,00000025179362550491","0,00000001233569359825","0,00000009483116845043","0,00000020312153753892","0,00000043787542305358","0,00000075431192534189","0,00000082295283363348","0,00000041025604889707","0,00000018658699385976","0,00000101225389273350","0,00000087386268392605","0,00000087287634244807","0,00000145801630771644"
"-0,10115798149338896300","0,00000062314031580842","0,00000056518060901623","0,00000002849819932736","0,00000049363040396320","0,00000019243058159153","0,00000001187848239814","0,00000039408089818849","0,00000024941751221358","0,00000001225394418237","0,00000009494783376001","0,00000020120488634732","0,00000043481325317523","0,00000074707093438127","0,00000081599452382295","0,00000040683875025617","0,00000018538281092033","0,00000100324397297461","0,00000086667408549873","0,00000087144099448239","0,00000145056282836063"
"-0,09915405885607433970","0,00000061859436829073","0,00000056316132220313","0,00000002836692393375","0,00000048851328730064","0,00000019077729563677","0,00000001186259515974","0,00000039467587820977","0,00000024705299748006","0,00000001217227268406","0,00000009507449968365","0,00000019930030231526","0,00000043181161428762","0,00000073988974458678","0,00000080907526348208","0,00000040342834403089","0,00000018419570729836","0,00000099427357663314","0,00000085957448638480","0,00000087007064394390","0,00000144320545262280"
"-0,09715013621875970290","0,00000061422002973761","0,00000056122161019598","0,00000002824044607633","0,00000048345177882709","0,00000018915646341369","0,00000001184776677445","0,00000039531316824602","0,00000024471639648997","0,00000001209719409507","0,00000009522010982072","0,00000019742394578048","0,00000042889195172456","0,00000073282225573265","0,00000080222120067506","0,00000040002182065419","0,00000018302873285973","0,00000098538407998692","0,00000085261409063078","0,00000086878473167143","0,00000143596182652454"
"-0,09514621358144507990","0,00000061001730014908","0,00000055936147299479","0,00000002811876575512","0,00000047844587854256","0,00000018756808492228","0,00000001183399724228","0,00000039599276829726","0,00000024240770924331","0,00000001202870841538","0,00000009538466417121","0,00000019557581674301","0,00000042605426548604","0,00000072586846781890","0,00000079543233540189","0,00000039661918012606","0,00000018188188760443","0,00000097657548303597","0,00000084579289823666","0,00000086758325766498","0,00000142883195006583"
"-0,09314229094413044310","0,00000060598617952512","0,00000055758091059956","0,00000002800188297011","0,00000047349558644705","0,00000018601216016255","0,00000001182128656321","0,00000039671467836347","0,00000024012693574010","0,00000001196681564500","0,00000009556816273512","0,00000019375591520282","0,00000042329855557206","0,00000071902838084552","0,00000078870866766256","0,00000039322042244651","0,00000018075517153246","0,00000096784778578028","0,00000083911090920244","0,00000086646622192454","0,00000142181582324669"
"-0,09113836830681582010","0,00000060212666786574","0,00000055587992301028","0,00000002788979772131","0,00000046860090254055","0,00000018448868913448","0,00000001180963473725","0,00000039747889844467","0,00000023787407598031","0,00000001191151578393","0,00000009577060551245","0,00000019196424115993","0,00000042062482198262","0,00000071230199481252","0,00000078205019745709","0,00000038982554761553","0,00000017964858464383","0,00000095920098821984","0,00000083256812352813","0,00000086543362445012","0,00000141491344606711"
"-0,08913444566950118330","0,00000059843876517094","0,00000055425851022696","0,00000002778251000871","0,00000046376182682306","0,00000018299767183809","0,00000001179904176441","0,00000039828542854084","0,00000023564912996397","0,00000001186280883217","0,00000009599199250321","0,00000019020079461433","0,00000041803306471772","0,00000070568930971988","0,00000077545692478546","0,00000038643455563313","0,00000017856212693854","0,00000095063509035467","0,00000082616454121373","0,00000086448546524171","0,00000140812481852710"
"-0,08713052303218656040","0,00000059492247144072","0,00000055271667224960","0,00000002768001983231","0,00000045897835929459","0,00000018153910827337","0,00000001178950764467","0,00000039913426865200","0,00000023345209769106","0,00000001182069478971","0,00000009623232370738","0,00000018846557556602","0,00000041552328377737","0,00000069919032556762","0,00000076892884964768","0,00000038304744649929","0,00000017749579841658","0,00000094215009218476","0,00000081990016225923","0,00000086362174429933","0,00000140144994062665"
"-0,08512660039487193740","0,00000059157778667507","0,00000055125440907819","0,00000002758232719212","0,00000045425049995514","0,00000018011299844032","0,00000001178103237805","0,00000040002541877814","0,00000023128297916158","0,00000001178517365655","0,00000009649159912498","0,00000018675858401500","0,00000041309547916155","0,00000069280504235572","0,00000076246597204375","0,00000037966422021404","0,00000017644959907795","0,00000093374599371011","0,00000081377498666464","0,00000086284246162295","0,00000139488881236576"
"-0,08312267775755730060","0,00000058840471087401","0,00000054987172071274","0,00000002748943208813","0,00000044957824880470","0,00000017871934233895","0,00000001177361596453","0,00000040095887891925","0,00000022914177437554","0,00000001175624543271","0,00000009676981875600","0,00000018507981996128","0,00000041074965087028","0,00000068653346008420","0,00000075606829197368","0,00000037628487677735","0,00000017542352892266","0,00000092542279493072","0,00000080778901442995","0,00000086214761721259","0,00000138844143374443"
"-0,08111875512024267770","0,00000058540324403752","0,00000054856860715324","0,00000002740133452034","0,00000044496160584328","0,00000017735813996924","0,00000001176725840413","0,00000040193464907535","0,00000022702848333293","0,00000001173391011817","0,00000009706698260044","0,00000018342928340485","0,00000040848579890355","0,00000068037557875305","0,00000074973580943745","0,00000037290941618925","0,00000017441758795070","0,00000091718049584659","0,00000080194224555517","0,00000086153721106825","0,00000138210780476266"
"-0,07911483248292804080","0,00000058257338616562","0,00000054734506839970","0,00000002731803448875","0,00000044040057107087","0,00000017602939133121","0,00000001176195969684","0,00000040295272924643","0,00000022494310603376","0,00000001171816771294","0,00000009738309065831","0,00000018180697434571","0,00000040630392326135","0,00000067433139836228","0,00000074346852443506","0,00000036953783844971","0,00000017343177616208","0,00000090901909645773","0,00000079623468004029","0,00000086101124318993","0,00000137588792542046"
"-0,07711090984561341790","0,00000057991513725829","0,00000054620110445211","0,00000002723953199337","0,00000043589514448747","0,00000017473309642485","0,00000001175771984266","0,00000040401311943249","0,00000022288564247802","0,00000001170901821702","0,00000009771814292959","0,00000018021289278387","0,00000040420402394370","0,00000066840091891187","0,00000073726643696653","0,00000036617014355875","0,00000017246609355679","0,00000090093859676412","0,00000079066631788532","0,00000086056971357762","0,00000136978179571782"
"-0,07510698720829878110","0,00000057742849731554","0,00000054513671531048","0,00000002716582703419","0,00000043144532609310","0,00000017346925525017","0,00000001175453884159","0,00000040511581963352","0,00000022085609266572","0,00000001170646163040","0,00000009807213941430","0,00000017864703871932","0,00000040218610095060","0,00000066258414040184","0,00000073112954703185","0,00000036280633151637","0,00000017152054013483","0,00000089293899676577","0,00000078523715909025","0,00000086021262223133","0,00000136378941565474"
"-0,07310306457098415810","0,00000057511346633737","0,00000054415190097481","0,00000002709691961122","0,00000042705111588773","0,00000017223786780715","0,00000001175241669364","0,00000040626082984954","0,00000021885445659686","0,00000001171049795309","0,00000009844508011243","0,00000017710941215206","0,00000040025015428203","0,00000065688106283218","0,00000072505785463101","0,00000035944640232256","0,00000017059511589621","0,00000088502029646269","0,00000077994720365509","0,00000085993996915105","0,00000135791078523122"
"-0,07109914193366952130","0,00000057297004432378","0,00000054324666144509","0,00000002703280972445","0,00000042271251387139","0,00000017103893409581","0,00000001175135339879","0,00000040744815008054","0,00000021688073427143","0,00000001172112718508","0,00000009883696502398","0,00000017560001308209","0,00000039839618393800","0,00000065129168620289","0,00000071905135976403","0,00000035609035597732","0,00000016968982084093","0,00000087718249585486","0,00000077479645157983","0,00000085975175433679","0,00000135214590444727"
"-0,06909521929635489840","0,00000057099823127477","0,00000054242099672133","0,00000002697349737388","0,00000041842952004405","0,00000016987245411614","0,00000001175134895705","0,00000040867778032652","0,00000021493492568944","0,00000001173834932639","0,00000009924779414895","0,00000017411884150942","0,00000039662418991851","0,00000064581601051397","0,00000071311006243089","0,00000035273819248066","0,00000016880465496898","0,00000086942559494230","0,00000076978490286448","0,00000085964797778854","0,00000134649477330287"
"-0,06709129665904026150","0,00000056919802719034","0,00000054167490680353","0,00000002691898255952","0,00000041420213440574","0,00000016873842786814","0,00000001175240336843","0,00000040994972058748","0,00000021301703085088","0,00000001176216437700","0,00000009967756748734","0,00000017266589743404","0,00000039493417222357","0,00000064045403576542","0,00000070723396263161","0,00000034938991183257","0,00000016793961828036","0,00000086174959372500","0,00000076491255750904","0,00000085962863950631","0,00000134095739179804"
"-0,06508737402172563860","0,00000056756943207048","0,00000054100839169168","0,00000002686926528135","0,00000041003035695643","0,00000016763685535182","0,00000001175451663292","0,00000041126397086342","0,00000021112704975575","0,00000001179257233692","0,00000010012628503916","0,00000017124118085595","0,00000039332613085317","0,00000063520576195725","0,00000070142306036617","0,00000034604551403305","0,00000016709471077508","0,00000085415449220295","0,00000076017941551350","0,00000085969373949010","0,00000133553375993278"
"-0,06308345138441100180","0,00000056611244591521","0,00000054042145138579","0,00000002682434553940","0,00000040591418769615","0,00000016656773656717","0,00000001175768875051","0,00000041262053115434","0,00000020926498240406","0,00000001182957320614","0,00000010059394680440","0,00000016984469177515","0,00000039180006580731","0,00000063007118908945","0,00000069567735563458","0,00000034270499908211","0,00000016626993245313","0,00000084664029037617","0,00000075558547687786","0,00000085984327773990","0,00000133022387770707"
"-0,06107952874709637880","0,00000056482706872451","0,00000053991408588585","0,00000002678422333364","0,00000040185362662488","0,00000016553107151419","0,00000001176191972122","0,00000041401940146025","0,00000020743082879581","0,00000001187316698467","0,00000010108055278306","0,00000016847643019165","0,00000039035597708598","0,00000062505031716202","0,00000068999684843684","0,00000033936836697975","0,00000016546528331452","0,00000083920698824465","0,00000075113074160213","0,00000086007725425572","0,00000132502774512093"
"-0,05907560610978174890","0,00000056371330049839","0,00000053948629519187","0,00000002674889866409","0,00000039784867374262","0,00000016452686019288","0,00000001176720954504","0,00000041546058178113","0,00000020562458893099","0,00000001192335367251","0,00000010158610297514","0,00000016713639610544","0,00000038899386468920","0,00000062014314617496","0,00000068438153877295","0,00000033603561772595","0,00000016468076335924","0,00000083185458580839","0,00000074681520968631","0,00000086039566903756","0,00000131994536217435"
"-0,05707168347246711900","0,00000056277114123686","0,00000053913807930384","0,00000002671837153074","0,00000039389932904938","0,00000016355510260324","0,00000001177355822197","0,00000041694407211699","0,00000020384626280961","0,00000001198013326965","0,00000010211059738064","0,00000016582458951652","0,00000038771372861697","0,00000061534967612827","0,00000067883142664291","0,00000033270675132074","0,00000016391637258730","0,00000082458308306739","0,00000074263888113039","0,00000086079852208541","0,00000131497672886733"
"-0,05506776083515248920","0,00000056200059093990","0,00000053886943822177","0,00000002669264193360","0,00000039000559254515","0,00000016261579874528","0,00000001178096575202","0,00000041846987246783","0,00000020209585043166","0,00000001204350577611","0,00000010265403599957","0,00000016454101042489","0,00000038651556886927","0,00000061066990702196","0,00000067334651204671","0,00000032938176776409","0,00000016317211099869","0,00000081739248002165","0,00000073860175593437","0,00000086128581339928","0,00000131012184519988"
"-0,05306383819783785930","0,00000056140164960751","0,00000053868037194566","0,00000002667170987265","0,00000038616746422994","0,00000016170894861899","0,00000001178943213517","0,00000042003798283366","0,00000020037335179715","0,00000001211347119186","0,00000010321641883191","0,00000016328565883056","0,00000038539938544611","0,00000060610383885601","0,00000066792679498437","0,00000032606066705602","0,00000016244797859341","0,00000081028277667118","0,00000073470383409826","0,00000086185754297916","0,00000130538071117198"
"-0,05105991556052322940","0,00000056097431723971","0,00000053857088047550","0,00000002665557534792","0,00000038238494410375","0,00000016083455222437","0,00000001179895737143","0,00000042164840321446","0,00000019867876690607","0,00000001219002951693","0,00000010379774587768","0,00000016205853473352","0,00000038436517834750","0,00000060165147163044","0,00000066257227545587","0,00000032274344919653","0,00000016174397537147","0,00000080325397301596","0,00000073094511562206","0,00000086251371082506","0,00000130075332678365"
"-0,04905599292320859950","0,00000056074705967101","0,00000053855252639014","0,00000002664116354640","0,00000037869808398382","0,00000016000368102556","0,00000001180874172570","0,00000042328649085646","0,00000019703512189502","0,00000001226691364346","0,00000010438870417184","0,00000016086460280187","0,00000038341494667490","0,00000059740154938733","0,00000065736202876881","0,00000031947722603522","0,00000016107505444337","0,00000079638548820034","0,00000072736363457036","0,00000086326032260920","0,00000129631157732247"
"-0,04705207028589396960","0,00000056074834273593","0,00000053863687226842","0,00000002662539965514","0,00000037514693568741","0,00000015922740648670","0,00000001181798546284","0,00000042493760300586","0,00000019546544290057","0,00000001233785646360","0,00000010497998074935","0,00000015970882770369","0,00000038255068952979","0,00000059344281616875","0,00000065237513023077","0,00000031630910942172","0,00000016045616891962","0,00000078975674136863","0,00000072399742500777","0,00000086410338400381","0,00000129212734807600"
"-0,04504814764857933970","0,00000056097816643447","0,00000053882391811035","0,00000002660828367411","0,00000037173149921453","0,00000015850572860778","0,00000001182668858288","0,00000042660173966267","0,00000019396972992273","0,00000001240285797735","0,00000010557157561022","0,00000015859120943900","0,00000038177240691217","0,00000058977527197473","0,00000064761157984175","0,00000031323909935602","0,00000015988731880020","0,00000078336773252086","0,00000072084648693430","0,00000086504289500889","0,00000128820063904427"
"-0,04304422501126470980","0,00000056143653076664","0,00000053911366391592","0,00000002658981560334","0,00000036845177456516","0,00000015783864738880","0,00000001183485108580","0,00000042827890082688","0,00000019254798296149","0,00000001246191818473","0,00000010616348875444","0,00000015751174800779","0,00000038108009882204","0,00000058639891680524","0,00000064307137760174","0,00000031026719583813","0,00000015936850408513","0,00000077721846165700","0,00000071791082034993","0,00000086607885562443","0,00000128453145022726"
"-0,04104030237395008000","0,00000056212343573242","0,00000053950610968512","0,00000002656999544281","0,00000036530776173931","0,00000015722616282978","0,00000001184247297160","0,00000042996908649850","0,00000019120020201686","0,00000001251503708571","0,00000010675572018202","0,00000015647044341006","0,00000038047376525941","0,00000058331375066029","0,00000063875452351076","0,00000030739339886803","0,00000015889972477440","0,00000077130892877708","0,00000071519042525466","0,00000086721126585045","0,00000128111978162498"
"-0,03903637973663545010","0,00000056303888133183","0,00000054000125541797","0,00000002654882319253","0,00000036229946073699","0,00000015666827493070","0,00000001184955424029","0,00000043167229667752","0,00000018992638708883","0,00000001256221468031","0,00000010734826989295","0,00000015546729564581","0,00000037995340622426","0,00000058051977353989","0,00000063466101756879","0,00000030461770844575","0,00000015848098086802","0,00000076563913388107","0,00000071268530164851","0,00000086844012568693","0,00000127796563323742"
"-0,03703245709932082020","0,00000056418286756486","0,00000054059910111447","0,00000002652629885249","0,00000035942687155819","0,00000015616498369156","0,00000001185609489187","0,00000043338853136395","0,00000018872653817741","0,00000001260345096853","0,00000010794113788724","0,00000015450230471504","0,00000037951902171660","0,00000057801698544403","0,00000063079085977584","0,00000030194012457126","0,00000015811227236598","0,00000076020907696899","0,00000071039544953147","0,00000086976543513388","0,00000127506900506459"
"-0,03502853446200619030","0,00000056555539443151","0,00000054129964677460","0,00000002650242242270","0,00000035668999420290","0,00000015571628911237","0,00000001186209492633","0,00000043511779055779","0,00000018760065528260","0,00000001263874595036","0,00000010853432416488","0,00000015357547061775","0,00000037917061173644","0,00000057580538637271","0,00000062714405013192","0,00000029936064724458","0,00000015779359926828","0,00000075501875804083","0,00000070832086890353","0,00000087118719419130","0,00000127242989710649"
"-0,03302461182469156740","0,00000056715646193178","0,00000054210289239838","0,00000002647719390316","0,00000035408882867114","0,00000015532219119312","0,00000001186755434368","0,00000043686007425903","0,00000018654873840440","0,00000001266809962580","0,00000010912782872587","0,00000015268679335394","0,00000037890817628376","0,00000057388497632594","0,00000062372058863701","0,00000029687927646570","0,00000015752496157493","0,00000075006817709660","0,00000070646155976471","0,00000087270540285918","0,00000127004830936311"
"-0,03102068918737693400","0,00000056898607006568","0,00000054300883798579","0,00000002645061329386","0,00000035162337496290","0,00000015498268993383","0,00000001187247314392","0,00000043861538246768","0,00000018557078754280","0,00000001269151199486","0,00000010972165157023","0,00000015183627292361","0,00000037873171535858","0,00000057225575530371","0,00000062052047529112","0,00000029449601223463","0,00000015730635928592","0,00000074535733413629","0,00000070481752211499","0,00000087432006113754","0,00000126792424183446"
"-0,02901676655006230410","0,00000057104421883320","0,00000054401748353685","0,00000002642268059481","0,00000034929363307818","0,00000015469778533447","0,00000001187685132704","0,00000044038371518373","0,00000018466680269781","0,00000001270898305753","0,00000011031579269793","0,00000015102390932677","0,00000037864122896089","0,00000057091772330602","0,00000061754371009424","0,00000029221085455136","0,00000015713779240125","0,00000074088622915990","0,00000070338875595438","0,00000087603116902636","0,00000126605769452053"
"-0,02701284391274767420","0,00000057333090823433","0,00000054512882905155","0,00000002639339580600","0,00000034709960301697","0,00000015446747739506","0,00000001188068889304","0,00000044216507240719","0,00000018383678386942","0,00000001272051281382","0,00000011091025210899","0,00000015024970256340","0,00000037863671709068","0,00000056987088033287","0,00000061479029304639","0,00000029002380341589","0,00000015701926092093","0,00000073665486216744","0,00000070217526128289","0,00000087783872652565","0,00000126444866742133"
"-0,02500892127543304780","0,00000057584613826909","0,00000054634287452990","0,00000002636275892744","0,00000034504128477929","0,00000015429176611560","0,00000001188398584194","0,00000044395945413806","0,00000018308073105764","0,00000001272610126373","0,00000011150502980341","0,00000014951365263352","0,00000037871817974797","0,00000056911522638427","0,00000061226022414756","0,00000028793485882823","0,00000015695076484495","0,00000073266323315890","0,00000070117703810050","0,00000087974273363541","0,00000126309716053685"
"-0,02300499863811841790","0,00000057858990893748","0,00000054765961997188","0,00000002633076995913","0,00000034311867836513","0,00000015417065149609","0,00000001188674217371","0,00000044576686037633","0,00000018239864426246","0,00000001272574840724","0,00000011210012578118","0,00000014881575953711","0,00000037888561693275","0,00000056865076146020","0,00000060995350339774","0,00000028594402078837","0,00000015693230417331","0,00000072891134213429","0,00000070039408640721","0,00000088174319035564","0,00000126200317386711"
"-0,02100107600080378810","0,00000058156222023948","0,00000054907906537751","0,00000002629742890106","0,00000034133178377450","0,00000015410413353652","0,00000001188895788838","0,00000044758729112200","0,00000018179052348390","0,00000001271945424438","0,00000011269554004231","0,00000014815602327419","0,00000037913902864502","0,00000056847748556068","0,00000060787013079695","0,00000028405128929631","0,00000015696387890602","0,00000072539918909359","0,00000069982640620304","0,00000088384009668634","0,00000126116670741208"
"-0,01899715336348915820","0,00000058476307217511","0,00000055060121074678","0,00000002626273575324","0,00000033968060100738","0,00000015409221223689","0,00000001189063298593","0,00000044942074637509","0,00000018125636872194","0,00000001270721877512","0,00000011329127258679","0,00000014753444384475","0,00000037947841488477","0,00000056859539868570","0,00000060601010634517","0,00000028225666435206","0,00000015704548904307","0,00000072212677403683","0,00000069947399748798","0,00000088603345262750","0,00000126058776117179"
"-0,01699323072617452830","0,00000058819246474436","0,00000055222605607969","0,00000002622669051567","0,00000033816513006378","0,00000015413488759721","0,00000001189176746636","0,00000045126722613557","0,00000018079617997658","0,00000001268904199949","0,00000011388732341463","0,00000014695102124878","0,00000037990377565202","0,00000056900450083527","0,00000060437343004241","0,00000028056014595561","0,00000015717713458446","0,00000071909409696398","0,00000069933686026202","0,00000088832325817913","0,00000126026633514622"
"-0,01498930808885989840","0,00000059185039794723","0,00000055395360137624","0,00000002618929318834","0,00000033678537094370","0,00000015423215961748","0,00000001189236132968","0,00000045312673040347","0,00000018040995724783","0,00000001266492391746","0,00000011448369252582","0,00000014640575548630","0,00000038041511094676","0,00000056970479200938","0,00000060296010188867","0,00000027896173410696","0,00000015735881553020","0,00000071630115787506","0,00000069941499452518","0,00000089070951334123","0,00000126020242933537"
"-0,01298538545154526850","0,00000059573687178372","0,00000055578384663643","0,00000002615054377125","0,00000033554132364714","0,00000015438402829769","0,00000001189241457589","0,00000045499925917876","0,00000018009770053569","0,00000001263486452906","0,00000011508037992036","0,00000014589864655730","0,00000038101242076899","0,00000057069627220803","0,00000060177012188395","0,00000027746142880612","0,00000015759053188028","0,00000071374795677007","0,00000069970840027744","0,00000089319221811380","0,00000126039604373925"
"-0,01098146281423064040","0,00000059985188625383","0,00000055771679186027","0,00000002611044226442","0,00000033443298817411","0,00000015459049363785","0,00000001189192720498","0,00000045688481246147","0,00000017985940984015","0,00000001259886383426","0,00000011567738559827","0,00000014542969446178","0,00000038169570511871","0,00000057197894143122","0,00000060080349002825","0,00000027605923005308","0,00000015787228363470","0,00000071143449364900","0,00000070021707751882","0,00000089577137249684","0,00000126084717835786"
"-0,00897754017691601049","0,00000060419544135757","0,00000055975243704775","0,00000002606898866783","0,00000033346036452459","0,00000015485155563795","0,00000001189089921696","0,00000045878339025158","0,00000017969508516122","0,00000001255692183308","0,00000011627470955952","0,00000014499889919974","0,00000038246496399593","0,00000057355279967895","0,00000060006020632157","0,00000027475513784784","0,00000015820407079347","0,00000070936076851185","0,00000070094102624930","0,00000089844697649034","0,00000126155583319119"
"-0,00697361753960138060","0,00000060876753709492","0,00000056189078219886","0,00000002602618298148","0,00000033262345269860","0,00000015516721429800","0,00000001188933061183","0,00000046069499254909","0,00000017960472649890","0,00000001250903852552","0,00000011687235180413","0,00000014460626077118","0,00000038332019740063","0,00000057541784695123","0,00000059954027076391","0,00000027354915219041","0,00000015858589335658","0,00000070752678135863","0,00000070188024646889","0,00000090121903009432","0,00000126252200823925"
"-0,00496969490228675159","0,00000061356817346590","0,00000056413182731363","0,00000002598202520539","0,00000033192225269612","0,00000015553746961799","0,00000001188722138958","0,00000046261961935402","0,00000017958833385318","0,00000001245521391157","0,00000011747031233210","0,00000014425177917610","0,00000038426140533282","0,00000057757408324805","0,00000059924368335526","0,00000027244127308078","0,00000015901775132403","0,00000070593253218932","0,00000070303473817759","0,00000090408753330876","0,00000126374570350204"
"-0,00296577226497212214","0,00000061859735047050","0,00000056647557239203","0,00000002593651533953","0,00000033135676451717","0,00000015596232159793","0,00000001188457155021","0,00000046455727066634","0,00000017964590722407","0,00000001239544799123","0,00000011806859114342","0,00000014393545441451","0,00000038528858779250","0,00000058002150856941","0,00000059917044409564","0,00000027143150051896","0,00000015949964469583","0,00000070457802100395","0,00000070440450137539","0,00000090705248613367","0,00000126522691897955"
"-0,00096184962765749247","0,00000062385506810872","0,00000056892201743407","0,00000002588965338393","0,00000033092698816173","0,00000015644177023782","0,00000001188138109373","0,00000046650794648608","0,00000017977744661157","0,00000001232974076451","0,00000011866718823810","0,00000014365728648639","0,00000038640174477968","0,00000058276012291531","0,00000059932055298503","0,00000027051983450494","0,00000016003157347197","0,00000070346324780250","0,00000070598953606231","0,00000091011388856904","0,00000126696565467179"
"0,00104207300965713698","0,00000062930217546015","0,00000057147217301001","0,00000002584456007752","0,00000033065420630340","0,00000015697494790904","0,00000001187822757823","0,00000046846774389394","0,00000017998662273258","0,00000001226375574028","0,00000011927016081096","0,00000014343084587036","0,00000038760047597685","0,00000058575350181354","0,00000059970089460730","0,00000026972237628120","0,00000016060745844335","0,00000070262198431811","0,00000070780080559279","0,00000091327523822146","0,00000126897104895296"
"0,00304599564697176665","0,00000063489952160435","0,00000057412704969009","0,00000002580435615927","0,00000033055970161575","0,00000015756098698298","0,00000001187568856177","0,00000047043275997064","0,00000018027710630401","0,00000001220315642739","0,00000011988156605686","0,00000014326970304503","0,00000038888438106653","0,00000058896522079186","0,00000060031835354629","0,00000026905522709021","0,00000016122122040087","0,00000070208800228395","0,00000070984927332127","0,00000091654003269748","0,00000127125224019727"
"0,00504991828428639610","0,00000064064710654132","0,00000057688664747431","0,00000002576904162917","0,00000033064347409878","0,00000015819988745964","0,00000001187376404438","0,00000047240299471620","0,00000018064889732587","0,00000001214794282585","0,00000012050140397578","0,00000014317385801041","0,00000039025346004871","0,00000059239527985028","0,00000060117292980201","0,00000026851838693199","0,00000016187285934452","0,00000070186130170001","0,00000071213493924777","0,00000091990827199710","0,00000127380922840473"
"0,00705384092160102512","0,00000064654493027107","0,00000057975096636267","0,00000002573861648722","0,00000033090552375249","0,00000015889164933902","0,00000001187245402604","0,00000047437844813060","0,00000018110199579815","0,00000001209811493565","0,00000012112967456774","0,00000014314331076648","0,00000039170771292340","0,00000059604367898880","0,00000060226462337445","0,00000026811185580652","0,00000016256237527431","0,00000070194188256629","0,00000071465780337228","0,00000092337995612033","0,00000127664201357533"
"0,00905776355891565501","0,00000065259299279360","0,00000058272000635518","0,00000002571308073343","0,00000033134585057689","0,00000015963627262112","0,00000001187175850676","0,00000047635912021385","0,00000018163640172086","0,00000001205367275681","0,00000012176637783272","0,00000014317806131325","0,00000039324713969059","0,00000059991041820741","0,00000060359343426361","0,00000026783563371381","0,00000016328976819023","0,00000070232974488279","0,00000071741786569480","0,00000092695508506716","0,00000127975059570908"
"0,01106168619623028490","0,00000065879129410891","0,00000058579376745183","0,00000002569243436779","0,00000033196445457196","0,00000016043375730594","0,00000001187167748653","0,00000047834501096594","0,00000018225211509399","0,00000001201461628931","0,00000012241151377073","0,00000014327810965072","0,00000039487174035029","0,00000060399549750612","0,00000060515936246950","0,00000026768972065386","0,00000016405503809229","0,00000070302488864951","0,00000072041512621533","0,00000093063365883760","0,00000128313497480596"
"0,01306560883354491300","0,00000066513983421699","0,00000058897224965262","0,00000002567667739030","0,00000033276133573772","0,00000016128410339348","0,00000001187221096536","0,00000048033612038689","0,00000018294913591754","0,00000001198094553316","0,00000012306508238177","0,00000014344345577888","0,00000039658151490250","0,00000060829891688493","0,00000060696240799212","0,00000026767411662666","0,00000016485818498048","0,00000070402731386646","0,00000072364958493387","0,00000093441567743165","0,00000128679515086600"
"0,01506953147085954290","0,00000067163861311785","0,00000059225545295755","0,00000002566580980096","0,00000033373649407416","0,00000016218731088375","0,00000001187335894325","0,00000048233244847668","0,00000018372746419152","0,00000001195266048837","0,00000012372708366583","0,00000014367409969775","0,00000039837646334721","0,00000061282067634384","0,00000060900257083146","0,00000026778882163222","0,00000016569920885481","0,00000070533702053362","0,00000072712124185043","0,00000093830114084929","0,00000129073112388917"
"0,01707345410817417280","0,00000067828763081149","0,00000059564337736662","0,00000002565983159978","0,00000033488992958128","0,00000016314337977673","0,00000001187512142019","0,00000048433399523532","0,00000018458709991592","0,00000001192976115491","0,00000012439751762293","0,00000014397004140732","0,00000040025658568443","0,00000061756077588284","0,00000061127985098753","0,00000026803383567055","0,00000016657810971527","0,00000070695400865100","0,00000073083009696499","0,00000094229004909055","0,00000129494289387549"
"0,01907737674548880270","0,00000068508688729790","0,00000059913602287984","0,00000002565874278675","0,00000033622164225908","0,00000016415231007244","0,00000001187749839619","0,00000048634076066280","0,00000018552804309074","0,00000001191224753281","0,00000012507638425305","0,00000014433128090758","0,00000040222188191415","0,00000062251921550194","0,00000061379424846032","0,00000026840915874162","0,00000016749488756188","0,00000070887827821860","0,00000073477615027756","0,00000094638240215541","0,00000129943046082495"
"0,02108129938280343260","0,00000069203638257709","0,00000060273338949720","0,00000002566254336187","0,00000033773163210756","0,00000016521410177086","0,00000001188048987124","0,00000048835274475914","0,00000018655029371599","0,00000001190011962206","0,00000012576368355620","0,00000014475781819855","0,00000040427235203638","0,00000062769599520114","0,00000061654576324984","0,00000026891479084546","0,00000016844954239461","0,00000071110982923642","0,00000073895940178815","0,00000095057820004387","0,00000130419382473755"
"0,02308522202011806250","0,00000069913611664906","0,00000060643547721870","0,00000002567123332515","0,00000033941989912673","0,00000016632875487201","0,00000001188409584535","0,00000049036994752432","0,00000018765385179166","0,00000001189337742265","0,00000012645941553238","0,00000014524965328021","0,00000040640799605112","0,00000063309111498044","0,00000061953439535608","0,00000026955073198205","0,00000016944207421348","0,00000071364866170446","0,00000074337985149675","0,00000095487744275594","0,00000130923298561330"
"0,02508914465743269230","0,00000070638608951381","0,00000061024228604434","0,00000002568481267658","0,00000034128644331658","0,00000016749626937587","0,00000001188831631852","0,00000049239236895834","0,00000018883871731775","0,00000001189202093460","0,00000012716358018159","0,00000014580678615257","0,00000040862881395836","0,00000063870457483984","0,00000062276014477905","0,00000027031698215141","0,00000017047248301849","0,00000071649477562272","0,00000074803749940335","0,00000095928013029161","0,00000131454794345219"
"0,02709306729474731880","0,00000071378630117133","0,00000061415381597413","0,00000002570328141616","0,00000034333126467710","0,00000016871664528246","0,00000001189315129074","0,00000049442000906122","0,00000019010489029427","0,00000001189605015789","0,00000012787617750383","0,00000014642921681564","0,00000041093480575811","0,00000064453637477933","0,00000062622301151874","0,00000027121354135351","0,00000017154076880963","0,00000071964817099120","0,00000075293234550797","0,00000096378626265089","0,00000132013869825422"
"0,02909698993206194860","0,00000072133675162163","0,00000061817006700806","0,00000002572663954390","0,00000034555436320831","0,00000016998988259177","0,00000001189860076202","0,00000049645286783294","0,00000019145237072121","0,00000001190546509253","0,00000012859720749909","0,00000014711694526940","0,00000041332597145036","0,00000065058651479892","0,00000062992299557516","0,00000027224040958838","0,00000017264693158691","0,00000072310884780991","0,00000075806438981060","0,00000096839583983378","0,00000132600525001939"
"0,03110091256937657850","0,00000072903744086470","0,00000062229103914613","0,00000002575488705978","0,00000034795573891020","0,00000017131598130380","0,00000001190466473236","0,00000049849094527351","0,00000019288115859858","0,00000001192026573852","0,00000012932667016739","0,00000014786997151386","0,00000041580231103512","0,00000065685499489861","0,00000063386009694830","0,00000027339758685601","0,00000017379097135033","0,00000072687680607883","0,00000076343363231124","0,00000097310886184027","0,00000133214759874771"
"0,03310483520669121190","0,00000073688836890055","0,00000062651673238834","0,00000002578802396382","0,00000035053539178278","0,00000017269494141854","0,00000001191134320175","0,00000050053424138293","0,00000019439125392637","0,00000001194045209585","0,00000013006456550871","0,00000014868829554902","0,00000041836382451238","0,00000066334181507839","0,00000063803431563817","0,00000027468507315639","0,00000017497288809988","0,00000073095204579797","0,00000076904007300989","0,00000097792532867036","0,00000133856574443918"
"0,03510875784400583480","0,00000074488953572918","0,00000063084714673470","0,00000002582605025602","0,00000035329332182603","0,00000017412676293601","0,00000001191863617020","0,00000050258275616120","0,00000019598265670458","0,00000001196602416454","0,00000013081089352306","0,00000014957191737488","0,00000042101051188215","0,00000067004697533827","0,00000064244565164476","0,00000027610286848953","0,00000017619268183556","0,00000073533456696733","0,00000077488371190655","0,00000098284524032406","0,00000134525968709378"
"0,03711268048132046470","0,00000075304094135059","0,00000063528228218519","0,00000002586896593637","0,00000035622952903997","0,00000017561144585620","0,00000001192654363770","0,00000050463648960831","0,00000019765536693322","0,00000001199698194457","0,00000013156565421044","0,00000015052083699143","0,00000042374237314443","0,00000067697047567825","0,00000064709410496808","0,00000027765097285543","0,00000017745035255738","0,00000074002436958692","0,00000078096454900122","0,00000098786859680136","0,00000135222942671153"
"0,03911660311863509460","0,00000076134258576477","0,00000063982213873983","0,00000002591677100486","0,00000035934401342459","0,00000017714899017911","0,00000001193506560426","0,00000050669544172427","0,00000019940938461228","0,00000001203332543596","0,00000013232884757085","0,00000015153505439869","0,00000042655940829921","0,00000068411231609833","0,00000065197967560812","0,00000027932938625408","0,00000017874590026534","0,00000074502145365672","0,00000078728258429390","0,00000099299539810227","0,00000135947496329242"
"0,04112052575594972450","0,00000076979446897173","0,00000064446671639862","0,00000002596946546152","0,00000036263677497988","0,00000017873939590474","0,00000001194420206988","0,00000050875961250908","0,00000020124470974176","0,00000001207505463869","0,00000013310047360429","0,00000015261456959665","0,00000042946161734650","0,00000069147249659851","0,00000065710236356489","0,00000028113810868549","0,00000018007932495943","0,00000075032581917674","0,00000079383781778460","0,00000099822564422679","0,00000136699629683646"
"0,04312444839326435440","0,00000077839659097146","0,00000064921601516154","0,00000002602704930632","0,00000036610781370587","0,00000018038266303310","0,00000001195395303455","0,00000051082900196273","0,00000020316134232167","0,00000001212216955277","0,00000013388053231075","0,00000015375938258530","0,00000043244900028629","0,00000069905101717878","0,00000066246216883838","0,00000028307714014967","0,00000018145062663966","0,00000075593746614699","0,00000080063024947330","0,00000100355933517491","0,00000137479342734363"
"0,04512837103057898420","0,00000078714895176398","0,00000065407003502861","0,00000002608952253928","0,00000036975712960253","0,00000018207879156417","0,00000001196431849828","0,00000051290361008523","0,00000020515928235200","0,00000001217467017819","0,00000013466902369024","0,00000015496949336466","0,00000043552155711859","0,00000070684787783915","0,00000066805909142860","0,00000028514648064659","0,00000018285980530603","0,00000076185639456745","0,00000080765987936002","0,00000100899647094663","0,00000138286635481395"
"0,04713229366789361410","0,00000079605155134927","0,00000065902877599981","0,00000002615688516039","0,00000037358472266987","0,00000018382778149796","0,00000001197529846106","0,00000051498343687658","0,00000020723852983276","0,00000001223255651497","0,00000013546594774276","0,00000015624490193471","0,00000043867928784340","0,00000071486307857962","0,00000067389313133554","0,00000028734613017628","0,00000018430686095852","0,00000076808260443813","0,00000081492670744474","0,00000101453705154196","0,00000139121507924742"
"0,04913621630520824400","0,00000080510438972733","0,00000066409223807516","0,00000002622913716966","0,00000037759059290790","0,00000018562963283447","0,00000001198689292291","0,00000051706848233678","0,00000020939908476394","0,00000001229582856310","0,00000013627130446831","0,00000015758560829546","0,00000044192219246071","0,00000072309661940018","0,00000067996428855921","0,00000028967608873872","0,00000018579179359716","0,00000077461609575904","0,00000082243073372748","0,00000102018107696089","0,00000139983960064403"
"0,05114013894252287390","0,00000081423594016770","0,00000066922120941973","0,00000002630278028907","0,00000038172357560074","0,00000018746841520547","0,00000001199851176706","0,00000051914754247332","0,00000021161103682982","0,00000001235944919632","0,00000013707844026504","0,00000015896846090855","0,00000044522584286862","0,00000073145201087507","0,00000068622731319363","0,00000029212072760380","0,00000018730842423261","0,00000078140247505641","0,00000083009950109553","0,00000102589454148791","0,00000140868627733587"
"0,05314406157983750380","0,00000082337467593990","0,00000067437647819860","0,00000002637431624063","0,00000038593250603252","0,00000018932819824269","0,00000001200956487679","0,00000052120941329369","0,00000021384447571467","0,00000001241838128838","0,00000013788070153110","0,00000016037030823559","0,00000044856581096524","0,00000073983276357851","0,00000069263695533282","0,00000029466441804137","0,00000018885057387557","0,00000078838734885651","0,00000083786055243620","0,00000103164343940751","0,00000141770146765504"
"0,05514798421715213370","0,00000083252059704392","0,00000067955804441177","0,00000002644374502433","0,00000039021738420326","0,00000019120898194615","0,00000001202005225208","0,00000052325409479789","0,00000021609940141851","0,00000001247262483929","0,00000013867808826648","0,00000016179115027660","0,00000045194209675056","0,00000074823887751051","0,00000069919321497679","0,00000029730716005145","0,00000019041824252602","0,00000079557071715934","0,00000084571388774950","0,00000103742777071967","0,00000142688517160154"
"0,05715190685446676360","0,00000084167370347976","0,00000068476590805923","0,00000002651106664019","0,00000039457821011294","0,00000019311076631584","0,00000001202997389295","0,00000052528158698593","0,00000021837581394132","0,00000001252217984904","0,00000013947060047119","0,00000016323098703158","0,00000045535470022457","0,00000075667035267105","0,00000070589609212553","0,00000030004895363404","0,00000019201143018397","0,00000080295257996488","0,00000085365950703541","0,00000104324753542440","0,00000143623738917537"
"0,05915582949178139340","0,00000085083399524744","0,00000069000006914099","0,00000002657628108818","0,00000039901498376157","0,00000019503355135177","0,00000001203932979938","0,00000052729188985780","0,00000022067371328311","0,00000001256704631764","0,00000014025823814522","0,00000016468981850051","0,00000045880362138730","0,00000076512718906015","0,00000071274558677905","0,00000030288979878912","0,00000019363013684943","0,00000081053293727315","0,00000086169741029394","0,00000104910273352171","0,00000144575812037652"
"0,06115975212909602330","0,00000086000147234693","0,00000069526052765704","0,00000002663938836833","0,00000040352770514914","0,00000019697733705393","0,00000001204811997139","0,00000052928500341350","0,00000022299309944388","0,00000001260722424509","0,00000014104100128859","0,00000016616764468341","0,00000046228886023872","0,00000077360938667781","0,00000071974169893735","0,00000030582969551671","0,00000019527436252238","0,00000081831178908414","0,00000086982759752509","0,00000105499336501159","0,00000145544736520501"
"0,06316367476641064630","0,00000086917613477826","0,00000070054728360740","0,00000002670038848062","0,00000040811637427567","0,00000019894212342232","0,00000001205634440897","0,00000053126092765304","0,00000022533397242362","0,00000001264271363137","0,00000014181888990128","0,00000016766446558027","0,00000046581041677884","0,00000078211694552401","0,00000072688442860042","0,00000030886864381680","0,00000019694410720283","0,00000082628913539786","0,00000087805006872886","0,00000106091942989403","0,00000146530512366082"
"0,06516759740372528310","0,00000087835798254141","0,00000070586033699205","0,00000002675928142506","0,00000041278099114114","0,00000020092791045695","0,00000001206400311212","0,00000053321966257641","0,00000022769633222234","0,00000001267351447650","0,00000014259190398329","0,00000016918028119110","0,00000046936829100767","0,00000079064986559877","0,00000073417377576826","0,00000031200664368939","0,00000019863937089079","0,00000083446497621430","0,00000088636482390526","0,00000106688092816905","0,00000147533139574396"
"0,06717152004103990600","0,00000088754701563638","0,00000071119968781099","0,00000002681606720164","0,00000041752155574555","0,00000020293469815782","0,00000001207109608084","0,00000053516120818361","0,00000023008017884004","0,00000001269962678048","0,00000014336004353464","0,00000017071509151588","0,00000047296248292520","0,00000079920814690208","0,00000074160974044088","0,00000031524369513449","0,00000020036015358624","0,00000084283931153346","0,00000089477186305427","0,00000107287785983664","0,00000148552618145443"
"0,06917544267835454290","0,00000089674323406318","0,00000071656533606424","0,00000002687074581037","0,00000042233806808892","0,00000020496248652491","0,00000001207762331513","0,00000053708556447465","0,00000023248551227672","0,00000001272105054330","0,00000014412330855531","0,00000017226889655463","0,00000047659299253143","0,00000080779178943394","0,00000074919232261827","0,00000031857979815209","0,00000020210645528919","0,00000085141214135535","0,00000090327118617590","0,00000107891022489680","0,00000149588948079223"
"0,07117936531566916580","0,00000090594663782181","0,00000072195728175178","0,00000002692331725124","0,00000042723052817123","0,00000020701127555824","0,00000001208358481499","0,00000053899273144952","0,00000023491233253238","0,00000001273778576496","0,00000014488169904531","0,00000017384169630735","0,00000048025981982636","0,00000081640079319435","0,00000075692152230044","0,00000032201495274219","0,00000020387827599965","0,00000086018346567996","0,00000091186279327015","0,00000108497802334953","0,00000150642129375736"
"0,07318328795298380260","0,00000091515722691227","0,00000072737552487361","0,00000002697378152426","0,00000043219893599249","0,00000020908106525781","0,00000001208898058042","0,00000054088270910823","0,00000023736063960701","0,00000001274983244547","0,00000014563521500463","0,00000017543349077402","0,00000048396296480999","0,00000082503515818332","0,00000076479733948739","0,00000032554915890480","0,00000020567561571760","0,00000086915328450729","0,00000092054668433702","0,00000109108125519483","0,00000151712162034981"
"0,07518721059029842560","0,00000092437500133455","0,00000073282006542975","0,00000002702213862943","0,00000043724329155269","0,00000021117185562361","0,00000001209381061142","0,00000054275549745077","0,00000023983043350062","0,00000001275719058482","0,00000014638385643328","0,00000017704427995466","0,00000048770242748232","0,00000083369488440083","0,00000077281977417911","0,00000032918241663991","0,00000020749847444306","0,00000087832159783734","0,00000092932285937652","0,00000109721992043271","0,00000152799046056960"
"0,07719113322761306240","0,00000093359996108865","0,00000073829090342018","0,00000002706838856675","0,00000044236359485185","0,00000021328364665564","0,00000001209807490799","0,00000054461109647714","0,00000024232171421321","0,00000001275986018302","0,00000014712762333126","0,00000017867406384927","0,00000049147820784336","0,00000084237997184690","0,00000078098882637560","0,00000033291472594752","0,00000020934685217601","0,00000088768840567012","0,00000093819131838863","0,00000110339401906315","0,00000153902781441671"
"0,07919505586492768540","0,00000094283210617458","0,00000074378803884491","0,00000002711253133621","0,00000044755984588995","0,00000021541643835391","0,00000001210177347013","0,00000054644950618734","0,00000024483448174477","0,00000001275784124006","0,00000014786651569857","0,00000018032284245783","0,00000049529030589310","0,00000085109042052153","0,00000078930449607687","0,00000033674608682763","0,00000021122074891647","0,00000089725370800563","0,00000094715206137336","0,00000110960355108616","0,00000155023368189115"
"0,08119897850224232220","0,00000095207143659234","0,00000074931147170394","0,00000002715456693781","0,00000045283204466699","0,00000021757023071841","0,00000001210490629784","0,00000054827072658138","0,00000024736873609531","0,00000001275113375594","0,00000014860053353520","0,00000018199061578036","0,00000049913872163154","0,00000085982623042470","0,00000079776678328292","0,00000034067649928025","0,00000021312016466442","0,00000090701750484385","0,00000095620508833071","0,00000111584851650175","0,00000156160806299292"
"0,08320290113955694510","0,00000096131795234192","0,00000075486120199726","0,00000002719449537156","0,00000045818019118299","0,00000021974502374914","0,00000001210747339113","0,00000055007475765925","0,00000024992447726483","0,00000001273973773067","0,00000014932967684117","0,00000018367738381685","0,00000050302345505868","0,00000086858740155643","0,00000080637568799374","0,00000034470596330537","0,00000021504509941988","0,00000091697979618480","0,00000096535039926068","0,00000112212891530991","0,00000157315095772202"
"0,08520682377687158190","0,00000097057165342333","0,00000076043722972488","0,00000002723231663746","0,00000046360428543793","0,00000022194081744611","0,00000001210947474998","0,00000055186159942095","0,00000025250170525333","0,00000001272365316425","0,00000015005394561645","0,00000018538314656730","0,00000050694450617452","0,00000087737393391671","0,00000081513121020933","0,00000034883447890299","0,00000021699555318283","0,00000092714058202848","0,00000097458799416328","0,00000112844474751063","0,00000158486236607844"
"0,08721074641418620490","0,00000097983253983657","0,00000076603955488680","0,00000002726803073551","0,00000046910432743182","0,00000022415761180931","0,00000001211091037440","0,00000055363125186649","0,00000025510042006081","0,00000001270288005666","0,00000015077333986107","0,00000018710790403172","0,00000051090187497907","0,00000088618582750554","0,00000082403334992970","0,00000035306204607311","0,00000021897152595329","0,00000093749986237487","0,00000098391787303849","0,00000113479601310393","0,00000159674228806219"
"0,08921466905150082780","0,00000098910061158163","0,00000077166817748301","0,00000002730163766570","0,00000047468031716465","0,00000022639540683875","0,00000001211178026440","0,00000055538371499586","0,00000025772062168726","0,00000001267741840793","0,00000015148785957501","0,00000018885165621010","0,00000051489556147231","0,00000089502308232292","0,00000083308210715485","0,00000035738866481574","0,00000022097301773124","0,00000094805763722399","0,00000099334003588632","0,00000114118271208980","0,00000160879072367328"
"0,09121859168881546470","0,00000099837586865852","0,00000077732309751352","0,00000002733313742803","0,00000048033225463644","0,00000022865420253442","0,00000001211208441996","0,00000055711898880907","0,00000026036231013269","0,00000001264726821803","0,00000015219750475828","0,00000019061440310244","0,00000051892556565426","0,00000090388569836886","0,00000084227748188477","0,00000036181433513087","0,00000022300002851670","0,00000095881390657583","0,00000100285448270677","0,00000114760484446824","0,00000162100767291169"
"0,09322251432613008760","0,00000100765831106723","0,00000078300431497833","0,00000002736253002252","0,00000048606013984717","0,00000023093399889633","0,00000001211182284110","0,00000055883707330611","0,00000026302548539710","0,00000001261242948698","0,00000015290227541088","0,00000019239614470875","0,00000052299188752491","0,00000091277367564335","0,00000085161947411946","0,00000036633905701850","0,00000022505255830965","0,00000096976867043040","0,00000101246121349984","0,00000115406241023925","0,00000163339313577743"
"0,09522643696344472440","0,00000101694793880777","0,00000078871182987744","0,00000002738981544915","0,00000049186397279685","0,00000023323479592446","0,00000001211099552781","0,00000056053796848698","0,00000026571014748048","0,00000001257290221478","0,00000015360217153280","0,00000019419688102902","0,00000052709452708426","0,00000092168701414639","0,00000086110808385893","0,00000037096283047864","0,00000022713060711011","0,00000098092192878769","0,00000102216022826553","0,00000116055540940283","0,00000164594711227049"
"0,09723035960075934740","0,00000102624475188014","0,00000079444564221084","0,00000002741499370792","0,00000049774375348547","0,00000023555659361884","0,00000001210960248008","0,00000056222167435168","0,00000026841629638284","0,00000001252868640142","0,00000015429719312405","0,00000019601661206325","0,00000053123348433231","0,00000093062571387798","0,00000087074331110318","0,00000037568565551128","0,00000022923417491807","0,00000099227368164770","0,00000103195152700385","0,00000116708384195898","0,00000165866960239089"
"0,09923428223807398420","0,00000103554875028433","0,00000080020575197854","0,00000002743806479884","0,00000050369948191304","0,00000023789939197944","0,00000001210764369793","0,00000056388819090022","0,00000027114393210418","0,00000001247978204690","0,00000015498734018463","0,00000019785533781145","0,00000053540875926907","0,00000093958977483813","0,00000088052515585220","0,00000038050753211642","0,00000023136326173352","0,00000100382392901044","0,00000104183510971478","0,00000117364770790771","0,00000167156060613861"
"0,10123820487538860700","0,00000104482980914634","0,00000080599175514670","0,00000002746117883492","0,00000050970649792846","0,00000024026131339143","0,00000001210501518005","0,00000056553973975348","0,00000027388139345767","0,00000001243034554371","0,00000015567875155953","0,00000019971432063324","0,00000053961130061808","0,00000094855391973864","0,00000089038527725652","0,00000038538733724451","0,00000023350673110052","0,00000101548570489655","0,00000105177417674513","0,00000118023359250002","0,00000168454290210879"
"0,10324212751270324400","0,00000105405780359216","0,00000081180324768150","0,00000002748648592916","0,00000051574014138062","0,00000024264048023993","0,00000001210161292514","0,00000056717854253234","0,00000027661701925646","0,00000001238453328433","0,00000015637756609375","0,00000020159482288828","0,00000054383205710289","0,00000095749287129132","0,00000090025533446666","0,00000039028394784597","0,00000023565344656309","0,00000102717204332668","0,00000106173192844170","0,00000118682808098696","0,00000169753926889653"
"0,10524605015001786700","0,00000106323273362180","0,00000081764022958293","0,00000002751398608156","0,00000052180041226953","0,00000024503689252496","0,00000001209743693321","0,00000056880459923681","0,00000027935080950055","0,00000001234234526877","0,00000015708378378729","0,00000020349684457657","0,00000054807102872352","0,00000096640662949618","0,00000091013532748263","0,00000039519736392082","0,00000023780340812124","0,00000103888294430085","0,00000107170836480449","0,00000119343117336851","0,00000171054970650185"
"0,10724997278733250400","0,00000107235459923525","0,00000082350270085099","0,00000002754367929213","0,00000052788731059519","0,00000024745055024651","0,00000001209248720425","0,00000057041790986689","0,00000028208276418996","0,00000001230378149701","0,00000015779740464015","0,00000020542038569809","0,00000055232821547995","0,00000097529519435322","0,00000092002525630442","0,00000040012758546906","0,00000023995661577496","0,00000105061840781903","0,00000108170348583349","0,00000120004286964468","0,00000172357421492474"
"0,10925389542464712700","0,00000108142340043251","0,00000082939066148568","0,00000002757556556085","0,00000053400083635759","0,00000024988145340458","0,00000001208676373826","0,00000057201847442257","0,00000028481288332467","0,00000001226884196907","0,00000015851842865234","0,00000020736544625286","0,00000055660361737220","0,00000098415856586243","0,00000092992512093204","0,00000040507461249067","0,00000024211306952426","0,00000106237843388124","0,00000109171729152872","0,00000120666316981546","0,00000173661279416520"
"0,11125781806196176300","0,00000109043913721358","0,00000083530411148700","0,00000002760964488774","0,00000054014098955674","0,00000025232960199917","0,00000001208026653525","0,00000057360629290386","0,00000028754116690469","0,00000001223752668494","0,00000015924685582384","0,00000020933202624087","0,00000056089723440025","0,00000099299674402382","0,00000093983492136548","0,00000041003844498567","0,00000024427276936914","0,00000107416302248748","0,00000110174978189016","0,00000121329207388086","0,00000174966544422324"
"0,11326174069927638600","0,00000109940180957847","0,00000084124305085496","0,00000002764591727280","0,00000054630777019263","0,00000025479499603028","0,00000001207299559521","0,00000057518136531076","0,00000029026761493001","0,00000001220983564462","0,00000015998268615467","0,00000021132012566212","0,00000056520906656411","0,00000100180972883738","0,00000094975465760474","0,00000041501908295406","0,00000024643571530960","0,00000108597217363774","0,00000111180095691782","0,00000121992958184088","0,00000176273216509884"
"0,11526566333659102300","0,00000110831141752717","0,00000084720747958955","0,00000002768438271601","0,00000055250117826527","0,00000025727763549791","0,00000001206495091814","0,00000057674369164326","0,00000029299222740065","0,00000001218576884811","0,00000016072591964481","0,00000021332974451662","0,00000056953911386378","0,00000101059752030311","0,00000095968432964983","0,00000042001652639582","0,00000024860190734563","0,00000109780588733203","0,00000112187081661170","0,00000122657569369552","0,00000177581295679202"
"0,11726958597390564600","0,00000111716796105969","0,00000085319739769077","0,00000002772504121739","0,00000055872121377466","0,00000025977752040206","0,00000001205613250404","0,00000057829327190137","0,00000029571500431659","0,00000001216532629541","0,00000016147655629428","0,00000021536088280435","0,00000057388737629925","0,00000101936011842102","0,00000096962393750074","0,00000042503077531097","0,00000025077134547724","0,00000110966416357034","0,00000113195936097180","0,00000123323040944477","0,00000178890781930277"
"0,11927350861122028300","0,00000112597144017601","0,00000085921280515862","0,00000002776789277694","0,00000056496787672079","0,00000026229465074274","0,00000001204654035292","0,00000057983010608509","0,00000029843594567783","0,00000001214850798652","0,00000016223459610306","0,00000021741354052533","0,00000057825385387054","0,00000102809752319111","0,00000097957348115748","0,00000043006182969950","0,00000025294402970442","0,00000112154700235268","0,00000114206658999812","0,00000123989372908864","0,00000180201675263110"
"0,12127743124853490600","0,00000113472185487615","0,00000086525370199310","0,00000002781293739464","0,00000057124116710367","0,00000026482902651993","0,00000001203617446478","0,00000058135419419441","0,00000030115505148439","0,00000001213531392145","0,00000016300003907117","0,00000021948771767956","0,00000058263854657763","0,00000103680973461337","0,00000098953296062004","0,00000043510968956142","0,00000025511996002719","0,00000113345440367905","0,00000115219250369065","0,00000124656565262713","0,00000181513975677699"
"0,12328135388584952900","0,00000114341920516011","0,00000087132008819422","0,00000002786017507051","0,00000057754108492329","0,00000026738064773365","0,00000001202503483960","0,00000058286553622934","0,00000030387232173625","0,00000001212574410018","0,00000016377288519860","0,00000022158341426702","0,00000058704145442053","0,00000104549675268781","0,00000099950237588843","0,00000044017435489671","0,00000025729913644553","0,00000114538636754943","0,00000116233710204941","0,00000125324618006023","0,00000182827683174046"
"0,12528527652316415200","0,00000115206349102787","0,00000087741196376197","0,00000002790960580454","0,00000058386763017966","0,00000026994951438388","0,00000001201312147740","0,00000058436413218988","0,00000030658775643342","0,00000001211979852273","0,00000016455313448535","0,00000022370063028773","0,00000059146257739924","0,00000105415857741442","0,00000100948172696264","0,00000044525582570539","0,00000025948155895944","0,00000115734289396385","0,00000117250038507438","0,00000125993531138795","0,00000184142797752150"
"0,12728919916047878900","0,00000116065471247945","0,00000088352932869635","0,00000002796122959673","0,00000059022080287277","0,00000027253562647064","0,00000001200043437817","0,00000058584998207602","0,00000030930135557590","0,00000001211747718909","0,00000016534078693142","0,00000022583936574168","0,00000059590191551376","0,00000106279520879321","0,00000101947101384267","0,00000045035410198746","0,00000026166722756894","0,00000116932398292229","0,00000118268235276557","0,00000126663304661029","0,00000185459319412011"
"0,12929312179779342500","0,00000116919286951484","0,00000088967218299736","0,00000002801504644709","0,00000059660060300263","0,00000027513898399392","0,00000001198697354192","0,00000058732308588777","0,00000031201311916368","0,00000001211878009926","0,00000016613584253681","0,00000022799962062887","0,00000060035946876409","0,00000107140664682417","0,00000102947023652853","0,00000045546918374290","0,00000026385614227401","0,00000118132963442475","0,00000119288300512298","0,00000127333938572725","0,00000186777248153629"
"0,13129704443510806200","0,00000117767796213405","0,00000089584052666500","0,00000002807105635561","0,00000060300703056924","0,00000027775958695372","0,00000001197273896863","0,00000058878344362512","0,00000031472304719677","0,00000001212370725324","0,00000016693830130152","0,00000023018139494930","0,00000060483523715023","0,00000107999289150731","0,00000103947939502021","0,00000046060107097173","0,00000026604830307465","0,00000119335984847124","0,00000120310234214661","0,00000128005432873882","0,00000188096583977005"
"0,13330096707242267100","0,00000118610999033706","0,00000090203435969928","0,00000002812925932229","0,00000060944008557259","0,00000028039743535004","0,00000001195773065833","0,00000059023105528808","0,00000031743113967517","0,00000001213225865103","0,00000016774816322555","0,00000023238468870298","0,00000060932922067217","0,00000108855394284262","0,00000104949848931771","0,00000046574976367395","0,00000026824370997087","0,00000120541462506176","0,00000121334036383646","0,00000128677787564501","0,00000189417326882138"
"0,13530488970973730800","0,00000119448895412389","0,00000090825368210018","0,00000002818965534714","0,00000061589976801269","0,00000028305252918288","0,00000001194194861099","0,00000059166592087665","0,00000032013739659888","0,00000001214443429263","0,00000016856542830890","0,00000023460950188990","0,00000061384141932992","0,00000109708980083011","0,00000105952751942104","0,00000047091526184954","0,00000027044236296267","0,00000121749396419630","0,00000122359707019252","0,00000129351002644581","0,00000190739476869028"
"0,13730881234705194500","0,00000120281485349454","0,00000091449849386772","0,00000002825224443015","0,00000062238607788953","0,00000028572486845225","0,00000001192539282663","0,00000059308804039082","0,00000032284181796789","0,00000001216023417805","0,00000016939009655157","0,00000023685583451006","0,00000061837183312348","0,00000110560046546977","0,00000106956648533020","0,00000047609756549852","0,00000027264426205005","0,00000122959786587487","0,00000123387246121480","0,00000130025078114124","0,00000192063033937675"
"0,13931273498436658200","0,00000121108768844899","0,00000092076879500189","0,00000002831702657132","0,00000062889901520312","0,00000028841445315813","0,00000001190806330524","0,00000059449741383061","0,00000032554440378221","0,00000001217965830728","0,00000017022216795356","0,00000023912368656346","0,00000062292046205285","0,00000111408593676161","0,00000107961538704517","0,00000048129667462088","0,00000027484940723301","0,00000124172633009746","0,00000124416653690331","0,00000130700013973128","0,00000193387998088079"
"0,14131665762168119100","0,00000121930745898726","0,00000092706458550270","0,00000002838400177065","0,00000063543857995346","0,00000029112128330054","0,00000001188996004683","0,00000059589404119599","0,00000032824515404183","0,00000001220270668031","0,00000017106164251487","0,00000024141305805011","0,00000062748730611803","0,00000112254621470562","0,00000108967422456598","0,00000048651258921662","0,00000027705779851154","0,00000125387935686407","0,00000125447929725803","0,00000131375810221593","0,00000194714369320241"
"0,14332058025899582800","0,00000122747416510934","0,00000093338586537013","0,00000002845317002815","0,00000064200477214054","0,00000029384535887946","0,00000001187108305138","0,00000059727792248699","0,00000033094406874677","0,00000001222937929716","0,00000017190852023551","0,00000024372394897000","0,00000063207236531902","0,00000113098129930181","0,00000109974299789260","0,00000049174530928575","0,00000027926943588564","0,00000126605694617472","0,00000126481074227897","0,00000132052466859521","0,00000196042147634160"
"0,14532450289631046500","0,00000123558780681524","0,00000093973263460420","0,00000002852453134381","0,00000064859759176437","0,00000029658667989491","0,00000001185143231891","0,00000059864905770359","0,00000033364114789701","0,00000001225967615782","0,00000017276280111546","0,00000024605635932313","0,00000063667563965581","0,00000113939119055018","0,00000110982170702505","0,00000049699483482826","0,00000028148431935533","0,00000127825909802938","0,00000127516087196612","0,00000132729983886910","0,00000197371333029836"
"0,14732842553362510100","0,00000124364838410494","0,00000094610489320490","0,00000002859808571763","0,00000065521703882494","0,00000029934524634688","0,00000001183100784942","0,00000060000744684579","0,00000033633639149256","0,00000001229359726230","0,00000017362448515474","0,00000024841028910950","0,00000064129712912842","0,00000114777588845072","0,00000111991035196333","0,00000050226116584415","0,00000028370244892059","0,00000129048581242808","0,00000128552968631950","0,00000133408361303761","0,00000198701925507269"
"0,14933234817093971000","0,00000125165589697846","0,00000095250264117223","0,00000002867383314962","0,00000066186311332226","0,00000030212105823537","0,00000001180980964290","0,00000060135308991361","0,00000033902979953342","0,00000001233114261058","0,00000017449357235333","0,00000025078573832912","0,00000064593683373683","0,00000115613539300343","0,00000113000893270743","0,00000050754430233343","0,00000028592382458143","0,00000130273708937079","0,00000129591718533909","0,00000134087599110073","0,00000200033925066460"
"0,15133627080825434700","0,00000125959172500551","0,00000095890641286944","0,00000002875026970558","0,00000066850897164322","0,00000030490341873440","0,00000001178922464039","0,00000060268495300531","0,00000034171893895440","0,00000001236855838143","0,00000017536392621708","0,00000025316789535324","0,00000065057949060250","0,00000116446582086667","0,00000114011738655132","0,00000051284157974899","0,00000028814985839296","0,00000131499245047586","0,00000130629452570245","0,00000134766926841331","0,00000201366418009550"
"0,15334019344556898400","0,00000126743724775579","0,00000096529674265980","0,00000002882589145131","0,00000067512777017471","0,00000030768163101797","0,00000001177063978293","0,00000060400200221921","0,00000034440137669034","0,00000001240209075360","0,00000017622941025180","0,00000025554194855313","0,00000065520983684687","0,00000117276328869877","0,00000115023565078899","0,00000051815033354373","0,00000029038196241033","0,00000132723141736159","0,00000131663286408710","0,00000135445574033018","0,00000202698490638682"
"0,15534411608288362100","0,00000127519246522930","0,00000097167363054329","0,00000002890069838682","0,00000068171950891675","0,00000031045569508610","0,00000001175405507051","0,00000060530423755528","0,00000034707711274124","0,00000001243173972709","0,00000017709002445751","0,00000025790789792879","0,00000065982787246995","0,00000118102779649973","0,00000116036372542044","0,00000052347056371766","0,00000029262013663352","0,00000133945399002798","0,00000132693220049306","0,00000136123540685133","0,00000204030142953856"
"0,15734803872019823000","0,00000128285737742605","0,00000097803707651991","0,00000002897469051211","0,00000068828418786931","0,00000031322561093878","0,00000001173947050315","0,00000060659165901354","0,00000034974614710710","0,00000001245750530190","0,00000017794576883420","0,00000026026574348022","0,00000066443359747174","0,00000118925934426956","0,00000117050161044565","0,00000052880227027078","0,00000029486438106254","0,00000135166016847504","0,00000133719253492032","0,00000136800826797677","0,00000205361374955072"
"0,15935196135751286700","0,00000129043198434603","0,00000098438708058968","0,00000002904786782718","0,00000069482180703242","0,00000031599137857601","0,00000001172688608084","0,00000060786426659399","0,00000035240847978790","0,00000001247938747803","0,00000017879664338186","0,00000026261548520741","0,00000066902701185223","0,00000119745793200825","0,00000118064930586464","0,00000053414545320308","0,00000029711469569739","0,00000136384995270276","0,00000134741386736888","0,00000137477432370651","0,00000206692186642330"
"0,16135588399482750400","0,00000129791628598925","0,00000099072364275258","0,00000002912023033203","0,00000070133236640606","0,00000031875299799780","0,00000001171630180358","0,00000060912206029661","0,00000035506411078367","0,00000001249738625548","0,00000017964264810051","0,00000026495712311038","0,00000067360811561143","0,00000120562355971581","0,00000119080681167740","0,00000053950011251456","0,00000029937108053806","0,00000137602334271115","0,00000135759619783874","0,00000138153357404053","0,00000208022578015630"
"0,16335980663214211300","0,00000130531028235570","0,00000099704676300862","0,00000002919177802665","0,00000070781586599024","0,00000032151046920413","0,00000001170771767137","0,00000061036504012143","0,00000035771304009439","0,00000001251150163424","0,00000018048378299014","0,00000026729065718911","0,00000067817690874933","0,00000121375622739224","0,00000120097412788394","0,00000054486624820523","0,00000030163353558456","0,00000138818033850021","0,00000136773952632991","0,00000138828601897884","0,00000209352549074972"
"0,16536372926945675000","0,00000131261397344538","0,00000100335644135780","0,00000002926251091105","0,00000071427230578495","0,00000032426379219502","0,00000001170113368421","0,00000061159320606842","0,00000036035526772006","0,00000001252173361433","0,00000018132004805075","0,00000026961608744361","0,00000068273339126594","0,00000122185593503753","0,00000121115125448425","0,00000055024386027508","0,00000030390206083689","0,00000140032094006993","0,00000137784385284237","0,00000139503165852144","0,00000210682099820356"
"0,16736765190677138600","0,00000131982735925831","0,00000100965267780012","0,00000002933242898523","0,00000072070168579020","0,00000032701296697045","0,00000001169654984210","0,00000061280655813760","0,00000036299079366069","0,00000001252808219574","0,00000018215144328233","0,00000027193341387388","0,00000068727756316126","0,00000122992268265168","0,00000122133819147833","0,00000055563294872412","0,00000030617665629504","0,00000141244514742031","0,00000138790917737614","0,00000140177049266832","0,00000212011230251782"
"0,16937157454408602300","0,00000132695043979446","0,00000101593547233557","0,00000002940153224919","0,00000072710400600599","0,00000032975799353044","0,00000001169396614504","0,00000061400509632896","0,00000036561961791627","0,00000001253054737847","0,00000018297796868490","0,00000027424263647992","0,00000069180942443528","0,00000123795647023470","0,00000123153493886619","0,00000056103351355235","0,00000030845732195902","0,00000142455296055136","0,00000139793549993121","0,00000140850252141950","0,00000213339940369251"
"0,17137549718140063200","0,00000133398321505385","0,00000102220482496416","0,00000002946982070293","0,00000073347926643231","0,00000033249887187498","0,00000001169338259302","0,00000061518882064251","0,00000036824174048681","0,00000001252912916252","0,00000018379962425845","0,00000027654375526173","0,00000069632897508801","0,00000124595729778658","0,00000124174149664782","0,00000056644555475975","0,00000031074405782882","0,00000143664437946308","0,00000140792282050758","0,00000141522774477496","0,00000214668230172761"
"0,17337941981871526900","0,00000134092568503647","0,00000102846073568589","0,00000002953729434644","0,00000073982746706917","0,00000033523560200407","0,00000001169479918606","0,00000061635773107824","0,00000037085716137231","0,00000001252382754789","0,00000018461641000298","0,00000027883677021931","0,00000070083621511944","0,00000125392516530733","0,00000125195786482322","0,00000057186907234635","0,00000031303686390446","0,00000144871940415546","0,00000141787113910526","0,00000142194616273471","0,00000215996099662313"
"0,17538334245602990600","0,00000134777784974233","0,00000103470320450075","0,00000002960395317973","0,00000074614860791657","0,00000033796818391771","0,00000001169821592415","0,00000061751182763616","0,00000037346588057276","0,00000001251464253458","0,00000018542832591849","0,00000028112168135265","0,00000070533114452958","0,00000126186007279695","0,00000126218404339239","0,00000057730406631212","0,00000031533574018592","0,00000146077803462851","0,00000142778045572423","0,00000142865777529876","0,00000217323548837907"
"0,17738726509334454300","0,00000135453970917143","0,00000104093223140876","0,00000002966979720280","0,00000075244268897450","0,00000034069661761590","0,00000001170363280729","0,00000061865111031626","0,00000037606789808816","0,00000001250157412259","0,00000018623537200498","0,00000028339848866177","0,00000070981376331843","0,00000126976202025543","0,00000127242003235534","0,00000058275053665709","0,00000031764068667320","0,00000147282027088222","0,00000143765077036451","0,00000143536258246709","0,00000218650577699543"
"0,17939118773065915200","0,00000136121126332376","0,00000104714781640990","0,00000002973482641565","0,00000075870971024297","0,00000034342090309865","0,00000001171104983548","0,00000061977557911854","0,00000037866321391852","0,00000001248462231192","0,00000018703754826245","0,00000028566719214665","0,00000071428407148598","0,00000127763100768277","0,00000128266583171206","0,00000058820848338123","0,00000031995170336631","0,00000148484611291660","0,00000144748208302608","0,00000144206058423970","0,00000219977186247221"
"0,18139511036797378900","0,00000136779251219932","0,00000105334995950418","0,00000002979904081827","0,00000076494967172197","0,00000034614104036594","0,00000001172046700871","0,00000062088523404301","0,00000038125182806384","0,00000001246378710257","0,00000018783485469090","0,00000028792779180730","0,00000071874206903224","0,00000128546703507898","0,00000129292144146256","0,00000059367790648456","0,00000032226879026525","0,00000149685556073164","0,00000145727439370896","0,00000144875178061661","0,00000221303374480941"
"0,18339903300528842500","0,00000137428345579812","0,00000105953866069159","0,00000002986244041068","0,00000077116257341152","0,00000034885702941779","0,00000001173188432700","0,00000062198007508966","0,00000038383374052411","0,00000001243906849454","0,00000018862729129033","0,00000029018028764372","0,00000072318775595720","0,00000129327010244405","0,00000130318686160683","0,00000059915880596708","0,00000032459194737002","0,00000150884861432735","0,00000146702770241315","0,00000145543617159781","0,00000222629142400703"
"0,18540295564260306200","0,00000138068409412015","0,00000106571391997215","0,00000002992502519286","0,00000077734841531159","0,00000035156887025419","0,00000001174530179034","0,00000062306010225849","0,00000038640895129933","0,00000001241046648783","0,00000018941485806074","0,00000029242467965591","0,00000072762113226087","0,00000130104020977799","0,00000131346209214487","0,00000060465118182878","0,00000032692117468061","0,00000152082527370372","0,00000147674200913863","0,00000146211375718329","0,00000223954490006507"
"0,18740687827991767100","0,00000138699442716541","0,00000107187573734584","0,00000002998679516482","0,00000078350719742221","0,00000035427656287514","0,00000001176071939873","0,00000062412531554951","0,00000038897746038952","0,00000001237798108244","0,00000019019755500214","0,00000029466096784387","0,00000073204219794324","0,00000130877735708080","0,00000132374713307668","0,00000061015503406967","0,00000032925647219703","0,00000153278553886076","0,00000148641731388541","0,00000146878453737307","0,00000225279417298353"
"0,18941080091723230800","0,00000139321445493391","0,00000107802411281267","0,00000003004775032655","0,00000078963891974336","0,00000035698010728064","0,00000001177813715216","0,00000062517571496271","0,00000039153926779465","0,00000001234161227837","0,00000019097538211451","0,00000029688915220760","0,00000073645095300433","0,00000131648154435247","0,00000133404198440227","0,00000061567036268974","0,00000033159783991928","0,00000154472940979846","0,00000149605361665350","0,00000147544851216713","0,00000226603924276242"
"0,19141472355454694500","0,00000139934417742565","0,00000108415904637263","0,00000003010789067807","0,00000079574358227504","0,00000035967950347069","0,00000001179755505065","0,00000062621130049810","0,00000039409437351474","0,00000001230136007562","0,00000019174833939786","0,00000029910923274709","0,00000074084739744411","0,00000132415277159300","0,00000134434664612163","0,00000062119716768899","0,00000033394527784735","0,00000155665688651683","0,00000150565091744289","0,00000148210568156548","0,00000227928010940172"
"0,19341864619186155400","0,00000140538359464062","0,00000109028053802573","0,00000003016721621936","0,00000080182118501727","0,00000036237475144529","0,00000001181897309419","0,00000062723207215567","0,00000039664277754979","0,00000001225722447419","0,00000019251642685219","0,00000030132120946236","0,00000074523153126261","0,00000133179103880240","0,00000135466111823476","0,00000062673544906743","0,00000033629878598125","0,00000156856796901586","0,00000151520921625358","0,00000148875604556812","0,00000229251677290144"
"0,19542256882917619100","0,00000141133270657882","0,00000109638858777198","0,00000003022572695043","0,00000080787172797003","0,00000036506585120445","0,00000001184239128277","0,00000062823802993542","0,00000039918447989979","0,00000001220920547408","0,00000019327964447751","0,00000030352508235339","0,00000074960335445980","0,00000133939634598066","0,00000136498540074167","0,00000063228520682506","0,00000033865836432098","0,00000158046265729556","0,00000152472851308557","0,00000149539960417505","0,00000230574923326158"
"0,19742649146649082800","0,00000141719151324026","0,00000110248319561135","0,00000003028342287128","0,00000081389521113332","0,00000036775280274815","0,00000001186780961641","0,00000062922917383736","0,00000040171948056475","0,00000001215730307529","0,00000019403799227380","0,00000030572085142019","0,00000075396286703571","0,00000134696869312779","0,00000137531949364235","0,00000063784644096187","0,00000034102401286653","0,00000159234095135592","0,00000153420880793886","0,00000150203635738626","0,00000231897749048214"
"0,19943041410380546400","0,00000142296001462494","0,00000110856436154387","0,00000003034030398191","0,00000081989163450715","0,00000037043560607641","0,00000001189522809510","0,00000063020550386148","0,00000040424777954466","0,00000001210151727782","0,00000019479147024107","0,00000030790851666276","0,00000075831006899032","0,00000135450808024378","0,00000138566339693680","0,00000064341915147786","0,00000034339573161791","0,00000160420285119695","0,00000154365010081345","0,00000150866630520177","0,00000233220154456312"
"0,20143433674112007400","0,00000142866800356809","0,00000111463616294875","0,00000003039592850197","0,00000082586549249195","0,00000037310779828167","0,00000001192281673109","0,00000063116762121994","0,00000040677463240149","0,00000001204618695594","0,00000019554500091214","0,00000031009999654806","0,00000076265270520156","0,00000136201968636568","0,00000139599826303423","0,00000064898147210009","0,00000034576523574337","0,00000161603699341801","0,00000155307900136633","0,00000151529098078136","0,00000234540962653580"
"0,20343825937843471000","0,00000143434527290497","0,00000112070267720523","0,00000003044985465111","0,00000083182127948814","0,00000037576291645637","0,00000001194874553666","0,00000063211612712488","0,00000040930529469719","0,00000001199565098392","0,00000019630350681980","0,00000031230720954305","0,00000076699852054736","0,00000136950869053052","0,00000140630524434384","0,00000065451153655558","0,00000034812424041116","0,00000162783201461846","0,00000156252211925446","0,00000152191191728486","0,00000235858996743145"
"0,20544218201574934700","0,00000143999182263558","0,00000112676390431331","0,00000003050208242933","0,00000083775899549573","0,00000037840096060053","0,00000001197301451179","0,00000063305102157631","0,00000041183976643176","0,00000001194990936175","0,00000019706698796406","0,00000031453015564774","0,00000077134751502772","0,00000137697509273830","0,00000141658434086562","0,00000066000934484434","0,00000035047274562128","0,00000163958791479829","0,00000157197945447786","0,00000152852911471225","0,00000237174256725006"
"0,20744610465306398400","0,00000144560765275991","0,00000113281984427299","0,00000003055261183664","0,00000084367864051470","0,00000038102193071413","0,00000001199562365649","0,00000063397230457421","0,00000041437804760521","0,00000001190896208944","0,00000019783544434492","0,00000031676883486212","0,00000077569968864263","0,00000138441889298902","0,00000142683555259958","0,00000066547489696637","0,00000035281075137374","0,00000165130469395752","0,00000158145100703651","0,00000153514257306355","0,00000238486742599165"
"0,20945002729037859300","0,00000145119276327796","0,00000113887049708427","0,00000003060144287304","0,00000084958021454508","0,00000038362582679717","0,00000001201657297076","0,00000063487997611861","0,00000041692013821753","0,00000001187280916698","0,00000019860887596238","0,00000031902324718619","0,00000078005504139210","0,00000139184009128268","0,00000143705887954572","0,00000067090819292167","0,00000035513825766853","0,00000166298235209614","0,00000159093677693042","0,00000154175229233874","0,00000239796454365622"
"0,21145394992769323000","0,00000145674715418974","0,00000114491586274714","0,00000003064857553852","0,00000085546371758684","0,00000038621264884967","0,00000001203586245460","0,00000063577403620949","0,00000041946603826872","0,00000001184145059438","0,00000019938728281644","0,00000032129339261995","0,00000078441357327613","0,00000139923868761928","0,00000144725432170404","0,00000067630923271023","0,00000035745526450565","0,00000167462088921414","0,00000160043676415959","0,00000154835827253782","0,00000241103392024375"
"0,21345787256500786700","0,00000146227082549525","0,00000115095594126161","0,00000003069400983308","0,00000086132914964000","0,00000038878239687161","0,00000001205349210800","0,00000063665448484685","0,00000042201574775879","0,00000001181488637164","0,00000020017066490710","0,00000032357927116341","0,00000078877528429471","0,00000140661468199883","0,00000145742187907453","0,00000068167801633207","0,00000035976177188510","0,00000168622030531154","0,00000160995096872403","0,00000155496051366081","0,00000242407555575425"
"0,21546179520232250400","0,00000146776377719448","0,00000115699073262768","0,00000003073774575672","0,00000086717651070456","0,00000039133507086301","0,00000001206946193097","0,00000063752132203069","0,00000042456926668773","0,00000001179311649876","0,00000020095902223436","0,00000032588088281656","0,00000079314017444785","0,00000141396807442131","0,00000146756155165720","0,00000068701454378718","0,00000036205777980688","0,00000169778060038832","0,00000161947939062372","0,00000156155901570769","0,00000243708945018773"
"0,21746571783963711300","0,00000147322600928744","0,00000116302023684534","0,00000003077978330945","0,00000087300580078051","0,00000039387067082385","0,00000001208377192351","0,00000063837454776103","0,00000042712659505554","0,00000001177614097573","0,00000020175235479822","0,00000032819822757940","0,00000079750824373555","0,00000142129886488674","0,00000147767333945205","0,00000069231881507556","0,00000036434328827100","0,00000170930177444450","0,00000162902202985866","0,00000156815377867847","0,00000245007560354417"
"0,21946964047695174900","0,00000147865752177412","0,00000116904445391461","0,00000003082012249127","0,00000087881701986785","0,00000039638919675413","0,00000001209642208562","0,00000063921416203784","0,00000042968773286223","0,00000001176395980255","0,00000020255066259868","0,00000033053130545194","0,00000080187949215780","0,00000142860705339511","0,00000148775724245908","0,00000069759083019720","0,00000036661829727745","0,00000172078382748006","0,00000163857888642887","0,00000157474480257315","0,00000246303401582359"
"0,22147356311426638600","0,00000148405831465453","0,00000117506338383547","0,00000003085876330217","0,00000088461016796658","0,00000039889064865387","0,00000001210741241730","0,00000064004016486114","0,00000043225268010779","0,00000001175657297924","0,00000020335394563573","0,00000033288011643416","0,00000080625391971461","0,00000143589263994641","0,00000149781326067828","0,00000070283058915212","0,00000036888280682623","0,00000173222675949501","0,00000164814996033434","0,00000158133208739173","0,00000247596468702598"
"0,22347748575158102300","0,00000148942838792866","0,00000118107702660793","0,00000003089570574215","0,00000089038524507671","0,00000040137502652305","0,00000001211674291855","0,00000064085255623092","0,00000043482143679222","0,00000001175398050578","0,00000020416220390939","0,00000033524466052608","0,00000081063152640598","0,00000144315562454066","0,00000150784139410967","0,00000070803809194030","0,00000037113681691735","0,00000174363057048936","0,00000165773525157507","0,00000158791563313420","0,00000248886761715134"
"0,22548140838889563200","0,00000149476774159652","0,00000118708538223199","0,00000003093094981122","0,00000089614225119824","0,00000040384233036168","0,00000001212441358936","0,00000064165133614719","0,00000043739400291553","0,00000001175618238217","0,00000020497543741965","0,00000033762493772769","0,00000081501231223191","0,00000145039600717785","0,00000151784164275322","0,00000071321333856175","0,00000037338032755080","0,00000175499526046309","0,00000166733476015105","0,00000159449543980057","0,00000250174280619967"
"0,22748533102621026900","0,00000150007637565811","0,00000119308845070765","0,00000003096449550937","0,00000090188118633116","0,00000040629256016976","0,00000001213042442974","0,00000064243650460994","0,00000043997037847771","0,00000001176317860843","0,00000020579364616650","0,00000034002094803900","0,00000081939627719239","0,00000145761378785799","0,00000152781400660896","0,00000071835632901647","0,00000037561333872658","0,00000176632082941621","0,00000167694848606230","0,00000160107150739084","0,00000251459025417097"
"0,22948925366352490600","0,00000150535429011342","0,00000119908623203490","0,00000003099634283660","0,00000090760205047547","0,00000040872571594729","0,00000001213477543969","0,00000064320806161918","0,00000044255056347876","0,00000001177496918453","0,00000020661683014995","0,00000034243269146000","0,00000082378342128743","0,00000146480896658106","0,00000153775848567688","0,00000072346706330447","0,00000037783585044469","0,00000177760727734873","0,00000168657642930880","0,00000160764383590501","0,00000252740996106524"
"0,23149317630083951500","0,00000151060148496245","0,00000120507872621375","0,00000003102649179292","0,00000091330484363117","0,00000041114179769426","0,00000001213746661921","0,00000064396600717490","0,00000044513455791869","0,00000001179155411050","0,00000020744498937001","0,00000034486016799069","0,00000082817374451702","0,00000147198154334707","0,00000154767507995697","0,00000072854554142573","0,00000038004786270513","0,00000178885460426063","0,00000169621858989057","0,00000161421242534308","0,00000254020192688249"
"0,23349709893815415200","0,00000151581796020521","0,00000121106593324420","0,00000003105494237832","0,00000091898956579827","0,00000041354080541069","0,00000001213849796830","0,00000064471034127711","0,00000044772236179749","0,00000001181293338632","0,00000020827812382666","0,00000034730337763107","0,00000083256724688117","0,00000147913151815603","0,00000155756378944924","0,00000073359176338026","0,00000038224937550791","0,00000180006281015192","0,00000170587496780759","0,00000162077727570504","0,00000255296615162270"
"0,23550102157546878900","0,00000152100371584170","0,00000121704785312625","0,00000003108169459281","0,00000092465621697677","0,00000041592273909656","0,00000001213786948696","0,00000064544106392580","0,00000045031397511516","0,00000001183910701200","0,00000020911623351991","0,00000034976232038115","0,00000083696392837988","0,00000148625889100793","0,00000156742461415369","0,00000073860572916806","0,00000038444038885302","0,00000181123189502261","0,00000171554556305988","0,00000162733838699090","0,00000256570263528589"
"0,23750494421278342500","0,00000152615875187191","0,00000122302448585989","0,00000003110674843638","0,00000093030479716665","0,00000041828759875187","0,00000001213558117518","0,00000064615817512097","0,00000045290939787171","0,00000001187007498754","0,00000020995931844976","0,00000035223699624091","0,00000084136378901315","0,00000149336366190276","0,00000157725755407031","0,00000074358743878912","0,00000038662090274046","0,00000182236185887268","0,00000172523037564742","0,00000163389575920066","0,00000257841137787205"
"0,23950886685009803400","0,00000153128306829585","0,00000122899583144514","0,00000003113010390903","0,00000093593530636794","0,00000042063538437664","0,00000001213163303297","0,00000064686167486263","0,00000045550863006713","0,00000001190583731293","0,00000021080737861621","0,00000035472740521037","0,00000084576682878097","0,00000150044583084054","0,00000158706260919911","0,00000074853689224346","0,00000038879091717023","0,00000183345270170214","0,00000173492940557022","0,00000164044939233432","0,00000259109237938118"
"0,24151278948741267100","0,00000153637666511351","0,00000123496188988198","0,00000003115176101077","0,00000094154774458061","0,00000042296609597085","0,00000001212602506033","0,00000064755156315077","0,00000045811167170142","0,00000001194639398818","0,00000021166041401926","0,00000035723354728953","0,00000085017304768335","0,00000150750539782126","0,00000159683977954009","0,00000075345408953107","0,00000039095043214234","0,00000184450442351099","0,00000174464265282828","0,00000164699928639187","0,00000260374563981328"
"0,24351671212472730800","0,00000154143954232490","0,00000124092266117042","0,00000003117171974160","0,00000094714211180468","0,00000042527973353452","0,00000001211875725726","0,00000064822783998540","0,00000046071852277459","0,00000001199174501328","0,00000021251842465891","0,00000035975542247837","0,00000085458244572029","0,00000151454236284492","0,00000160658906509325","0,00000075833903065195","0,00000039309944765678","0,00000185551702429923","0,00000175437011742160","0,00000165354544137333","0,00000261637115916835"
"0,24552063476204194500","0,00000154647169993001","0,00000124687814531045","0,00000003118998010150","0,00000095271840804014","0,00000042757629706763","0,00000001210982962375","0,00000064889050536651","0,00000046332918328663","0,00000001204189038824","0,00000021338141053516","0,00000036229303077691","0,00000085899502289178","0,00000152155672591153","0,00000161631046585858","0,00000076319171560609","0,00000039523796371355","0,00000186649050406686","0,00000176411179935018","0,00000166008785727868","0,00000262896893744639"
"0,24752455739935655400","0,00000155147313792885","0,00000125282834230209","0,00000003120654209049","0,00000095827663328700","0,00000042985578657018","0,00000001209924215982","0,00000064953955929410","0,00000046594365323754","0,00000001209683011306","0,00000021424937164801","0,00000036484637218514","0,00000086341077919783","0,00000152854848702107","0,00000162600398183610","0,00000076801214439351","0,00000039736598031265","0,00000187742486281388","0,00000177386769861402","0,00000166662653410793","0,00000264153897464740"
"0,24952848003667119100","0,00000155644385632141","0,00000125877325214532","0,00000003122140570857","0,00000096381678754525","0,00000043211820204219","0,00000001208699486545","0,00000065017500176818","0,00000046856193262732","0,00000001215656418773","0,00000021512230799745","0,00000036741544670307","0,00000086782971463844","0,00000153551764617356","0,00000163566961302579","0,00000077280031701419","0,00000039948349745409","0,00000188832010054029","0,00000178363781521311","0,00000167316147186107","0,00000265408127077139"
"0,25153240267398580000","0,00000156142969689989","0,00000126471307404325","0,00000003123690272566","0,00000096932253880045","0,00000043437770965617","0,00000001207504839939","0,00000065079950076956","0,00000047117990733962","0,00000001221679339087","0,00000021599196395528","0,00000036998127794451","0,00000087224714341385","0,00000154246758847547","0,00000164531392812260","0,00000077756983455453","0,00000040160011189787","0,00000189919438829527","0,00000179338523469559","0,00000167969085144120","0,00000266660012179309"
"0,25353632531130043700","0,00000156647650145646","0,00000127064800719898","0,00000003125536491169","0,00000097477755503817","0,00000043664847558465","0,00000001206536342037","0,00000065141572427906","0,00000047379346325807","0,00000001227321850108","0,00000021685008389328","0,00000037252488952332","0,00000087665837972429","0,00000154940169903332","0,00000165494349582147","0,00000078233429810089","0,00000040372542040401","0,00000191006589712801","0,00000180307304260957","0,00000168621285375140","0,00000267909982368725"
"0,25554024794861507300","0,00000157158426999113","0,00000127657805161251","0,00000003127679226667","0,00000098018183625839","0,00000043893049982762","0,00000001205793992839","0,00000065202367229668","0,00000047640260038266","0,00000001232583951836","0,00000021769666781144","0,00000037504628143948","0,00000088106342356978","0,00000155631997784710","0,00000166455831612241","0,00000078709370765328","0,00000040585942297251","0,00000192093462703850","0,00000181270123895506","0,00000169272747879168","0,00000269158037645388"
"0,25754417058592971000","0,00000157675300250390","0,00000128250320728384","0,00000003130118479059","0,00000098553538246112","0,00000044122378238510","0,00000001205277792345","0,00000065262334482242","0,00000047900731871340","0,00000001237465644272","0,00000021853171570978","0,00000037754545369299","0,00000088546227495032","0,00000156322242491680","0,00000167415838902542","0,00000079184806321170","0,00000040800211960337","0,00000193180057802675","0,00000182226982373204","0,00000169923472656202","0,00000270404178009296"
"0,25954809322324434700","0,00000158198269899476","0,00000128842347421297","0,00000003132854248346","0,00000099083819364636","0,00000044352832325708","0,00000001204987740556","0,00000065321474185627","0,00000048160761825029","0,00000001241966927415","0,00000021935522758828","0,00000038002240628386","0,00000088985493386589","0,00000157010904024243","0,00000168374371453049","0,00000079659736477615","0,00000041015351029660","0,00000194266375009275","0,00000183177879694053","0,00000170573459706243","0,00000271648403460451"
"0,26155201586055898400","0,00000158727335946372","0,00000129433885239990","0,00000003135886534527","0,00000099609026981411","0,00000044584412244356","0,00000001204923837470","0,00000065379786339824","0,00000048420349899332","0,00000001246087801264","0,00000022016720344694","0,00000038247713921208","0,00000089424140031650","0,00000157697982382398","0,00000169331429263762","0,00000080134161234663","0,00000041231359505218","0,00000195352414323651","0,00000184122815858052","0,00000171222709029292","0,00000272890713998852"
"0,26355593849787362100","0,00000159262498391078","0,00000130024934184463","0,00000003139215337603","0,00000100129161096436","0,00000044817117994453","0,00000001205086083089","0,00000065437270944834","0,00000048679496094250","0,00000001249828265822","0,00000022096764328578","0,00000038490965247766","0,00000089862167430216","0,00000158383477566147","0,00000170287012334682","0,00000080608080592314","0,00000041448237387012","0,00000196438175745802","0,00000185061790865202","0,00000171871220625347","0,00000274131109624500"
"0,26555986113518820200","0,00000159803757233593","0,00000130615494254716","0,00000003142840657573","0,00000100644221709713","0,00000045050949576001","0,00000001205474477412","0,00000065493928000654","0,00000048938200409784","0,00000001253188321086","0,00000022175654710478","0,00000038731994608060","0,00000090299575582286","0,00000159067389575488","0,00000171241120665808","0,00000081081494550567","0,00000041665984675043","0,00000197523659275728","0,00000185994804715502","0,00000172518994494410","0,00000275369590337393"
"0,26756378377250283900","0,00000160351112473919","0,00000131205565450749","0,00000003146762494438","0,00000101154208821241","0,00000045285906988998","0,00000001206089020439","0,00000065549757507287","0,00000049196462845931","0,00000001256167967058","0,00000022253391490395","0,00000038970802002089","0,00000090736364487860","0,00000159749718410422","0,00000172193754257141","0,00000081554403109424","0,00000041884601369309","0,00000198608864913430","0,00000186921857408951","0,00000173166030636479","0,00000276606156137533"
"0,26956770640981747600","0,00000160904564112053","0,00000131795147772561","0,00000003150980848197","0,00000101659122431019","0,00000045521990233445","0,00000001206929712171","0,00000065604759464732","0,00000049454283402694","0,00000001258767203736","0,00000022329974668329","0,00000039207387429853","0,00000091172534146938","0,00000160430464070949","0,00000173144913108680","0,00000082026806268883","0,00000042104087469811","0,00000199693792658908","0,00000187842948945552","0,00000173812329051556","0,00000277840807024919"
"0,27157162904713211300","0,00000161464112147998","0,00000132384241220154","0,00000003155495718851","0,00000102158962539049","0,00000045759199309343","0,00000001207996552606","0,00000065658933872988","0,00000049711662080072","0,00000001260986031122","0,00000022405404244279","0,00000039441750891353","0,00000091608084559521","0,00000161109626557068","0,00000174094597220426","0,00000082498704028946","0,00000042324442976550","0,00000200778442512161","0,00000188758079325302","0,00000174457889739639","0,00000279073542999551"
"0,27357555168444674900","0,00000162029756581752","0,00000132972845793527","0,00000003160307106399","0,00000102653729145329","0,00000045997534216690","0,00000001209289541746","0,00000065712280732056","0,00000049968598878064","0,00000001262824449216","0,00000022479680218247","0,00000039673892386589","0,00000092043015725607","0,00000161787205868781","0,00000175042806592378","0,00000082970096389611","0,00000042545667889524","0,00000201862814473189","0,00000189667248548203","0,00000175102712700730","0,00000280304364061429"
"0,27557947432176138600","0,00000162601497413316","0,00000133560961492679","0,00000003165415010841","0,00000103143422249860","0,00000046236994955487","0,00000001210808679590","0,00000065764800041936","0,00000050225093796671","0,00000001264282458016","0,00000022552802590231","0,00000039903811915560","0,00000092477327645198","0,00000162463202006086","0,00000175989541224537","0,00000083440983350879","0,00000042767762208735","0,00000202946908541993","0,00000190570456614254","0,00000175746797934828","0,00000281533270210553"
"0,27758339695907602300","0,00000163179334642690","0,00000134148588317612","0,00000003170819432178","0,00000103628041852643","0,00000046477581525734","0,00000001212553966138","0,00000065816491802628","0,00000050481146835893","0,00000001265360057524","0,00000022624771360231","0,00000040131509478267","0,00000092911020318293","0,00000163137614968984","0,00000176934801116902","0,00000083911364912750","0,00000042990725934181","0,00000204030724718572","0,00000191467703523455","0,00000176390145441933","0,00000282760261446924"
"0,27958731959639066000","0,00000163763268269873","0,00000134735726268324","0,00000003176520370409","0,00000104107587953676","0,00000046719293927431","0,00000001214525401390","0,00000065867356014132","0,00000050736757995729","0,00000001266057247739","0,00000022695586528249","0,00000040356985074709","0,00000093344093744892","0,00000163810444757474","0,00000177878586269473","0,00000084381241075224","0,00000043214559065863","0,00000205114263002927","0,00000192358989275806","0,00000177032755222045","0,00000283985337770541"
"0,28159124223370524100","0,00000164353298294866","0,00000135322375344817","0,00000003182517825535","0,00000104582060552960","0,00000046962132160578","0,00000001216722985346","0,00000065917392676447","0,00000050991927276181","0,00000001266374028661","0,00000022765248094283","0,00000040580238704887","0,00000093776547924996","0,00000164481691371558","0,00000178820896682251","0,00000084850611838301","0,00000043439261603782","0,00000206197523395057","0,00000193244313871308","0,00000177674627275164","0,00000285208499181404"
"0,28359516487101987800","0,00000164949424717669","0,00000135908535547089","0,00000003188811797556","0,00000105051459650495","0,00000047206096225175","0,00000001219146718007","0,00000065966601789575","0,00000051246654677247","0,00000001266310400290","0,00000022833756058334","0,00000040801270368800","0,00000094208382858603","0,00000165151354811234","0,00000179761732355236","0,00000085319477201981","0,00000043664833547936","0,00000207280505894963","0,00000194123677309960","0,00000178315761601290","0,00000286429745679513"
"0,28559908750833451500","0,00000165551647538281","0,00000136494206875141","0,00000003195402286471","0,00000105515785246281","0,00000047451186121222","0,00000001221796599372","0,00000066014983353514","0,00000051500940198928","0,00000001265866362627","0,00000022901110420402","0,00000041020080066449","0,00000094639598545715","0,00000165819435076503","0,00000180701093288427","0,00000085787837166264","0,00000043891274898327","0,00000208363210502644","0,00000194997079591762","0,00000178956158200423","0,00000287649077264868"
"0,28760301014564915200","0,00000166159966756703","0,00000137079389328974","0,00000003202289292280","0,00000105975037340317","0,00000047697401848719","0,00000001224672629441","0,00000066062537368265","0,00000051754783841223","0,00000001265041915671","0,00000022967311180486","0,00000041236667797833","0,00000095070194986331","0,00000166485932167364","0,00000181638979481824","0,00000086255691731150","0,00000044118585654954","0,00000209445637218101","0,00000195864520716714","0,00000179595817072564","0,00000288866493937470"
"0,28960693278296378800","0,00000166774382372935","0,00000137664082908586","0,00000003209472814984","0,00000106429215932605","0,00000047944743407666","0,00000001227774808214","0,00000066109263833828","0,00000052008185604134","0,00000001263837059422","0,00000023032358338587","0,00000041451033562953","0,00000095500172180451","0,00000167150846083819","0,00000182575390935428","0,00000086723040896638","0,00000044346765817816","0,00000210527786041333","0,00000196726000684817","0,00000180234738217711","0,00000290081995697317"
"0,29161085542027842500","0,00000167394894386976","0,00000138248287613978","0,00000003216952854582","0,00000106878321023144","0,00000048193210798063","0,00000001231103135691","0,00000066155162750202","0,00000052261145487659","0,00000001262251793880","0,00000023096251894705","0,00000041663177361809","0,00000095929530128075","0,00000167814176825866","0,00000183510327649238","0,00000087189884662730","0,00000044575815386915","0,00000211609656972341","0,00000197581519496070","0,00000180872921635865","0,00000291295582544411"
"0,29361477805759306200","0,00000168021502798828","0,00000138832003445150","0,00000003224729411074","0,00000107322352611933","0,00000048442804019909","0,00000001234657611872","0,00000066200234117389","0,00000052513663491799","0,00000001260286119045","0,00000023158991848840","0,00000041873099194399","0,00000096358268829203","0,00000168475924393506","0,00000184443789623255","0,00000087656223029424","0,00000044805734362249","0,00000212691250011124","0,00000198431077150473","0,00000181510367327027","0,00000292507254478751"
"0,29561870069490764300","0,00000168654207608489","0,00000139415230402102","0,00000003232802484462","0,00000107761310698974","0,00000048693523073206","0,00000001238438236758","0,00000066244477935387","0,00000052765739616554","0,00000001257940034918","0,00000023220578200991","0,00000042080799060726","0,00000096786388283836","0,00000169136088786738","0,00000185375776857478","0,00000088122055996721","0,00000045036522743820","0,00000213772565157683","0,00000199274673648027","0,00000182147075291195","0,00000293717011500338"
"0,29762262333222228000","0,00000169293008815959","0,00000139997968484834","0,00000003241172074743","0,00000108195195284265","0,00000048945367957953","0,00000001242445010348","0,00000066287894204197","0,00000053017373861923","0,00000001255213541498","0,00000023281010951159","0,00000042286276960788","0,00000097213888491973","0,00000169794670005564","0,00000186306289351907","0,00000088587383564621","0,00000045268180531627","0,00000214853602412017","0,00000200112308988730","0,00000182783045528371","0,00000294924853609170"
"0,29962654596953691700","0,00000169937906421239","0,00000140580217693346","0,00000003249838181919","0,00000108624006367808","0,00000049198338674149","0,00000001246677932642","0,00000066330482923819","0,00000053268566227908","0,00000001252106638785","0,00000023340290099344","0,00000042489532894585","0,00000097640769453613","0,00000170451668049982","0,00000187235327106543","0,00000089052205733124","0,00000045500707725669","0,00000215934361774126","0,00000200943983172584","0,00000183418278038553","0,00000296130780805249"
"0,30163046860685155400","0,00000170589078029961","0,00000141161857271690","0,00000003258513595565","0,00000109049321123751","0,00000049451607463973","0,00000001250813873536","0,00000066372370689129","0,00000053519429342741","0,00000001248948292652","0,00000023399583078398","0,00000042692369005538","0,00000098067585738404","0,00000171107937801596","0,00000188162123166253","0,00000089515193900759","0,00000045733071138268","0,00000217013154369835","0,00000201775070815343","0,00000184052870201695","0,00000297334661385169"
"0,30363439124416619100","0,00000171246701247755","0,00000141742766463917","0,00000003266911105257","0,00000109472716726246","0,00000049704346569601","0,00000001254529702924","0,00000066413684095003","0,00000053770075834659","0,00000001246067468972","0,00000023460057321173","0,00000042896587437066","0,00000098494891915990","0,00000171764334142009","0,00000189085910575905","0,00000089975019466054","0,00000045964237581743","0,00000218088291324965","0,00000202610946532760","0,00000184686919397747","0,00000298536363645525"
"0,30563831388148082800","0,00000171910776074622","0,00000142322945270028","0,00000003275030710994","0,00000109894193175293","0,00000049956555991034","0,00000001257825420809","0,00000066454423141442","0,00000054020505703660","0,00000001243464167745","0,00000023521712827669","0,00000043102188189169","0,00000098922687986371","0,00000172420857071220","0,00000190006689335498","0,00000090431682429010","0,00000046194207056093","0,00000219159772639519","0,00000203451610324836","0,00000185320425626711","0,00000299735887586317"
"0,30764223651879546400","0,00000172581302510561","0,00000142902393690022","0,00000003282872412777","0,00000110313750470892","0,00000050208235728271","0,00000001260701027188","0,00000066494587828444","0,00000054270718949745","0,00000001241138388970","0,00000023584549597886","0,00000043309171261847","0,00000099350973949548","0,00000173077506589231","0,00000190924459445032","0,00000090885182789626","0,00000046422979561319","0,00000220227598313495","0,00000204297062191571","0,00000185953388888585","0,00000300933233207545"
"0,30964615915611010100","0,00000173258280555573","0,00000143481111723900","0,00000003290436210606","0,00000110731388613041","0,00000050459385781313","0,00000001263156522063","0,00000066534178156011","0,00000054520715572914","0,00000001239090132648","0,00000023648567631824","0,00000043517536655100","0,00000099779749805519","0,00000173734282696040","0,00000191839220904508","0,00000091335520547903","0,00000046650555097421","0,00000221291768346893","0,00000205147302132965","0,00000186585809183370","0,00000302128400509210"
"0,31165008179342468200","0,00000173941710209657","0,00000144059099371661","0,00000003297722104480","0,00000111147107601743","0,00000050710006150160","0,00000001265191905433","0,00000066573194124141","0,00000054770495573167","0,00000001237319398778","0,00000023713766929484","0,00000043727284368927","0,00000100209015554286","0,00000174391185391648","0,00000192750973713925","0,00000091782695703840","0,00000046876933664399","0,00000222352282739713","0,00000206002330149017","0,00000187217686511066","0,00000303321389491310"
"0,31365400443073931900","0,00000174631591472814","0,00000144636356633306","0,00000003304730094400","0,00000111560907436996","0,00000050960096834811","0,00000001266807177299","0,00000066611635732836","0,00000055020058950504","0,00000001235826187361","0,00000023780147490864","0,00000043938414403330","0,00000100638771195849","0,00000175048214676055","0,00000193659717873284","0,00000092226708257438","0,00000047102115262253","0,00000223409141491956","0,00000206862146239729","0,00000187849020871673","0,00000304512200153847"
"0,31565792706805395600","0,00000175327924345044","0,00000145212883508834","0,00000003311460180365","0,00000111972788118801","0,00000051209657835266","0,00000001268002337659","0,00000066649502982095","0,00000055269405704925","0,00000001234610498397","0,00000023847709315966","0,00000044150926758308","0,00000101069016730206","0,00000175705370549261","0,00000194565453382584","0,00000092667558208696","0,00000047326099890982","0,00000224462344603622","0,00000207726750405099","0,00000188479812265191","0,00000305700832496820"
"0,31766184970536859300","0,00000176030708826346","0,00000145788679998246","0,00000003317912362376","0,00000112382749647157","0,00000051458689151527","0,00000001268777386515","0,00000066686795871919","0,00000055518535836429","0,00000001233672331886","0,00000023916452404788","0,00000044364821433861","0,00000101499752157359","0,00000176362653011265","0,00000195468180241825","0,00000093105245557615","0,00000047548887550587","0,00000225511892074710","0,00000208596142645128","0,00000189110060691619","0,00000306887286520229"
"0,31966577234268323000","0,00000176739944916721","0,00000146363746101541","0,00000003324086640433","0,00000112790792022065","0,00000051707190783591","0,00000001269132323867","0,00000066723514402306","0,00000055767449345018","0,00000001233011687827","0,00000023986376757332","0,00000044580098429989","0,00000101930977477307","0,00000177020062062069","0,00000196367898451008","0,00000093539770304194","0,00000047770478241069","0,00000226557783905220","0,00000209470322959815","0,00000189739766150959","0,00000308071562224075"
"0,32166969497999786700","0,00000177455632616169","0,00000146938081818720","0,00000003329983014535","0,00000113196915243524","0,00000051955162731460","0,00000001269067149713","0,00000066759658573257","0,00000056016146230690","0,00000001232628566221","0,00000024057482373597","0,00000044796757746692","0,00000102362692690050","0,00000177677597701671","0,00000197264608010132","0,00000093971132448433","0,00000047990871962426","0,00000227600020095153","0,00000210349291349162","0,00000190368928643209","0,00000309253659608356"
"0,32367361761731250300","0,00000178177771924689","0,00000147511687149782","0,00000003335601484683","0,00000113601119311536","0,00000052202604995134","0,00000001268581864055","0,00000066795228384773","0,00000056264626493446","0,00000001232522967067","0,00000024129769253582","0,00000045014799383970","0,00000102794897795589","0,00000178335259930072","0,00000198158308919198","0,00000094399331990333","0,00000048210068714658","0,00000228638600644508","0,00000211233047813167","0,00000190997548168370","0,00000310433578673074"
"0,32567754025462714000","0,00000178906362842282","0,00000148084562094728","0,00000003340942050877","0,00000114003404226098","0,00000052449517574612","0,00000001267676466892","0,00000066830223836853","0,00000056512890133286","0,00000001232694890367","0,00000024203237397289","0,00000045234223341823","0,00000103227592793923","0,00000178993048747272","0,00000199049001178205","0,00000094824368929894","0,00000048428068497767","0,00000229673525553285","0,00000212121592351832","0,00000191625624726443","0,00000311611319418227"
"0,32768146289194172200","0,00000179641405368947","0,00000148656706653557","0,00000003346004713116","0,00000114403769987212","0,00000052695900469895","0,00000001266350958225","0,00000066864644929497","0,00000056760937150210","0,00000001233144336119","0,00000024277886804717","0,00000045455029620251","0,00000103660777685052","0,00000179650964153271","0,00000199936684787154","0,00000095246243267115","0,00000048644871311752","0,00000230704794821485","0,00000213014924965155","0,00000192253158317426","0,00000312786881843817"
"0,32968538552925635800","0,00000180382899504685","0,00000149228120826270","0,00000003350789471401","0,00000114802216594878","0,00000052941753680982","0,00000001264605338052","0,00000066898491662705","0,00000057008767544217","0,00000001233871304323","0,00000024353717475867","0,00000045677218219254","0,00000104094452468977","0,00000180309006148068","0,00000200821359746044","0,00000095664955001996","0,00000048860477156612","0,00000231732408449108","0,00000213913045653136","0,00000192880148941320","0,00000313960265949843"
"0,33168930816657099500","0,00000181130845249496","0,00000149798804612866","0,00000003355296325731","0,00000115198744049096","0,00000053187077207874","0,00000001262439606375","0,00000066931764036478","0,00000057256381315309","0,00000001234875794981","0,00000024430729410737","0,00000045900789138832","0,00000104528617145697","0,00000180967174731664","0,00000201703026054875","0,00000096080504134538","0,00000049074886032348","0,00000232756366436153","0,00000214815954415777","0,00000193506596598124","0,00000315131471736305"
"0,33369323080388563200","0,00000181885242603379","0,00000150368758013345","0,00000003359525276107","0,00000115593352349865","0,00000053431871050571","0,00000001259853763194","0,00000066964462050814","0,00000057503778463484","0,00000001236157808091","0,00000024508922609328","0,00000046125742378985","0,00000104963271715212","0,00000181625469904059","0,00000202581683713648","0,00000096492890664741","0,00000049288097938960","0,00000233776668782620","0,00000215723651253076","0,00000194132501287840","0,00000316300499203204"
"0,33569715344120026900","0,00000182646091566335","0,00000150937981027709","0,00000003363476322528","0,00000115986041497185","0,00000053676135209072","0,00000001256847808507","0,00000066996585705715","0,00000057750958988743","0,00000001237717343653","0,00000024588297071640","0,00000046352077939713","0,00000105398416177522","0,00000182283891665253","0,00000203457332722363","0,00000096902114592604","0,00000049500112876448","0,00000234793315488510","0,00000216636136165035","0,00000194757863010467","0,00000317467348350538"
"0,33770107607851490600","0,00000183413392138363","0,00000151506473655955","0,00000003367149464996","0,00000116376811491057","0,00000053919869683377","0,00000001253421742316","0,00000067028135001180","0,00000057997922891086","0,00000001239554401669","0,00000024668852797674","0,00000046579795821016","0,00000105834050532627","0,00000182942440015246","0,00000204329973081018","0,00000097308175918127","0,00000049710930844812","0,00000235806306553822","0,00000217553409151652","0,00000195382681766004","0,00000318632019178309"
"0,33970499871582954200","0,00000184187144319464","0,00000152074235898086","0,00000003370544703508","0,00000116765662331481","0,00000054163074473487","0,00000001249575564620","0,00000067059109937208","0,00000058244670170513","0,00000001241668982137","0,00000024750589787428","0,00000046808896022894","0,00000106270174780528","0,00000183601114954038","0,00000205199604789616","0,00000097711074641311","0,00000049920551844051","0,00000236815641978556","0,00000218475470212928","0,00000196006957554452","0,00000319794511686516"
"0,34170892135314412400","0,00000184967348109638","0,00000152641267754099","0,00000003373662038067","0,00000117152594018457","0,00000054405749579402","0,00000001245309275420","0,00000067089510513802","0,00000058491200827024","0,00000001244061085058","0,00000024833508040904","0,00000047039378545347","0,00000106706788921224","0,00000184259916481628","0,00000206066227848154","0,00000098110810762156","0,00000050128975874167","0,00000237821321762713","0,00000219402319348862","0,00000196630690375812","0,00000320954825875159"
"0,34371284399045876100","0,00000185754003508884","0,00000153207569223996","0,00000003376501468671","0,00000117537606551984","0,00000054647895001121","0,00000001240622874714","0,00000067119336730959","0,00000058737514860618","0,00000001246730710431","0,00000024917607558101","0,00000047271243388375","0,00000107143892954716","0,00000184918844598018","0,00000206929842256634","0,00000098507384280660","0,00000050336202935158","0,00000238823345906293","0,00000220333956559456","0,00000197253880230082","0,00000322112961744238"
"0,34571676662777339700","0,00000186547110517203","0,00000153773140307777","0,00000003379062995321","0,00000117920699932062","0,00000054889510738645","0,00000001235516362504","0,00000067148588588680","0,00000058983612271297","0,00000001249677858257","0,00000025002888339019","0,00000047504490551978","0,00000107581486881003","0,00000185577899303206","0,00000207790448015056","0,00000098900795196826","0,00000050542233027025","0,00000239821714409295","0,00000221270381844708","0,00000197876527117263","0,00000323268919293753"
"0,34772068926508803400","0,00000187346669134594","0,00000154337981005441","0,00000003381346618016","0,00000118301874158692","0,00000055130596791973","0,00000001229989738790","0,00000067177266086966","0,00000059229493059059","0,00000001252902528536","0,00000025089350383658","0,00000047739120036156","0,00000108019570700085","0,00000186237080597193","0,00000208648045123419","0,00000099291043510652","0,00000050747066149768","0,00000240816427271719","0,00000222211595204619","0,00000198498631037355","0,00000324422698523705"
"0,34972461190240267100","0,00000188152679361058","0,00000154902091316989","0,00000003383352336757","0,00000118681129231874","0,00000055371153161106","0,00000001224043003570","0,00000067205369225816","0,00000059475157223905","0,00000001256404721267","0,00000025176993692018","0,00000047975131840909","0,00000108458144411962","0,00000186896388479978","0,00000209502633581723","0,00000099678129222138","0,00000050950702303387","0,00000241807484493566","0,00000223157596639189","0,00000199120191990357","0,00000325574299434092"
"0,35172853453971730800","0,00000188962045231176","0,00000155465985259185","0,00000003385362722225","0,00000119059077780584","0,00000055611643333226","0,00000001218147820830","0,00000067233160163702","0,00000059720375767028","0,00000001259872136040","0,00000025264597508084","0,00000048210955192502","0,00000108896088713247","0,00000187554969315162","0,00000210355839311606","0,00000100064314451809","0,00000051154782892534","0,00000242796586458053","0,00000224104935502870","0,00000199740806856402","0,00000326724077085029"
"0,35373245717703194500","0,00000189771670779528","0,00000156030176848793","0,00000003387660345102","0,00000119436332433798","0,00000055852530795515","0,00000001212775854554","0,00000067260901059099","0,00000059964919689621","0,00000001262992472443","0,00000025350941075841","0,00000048445019317202","0,00000109332284300553","0,00000188211969466343","0,00000211209288234702","0,00000100451861320190","0,00000051360949321861","0,00000243785433548401","0,00000225050161150115","0,00000200360072515619","0,00000327872386536627"
"0,35573637981434658200","0,00000190581556006114","0,00000156594666085815","0,00000003390245205389","0,00000119812893191516","0,00000056093815547975","0,00000001207927104740","0,00000067288591912004","0,00000060208788991684","0,00000001265765730475","0,00000025436024395290","0,00000048677324215006","0,00000109766731173880","0,00000188867388933521","0,00000212062980351013","0,00000100840769827280","0,00000051569201591368","0,00000244774025764609","0,00000225993273580924","0,00000200977988968009","0,00000329019227788887"
"0,35774030245166116300","0,00000191391700910934","0,00000157159452970249","0,00000003393117303085","0,00000120188760053739","0,00000056335497590605","0,00000001203601571390","0,00000067316232722420","0,00000060451983673216","0,00000001268191910137","0,00000025519847466429","0,00000048907869885917","0,00000110199429333229","0,00000189521227716695","0,00000212916915660538","0,00000101231039973079","0,00000051779539701055","0,00000245762363106677","0,00000226934272795297","0,00000201594556213572","0,00000330164600841808"
"0,35974422508897580000","0,00000192202105493988","0,00000157724537502097","0,00000003396276638190","0,00000120563933020466","0,00000056577576923404","0,00000001199799254504","0,00000067343823490345","0,00000060694503734218","0,00000001270271011429","0,00000025602410289260","0,00000049136656329933","0,00000110630378778598","0,00000190173485815868","0,00000213771094163278","0,00000101622671757588","0,00000051991963650922","0,00000246750445574605","0,00000227873158793233","0,00000202209774252307","0,00000331308505695391"
"0,36174814772629043600","0,00000193012769755277","0,00000158289919681357","0,00000003399723210704","0,00000120938412091697","0,00000056820053546373","0,00000001196520154080","0,00000067371364215779","0,00000060936349174689","0,00000001272003034351","0,00000025683712863782","0,00000049363683547054","0,00000111059579509988","0,00000190824163231037","0,00000214625515859232","0,00000102015665180806","0,00000052206473440970","0,00000247738273168392","0,00000228809931574733","0,00000202823643084215","0,00000332450942349635"
"0,36375207036360507300","0,00000193823693694800","0,00000158855599508030","0,00000003403457020627","0,00000121312197267433","0,00000057062927459512","0,00000001193764270120","0,00000067398854898724","0,00000061177519994631","0,00000001273387978902","0,00000025763755189995","0,00000049588951537282","0,00000111487031527398","0,00000191473259962203","0,00000215480180748400","0,00000102410020242733","0,00000052423069071197","0,00000248725845888040","0,00000229744591139797","0,00000203436162709296","0,00000333591910804541"
"0,36575599300091971000","0,00000194634877312557","0,00000159421576982116","0,00000003407478067959","0,00000121685288547673","0,00000057306198662821","0,00000001191531602624","0,00000067426295539177","0,00000061418016194042","0,00000001274425845083","0,00000025842537267899","0,00000049812460300615","0,00000111912734830830","0,00000192120776009366","0,00000216335088830782","0,00000102805736943369","0,00000052641750541605","0,00000249713163733547","0,00000230677137488424","0,00000204047333127550","0,00000334731411060108"
"0,36775991563823434700","0,00000195446320608548","0,00000159987852103615","0,00000003411786352700","0,00000122057685932417","0,00000057549867156299","0,00000001189822151591","0,00000067453686137141","0,00000061657837772923","0,00000001275116632894","0,00000025920059097494","0,00000050034209837054","0,00000112336689420283","0,00000192766711372527","0,00000217190240106379","0,00000103202815282715","0,00000052862517852193","0,00000250700226704915","0,00000231607570620616","0,00000204657154338976","0,00000335869443116337"
"0,36976383827554898400","0,00000196258023582774","0,00000160554424872527","0,00000003416381874851","0,00000122429389421666","0,00000057793932939948","0,00000001188635917021","0,00000067481026692614","0,00000061896984731273","0,00000001275460342335","0,00000025996320678780","0,00000050254200146598","0,00000112758895295756","0,00000193411066051684","0,00000218045634575190","0,00000103601255260771","0,00000053085371002961","0,00000251687034802142","0,00000232535890536371","0,00000205265626343575","0,00000337006006973228"
"0,37176776091286356500","0,00000197069986235234","0,00000161121295288851","0,00000003421264634411","0,00000122800399015419","0,00000058038396013766","0,00000001187972898914","0,00000067508317205596","0,00000062135457069094","0,00000001275456973406","0,00000026071322011758","0,00000050472431229248","0,00000113179352457251","0,00000194053840046839","0,00000218901272237215","0,00000104001056877536","0,00000053310309993909","0,00000252673588025230","0,00000233462097235690","0,00000205872749141347","0,00000338141102630780"
"0,37377168355017820200","0,00000197882208565928","0,00000161688463352589","0,00000003426434631379","0,00000123170714713676","0,00000058283256377754","0,00000001187833097271","0,00000067535557676088","0,00000062373254786384","0,00000001275106526106","0,00000026145063096427","0,00000050688903085004","0,00000113598060904766","0,00000194695033357990","0,00000219757153092455","0,00000104402220133010","0,00000053537334825037","0,00000253659886374177","0,00000234386190718572","0,00000206478522732291","0,00000339274730088994"
"0,37577560618749283900","0,00000198694690574856","0,00000162255929063739","0,00000003431891865757","0,00000123540336516438","0,00000058528514031912","0,00000001188216512092","0,00000067562748104090","0,00000062610377883144","0,00000001274409000436","0,00000026217543932786","0,00000050903615713865","0,00000114015020638303","0,00000195334645985139","0,00000220613277140909","0,00000104804745027193","0,00000053766445496346","0,00000254645929848984","0,00000235308170985019","0,00000207082947116408","0,00000340406889347869"
"0,37777952882480747600","0,00000199507432262019","0,00000162823692422302","0,00000003437636337544","0,00000123909264423704","0,00000058774168976240","0,00000001189123143375","0,00000067589888489601","0,00000062846826359373","0,00000001273364396396","0,00000026288764520837","0,00000051116569115832","0,00000114430231657860","0,00000195972677928285","0,00000221469644382577","0,00000105208631560086","0,00000053997642007835","0,00000255631718449652","0,00000236228038035029","0,00000207686022293698","0,00000341537580407406"
"0,37978345146212211200","0,00000200320433627415","0,00000163391753428278","0,00000003443668046741","0,00000124277498435474","0,00000059020221210738","0,00000001190552991122","0,00000067616978832622","0,00000063082600215072","0,00000001271972713986","0,00000026358724860579","0,00000051327763290905","0,00000114843693963438","0,00000196609129187428","0,00000222326254817460","0,00000105613879731688","0,00000054230924359503","0,00000256617252176179","0,00000237145791868603","0,00000208287748264161","0,00000342666803267604"
"0,38178737409943674900","0,00000201133694671046","0,00000163960112081667","0,00000003449986993346","0,00000124645038551749","0,00000059266670735405","0,00000001192506055333","0,00000067644019133153","0,00000063317699450242","0,00000001270233953206","0,00000026427424952013","0,00000051537198239083","0,00000115255407555037","0,00000197243999762568","0,00000223183108445557","0,00000106020489541999","0,00000054466292551352","0,00000257602531028566","0,00000238061432485741","0,00000208888125027796","0,00000343794557928464"
"0,38379129673675138600","0,00000201947215392912","0,00000164528768382469","0,00000003456593177361","0,00000125011884772528","0,00000059513517550242","0,00000001194982336007","0,00000067671009391193","0,00000063552124064880","0,00000001268148114055","0,00000026494864795137","0,00000051744873960367","0,00000115665372432657","0,00000197877289653705","0,00000224040205266868","0,00000106428460991020","0,00000054703746583381","0,00000258587555006813","0,00000238974959886442","0,00000209487152584604","0,00000344920844389985"
"0,38579521937406602300","0,00000202760995793011","0,00000165097722330684","0,00000003463486598784","0,00000125378037097811","0,00000059760761655249","0,00000001197981833144","0,00000067697949606743","0,00000063785874058989","0,00000001265715196534","0,00000026561044389952","0,00000051950790454757","0,00000116073588596298","0,00000198508998860839","0,00000224897545281394","0,00000106837794078750","0,00000054943286455590","0,00000259572324110920","0,00000239886374070707","0,00000210084830934585","0,00000346045662652169"
"0,38779914201138060400","0,00000203575035871345","0,00000165666973926311","0,00000003470667257617","0,00000125743495527599","0,00000060008403050426","0,00000001201504546744","0,00000067724839779802","0,00000064018949432567","0,00000001262935200643","0,00000026625963736459","0,00000052154947722252","0,00000116480056045960","0,00000199139127383970","0,00000225755128489134","0,00000107248488805189","0,00000055184912167980","0,00000260556838340887","0,00000240795675038536","0,00000210681160077738","0,00000347169012715013"
"0,38980306464869524100","0,00000204389335627913","0,00000166236523169352","0,00000003478135153859","0,00000126108260061891","0,00000060256441735773","0,00000001205550476808","0,00000067751679910371","0,00000064251350185615","0,00000001259808126382","0,00000026689622834657","0,00000052357345762853","0,00000116884774781642","0,00000199767675223099","0,00000226612954890088","0,00000107660545170338","0,00000055428623720549","0,00000261541097696714","0,00000241702862789929","0,00000211276140014065","0,00000348290894578519"
"0,39180698728600987800","0,00000205203895062715","0,00000166806370059805","0,00000003485890287510","0,00000126472330700687","0,00000060504877711290","0,00000001210119623335","0,00000067778469998449","0,00000064483076318133","0,00000001256333973750","0,00000026752021684546","0,00000052557984576559","0,00000117287744803346","0,00000200394642378224","0,00000227471024484256","0,00000108073963174196","0,00000055674421113299","0,00000262525102178401","0,00000242607937324886","0,00000211869770743564","0,00000349411308242687"
"0,39381090992332451500","0,00000206018714175751","0,00000167376514597671","0,00000003493932658571","0,00000126835707443988","0,00000060753710976976","0,00000001215211986326","0,00000067805210044037","0,00000064714127830120","0,00000001252512742749","0,00000026813160286126","0,00000052756864163372","0,00000117688966111071","0,00000201020028849347","0,00000228329337271639","0,00000108488742816764","0,00000055922304346229","0,00000263508851785948","0,00000243510898643406","0,00000212462052266235","0,00000350530253707517"
"0,39581483256063915100","0,00000206833792967022","0,00000167946956782950","0,00000003502262267040","0,00000127198390291793","0,00000061002941532833","0,00000001220827565780","0,00000067831900047135","0,00000064944504721577","0,00000001248344433377","0,00000026873038639397","0,00000052953984523290","0,00000118088438704816","0,00000201643834636466","0,00000229187893252236","0,00000108904884098041","0,00000056172273419338","0,00000264492346519355","0,00000244411746745490","0,00000213052984582080","0,00000351647730973007"
"0,39781875519795378800","0,00000207649131436526","0,00000168517696615642","0,00000003510879112919","0,00000127560379244102","0,00000061252569378859","0,00000001226966361697","0,00000067858540007742","0,00000065174206992504","0,00000001243829045635","0,00000026931656744359","0,00000053149345656313","0,00000118486162584583","0,00000202266059739583","0,00000230046692426048","0,00000109322387018027","0,00000056424328332629","0,00000265475586378622","0,00000245310481631138","0,00000213642567691097","0,00000352763740039160"
"0,39982267783526842500","0,00000208464729584265","0,00000169088734095747","0,00000003519783196206","0,00000127921674300916","0,00000061502594515055","0,00000001233628374078","0,00000067885129925859","0,00000065403234642901","0,00000001238966579522","0,00000026989014601013","0,00000053342947562442","0,00000118882137750370","0,00000202886704158697","0,00000230905734793074","0,00000109741251576722","0,00000056678469086099","0,00000266458571363749","0,00000246207103300350","0,00000214230801593287","0,00000353878280905974"
"0,40182660047258300600","0,00000209278977550832","0,00000169659465818446","0,00000003528640147911","0,00000128284796094713","0,00000061753576458217","0,00000001240214614486","0,00000067911347641806","0,00000065631757721887","0,00000001234134192804","0,00000027046154905424","0,00000053536604389983","0,00000119277354852752","0,00000203505807039788","0,00000231764251812686","0,00000110159949066186","0,00000056932471988675","0,00000267439558904309","0,00000247102413018197","0,00000214819427752079","0,00000354990565507753"
"0,40383052310989764300","0,00000210090265476821","0,00000170229288378918","0,00000003537115599042","0,00000128652265257972","0,00000062006074725143","0,00000001246126094485","0,00000067936870995903","0,00000065859946278583","0,00000001229709043242","0,00000027104120353657","0,00000053732130287241","0,00000119672804542305","0,00000204123407528837","0,00000232621474944258","0,00000110576950778476","0,00000057184113349284","0,00000268416806429877","0,00000247997212049750","0,00000215410187630905","0,00000356099805778799"
"0,40583444574721228000","0,00000210898593362231","0,00000170798201777166","0,00000003545209549598","0,00000129024081790693","0,00000062260089315833","0,00000001251362814077","0,00000067961699988151","0,00000066087800312988","0,00000001225691130837","0,00000027162910945714","0,00000053929525254217","0,00000120068486819027","0,00000204739505625843","0,00000233477404187788","0,00000110992256713593","0,00000057433393167926","0,00000269390313940452","0,00000248891500395011","0,00000216003081229764","0,00000357206001719113"
"0,40783836838452691700","0,00000211703961207063","0,00000171366206013187","0,00000003552921999579","0,00000129400245692877","0,00000062515620230285","0,00000001255924773259","0,00000067985834618550","0,00000066315319825102","0,00000001222080455589","0,00000027222526681594","0,00000054128789290910","0,00000120464401682918","0,00000205354101330807","0,00000234332039543278","0,00000111405866871536","0,00000057680311444600","0,00000270360081436035","0,00000249785278053978","0,00000216598108548655","0,00000358309153328695"
"0,40984229102184155400","0,00000212506369011316","0,00000171933301086983","0,00000003560252948986","0,00000129780756964522","0,00000062772667468501","0,00000001259811972033","0,00000068009274887099","0,00000066542504814925","0,00000001218877017499","0,00000027282967561297","0,00000054329922397320","0,00000120860549133980","0,00000205967194643728","0,00000235185381010726","0,00000111817781252305","0,00000057924868179307","0,00000271326108916624","0,00000250678545026652","0,00000217195269587580","0,00000359409260607545"
"0,41184621365915619100","0,00000213305816774991","0,00000172499486998553","0,00000003567202397819","0,00000130165615605630","0,00000063031231030481","0,00000001263024410398","0,00000068032020793798","0,00000066769355282458","0,00000001216080816566","0,00000027344233584823","0,00000054532924573447","0,00000121256929172210","0,00000206578785564608","0,00000236037428590134","0,00000112227999855902","0,00000058167063372046","0,00000272288396382222","0,00000251571301313032","0,00000217794564346538","0,00000360506323555663"
"0,41385013629647082700","0,00000214102304498088","0,00000173064763747898","0,00000003573770346077","0,00000130554821616201","0,00000063291310916224","0,00000001265562088355","0,00000068054072338648","0,00000066995871227700","0,00000001213691852789","0,00000027406324752172","0,00000054737795819292","0,00000121653541797611","0,00000207188874093444","0,00000236888182281500","0,00000112636522682324","0,00000058406897022817","0,00000273246943832826","0,00000252463546913120","0,00000218395992825529","0,00000361600342173048"
"0,41585405893378546400","0,00000214895832180606","0,00000173629131335017","0,00000003579956793760","0,00000130948374996233","0,00000063552907125730","0,00000001267425005904","0,00000068075429521649","0,00000067222052650651","0,00000001211710126170","0,00000027469241063345","0,00000054944536134855","0,00000122050387010181","0,00000207797460230239","0,00000237737642084826","0,00000113043349731574","0,00000058644369131622","0,00000274201751268438","0,00000253355281826914","0,00000218999555024552","0,00000362691316459701"
"0,41785798157110004600","0,00000215686399822545","0,00000174192589759911","0,00000003585761740869","0,00000131346275745728","0,00000063816019658999","0,00000001268613163044","0,00000068096092342800","0,00000067447899551312","0,00000001210135636708","0,00000027532982518340","0,00000055153145520134","0,00000122447464809921","0,00000208404543974990","0,00000238585808000110","0,00000113448481003650","0,00000058879479698458","0,00000275152818689058","0,00000254246506054415","0,00000219605250943609","0,00000363779246415622"
"0,41986190420841468200","0,00000216474007423907","0,00000174755139022578","0,00000003591185187404","0,00000131748523864685","0,00000064080648516032","0,00000001269126559775","0,00000068116060802102","0,00000067673411929682","0,00000001208968384403","0,00000027597549117159","0,00000055363623975131","0,00000122844775196831","0,00000209010125327700","0,00000239432680027354","0,00000113851916498552","0,00000059112228723327","0,00000276100146094684","0,00000255137219595623","0,00000220213080582699","0,00000364864132040811"
"0,42186582684572931900","0,00000217258654984689","0,00000175316779123021","0,00000003596227133364","0,00000132155119353104","0,00000064346793696829","0,00000001268965196098","0,00000068135334899554","0,00000067898589785761","0,00000001208208369255","0,00000027662940859800","0,00000055575971499845","0,00000123242318170910","0,00000209614204288367","0,00000240278258166557","0,00000114253656216281","0,00000059342616206229","0,00000277043733485318","0,00000256027422450537","0,00000220823043941821","0,00000365945973335267"
"0,42386974948304395600","0,00000218040342504894","0,00000175877510061237","0,00000003600887578749","0,00000132566062210985","0,00000064614455201388","0,00000001268129072012","0,00000068153914635157","0,00000068123433119549","0,00000001207855591264","0,00000027729157746265","0,00000055790188094277","0,00000123640093732159","0,00000210216780856992","0,00000241122542417718","0,00000114653700156837","0,00000059570642147164","0,00000277983580860960","0,00000256917114619158","0,00000221435141020977","0,00000367024770298991"
"0,42587367212035859300","0,00000218819069984520","0,00000176437331837228","0,00000003605166523560","0,00000132981352438329","0,00000064883633029712","0,00000001266618187518","0,00000068171800008910","0,00000068347941931047","0,00000001207910050430","0,00000027796199776553","0,00000056006273758426","0,00000124038101880578","0,00000210817855033574","0,00000241965532780839","0,00000115052048320219","0,00000059796306546130","0,00000278919688221609","0,00000257806296101486","0,00000222049371820166","0,00000368100522931983"
"0,42787759475767323000","0,00000219594837423568","0,00000176996244450994","0,00000003609063967797","0,00000133400990035135","0,00000065154327181798","0,00000001264432542615","0,00000068188991020814","0,00000068572116220254","0,00000001208371746753","0,00000027864066950664","0,00000056224228492293","0,00000124436342616166","0,00000211417426818114","0,00000242807229255919","0,00000115448700706427","0,00000060019609403130","0,00000279852055567265","0,00000258694966897521","0,00000222665736339387","0,00000369173231234243"
"0,42988151739498786600","0,00000220367644822037","0,00000177554247902533","0,00000003612579911459","0,00000133824975001403","0,00000065426537657648","0,00000001261572137304","0,00000068205487670868","0,00000068795955987171","0,00000001209240680234","0,00000027932759268598","0,00000056444052295876","0,00000124834815938924","0,00000212015496210611","0,00000243647631842957","0,00000115843657315462","0,00000060240550718162","0,00000280780682897928","0,00000259583127007263","0,00000223284234578642","0,00000370242895205770"
"0,43188544003230244800","0,00000221137492179928","0,00000178111342191847","0,00000003615714354546","0,00000134253307337133","0,00000065700264457261","0,00000001258036971584","0,00000068221289959073","0,00000069019461231796","0,00000001210516850871","0,00000028002276730356","0,00000056665745169177","0,00000125233521848851","0,00000212612063211066","0,00000244486740541955","0,00000116236918147324","0,00000060459130491226","0,00000281705570213599","0,00000260470776430711","0,00000223904866537930","0,00000371309514846566"
"0,43388936266961708500","0,00000221904379497240","0,00000178667527318936","0,00000003618467297059","0,00000134685987042326","0,00000065975507580638","0,00000001253827045455","0,00000068236397885428","0,00000069242631954131","0,00000001212200258666","0,00000028072619335936","0,00000056889307112196","0,00000125632460345949","0,00000213207127819479","0,00000245324555352912","0,00000116628483202013","0,00000060675348722323","0,00000282626717514277","0,00000261357915167866","0,00000224527632217251","0,00000372373090156629"
"0,43589328530693172100","0,00000222668306773974","0,00000179222803283799","0,00000003620838738998","0,00000135123014116981","0,00000066252267027778","0,00000001248942358919","0,00000068250811449934","0,00000069465468154176","0,00000001214290903618","0,00000028143787085339","0,00000057114738124932","0,00000126031631430216","0,00000213800690035849","0,00000246161076275827","0,00000117018352479527","0,00000060889205411452","0,00000283544124799963","0,00000262244543218728","0,00000225152531616604","0,00000373433621135960"
"0,43789720794424635800","0,00000223429274010130","0,00000179777170086436","0,00000003622828680362","0,00000135564388561098","0,00000066530542798681","0,00000001243382911973","0,00000068264530652591","0,00000069687969831929","0,00000001216788785726","0,00000028215779978566","0,00000057342038207385","0,00000126431035101652","0,00000214392749860177","0,00000246996303310702","0,00000117406525979869","0,00000061100700558614","0,00000284457792070656","0,00000263130660583296","0,00000225779564735991","0,00000374491107784558"
"0,43990113058156099500","0,00000224187281205707","0,00000180330627726847","0,00000003624437121152","0,00000136010110374677","0,00000066810334893348","0,00000001237148704619","0,00000068277555493398","0,00000069910136987392","0,00000001219693904992","0,00000028288598015616","0,00000057571207359555","0,00000126830671360258","0,00000214983307292462","0,00000247830236457536","0,00000117793003703037","0,00000061309834163809","0,00000285367719326356","0,00000264016267261572","0,00000226408731575411","0,00000375545550102425"
"0,44190505321887563200","0,00000224942328360706","0,00000180883176205033","0,00000003625664061367","0,00000136460179557718","0,00000067091643311778","0,00000001230239736857","0,00000068289885972355","0,00000070131969620565","0,00000001223006261415","0,00000028362241196488","0,00000057802245581443","0,00000127230540206034","0,00000215572362332705","0,00000248662875716329","0,00000118177785649031","0,00000061516606227036","0,00000286273906567064","0,00000264901363253554","0,00000227040032134863","0,00000376596948089559"
"0,44390897585619026900","0,00000225694415475126","0,00000181434815520994","0,00000003626509501007","0,00000136914596110222","0,00000067374468053972","0,00000001222656008686","0,00000068301522089463","0,00000070353467731446","0,00000001226725854995","0,00000028436709521184","0,00000058035152873049","0,00000127630641638980","0,00000216159914980906","0,00000249494221087081","0,00000118560871817852","0,00000061721016748295","0,00000287176353792779","0,00000265785948559243","0,00000227673466414349","0,00000377645301745961"
"0,44591289849350490600","0,00000226443542548968","0,00000181985545674728","0,00000003626973440073","0,00000137373360032188","0,00000067658809119928","0,00000001214397520106","0,00000068312463844722","0,00000070574631320037","0,00000001230852685732","0,00000028512002989703","0,00000058269929234371","0,00000128030975659095","0,00000216745965237064","0,00000250324272569791","0,00000118942262209500","0,00000061923065727587","0,00000288075061003501","0,00000266670023178638","0,00000228309034413868","0,00000378690611071630"
"0,44791682113081948700","0,00000227189709582232","0,00000182535366666238","0,00000003627055878565","0,00000137836471323616","0,00000067944666509649","0,00000001205464271118","0,00000068322711238131","0,00000070795460386337","0,00000001235386753627","0,00000028588121602045","0,00000058506574665411","0,00000128431542266380","0,00000217330513101180","0,00000251153030164461","0,00000119321956823974","0,00000062122753164912","0,00000288970028199231","0,00000267553587111741","0,00000228946736133420","0,00000379732876066568"
"0,44992074376813412400","0,00000227932916574917","0,00000183084278495521","0,00000003626756816482","0,00000138303929984506","0,00000068232040223132","0,00000001195856261721","0,00000068332264269691","0,00000071015954930347","0,00000001240328058678","0,00000028665065358211","0,00000058745089166168","0,00000128832341460834","0,00000217913558573253","0,00000251980493871090","0,00000119699955661275","0,00000062320079060269","0,00000289861255379968","0,00000268436640358550","0,00000229586571573004","0,00000380772096730773"
"0,45192466640544876000","0,00000228675004653003","0,00000183631214773185","0,00000003626152557915","0,00000138773169245766","0,00000068520442416694","0,00000001186397683517","0,00000068341383534067","0,00000071235432994912","0,00000001245129802451","0,00000028741930806984","0,00000058982516858884","0,00000129232136808138","0,00000218496919548076","0,00000252807042307819","0,00000120077840978705","0,00000062517182280071","0,00000290750231171924","0,00000269318603740016","0,00000230227148834897","0,00000381811863415930"
"0,45392858904276339700","0,00000229417814942470","0,00000184175109109838","0,00000003625319406954","0,00000139241622338301","0,00000068809385246648","0,00000001177912728107","0,00000068350329625925","0,00000071453212622880","0,00000001249245186511","0,00000028817814497151","0,00000059215901865800","0,00000129629691873969","0,00000219082413920442","0,00000253633054092790","0,00000120457195033567","0,00000062716201690731","0,00000291638444201309","0,00000270198898077090","0,00000230867076021372","0,00000382855766473723"
"0,45593251168007803400","0,00000230161347443317","0,00000184715961505477","0,00000003624257363600","0,00000139709289262113","0,00000069098868712994","0,00000001170401395490","0,00000068359102545266","0,00000071669293814251","0,00000001252674210857","0,00000028892716428711","0,00000059445244186916","0,00000130025006658329","0,00000219670041690349","0,00000254458529226002","0,00000120838017825861","0,00000062917137292249","0,00000292525894468124","0,00000271077523369771","0,00000231506353132429","0,00000383903805904151"
"0,45793643431739267100","0,00000230905602155544","0,00000185253771960105","0,00000003622966427852","0,00000140176170017201","0,00000069388892815733","0,00000001163863685666","0,00000068367702292089","0,00000071883676569025","0,00000001255416875489","0,00000028966636601664","0,00000059670543822231","0,00000130418081161217","0,00000220259802857798","0,00000255283467707455","0,00000121220309355588","0,00000063119989084625","0,00000293412581972369","0,00000271954479618060","0,00000232144980168069","0,00000384955981707215"
"0,45994035695470730800","0,00000231650579079153","0,00000185788540473720","0,00000003621446599711","0,00000140642264603565","0,00000069679457554865","0,00000001158299598636","0,00000068376128866395","0,00000072096360887202","0,00000001257473180408","0,00000029039575016011","0,00000059891800771747","0,00000130808915382633","0,00000220851697422790","0,00000256107869537150","0,00000121604069622747","0,00000063324757067859","0,00000294298506714043","0,00000272829766821956","0,00000232782957128292","0,00000386012293882916"
"0,46194427959202194500","0,00000232396278214141","0,00000186320267046322","0,00000003619697879176","0,00000141107573021205","0,00000069970562930389","0,00000001153709134400","0,00000068384382268183","0,00000072307346768781","0,00000001258843125614","0,00000029111531671751","0,00000060109015035462","0,00000131197509322577","0,00000221445725385324","0,00000256931734715086","0,00000121989298627338","0,00000063531441241951","0,00000295183668693147","0,00000273703384981460","0,00000233420284013097","0,00000387072742431251"
"0,46394820222933652600","0,00000233142699560510","0,00000186848951677913","0,00000003617720266248","0,00000141572095270121","0,00000070262208942305","0,00000001150092292957","0,00000068392462497453","0,00000072516634213764","0,00000001259526711106","0,00000029182506568885","0,00000060322186613377","0,00000131583862981049","0,00000222041886745399","0,00000257755063241264","0,00000122375996369361","0,00000063740041606901","0,00000296068067909681","0,00000274575334096571","0,00000234056960822485","0,00000388137327352223"
"0,46595212486665116300","0,00000233889843118260","0,00000187374594368491","0,00000003615513760926","0,00000142035831350314","0,00000070554395590614","0,00000001147449074307","0,00000068400369554206","0,00000072724223222149","0,00000001259523936885","0,00000029252499707411","0,00000060531315505492","0,00000131967976358049","0,00000222640181503017","0,00000258577855115683","0,00000122764162848816","0,00000063950558162708","0,00000296951704363644","0,00000275445614167290","0,00000234692987556455","0,00000389206048645831"
"0,46795604750396580000","0,00000234637708887390","0,00000187897195118056","0,00000003613078363211","0,00000142498781261782","0,00000070847122875315","0,00000001145779478451","0,00000068408103438441","0,00000072930113793937","0,00000001258834802950","0,00000029321511087332","0,00000060736401711807","0,00000132349849453577","0,00000223240609658177","0,00000259400110338344","0,00000123153798065703","0,00000064162990909374","0,00000297834578055037","0,00000276314225193616","0,00000235328364215008","0,00000390278906312074"
"0,46995997014128043600","0,00000235386296867901","0,00000188416753926610","0,00000003610414073102","0,00000142960945004527","0,00000071140390796409","0,00000001145083505389","0,00000068415664150159","0,00000073134305929128","0,00000001257459309301","0,00000029389540708645","0,00000060937445232321","0,00000132729482267634","0,00000223843171210879","0,00000260221828909246","0,00000123544902020023","0,00000064377339846897","0,00000298716688983860","0,00000277181167175550","0,00000235963090798143","0,00000391355900350953"
"0,47196389277859507300","0,00000236135607059792","0,00000188933270794150","0,00000003607520890599","0,00000143422322578548","0,00000071434199353895","0,00000001145361155120","0,00000068423051689359","0,00000073336799627721","0,00000001255397455939","0,00000029456588571352","0,00000061134446067036","0,00000133106874800218","0,00000224447866161123","0,00000261043010828389","0,00000123937474711774","0,00000064593604975279","0,00000299598037150112","0,00000278046440113091","0,00000236597167305861","0,00000392437030762468"
"0,47396781541590971000","0,00000236885639463063","0,00000189446745720679","0,00000003604398815703","0,00000143882913983845","0,00000071728548547774","0,00000001146612427645","0,00000068430266056041","0,00000073537594889717","0,00000001252649242864","0,00000029522654675452","0,00000061327404215950","0,00000133482027051331","0,00000225054694508909","0,00000261863656095774","0,00000124331516140958","0,00000064811786294518","0,00000300478622553794","0,00000278910044006240","0,00000237230593738161","0,00000393522297546619"
"0,47597173805322434700","0,00000237636394077715","0,00000189957178706195","0,00000003601047848414","0,00000144342719220418","0,00000072023438378045","0,00000001148837322963","0,00000068437307250206","0,00000073736691715117","0,00000001249214670075","0,00000029587739020946","0,00000061516319679065","0,00000133854939020971","0,00000225663656254238","0,00000262683764711401","0,00000124727026307574","0,00000065031883804615","0,00000301358445194906","0,00000279771978854996","0,00000237863370095044","0,00000394611700703405"
"0,47797566069053892800","0,00000238387870903748","0,00000190464569750699","0,00000003597467988730","0,00000144801738288267","0,00000072318868844709","0,00000001152035841075","0,00000068444175271853","0,00000073934090103919","0,00000001245093737572","0,00000029651841607832","0,00000061701192456379","0,00000134225610709140","0,00000226274751397108","0,00000263503336675268","0,00000125124005211622","0,00000065253897505570","0,00000302237505073448","0,00000280632244659360","0,00000238495496376509","0,00000395705240232827"
"0,47997958332785356500","0,00000239140069941161","0,00000190968918854191","0,00000003593659236654","0,00000145259971187392","0,00000072614839947765","0,00000001156207981980","0,00000068450870120982","0,00000074129790056123","0,00000001240286445356","0,00000029714962436113","0,00000061882022547893","0,00000134594042115837","0,00000226887979937521","0,00000264322371987378","0,00000125522452853103","0,00000065477827397383","0,00000303115802189419","0,00000281490841419331","0,00000239126972582557","0,00000396802916134885"
"0,48198350596516820200","0,00000239892991189954","0,00000191470226016670","0,00000003589621592183","0,00000145717417917794","0,00000072911351687214","0,00000001161353745679","0,00000068457391797594","0,00000074323791571731","0,00000001234792793427","0,00000029777101505786","0,00000062058809953606","0,00000134960233241062","0,00000227503341875475","0,00000265140870647728","0,00000125922369232015","0,00000065703673480054","0,00000303993336542819","0,00000282347769134910","0,00000239757798713188","0,00000397904728409579"
"0,48398742860248283900","0,00000240646634650128","0,00000191968491238136","0,00000003585355055319","0,00000146174078479471","0,00000073208404063055","0,00000001167473132171","0,00000068463740301688","0,00000074516094650741","0,00000001228612781784","0,00000029838258816853","0,00000062231554673520","0,00000135324184084815","0,00000228120837210972","0,00000265958832656320","0,00000126323754348360","0,00000065931435753582","0,00000304870108133650","0,00000283203027806096","0,00000240387974768401","0,00000399010677056909"
"0,48599135123979747500","0,00000241401000321682","0,00000192463714518591","0,00000003580859626062","0,00000146629952872425","0,00000073505997075288","0,00000001174566141457","0,00000068469915633265","0,00000074706699293154","0,00000001221746410427","0,00000029898434369313","0,00000062400256707634","0,00000135685894647096","0,00000228740465944011","0,00000266776258013154","0,00000126726608202136","0,00000066161114217969","0,00000305746116961910","0,00000284056617432890","0,00000241017500748196","0,00000400120762076874"
"0,48799527387711211200","0,00000242156088204617","0,00000192955895858033","0,00000003576135304411","0,00000147085041096655","0,00000073804130723914","0,00000001182632773536","0,00000068475917792324","0,00000074895605498970","0,00000001214193679357","0,00000029957628163167","0,00000062564916055947","0,00000136045364927905","0,00000229362228074591","0,00000267593146718229","0,00000127130930793345","0,00000066392708873213","0,00000306621363027600","0,00000284908538015291","0,00000241646376652574","0,00000401234983469475"
"0,48999919651442674900","0,00000242911898298933","0,00000193445035256463","0,00000003571182090367","0,00000147539343152161","0,00000074102805008933","0,00000001191673028409","0,00000068481746778865","0,00000075082813268189","0,00000001205954588573","0,00000030015840198413","0,00000062725532718460","0,00000136402594927243","0,00000229986123602714","0,00000268409498771545","0,00000127536722121986","0,00000066626219719316","0,00000307495846330719","0,00000285758789553300","0,00000242274602481535","0,00000402353341234712"
"0,49200311915174138600","0,00000243668430604629","0,00000193931132713880","0,00000003565999983929","0,00000147992859038943","0,00000074402019930344","0,00000001201686906075","0,00000068487402592889","0,00000075268322600811","0,00000001197029138076","0,00000030073070475054","0,00000062882106695174","0,00000136757584645108","0,00000230612152528379","0,00000269225314173103","0,00000127943982188060","0,00000066861646756276","0,00000308369566871268","0,00000286607372046917","0,00000242902178235078","0,00000403475835372585"
"0,49400704178905596700","0,00000244425685121705","0,00000194414188230285","0,00000003560588985097","0,00000148445588757001","0,00000074701775488147","0,00000001212674406535","0,00000068492885234395","0,00000075452133496835","0,00000001187417327866","0,00000030129318993087","0,00000063034637986087","0,00000137110334081502","0,00000231240314851586","0,00000270040592922903","0,00000128352710991565","0,00000067098989984094","0,00000309242524649247","0,00000287454285496140","0,00000243529103913203","0,00000404602465883094"
"0,49601096442637060400","0,00000245183661850162","0,00000194894201805677","0,00000003554949093872","0,00000148897532306335","0,00000075002071682343","0,00000001224635529789","0,00000068498194703384","0,00000075634245956262","0,00000001177119157942","0,00000030184585752514","0,00000063183126591200","0,00000137460843236424","0,00000231870610572336","0,00000270855335020943","0,00000128762908532503","0,00000067338249402770","0,00000310114719664655","0,00000288299529900972","0,00000244155379515912","0,00000405733232766238"
"0,49801488706368524100","0,00000245942360789999","0,00000195371173440058","0,00000003549080310253","0,00000149348689686946","0,00000075302908512932","0,00000001237570275836","0,00000068503330999854","0,00000075814659979092","0,00000001166134628304","0,00000030238870753334","0,00000063327572510512","0,00000137809112109873","0,00000232503039690627","0,00000271669540467226","0,00000129174574810872","0,00000067579425012304","0,00000310986151917494","0,00000289143105261410","0,00000244781005043202","0,00000406868136022018"
"0,50001880970099987800","0,00000246701781941217","0,00000195845103133426","0,00000003542982634241","0,00000149799060898832","0,00000075604285979913","0,00000001251478644676","0,00000068508294123808","0,00000075993375565325","0,00000001154463738953","0,00000030292173995548","0,00000063467975744025","0,00000138155140701851","0,00000233137602206460","0,00000272483209261749","0,00000129587709826674","0,00000067822516812696","0,00000311856821407761","0,00000289985011577457","0,00000245405980495076","0,00000408007175650434"
